solid OpenSCAD_Model
  facet normal 0.499991 -0.866031 0
    outer loop
      vertex 90.6455 14 0
      vertex 91.25 14.349 3
      vertex 90.6455 14 3
    endloop
  endfacet
  facet normal 0.499991 -0.866031 0
    outer loop
      vertex 91.25 14.349 3
      vertex 90.6455 14 0
      vertex 91.25 14.349 0
    endloop
  endfacet
  facet normal -0.499991 -0.866031 0
    outer loop
      vertex 91.25 14.349 0
      vertex 91.8545 14 3
      vertex 91.25 14.349 3
    endloop
  endfacet
  facet normal -0.499991 -0.866031 -0
    outer loop
      vertex 91.8545 14 3
      vertex 91.25 14.349 0
      vertex 91.8545 14 0
    endloop
  endfacet
  facet normal 0.500301 -0.865851 0
    outer loop
      vertex 101.146 14 0
      vertex 101.75 14.349 3
      vertex 101.146 14 3
    endloop
  endfacet
  facet normal 0.500301 -0.865851 0
    outer loop
      vertex 101.75 14.349 3
      vertex 101.146 14 0
      vertex 101.75 14.349 0
    endloop
  endfacet
  facet normal -0.500301 -0.865851 0
    outer loop
      vertex 101.75 14.349 0
      vertex 102.354 14 3
      vertex 101.75 14.349 3
    endloop
  endfacet
  facet normal -0.500301 -0.865851 -0
    outer loop
      vertex 102.354 14 3
      vertex 101.75 14.349 0
      vertex 102.354 14 0
    endloop
  endfacet
  facet normal 0.500301 -0.865851 0
    outer loop
      vertex 111.646 14 0
      vertex 112.25 14.349 3
      vertex 111.646 14 3
    endloop
  endfacet
  facet normal 0.500301 -0.865851 0
    outer loop
      vertex 112.25 14.349 3
      vertex 111.646 14 0
      vertex 112.25 14.349 0
    endloop
  endfacet
  facet normal -0.500301 -0.865851 0
    outer loop
      vertex 112.25 14.349 0
      vertex 112.854 14 3
      vertex 112.25 14.349 3
    endloop
  endfacet
  facet normal -0.500301 -0.865851 -0
    outer loop
      vertex 112.854 14 3
      vertex 112.25 14.349 0
      vertex 112.854 14 0
    endloop
  endfacet
  facet normal 0.500301 -0.865851 0
    outer loop
      vertex 122.146 14 0
      vertex 122.75 14.349 3
      vertex 122.146 14 3
    endloop
  endfacet
  facet normal 0.500301 -0.865851 0
    outer loop
      vertex 122.75 14.349 3
      vertex 122.146 14 0
      vertex 122.75 14.349 0
    endloop
  endfacet
  facet normal -0.500301 -0.865851 0
    outer loop
      vertex 122.75 14.349 0
      vertex 123.354 14 3
      vertex 122.75 14.349 3
    endloop
  endfacet
  facet normal -0.500301 -0.865851 -0
    outer loop
      vertex 123.354 14 3
      vertex 122.75 14.349 0
      vertex 123.354 14 0
    endloop
  endfacet
  facet normal 0.500301 -0.865851 0
    outer loop
      vertex 132.646 14 0
      vertex 133.25 14.349 3
      vertex 132.646 14 3
    endloop
  endfacet
  facet normal 0.500301 -0.865851 0
    outer loop
      vertex 133.25 14.349 3
      vertex 132.646 14 0
      vertex 133.25 14.349 0
    endloop
  endfacet
  facet normal -0.500301 -0.865851 0
    outer loop
      vertex 133.25 14.349 0
      vertex 133.854 14 3
      vertex 133.25 14.349 3
    endloop
  endfacet
  facet normal -0.500301 -0.865851 -0
    outer loop
      vertex 133.854 14 3
      vertex 133.25 14.349 0
      vertex 133.854 14 0
    endloop
  endfacet
  facet normal 0.500301 -0.865851 0
    outer loop
      vertex 143.146 14 0
      vertex 143.75 14.349 3
      vertex 143.146 14 3
    endloop
  endfacet
  facet normal 0.500301 -0.865851 0
    outer loop
      vertex 143.75 14.349 3
      vertex 143.146 14 0
      vertex 143.75 14.349 0
    endloop
  endfacet
  facet normal -0.500301 -0.865851 0
    outer loop
      vertex 143.75 14.349 0
      vertex 144.354 14 3
      vertex 143.75 14.349 3
    endloop
  endfacet
  facet normal -0.500301 -0.865851 -0
    outer loop
      vertex 144.354 14 3
      vertex 143.75 14.349 0
      vertex 144.354 14 0
    endloop
  endfacet
  facet normal 0.500301 -0.865851 0
    outer loop
      vertex 153.646 14 0
      vertex 154.25 14.349 3
      vertex 153.646 14 3
    endloop
  endfacet
  facet normal 0.500301 -0.865851 0
    outer loop
      vertex 154.25 14.349 3
      vertex 153.646 14 0
      vertex 154.25 14.349 0
    endloop
  endfacet
  facet normal -0.500301 -0.865851 0
    outer loop
      vertex 154.25 14.349 0
      vertex 154.854 14 3
      vertex 154.25 14.349 3
    endloop
  endfacet
  facet normal -0.500301 -0.865851 -0
    outer loop
      vertex 154.854 14 3
      vertex 154.25 14.349 0
      vertex 154.854 14 0
    endloop
  endfacet
  facet normal 0.500301 -0.865851 0
    outer loop
      vertex 164.146 14 0
      vertex 164.75 14.349 3
      vertex 164.146 14 3
    endloop
  endfacet
  facet normal 0.500301 -0.865851 0
    outer loop
      vertex 164.75 14.349 3
      vertex 164.146 14 0
      vertex 164.75 14.349 0
    endloop
  endfacet
  facet normal -0.500301 -0.865851 0
    outer loop
      vertex 164.75 14.349 0
      vertex 165.354 14 3
      vertex 164.75 14.349 3
    endloop
  endfacet
  facet normal -0.500301 -0.865851 -0
    outer loop
      vertex 165.354 14 3
      vertex 164.75 14.349 0
      vertex 165.354 14 0
    endloop
  endfacet
  facet normal 0.500301 -0.865851 0
    outer loop
      vertex 174.646 14 0
      vertex 175.25 14.349 3
      vertex 174.646 14 3
    endloop
  endfacet
  facet normal 0.500301 -0.865851 0
    outer loop
      vertex 175.25 14.349 3
      vertex 174.646 14 0
      vertex 175.25 14.349 0
    endloop
  endfacet
  facet normal -0.500301 -0.865851 0
    outer loop
      vertex 175.25 14.349 0
      vertex 175.854 14 3
      vertex 175.25 14.349 3
    endloop
  endfacet
  facet normal -0.500301 -0.865851 -0
    outer loop
      vertex 175.854 14 3
      vertex 175.25 14.349 0
      vertex 175.854 14 0
    endloop
  endfacet
  facet normal 0.500301 -0.865851 0
    outer loop
      vertex 185.146 14 0
      vertex 185.75 14.349 3
      vertex 185.146 14 3
    endloop
  endfacet
  facet normal 0.500301 -0.865851 0
    outer loop
      vertex 185.75 14.349 3
      vertex 185.146 14 0
      vertex 185.75 14.349 0
    endloop
  endfacet
  facet normal -0.500301 -0.865851 0
    outer loop
      vertex 185.75 14.349 0
      vertex 186.354 14 3
      vertex 185.75 14.349 3
    endloop
  endfacet
  facet normal -0.500301 -0.865851 -0
    outer loop
      vertex 186.354 14 3
      vertex 185.75 14.349 0
      vertex 186.354 14 0
    endloop
  endfacet
  facet normal 0.500301 -0.865851 0
    outer loop
      vertex 195.646 14 0
      vertex 196.25 14.349 3
      vertex 195.646 14 3
    endloop
  endfacet
  facet normal 0.500301 -0.865851 0
    outer loop
      vertex 196.25 14.349 3
      vertex 195.646 14 0
      vertex 196.25 14.349 0
    endloop
  endfacet
  facet normal -0.500301 -0.865851 0
    outer loop
      vertex 196.25 14.349 0
      vertex 196.854 14 3
      vertex 196.25 14.349 3
    endloop
  endfacet
  facet normal -0.500301 -0.865851 -0
    outer loop
      vertex 196.854 14 3
      vertex 196.25 14.349 0
      vertex 196.854 14 0
    endloop
  endfacet
  facet normal 0.500301 -0.865851 0
    outer loop
      vertex 206.146 14 0
      vertex 206.75 14.349 3
      vertex 206.146 14 3
    endloop
  endfacet
  facet normal 0.500301 -0.865851 0
    outer loop
      vertex 206.75 14.349 3
      vertex 206.146 14 0
      vertex 206.75 14.349 0
    endloop
  endfacet
  facet normal -0.500301 -0.865851 0
    outer loop
      vertex 206.75 14.349 0
      vertex 207.354 14 3
      vertex 206.75 14.349 3
    endloop
  endfacet
  facet normal -0.500301 -0.865851 -0
    outer loop
      vertex 207.354 14 3
      vertex 206.75 14.349 0
      vertex 207.354 14 0
    endloop
  endfacet
  facet normal -0.5 0.866025 0
    outer loop
      vertex 89.4641 17.442 0
      vertex 86 15.442 3
      vertex 89.4641 17.442 3
    endloop
  endfacet
  facet normal -0.5 0.866025 0
    outer loop
      vertex 86 15.442 3
      vertex 89.4641 17.442 0
      vertex 86 15.442 0
    endloop
  endfacet
  facet normal -1 0 0
    outer loop
      vertex 89.4641 17.442 0
      vertex 89.4641 21.442 3
      vertex 89.4641 21.442 0
    endloop
  endfacet
  facet normal -1 -0 0
    outer loop
      vertex 89.4641 21.442 3
      vertex 89.4641 17.442 0
      vertex 89.4641 17.442 3
    endloop
  endfacet
  facet normal 0.5 -0.866026 0
    outer loop
      vertex 84 22.2873 0
      vertex 86 23.442 3
      vertex 84 22.2873 3
    endloop
  endfacet
  facet normal 0.5 -0.866026 0
    outer loop
      vertex 86 23.442 3
      vertex 84 22.2873 0
      vertex 86 23.442 0
    endloop
  endfacet
  facet normal -0.5 -0.866025 0
    outer loop
      vertex 86 23.442 0
      vertex 89.4641 21.442 3
      vertex 86 23.442 3
    endloop
  endfacet
  facet normal -0.5 -0.866025 -0
    outer loop
      vertex 89.4641 21.442 3
      vertex 86 23.442 0
      vertex 89.4641 21.442 0
    endloop
  endfacet
  facet normal 0.5 0.866026 -0
    outer loop
      vertex 86 15.442 0
      vertex 84 16.5967 3
      vertex 86 15.442 3
    endloop
  endfacet
  facet normal 0.5 0.866026 0
    outer loop
      vertex 84 16.5967 3
      vertex 86 15.442 0
      vertex 84 16.5967 0
    endloop
  endfacet
  facet normal -0.5 0.866025 0
    outer loop
      vertex 99.9641 17.442 0
      vertex 96.5 15.442 3
      vertex 99.9641 17.442 3
    endloop
  endfacet
  facet normal -0.5 0.866025 0
    outer loop
      vertex 96.5 15.442 3
      vertex 99.9641 17.442 0
      vertex 96.5 15.442 0
    endloop
  endfacet
  facet normal -1 0 0
    outer loop
      vertex 99.9641 17.442 0
      vertex 99.9641 21.442 3
      vertex 99.9641 21.442 0
    endloop
  endfacet
  facet normal -1 -0 0
    outer loop
      vertex 99.9641 21.442 3
      vertex 99.9641 17.442 0
      vertex 99.9641 17.442 3
    endloop
  endfacet
  facet normal 0.5 -0.866025 0
    outer loop
      vertex 93.0359 21.442 0
      vertex 96.5 23.442 3
      vertex 93.0359 21.442 3
    endloop
  endfacet
  facet normal 0.5 -0.866025 0
    outer loop
      vertex 96.5 23.442 3
      vertex 93.0359 21.442 0
      vertex 96.5 23.442 0
    endloop
  endfacet
  facet normal -0.5 -0.866025 0
    outer loop
      vertex 96.5 23.442 0
      vertex 99.9641 21.442 3
      vertex 96.5 23.442 3
    endloop
  endfacet
  facet normal -0.5 -0.866025 -0
    outer loop
      vertex 99.9641 21.442 3
      vertex 96.5 23.442 0
      vertex 99.9641 21.442 0
    endloop
  endfacet
  facet normal 1 -0 0
    outer loop
      vertex 93.0359 17.442 3
      vertex 93.0359 21.442 0
      vertex 93.0359 21.442 3
    endloop
  endfacet
  facet normal 1 0 0
    outer loop
      vertex 93.0359 21.442 0
      vertex 93.0359 17.442 3
      vertex 93.0359 17.442 0
    endloop
  endfacet
  facet normal 0.5 0.866025 -0
    outer loop
      vertex 96.5 15.442 0
      vertex 93.0359 17.442 3
      vertex 96.5 15.442 3
    endloop
  endfacet
  facet normal 0.5 0.866025 0
    outer loop
      vertex 93.0359 17.442 3
      vertex 96.5 15.442 0
      vertex 93.0359 17.442 0
    endloop
  endfacet
  facet normal -0.500011 0.866019 0
    outer loop
      vertex 110.464 17.442 0
      vertex 107 15.442 3
      vertex 110.464 17.442 3
    endloop
  endfacet
  facet normal -0.500011 0.866019 0
    outer loop
      vertex 107 15.442 3
      vertex 110.464 17.442 0
      vertex 107 15.442 0
    endloop
  endfacet
  facet normal -1 0 0
    outer loop
      vertex 110.464 17.442 0
      vertex 110.464 21.442 3
      vertex 110.464 21.442 0
    endloop
  endfacet
  facet normal -1 -0 0
    outer loop
      vertex 110.464 21.442 3
      vertex 110.464 17.442 0
      vertex 110.464 17.442 3
    endloop
  endfacet
  facet normal 0.500011 -0.866019 0
    outer loop
      vertex 103.536 21.442 0
      vertex 107 23.442 3
      vertex 103.536 21.442 3
    endloop
  endfacet
  facet normal 0.500011 -0.866019 0
    outer loop
      vertex 107 23.442 3
      vertex 103.536 21.442 0
      vertex 107 23.442 0
    endloop
  endfacet
  facet normal -0.500011 -0.866019 0
    outer loop
      vertex 107 23.442 0
      vertex 110.464 21.442 3
      vertex 107 23.442 3
    endloop
  endfacet
  facet normal -0.500011 -0.866019 -0
    outer loop
      vertex 110.464 21.442 3
      vertex 107 23.442 0
      vertex 110.464 21.442 0
    endloop
  endfacet
  facet normal 1 -0 0
    outer loop
      vertex 103.536 17.442 3
      vertex 103.536 21.442 0
      vertex 103.536 21.442 3
    endloop
  endfacet
  facet normal 1 0 0
    outer loop
      vertex 103.536 21.442 0
      vertex 103.536 17.442 3
      vertex 103.536 17.442 0
    endloop
  endfacet
  facet normal 0.500011 0.866019 -0
    outer loop
      vertex 107 15.442 0
      vertex 103.536 17.442 3
      vertex 107 15.442 3
    endloop
  endfacet
  facet normal 0.500011 0.866019 0
    outer loop
      vertex 103.536 17.442 3
      vertex 107 15.442 0
      vertex 103.536 17.442 0
    endloop
  endfacet
  facet normal -0.500011 0.866019 0
    outer loop
      vertex 120.964 17.442 0
      vertex 117.5 15.442 3
      vertex 120.964 17.442 3
    endloop
  endfacet
  facet normal -0.500011 0.866019 0
    outer loop
      vertex 117.5 15.442 3
      vertex 120.964 17.442 0
      vertex 117.5 15.442 0
    endloop
  endfacet
  facet normal -1 0 0
    outer loop
      vertex 120.964 17.442 0
      vertex 120.964 21.442 3
      vertex 120.964 21.442 0
    endloop
  endfacet
  facet normal -1 -0 0
    outer loop
      vertex 120.964 21.442 3
      vertex 120.964 17.442 0
      vertex 120.964 17.442 3
    endloop
  endfacet
  facet normal 0.500011 -0.866019 0
    outer loop
      vertex 114.036 21.442 0
      vertex 117.5 23.442 3
      vertex 114.036 21.442 3
    endloop
  endfacet
  facet normal 0.500011 -0.866019 0
    outer loop
      vertex 117.5 23.442 3
      vertex 114.036 21.442 0
      vertex 117.5 23.442 0
    endloop
  endfacet
  facet normal -0.500011 -0.866019 0
    outer loop
      vertex 117.5 23.442 0
      vertex 120.964 21.442 3
      vertex 117.5 23.442 3
    endloop
  endfacet
  facet normal -0.500011 -0.866019 -0
    outer loop
      vertex 120.964 21.442 3
      vertex 117.5 23.442 0
      vertex 120.964 21.442 0
    endloop
  endfacet
  facet normal 1 -0 0
    outer loop
      vertex 114.036 17.442 3
      vertex 114.036 21.442 0
      vertex 114.036 21.442 3
    endloop
  endfacet
  facet normal 1 0 0
    outer loop
      vertex 114.036 21.442 0
      vertex 114.036 17.442 3
      vertex 114.036 17.442 0
    endloop
  endfacet
  facet normal 0.500011 0.866019 -0
    outer loop
      vertex 117.5 15.442 0
      vertex 114.036 17.442 3
      vertex 117.5 15.442 3
    endloop
  endfacet
  facet normal 0.500011 0.866019 0
    outer loop
      vertex 114.036 17.442 3
      vertex 117.5 15.442 0
      vertex 114.036 17.442 0
    endloop
  endfacet
  facet normal -0.500011 0.866019 0
    outer loop
      vertex 131.464 17.442 0
      vertex 128 15.442 3
      vertex 131.464 17.442 3
    endloop
  endfacet
  facet normal -0.500011 0.866019 0
    outer loop
      vertex 128 15.442 3
      vertex 131.464 17.442 0
      vertex 128 15.442 0
    endloop
  endfacet
  facet normal -1 0 0
    outer loop
      vertex 131.464 17.442 0
      vertex 131.464 21.442 3
      vertex 131.464 21.442 0
    endloop
  endfacet
  facet normal -1 -0 0
    outer loop
      vertex 131.464 21.442 3
      vertex 131.464 17.442 0
      vertex 131.464 17.442 3
    endloop
  endfacet
  facet normal 0.500011 -0.866019 0
    outer loop
      vertex 124.536 21.442 0
      vertex 128 23.442 3
      vertex 124.536 21.442 3
    endloop
  endfacet
  facet normal 0.500011 -0.866019 0
    outer loop
      vertex 128 23.442 3
      vertex 124.536 21.442 0
      vertex 128 23.442 0
    endloop
  endfacet
  facet normal -0.500011 -0.866019 0
    outer loop
      vertex 128 23.442 0
      vertex 131.464 21.442 3
      vertex 128 23.442 3
    endloop
  endfacet
  facet normal -0.500011 -0.866019 -0
    outer loop
      vertex 131.464 21.442 3
      vertex 128 23.442 0
      vertex 131.464 21.442 0
    endloop
  endfacet
  facet normal 1 -0 0
    outer loop
      vertex 124.536 17.442 3
      vertex 124.536 21.442 0
      vertex 124.536 21.442 3
    endloop
  endfacet
  facet normal 1 0 0
    outer loop
      vertex 124.536 21.442 0
      vertex 124.536 17.442 3
      vertex 124.536 17.442 0
    endloop
  endfacet
  facet normal 0.500011 0.866019 -0
    outer loop
      vertex 128 15.442 0
      vertex 124.536 17.442 3
      vertex 128 15.442 3
    endloop
  endfacet
  facet normal 0.500011 0.866019 0
    outer loop
      vertex 124.536 17.442 3
      vertex 128 15.442 0
      vertex 124.536 17.442 0
    endloop
  endfacet
  facet normal -0.500011 0.866019 0
    outer loop
      vertex 141.964 17.442 0
      vertex 138.5 15.442 3
      vertex 141.964 17.442 3
    endloop
  endfacet
  facet normal -0.500011 0.866019 0
    outer loop
      vertex 138.5 15.442 3
      vertex 141.964 17.442 0
      vertex 138.5 15.442 0
    endloop
  endfacet
  facet normal -1 0 0
    outer loop
      vertex 141.964 17.442 0
      vertex 141.964 21.442 3
      vertex 141.964 21.442 0
    endloop
  endfacet
  facet normal -1 -0 0
    outer loop
      vertex 141.964 21.442 3
      vertex 141.964 17.442 0
      vertex 141.964 17.442 3
    endloop
  endfacet
  facet normal 0.500011 -0.866019 0
    outer loop
      vertex 135.036 21.442 0
      vertex 138.5 23.442 3
      vertex 135.036 21.442 3
    endloop
  endfacet
  facet normal 0.500011 -0.866019 0
    outer loop
      vertex 138.5 23.442 3
      vertex 135.036 21.442 0
      vertex 138.5 23.442 0
    endloop
  endfacet
  facet normal -0.500011 -0.866019 0
    outer loop
      vertex 138.5 23.442 0
      vertex 141.964 21.442 3
      vertex 138.5 23.442 3
    endloop
  endfacet
  facet normal -0.500011 -0.866019 -0
    outer loop
      vertex 141.964 21.442 3
      vertex 138.5 23.442 0
      vertex 141.964 21.442 0
    endloop
  endfacet
  facet normal 1 -0 0
    outer loop
      vertex 135.036 17.442 3
      vertex 135.036 21.442 0
      vertex 135.036 21.442 3
    endloop
  endfacet
  facet normal 1 0 0
    outer loop
      vertex 135.036 21.442 0
      vertex 135.036 17.442 3
      vertex 135.036 17.442 0
    endloop
  endfacet
  facet normal 0.500011 0.866019 -0
    outer loop
      vertex 138.5 15.442 0
      vertex 135.036 17.442 3
      vertex 138.5 15.442 3
    endloop
  endfacet
  facet normal 0.500011 0.866019 0
    outer loop
      vertex 135.036 17.442 3
      vertex 138.5 15.442 0
      vertex 135.036 17.442 0
    endloop
  endfacet
  facet normal -0.500971 0.865464 0
    outer loop
      vertex 152.464 17.442 3
      vertex 152.256 17.3216 2.95
      vertex 152.256 17.3216 3
    endloop
  endfacet
  facet normal -0.500971 0.865464 0
    outer loop
      vertex 152.464 17.442 0
      vertex 152.256 17.3216 2.95
      vertex 152.464 17.442 3
    endloop
  endfacet
  facet normal -0.500011 0.866019 9.03071e-05
    outer loop
      vertex 149 15.442 0
      vertex 152.256 17.3216 2.95
      vertex 152.464 17.442 0
    endloop
  endfacet
  facet normal -0.49995 0.866054 0
    outer loop
      vertex 152.256 17.3216 2.95
      vertex 149 15.442 0
      vertex 149 15.442 2.95
    endloop
  endfacet
  facet normal -1 0 0
    outer loop
      vertex 152.464 17.442 0
      vertex 152.464 21.442 3
      vertex 152.464 21.442 0
    endloop
  endfacet
  facet normal -1 -0 0
    outer loop
      vertex 152.464 21.442 3
      vertex 152.464 17.442 0
      vertex 152.464 17.442 3
    endloop
  endfacet
  facet normal 0.500011 -0.866019 0
    outer loop
      vertex 145.536 21.442 0
      vertex 149 23.442 3
      vertex 145.536 21.442 3
    endloop
  endfacet
  facet normal 0.500011 -0.866019 0
    outer loop
      vertex 149 23.442 3
      vertex 145.536 21.442 0
      vertex 149 23.442 0
    endloop
  endfacet
  facet normal -0.500011 -0.866019 0
    outer loop
      vertex 149 23.442 0
      vertex 152.464 21.442 3
      vertex 149 23.442 3
    endloop
  endfacet
  facet normal -0.500011 -0.866019 -0
    outer loop
      vertex 152.464 21.442 3
      vertex 149 23.442 0
      vertex 152.464 21.442 0
    endloop
  endfacet
  facet normal 1 -0 0
    outer loop
      vertex 145.536 17.442 3
      vertex 145.536 21.442 0
      vertex 145.536 21.442 3
    endloop
  endfacet
  facet normal 1 0 0
    outer loop
      vertex 145.536 21.442 0
      vertex 145.536 17.442 3
      vertex 145.536 17.442 0
    endloop
  endfacet
  facet normal 0.49995 0.866054 0
    outer loop
      vertex 149 15.442 2.95
      vertex 149 15.442 0
      vertex 145.744 17.3216 2.95
    endloop
  endfacet
  facet normal 0.500971 0.865464 -0
    outer loop
      vertex 145.744 17.3216 2.95
      vertex 145.536 17.442 3
      vertex 145.744 17.3216 3
    endloop
  endfacet
  facet normal 0.500011 0.866019 9.03071e-05
    outer loop
      vertex 145.536 17.442 0
      vertex 145.744 17.3216 2.95
      vertex 149 15.442 0
    endloop
  endfacet
  facet normal 0.500971 0.865464 0
    outer loop
      vertex 145.744 17.3216 2.95
      vertex 145.536 17.442 0
      vertex 145.536 17.442 3
    endloop
  endfacet
  facet normal -0.500011 0.866019 0
    outer loop
      vertex 162.964 17.442 0
      vertex 159.5 15.442 3
      vertex 162.964 17.442 3
    endloop
  endfacet
  facet normal -0.500011 0.866019 0
    outer loop
      vertex 159.5 15.442 3
      vertex 162.964 17.442 0
      vertex 159.5 15.442 0
    endloop
  endfacet
  facet normal -1 0 0
    outer loop
      vertex 162.964 17.442 0
      vertex 162.964 21.442 3
      vertex 162.964 21.442 0
    endloop
  endfacet
  facet normal -1 -0 0
    outer loop
      vertex 162.964 21.442 3
      vertex 162.964 17.442 0
      vertex 162.964 17.442 3
    endloop
  endfacet
  facet normal 0.500011 -0.866019 0
    outer loop
      vertex 156.036 21.442 0
      vertex 159.5 23.442 3
      vertex 156.036 21.442 3
    endloop
  endfacet
  facet normal 0.500011 -0.866019 0
    outer loop
      vertex 159.5 23.442 3
      vertex 156.036 21.442 0
      vertex 159.5 23.442 0
    endloop
  endfacet
  facet normal -0.500011 -0.866019 0
    outer loop
      vertex 159.5 23.442 0
      vertex 162.964 21.442 3
      vertex 159.5 23.442 3
    endloop
  endfacet
  facet normal -0.500011 -0.866019 -0
    outer loop
      vertex 162.964 21.442 3
      vertex 159.5 23.442 0
      vertex 162.964 21.442 0
    endloop
  endfacet
  facet normal 1 -0 0
    outer loop
      vertex 156.036 17.442 3
      vertex 156.036 21.442 0
      vertex 156.036 21.442 3
    endloop
  endfacet
  facet normal 1 0 0
    outer loop
      vertex 156.036 21.442 0
      vertex 156.036 17.442 3
      vertex 156.036 17.442 0
    endloop
  endfacet
  facet normal 0.500011 0.866019 -0
    outer loop
      vertex 159.5 15.442 0
      vertex 156.036 17.442 3
      vertex 159.5 15.442 3
    endloop
  endfacet
  facet normal 0.500011 0.866019 0
    outer loop
      vertex 156.036 17.442 3
      vertex 159.5 15.442 0
      vertex 156.036 17.442 0
    endloop
  endfacet
  facet normal -0.500011 0.866019 0
    outer loop
      vertex 173.464 17.442 0
      vertex 170 15.442 3
      vertex 173.464 17.442 3
    endloop
  endfacet
  facet normal -0.500011 0.866019 0
    outer loop
      vertex 170 15.442 3
      vertex 173.464 17.442 0
      vertex 170 15.442 0
    endloop
  endfacet
  facet normal -1 0 0
    outer loop
      vertex 173.464 17.442 0
      vertex 173.464 21.442 3
      vertex 173.464 21.442 0
    endloop
  endfacet
  facet normal -1 -0 0
    outer loop
      vertex 173.464 21.442 3
      vertex 173.464 17.442 0
      vertex 173.464 17.442 3
    endloop
  endfacet
  facet normal 0.500011 -0.866019 0
    outer loop
      vertex 166.536 21.442 0
      vertex 170 23.442 3
      vertex 166.536 21.442 3
    endloop
  endfacet
  facet normal 0.500011 -0.866019 0
    outer loop
      vertex 170 23.442 3
      vertex 166.536 21.442 0
      vertex 170 23.442 0
    endloop
  endfacet
  facet normal -0.500011 -0.866019 0
    outer loop
      vertex 170 23.442 0
      vertex 173.464 21.442 3
      vertex 170 23.442 3
    endloop
  endfacet
  facet normal -0.500011 -0.866019 -0
    outer loop
      vertex 173.464 21.442 3
      vertex 170 23.442 0
      vertex 173.464 21.442 0
    endloop
  endfacet
  facet normal 1 -0 0
    outer loop
      vertex 166.536 17.442 3
      vertex 166.536 21.442 0
      vertex 166.536 21.442 3
    endloop
  endfacet
  facet normal 1 0 0
    outer loop
      vertex 166.536 21.442 0
      vertex 166.536 17.442 3
      vertex 166.536 17.442 0
    endloop
  endfacet
  facet normal 0.500011 0.866019 -0
    outer loop
      vertex 170 15.442 0
      vertex 166.536 17.442 3
      vertex 170 15.442 3
    endloop
  endfacet
  facet normal 0.500011 0.866019 0
    outer loop
      vertex 166.536 17.442 3
      vertex 170 15.442 0
      vertex 166.536 17.442 0
    endloop
  endfacet
  facet normal -0.500011 0.866019 0
    outer loop
      vertex 183.964 17.442 0
      vertex 180.5 15.442 3
      vertex 183.964 17.442 3
    endloop
  endfacet
  facet normal -0.500011 0.866019 0
    outer loop
      vertex 180.5 15.442 3
      vertex 183.964 17.442 0
      vertex 180.5 15.442 0
    endloop
  endfacet
  facet normal -1 0 0
    outer loop
      vertex 183.964 17.442 0
      vertex 183.964 21.442 3
      vertex 183.964 21.442 0
    endloop
  endfacet
  facet normal -1 -0 0
    outer loop
      vertex 183.964 21.442 3
      vertex 183.964 17.442 0
      vertex 183.964 17.442 3
    endloop
  endfacet
  facet normal 0.500011 -0.866019 0
    outer loop
      vertex 177.036 21.442 0
      vertex 180.5 23.442 3
      vertex 177.036 21.442 3
    endloop
  endfacet
  facet normal 0.500011 -0.866019 0
    outer loop
      vertex 180.5 23.442 3
      vertex 177.036 21.442 0
      vertex 180.5 23.442 0
    endloop
  endfacet
  facet normal -0.500011 -0.866019 0
    outer loop
      vertex 180.5 23.442 0
      vertex 183.964 21.442 3
      vertex 180.5 23.442 3
    endloop
  endfacet
  facet normal -0.500011 -0.866019 -0
    outer loop
      vertex 183.964 21.442 3
      vertex 180.5 23.442 0
      vertex 183.964 21.442 0
    endloop
  endfacet
  facet normal 1 -0 0
    outer loop
      vertex 177.036 17.442 3
      vertex 177.036 21.442 0
      vertex 177.036 21.442 3
    endloop
  endfacet
  facet normal 1 0 0
    outer loop
      vertex 177.036 21.442 0
      vertex 177.036 17.442 3
      vertex 177.036 17.442 0
    endloop
  endfacet
  facet normal 0.500011 0.866019 -0
    outer loop
      vertex 180.5 15.442 0
      vertex 177.036 17.442 3
      vertex 180.5 15.442 3
    endloop
  endfacet
  facet normal 0.500011 0.866019 0
    outer loop
      vertex 177.036 17.442 3
      vertex 180.5 15.442 0
      vertex 177.036 17.442 0
    endloop
  endfacet
  facet normal -0.500011 0.866019 0
    outer loop
      vertex 194.464 17.442 0
      vertex 191 15.442 3
      vertex 194.464 17.442 3
    endloop
  endfacet
  facet normal -0.500011 0.866019 0
    outer loop
      vertex 191 15.442 3
      vertex 194.464 17.442 0
      vertex 191 15.442 0
    endloop
  endfacet
  facet normal -1 0 0
    outer loop
      vertex 194.464 17.442 0
      vertex 194.464 21.442 3
      vertex 194.464 21.442 0
    endloop
  endfacet
  facet normal -1 -0 0
    outer loop
      vertex 194.464 21.442 3
      vertex 194.464 17.442 0
      vertex 194.464 17.442 3
    endloop
  endfacet
  facet normal 0.500011 -0.866019 0
    outer loop
      vertex 187.536 21.442 0
      vertex 191 23.442 3
      vertex 187.536 21.442 3
    endloop
  endfacet
  facet normal 0.500011 -0.866019 0
    outer loop
      vertex 191 23.442 3
      vertex 187.536 21.442 0
      vertex 191 23.442 0
    endloop
  endfacet
  facet normal -0.500011 -0.866019 0
    outer loop
      vertex 191 23.442 0
      vertex 194.464 21.442 3
      vertex 191 23.442 3
    endloop
  endfacet
  facet normal -0.500011 -0.866019 -0
    outer loop
      vertex 194.464 21.442 3
      vertex 191 23.442 0
      vertex 194.464 21.442 0
    endloop
  endfacet
  facet normal 1 -0 0
    outer loop
      vertex 187.536 17.442 3
      vertex 187.536 21.442 0
      vertex 187.536 21.442 3
    endloop
  endfacet
  facet normal 1 0 0
    outer loop
      vertex 187.536 21.442 0
      vertex 187.536 17.442 3
      vertex 187.536 17.442 0
    endloop
  endfacet
  facet normal 0.500011 0.866019 -0
    outer loop
      vertex 191 15.442 0
      vertex 187.536 17.442 3
      vertex 191 15.442 3
    endloop
  endfacet
  facet normal 0.500011 0.866019 0
    outer loop
      vertex 187.536 17.442 3
      vertex 191 15.442 0
      vertex 187.536 17.442 0
    endloop
  endfacet
  facet normal -0.500011 0.866019 0
    outer loop
      vertex 204.964 17.442 0
      vertex 201.5 15.442 3
      vertex 204.964 17.442 3
    endloop
  endfacet
  facet normal -0.500011 0.866019 0
    outer loop
      vertex 201.5 15.442 3
      vertex 204.964 17.442 0
      vertex 201.5 15.442 0
    endloop
  endfacet
  facet normal -1 0 0
    outer loop
      vertex 204.964 17.442 0
      vertex 204.964 21.442 3
      vertex 204.964 21.442 0
    endloop
  endfacet
  facet normal -1 -0 0
    outer loop
      vertex 204.964 21.442 3
      vertex 204.964 17.442 0
      vertex 204.964 17.442 3
    endloop
  endfacet
  facet normal 0.500011 -0.866019 0
    outer loop
      vertex 198.036 21.442 0
      vertex 201.5 23.442 3
      vertex 198.036 21.442 3
    endloop
  endfacet
  facet normal 0.500011 -0.866019 0
    outer loop
      vertex 201.5 23.442 3
      vertex 198.036 21.442 0
      vertex 201.5 23.442 0
    endloop
  endfacet
  facet normal -0.500011 -0.866019 0
    outer loop
      vertex 201.5 23.442 0
      vertex 204.964 21.442 3
      vertex 201.5 23.442 3
    endloop
  endfacet
  facet normal -0.500011 -0.866019 -0
    outer loop
      vertex 204.964 21.442 3
      vertex 201.5 23.442 0
      vertex 204.964 21.442 0
    endloop
  endfacet
  facet normal 1 -0 0
    outer loop
      vertex 198.036 17.442 3
      vertex 198.036 21.442 0
      vertex 198.036 21.442 3
    endloop
  endfacet
  facet normal 1 0 0
    outer loop
      vertex 198.036 21.442 0
      vertex 198.036 17.442 3
      vertex 198.036 17.442 0
    endloop
  endfacet
  facet normal 0.500011 0.866019 -0
    outer loop
      vertex 201.5 15.442 0
      vertex 198.036 17.442 3
      vertex 201.5 15.442 3
    endloop
  endfacet
  facet normal 0.500011 0.866019 0
    outer loop
      vertex 198.036 17.442 3
      vertex 201.5 15.442 0
      vertex 198.036 17.442 0
    endloop
  endfacet
  facet normal -0.500011 0.866019 0
    outer loop
      vertex 215.464 17.442 0
      vertex 212 15.442 3
      vertex 215.464 17.442 3
    endloop
  endfacet
  facet normal -0.500011 0.866019 0
    outer loop
      vertex 212 15.442 3
      vertex 215.464 17.442 0
      vertex 212 15.442 0
    endloop
  endfacet
  facet normal -1 0 0
    outer loop
      vertex 215.464 17.442 0
      vertex 215.464 21.442 3
      vertex 215.464 21.442 0
    endloop
  endfacet
  facet normal -1 -0 0
    outer loop
      vertex 215.464 21.442 3
      vertex 215.464 17.442 0
      vertex 215.464 17.442 3
    endloop
  endfacet
  facet normal 0.500011 -0.866019 0
    outer loop
      vertex 208.536 21.442 0
      vertex 212 23.442 3
      vertex 208.536 21.442 3
    endloop
  endfacet
  facet normal 0.500011 -0.866019 0
    outer loop
      vertex 212 23.442 3
      vertex 208.536 21.442 0
      vertex 212 23.442 0
    endloop
  endfacet
  facet normal -0.500011 -0.866019 0
    outer loop
      vertex 212 23.442 0
      vertex 215.464 21.442 3
      vertex 212 23.442 3
    endloop
  endfacet
  facet normal -0.500011 -0.866019 -0
    outer loop
      vertex 215.464 21.442 3
      vertex 212 23.442 0
      vertex 215.464 21.442 0
    endloop
  endfacet
  facet normal 1 -0 0
    outer loop
      vertex 208.536 17.442 3
      vertex 208.536 21.442 0
      vertex 208.536 21.442 3
    endloop
  endfacet
  facet normal 1 0 0
    outer loop
      vertex 208.536 21.442 0
      vertex 208.536 17.442 3
      vertex 208.536 17.442 0
    endloop
  endfacet
  facet normal 0.500011 0.866019 -0
    outer loop
      vertex 212 15.442 0
      vertex 208.536 17.442 3
      vertex 212 15.442 3
    endloop
  endfacet
  facet normal 0.500011 0.866019 0
    outer loop
      vertex 208.536 17.442 3
      vertex 212 15.442 0
      vertex 208.536 17.442 0
    endloop
  endfacet
  facet normal -0.499968 0.866044 0
    outer loop
      vertex 84.2141 26.535 0
      vertex 84 26.4114 3
      vertex 84.2141 26.535 3
    endloop
  endfacet
  facet normal -0.499968 0.866044 0
    outer loop
      vertex 84 26.4114 3
      vertex 84.2141 26.535 0
      vertex 84 26.4114 0
    endloop
  endfacet
  facet normal -1 0 0
    outer loop
      vertex 84.2141 26.535 0
      vertex 84.2141 30.535 3
      vertex 84.2141 30.535 0
    endloop
  endfacet
  facet normal -1 -0 0
    outer loop
      vertex 84.2141 30.535 3
      vertex 84.2141 26.535 0
      vertex 84.2141 26.535 3
    endloop
  endfacet
  facet normal -0.499968 -0.866044 0
    outer loop
      vertex 84 30.6586 0
      vertex 84.2141 30.535 3
      vertex 84 30.6586 3
    endloop
  endfacet
  facet normal -0.499968 -0.866044 -0
    outer loop
      vertex 84.2141 30.535 3
      vertex 84 30.6586 0
      vertex 84.2141 30.535 0
    endloop
  endfacet
  facet normal -0.5 0.866025 0
    outer loop
      vertex 94.7141 26.535 0
      vertex 91.25 24.535 3
      vertex 94.7141 26.535 3
    endloop
  endfacet
  facet normal -0.5 0.866025 0
    outer loop
      vertex 91.25 24.535 3
      vertex 94.7141 26.535 0
      vertex 91.25 24.535 0
    endloop
  endfacet
  facet normal -1 0 0
    outer loop
      vertex 94.7141 26.535 0
      vertex 94.7141 30.535 3
      vertex 94.7141 30.535 0
    endloop
  endfacet
  facet normal -1 -0 0
    outer loop
      vertex 94.7141 30.535 3
      vertex 94.7141 26.535 0
      vertex 94.7141 26.535 3
    endloop
  endfacet
  facet normal 0.5 -0.866025 0
    outer loop
      vertex 87.7859 30.535 0
      vertex 91.25 32.535 3
      vertex 87.7859 30.535 3
    endloop
  endfacet
  facet normal 0.5 -0.866025 0
    outer loop
      vertex 91.25 32.535 3
      vertex 87.7859 30.535 0
      vertex 91.25 32.535 0
    endloop
  endfacet
  facet normal -0.5 -0.866025 0
    outer loop
      vertex 91.25 32.535 0
      vertex 94.7141 30.535 3
      vertex 91.25 32.535 3
    endloop
  endfacet
  facet normal -0.5 -0.866025 -0
    outer loop
      vertex 94.7141 30.535 3
      vertex 91.25 32.535 0
      vertex 94.7141 30.535 0
    endloop
  endfacet
  facet normal 1 -0 0
    outer loop
      vertex 87.7859 26.535 3
      vertex 87.7859 30.535 0
      vertex 87.7859 30.535 3
    endloop
  endfacet
  facet normal 1 0 0
    outer loop
      vertex 87.7859 30.535 0
      vertex 87.7859 26.535 3
      vertex 87.7859 26.535 0
    endloop
  endfacet
  facet normal 0.5 0.866025 -0
    outer loop
      vertex 91.25 24.535 0
      vertex 87.7859 26.535 3
      vertex 91.25 24.535 3
    endloop
  endfacet
  facet normal 0.5 0.866025 0
    outer loop
      vertex 87.7859 26.535 3
      vertex 91.25 24.535 0
      vertex 87.7859 26.535 0
    endloop
  endfacet
  facet normal -0.500011 0.866019 0
    outer loop
      vertex 105.214 26.535 0
      vertex 101.75 24.535 3
      vertex 105.214 26.535 3
    endloop
  endfacet
  facet normal -0.500011 0.866019 0
    outer loop
      vertex 101.75 24.535 3
      vertex 105.214 26.535 0
      vertex 101.75 24.535 0
    endloop
  endfacet
  facet normal -1 0 0
    outer loop
      vertex 105.214 26.535 0
      vertex 105.214 30.535 3
      vertex 105.214 30.535 0
    endloop
  endfacet
  facet normal -1 -0 0
    outer loop
      vertex 105.214 30.535 3
      vertex 105.214 26.535 0
      vertex 105.214 26.535 3
    endloop
  endfacet
  facet normal 0.5 -0.866025 0
    outer loop
      vertex 98.2859 30.535 0
      vertex 101.75 32.535 3
      vertex 98.2859 30.535 3
    endloop
  endfacet
  facet normal 0.5 -0.866025 0
    outer loop
      vertex 101.75 32.535 3
      vertex 98.2859 30.535 0
      vertex 101.75 32.535 0
    endloop
  endfacet
  facet normal -0.500011 -0.866019 0
    outer loop
      vertex 101.75 32.535 0
      vertex 105.214 30.535 3
      vertex 101.75 32.535 3
    endloop
  endfacet
  facet normal -0.500011 -0.866019 -0
    outer loop
      vertex 105.214 30.535 3
      vertex 101.75 32.535 0
      vertex 105.214 30.535 0
    endloop
  endfacet
  facet normal 1 -0 0
    outer loop
      vertex 98.2859 26.535 3
      vertex 98.2859 30.535 0
      vertex 98.2859 30.535 3
    endloop
  endfacet
  facet normal 1 0 0
    outer loop
      vertex 98.2859 30.535 0
      vertex 98.2859 26.535 3
      vertex 98.2859 26.535 0
    endloop
  endfacet
  facet normal 0.5 0.866025 -0
    outer loop
      vertex 101.75 24.535 0
      vertex 98.2859 26.535 3
      vertex 101.75 24.535 3
    endloop
  endfacet
  facet normal 0.5 0.866025 0
    outer loop
      vertex 98.2859 26.535 3
      vertex 101.75 24.535 0
      vertex 98.2859 26.535 0
    endloop
  endfacet
  facet normal -0.500011 0.866019 0
    outer loop
      vertex 115.714 26.535 0
      vertex 112.25 24.535 3
      vertex 115.714 26.535 3
    endloop
  endfacet
  facet normal -0.500011 0.866019 0
    outer loop
      vertex 112.25 24.535 3
      vertex 115.714 26.535 0
      vertex 112.25 24.535 0
    endloop
  endfacet
  facet normal -1 0 0
    outer loop
      vertex 115.714 26.535 0
      vertex 115.714 30.535 3
      vertex 115.714 30.535 0
    endloop
  endfacet
  facet normal -1 -0 0
    outer loop
      vertex 115.714 30.535 3
      vertex 115.714 26.535 0
      vertex 115.714 26.535 3
    endloop
  endfacet
  facet normal 0.500011 -0.866019 0
    outer loop
      vertex 108.786 30.535 0
      vertex 112.25 32.535 3
      vertex 108.786 30.535 3
    endloop
  endfacet
  facet normal 0.500011 -0.866019 0
    outer loop
      vertex 112.25 32.535 3
      vertex 108.786 30.535 0
      vertex 112.25 32.535 0
    endloop
  endfacet
  facet normal -0.500011 -0.866019 0
    outer loop
      vertex 112.25 32.535 0
      vertex 115.714 30.535 3
      vertex 112.25 32.535 3
    endloop
  endfacet
  facet normal -0.500011 -0.866019 -0
    outer loop
      vertex 115.714 30.535 3
      vertex 112.25 32.535 0
      vertex 115.714 30.535 0
    endloop
  endfacet
  facet normal 1 -0 0
    outer loop
      vertex 108.786 26.535 3
      vertex 108.786 30.535 0
      vertex 108.786 30.535 3
    endloop
  endfacet
  facet normal 1 0 0
    outer loop
      vertex 108.786 30.535 0
      vertex 108.786 26.535 3
      vertex 108.786 26.535 0
    endloop
  endfacet
  facet normal 0.500011 0.866019 -0
    outer loop
      vertex 112.25 24.535 0
      vertex 108.786 26.535 3
      vertex 112.25 24.535 3
    endloop
  endfacet
  facet normal 0.500011 0.866019 0
    outer loop
      vertex 108.786 26.535 3
      vertex 112.25 24.535 0
      vertex 108.786 26.535 0
    endloop
  endfacet
  facet normal -0.500011 0.866019 0
    outer loop
      vertex 126.214 26.535 0
      vertex 122.75 24.535 3
      vertex 126.214 26.535 3
    endloop
  endfacet
  facet normal -0.500011 0.866019 0
    outer loop
      vertex 122.75 24.535 3
      vertex 126.214 26.535 0
      vertex 122.75 24.535 0
    endloop
  endfacet
  facet normal -1 0 0
    outer loop
      vertex 126.214 26.535 0
      vertex 126.214 30.535 3
      vertex 126.214 30.535 0
    endloop
  endfacet
  facet normal -1 -0 0
    outer loop
      vertex 126.214 30.535 3
      vertex 126.214 26.535 0
      vertex 126.214 26.535 3
    endloop
  endfacet
  facet normal 0.500011 -0.866019 0
    outer loop
      vertex 119.286 30.535 0
      vertex 122.75 32.535 3
      vertex 119.286 30.535 3
    endloop
  endfacet
  facet normal 0.500011 -0.866019 0
    outer loop
      vertex 122.75 32.535 3
      vertex 119.286 30.535 0
      vertex 122.75 32.535 0
    endloop
  endfacet
  facet normal -0.500011 -0.866019 0
    outer loop
      vertex 122.75 32.535 0
      vertex 126.214 30.535 3
      vertex 122.75 32.535 3
    endloop
  endfacet
  facet normal -0.500011 -0.866019 -0
    outer loop
      vertex 126.214 30.535 3
      vertex 122.75 32.535 0
      vertex 126.214 30.535 0
    endloop
  endfacet
  facet normal 1 -0 0
    outer loop
      vertex 119.286 26.535 3
      vertex 119.286 30.535 0
      vertex 119.286 30.535 3
    endloop
  endfacet
  facet normal 1 0 0
    outer loop
      vertex 119.286 30.535 0
      vertex 119.286 26.535 3
      vertex 119.286 26.535 0
    endloop
  endfacet
  facet normal 0.500011 0.866019 -0
    outer loop
      vertex 122.75 24.535 0
      vertex 119.286 26.535 3
      vertex 122.75 24.535 3
    endloop
  endfacet
  facet normal 0.500011 0.866019 0
    outer loop
      vertex 119.286 26.535 3
      vertex 122.75 24.535 0
      vertex 119.286 26.535 0
    endloop
  endfacet
  facet normal -0.500011 0.866019 0
    outer loop
      vertex 136.714 26.535 0
      vertex 133.25 24.535 3
      vertex 136.714 26.535 3
    endloop
  endfacet
  facet normal -0.500011 0.866019 0
    outer loop
      vertex 133.25 24.535 3
      vertex 136.714 26.535 0
      vertex 133.25 24.535 0
    endloop
  endfacet
  facet normal -1 0 0
    outer loop
      vertex 136.714 26.535 0
      vertex 136.714 30.535 3
      vertex 136.714 30.535 0
    endloop
  endfacet
  facet normal -1 -0 0
    outer loop
      vertex 136.714 30.535 3
      vertex 136.714 26.535 0
      vertex 136.714 26.535 3
    endloop
  endfacet
  facet normal 0.500011 -0.866019 0
    outer loop
      vertex 129.786 30.535 0
      vertex 133.25 32.535 3
      vertex 129.786 30.535 3
    endloop
  endfacet
  facet normal 0.500011 -0.866019 0
    outer loop
      vertex 133.25 32.535 3
      vertex 129.786 30.535 0
      vertex 133.25 32.535 0
    endloop
  endfacet
  facet normal -0.500011 -0.866019 0
    outer loop
      vertex 133.25 32.535 0
      vertex 136.714 30.535 3
      vertex 133.25 32.535 3
    endloop
  endfacet
  facet normal -0.500011 -0.866019 -0
    outer loop
      vertex 136.714 30.535 3
      vertex 133.25 32.535 0
      vertex 136.714 30.535 0
    endloop
  endfacet
  facet normal 1 -0 0
    outer loop
      vertex 129.786 26.535 3
      vertex 129.786 30.535 0
      vertex 129.786 30.535 3
    endloop
  endfacet
  facet normal 1 0 0
    outer loop
      vertex 129.786 30.535 0
      vertex 129.786 26.535 3
      vertex 129.786 26.535 0
    endloop
  endfacet
  facet normal 0.500011 0.866019 -0
    outer loop
      vertex 133.25 24.535 0
      vertex 129.786 26.535 3
      vertex 133.25 24.535 3
    endloop
  endfacet
  facet normal 0.500011 0.866019 0
    outer loop
      vertex 129.786 26.535 3
      vertex 133.25 24.535 0
      vertex 129.786 26.535 0
    endloop
  endfacet
  facet normal -0.500011 0.866019 0
    outer loop
      vertex 147.214 26.535 0
      vertex 143.75 24.535 3
      vertex 147.214 26.535 3
    endloop
  endfacet
  facet normal -0.500011 0.866019 0
    outer loop
      vertex 143.75 24.535 3
      vertex 147.214 26.535 0
      vertex 143.75 24.535 0
    endloop
  endfacet
  facet normal -1 0 0
    outer loop
      vertex 147.214 26.535 0
      vertex 147.214 30.535 3
      vertex 147.214 30.535 0
    endloop
  endfacet
  facet normal -1 -0 0
    outer loop
      vertex 147.214 30.535 3
      vertex 147.214 26.535 0
      vertex 147.214 26.535 3
    endloop
  endfacet
  facet normal 0.500011 -0.866019 0
    outer loop
      vertex 140.286 30.535 0
      vertex 143.75 32.535 3
      vertex 140.286 30.535 3
    endloop
  endfacet
  facet normal 0.500011 -0.866019 0
    outer loop
      vertex 143.75 32.535 3
      vertex 140.286 30.535 0
      vertex 143.75 32.535 0
    endloop
  endfacet
  facet normal -0.500011 -0.866019 0
    outer loop
      vertex 143.75 32.535 0
      vertex 147.214 30.535 3
      vertex 143.75 32.535 3
    endloop
  endfacet
  facet normal -0.500011 -0.866019 -0
    outer loop
      vertex 147.214 30.535 3
      vertex 143.75 32.535 0
      vertex 147.214 30.535 0
    endloop
  endfacet
  facet normal 1 -0 0
    outer loop
      vertex 140.286 26.535 3
      vertex 140.286 30.535 0
      vertex 140.286 30.535 3
    endloop
  endfacet
  facet normal 1 0 0
    outer loop
      vertex 140.286 30.535 0
      vertex 140.286 26.535 3
      vertex 140.286 26.535 0
    endloop
  endfacet
  facet normal 0.500011 0.866019 -0
    outer loop
      vertex 143.75 24.535 0
      vertex 140.286 26.535 3
      vertex 143.75 24.535 3
    endloop
  endfacet
  facet normal 0.500011 0.866019 0
    outer loop
      vertex 140.286 26.535 3
      vertex 143.75 24.535 0
      vertex 140.286 26.535 0
    endloop
  endfacet
  facet normal -0.500011 0.866019 0
    outer loop
      vertex 157.714 26.535 0
      vertex 154.25 24.535 3
      vertex 157.714 26.535 3
    endloop
  endfacet
  facet normal -0.500011 0.866019 0
    outer loop
      vertex 154.25 24.535 3
      vertex 157.714 26.535 0
      vertex 154.25 24.535 0
    endloop
  endfacet
  facet normal -1 0 0
    outer loop
      vertex 157.714 26.535 0
      vertex 157.714 30.535 3
      vertex 157.714 30.535 0
    endloop
  endfacet
  facet normal -1 -0 0
    outer loop
      vertex 157.714 30.535 3
      vertex 157.714 26.535 0
      vertex 157.714 26.535 3
    endloop
  endfacet
  facet normal 0.500011 -0.866019 0
    outer loop
      vertex 150.786 30.535 0
      vertex 154.25 32.535 3
      vertex 150.786 30.535 3
    endloop
  endfacet
  facet normal 0.500011 -0.866019 0
    outer loop
      vertex 154.25 32.535 3
      vertex 150.786 30.535 0
      vertex 154.25 32.535 0
    endloop
  endfacet
  facet normal -0.500011 -0.866019 0
    outer loop
      vertex 154.25 32.535 0
      vertex 157.714 30.535 3
      vertex 154.25 32.535 3
    endloop
  endfacet
  facet normal -0.500011 -0.866019 -0
    outer loop
      vertex 157.714 30.535 3
      vertex 154.25 32.535 0
      vertex 157.714 30.535 0
    endloop
  endfacet
  facet normal 1 -0 0
    outer loop
      vertex 150.786 26.535 3
      vertex 150.786 30.535 0
      vertex 150.786 30.535 3
    endloop
  endfacet
  facet normal 1 0 0
    outer loop
      vertex 150.786 30.535 0
      vertex 150.786 26.535 3
      vertex 150.786 26.535 0
    endloop
  endfacet
  facet normal 0.500011 0.866019 -0
    outer loop
      vertex 154.25 24.535 0
      vertex 150.786 26.535 3
      vertex 154.25 24.535 3
    endloop
  endfacet
  facet normal 0.500011 0.866019 0
    outer loop
      vertex 150.786 26.535 3
      vertex 154.25 24.535 0
      vertex 150.786 26.535 0
    endloop
  endfacet
  facet normal -0.500011 0.866019 0
    outer loop
      vertex 168.214 26.535 0
      vertex 164.75 24.535 3
      vertex 168.214 26.535 3
    endloop
  endfacet
  facet normal -0.500011 0.866019 0
    outer loop
      vertex 164.75 24.535 3
      vertex 168.214 26.535 0
      vertex 164.75 24.535 0
    endloop
  endfacet
  facet normal -1 0 0
    outer loop
      vertex 168.214 26.535 0
      vertex 168.214 30.535 3
      vertex 168.214 30.535 0
    endloop
  endfacet
  facet normal -1 -0 0
    outer loop
      vertex 168.214 30.535 3
      vertex 168.214 26.535 0
      vertex 168.214 26.535 3
    endloop
  endfacet
  facet normal 0.500011 -0.866019 0
    outer loop
      vertex 161.286 30.535 0
      vertex 164.75 32.535 3
      vertex 161.286 30.535 3
    endloop
  endfacet
  facet normal 0.500011 -0.866019 0
    outer loop
      vertex 164.75 32.535 3
      vertex 161.286 30.535 0
      vertex 164.75 32.535 0
    endloop
  endfacet
  facet normal -0.500011 -0.866019 0
    outer loop
      vertex 164.75 32.535 0
      vertex 168.214 30.535 3
      vertex 164.75 32.535 3
    endloop
  endfacet
  facet normal -0.500011 -0.866019 -0
    outer loop
      vertex 168.214 30.535 3
      vertex 164.75 32.535 0
      vertex 168.214 30.535 0
    endloop
  endfacet
  facet normal 1 -0 0
    outer loop
      vertex 161.286 26.535 3
      vertex 161.286 30.535 0
      vertex 161.286 30.535 3
    endloop
  endfacet
  facet normal 1 0 0
    outer loop
      vertex 161.286 30.535 0
      vertex 161.286 26.535 3
      vertex 161.286 26.535 0
    endloop
  endfacet
  facet normal 0.500011 0.866019 -0
    outer loop
      vertex 164.75 24.535 0
      vertex 161.286 26.535 3
      vertex 164.75 24.535 3
    endloop
  endfacet
  facet normal 0.500011 0.866019 0
    outer loop
      vertex 161.286 26.535 3
      vertex 164.75 24.535 0
      vertex 161.286 26.535 0
    endloop
  endfacet
  facet normal -0.500011 0.866019 0
    outer loop
      vertex 178.714 26.535 0
      vertex 175.25 24.535 3
      vertex 178.714 26.535 3
    endloop
  endfacet
  facet normal -0.500011 0.866019 0
    outer loop
      vertex 175.25 24.535 3
      vertex 178.714 26.535 0
      vertex 175.25 24.535 0
    endloop
  endfacet
  facet normal -1 0 0
    outer loop
      vertex 178.714 26.535 0
      vertex 178.714 30.535 3
      vertex 178.714 30.535 0
    endloop
  endfacet
  facet normal -1 -0 0
    outer loop
      vertex 178.714 30.535 3
      vertex 178.714 26.535 0
      vertex 178.714 26.535 3
    endloop
  endfacet
  facet normal 0.500011 -0.866019 0
    outer loop
      vertex 171.786 30.535 0
      vertex 175.25 32.535 3
      vertex 171.786 30.535 3
    endloop
  endfacet
  facet normal 0.500011 -0.866019 0
    outer loop
      vertex 175.25 32.535 3
      vertex 171.786 30.535 0
      vertex 175.25 32.535 0
    endloop
  endfacet
  facet normal -0.500011 -0.866019 0
    outer loop
      vertex 175.25 32.535 0
      vertex 178.714 30.535 3
      vertex 175.25 32.535 3
    endloop
  endfacet
  facet normal -0.500011 -0.866019 -0
    outer loop
      vertex 178.714 30.535 3
      vertex 175.25 32.535 0
      vertex 178.714 30.535 0
    endloop
  endfacet
  facet normal 1 -0 0
    outer loop
      vertex 171.786 26.535 3
      vertex 171.786 30.535 0
      vertex 171.786 30.535 3
    endloop
  endfacet
  facet normal 1 0 0
    outer loop
      vertex 171.786 30.535 0
      vertex 171.786 26.535 3
      vertex 171.786 26.535 0
    endloop
  endfacet
  facet normal 0.500011 0.866019 -0
    outer loop
      vertex 175.25 24.535 0
      vertex 171.786 26.535 3
      vertex 175.25 24.535 3
    endloop
  endfacet
  facet normal 0.500011 0.866019 0
    outer loop
      vertex 171.786 26.535 3
      vertex 175.25 24.535 0
      vertex 171.786 26.535 0
    endloop
  endfacet
  facet normal -0.500011 0.866019 0
    outer loop
      vertex 189.214 26.535 0
      vertex 185.75 24.535 3
      vertex 189.214 26.535 3
    endloop
  endfacet
  facet normal -0.500011 0.866019 0
    outer loop
      vertex 185.75 24.535 3
      vertex 189.214 26.535 0
      vertex 185.75 24.535 0
    endloop
  endfacet
  facet normal -1 0 0
    outer loop
      vertex 189.214 26.535 0
      vertex 189.214 30.535 3
      vertex 189.214 30.535 0
    endloop
  endfacet
  facet normal -1 -0 0
    outer loop
      vertex 189.214 30.535 3
      vertex 189.214 26.535 0
      vertex 189.214 26.535 3
    endloop
  endfacet
  facet normal 0.500011 -0.866019 0
    outer loop
      vertex 182.286 30.535 0
      vertex 185.75 32.535 3
      vertex 182.286 30.535 3
    endloop
  endfacet
  facet normal 0.500011 -0.866019 0
    outer loop
      vertex 185.75 32.535 3
      vertex 182.286 30.535 0
      vertex 185.75 32.535 0
    endloop
  endfacet
  facet normal -0.500011 -0.866019 0
    outer loop
      vertex 185.75 32.535 0
      vertex 189.214 30.535 3
      vertex 185.75 32.535 3
    endloop
  endfacet
  facet normal -0.500011 -0.866019 -0
    outer loop
      vertex 189.214 30.535 3
      vertex 185.75 32.535 0
      vertex 189.214 30.535 0
    endloop
  endfacet
  facet normal 1 -0 0
    outer loop
      vertex 182.286 26.535 3
      vertex 182.286 30.535 0
      vertex 182.286 30.535 3
    endloop
  endfacet
  facet normal 1 0 0
    outer loop
      vertex 182.286 30.535 0
      vertex 182.286 26.535 3
      vertex 182.286 26.535 0
    endloop
  endfacet
  facet normal 0.500011 0.866019 -0
    outer loop
      vertex 185.75 24.535 0
      vertex 182.286 26.535 3
      vertex 185.75 24.535 3
    endloop
  endfacet
  facet normal 0.500011 0.866019 0
    outer loop
      vertex 182.286 26.535 3
      vertex 185.75 24.535 0
      vertex 182.286 26.535 0
    endloop
  endfacet
  facet normal -0.500011 0.866019 0
    outer loop
      vertex 199.714 26.535 0
      vertex 196.25 24.535 3
      vertex 199.714 26.535 3
    endloop
  endfacet
  facet normal -0.500011 0.866019 0
    outer loop
      vertex 196.25 24.535 3
      vertex 199.714 26.535 0
      vertex 196.25 24.535 0
    endloop
  endfacet
  facet normal -1 0 0
    outer loop
      vertex 199.714 26.535 0
      vertex 199.714 30.535 3
      vertex 199.714 30.535 0
    endloop
  endfacet
  facet normal -1 -0 0
    outer loop
      vertex 199.714 30.535 3
      vertex 199.714 26.535 0
      vertex 199.714 26.535 3
    endloop
  endfacet
  facet normal 0.500011 -0.866019 0
    outer loop
      vertex 192.786 30.535 0
      vertex 196.25 32.535 3
      vertex 192.786 30.535 3
    endloop
  endfacet
  facet normal 0.500011 -0.866019 0
    outer loop
      vertex 196.25 32.535 3
      vertex 192.786 30.535 0
      vertex 196.25 32.535 0
    endloop
  endfacet
  facet normal -0.500011 -0.866019 0
    outer loop
      vertex 196.25 32.535 0
      vertex 199.714 30.535 3
      vertex 196.25 32.535 3
    endloop
  endfacet
  facet normal -0.500011 -0.866019 -0
    outer loop
      vertex 199.714 30.535 3
      vertex 196.25 32.535 0
      vertex 199.714 30.535 0
    endloop
  endfacet
  facet normal 1 -0 0
    outer loop
      vertex 192.786 26.535 3
      vertex 192.786 30.535 0
      vertex 192.786 30.535 3
    endloop
  endfacet
  facet normal 1 0 0
    outer loop
      vertex 192.786 30.535 0
      vertex 192.786 26.535 3
      vertex 192.786 26.535 0
    endloop
  endfacet
  facet normal 0.500011 0.866019 -0
    outer loop
      vertex 196.25 24.535 0
      vertex 192.786 26.535 3
      vertex 196.25 24.535 3
    endloop
  endfacet
  facet normal 0.500011 0.866019 0
    outer loop
      vertex 192.786 26.535 3
      vertex 196.25 24.535 0
      vertex 192.786 26.535 0
    endloop
  endfacet
  facet normal -0.500011 0.866019 0
    outer loop
      vertex 210.214 26.535 0
      vertex 206.75 24.535 3
      vertex 210.214 26.535 3
    endloop
  endfacet
  facet normal -0.500011 0.866019 0
    outer loop
      vertex 206.75 24.535 3
      vertex 210.214 26.535 0
      vertex 206.75 24.535 0
    endloop
  endfacet
  facet normal -1 0 0
    outer loop
      vertex 210.214 26.535 0
      vertex 210.214 30.535 3
      vertex 210.214 30.535 0
    endloop
  endfacet
  facet normal -1 -0 0
    outer loop
      vertex 210.214 30.535 3
      vertex 210.214 26.535 0
      vertex 210.214 26.535 3
    endloop
  endfacet
  facet normal 0.500011 -0.866019 0
    outer loop
      vertex 203.286 30.535 0
      vertex 206.75 32.535 3
      vertex 203.286 30.535 3
    endloop
  endfacet
  facet normal 0.500011 -0.866019 0
    outer loop
      vertex 206.75 32.535 3
      vertex 203.286 30.535 0
      vertex 206.75 32.535 0
    endloop
  endfacet
  facet normal -0.500011 -0.866019 0
    outer loop
      vertex 206.75 32.535 0
      vertex 210.214 30.535 3
      vertex 206.75 32.535 3
    endloop
  endfacet
  facet normal -0.500011 -0.866019 -0
    outer loop
      vertex 210.214 30.535 3
      vertex 206.75 32.535 0
      vertex 210.214 30.535 0
    endloop
  endfacet
  facet normal 1 -0 0
    outer loop
      vertex 203.286 26.535 3
      vertex 203.286 30.535 0
      vertex 203.286 30.535 3
    endloop
  endfacet
  facet normal 1 0 0
    outer loop
      vertex 203.286 30.535 0
      vertex 203.286 26.535 3
      vertex 203.286 26.535 0
    endloop
  endfacet
  facet normal 0.500011 0.866019 -0
    outer loop
      vertex 206.75 24.535 0
      vertex 203.286 26.535 3
      vertex 206.75 24.535 3
    endloop
  endfacet
  facet normal 0.500011 0.866019 0
    outer loop
      vertex 203.286 26.535 3
      vertex 206.75 24.535 0
      vertex 203.286 26.535 0
    endloop
  endfacet
  facet normal 0.500018 -0.866015 0
    outer loop
      vertex 213.786 30.535 0
      vertex 215.7 31.6401 3
      vertex 213.786 30.535 3
    endloop
  endfacet
  facet normal 0.500018 -0.866015 0
    outer loop
      vertex 215.7 31.6401 3
      vertex 213.786 30.535 0
      vertex 215.7 31.6401 0
    endloop
  endfacet
  facet normal 1 -0 0
    outer loop
      vertex 213.786 26.535 3
      vertex 213.786 30.535 0
      vertex 213.786 30.535 3
    endloop
  endfacet
  facet normal 1 0 0
    outer loop
      vertex 213.786 30.535 0
      vertex 213.786 26.535 3
      vertex 213.786 26.535 0
    endloop
  endfacet
  facet normal 0.500018 0.866015 -0
    outer loop
      vertex 215.7 25.4299 0
      vertex 213.786 26.535 3
      vertex 215.7 25.4299 3
    endloop
  endfacet
  facet normal 0.500018 0.866015 0
    outer loop
      vertex 213.786 26.535 3
      vertex 215.7 25.4299 0
      vertex 213.786 26.535 0
    endloop
  endfacet
  facet normal -0.5 0.866025 0
    outer loop
      vertex 89.4641 35.628 0
      vertex 86 33.628 3
      vertex 89.4641 35.628 3
    endloop
  endfacet
  facet normal -0.5 0.866025 0
    outer loop
      vertex 86 33.628 3
      vertex 89.4641 35.628 0
      vertex 86 33.628 0
    endloop
  endfacet
  facet normal -1 0 0
    outer loop
      vertex 89.4641 35.628 0
      vertex 89.4641 39.628 3
      vertex 89.4641 39.628 0
    endloop
  endfacet
  facet normal -1 -0 0
    outer loop
      vertex 89.4641 39.628 3
      vertex 89.4641 35.628 0
      vertex 89.4641 35.628 3
    endloop
  endfacet
  facet normal 0.5 -0.866026 0
    outer loop
      vertex 84 40.4733 0
      vertex 86 41.628 3
      vertex 84 40.4733 3
    endloop
  endfacet
  facet normal 0.5 -0.866026 0
    outer loop
      vertex 86 41.628 3
      vertex 84 40.4733 0
      vertex 86 41.628 0
    endloop
  endfacet
  facet normal -0.5 -0.866025 0
    outer loop
      vertex 86 41.628 0
      vertex 89.4641 39.628 3
      vertex 86 41.628 3
    endloop
  endfacet
  facet normal -0.5 -0.866025 -0
    outer loop
      vertex 89.4641 39.628 3
      vertex 86 41.628 0
      vertex 89.4641 39.628 0
    endloop
  endfacet
  facet normal 0.5 0.866026 -0
    outer loop
      vertex 86 33.628 0
      vertex 84 34.7827 3
      vertex 86 33.628 3
    endloop
  endfacet
  facet normal 0.5 0.866026 0
    outer loop
      vertex 84 34.7827 3
      vertex 86 33.628 0
      vertex 84 34.7827 0
    endloop
  endfacet
  facet normal -0.5 0.866025 0
    outer loop
      vertex 99.9641 35.628 0
      vertex 96.5 33.628 3
      vertex 99.9641 35.628 3
    endloop
  endfacet
  facet normal -0.5 0.866025 0
    outer loop
      vertex 96.5 33.628 3
      vertex 99.9641 35.628 0
      vertex 96.5 33.628 0
    endloop
  endfacet
  facet normal -1 0 0
    outer loop
      vertex 99.9641 35.628 0
      vertex 99.9641 39.628 3
      vertex 99.9641 39.628 0
    endloop
  endfacet
  facet normal -1 -0 0
    outer loop
      vertex 99.9641 39.628 3
      vertex 99.9641 35.628 0
      vertex 99.9641 35.628 3
    endloop
  endfacet
  facet normal 0.5 -0.866025 0
    outer loop
      vertex 93.0359 39.628 0
      vertex 96.5 41.628 3
      vertex 93.0359 39.628 3
    endloop
  endfacet
  facet normal 0.5 -0.866025 0
    outer loop
      vertex 96.5 41.628 3
      vertex 93.0359 39.628 0
      vertex 96.5 41.628 0
    endloop
  endfacet
  facet normal -0.5 -0.866025 0
    outer loop
      vertex 96.5 41.628 0
      vertex 99.9641 39.628 3
      vertex 96.5 41.628 3
    endloop
  endfacet
  facet normal -0.5 -0.866025 -0
    outer loop
      vertex 99.9641 39.628 3
      vertex 96.5 41.628 0
      vertex 99.9641 39.628 0
    endloop
  endfacet
  facet normal 1 -0 0
    outer loop
      vertex 93.0359 35.628 3
      vertex 93.0359 39.628 0
      vertex 93.0359 39.628 3
    endloop
  endfacet
  facet normal 1 0 0
    outer loop
      vertex 93.0359 39.628 0
      vertex 93.0359 35.628 3
      vertex 93.0359 35.628 0
    endloop
  endfacet
  facet normal 0.5 0.866025 -0
    outer loop
      vertex 96.5 33.628 0
      vertex 93.0359 35.628 3
      vertex 96.5 33.628 3
    endloop
  endfacet
  facet normal 0.5 0.866025 0
    outer loop
      vertex 93.0359 35.628 3
      vertex 96.5 33.628 0
      vertex 93.0359 35.628 0
    endloop
  endfacet
  facet normal -0.500011 0.866019 0
    outer loop
      vertex 110.464 35.628 0
      vertex 107 33.628 3
      vertex 110.464 35.628 3
    endloop
  endfacet
  facet normal -0.500011 0.866019 0
    outer loop
      vertex 107 33.628 3
      vertex 110.464 35.628 0
      vertex 107 33.628 0
    endloop
  endfacet
  facet normal -1 0 0
    outer loop
      vertex 110.464 35.628 0
      vertex 110.464 39.628 3
      vertex 110.464 39.628 0
    endloop
  endfacet
  facet normal -1 -0 0
    outer loop
      vertex 110.464 39.628 3
      vertex 110.464 35.628 0
      vertex 110.464 35.628 3
    endloop
  endfacet
  facet normal 0.500011 -0.866019 0
    outer loop
      vertex 103.536 39.628 0
      vertex 107 41.628 3
      vertex 103.536 39.628 3
    endloop
  endfacet
  facet normal 0.500011 -0.866019 0
    outer loop
      vertex 107 41.628 3
      vertex 103.536 39.628 0
      vertex 107 41.628 0
    endloop
  endfacet
  facet normal -0.500011 -0.866019 0
    outer loop
      vertex 107 41.628 0
      vertex 110.464 39.628 3
      vertex 107 41.628 3
    endloop
  endfacet
  facet normal -0.500011 -0.866019 -0
    outer loop
      vertex 110.464 39.628 3
      vertex 107 41.628 0
      vertex 110.464 39.628 0
    endloop
  endfacet
  facet normal 1 -0 0
    outer loop
      vertex 103.536 35.628 3
      vertex 103.536 39.628 0
      vertex 103.536 39.628 3
    endloop
  endfacet
  facet normal 1 0 0
    outer loop
      vertex 103.536 39.628 0
      vertex 103.536 35.628 3
      vertex 103.536 35.628 0
    endloop
  endfacet
  facet normal 0.500011 0.866019 -0
    outer loop
      vertex 107 33.628 0
      vertex 103.536 35.628 3
      vertex 107 33.628 3
    endloop
  endfacet
  facet normal 0.500011 0.866019 0
    outer loop
      vertex 103.536 35.628 3
      vertex 107 33.628 0
      vertex 103.536 35.628 0
    endloop
  endfacet
  facet normal -0.500011 0.866019 0
    outer loop
      vertex 120.964 35.628 0
      vertex 117.5 33.628 3
      vertex 120.964 35.628 3
    endloop
  endfacet
  facet normal -0.500011 0.866019 0
    outer loop
      vertex 117.5 33.628 3
      vertex 120.964 35.628 0
      vertex 117.5 33.628 0
    endloop
  endfacet
  facet normal -1 0 0
    outer loop
      vertex 120.964 35.628 0
      vertex 120.964 39.628 3
      vertex 120.964 39.628 0
    endloop
  endfacet
  facet normal -1 -0 0
    outer loop
      vertex 120.964 39.628 3
      vertex 120.964 35.628 0
      vertex 120.964 35.628 3
    endloop
  endfacet
  facet normal 0.500011 -0.866019 0
    outer loop
      vertex 114.036 39.628 0
      vertex 117.5 41.628 3
      vertex 114.036 39.628 3
    endloop
  endfacet
  facet normal 0.500011 -0.866019 0
    outer loop
      vertex 117.5 41.628 3
      vertex 114.036 39.628 0
      vertex 117.5 41.628 0
    endloop
  endfacet
  facet normal -0.500011 -0.866019 0
    outer loop
      vertex 117.5 41.628 0
      vertex 120.964 39.628 3
      vertex 117.5 41.628 3
    endloop
  endfacet
  facet normal -0.500011 -0.866019 -0
    outer loop
      vertex 120.964 39.628 3
      vertex 117.5 41.628 0
      vertex 120.964 39.628 0
    endloop
  endfacet
  facet normal 1 -0 0
    outer loop
      vertex 114.036 35.628 3
      vertex 114.036 39.628 0
      vertex 114.036 39.628 3
    endloop
  endfacet
  facet normal 1 0 0
    outer loop
      vertex 114.036 39.628 0
      vertex 114.036 35.628 3
      vertex 114.036 35.628 0
    endloop
  endfacet
  facet normal 0.500011 0.866019 -0
    outer loop
      vertex 117.5 33.628 0
      vertex 114.036 35.628 3
      vertex 117.5 33.628 3
    endloop
  endfacet
  facet normal 0.500011 0.866019 0
    outer loop
      vertex 114.036 35.628 3
      vertex 117.5 33.628 0
      vertex 114.036 35.628 0
    endloop
  endfacet
  facet normal -0.500011 0.866019 0
    outer loop
      vertex 131.464 35.628 0
      vertex 128 33.628 3
      vertex 131.464 35.628 3
    endloop
  endfacet
  facet normal -0.500011 0.866019 0
    outer loop
      vertex 128 33.628 3
      vertex 131.464 35.628 0
      vertex 128 33.628 0
    endloop
  endfacet
  facet normal -1 0 0
    outer loop
      vertex 131.464 35.628 0
      vertex 131.464 39.628 3
      vertex 131.464 39.628 0
    endloop
  endfacet
  facet normal -1 -0 0
    outer loop
      vertex 131.464 39.628 3
      vertex 131.464 35.628 0
      vertex 131.464 35.628 3
    endloop
  endfacet
  facet normal 0.500011 -0.866019 0
    outer loop
      vertex 124.536 39.628 0
      vertex 128 41.628 3
      vertex 124.536 39.628 3
    endloop
  endfacet
  facet normal 0.500011 -0.866019 0
    outer loop
      vertex 128 41.628 3
      vertex 124.536 39.628 0
      vertex 128 41.628 0
    endloop
  endfacet
  facet normal -0.500011 -0.866019 0
    outer loop
      vertex 128 41.628 0
      vertex 131.464 39.628 3
      vertex 128 41.628 3
    endloop
  endfacet
  facet normal -0.500011 -0.866019 -0
    outer loop
      vertex 131.464 39.628 3
      vertex 128 41.628 0
      vertex 131.464 39.628 0
    endloop
  endfacet
  facet normal 1 -0 0
    outer loop
      vertex 124.536 35.628 3
      vertex 124.536 39.628 0
      vertex 124.536 39.628 3
    endloop
  endfacet
  facet normal 1 0 0
    outer loop
      vertex 124.536 39.628 0
      vertex 124.536 35.628 3
      vertex 124.536 35.628 0
    endloop
  endfacet
  facet normal 0.500011 0.866019 -0
    outer loop
      vertex 128 33.628 0
      vertex 124.536 35.628 3
      vertex 128 33.628 3
    endloop
  endfacet
  facet normal 0.500011 0.866019 0
    outer loop
      vertex 124.536 35.628 3
      vertex 128 33.628 0
      vertex 124.536 35.628 0
    endloop
  endfacet
  facet normal -0.500011 0.866019 0
    outer loop
      vertex 141.964 35.628 0
      vertex 138.5 33.628 3
      vertex 141.964 35.628 3
    endloop
  endfacet
  facet normal -0.500011 0.866019 0
    outer loop
      vertex 138.5 33.628 3
      vertex 141.964 35.628 0
      vertex 138.5 33.628 0
    endloop
  endfacet
  facet normal -1 0 0
    outer loop
      vertex 141.964 35.628 0
      vertex 141.964 39.628 3
      vertex 141.964 39.628 0
    endloop
  endfacet
  facet normal -1 -0 0
    outer loop
      vertex 141.964 39.628 3
      vertex 141.964 35.628 0
      vertex 141.964 35.628 3
    endloop
  endfacet
  facet normal 0.500011 -0.866019 0
    outer loop
      vertex 135.036 39.628 0
      vertex 138.5 41.628 3
      vertex 135.036 39.628 3
    endloop
  endfacet
  facet normal 0.500011 -0.866019 0
    outer loop
      vertex 138.5 41.628 3
      vertex 135.036 39.628 0
      vertex 138.5 41.628 0
    endloop
  endfacet
  facet normal -0.500011 -0.866019 0
    outer loop
      vertex 138.5 41.628 0
      vertex 141.964 39.628 3
      vertex 138.5 41.628 3
    endloop
  endfacet
  facet normal -0.500011 -0.866019 -0
    outer loop
      vertex 141.964 39.628 3
      vertex 138.5 41.628 0
      vertex 141.964 39.628 0
    endloop
  endfacet
  facet normal 1 -0 0
    outer loop
      vertex 135.036 35.628 3
      vertex 135.036 39.628 0
      vertex 135.036 39.628 3
    endloop
  endfacet
  facet normal 1 0 0
    outer loop
      vertex 135.036 39.628 0
      vertex 135.036 35.628 3
      vertex 135.036 35.628 0
    endloop
  endfacet
  facet normal 0.500011 0.866019 -0
    outer loop
      vertex 138.5 33.628 0
      vertex 135.036 35.628 3
      vertex 138.5 33.628 3
    endloop
  endfacet
  facet normal 0.500011 0.866019 0
    outer loop
      vertex 135.036 35.628 3
      vertex 138.5 33.628 0
      vertex 135.036 35.628 0
    endloop
  endfacet
  facet normal -0.500011 0.866019 0
    outer loop
      vertex 152.464 35.628 0
      vertex 149 33.628 3
      vertex 152.464 35.628 3
    endloop
  endfacet
  facet normal -0.500011 0.866019 0
    outer loop
      vertex 149 33.628 3
      vertex 152.464 35.628 0
      vertex 149 33.628 0
    endloop
  endfacet
  facet normal -1 0 0
    outer loop
      vertex 152.464 35.628 0
      vertex 152.464 39.628 3
      vertex 152.464 39.628 0
    endloop
  endfacet
  facet normal -1 -0 0
    outer loop
      vertex 152.464 39.628 3
      vertex 152.464 35.628 0
      vertex 152.464 35.628 3
    endloop
  endfacet
  facet normal 0.500011 -0.866019 0
    outer loop
      vertex 145.536 39.628 0
      vertex 149 41.628 3
      vertex 145.536 39.628 3
    endloop
  endfacet
  facet normal 0.500011 -0.866019 0
    outer loop
      vertex 149 41.628 3
      vertex 145.536 39.628 0
      vertex 149 41.628 0
    endloop
  endfacet
  facet normal -0.500011 -0.866019 0
    outer loop
      vertex 149 41.628 0
      vertex 152.464 39.628 3
      vertex 149 41.628 3
    endloop
  endfacet
  facet normal -0.500011 -0.866019 -0
    outer loop
      vertex 152.464 39.628 3
      vertex 149 41.628 0
      vertex 152.464 39.628 0
    endloop
  endfacet
  facet normal 1 -0 0
    outer loop
      vertex 145.536 35.628 3
      vertex 145.536 39.628 0
      vertex 145.536 39.628 3
    endloop
  endfacet
  facet normal 1 0 0
    outer loop
      vertex 145.536 39.628 0
      vertex 145.536 35.628 3
      vertex 145.536 35.628 0
    endloop
  endfacet
  facet normal 0.500011 0.866019 -0
    outer loop
      vertex 149 33.628 0
      vertex 145.536 35.628 3
      vertex 149 33.628 3
    endloop
  endfacet
  facet normal 0.500011 0.866019 0
    outer loop
      vertex 145.536 35.628 3
      vertex 149 33.628 0
      vertex 145.536 35.628 0
    endloop
  endfacet
  facet normal -0.500011 0.866019 0
    outer loop
      vertex 162.964 35.628 0
      vertex 159.5 33.628 3
      vertex 162.964 35.628 3
    endloop
  endfacet
  facet normal -0.500011 0.866019 0
    outer loop
      vertex 159.5 33.628 3
      vertex 162.964 35.628 0
      vertex 159.5 33.628 0
    endloop
  endfacet
  facet normal -1 0 0
    outer loop
      vertex 162.964 35.628 0
      vertex 162.964 39.628 3
      vertex 162.964 39.628 0
    endloop
  endfacet
  facet normal -1 -0 0
    outer loop
      vertex 162.964 39.628 3
      vertex 162.964 35.628 0
      vertex 162.964 35.628 3
    endloop
  endfacet
  facet normal 0.500011 -0.866019 0
    outer loop
      vertex 156.036 39.628 0
      vertex 159.5 41.628 3
      vertex 156.036 39.628 3
    endloop
  endfacet
  facet normal 0.500011 -0.866019 0
    outer loop
      vertex 159.5 41.628 3
      vertex 156.036 39.628 0
      vertex 159.5 41.628 0
    endloop
  endfacet
  facet normal -0.500011 -0.866019 0
    outer loop
      vertex 159.5 41.628 0
      vertex 162.964 39.628 3
      vertex 159.5 41.628 3
    endloop
  endfacet
  facet normal -0.500011 -0.866019 -0
    outer loop
      vertex 162.964 39.628 3
      vertex 159.5 41.628 0
      vertex 162.964 39.628 0
    endloop
  endfacet
  facet normal 1 -0 0
    outer loop
      vertex 156.036 35.628 3
      vertex 156.036 39.628 0
      vertex 156.036 39.628 3
    endloop
  endfacet
  facet normal 1 0 0
    outer loop
      vertex 156.036 39.628 0
      vertex 156.036 35.628 3
      vertex 156.036 35.628 0
    endloop
  endfacet
  facet normal 0.500011 0.866019 -0
    outer loop
      vertex 159.5 33.628 0
      vertex 156.036 35.628 3
      vertex 159.5 33.628 3
    endloop
  endfacet
  facet normal 0.500011 0.866019 0
    outer loop
      vertex 156.036 35.628 3
      vertex 159.5 33.628 0
      vertex 156.036 35.628 0
    endloop
  endfacet
  facet normal -0.500011 0.866019 0
    outer loop
      vertex 173.464 35.628 0
      vertex 170 33.628 3
      vertex 173.464 35.628 3
    endloop
  endfacet
  facet normal -0.500011 0.866019 0
    outer loop
      vertex 170 33.628 3
      vertex 173.464 35.628 0
      vertex 170 33.628 0
    endloop
  endfacet
  facet normal -1 0 0
    outer loop
      vertex 173.464 35.628 0
      vertex 173.464 39.628 3
      vertex 173.464 39.628 0
    endloop
  endfacet
  facet normal -1 -0 0
    outer loop
      vertex 173.464 39.628 3
      vertex 173.464 35.628 0
      vertex 173.464 35.628 3
    endloop
  endfacet
  facet normal 0.500011 -0.866019 0
    outer loop
      vertex 166.536 39.628 0
      vertex 170 41.628 3
      vertex 166.536 39.628 3
    endloop
  endfacet
  facet normal 0.500011 -0.866019 0
    outer loop
      vertex 170 41.628 3
      vertex 166.536 39.628 0
      vertex 170 41.628 0
    endloop
  endfacet
  facet normal -0.500011 -0.866019 0
    outer loop
      vertex 170 41.628 0
      vertex 173.464 39.628 3
      vertex 170 41.628 3
    endloop
  endfacet
  facet normal -0.500011 -0.866019 -0
    outer loop
      vertex 173.464 39.628 3
      vertex 170 41.628 0
      vertex 173.464 39.628 0
    endloop
  endfacet
  facet normal 1 -0 0
    outer loop
      vertex 166.536 35.628 3
      vertex 166.536 39.628 0
      vertex 166.536 39.628 3
    endloop
  endfacet
  facet normal 1 0 0
    outer loop
      vertex 166.536 39.628 0
      vertex 166.536 35.628 3
      vertex 166.536 35.628 0
    endloop
  endfacet
  facet normal 0.500011 0.866019 -0
    outer loop
      vertex 170 33.628 0
      vertex 166.536 35.628 3
      vertex 170 33.628 3
    endloop
  endfacet
  facet normal 0.500011 0.866019 0
    outer loop
      vertex 166.536 35.628 3
      vertex 170 33.628 0
      vertex 166.536 35.628 0
    endloop
  endfacet
  facet normal -0.500011 0.866019 0
    outer loop
      vertex 183.964 35.628 0
      vertex 180.5 33.628 3
      vertex 183.964 35.628 3
    endloop
  endfacet
  facet normal -0.500011 0.866019 0
    outer loop
      vertex 180.5 33.628 3
      vertex 183.964 35.628 0
      vertex 180.5 33.628 0
    endloop
  endfacet
  facet normal -1 0 0
    outer loop
      vertex 183.964 35.628 0
      vertex 183.964 39.628 3
      vertex 183.964 39.628 0
    endloop
  endfacet
  facet normal -1 -0 0
    outer loop
      vertex 183.964 39.628 3
      vertex 183.964 35.628 0
      vertex 183.964 35.628 3
    endloop
  endfacet
  facet normal 0.500011 -0.866019 0
    outer loop
      vertex 177.036 39.628 0
      vertex 180.5 41.628 3
      vertex 177.036 39.628 3
    endloop
  endfacet
  facet normal 0.500011 -0.866019 0
    outer loop
      vertex 180.5 41.628 3
      vertex 177.036 39.628 0
      vertex 180.5 41.628 0
    endloop
  endfacet
  facet normal -0.500011 -0.866019 0
    outer loop
      vertex 180.5 41.628 0
      vertex 183.964 39.628 3
      vertex 180.5 41.628 3
    endloop
  endfacet
  facet normal -0.500011 -0.866019 -0
    outer loop
      vertex 183.964 39.628 3
      vertex 180.5 41.628 0
      vertex 183.964 39.628 0
    endloop
  endfacet
  facet normal 1 -0 0
    outer loop
      vertex 177.036 35.628 3
      vertex 177.036 39.628 0
      vertex 177.036 39.628 3
    endloop
  endfacet
  facet normal 1 0 0
    outer loop
      vertex 177.036 39.628 0
      vertex 177.036 35.628 3
      vertex 177.036 35.628 0
    endloop
  endfacet
  facet normal 0.500011 0.866019 -0
    outer loop
      vertex 180.5 33.628 0
      vertex 177.036 35.628 3
      vertex 180.5 33.628 3
    endloop
  endfacet
  facet normal 0.500011 0.866019 0
    outer loop
      vertex 177.036 35.628 3
      vertex 180.5 33.628 0
      vertex 177.036 35.628 0
    endloop
  endfacet
  facet normal -0.500011 0.866019 0
    outer loop
      vertex 194.464 35.628 0
      vertex 191 33.628 3
      vertex 194.464 35.628 3
    endloop
  endfacet
  facet normal -0.500011 0.866019 0
    outer loop
      vertex 191 33.628 3
      vertex 194.464 35.628 0
      vertex 191 33.628 0
    endloop
  endfacet
  facet normal -1 0 0
    outer loop
      vertex 194.464 35.628 0
      vertex 194.464 39.628 3
      vertex 194.464 39.628 0
    endloop
  endfacet
  facet normal -1 -0 0
    outer loop
      vertex 194.464 39.628 3
      vertex 194.464 35.628 0
      vertex 194.464 35.628 3
    endloop
  endfacet
  facet normal 0.500011 -0.866019 0
    outer loop
      vertex 187.536 39.628 0
      vertex 191 41.628 3
      vertex 187.536 39.628 3
    endloop
  endfacet
  facet normal 0.500011 -0.866019 0
    outer loop
      vertex 191 41.628 3
      vertex 187.536 39.628 0
      vertex 191 41.628 0
    endloop
  endfacet
  facet normal -0.500011 -0.866019 0
    outer loop
      vertex 191 41.628 0
      vertex 194.464 39.628 3
      vertex 191 41.628 3
    endloop
  endfacet
  facet normal -0.500011 -0.866019 -0
    outer loop
      vertex 194.464 39.628 3
      vertex 191 41.628 0
      vertex 194.464 39.628 0
    endloop
  endfacet
  facet normal 1 -0 0
    outer loop
      vertex 187.536 35.628 3
      vertex 187.536 39.628 0
      vertex 187.536 39.628 3
    endloop
  endfacet
  facet normal 1 0 0
    outer loop
      vertex 187.536 39.628 0
      vertex 187.536 35.628 3
      vertex 187.536 35.628 0
    endloop
  endfacet
  facet normal 0.500011 0.866019 -0
    outer loop
      vertex 191 33.628 0
      vertex 187.536 35.628 3
      vertex 191 33.628 3
    endloop
  endfacet
  facet normal 0.500011 0.866019 0
    outer loop
      vertex 187.536 35.628 3
      vertex 191 33.628 0
      vertex 187.536 35.628 0
    endloop
  endfacet
  facet normal -0.500011 0.866019 0
    outer loop
      vertex 204.964 35.628 0
      vertex 201.5 33.628 3
      vertex 204.964 35.628 3
    endloop
  endfacet
  facet normal -0.500011 0.866019 0
    outer loop
      vertex 201.5 33.628 3
      vertex 204.964 35.628 0
      vertex 201.5 33.628 0
    endloop
  endfacet
  facet normal -1 0 0
    outer loop
      vertex 204.964 35.628 0
      vertex 204.964 39.628 3
      vertex 204.964 39.628 0
    endloop
  endfacet
  facet normal -1 -0 0
    outer loop
      vertex 204.964 39.628 3
      vertex 204.964 35.628 0
      vertex 204.964 35.628 3
    endloop
  endfacet
  facet normal 0.500011 -0.866019 0
    outer loop
      vertex 198.036 39.628 0
      vertex 201.5 41.628 3
      vertex 198.036 39.628 3
    endloop
  endfacet
  facet normal 0.500011 -0.866019 0
    outer loop
      vertex 201.5 41.628 3
      vertex 198.036 39.628 0
      vertex 201.5 41.628 0
    endloop
  endfacet
  facet normal -0.500011 -0.866019 0
    outer loop
      vertex 201.5 41.628 0
      vertex 204.964 39.628 3
      vertex 201.5 41.628 3
    endloop
  endfacet
  facet normal -0.500011 -0.866019 -0
    outer loop
      vertex 204.964 39.628 3
      vertex 201.5 41.628 0
      vertex 204.964 39.628 0
    endloop
  endfacet
  facet normal 1 -0 0
    outer loop
      vertex 198.036 35.628 3
      vertex 198.036 39.628 0
      vertex 198.036 39.628 3
    endloop
  endfacet
  facet normal 1 0 0
    outer loop
      vertex 198.036 39.628 0
      vertex 198.036 35.628 3
      vertex 198.036 35.628 0
    endloop
  endfacet
  facet normal 0.500011 0.866019 -0
    outer loop
      vertex 201.5 33.628 0
      vertex 198.036 35.628 3
      vertex 201.5 33.628 3
    endloop
  endfacet
  facet normal 0.500011 0.866019 0
    outer loop
      vertex 198.036 35.628 3
      vertex 201.5 33.628 0
      vertex 198.036 35.628 0
    endloop
  endfacet
  facet normal -0.500011 0.866019 0
    outer loop
      vertex 215.464 35.628 0
      vertex 212 33.628 3
      vertex 215.464 35.628 3
    endloop
  endfacet
  facet normal -0.500011 0.866019 0
    outer loop
      vertex 212 33.628 3
      vertex 215.464 35.628 0
      vertex 212 33.628 0
    endloop
  endfacet
  facet normal -1 0 0
    outer loop
      vertex 215.464 35.628 0
      vertex 215.464 39.628 3
      vertex 215.464 39.628 0
    endloop
  endfacet
  facet normal -1 -0 0
    outer loop
      vertex 215.464 39.628 3
      vertex 215.464 35.628 0
      vertex 215.464 35.628 3
    endloop
  endfacet
  facet normal 0.500011 -0.866019 0
    outer loop
      vertex 208.536 39.628 0
      vertex 212 41.628 3
      vertex 208.536 39.628 3
    endloop
  endfacet
  facet normal 0.500011 -0.866019 0
    outer loop
      vertex 212 41.628 3
      vertex 208.536 39.628 0
      vertex 212 41.628 0
    endloop
  endfacet
  facet normal -0.500011 -0.866019 0
    outer loop
      vertex 212 41.628 0
      vertex 215.464 39.628 3
      vertex 212 41.628 3
    endloop
  endfacet
  facet normal -0.500011 -0.866019 -0
    outer loop
      vertex 215.464 39.628 3
      vertex 212 41.628 0
      vertex 215.464 39.628 0
    endloop
  endfacet
  facet normal 1 -0 0
    outer loop
      vertex 208.536 35.628 3
      vertex 208.536 39.628 0
      vertex 208.536 39.628 3
    endloop
  endfacet
  facet normal 1 0 0
    outer loop
      vertex 208.536 39.628 0
      vertex 208.536 35.628 3
      vertex 208.536 35.628 0
    endloop
  endfacet
  facet normal 0.500011 0.866019 -0
    outer loop
      vertex 212 33.628 0
      vertex 208.536 35.628 3
      vertex 212 33.628 3
    endloop
  endfacet
  facet normal 0.500011 0.866019 0
    outer loop
      vertex 208.536 35.628 3
      vertex 212 33.628 0
      vertex 208.536 35.628 0
    endloop
  endfacet
  facet normal -0.499968 0.866044 0
    outer loop
      vertex 84.2141 44.721 0
      vertex 84 44.5974 3
      vertex 84.2141 44.721 3
    endloop
  endfacet
  facet normal -0.499968 0.866044 0
    outer loop
      vertex 84 44.5974 3
      vertex 84.2141 44.721 0
      vertex 84 44.5974 0
    endloop
  endfacet
  facet normal -1 0 0
    outer loop
      vertex 84.2141 44.721 0
      vertex 84.2141 48.721 3
      vertex 84.2141 48.721 0
    endloop
  endfacet
  facet normal -1 -0 0
    outer loop
      vertex 84.2141 48.721 3
      vertex 84.2141 44.721 0
      vertex 84.2141 44.721 3
    endloop
  endfacet
  facet normal -0.499968 -0.866044 0
    outer loop
      vertex 84 48.8446 0
      vertex 84.2141 48.721 3
      vertex 84 48.8446 3
    endloop
  endfacet
  facet normal -0.499968 -0.866044 -0
    outer loop
      vertex 84.2141 48.721 3
      vertex 84 48.8446 0
      vertex 84.2141 48.721 0
    endloop
  endfacet
  facet normal -0.5 0.866025 0
    outer loop
      vertex 94.7141 44.721 0
      vertex 91.25 42.721 3
      vertex 94.7141 44.721 3
    endloop
  endfacet
  facet normal -0.5 0.866025 0
    outer loop
      vertex 91.25 42.721 3
      vertex 94.7141 44.721 0
      vertex 91.25 42.721 0
    endloop
  endfacet
  facet normal -1 0 0
    outer loop
      vertex 94.7141 44.721 0
      vertex 94.7141 48.721 3
      vertex 94.7141 48.721 0
    endloop
  endfacet
  facet normal -1 -0 0
    outer loop
      vertex 94.7141 48.721 3
      vertex 94.7141 44.721 0
      vertex 94.7141 44.721 3
    endloop
  endfacet
  facet normal 0.5 -0.866025 0
    outer loop
      vertex 87.7859 48.721 0
      vertex 91.25 50.721 3
      vertex 87.7859 48.721 3
    endloop
  endfacet
  facet normal 0.5 -0.866025 0
    outer loop
      vertex 91.25 50.721 3
      vertex 87.7859 48.721 0
      vertex 91.25 50.721 0
    endloop
  endfacet
  facet normal -0.5 -0.866025 0
    outer loop
      vertex 91.25 50.721 0
      vertex 94.7141 48.721 3
      vertex 91.25 50.721 3
    endloop
  endfacet
  facet normal -0.5 -0.866025 -0
    outer loop
      vertex 94.7141 48.721 3
      vertex 91.25 50.721 0
      vertex 94.7141 48.721 0
    endloop
  endfacet
  facet normal 1 -0 0
    outer loop
      vertex 87.7859 44.721 3
      vertex 87.7859 48.721 0
      vertex 87.7859 48.721 3
    endloop
  endfacet
  facet normal 1 0 0
    outer loop
      vertex 87.7859 48.721 0
      vertex 87.7859 44.721 3
      vertex 87.7859 44.721 0
    endloop
  endfacet
  facet normal 0.5 0.866025 -0
    outer loop
      vertex 91.25 42.721 0
      vertex 87.7859 44.721 3
      vertex 91.25 42.721 3
    endloop
  endfacet
  facet normal 0.5 0.866025 0
    outer loop
      vertex 87.7859 44.721 3
      vertex 91.25 42.721 0
      vertex 87.7859 44.721 0
    endloop
  endfacet
  facet normal -0.500011 0.866019 0
    outer loop
      vertex 105.214 44.721 0
      vertex 101.75 42.721 3
      vertex 105.214 44.721 3
    endloop
  endfacet
  facet normal -0.500011 0.866019 0
    outer loop
      vertex 101.75 42.721 3
      vertex 105.214 44.721 0
      vertex 101.75 42.721 0
    endloop
  endfacet
  facet normal -1 0 0
    outer loop
      vertex 105.214 44.721 0
      vertex 105.214 48.721 3
      vertex 105.214 48.721 0
    endloop
  endfacet
  facet normal -1 -0 0
    outer loop
      vertex 105.214 48.721 3
      vertex 105.214 44.721 0
      vertex 105.214 44.721 3
    endloop
  endfacet
  facet normal 0.5 -0.866025 0
    outer loop
      vertex 98.2859 48.721 0
      vertex 101.75 50.721 3
      vertex 98.2859 48.721 3
    endloop
  endfacet
  facet normal 0.5 -0.866025 0
    outer loop
      vertex 101.75 50.721 3
      vertex 98.2859 48.721 0
      vertex 101.75 50.721 0
    endloop
  endfacet
  facet normal -0.500011 -0.866019 0
    outer loop
      vertex 101.75 50.721 0
      vertex 105.214 48.721 3
      vertex 101.75 50.721 3
    endloop
  endfacet
  facet normal -0.500011 -0.866019 -0
    outer loop
      vertex 105.214 48.721 3
      vertex 101.75 50.721 0
      vertex 105.214 48.721 0
    endloop
  endfacet
  facet normal 1 -0 0
    outer loop
      vertex 98.2859 44.721 3
      vertex 98.2859 48.721 0
      vertex 98.2859 48.721 3
    endloop
  endfacet
  facet normal 1 0 0
    outer loop
      vertex 98.2859 48.721 0
      vertex 98.2859 44.721 3
      vertex 98.2859 44.721 0
    endloop
  endfacet
  facet normal 0.5 0.866025 -0
    outer loop
      vertex 101.75 42.721 0
      vertex 98.2859 44.721 3
      vertex 101.75 42.721 3
    endloop
  endfacet
  facet normal 0.5 0.866025 0
    outer loop
      vertex 98.2859 44.721 3
      vertex 101.75 42.721 0
      vertex 98.2859 44.721 0
    endloop
  endfacet
  facet normal -0.500011 0.866019 0
    outer loop
      vertex 115.714 44.721 0
      vertex 112.25 42.721 3
      vertex 115.714 44.721 3
    endloop
  endfacet
  facet normal -0.500011 0.866019 0
    outer loop
      vertex 112.25 42.721 3
      vertex 115.714 44.721 0
      vertex 112.25 42.721 0
    endloop
  endfacet
  facet normal -1 0 0
    outer loop
      vertex 115.714 44.721 0
      vertex 115.714 48.721 3
      vertex 115.714 48.721 0
    endloop
  endfacet
  facet normal -1 -0 0
    outer loop
      vertex 115.714 48.721 3
      vertex 115.714 44.721 0
      vertex 115.714 44.721 3
    endloop
  endfacet
  facet normal 0.500011 -0.866019 0
    outer loop
      vertex 108.786 48.721 0
      vertex 112.25 50.721 3
      vertex 108.786 48.721 3
    endloop
  endfacet
  facet normal 0.500011 -0.866019 0
    outer loop
      vertex 112.25 50.721 3
      vertex 108.786 48.721 0
      vertex 112.25 50.721 0
    endloop
  endfacet
  facet normal -0.500011 -0.866019 0
    outer loop
      vertex 112.25 50.721 0
      vertex 115.714 48.721 3
      vertex 112.25 50.721 3
    endloop
  endfacet
  facet normal -0.500011 -0.866019 -0
    outer loop
      vertex 115.714 48.721 3
      vertex 112.25 50.721 0
      vertex 115.714 48.721 0
    endloop
  endfacet
  facet normal 1 -0 0
    outer loop
      vertex 108.786 44.721 3
      vertex 108.786 48.721 0
      vertex 108.786 48.721 3
    endloop
  endfacet
  facet normal 1 0 0
    outer loop
      vertex 108.786 48.721 0
      vertex 108.786 44.721 3
      vertex 108.786 44.721 0
    endloop
  endfacet
  facet normal 0.500011 0.866019 -0
    outer loop
      vertex 112.25 42.721 0
      vertex 108.786 44.721 3
      vertex 112.25 42.721 3
    endloop
  endfacet
  facet normal 0.500011 0.866019 0
    outer loop
      vertex 108.786 44.721 3
      vertex 112.25 42.721 0
      vertex 108.786 44.721 0
    endloop
  endfacet
  facet normal -0.500011 0.866019 0
    outer loop
      vertex 126.214 44.721 0
      vertex 122.75 42.721 3
      vertex 126.214 44.721 3
    endloop
  endfacet
  facet normal -0.500011 0.866019 0
    outer loop
      vertex 122.75 42.721 3
      vertex 126.214 44.721 0
      vertex 122.75 42.721 0
    endloop
  endfacet
  facet normal -1 0 0
    outer loop
      vertex 126.214 44.721 0
      vertex 126.214 48.721 3
      vertex 126.214 48.721 0
    endloop
  endfacet
  facet normal -1 -0 0
    outer loop
      vertex 126.214 48.721 3
      vertex 126.214 44.721 0
      vertex 126.214 44.721 3
    endloop
  endfacet
  facet normal 0.500011 -0.866019 0
    outer loop
      vertex 119.286 48.721 0
      vertex 122.75 50.721 3
      vertex 119.286 48.721 3
    endloop
  endfacet
  facet normal 0.500011 -0.866019 0
    outer loop
      vertex 122.75 50.721 3
      vertex 119.286 48.721 0
      vertex 122.75 50.721 0
    endloop
  endfacet
  facet normal -0.500011 -0.866019 0
    outer loop
      vertex 122.75 50.721 0
      vertex 126.214 48.721 3
      vertex 122.75 50.721 3
    endloop
  endfacet
  facet normal -0.500011 -0.866019 -0
    outer loop
      vertex 126.214 48.721 3
      vertex 122.75 50.721 0
      vertex 126.214 48.721 0
    endloop
  endfacet
  facet normal 1 -0 0
    outer loop
      vertex 119.286 44.721 3
      vertex 119.286 48.721 0
      vertex 119.286 48.721 3
    endloop
  endfacet
  facet normal 1 0 0
    outer loop
      vertex 119.286 48.721 0
      vertex 119.286 44.721 3
      vertex 119.286 44.721 0
    endloop
  endfacet
  facet normal 0.500011 0.866019 -0
    outer loop
      vertex 122.75 42.721 0
      vertex 119.286 44.721 3
      vertex 122.75 42.721 3
    endloop
  endfacet
  facet normal 0.500011 0.866019 0
    outer loop
      vertex 119.286 44.721 3
      vertex 122.75 42.721 0
      vertex 119.286 44.721 0
    endloop
  endfacet
  facet normal -0.500011 0.866019 0
    outer loop
      vertex 136.714 44.721 0
      vertex 133.25 42.721 3
      vertex 136.714 44.721 3
    endloop
  endfacet
  facet normal -0.500011 0.866019 0
    outer loop
      vertex 133.25 42.721 3
      vertex 136.714 44.721 0
      vertex 133.25 42.721 0
    endloop
  endfacet
  facet normal -1 0 0
    outer loop
      vertex 136.714 44.721 0
      vertex 136.714 48.721 3
      vertex 136.714 48.721 0
    endloop
  endfacet
  facet normal -1 -0 0
    outer loop
      vertex 136.714 48.721 3
      vertex 136.714 44.721 0
      vertex 136.714 44.721 3
    endloop
  endfacet
  facet normal 0.500011 -0.866019 0
    outer loop
      vertex 129.786 48.721 0
      vertex 133.25 50.721 3
      vertex 129.786 48.721 3
    endloop
  endfacet
  facet normal 0.500011 -0.866019 0
    outer loop
      vertex 133.25 50.721 3
      vertex 129.786 48.721 0
      vertex 133.25 50.721 0
    endloop
  endfacet
  facet normal -0.500011 -0.866019 0
    outer loop
      vertex 133.25 50.721 0
      vertex 136.714 48.721 3
      vertex 133.25 50.721 3
    endloop
  endfacet
  facet normal -0.500011 -0.866019 -0
    outer loop
      vertex 136.714 48.721 3
      vertex 133.25 50.721 0
      vertex 136.714 48.721 0
    endloop
  endfacet
  facet normal 1 -0 0
    outer loop
      vertex 129.786 44.721 3
      vertex 129.786 48.721 0
      vertex 129.786 48.721 3
    endloop
  endfacet
  facet normal 1 0 0
    outer loop
      vertex 129.786 48.721 0
      vertex 129.786 44.721 3
      vertex 129.786 44.721 0
    endloop
  endfacet
  facet normal 0.500011 0.866019 -0
    outer loop
      vertex 133.25 42.721 0
      vertex 129.786 44.721 3
      vertex 133.25 42.721 3
    endloop
  endfacet
  facet normal 0.500011 0.866019 0
    outer loop
      vertex 129.786 44.721 3
      vertex 133.25 42.721 0
      vertex 129.786 44.721 0
    endloop
  endfacet
  facet normal -0.500011 0.866019 0
    outer loop
      vertex 147.214 44.721 0
      vertex 143.75 42.721 3
      vertex 147.214 44.721 3
    endloop
  endfacet
  facet normal -0.500011 0.866019 0
    outer loop
      vertex 143.75 42.721 3
      vertex 147.214 44.721 0
      vertex 143.75 42.721 0
    endloop
  endfacet
  facet normal -1 0 0
    outer loop
      vertex 147.214 44.721 0
      vertex 147.214 48.721 3
      vertex 147.214 48.721 0
    endloop
  endfacet
  facet normal -1 -0 0
    outer loop
      vertex 147.214 48.721 3
      vertex 147.214 44.721 0
      vertex 147.214 44.721 3
    endloop
  endfacet
  facet normal 0.500011 -0.866019 0
    outer loop
      vertex 140.286 48.721 0
      vertex 143.75 50.721 3
      vertex 140.286 48.721 3
    endloop
  endfacet
  facet normal 0.500011 -0.866019 0
    outer loop
      vertex 143.75 50.721 3
      vertex 140.286 48.721 0
      vertex 143.75 50.721 0
    endloop
  endfacet
  facet normal -0.500011 -0.866019 0
    outer loop
      vertex 143.75 50.721 0
      vertex 147.214 48.721 3
      vertex 143.75 50.721 3
    endloop
  endfacet
  facet normal -0.500011 -0.866019 -0
    outer loop
      vertex 147.214 48.721 3
      vertex 143.75 50.721 0
      vertex 147.214 48.721 0
    endloop
  endfacet
  facet normal 1 -0 0
    outer loop
      vertex 140.286 44.721 3
      vertex 140.286 48.721 0
      vertex 140.286 48.721 3
    endloop
  endfacet
  facet normal 1 0 0
    outer loop
      vertex 140.286 48.721 0
      vertex 140.286 44.721 3
      vertex 140.286 44.721 0
    endloop
  endfacet
  facet normal 0.500011 0.866019 -0
    outer loop
      vertex 143.75 42.721 0
      vertex 140.286 44.721 3
      vertex 143.75 42.721 3
    endloop
  endfacet
  facet normal 0.500011 0.866019 0
    outer loop
      vertex 140.286 44.721 3
      vertex 143.75 42.721 0
      vertex 140.286 44.721 0
    endloop
  endfacet
  facet normal -0.500011 0.866019 0
    outer loop
      vertex 157.714 44.721 0
      vertex 154.25 42.721 3
      vertex 157.714 44.721 3
    endloop
  endfacet
  facet normal -0.500011 0.866019 0
    outer loop
      vertex 154.25 42.721 3
      vertex 157.714 44.721 0
      vertex 154.25 42.721 0
    endloop
  endfacet
  facet normal -1 0 0
    outer loop
      vertex 157.714 44.721 0
      vertex 157.714 48.721 3
      vertex 157.714 48.721 0
    endloop
  endfacet
  facet normal -1 -0 0
    outer loop
      vertex 157.714 48.721 3
      vertex 157.714 44.721 0
      vertex 157.714 44.721 3
    endloop
  endfacet
  facet normal 0.500011 -0.866019 0
    outer loop
      vertex 150.786 48.721 0
      vertex 154.25 50.721 3
      vertex 150.786 48.721 3
    endloop
  endfacet
  facet normal 0.500011 -0.866019 0
    outer loop
      vertex 154.25 50.721 3
      vertex 150.786 48.721 0
      vertex 154.25 50.721 0
    endloop
  endfacet
  facet normal -0.500011 -0.866019 0
    outer loop
      vertex 154.25 50.721 0
      vertex 157.714 48.721 3
      vertex 154.25 50.721 3
    endloop
  endfacet
  facet normal -0.500011 -0.866019 -0
    outer loop
      vertex 157.714 48.721 3
      vertex 154.25 50.721 0
      vertex 157.714 48.721 0
    endloop
  endfacet
  facet normal 1 -0 0
    outer loop
      vertex 150.786 44.721 3
      vertex 150.786 48.721 0
      vertex 150.786 48.721 3
    endloop
  endfacet
  facet normal 1 0 0
    outer loop
      vertex 150.786 48.721 0
      vertex 150.786 44.721 3
      vertex 150.786 44.721 0
    endloop
  endfacet
  facet normal 0.500011 0.866019 -0
    outer loop
      vertex 154.25 42.721 0
      vertex 150.786 44.721 3
      vertex 154.25 42.721 3
    endloop
  endfacet
  facet normal 0.500011 0.866019 0
    outer loop
      vertex 150.786 44.721 3
      vertex 154.25 42.721 0
      vertex 150.786 44.721 0
    endloop
  endfacet
  facet normal -0.500011 0.866019 0
    outer loop
      vertex 168.214 44.721 0
      vertex 164.75 42.721 3
      vertex 168.214 44.721 3
    endloop
  endfacet
  facet normal -0.500011 0.866019 0
    outer loop
      vertex 164.75 42.721 3
      vertex 168.214 44.721 0
      vertex 164.75 42.721 0
    endloop
  endfacet
  facet normal -1 0 0
    outer loop
      vertex 168.214 44.721 0
      vertex 168.214 48.721 3
      vertex 168.214 48.721 0
    endloop
  endfacet
  facet normal -1 -0 0
    outer loop
      vertex 168.214 48.721 3
      vertex 168.214 44.721 0
      vertex 168.214 44.721 3
    endloop
  endfacet
  facet normal 0.500011 -0.866019 0
    outer loop
      vertex 161.286 48.721 0
      vertex 164.75 50.721 3
      vertex 161.286 48.721 3
    endloop
  endfacet
  facet normal 0.500011 -0.866019 0
    outer loop
      vertex 164.75 50.721 3
      vertex 161.286 48.721 0
      vertex 164.75 50.721 0
    endloop
  endfacet
  facet normal -0.500011 -0.866019 0
    outer loop
      vertex 164.75 50.721 0
      vertex 168.214 48.721 3
      vertex 164.75 50.721 3
    endloop
  endfacet
  facet normal -0.500011 -0.866019 -0
    outer loop
      vertex 168.214 48.721 3
      vertex 164.75 50.721 0
      vertex 168.214 48.721 0
    endloop
  endfacet
  facet normal 1 -0 0
    outer loop
      vertex 161.286 44.721 3
      vertex 161.286 48.721 0
      vertex 161.286 48.721 3
    endloop
  endfacet
  facet normal 1 0 0
    outer loop
      vertex 161.286 48.721 0
      vertex 161.286 44.721 3
      vertex 161.286 44.721 0
    endloop
  endfacet
  facet normal 0.500011 0.866019 -0
    outer loop
      vertex 164.75 42.721 0
      vertex 161.286 44.721 3
      vertex 164.75 42.721 3
    endloop
  endfacet
  facet normal 0.500011 0.866019 0
    outer loop
      vertex 161.286 44.721 3
      vertex 164.75 42.721 0
      vertex 161.286 44.721 0
    endloop
  endfacet
  facet normal -0.500011 0.866019 0
    outer loop
      vertex 178.714 44.721 0
      vertex 175.25 42.721 3
      vertex 178.714 44.721 3
    endloop
  endfacet
  facet normal -0.500011 0.866019 0
    outer loop
      vertex 175.25 42.721 3
      vertex 178.714 44.721 0
      vertex 175.25 42.721 0
    endloop
  endfacet
  facet normal -1 0 0
    outer loop
      vertex 178.714 44.721 0
      vertex 178.714 48.721 3
      vertex 178.714 48.721 0
    endloop
  endfacet
  facet normal -1 -0 0
    outer loop
      vertex 178.714 48.721 3
      vertex 178.714 44.721 0
      vertex 178.714 44.721 3
    endloop
  endfacet
  facet normal 0.500011 -0.866019 0
    outer loop
      vertex 171.786 48.721 0
      vertex 175.25 50.721 3
      vertex 171.786 48.721 3
    endloop
  endfacet
  facet normal 0.500011 -0.866019 0
    outer loop
      vertex 175.25 50.721 3
      vertex 171.786 48.721 0
      vertex 175.25 50.721 0
    endloop
  endfacet
  facet normal -0.500011 -0.866019 0
    outer loop
      vertex 175.25 50.721 0
      vertex 178.714 48.721 3
      vertex 175.25 50.721 3
    endloop
  endfacet
  facet normal -0.500011 -0.866019 -0
    outer loop
      vertex 178.714 48.721 3
      vertex 175.25 50.721 0
      vertex 178.714 48.721 0
    endloop
  endfacet
  facet normal 1 -0 0
    outer loop
      vertex 171.786 44.721 3
      vertex 171.786 48.721 0
      vertex 171.786 48.721 3
    endloop
  endfacet
  facet normal 1 0 0
    outer loop
      vertex 171.786 48.721 0
      vertex 171.786 44.721 3
      vertex 171.786 44.721 0
    endloop
  endfacet
  facet normal 0.500011 0.866019 -0
    outer loop
      vertex 175.25 42.721 0
      vertex 171.786 44.721 3
      vertex 175.25 42.721 3
    endloop
  endfacet
  facet normal 0.500011 0.866019 0
    outer loop
      vertex 171.786 44.721 3
      vertex 175.25 42.721 0
      vertex 171.786 44.721 0
    endloop
  endfacet
  facet normal -0.500011 0.866019 0
    outer loop
      vertex 189.214 44.721 0
      vertex 185.75 42.721 3
      vertex 189.214 44.721 3
    endloop
  endfacet
  facet normal -0.500011 0.866019 0
    outer loop
      vertex 185.75 42.721 3
      vertex 189.214 44.721 0
      vertex 185.75 42.721 0
    endloop
  endfacet
  facet normal -1 0 0
    outer loop
      vertex 189.214 44.721 0
      vertex 189.214 48.721 3
      vertex 189.214 48.721 0
    endloop
  endfacet
  facet normal -1 -0 0
    outer loop
      vertex 189.214 48.721 3
      vertex 189.214 44.721 0
      vertex 189.214 44.721 3
    endloop
  endfacet
  facet normal 0.500011 -0.866019 0
    outer loop
      vertex 182.286 48.721 0
      vertex 185.75 50.721 3
      vertex 182.286 48.721 3
    endloop
  endfacet
  facet normal 0.500011 -0.866019 0
    outer loop
      vertex 185.75 50.721 3
      vertex 182.286 48.721 0
      vertex 185.75 50.721 0
    endloop
  endfacet
  facet normal -0.500011 -0.866019 0
    outer loop
      vertex 185.75 50.721 0
      vertex 189.214 48.721 3
      vertex 185.75 50.721 3
    endloop
  endfacet
  facet normal -0.500011 -0.866019 -0
    outer loop
      vertex 189.214 48.721 3
      vertex 185.75 50.721 0
      vertex 189.214 48.721 0
    endloop
  endfacet
  facet normal 1 -0 0
    outer loop
      vertex 182.286 44.721 3
      vertex 182.286 48.721 0
      vertex 182.286 48.721 3
    endloop
  endfacet
  facet normal 1 0 0
    outer loop
      vertex 182.286 48.721 0
      vertex 182.286 44.721 3
      vertex 182.286 44.721 0
    endloop
  endfacet
  facet normal 0.500011 0.866019 -0
    outer loop
      vertex 185.75 42.721 0
      vertex 182.286 44.721 3
      vertex 185.75 42.721 3
    endloop
  endfacet
  facet normal 0.500011 0.866019 0
    outer loop
      vertex 182.286 44.721 3
      vertex 185.75 42.721 0
      vertex 182.286 44.721 0
    endloop
  endfacet
  facet normal -0.500011 0.866019 0
    outer loop
      vertex 199.714 44.721 0
      vertex 196.25 42.721 3
      vertex 199.714 44.721 3
    endloop
  endfacet
  facet normal -0.500011 0.866019 0
    outer loop
      vertex 196.25 42.721 3
      vertex 199.714 44.721 0
      vertex 196.25 42.721 0
    endloop
  endfacet
  facet normal -1 0 0
    outer loop
      vertex 199.714 44.721 0
      vertex 199.714 48.721 3
      vertex 199.714 48.721 0
    endloop
  endfacet
  facet normal -1 -0 0
    outer loop
      vertex 199.714 48.721 3
      vertex 199.714 44.721 0
      vertex 199.714 44.721 3
    endloop
  endfacet
  facet normal 0.500011 -0.866019 0
    outer loop
      vertex 192.786 48.721 0
      vertex 196.25 50.721 3
      vertex 192.786 48.721 3
    endloop
  endfacet
  facet normal 0.500011 -0.866019 0
    outer loop
      vertex 196.25 50.721 3
      vertex 192.786 48.721 0
      vertex 196.25 50.721 0
    endloop
  endfacet
  facet normal -0.500011 -0.866019 0
    outer loop
      vertex 196.25 50.721 0
      vertex 199.714 48.721 3
      vertex 196.25 50.721 3
    endloop
  endfacet
  facet normal -0.500011 -0.866019 -0
    outer loop
      vertex 199.714 48.721 3
      vertex 196.25 50.721 0
      vertex 199.714 48.721 0
    endloop
  endfacet
  facet normal 1 -0 0
    outer loop
      vertex 192.786 44.721 3
      vertex 192.786 48.721 0
      vertex 192.786 48.721 3
    endloop
  endfacet
  facet normal 1 0 0
    outer loop
      vertex 192.786 48.721 0
      vertex 192.786 44.721 3
      vertex 192.786 44.721 0
    endloop
  endfacet
  facet normal 0.500011 0.866019 -0
    outer loop
      vertex 196.25 42.721 0
      vertex 192.786 44.721 3
      vertex 196.25 42.721 3
    endloop
  endfacet
  facet normal 0.500011 0.866019 0
    outer loop
      vertex 192.786 44.721 3
      vertex 196.25 42.721 0
      vertex 192.786 44.721 0
    endloop
  endfacet
  facet normal -0.500011 0.866019 0
    outer loop
      vertex 210.214 44.721 0
      vertex 206.75 42.721 3
      vertex 210.214 44.721 3
    endloop
  endfacet
  facet normal -0.500011 0.866019 0
    outer loop
      vertex 206.75 42.721 3
      vertex 210.214 44.721 0
      vertex 206.75 42.721 0
    endloop
  endfacet
  facet normal -1 0 0
    outer loop
      vertex 210.214 44.721 0
      vertex 210.214 48.721 3
      vertex 210.214 48.721 0
    endloop
  endfacet
  facet normal -1 -0 0
    outer loop
      vertex 210.214 48.721 3
      vertex 210.214 44.721 0
      vertex 210.214 44.721 3
    endloop
  endfacet
  facet normal 0.500011 -0.866019 0
    outer loop
      vertex 203.286 48.721 0
      vertex 206.75 50.721 3
      vertex 203.286 48.721 3
    endloop
  endfacet
  facet normal 0.500011 -0.866019 0
    outer loop
      vertex 206.75 50.721 3
      vertex 203.286 48.721 0
      vertex 206.75 50.721 0
    endloop
  endfacet
  facet normal -0.500011 -0.866019 0
    outer loop
      vertex 206.75 50.721 0
      vertex 210.214 48.721 3
      vertex 206.75 50.721 3
    endloop
  endfacet
  facet normal -0.500011 -0.866019 -0
    outer loop
      vertex 210.214 48.721 3
      vertex 206.75 50.721 0
      vertex 210.214 48.721 0
    endloop
  endfacet
  facet normal 1 -0 0
    outer loop
      vertex 203.286 44.721 3
      vertex 203.286 48.721 0
      vertex 203.286 48.721 3
    endloop
  endfacet
  facet normal 1 0 0
    outer loop
      vertex 203.286 48.721 0
      vertex 203.286 44.721 3
      vertex 203.286 44.721 0
    endloop
  endfacet
  facet normal 0.500011 0.866019 -0
    outer loop
      vertex 206.75 42.721 0
      vertex 203.286 44.721 3
      vertex 206.75 42.721 3
    endloop
  endfacet
  facet normal 0.500011 0.866019 0
    outer loop
      vertex 203.286 44.721 3
      vertex 206.75 42.721 0
      vertex 203.286 44.721 0
    endloop
  endfacet
  facet normal 0.500018 -0.866015 0
    outer loop
      vertex 213.786 48.721 0
      vertex 215.7 49.8261 3
      vertex 213.786 48.721 3
    endloop
  endfacet
  facet normal 0.500018 -0.866015 0
    outer loop
      vertex 215.7 49.8261 3
      vertex 213.786 48.721 0
      vertex 215.7 49.8261 0
    endloop
  endfacet
  facet normal 1 -0 0
    outer loop
      vertex 213.786 44.721 3
      vertex 213.786 48.721 0
      vertex 213.786 48.721 3
    endloop
  endfacet
  facet normal 1 0 0
    outer loop
      vertex 213.786 48.721 0
      vertex 213.786 44.721 3
      vertex 213.786 44.721 0
    endloop
  endfacet
  facet normal 0.500018 0.866015 -0
    outer loop
      vertex 215.7 43.6159 0
      vertex 213.786 44.721 3
      vertex 215.7 43.6159 3
    endloop
  endfacet
  facet normal 0.500018 0.866015 0
    outer loop
      vertex 213.786 44.721 3
      vertex 215.7 43.6159 0
      vertex 213.786 44.721 0
    endloop
  endfacet
  facet normal -0.5 0.866025 0
    outer loop
      vertex 89.4641 53.814 0
      vertex 86 51.814 3
      vertex 89.4641 53.814 3
    endloop
  endfacet
  facet normal -0.5 0.866025 0
    outer loop
      vertex 86 51.814 3
      vertex 89.4641 53.814 0
      vertex 86 51.814 0
    endloop
  endfacet
  facet normal -1 0 0
    outer loop
      vertex 89.4641 53.814 0
      vertex 89.4641 57.814 3
      vertex 89.4641 57.814 0
    endloop
  endfacet
  facet normal -1 -0 0
    outer loop
      vertex 89.4641 57.814 3
      vertex 89.4641 53.814 0
      vertex 89.4641 53.814 3
    endloop
  endfacet
  facet normal 0.5 -0.866026 0
    outer loop
      vertex 84 58.6593 0
      vertex 86 59.814 3
      vertex 84 58.6593 3
    endloop
  endfacet
  facet normal 0.5 -0.866026 0
    outer loop
      vertex 86 59.814 3
      vertex 84 58.6593 0
      vertex 86 59.814 0
    endloop
  endfacet
  facet normal -0.5 -0.866025 0
    outer loop
      vertex 86 59.814 0
      vertex 89.4641 57.814 3
      vertex 86 59.814 3
    endloop
  endfacet
  facet normal -0.5 -0.866025 -0
    outer loop
      vertex 89.4641 57.814 3
      vertex 86 59.814 0
      vertex 89.4641 57.814 0
    endloop
  endfacet
  facet normal 0.5 0.866026 -0
    outer loop
      vertex 86 51.814 0
      vertex 84 52.9687 3
      vertex 86 51.814 3
    endloop
  endfacet
  facet normal 0.5 0.866026 0
    outer loop
      vertex 84 52.9687 3
      vertex 86 51.814 0
      vertex 84 52.9687 0
    endloop
  endfacet
  facet normal -0.5 0.866025 0
    outer loop
      vertex 99.9641 53.814 0
      vertex 96.5 51.814 3
      vertex 99.9641 53.814 3
    endloop
  endfacet
  facet normal -0.5 0.866025 0
    outer loop
      vertex 96.5 51.814 3
      vertex 99.9641 53.814 0
      vertex 96.5 51.814 0
    endloop
  endfacet
  facet normal -1 0 0
    outer loop
      vertex 99.9641 53.814 0
      vertex 99.9641 57.814 3
      vertex 99.9641 57.814 0
    endloop
  endfacet
  facet normal -1 -0 0
    outer loop
      vertex 99.9641 57.814 3
      vertex 99.9641 53.814 0
      vertex 99.9641 53.814 3
    endloop
  endfacet
  facet normal 0.5 -0.866025 0
    outer loop
      vertex 93.0359 57.814 0
      vertex 96.5 59.814 3
      vertex 93.0359 57.814 3
    endloop
  endfacet
  facet normal 0.5 -0.866025 0
    outer loop
      vertex 96.5 59.814 3
      vertex 93.0359 57.814 0
      vertex 96.5 59.814 0
    endloop
  endfacet
  facet normal -0.5 -0.866025 0
    outer loop
      vertex 96.5 59.814 0
      vertex 99.9641 57.814 3
      vertex 96.5 59.814 3
    endloop
  endfacet
  facet normal -0.5 -0.866025 -0
    outer loop
      vertex 99.9641 57.814 3
      vertex 96.5 59.814 0
      vertex 99.9641 57.814 0
    endloop
  endfacet
  facet normal 1 -0 0
    outer loop
      vertex 93.0359 53.814 3
      vertex 93.0359 57.814 0
      vertex 93.0359 57.814 3
    endloop
  endfacet
  facet normal 1 0 0
    outer loop
      vertex 93.0359 57.814 0
      vertex 93.0359 53.814 3
      vertex 93.0359 53.814 0
    endloop
  endfacet
  facet normal 0.5 0.866025 -0
    outer loop
      vertex 96.5 51.814 0
      vertex 93.0359 53.814 3
      vertex 96.5 51.814 3
    endloop
  endfacet
  facet normal 0.5 0.866025 0
    outer loop
      vertex 93.0359 53.814 3
      vertex 96.5 51.814 0
      vertex 93.0359 53.814 0
    endloop
  endfacet
  facet normal -0.500011 0.866019 0
    outer loop
      vertex 110.464 53.814 0
      vertex 107 51.814 3
      vertex 110.464 53.814 3
    endloop
  endfacet
  facet normal -0.500011 0.866019 0
    outer loop
      vertex 107 51.814 3
      vertex 110.464 53.814 0
      vertex 107 51.814 0
    endloop
  endfacet
  facet normal -1 0 0
    outer loop
      vertex 110.464 53.814 0
      vertex 110.464 57.814 3
      vertex 110.464 57.814 0
    endloop
  endfacet
  facet normal -1 -0 0
    outer loop
      vertex 110.464 57.814 3
      vertex 110.464 53.814 0
      vertex 110.464 53.814 3
    endloop
  endfacet
  facet normal 0.500011 -0.866019 0
    outer loop
      vertex 103.536 57.814 0
      vertex 107 59.814 3
      vertex 103.536 57.814 3
    endloop
  endfacet
  facet normal 0.500011 -0.866019 0
    outer loop
      vertex 107 59.814 3
      vertex 103.536 57.814 0
      vertex 107 59.814 0
    endloop
  endfacet
  facet normal -0.500011 -0.866019 0
    outer loop
      vertex 107 59.814 0
      vertex 110.464 57.814 3
      vertex 107 59.814 3
    endloop
  endfacet
  facet normal -0.500011 -0.866019 -0
    outer loop
      vertex 110.464 57.814 3
      vertex 107 59.814 0
      vertex 110.464 57.814 0
    endloop
  endfacet
  facet normal 1 -0 0
    outer loop
      vertex 103.536 53.814 3
      vertex 103.536 57.814 0
      vertex 103.536 57.814 3
    endloop
  endfacet
  facet normal 1 0 0
    outer loop
      vertex 103.536 57.814 0
      vertex 103.536 53.814 3
      vertex 103.536 53.814 0
    endloop
  endfacet
  facet normal 0.500011 0.866019 -0
    outer loop
      vertex 107 51.814 0
      vertex 103.536 53.814 3
      vertex 107 51.814 3
    endloop
  endfacet
  facet normal 0.500011 0.866019 0
    outer loop
      vertex 103.536 53.814 3
      vertex 107 51.814 0
      vertex 103.536 53.814 0
    endloop
  endfacet
  facet normal -0.500011 0.866019 0
    outer loop
      vertex 120.964 53.814 0
      vertex 117.5 51.814 3
      vertex 120.964 53.814 3
    endloop
  endfacet
  facet normal -0.500011 0.866019 0
    outer loop
      vertex 117.5 51.814 3
      vertex 120.964 53.814 0
      vertex 117.5 51.814 0
    endloop
  endfacet
  facet normal -1 0 0
    outer loop
      vertex 120.964 53.814 0
      vertex 120.964 57.814 3
      vertex 120.964 57.814 0
    endloop
  endfacet
  facet normal -1 -0 0
    outer loop
      vertex 120.964 57.814 3
      vertex 120.964 53.814 0
      vertex 120.964 53.814 3
    endloop
  endfacet
  facet normal 0.500011 -0.866019 0
    outer loop
      vertex 114.036 57.814 0
      vertex 117.5 59.814 3
      vertex 114.036 57.814 3
    endloop
  endfacet
  facet normal 0.500011 -0.866019 0
    outer loop
      vertex 117.5 59.814 3
      vertex 114.036 57.814 0
      vertex 117.5 59.814 0
    endloop
  endfacet
  facet normal -0.500011 -0.866019 0
    outer loop
      vertex 117.5 59.814 0
      vertex 120.964 57.814 3
      vertex 117.5 59.814 3
    endloop
  endfacet
  facet normal -0.500011 -0.866019 -0
    outer loop
      vertex 120.964 57.814 3
      vertex 117.5 59.814 0
      vertex 120.964 57.814 0
    endloop
  endfacet
  facet normal 1 -0 0
    outer loop
      vertex 114.036 53.814 3
      vertex 114.036 57.814 0
      vertex 114.036 57.814 3
    endloop
  endfacet
  facet normal 1 0 0
    outer loop
      vertex 114.036 57.814 0
      vertex 114.036 53.814 3
      vertex 114.036 53.814 0
    endloop
  endfacet
  facet normal 0.500011 0.866019 -0
    outer loop
      vertex 117.5 51.814 0
      vertex 114.036 53.814 3
      vertex 117.5 51.814 3
    endloop
  endfacet
  facet normal 0.500011 0.866019 0
    outer loop
      vertex 114.036 53.814 3
      vertex 117.5 51.814 0
      vertex 114.036 53.814 0
    endloop
  endfacet
  facet normal -0.500011 0.866019 0
    outer loop
      vertex 131.464 53.814 0
      vertex 128 51.814 3
      vertex 131.464 53.814 3
    endloop
  endfacet
  facet normal -0.500011 0.866019 0
    outer loop
      vertex 128 51.814 3
      vertex 131.464 53.814 0
      vertex 128 51.814 0
    endloop
  endfacet
  facet normal -1 0 0
    outer loop
      vertex 131.464 53.814 0
      vertex 131.464 57.814 3
      vertex 131.464 57.814 0
    endloop
  endfacet
  facet normal -1 -0 0
    outer loop
      vertex 131.464 57.814 3
      vertex 131.464 53.814 0
      vertex 131.464 53.814 3
    endloop
  endfacet
  facet normal 0.500011 -0.866019 0
    outer loop
      vertex 124.536 57.814 0
      vertex 128 59.814 3
      vertex 124.536 57.814 3
    endloop
  endfacet
  facet normal 0.500011 -0.866019 0
    outer loop
      vertex 128 59.814 3
      vertex 124.536 57.814 0
      vertex 128 59.814 0
    endloop
  endfacet
  facet normal -0.500011 -0.866019 0
    outer loop
      vertex 128 59.814 0
      vertex 131.464 57.814 3
      vertex 128 59.814 3
    endloop
  endfacet
  facet normal -0.500011 -0.866019 -0
    outer loop
      vertex 131.464 57.814 3
      vertex 128 59.814 0
      vertex 131.464 57.814 0
    endloop
  endfacet
  facet normal 1 -0 0
    outer loop
      vertex 124.536 53.814 3
      vertex 124.536 57.814 0
      vertex 124.536 57.814 3
    endloop
  endfacet
  facet normal 1 0 0
    outer loop
      vertex 124.536 57.814 0
      vertex 124.536 53.814 3
      vertex 124.536 53.814 0
    endloop
  endfacet
  facet normal 0.500011 0.866019 -0
    outer loop
      vertex 128 51.814 0
      vertex 124.536 53.814 3
      vertex 128 51.814 3
    endloop
  endfacet
  facet normal 0.500011 0.866019 0
    outer loop
      vertex 124.536 53.814 3
      vertex 128 51.814 0
      vertex 124.536 53.814 0
    endloop
  endfacet
  facet normal -0.500011 0.866019 0
    outer loop
      vertex 141.964 53.814 0
      vertex 138.5 51.814 3
      vertex 141.964 53.814 3
    endloop
  endfacet
  facet normal -0.500011 0.866019 0
    outer loop
      vertex 138.5 51.814 3
      vertex 141.964 53.814 0
      vertex 138.5 51.814 0
    endloop
  endfacet
  facet normal -1 0 0
    outer loop
      vertex 141.964 53.814 0
      vertex 141.964 57.814 3
      vertex 141.964 57.814 0
    endloop
  endfacet
  facet normal -1 -0 0
    outer loop
      vertex 141.964 57.814 3
      vertex 141.964 53.814 0
      vertex 141.964 53.814 3
    endloop
  endfacet
  facet normal 0.500011 -0.866019 0
    outer loop
      vertex 135.036 57.814 0
      vertex 138.5 59.814 3
      vertex 135.036 57.814 3
    endloop
  endfacet
  facet normal 0.500011 -0.866019 0
    outer loop
      vertex 138.5 59.814 3
      vertex 135.036 57.814 0
      vertex 138.5 59.814 0
    endloop
  endfacet
  facet normal -0.500011 -0.866019 0
    outer loop
      vertex 138.5 59.814 0
      vertex 141.964 57.814 3
      vertex 138.5 59.814 3
    endloop
  endfacet
  facet normal -0.500011 -0.866019 -0
    outer loop
      vertex 141.964 57.814 3
      vertex 138.5 59.814 0
      vertex 141.964 57.814 0
    endloop
  endfacet
  facet normal 1 -0 0
    outer loop
      vertex 135.036 53.814 3
      vertex 135.036 57.814 0
      vertex 135.036 57.814 3
    endloop
  endfacet
  facet normal 1 0 0
    outer loop
      vertex 135.036 57.814 0
      vertex 135.036 53.814 3
      vertex 135.036 53.814 0
    endloop
  endfacet
  facet normal 0.500011 0.866019 -0
    outer loop
      vertex 138.5 51.814 0
      vertex 135.036 53.814 3
      vertex 138.5 51.814 3
    endloop
  endfacet
  facet normal 0.500011 0.866019 0
    outer loop
      vertex 135.036 53.814 3
      vertex 138.5 51.814 0
      vertex 135.036 53.814 0
    endloop
  endfacet
  facet normal -0.500011 0.866019 0
    outer loop
      vertex 152.464 53.814 0
      vertex 149 51.814 3
      vertex 152.464 53.814 3
    endloop
  endfacet
  facet normal -0.500011 0.866019 0
    outer loop
      vertex 149 51.814 3
      vertex 152.464 53.814 0
      vertex 149 51.814 0
    endloop
  endfacet
  facet normal -1 0 0
    outer loop
      vertex 152.464 53.814 0
      vertex 152.464 57.814 3
      vertex 152.464 57.814 0
    endloop
  endfacet
  facet normal -1 -0 0
    outer loop
      vertex 152.464 57.814 3
      vertex 152.464 53.814 0
      vertex 152.464 53.814 3
    endloop
  endfacet
  facet normal 0.500011 -0.866019 0
    outer loop
      vertex 145.536 57.814 0
      vertex 149 59.814 3
      vertex 145.536 57.814 3
    endloop
  endfacet
  facet normal 0.500011 -0.866019 0
    outer loop
      vertex 149 59.814 3
      vertex 145.536 57.814 0
      vertex 149 59.814 0
    endloop
  endfacet
  facet normal -0.500011 -0.866019 0
    outer loop
      vertex 149 59.814 0
      vertex 152.464 57.814 3
      vertex 149 59.814 3
    endloop
  endfacet
  facet normal -0.500011 -0.866019 -0
    outer loop
      vertex 152.464 57.814 3
      vertex 149 59.814 0
      vertex 152.464 57.814 0
    endloop
  endfacet
  facet normal 1 -0 0
    outer loop
      vertex 145.536 53.814 3
      vertex 145.536 57.814 0
      vertex 145.536 57.814 3
    endloop
  endfacet
  facet normal 1 0 0
    outer loop
      vertex 145.536 57.814 0
      vertex 145.536 53.814 3
      vertex 145.536 53.814 0
    endloop
  endfacet
  facet normal 0.500011 0.866019 -0
    outer loop
      vertex 149 51.814 0
      vertex 145.536 53.814 3
      vertex 149 51.814 3
    endloop
  endfacet
  facet normal 0.500011 0.866019 0
    outer loop
      vertex 145.536 53.814 3
      vertex 149 51.814 0
      vertex 145.536 53.814 0
    endloop
  endfacet
  facet normal -0.500011 0.866019 0
    outer loop
      vertex 162.964 53.814 0
      vertex 159.5 51.814 3
      vertex 162.964 53.814 3
    endloop
  endfacet
  facet normal -0.500011 0.866019 0
    outer loop
      vertex 159.5 51.814 3
      vertex 162.964 53.814 0
      vertex 159.5 51.814 0
    endloop
  endfacet
  facet normal -1 0 0
    outer loop
      vertex 162.964 53.814 0
      vertex 162.964 57.814 3
      vertex 162.964 57.814 0
    endloop
  endfacet
  facet normal -1 -0 0
    outer loop
      vertex 162.964 57.814 3
      vertex 162.964 53.814 0
      vertex 162.964 53.814 3
    endloop
  endfacet
  facet normal 0.500011 -0.866019 0
    outer loop
      vertex 156.036 57.814 0
      vertex 159.5 59.814 3
      vertex 156.036 57.814 3
    endloop
  endfacet
  facet normal 0.500011 -0.866019 0
    outer loop
      vertex 159.5 59.814 3
      vertex 156.036 57.814 0
      vertex 159.5 59.814 0
    endloop
  endfacet
  facet normal -0.500011 -0.866019 0
    outer loop
      vertex 159.5 59.814 0
      vertex 162.964 57.814 3
      vertex 159.5 59.814 3
    endloop
  endfacet
  facet normal -0.500011 -0.866019 -0
    outer loop
      vertex 162.964 57.814 3
      vertex 159.5 59.814 0
      vertex 162.964 57.814 0
    endloop
  endfacet
  facet normal 1 -0 0
    outer loop
      vertex 156.036 53.814 3
      vertex 156.036 57.814 0
      vertex 156.036 57.814 3
    endloop
  endfacet
  facet normal 1 0 0
    outer loop
      vertex 156.036 57.814 0
      vertex 156.036 53.814 3
      vertex 156.036 53.814 0
    endloop
  endfacet
  facet normal 0.500011 0.866019 -0
    outer loop
      vertex 159.5 51.814 0
      vertex 156.036 53.814 3
      vertex 159.5 51.814 3
    endloop
  endfacet
  facet normal 0.500011 0.866019 0
    outer loop
      vertex 156.036 53.814 3
      vertex 159.5 51.814 0
      vertex 156.036 53.814 0
    endloop
  endfacet
  facet normal -0.500011 0.866019 0
    outer loop
      vertex 173.464 53.814 0
      vertex 170 51.814 3
      vertex 173.464 53.814 3
    endloop
  endfacet
  facet normal -0.500011 0.866019 0
    outer loop
      vertex 170 51.814 3
      vertex 173.464 53.814 0
      vertex 170 51.814 0
    endloop
  endfacet
  facet normal -1 0 0
    outer loop
      vertex 173.464 53.814 0
      vertex 173.464 57.814 3
      vertex 173.464 57.814 0
    endloop
  endfacet
  facet normal -1 -0 0
    outer loop
      vertex 173.464 57.814 3
      vertex 173.464 53.814 0
      vertex 173.464 53.814 3
    endloop
  endfacet
  facet normal 0.500011 -0.866019 0
    outer loop
      vertex 166.536 57.814 0
      vertex 170 59.814 3
      vertex 166.536 57.814 3
    endloop
  endfacet
  facet normal 0.500011 -0.866019 0
    outer loop
      vertex 170 59.814 3
      vertex 166.536 57.814 0
      vertex 170 59.814 0
    endloop
  endfacet
  facet normal -0.500011 -0.866019 0
    outer loop
      vertex 170 59.814 0
      vertex 173.464 57.814 3
      vertex 170 59.814 3
    endloop
  endfacet
  facet normal -0.500011 -0.866019 -0
    outer loop
      vertex 173.464 57.814 3
      vertex 170 59.814 0
      vertex 173.464 57.814 0
    endloop
  endfacet
  facet normal 1 -0 0
    outer loop
      vertex 166.536 53.814 3
      vertex 166.536 57.814 0
      vertex 166.536 57.814 3
    endloop
  endfacet
  facet normal 1 0 0
    outer loop
      vertex 166.536 57.814 0
      vertex 166.536 53.814 3
      vertex 166.536 53.814 0
    endloop
  endfacet
  facet normal 0.500011 0.866019 -0
    outer loop
      vertex 170 51.814 0
      vertex 166.536 53.814 3
      vertex 170 51.814 3
    endloop
  endfacet
  facet normal 0.500011 0.866019 0
    outer loop
      vertex 166.536 53.814 3
      vertex 170 51.814 0
      vertex 166.536 53.814 0
    endloop
  endfacet
  facet normal -0.500011 0.866019 0
    outer loop
      vertex 183.964 53.814 0
      vertex 180.5 51.814 3
      vertex 183.964 53.814 3
    endloop
  endfacet
  facet normal -0.500011 0.866019 0
    outer loop
      vertex 180.5 51.814 3
      vertex 183.964 53.814 0
      vertex 180.5 51.814 0
    endloop
  endfacet
  facet normal -1 0 0
    outer loop
      vertex 183.964 53.814 0
      vertex 183.964 57.814 3
      vertex 183.964 57.814 0
    endloop
  endfacet
  facet normal -1 -0 0
    outer loop
      vertex 183.964 57.814 3
      vertex 183.964 53.814 0
      vertex 183.964 53.814 3
    endloop
  endfacet
  facet normal 0.500011 -0.866019 0
    outer loop
      vertex 177.036 57.814 0
      vertex 180.5 59.814 3
      vertex 177.036 57.814 3
    endloop
  endfacet
  facet normal 0.500011 -0.866019 0
    outer loop
      vertex 180.5 59.814 3
      vertex 177.036 57.814 0
      vertex 180.5 59.814 0
    endloop
  endfacet
  facet normal -0.500011 -0.866019 0
    outer loop
      vertex 180.5 59.814 0
      vertex 183.964 57.814 3
      vertex 180.5 59.814 3
    endloop
  endfacet
  facet normal -0.500011 -0.866019 -0
    outer loop
      vertex 183.964 57.814 3
      vertex 180.5 59.814 0
      vertex 183.964 57.814 0
    endloop
  endfacet
  facet normal 1 -0 0
    outer loop
      vertex 177.036 53.814 3
      vertex 177.036 57.814 0
      vertex 177.036 57.814 3
    endloop
  endfacet
  facet normal 1 0 0
    outer loop
      vertex 177.036 57.814 0
      vertex 177.036 53.814 3
      vertex 177.036 53.814 0
    endloop
  endfacet
  facet normal 0.500011 0.866019 -0
    outer loop
      vertex 180.5 51.814 0
      vertex 177.036 53.814 3
      vertex 180.5 51.814 3
    endloop
  endfacet
  facet normal 0.500011 0.866019 0
    outer loop
      vertex 177.036 53.814 3
      vertex 180.5 51.814 0
      vertex 177.036 53.814 0
    endloop
  endfacet
  facet normal -0.500011 0.866019 0
    outer loop
      vertex 194.464 53.814 0
      vertex 191 51.814 3
      vertex 194.464 53.814 3
    endloop
  endfacet
  facet normal -0.500011 0.866019 0
    outer loop
      vertex 191 51.814 3
      vertex 194.464 53.814 0
      vertex 191 51.814 0
    endloop
  endfacet
  facet normal -1 0 0
    outer loop
      vertex 194.464 53.814 0
      vertex 194.464 57.814 3
      vertex 194.464 57.814 0
    endloop
  endfacet
  facet normal -1 -0 0
    outer loop
      vertex 194.464 57.814 3
      vertex 194.464 53.814 0
      vertex 194.464 53.814 3
    endloop
  endfacet
  facet normal 0.500011 -0.866019 0
    outer loop
      vertex 187.536 57.814 0
      vertex 191 59.814 3
      vertex 187.536 57.814 3
    endloop
  endfacet
  facet normal 0.500011 -0.866019 0
    outer loop
      vertex 191 59.814 3
      vertex 187.536 57.814 0
      vertex 191 59.814 0
    endloop
  endfacet
  facet normal -0.500011 -0.866019 0
    outer loop
      vertex 191 59.814 0
      vertex 194.464 57.814 3
      vertex 191 59.814 3
    endloop
  endfacet
  facet normal -0.500011 -0.866019 -0
    outer loop
      vertex 194.464 57.814 3
      vertex 191 59.814 0
      vertex 194.464 57.814 0
    endloop
  endfacet
  facet normal 1 -0 0
    outer loop
      vertex 187.536 53.814 3
      vertex 187.536 57.814 0
      vertex 187.536 57.814 3
    endloop
  endfacet
  facet normal 1 0 0
    outer loop
      vertex 187.536 57.814 0
      vertex 187.536 53.814 3
      vertex 187.536 53.814 0
    endloop
  endfacet
  facet normal 0.500011 0.866019 -0
    outer loop
      vertex 191 51.814 0
      vertex 187.536 53.814 3
      vertex 191 51.814 3
    endloop
  endfacet
  facet normal 0.500011 0.866019 0
    outer loop
      vertex 187.536 53.814 3
      vertex 191 51.814 0
      vertex 187.536 53.814 0
    endloop
  endfacet
  facet normal -0.500011 0.866019 0
    outer loop
      vertex 204.964 53.814 0
      vertex 201.5 51.814 3
      vertex 204.964 53.814 3
    endloop
  endfacet
  facet normal -0.500011 0.866019 0
    outer loop
      vertex 201.5 51.814 3
      vertex 204.964 53.814 0
      vertex 201.5 51.814 0
    endloop
  endfacet
  facet normal -1 0 0
    outer loop
      vertex 204.964 53.814 0
      vertex 204.964 57.814 3
      vertex 204.964 57.814 0
    endloop
  endfacet
  facet normal -1 -0 0
    outer loop
      vertex 204.964 57.814 3
      vertex 204.964 53.814 0
      vertex 204.964 53.814 3
    endloop
  endfacet
  facet normal 0.500011 -0.866019 0
    outer loop
      vertex 198.036 57.814 0
      vertex 201.5 59.814 3
      vertex 198.036 57.814 3
    endloop
  endfacet
  facet normal 0.500011 -0.866019 0
    outer loop
      vertex 201.5 59.814 3
      vertex 198.036 57.814 0
      vertex 201.5 59.814 0
    endloop
  endfacet
  facet normal -0.500011 -0.866019 0
    outer loop
      vertex 201.5 59.814 0
      vertex 204.964 57.814 3
      vertex 201.5 59.814 3
    endloop
  endfacet
  facet normal -0.500011 -0.866019 -0
    outer loop
      vertex 204.964 57.814 3
      vertex 201.5 59.814 0
      vertex 204.964 57.814 0
    endloop
  endfacet
  facet normal 1 -0 0
    outer loop
      vertex 198.036 53.814 3
      vertex 198.036 57.814 0
      vertex 198.036 57.814 3
    endloop
  endfacet
  facet normal 1 0 0
    outer loop
      vertex 198.036 57.814 0
      vertex 198.036 53.814 3
      vertex 198.036 53.814 0
    endloop
  endfacet
  facet normal 0.500011 0.866019 -0
    outer loop
      vertex 201.5 51.814 0
      vertex 198.036 53.814 3
      vertex 201.5 51.814 3
    endloop
  endfacet
  facet normal 0.500011 0.866019 0
    outer loop
      vertex 198.036 53.814 3
      vertex 201.5 51.814 0
      vertex 198.036 53.814 0
    endloop
  endfacet
  facet normal -0.500011 0.866019 0
    outer loop
      vertex 215.464 53.814 0
      vertex 212 51.814 3
      vertex 215.464 53.814 3
    endloop
  endfacet
  facet normal -0.500011 0.866019 0
    outer loop
      vertex 212 51.814 3
      vertex 215.464 53.814 0
      vertex 212 51.814 0
    endloop
  endfacet
  facet normal -1 0 0
    outer loop
      vertex 215.464 53.814 0
      vertex 215.464 57.814 3
      vertex 215.464 57.814 0
    endloop
  endfacet
  facet normal -1 -0 0
    outer loop
      vertex 215.464 57.814 3
      vertex 215.464 53.814 0
      vertex 215.464 53.814 3
    endloop
  endfacet
  facet normal 0.500011 -0.866019 0
    outer loop
      vertex 208.536 57.814 0
      vertex 212 59.814 3
      vertex 208.536 57.814 3
    endloop
  endfacet
  facet normal 0.500011 -0.866019 0
    outer loop
      vertex 212 59.814 3
      vertex 208.536 57.814 0
      vertex 212 59.814 0
    endloop
  endfacet
  facet normal -0.500011 -0.866019 0
    outer loop
      vertex 212 59.814 0
      vertex 215.464 57.814 3
      vertex 212 59.814 3
    endloop
  endfacet
  facet normal -0.500011 -0.866019 -0
    outer loop
      vertex 215.464 57.814 3
      vertex 212 59.814 0
      vertex 215.464 57.814 0
    endloop
  endfacet
  facet normal 1 -0 0
    outer loop
      vertex 208.536 53.814 3
      vertex 208.536 57.814 0
      vertex 208.536 57.814 3
    endloop
  endfacet
  facet normal 1 0 0
    outer loop
      vertex 208.536 57.814 0
      vertex 208.536 53.814 3
      vertex 208.536 53.814 0
    endloop
  endfacet
  facet normal 0.500011 0.866019 -0
    outer loop
      vertex 212 51.814 0
      vertex 208.536 53.814 3
      vertex 212 51.814 3
    endloop
  endfacet
  facet normal 0.500011 0.866019 0
    outer loop
      vertex 208.536 53.814 3
      vertex 212 51.814 0
      vertex 208.536 53.814 0
    endloop
  endfacet
  facet normal -0.499968 0.866044 0
    outer loop
      vertex 84.2141 62.907 0
      vertex 84 62.7834 3
      vertex 84.2141 62.907 3
    endloop
  endfacet
  facet normal -0.499968 0.866044 0
    outer loop
      vertex 84 62.7834 3
      vertex 84.2141 62.907 0
      vertex 84 62.7834 0
    endloop
  endfacet
  facet normal -1 0 0
    outer loop
      vertex 84.2141 62.907 0
      vertex 84.2141 66.907 3
      vertex 84.2141 66.907 0
    endloop
  endfacet
  facet normal -1 -0 0
    outer loop
      vertex 84.2141 66.907 3
      vertex 84.2141 62.907 0
      vertex 84.2141 62.907 3
    endloop
  endfacet
  facet normal -0.499968 -0.866044 0
    outer loop
      vertex 84 67.0306 0
      vertex 84.2141 66.907 3
      vertex 84 67.0306 3
    endloop
  endfacet
  facet normal -0.499968 -0.866044 -0
    outer loop
      vertex 84.2141 66.907 3
      vertex 84 67.0306 0
      vertex 84.2141 66.907 0
    endloop
  endfacet
  facet normal -0.5 0.866025 0
    outer loop
      vertex 94.7141 62.907 0
      vertex 91.25 60.907 3
      vertex 94.7141 62.907 3
    endloop
  endfacet
  facet normal -0.5 0.866025 0
    outer loop
      vertex 91.25 60.907 3
      vertex 94.7141 62.907 0
      vertex 91.25 60.907 0
    endloop
  endfacet
  facet normal -1 0 0
    outer loop
      vertex 94.7141 62.907 0
      vertex 94.7141 66.907 3
      vertex 94.7141 66.907 0
    endloop
  endfacet
  facet normal -1 -0 0
    outer loop
      vertex 94.7141 66.907 3
      vertex 94.7141 62.907 0
      vertex 94.7141 62.907 3
    endloop
  endfacet
  facet normal 0.5 -0.866025 0
    outer loop
      vertex 87.7859 66.907 0
      vertex 91.25 68.907 3
      vertex 87.7859 66.907 3
    endloop
  endfacet
  facet normal 0.5 -0.866025 0
    outer loop
      vertex 91.25 68.907 3
      vertex 87.7859 66.907 0
      vertex 91.25 68.907 0
    endloop
  endfacet
  facet normal -0.5 -0.866025 0
    outer loop
      vertex 91.25 68.907 0
      vertex 94.7141 66.907 3
      vertex 91.25 68.907 3
    endloop
  endfacet
  facet normal -0.5 -0.866025 -0
    outer loop
      vertex 94.7141 66.907 3
      vertex 91.25 68.907 0
      vertex 94.7141 66.907 0
    endloop
  endfacet
  facet normal 1 -0 0
    outer loop
      vertex 87.7859 62.907 3
      vertex 87.7859 66.907 0
      vertex 87.7859 66.907 3
    endloop
  endfacet
  facet normal 1 0 0
    outer loop
      vertex 87.7859 66.907 0
      vertex 87.7859 62.907 3
      vertex 87.7859 62.907 0
    endloop
  endfacet
  facet normal 0.5 0.866025 -0
    outer loop
      vertex 91.25 60.907 0
      vertex 87.7859 62.907 3
      vertex 91.25 60.907 3
    endloop
  endfacet
  facet normal 0.5 0.866025 0
    outer loop
      vertex 87.7859 62.907 3
      vertex 91.25 60.907 0
      vertex 87.7859 62.907 0
    endloop
  endfacet
  facet normal -0.500011 0.866019 0
    outer loop
      vertex 105.214 62.907 0
      vertex 101.75 60.907 3
      vertex 105.214 62.907 3
    endloop
  endfacet
  facet normal -0.500011 0.866019 0
    outer loop
      vertex 101.75 60.907 3
      vertex 105.214 62.907 0
      vertex 101.75 60.907 0
    endloop
  endfacet
  facet normal -1 0 0
    outer loop
      vertex 105.214 62.907 0
      vertex 105.214 66.907 3
      vertex 105.214 66.907 0
    endloop
  endfacet
  facet normal -1 -0 0
    outer loop
      vertex 105.214 66.907 3
      vertex 105.214 62.907 0
      vertex 105.214 62.907 3
    endloop
  endfacet
  facet normal 0.5 -0.866025 0
    outer loop
      vertex 98.2859 66.907 0
      vertex 101.75 68.907 3
      vertex 98.2859 66.907 3
    endloop
  endfacet
  facet normal 0.5 -0.866025 0
    outer loop
      vertex 101.75 68.907 3
      vertex 98.2859 66.907 0
      vertex 101.75 68.907 0
    endloop
  endfacet
  facet normal -0.500011 -0.866019 0
    outer loop
      vertex 101.75 68.907 0
      vertex 105.214 66.907 3
      vertex 101.75 68.907 3
    endloop
  endfacet
  facet normal -0.500011 -0.866019 -0
    outer loop
      vertex 105.214 66.907 3
      vertex 101.75 68.907 0
      vertex 105.214 66.907 0
    endloop
  endfacet
  facet normal 1 -0 0
    outer loop
      vertex 98.2859 62.907 3
      vertex 98.2859 66.907 0
      vertex 98.2859 66.907 3
    endloop
  endfacet
  facet normal 1 0 0
    outer loop
      vertex 98.2859 66.907 0
      vertex 98.2859 62.907 3
      vertex 98.2859 62.907 0
    endloop
  endfacet
  facet normal 0.5 0.866025 -0
    outer loop
      vertex 101.75 60.907 0
      vertex 98.2859 62.907 3
      vertex 101.75 60.907 3
    endloop
  endfacet
  facet normal 0.5 0.866025 0
    outer loop
      vertex 98.2859 62.907 3
      vertex 101.75 60.907 0
      vertex 98.2859 62.907 0
    endloop
  endfacet
  facet normal -0.500011 0.866019 0
    outer loop
      vertex 115.714 62.907 0
      vertex 112.25 60.907 3
      vertex 115.714 62.907 3
    endloop
  endfacet
  facet normal -0.500011 0.866019 0
    outer loop
      vertex 112.25 60.907 3
      vertex 115.714 62.907 0
      vertex 112.25 60.907 0
    endloop
  endfacet
  facet normal -1 0 0
    outer loop
      vertex 115.714 62.907 0
      vertex 115.714 66.907 3
      vertex 115.714 66.907 0
    endloop
  endfacet
  facet normal -1 -0 0
    outer loop
      vertex 115.714 66.907 3
      vertex 115.714 62.907 0
      vertex 115.714 62.907 3
    endloop
  endfacet
  facet normal 0.500011 -0.866019 0
    outer loop
      vertex 108.786 66.907 0
      vertex 112.25 68.907 3
      vertex 108.786 66.907 3
    endloop
  endfacet
  facet normal 0.500011 -0.866019 0
    outer loop
      vertex 112.25 68.907 3
      vertex 108.786 66.907 0
      vertex 112.25 68.907 0
    endloop
  endfacet
  facet normal -0.500011 -0.866019 0
    outer loop
      vertex 112.25 68.907 0
      vertex 115.714 66.907 3
      vertex 112.25 68.907 3
    endloop
  endfacet
  facet normal -0.500011 -0.866019 -0
    outer loop
      vertex 115.714 66.907 3
      vertex 112.25 68.907 0
      vertex 115.714 66.907 0
    endloop
  endfacet
  facet normal 1 -0 0
    outer loop
      vertex 108.786 62.907 3
      vertex 108.786 66.907 0
      vertex 108.786 66.907 3
    endloop
  endfacet
  facet normal 1 0 0
    outer loop
      vertex 108.786 66.907 0
      vertex 108.786 62.907 3
      vertex 108.786 62.907 0
    endloop
  endfacet
  facet normal 0.500011 0.866019 -0
    outer loop
      vertex 112.25 60.907 0
      vertex 108.786 62.907 3
      vertex 112.25 60.907 3
    endloop
  endfacet
  facet normal 0.500011 0.866019 0
    outer loop
      vertex 108.786 62.907 3
      vertex 112.25 60.907 0
      vertex 108.786 62.907 0
    endloop
  endfacet
  facet normal -0.500011 0.866019 0
    outer loop
      vertex 126.214 62.907 0
      vertex 122.75 60.907 3
      vertex 126.214 62.907 3
    endloop
  endfacet
  facet normal -0.500011 0.866019 0
    outer loop
      vertex 122.75 60.907 3
      vertex 126.214 62.907 0
      vertex 122.75 60.907 0
    endloop
  endfacet
  facet normal -1 0 0
    outer loop
      vertex 126.214 62.907 0
      vertex 126.214 66.907 3
      vertex 126.214 66.907 0
    endloop
  endfacet
  facet normal -1 -0 0
    outer loop
      vertex 126.214 66.907 3
      vertex 126.214 62.907 0
      vertex 126.214 62.907 3
    endloop
  endfacet
  facet normal 0.500011 -0.866019 0
    outer loop
      vertex 119.286 66.907 0
      vertex 122.75 68.907 3
      vertex 119.286 66.907 3
    endloop
  endfacet
  facet normal 0.500011 -0.866019 0
    outer loop
      vertex 122.75 68.907 3
      vertex 119.286 66.907 0
      vertex 122.75 68.907 0
    endloop
  endfacet
  facet normal -0.500011 -0.866019 0
    outer loop
      vertex 122.75 68.907 0
      vertex 126.214 66.907 3
      vertex 122.75 68.907 3
    endloop
  endfacet
  facet normal -0.500011 -0.866019 -0
    outer loop
      vertex 126.214 66.907 3
      vertex 122.75 68.907 0
      vertex 126.214 66.907 0
    endloop
  endfacet
  facet normal 1 -0 0
    outer loop
      vertex 119.286 62.907 3
      vertex 119.286 66.907 0
      vertex 119.286 66.907 3
    endloop
  endfacet
  facet normal 1 0 0
    outer loop
      vertex 119.286 66.907 0
      vertex 119.286 62.907 3
      vertex 119.286 62.907 0
    endloop
  endfacet
  facet normal 0.500011 0.866019 -0
    outer loop
      vertex 122.75 60.907 0
      vertex 119.286 62.907 3
      vertex 122.75 60.907 3
    endloop
  endfacet
  facet normal 0.500011 0.866019 0
    outer loop
      vertex 119.286 62.907 3
      vertex 122.75 60.907 0
      vertex 119.286 62.907 0
    endloop
  endfacet
  facet normal -0.500011 0.866019 0
    outer loop
      vertex 136.714 62.907 0
      vertex 133.25 60.907 3
      vertex 136.714 62.907 3
    endloop
  endfacet
  facet normal -0.500011 0.866019 0
    outer loop
      vertex 133.25 60.907 3
      vertex 136.714 62.907 0
      vertex 133.25 60.907 0
    endloop
  endfacet
  facet normal -1 0 0
    outer loop
      vertex 136.714 62.907 0
      vertex 136.714 66.907 3
      vertex 136.714 66.907 0
    endloop
  endfacet
  facet normal -1 -0 0
    outer loop
      vertex 136.714 66.907 3
      vertex 136.714 62.907 0
      vertex 136.714 62.907 3
    endloop
  endfacet
  facet normal 0.500011 -0.866019 0
    outer loop
      vertex 129.786 66.907 0
      vertex 133.25 68.907 3
      vertex 129.786 66.907 3
    endloop
  endfacet
  facet normal 0.500011 -0.866019 0
    outer loop
      vertex 133.25 68.907 3
      vertex 129.786 66.907 0
      vertex 133.25 68.907 0
    endloop
  endfacet
  facet normal -0.500011 -0.866019 0
    outer loop
      vertex 133.25 68.907 0
      vertex 136.714 66.907 3
      vertex 133.25 68.907 3
    endloop
  endfacet
  facet normal -0.500011 -0.866019 -0
    outer loop
      vertex 136.714 66.907 3
      vertex 133.25 68.907 0
      vertex 136.714 66.907 0
    endloop
  endfacet
  facet normal 1 -0 0
    outer loop
      vertex 129.786 62.907 3
      vertex 129.786 66.907 0
      vertex 129.786 66.907 3
    endloop
  endfacet
  facet normal 1 0 0
    outer loop
      vertex 129.786 66.907 0
      vertex 129.786 62.907 3
      vertex 129.786 62.907 0
    endloop
  endfacet
  facet normal 0.500011 0.866019 -0
    outer loop
      vertex 133.25 60.907 0
      vertex 129.786 62.907 3
      vertex 133.25 60.907 3
    endloop
  endfacet
  facet normal 0.500011 0.866019 0
    outer loop
      vertex 129.786 62.907 3
      vertex 133.25 60.907 0
      vertex 129.786 62.907 0
    endloop
  endfacet
  facet normal -0.500011 0.866019 0
    outer loop
      vertex 147.214 62.907 0
      vertex 143.75 60.907 3
      vertex 147.214 62.907 3
    endloop
  endfacet
  facet normal -0.500011 0.866019 0
    outer loop
      vertex 143.75 60.907 3
      vertex 147.214 62.907 0
      vertex 143.75 60.907 0
    endloop
  endfacet
  facet normal -1 0 0
    outer loop
      vertex 147.214 62.907 0
      vertex 147.214 66.907 3
      vertex 147.214 66.907 0
    endloop
  endfacet
  facet normal -1 -0 0
    outer loop
      vertex 147.214 66.907 3
      vertex 147.214 62.907 0
      vertex 147.214 62.907 3
    endloop
  endfacet
  facet normal 0.500011 -0.866019 0
    outer loop
      vertex 140.286 66.907 0
      vertex 143.75 68.907 3
      vertex 140.286 66.907 3
    endloop
  endfacet
  facet normal 0.500011 -0.866019 0
    outer loop
      vertex 143.75 68.907 3
      vertex 140.286 66.907 0
      vertex 143.75 68.907 0
    endloop
  endfacet
  facet normal -0.500011 -0.866019 0
    outer loop
      vertex 143.75 68.907 0
      vertex 147.214 66.907 3
      vertex 143.75 68.907 3
    endloop
  endfacet
  facet normal -0.500011 -0.866019 -0
    outer loop
      vertex 147.214 66.907 3
      vertex 143.75 68.907 0
      vertex 147.214 66.907 0
    endloop
  endfacet
  facet normal 1 -0 0
    outer loop
      vertex 140.286 62.907 3
      vertex 140.286 66.907 0
      vertex 140.286 66.907 3
    endloop
  endfacet
  facet normal 1 0 0
    outer loop
      vertex 140.286 66.907 0
      vertex 140.286 62.907 3
      vertex 140.286 62.907 0
    endloop
  endfacet
  facet normal 0.500011 0.866019 -0
    outer loop
      vertex 143.75 60.907 0
      vertex 140.286 62.907 3
      vertex 143.75 60.907 3
    endloop
  endfacet
  facet normal 0.500011 0.866019 0
    outer loop
      vertex 140.286 62.907 3
      vertex 143.75 60.907 0
      vertex 140.286 62.907 0
    endloop
  endfacet
  facet normal -0.500011 0.866019 0
    outer loop
      vertex 157.714 62.907 0
      vertex 154.25 60.907 3
      vertex 157.714 62.907 3
    endloop
  endfacet
  facet normal -0.500011 0.866019 0
    outer loop
      vertex 154.25 60.907 3
      vertex 157.714 62.907 0
      vertex 154.25 60.907 0
    endloop
  endfacet
  facet normal -1 0 0
    outer loop
      vertex 157.714 62.907 0
      vertex 157.714 66.907 3
      vertex 157.714 66.907 0
    endloop
  endfacet
  facet normal -1 -0 0
    outer loop
      vertex 157.714 66.907 3
      vertex 157.714 62.907 0
      vertex 157.714 62.907 3
    endloop
  endfacet
  facet normal 0.500011 -0.866019 0
    outer loop
      vertex 150.786 66.907 0
      vertex 154.25 68.907 3
      vertex 150.786 66.907 3
    endloop
  endfacet
  facet normal 0.500011 -0.866019 0
    outer loop
      vertex 154.25 68.907 3
      vertex 150.786 66.907 0
      vertex 154.25 68.907 0
    endloop
  endfacet
  facet normal -0.500011 -0.866019 0
    outer loop
      vertex 154.25 68.907 0
      vertex 157.714 66.907 3
      vertex 154.25 68.907 3
    endloop
  endfacet
  facet normal -0.500011 -0.866019 -0
    outer loop
      vertex 157.714 66.907 3
      vertex 154.25 68.907 0
      vertex 157.714 66.907 0
    endloop
  endfacet
  facet normal 1 -0 0
    outer loop
      vertex 150.786 62.907 3
      vertex 150.786 66.907 0
      vertex 150.786 66.907 3
    endloop
  endfacet
  facet normal 1 0 0
    outer loop
      vertex 150.786 66.907 0
      vertex 150.786 62.907 3
      vertex 150.786 62.907 0
    endloop
  endfacet
  facet normal 0.500011 0.866019 -0
    outer loop
      vertex 154.25 60.907 0
      vertex 150.786 62.907 3
      vertex 154.25 60.907 3
    endloop
  endfacet
  facet normal 0.500011 0.866019 0
    outer loop
      vertex 150.786 62.907 3
      vertex 154.25 60.907 0
      vertex 150.786 62.907 0
    endloop
  endfacet
  facet normal -0.500011 0.866019 0
    outer loop
      vertex 168.214 62.907 0
      vertex 164.75 60.907 3
      vertex 168.214 62.907 3
    endloop
  endfacet
  facet normal -0.500011 0.866019 0
    outer loop
      vertex 164.75 60.907 3
      vertex 168.214 62.907 0
      vertex 164.75 60.907 0
    endloop
  endfacet
  facet normal -1 0 0
    outer loop
      vertex 168.214 62.907 0
      vertex 168.214 66.907 3
      vertex 168.214 66.907 0
    endloop
  endfacet
  facet normal -1 -0 0
    outer loop
      vertex 168.214 66.907 3
      vertex 168.214 62.907 0
      vertex 168.214 62.907 3
    endloop
  endfacet
  facet normal 0.500011 -0.866019 0
    outer loop
      vertex 161.286 66.907 0
      vertex 164.75 68.907 3
      vertex 161.286 66.907 3
    endloop
  endfacet
  facet normal 0.500011 -0.866019 0
    outer loop
      vertex 164.75 68.907 3
      vertex 161.286 66.907 0
      vertex 164.75 68.907 0
    endloop
  endfacet
  facet normal -0.500011 -0.866019 0
    outer loop
      vertex 164.75 68.907 0
      vertex 168.214 66.907 3
      vertex 164.75 68.907 3
    endloop
  endfacet
  facet normal -0.500011 -0.866019 -0
    outer loop
      vertex 168.214 66.907 3
      vertex 164.75 68.907 0
      vertex 168.214 66.907 0
    endloop
  endfacet
  facet normal 1 -0 0
    outer loop
      vertex 161.286 62.907 3
      vertex 161.286 66.907 0
      vertex 161.286 66.907 3
    endloop
  endfacet
  facet normal 1 0 0
    outer loop
      vertex 161.286 66.907 0
      vertex 161.286 62.907 3
      vertex 161.286 62.907 0
    endloop
  endfacet
  facet normal 0.500011 0.866019 -0
    outer loop
      vertex 164.75 60.907 0
      vertex 161.286 62.907 3
      vertex 164.75 60.907 3
    endloop
  endfacet
  facet normal 0.500011 0.866019 0
    outer loop
      vertex 161.286 62.907 3
      vertex 164.75 60.907 0
      vertex 161.286 62.907 0
    endloop
  endfacet
  facet normal -0.500011 0.866019 0
    outer loop
      vertex 178.714 62.907 0
      vertex 175.25 60.907 3
      vertex 178.714 62.907 3
    endloop
  endfacet
  facet normal -0.500011 0.866019 0
    outer loop
      vertex 175.25 60.907 3
      vertex 178.714 62.907 0
      vertex 175.25 60.907 0
    endloop
  endfacet
  facet normal -1 0 0
    outer loop
      vertex 178.714 62.907 0
      vertex 178.714 66.907 3
      vertex 178.714 66.907 0
    endloop
  endfacet
  facet normal -1 -0 0
    outer loop
      vertex 178.714 66.907 3
      vertex 178.714 62.907 0
      vertex 178.714 62.907 3
    endloop
  endfacet
  facet normal 0.500011 -0.866019 0
    outer loop
      vertex 171.786 66.907 0
      vertex 175.25 68.907 3
      vertex 171.786 66.907 3
    endloop
  endfacet
  facet normal 0.500011 -0.866019 0
    outer loop
      vertex 175.25 68.907 3
      vertex 171.786 66.907 0
      vertex 175.25 68.907 0
    endloop
  endfacet
  facet normal -0.500011 -0.866019 0
    outer loop
      vertex 175.25 68.907 0
      vertex 178.714 66.907 3
      vertex 175.25 68.907 3
    endloop
  endfacet
  facet normal -0.500011 -0.866019 -0
    outer loop
      vertex 178.714 66.907 3
      vertex 175.25 68.907 0
      vertex 178.714 66.907 0
    endloop
  endfacet
  facet normal 1 -0 0
    outer loop
      vertex 171.786 62.907 3
      vertex 171.786 66.907 0
      vertex 171.786 66.907 3
    endloop
  endfacet
  facet normal 1 0 0
    outer loop
      vertex 171.786 66.907 0
      vertex 171.786 62.907 3
      vertex 171.786 62.907 0
    endloop
  endfacet
  facet normal 0.500011 0.866019 -0
    outer loop
      vertex 175.25 60.907 0
      vertex 171.786 62.907 3
      vertex 175.25 60.907 3
    endloop
  endfacet
  facet normal 0.500011 0.866019 0
    outer loop
      vertex 171.786 62.907 3
      vertex 175.25 60.907 0
      vertex 171.786 62.907 0
    endloop
  endfacet
  facet normal -0.500011 0.866019 0
    outer loop
      vertex 189.214 62.907 0
      vertex 185.75 60.907 3
      vertex 189.214 62.907 3
    endloop
  endfacet
  facet normal -0.500011 0.866019 0
    outer loop
      vertex 185.75 60.907 3
      vertex 189.214 62.907 0
      vertex 185.75 60.907 0
    endloop
  endfacet
  facet normal -1 0 0
    outer loop
      vertex 189.214 62.907 0
      vertex 189.214 66.907 3
      vertex 189.214 66.907 0
    endloop
  endfacet
  facet normal -1 -0 0
    outer loop
      vertex 189.214 66.907 3
      vertex 189.214 62.907 0
      vertex 189.214 62.907 3
    endloop
  endfacet
  facet normal 0.500011 -0.866019 0
    outer loop
      vertex 182.286 66.907 0
      vertex 185.75 68.907 3
      vertex 182.286 66.907 3
    endloop
  endfacet
  facet normal 0.500011 -0.866019 0
    outer loop
      vertex 185.75 68.907 3
      vertex 182.286 66.907 0
      vertex 185.75 68.907 0
    endloop
  endfacet
  facet normal -0.500011 -0.866019 0
    outer loop
      vertex 185.75 68.907 0
      vertex 189.214 66.907 3
      vertex 185.75 68.907 3
    endloop
  endfacet
  facet normal -0.500011 -0.866019 -0
    outer loop
      vertex 189.214 66.907 3
      vertex 185.75 68.907 0
      vertex 189.214 66.907 0
    endloop
  endfacet
  facet normal 1 -0 0
    outer loop
      vertex 182.286 62.907 3
      vertex 182.286 66.907 0
      vertex 182.286 66.907 3
    endloop
  endfacet
  facet normal 1 0 0
    outer loop
      vertex 182.286 66.907 0
      vertex 182.286 62.907 3
      vertex 182.286 62.907 0
    endloop
  endfacet
  facet normal 0.500011 0.866019 -0
    outer loop
      vertex 185.75 60.907 0
      vertex 182.286 62.907 3
      vertex 185.75 60.907 3
    endloop
  endfacet
  facet normal 0.500011 0.866019 0
    outer loop
      vertex 182.286 62.907 3
      vertex 185.75 60.907 0
      vertex 182.286 62.907 0
    endloop
  endfacet
  facet normal -0.500011 0.866019 0
    outer loop
      vertex 199.714 62.907 0
      vertex 196.25 60.907 3
      vertex 199.714 62.907 3
    endloop
  endfacet
  facet normal -0.500011 0.866019 0
    outer loop
      vertex 196.25 60.907 3
      vertex 199.714 62.907 0
      vertex 196.25 60.907 0
    endloop
  endfacet
  facet normal -1 0 0
    outer loop
      vertex 199.714 62.907 0
      vertex 199.714 66.907 3
      vertex 199.714 66.907 0
    endloop
  endfacet
  facet normal -1 -0 0
    outer loop
      vertex 199.714 66.907 3
      vertex 199.714 62.907 0
      vertex 199.714 62.907 3
    endloop
  endfacet
  facet normal 0.500011 -0.866019 0
    outer loop
      vertex 192.786 66.907 0
      vertex 196.25 68.907 3
      vertex 192.786 66.907 3
    endloop
  endfacet
  facet normal 0.500011 -0.866019 0
    outer loop
      vertex 196.25 68.907 3
      vertex 192.786 66.907 0
      vertex 196.25 68.907 0
    endloop
  endfacet
  facet normal -0.500011 -0.866019 0
    outer loop
      vertex 196.25 68.907 0
      vertex 199.714 66.907 3
      vertex 196.25 68.907 3
    endloop
  endfacet
  facet normal -0.500011 -0.866019 -0
    outer loop
      vertex 199.714 66.907 3
      vertex 196.25 68.907 0
      vertex 199.714 66.907 0
    endloop
  endfacet
  facet normal 1 -0 0
    outer loop
      vertex 192.786 62.907 3
      vertex 192.786 66.907 0
      vertex 192.786 66.907 3
    endloop
  endfacet
  facet normal 1 0 0
    outer loop
      vertex 192.786 66.907 0
      vertex 192.786 62.907 3
      vertex 192.786 62.907 0
    endloop
  endfacet
  facet normal 0.500011 0.866019 -0
    outer loop
      vertex 196.25 60.907 0
      vertex 192.786 62.907 3
      vertex 196.25 60.907 3
    endloop
  endfacet
  facet normal 0.500011 0.866019 0
    outer loop
      vertex 192.786 62.907 3
      vertex 196.25 60.907 0
      vertex 192.786 62.907 0
    endloop
  endfacet
  facet normal -0.500011 0.866019 0
    outer loop
      vertex 210.214 62.907 0
      vertex 206.75 60.907 3
      vertex 210.214 62.907 3
    endloop
  endfacet
  facet normal -0.500011 0.866019 0
    outer loop
      vertex 206.75 60.907 3
      vertex 210.214 62.907 0
      vertex 206.75 60.907 0
    endloop
  endfacet
  facet normal -1 0 0
    outer loop
      vertex 210.214 62.907 0
      vertex 210.214 66.907 3
      vertex 210.214 66.907 0
    endloop
  endfacet
  facet normal -1 -0 0
    outer loop
      vertex 210.214 66.907 3
      vertex 210.214 62.907 0
      vertex 210.214 62.907 3
    endloop
  endfacet
  facet normal 0.500011 -0.866019 0
    outer loop
      vertex 203.286 66.907 0
      vertex 206.75 68.907 3
      vertex 203.286 66.907 3
    endloop
  endfacet
  facet normal 0.500011 -0.866019 0
    outer loop
      vertex 206.75 68.907 3
      vertex 203.286 66.907 0
      vertex 206.75 68.907 0
    endloop
  endfacet
  facet normal -0.500011 -0.866019 0
    outer loop
      vertex 206.75 68.907 0
      vertex 210.214 66.907 3
      vertex 206.75 68.907 3
    endloop
  endfacet
  facet normal -0.500011 -0.866019 -0
    outer loop
      vertex 210.214 66.907 3
      vertex 206.75 68.907 0
      vertex 210.214 66.907 0
    endloop
  endfacet
  facet normal 1 -0 0
    outer loop
      vertex 203.286 62.907 3
      vertex 203.286 66.907 0
      vertex 203.286 66.907 3
    endloop
  endfacet
  facet normal 1 0 0
    outer loop
      vertex 203.286 66.907 0
      vertex 203.286 62.907 3
      vertex 203.286 62.907 0
    endloop
  endfacet
  facet normal 0.500011 0.866019 -0
    outer loop
      vertex 206.75 60.907 0
      vertex 203.286 62.907 3
      vertex 206.75 60.907 3
    endloop
  endfacet
  facet normal 0.500011 0.866019 0
    outer loop
      vertex 203.286 62.907 3
      vertex 206.75 60.907 0
      vertex 203.286 62.907 0
    endloop
  endfacet
  facet normal 0.500018 -0.866015 0
    outer loop
      vertex 213.786 66.907 0
      vertex 215.7 68.0121 3
      vertex 213.786 66.907 3
    endloop
  endfacet
  facet normal 0.500018 -0.866015 0
    outer loop
      vertex 215.7 68.0121 3
      vertex 213.786 66.907 0
      vertex 215.7 68.0121 0
    endloop
  endfacet
  facet normal 1 -0 0
    outer loop
      vertex 213.786 62.907 3
      vertex 213.786 66.907 0
      vertex 213.786 66.907 3
    endloop
  endfacet
  facet normal 1 0 0
    outer loop
      vertex 213.786 66.907 0
      vertex 213.786 62.907 3
      vertex 213.786 62.907 0
    endloop
  endfacet
  facet normal 0.500018 0.866015 -0
    outer loop
      vertex 215.7 61.8019 0
      vertex 213.786 62.907 3
      vertex 215.7 61.8019 3
    endloop
  endfacet
  facet normal 0.500018 0.866015 0
    outer loop
      vertex 213.786 62.907 3
      vertex 215.7 61.8019 0
      vertex 213.786 62.907 0
    endloop
  endfacet
  facet normal -0.5 0.866025 0
    outer loop
      vertex 89.4641 72 0
      vertex 86 70 3
      vertex 89.4641 72 3
    endloop
  endfacet
  facet normal -0.5 0.866025 0
    outer loop
      vertex 86 70 3
      vertex 89.4641 72 0
      vertex 86 70 0
    endloop
  endfacet
  facet normal -1 0 0
    outer loop
      vertex 89.4641 72 0
      vertex 89.4641 76 3
      vertex 89.4641 76 0
    endloop
  endfacet
  facet normal -1 -0 0
    outer loop
      vertex 89.4641 76 3
      vertex 89.4641 72 0
      vertex 89.4641 72 3
    endloop
  endfacet
  facet normal 0.5 -0.866026 0
    outer loop
      vertex 84 76.8453 0
      vertex 86 78 3
      vertex 84 76.8453 3
    endloop
  endfacet
  facet normal 0.5 -0.866026 0
    outer loop
      vertex 86 78 3
      vertex 84 76.8453 0
      vertex 86 78 0
    endloop
  endfacet
  facet normal -0.5 -0.866025 0
    outer loop
      vertex 86 78 0
      vertex 89.4641 76 3
      vertex 86 78 3
    endloop
  endfacet
  facet normal -0.5 -0.866025 -0
    outer loop
      vertex 89.4641 76 3
      vertex 86 78 0
      vertex 89.4641 76 0
    endloop
  endfacet
  facet normal 0.5 0.866026 -0
    outer loop
      vertex 86 70 0
      vertex 84 71.1547 3
      vertex 86 70 3
    endloop
  endfacet
  facet normal 0.5 0.866026 0
    outer loop
      vertex 84 71.1547 3
      vertex 86 70 0
      vertex 84 71.1547 0
    endloop
  endfacet
  facet normal -0.5 0.866025 0
    outer loop
      vertex 99.9641 72 0
      vertex 96.5 70 3
      vertex 99.9641 72 3
    endloop
  endfacet
  facet normal -0.5 0.866025 0
    outer loop
      vertex 96.5 70 3
      vertex 99.9641 72 0
      vertex 96.5 70 0
    endloop
  endfacet
  facet normal -1 0 0
    outer loop
      vertex 99.9641 72 0
      vertex 99.9641 76 3
      vertex 99.9641 76 0
    endloop
  endfacet
  facet normal -1 -0 0
    outer loop
      vertex 99.9641 76 3
      vertex 99.9641 72 0
      vertex 99.9641 72 3
    endloop
  endfacet
  facet normal 0.5 -0.866025 0
    outer loop
      vertex 93.0359 76 0
      vertex 96.5 78 3
      vertex 93.0359 76 3
    endloop
  endfacet
  facet normal 0.5 -0.866025 0
    outer loop
      vertex 96.5 78 3
      vertex 93.0359 76 0
      vertex 96.5 78 0
    endloop
  endfacet
  facet normal -0.5 -0.866025 0
    outer loop
      vertex 96.5 78 0
      vertex 99.9641 76 3
      vertex 96.5 78 3
    endloop
  endfacet
  facet normal -0.5 -0.866025 -0
    outer loop
      vertex 99.9641 76 3
      vertex 96.5 78 0
      vertex 99.9641 76 0
    endloop
  endfacet
  facet normal 1 -0 0
    outer loop
      vertex 93.0359 72 3
      vertex 93.0359 76 0
      vertex 93.0359 76 3
    endloop
  endfacet
  facet normal 1 0 0
    outer loop
      vertex 93.0359 76 0
      vertex 93.0359 72 3
      vertex 93.0359 72 0
    endloop
  endfacet
  facet normal 0.5 0.866025 -0
    outer loop
      vertex 96.5 70 0
      vertex 93.0359 72 3
      vertex 96.5 70 3
    endloop
  endfacet
  facet normal 0.5 0.866025 0
    outer loop
      vertex 93.0359 72 3
      vertex 96.5 70 0
      vertex 93.0359 72 0
    endloop
  endfacet
  facet normal -0.500011 0.866019 0
    outer loop
      vertex 110.464 72 0
      vertex 107 70 3
      vertex 110.464 72 3
    endloop
  endfacet
  facet normal -0.500011 0.866019 0
    outer loop
      vertex 107 70 3
      vertex 110.464 72 0
      vertex 107 70 0
    endloop
  endfacet
  facet normal -1 0 0
    outer loop
      vertex 110.464 72 0
      vertex 110.464 76 3
      vertex 110.464 76 0
    endloop
  endfacet
  facet normal -1 -0 0
    outer loop
      vertex 110.464 76 3
      vertex 110.464 72 0
      vertex 110.464 72 3
    endloop
  endfacet
  facet normal 0.500011 -0.866019 0
    outer loop
      vertex 103.536 76 0
      vertex 107 78 3
      vertex 103.536 76 3
    endloop
  endfacet
  facet normal 0.500011 -0.866019 0
    outer loop
      vertex 107 78 3
      vertex 103.536 76 0
      vertex 107 78 0
    endloop
  endfacet
  facet normal -0.500011 -0.866019 0
    outer loop
      vertex 107 78 0
      vertex 110.464 76 3
      vertex 107 78 3
    endloop
  endfacet
  facet normal -0.500011 -0.866019 -0
    outer loop
      vertex 110.464 76 3
      vertex 107 78 0
      vertex 110.464 76 0
    endloop
  endfacet
  facet normal 1 -0 0
    outer loop
      vertex 103.536 72 3
      vertex 103.536 76 0
      vertex 103.536 76 3
    endloop
  endfacet
  facet normal 1 0 0
    outer loop
      vertex 103.536 76 0
      vertex 103.536 72 3
      vertex 103.536 72 0
    endloop
  endfacet
  facet normal 0.500011 0.866019 -0
    outer loop
      vertex 107 70 0
      vertex 103.536 72 3
      vertex 107 70 3
    endloop
  endfacet
  facet normal 0.500011 0.866019 0
    outer loop
      vertex 103.536 72 3
      vertex 107 70 0
      vertex 103.536 72 0
    endloop
  endfacet
  facet normal -0.500011 0.866019 0
    outer loop
      vertex 120.964 72 0
      vertex 117.5 70 3
      vertex 120.964 72 3
    endloop
  endfacet
  facet normal -0.500011 0.866019 0
    outer loop
      vertex 117.5 70 3
      vertex 120.964 72 0
      vertex 117.5 70 0
    endloop
  endfacet
  facet normal -1 0 0
    outer loop
      vertex 120.964 72 0
      vertex 120.964 76 3
      vertex 120.964 76 0
    endloop
  endfacet
  facet normal -1 -0 0
    outer loop
      vertex 120.964 76 3
      vertex 120.964 72 0
      vertex 120.964 72 3
    endloop
  endfacet
  facet normal 0.500011 -0.866019 0
    outer loop
      vertex 114.036 76 0
      vertex 117.5 78 3
      vertex 114.036 76 3
    endloop
  endfacet
  facet normal 0.500011 -0.866019 0
    outer loop
      vertex 117.5 78 3
      vertex 114.036 76 0
      vertex 117.5 78 0
    endloop
  endfacet
  facet normal -0.500011 -0.866019 0
    outer loop
      vertex 117.5 78 0
      vertex 120.964 76 3
      vertex 117.5 78 3
    endloop
  endfacet
  facet normal -0.500011 -0.866019 -0
    outer loop
      vertex 120.964 76 3
      vertex 117.5 78 0
      vertex 120.964 76 0
    endloop
  endfacet
  facet normal 1 -0 0
    outer loop
      vertex 114.036 72 3
      vertex 114.036 76 0
      vertex 114.036 76 3
    endloop
  endfacet
  facet normal 1 0 0
    outer loop
      vertex 114.036 76 0
      vertex 114.036 72 3
      vertex 114.036 72 0
    endloop
  endfacet
  facet normal 0.500011 0.866019 -0
    outer loop
      vertex 117.5 70 0
      vertex 114.036 72 3
      vertex 117.5 70 3
    endloop
  endfacet
  facet normal 0.500011 0.866019 0
    outer loop
      vertex 114.036 72 3
      vertex 117.5 70 0
      vertex 114.036 72 0
    endloop
  endfacet
  facet normal -0.500011 0.866019 0
    outer loop
      vertex 131.464 72 0
      vertex 128 70 3
      vertex 131.464 72 3
    endloop
  endfacet
  facet normal -0.500011 0.866019 0
    outer loop
      vertex 128 70 3
      vertex 131.464 72 0
      vertex 128 70 0
    endloop
  endfacet
  facet normal -1 0 0
    outer loop
      vertex 131.464 72 0
      vertex 131.464 76 3
      vertex 131.464 76 0
    endloop
  endfacet
  facet normal -1 -0 0
    outer loop
      vertex 131.464 76 3
      vertex 131.464 72 0
      vertex 131.464 72 3
    endloop
  endfacet
  facet normal 0.500011 -0.866019 0
    outer loop
      vertex 124.536 76 0
      vertex 128 78 3
      vertex 124.536 76 3
    endloop
  endfacet
  facet normal 0.500011 -0.866019 0
    outer loop
      vertex 128 78 3
      vertex 124.536 76 0
      vertex 128 78 0
    endloop
  endfacet
  facet normal -0.500011 -0.866019 0
    outer loop
      vertex 128 78 0
      vertex 131.464 76 3
      vertex 128 78 3
    endloop
  endfacet
  facet normal -0.500011 -0.866019 -0
    outer loop
      vertex 131.464 76 3
      vertex 128 78 0
      vertex 131.464 76 0
    endloop
  endfacet
  facet normal 1 -0 0
    outer loop
      vertex 124.536 72 3
      vertex 124.536 76 0
      vertex 124.536 76 3
    endloop
  endfacet
  facet normal 1 0 0
    outer loop
      vertex 124.536 76 0
      vertex 124.536 72 3
      vertex 124.536 72 0
    endloop
  endfacet
  facet normal 0.500011 0.866019 -0
    outer loop
      vertex 128 70 0
      vertex 124.536 72 3
      vertex 128 70 3
    endloop
  endfacet
  facet normal 0.500011 0.866019 0
    outer loop
      vertex 124.536 72 3
      vertex 128 70 0
      vertex 124.536 72 0
    endloop
  endfacet
  facet normal -0.500011 0.866019 0
    outer loop
      vertex 141.964 72 0
      vertex 138.5 70 3
      vertex 141.964 72 3
    endloop
  endfacet
  facet normal -0.500011 0.866019 0
    outer loop
      vertex 138.5 70 3
      vertex 141.964 72 0
      vertex 138.5 70 0
    endloop
  endfacet
  facet normal -1 0 0
    outer loop
      vertex 141.964 72 0
      vertex 141.964 76 3
      vertex 141.964 76 0
    endloop
  endfacet
  facet normal -1 -0 0
    outer loop
      vertex 141.964 76 3
      vertex 141.964 72 0
      vertex 141.964 72 3
    endloop
  endfacet
  facet normal 0.500011 -0.866019 0
    outer loop
      vertex 135.036 76 0
      vertex 138.5 78 3
      vertex 135.036 76 3
    endloop
  endfacet
  facet normal 0.500011 -0.866019 0
    outer loop
      vertex 138.5 78 3
      vertex 135.036 76 0
      vertex 138.5 78 0
    endloop
  endfacet
  facet normal -0.500011 -0.866019 0
    outer loop
      vertex 138.5 78 0
      vertex 141.964 76 3
      vertex 138.5 78 3
    endloop
  endfacet
  facet normal -0.500011 -0.866019 -0
    outer loop
      vertex 141.964 76 3
      vertex 138.5 78 0
      vertex 141.964 76 0
    endloop
  endfacet
  facet normal 1 -0 0
    outer loop
      vertex 135.036 72 3
      vertex 135.036 76 0
      vertex 135.036 76 3
    endloop
  endfacet
  facet normal 1 0 0
    outer loop
      vertex 135.036 76 0
      vertex 135.036 72 3
      vertex 135.036 72 0
    endloop
  endfacet
  facet normal 0.500011 0.866019 -0
    outer loop
      vertex 138.5 70 0
      vertex 135.036 72 3
      vertex 138.5 70 3
    endloop
  endfacet
  facet normal 0.500011 0.866019 0
    outer loop
      vertex 135.036 72 3
      vertex 138.5 70 0
      vertex 135.036 72 0
    endloop
  endfacet
  facet normal -0.500011 0.866019 0
    outer loop
      vertex 152.464 72 0
      vertex 149 70 3
      vertex 152.464 72 3
    endloop
  endfacet
  facet normal -0.500011 0.866019 0
    outer loop
      vertex 149 70 3
      vertex 152.464 72 0
      vertex 149 70 0
    endloop
  endfacet
  facet normal -1 0 0
    outer loop
      vertex 152.464 72 0
      vertex 152.464 76 3
      vertex 152.464 76 0
    endloop
  endfacet
  facet normal -1 -0 0
    outer loop
      vertex 152.464 76 3
      vertex 152.464 72 0
      vertex 152.464 72 3
    endloop
  endfacet
  facet normal 0.500011 -0.866019 0
    outer loop
      vertex 145.536 76 0
      vertex 149 78 3
      vertex 145.536 76 3
    endloop
  endfacet
  facet normal 0.500011 -0.866019 0
    outer loop
      vertex 149 78 3
      vertex 145.536 76 0
      vertex 149 78 0
    endloop
  endfacet
  facet normal -0.500011 -0.866019 0
    outer loop
      vertex 149 78 0
      vertex 152.464 76 3
      vertex 149 78 3
    endloop
  endfacet
  facet normal -0.500011 -0.866019 -0
    outer loop
      vertex 152.464 76 3
      vertex 149 78 0
      vertex 152.464 76 0
    endloop
  endfacet
  facet normal 1 -0 0
    outer loop
      vertex 145.536 72 3
      vertex 145.536 76 0
      vertex 145.536 76 3
    endloop
  endfacet
  facet normal 1 0 0
    outer loop
      vertex 145.536 76 0
      vertex 145.536 72 3
      vertex 145.536 72 0
    endloop
  endfacet
  facet normal 0.500011 0.866019 -0
    outer loop
      vertex 149 70 0
      vertex 145.536 72 3
      vertex 149 70 3
    endloop
  endfacet
  facet normal 0.500011 0.866019 0
    outer loop
      vertex 145.536 72 3
      vertex 149 70 0
      vertex 145.536 72 0
    endloop
  endfacet
  facet normal -0.500011 0.866019 0
    outer loop
      vertex 162.964 72 0
      vertex 159.5 70 3
      vertex 162.964 72 3
    endloop
  endfacet
  facet normal -0.500011 0.866019 0
    outer loop
      vertex 159.5 70 3
      vertex 162.964 72 0
      vertex 159.5 70 0
    endloop
  endfacet
  facet normal -1 0 0
    outer loop
      vertex 162.964 72 0
      vertex 162.964 76 3
      vertex 162.964 76 0
    endloop
  endfacet
  facet normal -1 -0 0
    outer loop
      vertex 162.964 76 3
      vertex 162.964 72 0
      vertex 162.964 72 3
    endloop
  endfacet
  facet normal 0.500011 -0.866019 0
    outer loop
      vertex 156.036 76 0
      vertex 159.5 78 3
      vertex 156.036 76 3
    endloop
  endfacet
  facet normal 0.500011 -0.866019 0
    outer loop
      vertex 159.5 78 3
      vertex 156.036 76 0
      vertex 159.5 78 0
    endloop
  endfacet
  facet normal -0.500011 -0.866019 0
    outer loop
      vertex 159.5 78 0
      vertex 162.964 76 3
      vertex 159.5 78 3
    endloop
  endfacet
  facet normal -0.500011 -0.866019 -0
    outer loop
      vertex 162.964 76 3
      vertex 159.5 78 0
      vertex 162.964 76 0
    endloop
  endfacet
  facet normal 1 -0 0
    outer loop
      vertex 156.036 72 3
      vertex 156.036 76 0
      vertex 156.036 76 3
    endloop
  endfacet
  facet normal 1 0 0
    outer loop
      vertex 156.036 76 0
      vertex 156.036 72 3
      vertex 156.036 72 0
    endloop
  endfacet
  facet normal 0.500011 0.866019 -0
    outer loop
      vertex 159.5 70 0
      vertex 156.036 72 3
      vertex 159.5 70 3
    endloop
  endfacet
  facet normal 0.500011 0.866019 0
    outer loop
      vertex 156.036 72 3
      vertex 159.5 70 0
      vertex 156.036 72 0
    endloop
  endfacet
  facet normal -0.500011 0.866019 0
    outer loop
      vertex 173.464 72 0
      vertex 170 70 3
      vertex 173.464 72 3
    endloop
  endfacet
  facet normal -0.500011 0.866019 0
    outer loop
      vertex 170 70 3
      vertex 173.464 72 0
      vertex 170 70 0
    endloop
  endfacet
  facet normal -1 0 0
    outer loop
      vertex 173.464 72 0
      vertex 173.464 76 3
      vertex 173.464 76 0
    endloop
  endfacet
  facet normal -1 -0 0
    outer loop
      vertex 173.464 76 3
      vertex 173.464 72 0
      vertex 173.464 72 3
    endloop
  endfacet
  facet normal 0.500011 -0.866019 0
    outer loop
      vertex 166.536 76 0
      vertex 170 78 3
      vertex 166.536 76 3
    endloop
  endfacet
  facet normal 0.500011 -0.866019 0
    outer loop
      vertex 170 78 3
      vertex 166.536 76 0
      vertex 170 78 0
    endloop
  endfacet
  facet normal -0.500011 -0.866019 0
    outer loop
      vertex 170 78 0
      vertex 173.464 76 3
      vertex 170 78 3
    endloop
  endfacet
  facet normal -0.500011 -0.866019 -0
    outer loop
      vertex 173.464 76 3
      vertex 170 78 0
      vertex 173.464 76 0
    endloop
  endfacet
  facet normal 1 -0 0
    outer loop
      vertex 166.536 72 3
      vertex 166.536 76 0
      vertex 166.536 76 3
    endloop
  endfacet
  facet normal 1 0 0
    outer loop
      vertex 166.536 76 0
      vertex 166.536 72 3
      vertex 166.536 72 0
    endloop
  endfacet
  facet normal 0.500011 0.866019 -0
    outer loop
      vertex 170 70 0
      vertex 166.536 72 3
      vertex 170 70 3
    endloop
  endfacet
  facet normal 0.500011 0.866019 0
    outer loop
      vertex 166.536 72 3
      vertex 170 70 0
      vertex 166.536 72 0
    endloop
  endfacet
  facet normal -0.500011 0.866019 0
    outer loop
      vertex 183.964 72 0
      vertex 180.5 70 3
      vertex 183.964 72 3
    endloop
  endfacet
  facet normal -0.500011 0.866019 0
    outer loop
      vertex 180.5 70 3
      vertex 183.964 72 0
      vertex 180.5 70 0
    endloop
  endfacet
  facet normal -1 0 0
    outer loop
      vertex 183.964 72 0
      vertex 183.964 76 3
      vertex 183.964 76 0
    endloop
  endfacet
  facet normal -1 -0 0
    outer loop
      vertex 183.964 76 3
      vertex 183.964 72 0
      vertex 183.964 72 3
    endloop
  endfacet
  facet normal 0.500011 -0.866019 0
    outer loop
      vertex 177.036 76 0
      vertex 180.5 78 3
      vertex 177.036 76 3
    endloop
  endfacet
  facet normal 0.500011 -0.866019 0
    outer loop
      vertex 180.5 78 3
      vertex 177.036 76 0
      vertex 180.5 78 0
    endloop
  endfacet
  facet normal -0.500011 -0.866019 0
    outer loop
      vertex 180.5 78 0
      vertex 183.964 76 3
      vertex 180.5 78 3
    endloop
  endfacet
  facet normal -0.500011 -0.866019 -0
    outer loop
      vertex 183.964 76 3
      vertex 180.5 78 0
      vertex 183.964 76 0
    endloop
  endfacet
  facet normal 1 -0 0
    outer loop
      vertex 177.036 72 3
      vertex 177.036 76 0
      vertex 177.036 76 3
    endloop
  endfacet
  facet normal 1 0 0
    outer loop
      vertex 177.036 76 0
      vertex 177.036 72 3
      vertex 177.036 72 0
    endloop
  endfacet
  facet normal 0.500011 0.866019 -0
    outer loop
      vertex 180.5 70 0
      vertex 177.036 72 3
      vertex 180.5 70 3
    endloop
  endfacet
  facet normal 0.500011 0.866019 0
    outer loop
      vertex 177.036 72 3
      vertex 180.5 70 0
      vertex 177.036 72 0
    endloop
  endfacet
  facet normal -0.500011 0.866019 0
    outer loop
      vertex 194.464 72 0
      vertex 191 70 3
      vertex 194.464 72 3
    endloop
  endfacet
  facet normal -0.500011 0.866019 0
    outer loop
      vertex 191 70 3
      vertex 194.464 72 0
      vertex 191 70 0
    endloop
  endfacet
  facet normal -1 0 0
    outer loop
      vertex 194.464 72 0
      vertex 194.464 76 3
      vertex 194.464 76 0
    endloop
  endfacet
  facet normal -1 -0 0
    outer loop
      vertex 194.464 76 3
      vertex 194.464 72 0
      vertex 194.464 72 3
    endloop
  endfacet
  facet normal 0.500011 -0.866019 0
    outer loop
      vertex 187.536 76 0
      vertex 191 78 3
      vertex 187.536 76 3
    endloop
  endfacet
  facet normal 0.500011 -0.866019 0
    outer loop
      vertex 191 78 3
      vertex 187.536 76 0
      vertex 191 78 0
    endloop
  endfacet
  facet normal -0.500011 -0.866019 0
    outer loop
      vertex 191 78 0
      vertex 194.464 76 3
      vertex 191 78 3
    endloop
  endfacet
  facet normal -0.500011 -0.866019 -0
    outer loop
      vertex 194.464 76 3
      vertex 191 78 0
      vertex 194.464 76 0
    endloop
  endfacet
  facet normal 1 -0 0
    outer loop
      vertex 187.536 72 3
      vertex 187.536 76 0
      vertex 187.536 76 3
    endloop
  endfacet
  facet normal 1 0 0
    outer loop
      vertex 187.536 76 0
      vertex 187.536 72 3
      vertex 187.536 72 0
    endloop
  endfacet
  facet normal 0.500011 0.866019 -0
    outer loop
      vertex 191 70 0
      vertex 187.536 72 3
      vertex 191 70 3
    endloop
  endfacet
  facet normal 0.500011 0.866019 0
    outer loop
      vertex 187.536 72 3
      vertex 191 70 0
      vertex 187.536 72 0
    endloop
  endfacet
  facet normal -0.500011 0.866019 0
    outer loop
      vertex 204.964 72 0
      vertex 201.5 70 3
      vertex 204.964 72 3
    endloop
  endfacet
  facet normal -0.500011 0.866019 0
    outer loop
      vertex 201.5 70 3
      vertex 204.964 72 0
      vertex 201.5 70 0
    endloop
  endfacet
  facet normal -1 0 0
    outer loop
      vertex 204.964 72 0
      vertex 204.964 76 3
      vertex 204.964 76 0
    endloop
  endfacet
  facet normal -1 -0 0
    outer loop
      vertex 204.964 76 3
      vertex 204.964 72 0
      vertex 204.964 72 3
    endloop
  endfacet
  facet normal 0.500011 -0.866019 0
    outer loop
      vertex 198.036 76 0
      vertex 201.5 78 3
      vertex 198.036 76 3
    endloop
  endfacet
  facet normal 0.500011 -0.866019 0
    outer loop
      vertex 201.5 78 3
      vertex 198.036 76 0
      vertex 201.5 78 0
    endloop
  endfacet
  facet normal -0.500011 -0.866019 0
    outer loop
      vertex 201.5 78 0
      vertex 204.964 76 3
      vertex 201.5 78 3
    endloop
  endfacet
  facet normal -0.500011 -0.866019 -0
    outer loop
      vertex 204.964 76 3
      vertex 201.5 78 0
      vertex 204.964 76 0
    endloop
  endfacet
  facet normal 1 -0 0
    outer loop
      vertex 198.036 72 3
      vertex 198.036 76 0
      vertex 198.036 76 3
    endloop
  endfacet
  facet normal 1 0 0
    outer loop
      vertex 198.036 76 0
      vertex 198.036 72 3
      vertex 198.036 72 0
    endloop
  endfacet
  facet normal 0.500011 0.866019 -0
    outer loop
      vertex 201.5 70 0
      vertex 198.036 72 3
      vertex 201.5 70 3
    endloop
  endfacet
  facet normal 0.500011 0.866019 0
    outer loop
      vertex 198.036 72 3
      vertex 201.5 70 0
      vertex 198.036 72 0
    endloop
  endfacet
  facet normal -0.500011 0.866019 0
    outer loop
      vertex 215.464 72 0
      vertex 212 70 3
      vertex 215.464 72 3
    endloop
  endfacet
  facet normal -0.500011 0.866019 0
    outer loop
      vertex 212 70 3
      vertex 215.464 72 0
      vertex 212 70 0
    endloop
  endfacet
  facet normal -1 0 0
    outer loop
      vertex 215.464 72 0
      vertex 215.464 76 3
      vertex 215.464 76 0
    endloop
  endfacet
  facet normal -1 -0 0
    outer loop
      vertex 215.464 76 3
      vertex 215.464 72 0
      vertex 215.464 72 3
    endloop
  endfacet
  facet normal 0.500011 -0.866019 0
    outer loop
      vertex 208.536 76 0
      vertex 212 78 3
      vertex 208.536 76 3
    endloop
  endfacet
  facet normal 0.500011 -0.866019 0
    outer loop
      vertex 212 78 3
      vertex 208.536 76 0
      vertex 212 78 0
    endloop
  endfacet
  facet normal -0.500011 -0.866019 0
    outer loop
      vertex 212 78 0
      vertex 215.464 76 3
      vertex 212 78 3
    endloop
  endfacet
  facet normal -0.500011 -0.866019 -0
    outer loop
      vertex 215.464 76 3
      vertex 212 78 0
      vertex 215.464 76 0
    endloop
  endfacet
  facet normal 1 -0 0
    outer loop
      vertex 208.536 72 3
      vertex 208.536 76 0
      vertex 208.536 76 3
    endloop
  endfacet
  facet normal 1 0 0
    outer loop
      vertex 208.536 76 0
      vertex 208.536 72 3
      vertex 208.536 72 0
    endloop
  endfacet
  facet normal 0.500011 0.866019 -0
    outer loop
      vertex 212 70 0
      vertex 208.536 72 3
      vertex 212 70 3
    endloop
  endfacet
  facet normal 0.500011 0.866019 0
    outer loop
      vertex 208.536 72 3
      vertex 212 70 0
      vertex 208.536 72 0
    endloop
  endfacet
  facet normal -0.499968 0.866044 0
    outer loop
      vertex 84.2141 81.093 0
      vertex 84 80.9694 3
      vertex 84.2141 81.093 3
    endloop
  endfacet
  facet normal -0.499968 0.866044 0
    outer loop
      vertex 84 80.9694 3
      vertex 84.2141 81.093 0
      vertex 84 80.9694 0
    endloop
  endfacet
  facet normal -1 0 0
    outer loop
      vertex 84.2141 81.093 0
      vertex 84.2141 85.093 3
      vertex 84.2141 85.093 0
    endloop
  endfacet
  facet normal -1 -0 0
    outer loop
      vertex 84.2141 85.093 3
      vertex 84.2141 81.093 0
      vertex 84.2141 81.093 3
    endloop
  endfacet
  facet normal -0.499968 -0.866044 0
    outer loop
      vertex 84 85.2166 0
      vertex 84.2141 85.093 3
      vertex 84 85.2166 3
    endloop
  endfacet
  facet normal -0.499968 -0.866044 -0
    outer loop
      vertex 84.2141 85.093 3
      vertex 84 85.2166 0
      vertex 84.2141 85.093 0
    endloop
  endfacet
  facet normal -0.5 0.866025 0
    outer loop
      vertex 94.7141 81.093 0
      vertex 91.25 79.093 3
      vertex 94.7141 81.093 3
    endloop
  endfacet
  facet normal -0.5 0.866025 0
    outer loop
      vertex 91.25 79.093 3
      vertex 94.7141 81.093 0
      vertex 91.25 79.093 0
    endloop
  endfacet
  facet normal -1 0 0
    outer loop
      vertex 94.7141 81.093 0
      vertex 94.7141 85.093 3
      vertex 94.7141 85.093 0
    endloop
  endfacet
  facet normal -1 -0 0
    outer loop
      vertex 94.7141 85.093 3
      vertex 94.7141 81.093 0
      vertex 94.7141 81.093 3
    endloop
  endfacet
  facet normal 0.5 -0.866025 0
    outer loop
      vertex 87.7859 85.093 0
      vertex 91.25 87.093 3
      vertex 87.7859 85.093 3
    endloop
  endfacet
  facet normal 0.5 -0.866025 0
    outer loop
      vertex 91.25 87.093 3
      vertex 87.7859 85.093 0
      vertex 91.25 87.093 0
    endloop
  endfacet
  facet normal -0.5 -0.866025 0
    outer loop
      vertex 91.25 87.093 0
      vertex 94.7141 85.093 3
      vertex 91.25 87.093 3
    endloop
  endfacet
  facet normal -0.5 -0.866025 -0
    outer loop
      vertex 94.7141 85.093 3
      vertex 91.25 87.093 0
      vertex 94.7141 85.093 0
    endloop
  endfacet
  facet normal 1 -0 0
    outer loop
      vertex 87.7859 81.093 3
      vertex 87.7859 85.093 0
      vertex 87.7859 85.093 3
    endloop
  endfacet
  facet normal 1 0 0
    outer loop
      vertex 87.7859 85.093 0
      vertex 87.7859 81.093 3
      vertex 87.7859 81.093 0
    endloop
  endfacet
  facet normal 0.5 0.866025 -0
    outer loop
      vertex 91.25 79.093 0
      vertex 87.7859 81.093 3
      vertex 91.25 79.093 3
    endloop
  endfacet
  facet normal 0.5 0.866025 0
    outer loop
      vertex 87.7859 81.093 3
      vertex 91.25 79.093 0
      vertex 87.7859 81.093 0
    endloop
  endfacet
  facet normal -0.500011 0.866019 0
    outer loop
      vertex 105.214 81.093 0
      vertex 101.75 79.093 3
      vertex 105.214 81.093 3
    endloop
  endfacet
  facet normal -0.500011 0.866019 0
    outer loop
      vertex 101.75 79.093 3
      vertex 105.214 81.093 0
      vertex 101.75 79.093 0
    endloop
  endfacet
  facet normal -1 0 0
    outer loop
      vertex 105.214 81.093 0
      vertex 105.214 85.093 3
      vertex 105.214 85.093 0
    endloop
  endfacet
  facet normal -1 -0 0
    outer loop
      vertex 105.214 85.093 3
      vertex 105.214 81.093 0
      vertex 105.214 81.093 3
    endloop
  endfacet
  facet normal 0.5 -0.866025 0
    outer loop
      vertex 98.2859 85.093 0
      vertex 101.75 87.093 3
      vertex 98.2859 85.093 3
    endloop
  endfacet
  facet normal 0.5 -0.866025 0
    outer loop
      vertex 101.75 87.093 3
      vertex 98.2859 85.093 0
      vertex 101.75 87.093 0
    endloop
  endfacet
  facet normal -0.500011 -0.866019 0
    outer loop
      vertex 101.75 87.093 0
      vertex 105.214 85.093 3
      vertex 101.75 87.093 3
    endloop
  endfacet
  facet normal -0.500011 -0.866019 -0
    outer loop
      vertex 105.214 85.093 3
      vertex 101.75 87.093 0
      vertex 105.214 85.093 0
    endloop
  endfacet
  facet normal 1 -0 0
    outer loop
      vertex 98.2859 81.093 3
      vertex 98.2859 85.093 0
      vertex 98.2859 85.093 3
    endloop
  endfacet
  facet normal 1 0 0
    outer loop
      vertex 98.2859 85.093 0
      vertex 98.2859 81.093 3
      vertex 98.2859 81.093 0
    endloop
  endfacet
  facet normal 0.5 0.866025 -0
    outer loop
      vertex 101.75 79.093 0
      vertex 98.2859 81.093 3
      vertex 101.75 79.093 3
    endloop
  endfacet
  facet normal 0.5 0.866025 0
    outer loop
      vertex 98.2859 81.093 3
      vertex 101.75 79.093 0
      vertex 98.2859 81.093 0
    endloop
  endfacet
  facet normal -0.500011 0.866019 0
    outer loop
      vertex 115.714 81.093 0
      vertex 112.25 79.093 3
      vertex 115.714 81.093 3
    endloop
  endfacet
  facet normal -0.500011 0.866019 0
    outer loop
      vertex 112.25 79.093 3
      vertex 115.714 81.093 0
      vertex 112.25 79.093 0
    endloop
  endfacet
  facet normal -1 0 0
    outer loop
      vertex 115.714 81.093 0
      vertex 115.714 85.093 3
      vertex 115.714 85.093 0
    endloop
  endfacet
  facet normal -1 -0 0
    outer loop
      vertex 115.714 85.093 3
      vertex 115.714 81.093 0
      vertex 115.714 81.093 3
    endloop
  endfacet
  facet normal 0.500011 -0.866019 0
    outer loop
      vertex 108.786 85.093 0
      vertex 112.25 87.093 3
      vertex 108.786 85.093 3
    endloop
  endfacet
  facet normal 0.500011 -0.866019 0
    outer loop
      vertex 112.25 87.093 3
      vertex 108.786 85.093 0
      vertex 112.25 87.093 0
    endloop
  endfacet
  facet normal -0.500011 -0.866019 0
    outer loop
      vertex 112.25 87.093 0
      vertex 115.714 85.093 3
      vertex 112.25 87.093 3
    endloop
  endfacet
  facet normal -0.500011 -0.866019 -0
    outer loop
      vertex 115.714 85.093 3
      vertex 112.25 87.093 0
      vertex 115.714 85.093 0
    endloop
  endfacet
  facet normal 1 -0 0
    outer loop
      vertex 108.786 81.093 3
      vertex 108.786 85.093 0
      vertex 108.786 85.093 3
    endloop
  endfacet
  facet normal 1 0 0
    outer loop
      vertex 108.786 85.093 0
      vertex 108.786 81.093 3
      vertex 108.786 81.093 0
    endloop
  endfacet
  facet normal 0.500011 0.866019 -0
    outer loop
      vertex 112.25 79.093 0
      vertex 108.786 81.093 3
      vertex 112.25 79.093 3
    endloop
  endfacet
  facet normal 0.500011 0.866019 0
    outer loop
      vertex 108.786 81.093 3
      vertex 112.25 79.093 0
      vertex 108.786 81.093 0
    endloop
  endfacet
  facet normal -0.500011 0.866019 0
    outer loop
      vertex 126.214 81.093 0
      vertex 122.75 79.093 3
      vertex 126.214 81.093 3
    endloop
  endfacet
  facet normal -0.500011 0.866019 0
    outer loop
      vertex 122.75 79.093 3
      vertex 126.214 81.093 0
      vertex 122.75 79.093 0
    endloop
  endfacet
  facet normal -1 0 0
    outer loop
      vertex 126.214 81.093 0
      vertex 126.214 85.093 3
      vertex 126.214 85.093 0
    endloop
  endfacet
  facet normal -1 -0 0
    outer loop
      vertex 126.214 85.093 3
      vertex 126.214 81.093 0
      vertex 126.214 81.093 3
    endloop
  endfacet
  facet normal 0.500011 -0.866019 0
    outer loop
      vertex 119.286 85.093 0
      vertex 122.75 87.093 3
      vertex 119.286 85.093 3
    endloop
  endfacet
  facet normal 0.500011 -0.866019 0
    outer loop
      vertex 122.75 87.093 3
      vertex 119.286 85.093 0
      vertex 122.75 87.093 0
    endloop
  endfacet
  facet normal -0.500011 -0.866019 0
    outer loop
      vertex 122.75 87.093 0
      vertex 126.214 85.093 3
      vertex 122.75 87.093 3
    endloop
  endfacet
  facet normal -0.500011 -0.866019 -0
    outer loop
      vertex 126.214 85.093 3
      vertex 122.75 87.093 0
      vertex 126.214 85.093 0
    endloop
  endfacet
  facet normal 1 -0 0
    outer loop
      vertex 119.286 81.093 3
      vertex 119.286 85.093 0
      vertex 119.286 85.093 3
    endloop
  endfacet
  facet normal 1 0 0
    outer loop
      vertex 119.286 85.093 0
      vertex 119.286 81.093 3
      vertex 119.286 81.093 0
    endloop
  endfacet
  facet normal 0.500011 0.866019 -0
    outer loop
      vertex 122.75 79.093 0
      vertex 119.286 81.093 3
      vertex 122.75 79.093 3
    endloop
  endfacet
  facet normal 0.500011 0.866019 0
    outer loop
      vertex 119.286 81.093 3
      vertex 122.75 79.093 0
      vertex 119.286 81.093 0
    endloop
  endfacet
  facet normal -0.500011 0.866019 0
    outer loop
      vertex 136.714 81.093 0
      vertex 133.25 79.093 3
      vertex 136.714 81.093 3
    endloop
  endfacet
  facet normal -0.500011 0.866019 0
    outer loop
      vertex 133.25 79.093 3
      vertex 136.714 81.093 0
      vertex 133.25 79.093 0
    endloop
  endfacet
  facet normal -1 0 0
    outer loop
      vertex 136.714 81.093 0
      vertex 136.714 85.093 3
      vertex 136.714 85.093 0
    endloop
  endfacet
  facet normal -1 -0 0
    outer loop
      vertex 136.714 85.093 3
      vertex 136.714 81.093 0
      vertex 136.714 81.093 3
    endloop
  endfacet
  facet normal 0.500011 -0.866019 0
    outer loop
      vertex 129.786 85.093 0
      vertex 133.25 87.093 3
      vertex 129.786 85.093 3
    endloop
  endfacet
  facet normal 0.500011 -0.866019 0
    outer loop
      vertex 133.25 87.093 3
      vertex 129.786 85.093 0
      vertex 133.25 87.093 0
    endloop
  endfacet
  facet normal -0.500011 -0.866019 0
    outer loop
      vertex 133.25 87.093 0
      vertex 136.714 85.093 3
      vertex 133.25 87.093 3
    endloop
  endfacet
  facet normal -0.500011 -0.866019 -0
    outer loop
      vertex 136.714 85.093 3
      vertex 133.25 87.093 0
      vertex 136.714 85.093 0
    endloop
  endfacet
  facet normal 1 -0 0
    outer loop
      vertex 129.786 81.093 3
      vertex 129.786 85.093 0
      vertex 129.786 85.093 3
    endloop
  endfacet
  facet normal 1 0 0
    outer loop
      vertex 129.786 85.093 0
      vertex 129.786 81.093 3
      vertex 129.786 81.093 0
    endloop
  endfacet
  facet normal 0.500011 0.866019 -0
    outer loop
      vertex 133.25 79.093 0
      vertex 129.786 81.093 3
      vertex 133.25 79.093 3
    endloop
  endfacet
  facet normal 0.500011 0.866019 0
    outer loop
      vertex 129.786 81.093 3
      vertex 133.25 79.093 0
      vertex 129.786 81.093 0
    endloop
  endfacet
  facet normal -0.500011 0.866019 0
    outer loop
      vertex 147.214 81.093 0
      vertex 143.75 79.093 3
      vertex 147.214 81.093 3
    endloop
  endfacet
  facet normal -0.500011 0.866019 0
    outer loop
      vertex 143.75 79.093 3
      vertex 147.214 81.093 0
      vertex 143.75 79.093 0
    endloop
  endfacet
  facet normal -1 0 0
    outer loop
      vertex 147.214 81.093 0
      vertex 147.214 85.093 3
      vertex 147.214 85.093 0
    endloop
  endfacet
  facet normal -1 -0 0
    outer loop
      vertex 147.214 85.093 3
      vertex 147.214 81.093 0
      vertex 147.214 81.093 3
    endloop
  endfacet
  facet normal 0.500011 -0.866019 0
    outer loop
      vertex 140.286 85.093 0
      vertex 143.75 87.093 3
      vertex 140.286 85.093 3
    endloop
  endfacet
  facet normal 0.500011 -0.866019 0
    outer loop
      vertex 143.75 87.093 3
      vertex 140.286 85.093 0
      vertex 143.75 87.093 0
    endloop
  endfacet
  facet normal -0.500011 -0.866019 0
    outer loop
      vertex 143.75 87.093 0
      vertex 147.214 85.093 3
      vertex 143.75 87.093 3
    endloop
  endfacet
  facet normal -0.500011 -0.866019 -0
    outer loop
      vertex 147.214 85.093 3
      vertex 143.75 87.093 0
      vertex 147.214 85.093 0
    endloop
  endfacet
  facet normal 1 -0 0
    outer loop
      vertex 140.286 81.093 3
      vertex 140.286 85.093 0
      vertex 140.286 85.093 3
    endloop
  endfacet
  facet normal 1 0 0
    outer loop
      vertex 140.286 85.093 0
      vertex 140.286 81.093 3
      vertex 140.286 81.093 0
    endloop
  endfacet
  facet normal 0.500011 0.866019 -0
    outer loop
      vertex 143.75 79.093 0
      vertex 140.286 81.093 3
      vertex 143.75 79.093 3
    endloop
  endfacet
  facet normal 0.500011 0.866019 0
    outer loop
      vertex 140.286 81.093 3
      vertex 143.75 79.093 0
      vertex 140.286 81.093 0
    endloop
  endfacet
  facet normal -0.500011 0.866019 0
    outer loop
      vertex 157.714 81.093 0
      vertex 154.25 79.093 3
      vertex 157.714 81.093 3
    endloop
  endfacet
  facet normal -0.500011 0.866019 0
    outer loop
      vertex 154.25 79.093 3
      vertex 157.714 81.093 0
      vertex 154.25 79.093 0
    endloop
  endfacet
  facet normal -1 0 0
    outer loop
      vertex 157.714 81.093 0
      vertex 157.714 85.093 3
      vertex 157.714 85.093 0
    endloop
  endfacet
  facet normal -1 -0 0
    outer loop
      vertex 157.714 85.093 3
      vertex 157.714 81.093 0
      vertex 157.714 81.093 3
    endloop
  endfacet
  facet normal 0.500011 -0.866019 0
    outer loop
      vertex 150.786 85.093 0
      vertex 154.25 87.093 3
      vertex 150.786 85.093 3
    endloop
  endfacet
  facet normal 0.500011 -0.866019 0
    outer loop
      vertex 154.25 87.093 3
      vertex 150.786 85.093 0
      vertex 154.25 87.093 0
    endloop
  endfacet
  facet normal -0.500011 -0.866019 0
    outer loop
      vertex 154.25 87.093 0
      vertex 157.714 85.093 3
      vertex 154.25 87.093 3
    endloop
  endfacet
  facet normal -0.500011 -0.866019 -0
    outer loop
      vertex 157.714 85.093 3
      vertex 154.25 87.093 0
      vertex 157.714 85.093 0
    endloop
  endfacet
  facet normal 1 -0 0
    outer loop
      vertex 150.786 81.093 3
      vertex 150.786 85.093 0
      vertex 150.786 85.093 3
    endloop
  endfacet
  facet normal 1 0 0
    outer loop
      vertex 150.786 85.093 0
      vertex 150.786 81.093 3
      vertex 150.786 81.093 0
    endloop
  endfacet
  facet normal 0.500011 0.866019 -0
    outer loop
      vertex 154.25 79.093 0
      vertex 150.786 81.093 3
      vertex 154.25 79.093 3
    endloop
  endfacet
  facet normal 0.500011 0.866019 0
    outer loop
      vertex 150.786 81.093 3
      vertex 154.25 79.093 0
      vertex 150.786 81.093 0
    endloop
  endfacet
  facet normal -0.500011 0.866019 0
    outer loop
      vertex 168.214 81.093 0
      vertex 164.75 79.093 3
      vertex 168.214 81.093 3
    endloop
  endfacet
  facet normal -0.500011 0.866019 0
    outer loop
      vertex 164.75 79.093 3
      vertex 168.214 81.093 0
      vertex 164.75 79.093 0
    endloop
  endfacet
  facet normal -1 0 0
    outer loop
      vertex 168.214 81.093 0
      vertex 168.214 85.093 3
      vertex 168.214 85.093 0
    endloop
  endfacet
  facet normal -1 -0 0
    outer loop
      vertex 168.214 85.093 3
      vertex 168.214 81.093 0
      vertex 168.214 81.093 3
    endloop
  endfacet
  facet normal 0.500011 -0.866019 0
    outer loop
      vertex 161.286 85.093 0
      vertex 164.75 87.093 3
      vertex 161.286 85.093 3
    endloop
  endfacet
  facet normal 0.500011 -0.866019 0
    outer loop
      vertex 164.75 87.093 3
      vertex 161.286 85.093 0
      vertex 164.75 87.093 0
    endloop
  endfacet
  facet normal -0.500011 -0.866019 0
    outer loop
      vertex 164.75 87.093 0
      vertex 168.214 85.093 3
      vertex 164.75 87.093 3
    endloop
  endfacet
  facet normal -0.500011 -0.866019 -0
    outer loop
      vertex 168.214 85.093 3
      vertex 164.75 87.093 0
      vertex 168.214 85.093 0
    endloop
  endfacet
  facet normal 1 -0 0
    outer loop
      vertex 161.286 81.093 3
      vertex 161.286 85.093 0
      vertex 161.286 85.093 3
    endloop
  endfacet
  facet normal 1 0 0
    outer loop
      vertex 161.286 85.093 0
      vertex 161.286 81.093 3
      vertex 161.286 81.093 0
    endloop
  endfacet
  facet normal 0.500011 0.866019 -0
    outer loop
      vertex 164.75 79.093 0
      vertex 161.286 81.093 3
      vertex 164.75 79.093 3
    endloop
  endfacet
  facet normal 0.500011 0.866019 0
    outer loop
      vertex 161.286 81.093 3
      vertex 164.75 79.093 0
      vertex 161.286 81.093 0
    endloop
  endfacet
  facet normal -0.500011 0.866019 0
    outer loop
      vertex 178.714 81.093 0
      vertex 175.25 79.093 3
      vertex 178.714 81.093 3
    endloop
  endfacet
  facet normal -0.500011 0.866019 0
    outer loop
      vertex 175.25 79.093 3
      vertex 178.714 81.093 0
      vertex 175.25 79.093 0
    endloop
  endfacet
  facet normal -1 0 0
    outer loop
      vertex 178.714 81.093 0
      vertex 178.714 85.093 3
      vertex 178.714 85.093 0
    endloop
  endfacet
  facet normal -1 -0 0
    outer loop
      vertex 178.714 85.093 3
      vertex 178.714 81.093 0
      vertex 178.714 81.093 3
    endloop
  endfacet
  facet normal 0.500011 -0.866019 0
    outer loop
      vertex 171.786 85.093 0
      vertex 175.25 87.093 3
      vertex 171.786 85.093 3
    endloop
  endfacet
  facet normal 0.500011 -0.866019 0
    outer loop
      vertex 175.25 87.093 3
      vertex 171.786 85.093 0
      vertex 175.25 87.093 0
    endloop
  endfacet
  facet normal -0.500011 -0.866019 0
    outer loop
      vertex 175.25 87.093 0
      vertex 178.714 85.093 3
      vertex 175.25 87.093 3
    endloop
  endfacet
  facet normal -0.500011 -0.866019 -0
    outer loop
      vertex 178.714 85.093 3
      vertex 175.25 87.093 0
      vertex 178.714 85.093 0
    endloop
  endfacet
  facet normal 1 -0 0
    outer loop
      vertex 171.786 81.093 3
      vertex 171.786 85.093 0
      vertex 171.786 85.093 3
    endloop
  endfacet
  facet normal 1 0 0
    outer loop
      vertex 171.786 85.093 0
      vertex 171.786 81.093 3
      vertex 171.786 81.093 0
    endloop
  endfacet
  facet normal 0.500011 0.866019 -0
    outer loop
      vertex 175.25 79.093 0
      vertex 171.786 81.093 3
      vertex 175.25 79.093 3
    endloop
  endfacet
  facet normal 0.500011 0.866019 0
    outer loop
      vertex 171.786 81.093 3
      vertex 175.25 79.093 0
      vertex 171.786 81.093 0
    endloop
  endfacet
  facet normal -0.500011 0.866019 0
    outer loop
      vertex 189.214 81.093 0
      vertex 185.75 79.093 3
      vertex 189.214 81.093 3
    endloop
  endfacet
  facet normal -0.500011 0.866019 0
    outer loop
      vertex 185.75 79.093 3
      vertex 189.214 81.093 0
      vertex 185.75 79.093 0
    endloop
  endfacet
  facet normal -1 0 0
    outer loop
      vertex 189.214 81.093 0
      vertex 189.214 85.093 3
      vertex 189.214 85.093 0
    endloop
  endfacet
  facet normal -1 -0 0
    outer loop
      vertex 189.214 85.093 3
      vertex 189.214 81.093 0
      vertex 189.214 81.093 3
    endloop
  endfacet
  facet normal 0.500011 -0.866019 0
    outer loop
      vertex 182.286 85.093 0
      vertex 185.75 87.093 3
      vertex 182.286 85.093 3
    endloop
  endfacet
  facet normal 0.500011 -0.866019 0
    outer loop
      vertex 185.75 87.093 3
      vertex 182.286 85.093 0
      vertex 185.75 87.093 0
    endloop
  endfacet
  facet normal -0.500011 -0.866019 0
    outer loop
      vertex 185.75 87.093 0
      vertex 189.214 85.093 3
      vertex 185.75 87.093 3
    endloop
  endfacet
  facet normal -0.500011 -0.866019 -0
    outer loop
      vertex 189.214 85.093 3
      vertex 185.75 87.093 0
      vertex 189.214 85.093 0
    endloop
  endfacet
  facet normal 1 -0 0
    outer loop
      vertex 182.286 81.093 3
      vertex 182.286 85.093 0
      vertex 182.286 85.093 3
    endloop
  endfacet
  facet normal 1 0 0
    outer loop
      vertex 182.286 85.093 0
      vertex 182.286 81.093 3
      vertex 182.286 81.093 0
    endloop
  endfacet
  facet normal 0.500011 0.866019 -0
    outer loop
      vertex 185.75 79.093 0
      vertex 182.286 81.093 3
      vertex 185.75 79.093 3
    endloop
  endfacet
  facet normal 0.500011 0.866019 0
    outer loop
      vertex 182.286 81.093 3
      vertex 185.75 79.093 0
      vertex 182.286 81.093 0
    endloop
  endfacet
  facet normal -0.500011 0.866019 0
    outer loop
      vertex 199.714 81.093 0
      vertex 196.25 79.093 3
      vertex 199.714 81.093 3
    endloop
  endfacet
  facet normal -0.500011 0.866019 0
    outer loop
      vertex 196.25 79.093 3
      vertex 199.714 81.093 0
      vertex 196.25 79.093 0
    endloop
  endfacet
  facet normal -1 0 0
    outer loop
      vertex 199.714 81.093 0
      vertex 199.714 85.093 3
      vertex 199.714 85.093 0
    endloop
  endfacet
  facet normal -1 -0 0
    outer loop
      vertex 199.714 85.093 3
      vertex 199.714 81.093 0
      vertex 199.714 81.093 3
    endloop
  endfacet
  facet normal 0.500011 -0.866019 0
    outer loop
      vertex 192.786 85.093 0
      vertex 196.25 87.093 3
      vertex 192.786 85.093 3
    endloop
  endfacet
  facet normal 0.500011 -0.866019 0
    outer loop
      vertex 196.25 87.093 3
      vertex 192.786 85.093 0
      vertex 196.25 87.093 0
    endloop
  endfacet
  facet normal -0.500011 -0.866019 0
    outer loop
      vertex 196.25 87.093 0
      vertex 199.714 85.093 3
      vertex 196.25 87.093 3
    endloop
  endfacet
  facet normal -0.500011 -0.866019 -0
    outer loop
      vertex 199.714 85.093 3
      vertex 196.25 87.093 0
      vertex 199.714 85.093 0
    endloop
  endfacet
  facet normal 1 -0 0
    outer loop
      vertex 192.786 81.093 3
      vertex 192.786 85.093 0
      vertex 192.786 85.093 3
    endloop
  endfacet
  facet normal 1 0 0
    outer loop
      vertex 192.786 85.093 0
      vertex 192.786 81.093 3
      vertex 192.786 81.093 0
    endloop
  endfacet
  facet normal 0.500011 0.866019 -0
    outer loop
      vertex 196.25 79.093 0
      vertex 192.786 81.093 3
      vertex 196.25 79.093 3
    endloop
  endfacet
  facet normal 0.500011 0.866019 0
    outer loop
      vertex 192.786 81.093 3
      vertex 196.25 79.093 0
      vertex 192.786 81.093 0
    endloop
  endfacet
  facet normal -0.500011 0.866019 0
    outer loop
      vertex 210.214 81.093 0
      vertex 206.75 79.093 3
      vertex 210.214 81.093 3
    endloop
  endfacet
  facet normal -0.500011 0.866019 0
    outer loop
      vertex 206.75 79.093 3
      vertex 210.214 81.093 0
      vertex 206.75 79.093 0
    endloop
  endfacet
  facet normal -1 0 0
    outer loop
      vertex 210.214 81.093 0
      vertex 210.214 85.093 3
      vertex 210.214 85.093 0
    endloop
  endfacet
  facet normal -1 -0 0
    outer loop
      vertex 210.214 85.093 3
      vertex 210.214 81.093 0
      vertex 210.214 81.093 3
    endloop
  endfacet
  facet normal 0.500011 -0.866019 0
    outer loop
      vertex 203.286 85.093 0
      vertex 206.75 87.093 3
      vertex 203.286 85.093 3
    endloop
  endfacet
  facet normal 0.500011 -0.866019 0
    outer loop
      vertex 206.75 87.093 3
      vertex 203.286 85.093 0
      vertex 206.75 87.093 0
    endloop
  endfacet
  facet normal -0.500011 -0.866019 0
    outer loop
      vertex 206.75 87.093 0
      vertex 210.214 85.093 3
      vertex 206.75 87.093 3
    endloop
  endfacet
  facet normal -0.500011 -0.866019 -0
    outer loop
      vertex 210.214 85.093 3
      vertex 206.75 87.093 0
      vertex 210.214 85.093 0
    endloop
  endfacet
  facet normal 1 -0 0
    outer loop
      vertex 203.286 81.093 3
      vertex 203.286 85.093 0
      vertex 203.286 85.093 3
    endloop
  endfacet
  facet normal 1 0 0
    outer loop
      vertex 203.286 85.093 0
      vertex 203.286 81.093 3
      vertex 203.286 81.093 0
    endloop
  endfacet
  facet normal 0.500011 0.866019 -0
    outer loop
      vertex 206.75 79.093 0
      vertex 203.286 81.093 3
      vertex 206.75 79.093 3
    endloop
  endfacet
  facet normal 0.500011 0.866019 0
    outer loop
      vertex 203.286 81.093 3
      vertex 206.75 79.093 0
      vertex 203.286 81.093 0
    endloop
  endfacet
  facet normal 0.500018 -0.866015 0
    outer loop
      vertex 213.786 85.093 0
      vertex 215.7 86.1981 3
      vertex 213.786 85.093 3
    endloop
  endfacet
  facet normal 0.500018 -0.866015 0
    outer loop
      vertex 215.7 86.1981 3
      vertex 213.786 85.093 0
      vertex 215.7 86.1981 0
    endloop
  endfacet
  facet normal 1 -0 0
    outer loop
      vertex 213.786 81.093 3
      vertex 213.786 85.093 0
      vertex 213.786 85.093 3
    endloop
  endfacet
  facet normal 1 0 0
    outer loop
      vertex 213.786 85.093 0
      vertex 213.786 81.093 3
      vertex 213.786 81.093 0
    endloop
  endfacet
  facet normal 0.500018 0.866015 -0
    outer loop
      vertex 215.7 79.9879 0
      vertex 213.786 81.093 3
      vertex 215.7 79.9879 3
    endloop
  endfacet
  facet normal 0.500018 0.866015 0
    outer loop
      vertex 213.786 81.093 3
      vertex 215.7 79.9879 0
      vertex 213.786 81.093 0
    endloop
  endfacet
  facet normal -0.5 0.866025 0
    outer loop
      vertex 89.4641 90.186 0
      vertex 86 88.186 3
      vertex 89.4641 90.186 3
    endloop
  endfacet
  facet normal -0.5 0.866025 0
    outer loop
      vertex 86 88.186 3
      vertex 89.4641 90.186 0
      vertex 86 88.186 0
    endloop
  endfacet
  facet normal -1 0 0
    outer loop
      vertex 89.4641 90.186 0
      vertex 89.4641 94.186 3
      vertex 89.4641 94.186 0
    endloop
  endfacet
  facet normal -1 -0 0
    outer loop
      vertex 89.4641 94.186 3
      vertex 89.4641 90.186 0
      vertex 89.4641 90.186 3
    endloop
  endfacet
  facet normal 0.5 -0.866026 0
    outer loop
      vertex 84 95.0313 0
      vertex 86 96.186 3
      vertex 84 95.0313 3
    endloop
  endfacet
  facet normal 0.5 -0.866026 0
    outer loop
      vertex 86 96.186 3
      vertex 84 95.0313 0
      vertex 86 96.186 0
    endloop
  endfacet
  facet normal -0.5 -0.866025 0
    outer loop
      vertex 86 96.186 0
      vertex 89.4641 94.186 3
      vertex 86 96.186 3
    endloop
  endfacet
  facet normal -0.5 -0.866025 -0
    outer loop
      vertex 89.4641 94.186 3
      vertex 86 96.186 0
      vertex 89.4641 94.186 0
    endloop
  endfacet
  facet normal 0.5 0.866026 -0
    outer loop
      vertex 86 88.186 0
      vertex 84 89.3407 3
      vertex 86 88.186 3
    endloop
  endfacet
  facet normal 0.5 0.866026 0
    outer loop
      vertex 84 89.3407 3
      vertex 86 88.186 0
      vertex 84 89.3407 0
    endloop
  endfacet
  facet normal -0.5 0.866025 0
    outer loop
      vertex 99.9641 90.186 0
      vertex 96.5 88.186 3
      vertex 99.9641 90.186 3
    endloop
  endfacet
  facet normal -0.5 0.866025 0
    outer loop
      vertex 96.5 88.186 3
      vertex 99.9641 90.186 0
      vertex 96.5 88.186 0
    endloop
  endfacet
  facet normal -1 0 0
    outer loop
      vertex 99.9641 90.186 0
      vertex 99.9641 94.186 3
      vertex 99.9641 94.186 0
    endloop
  endfacet
  facet normal -1 -0 0
    outer loop
      vertex 99.9641 94.186 3
      vertex 99.9641 90.186 0
      vertex 99.9641 90.186 3
    endloop
  endfacet
  facet normal 0.5 -0.866025 0
    outer loop
      vertex 93.0359 94.186 0
      vertex 96.5 96.186 3
      vertex 93.0359 94.186 3
    endloop
  endfacet
  facet normal 0.5 -0.866025 0
    outer loop
      vertex 96.5 96.186 3
      vertex 93.0359 94.186 0
      vertex 96.5 96.186 0
    endloop
  endfacet
  facet normal -0.5 -0.866025 0
    outer loop
      vertex 96.5 96.186 0
      vertex 99.9641 94.186 3
      vertex 96.5 96.186 3
    endloop
  endfacet
  facet normal -0.5 -0.866025 -0
    outer loop
      vertex 99.9641 94.186 3
      vertex 96.5 96.186 0
      vertex 99.9641 94.186 0
    endloop
  endfacet
  facet normal 1 -0 0
    outer loop
      vertex 93.0359 90.186 3
      vertex 93.0359 94.186 0
      vertex 93.0359 94.186 3
    endloop
  endfacet
  facet normal 1 0 0
    outer loop
      vertex 93.0359 94.186 0
      vertex 93.0359 90.186 3
      vertex 93.0359 90.186 0
    endloop
  endfacet
  facet normal 0.5 0.866025 -0
    outer loop
      vertex 96.5 88.186 0
      vertex 93.0359 90.186 3
      vertex 96.5 88.186 3
    endloop
  endfacet
  facet normal 0.5 0.866025 0
    outer loop
      vertex 93.0359 90.186 3
      vertex 96.5 88.186 0
      vertex 93.0359 90.186 0
    endloop
  endfacet
  facet normal -0.500011 0.866019 0
    outer loop
      vertex 110.464 90.186 0
      vertex 107 88.186 3
      vertex 110.464 90.186 3
    endloop
  endfacet
  facet normal -0.500011 0.866019 0
    outer loop
      vertex 107 88.186 3
      vertex 110.464 90.186 0
      vertex 107 88.186 0
    endloop
  endfacet
  facet normal -1 0 0
    outer loop
      vertex 110.464 90.186 0
      vertex 110.464 94.186 3
      vertex 110.464 94.186 0
    endloop
  endfacet
  facet normal -1 -0 0
    outer loop
      vertex 110.464 94.186 3
      vertex 110.464 90.186 0
      vertex 110.464 90.186 3
    endloop
  endfacet
  facet normal 0.500011 -0.866019 0
    outer loop
      vertex 103.536 94.186 0
      vertex 107 96.186 3
      vertex 103.536 94.186 3
    endloop
  endfacet
  facet normal 0.500011 -0.866019 0
    outer loop
      vertex 107 96.186 3
      vertex 103.536 94.186 0
      vertex 107 96.186 0
    endloop
  endfacet
  facet normal -0.500011 -0.866019 0
    outer loop
      vertex 107 96.186 0
      vertex 110.464 94.186 3
      vertex 107 96.186 3
    endloop
  endfacet
  facet normal -0.500011 -0.866019 -0
    outer loop
      vertex 110.464 94.186 3
      vertex 107 96.186 0
      vertex 110.464 94.186 0
    endloop
  endfacet
  facet normal 1 -0 0
    outer loop
      vertex 103.536 90.186 3
      vertex 103.536 94.186 0
      vertex 103.536 94.186 3
    endloop
  endfacet
  facet normal 1 0 0
    outer loop
      vertex 103.536 94.186 0
      vertex 103.536 90.186 3
      vertex 103.536 90.186 0
    endloop
  endfacet
  facet normal 0.500011 0.866019 -0
    outer loop
      vertex 107 88.186 0
      vertex 103.536 90.186 3
      vertex 107 88.186 3
    endloop
  endfacet
  facet normal 0.500011 0.866019 0
    outer loop
      vertex 103.536 90.186 3
      vertex 107 88.186 0
      vertex 103.536 90.186 0
    endloop
  endfacet
  facet normal -0.500011 0.866019 0
    outer loop
      vertex 120.964 90.186 0
      vertex 117.5 88.186 3
      vertex 120.964 90.186 3
    endloop
  endfacet
  facet normal -0.500011 0.866019 0
    outer loop
      vertex 117.5 88.186 3
      vertex 120.964 90.186 0
      vertex 117.5 88.186 0
    endloop
  endfacet
  facet normal -1 0 0
    outer loop
      vertex 120.964 90.186 0
      vertex 120.964 94.186 3
      vertex 120.964 94.186 0
    endloop
  endfacet
  facet normal -1 -0 0
    outer loop
      vertex 120.964 94.186 3
      vertex 120.964 90.186 0
      vertex 120.964 90.186 3
    endloop
  endfacet
  facet normal 0.500011 -0.866019 0
    outer loop
      vertex 114.036 94.186 0
      vertex 117.5 96.186 3
      vertex 114.036 94.186 3
    endloop
  endfacet
  facet normal 0.500011 -0.866019 0
    outer loop
      vertex 117.5 96.186 3
      vertex 114.036 94.186 0
      vertex 117.5 96.186 0
    endloop
  endfacet
  facet normal -0.500011 -0.866019 0
    outer loop
      vertex 117.5 96.186 0
      vertex 120.964 94.186 3
      vertex 117.5 96.186 3
    endloop
  endfacet
  facet normal -0.500011 -0.866019 -0
    outer loop
      vertex 120.964 94.186 3
      vertex 117.5 96.186 0
      vertex 120.964 94.186 0
    endloop
  endfacet
  facet normal 1 -0 0
    outer loop
      vertex 114.036 90.186 3
      vertex 114.036 94.186 0
      vertex 114.036 94.186 3
    endloop
  endfacet
  facet normal 1 0 0
    outer loop
      vertex 114.036 94.186 0
      vertex 114.036 90.186 3
      vertex 114.036 90.186 0
    endloop
  endfacet
  facet normal 0.500011 0.866019 -0
    outer loop
      vertex 117.5 88.186 0
      vertex 114.036 90.186 3
      vertex 117.5 88.186 3
    endloop
  endfacet
  facet normal 0.500011 0.866019 0
    outer loop
      vertex 114.036 90.186 3
      vertex 117.5 88.186 0
      vertex 114.036 90.186 0
    endloop
  endfacet
  facet normal -0.500011 0.866019 0
    outer loop
      vertex 131.464 90.186 0
      vertex 128 88.186 3
      vertex 131.464 90.186 3
    endloop
  endfacet
  facet normal -0.500011 0.866019 0
    outer loop
      vertex 128 88.186 3
      vertex 131.464 90.186 0
      vertex 128 88.186 0
    endloop
  endfacet
  facet normal -1 0 0
    outer loop
      vertex 131.464 90.186 0
      vertex 131.464 94.186 3
      vertex 131.464 94.186 0
    endloop
  endfacet
  facet normal -1 -0 0
    outer loop
      vertex 131.464 94.186 3
      vertex 131.464 90.186 0
      vertex 131.464 90.186 3
    endloop
  endfacet
  facet normal 0.500011 -0.866019 0
    outer loop
      vertex 124.536 94.186 0
      vertex 128 96.186 3
      vertex 124.536 94.186 3
    endloop
  endfacet
  facet normal 0.500011 -0.866019 0
    outer loop
      vertex 128 96.186 3
      vertex 124.536 94.186 0
      vertex 128 96.186 0
    endloop
  endfacet
  facet normal -0.500011 -0.866019 0
    outer loop
      vertex 128 96.186 0
      vertex 131.464 94.186 3
      vertex 128 96.186 3
    endloop
  endfacet
  facet normal -0.500011 -0.866019 -0
    outer loop
      vertex 131.464 94.186 3
      vertex 128 96.186 0
      vertex 131.464 94.186 0
    endloop
  endfacet
  facet normal 1 -0 0
    outer loop
      vertex 124.536 90.186 3
      vertex 124.536 94.186 0
      vertex 124.536 94.186 3
    endloop
  endfacet
  facet normal 1 0 0
    outer loop
      vertex 124.536 94.186 0
      vertex 124.536 90.186 3
      vertex 124.536 90.186 0
    endloop
  endfacet
  facet normal 0.500011 0.866019 -0
    outer loop
      vertex 128 88.186 0
      vertex 124.536 90.186 3
      vertex 128 88.186 3
    endloop
  endfacet
  facet normal 0.500011 0.866019 0
    outer loop
      vertex 124.536 90.186 3
      vertex 128 88.186 0
      vertex 124.536 90.186 0
    endloop
  endfacet
  facet normal -0.500011 0.866019 0
    outer loop
      vertex 141.964 90.186 0
      vertex 138.5 88.186 3
      vertex 141.964 90.186 3
    endloop
  endfacet
  facet normal -0.500011 0.866019 0
    outer loop
      vertex 138.5 88.186 3
      vertex 141.964 90.186 0
      vertex 138.5 88.186 0
    endloop
  endfacet
  facet normal -1 0 0
    outer loop
      vertex 141.964 90.186 0
      vertex 141.964 94.186 3
      vertex 141.964 94.186 0
    endloop
  endfacet
  facet normal -1 -0 0
    outer loop
      vertex 141.964 94.186 3
      vertex 141.964 90.186 0
      vertex 141.964 90.186 3
    endloop
  endfacet
  facet normal 0.500011 -0.866019 0
    outer loop
      vertex 135.036 94.186 0
      vertex 138.5 96.186 3
      vertex 135.036 94.186 3
    endloop
  endfacet
  facet normal 0.500011 -0.866019 0
    outer loop
      vertex 138.5 96.186 3
      vertex 135.036 94.186 0
      vertex 138.5 96.186 0
    endloop
  endfacet
  facet normal -0.500011 -0.866019 0
    outer loop
      vertex 138.5 96.186 0
      vertex 141.964 94.186 3
      vertex 138.5 96.186 3
    endloop
  endfacet
  facet normal -0.500011 -0.866019 -0
    outer loop
      vertex 141.964 94.186 3
      vertex 138.5 96.186 0
      vertex 141.964 94.186 0
    endloop
  endfacet
  facet normal 1 -0 0
    outer loop
      vertex 135.036 90.186 3
      vertex 135.036 94.186 0
      vertex 135.036 94.186 3
    endloop
  endfacet
  facet normal 1 0 0
    outer loop
      vertex 135.036 94.186 0
      vertex 135.036 90.186 3
      vertex 135.036 90.186 0
    endloop
  endfacet
  facet normal 0.500011 0.866019 -0
    outer loop
      vertex 138.5 88.186 0
      vertex 135.036 90.186 3
      vertex 138.5 88.186 3
    endloop
  endfacet
  facet normal 0.500011 0.866019 0
    outer loop
      vertex 135.036 90.186 3
      vertex 138.5 88.186 0
      vertex 135.036 90.186 0
    endloop
  endfacet
  facet normal -0.500011 0.866019 0
    outer loop
      vertex 152.464 90.186 0
      vertex 149 88.186 3
      vertex 152.464 90.186 3
    endloop
  endfacet
  facet normal -0.500011 0.866019 0
    outer loop
      vertex 149 88.186 3
      vertex 152.464 90.186 0
      vertex 149 88.186 0
    endloop
  endfacet
  facet normal -1 0 0
    outer loop
      vertex 152.464 90.186 0
      vertex 152.464 94.186 3
      vertex 152.464 94.186 0
    endloop
  endfacet
  facet normal -1 -0 0
    outer loop
      vertex 152.464 94.186 3
      vertex 152.464 90.186 0
      vertex 152.464 90.186 3
    endloop
  endfacet
  facet normal 0.500011 -0.866019 0
    outer loop
      vertex 145.536 94.186 0
      vertex 149 96.186 3
      vertex 145.536 94.186 3
    endloop
  endfacet
  facet normal 0.500011 -0.866019 0
    outer loop
      vertex 149 96.186 3
      vertex 145.536 94.186 0
      vertex 149 96.186 0
    endloop
  endfacet
  facet normal -0.500011 -0.866019 0
    outer loop
      vertex 149 96.186 0
      vertex 152.464 94.186 3
      vertex 149 96.186 3
    endloop
  endfacet
  facet normal -0.500011 -0.866019 -0
    outer loop
      vertex 152.464 94.186 3
      vertex 149 96.186 0
      vertex 152.464 94.186 0
    endloop
  endfacet
  facet normal 1 -0 0
    outer loop
      vertex 145.536 90.186 3
      vertex 145.536 94.186 0
      vertex 145.536 94.186 3
    endloop
  endfacet
  facet normal 1 0 0
    outer loop
      vertex 145.536 94.186 0
      vertex 145.536 90.186 3
      vertex 145.536 90.186 0
    endloop
  endfacet
  facet normal 0.500011 0.866019 -0
    outer loop
      vertex 149 88.186 0
      vertex 145.536 90.186 3
      vertex 149 88.186 3
    endloop
  endfacet
  facet normal 0.500011 0.866019 0
    outer loop
      vertex 145.536 90.186 3
      vertex 149 88.186 0
      vertex 145.536 90.186 0
    endloop
  endfacet
  facet normal -0.500011 0.866019 0
    outer loop
      vertex 162.964 90.186 0
      vertex 159.5 88.186 3
      vertex 162.964 90.186 3
    endloop
  endfacet
  facet normal -0.500011 0.866019 0
    outer loop
      vertex 159.5 88.186 3
      vertex 162.964 90.186 0
      vertex 159.5 88.186 0
    endloop
  endfacet
  facet normal -1 0 0
    outer loop
      vertex 162.964 90.186 0
      vertex 162.964 94.186 3
      vertex 162.964 94.186 0
    endloop
  endfacet
  facet normal -1 -0 0
    outer loop
      vertex 162.964 94.186 3
      vertex 162.964 90.186 0
      vertex 162.964 90.186 3
    endloop
  endfacet
  facet normal 0.500011 -0.866019 0
    outer loop
      vertex 156.036 94.186 0
      vertex 159.5 96.186 3
      vertex 156.036 94.186 3
    endloop
  endfacet
  facet normal 0.500011 -0.866019 0
    outer loop
      vertex 159.5 96.186 3
      vertex 156.036 94.186 0
      vertex 159.5 96.186 0
    endloop
  endfacet
  facet normal -0.500011 -0.866019 0
    outer loop
      vertex 159.5 96.186 0
      vertex 162.964 94.186 3
      vertex 159.5 96.186 3
    endloop
  endfacet
  facet normal -0.500011 -0.866019 -0
    outer loop
      vertex 162.964 94.186 3
      vertex 159.5 96.186 0
      vertex 162.964 94.186 0
    endloop
  endfacet
  facet normal 1 -0 0
    outer loop
      vertex 156.036 90.186 3
      vertex 156.036 94.186 0
      vertex 156.036 94.186 3
    endloop
  endfacet
  facet normal 1 0 0
    outer loop
      vertex 156.036 94.186 0
      vertex 156.036 90.186 3
      vertex 156.036 90.186 0
    endloop
  endfacet
  facet normal 0.500011 0.866019 -0
    outer loop
      vertex 159.5 88.186 0
      vertex 156.036 90.186 3
      vertex 159.5 88.186 3
    endloop
  endfacet
  facet normal 0.500011 0.866019 0
    outer loop
      vertex 156.036 90.186 3
      vertex 159.5 88.186 0
      vertex 156.036 90.186 0
    endloop
  endfacet
  facet normal -0.500011 0.866019 0
    outer loop
      vertex 173.464 90.186 0
      vertex 170 88.186 3
      vertex 173.464 90.186 3
    endloop
  endfacet
  facet normal -0.500011 0.866019 0
    outer loop
      vertex 170 88.186 3
      vertex 173.464 90.186 0
      vertex 170 88.186 0
    endloop
  endfacet
  facet normal -1 0 0
    outer loop
      vertex 173.464 90.186 0
      vertex 173.464 94.186 3
      vertex 173.464 94.186 0
    endloop
  endfacet
  facet normal -1 -0 0
    outer loop
      vertex 173.464 94.186 3
      vertex 173.464 90.186 0
      vertex 173.464 90.186 3
    endloop
  endfacet
  facet normal 0.500011 -0.866019 0
    outer loop
      vertex 166.536 94.186 0
      vertex 170 96.186 3
      vertex 166.536 94.186 3
    endloop
  endfacet
  facet normal 0.500011 -0.866019 0
    outer loop
      vertex 170 96.186 3
      vertex 166.536 94.186 0
      vertex 170 96.186 0
    endloop
  endfacet
  facet normal -0.500011 -0.866019 0
    outer loop
      vertex 170 96.186 0
      vertex 173.464 94.186 3
      vertex 170 96.186 3
    endloop
  endfacet
  facet normal -0.500011 -0.866019 -0
    outer loop
      vertex 173.464 94.186 3
      vertex 170 96.186 0
      vertex 173.464 94.186 0
    endloop
  endfacet
  facet normal 1 -0 0
    outer loop
      vertex 166.536 90.186 3
      vertex 166.536 94.186 0
      vertex 166.536 94.186 3
    endloop
  endfacet
  facet normal 1 0 0
    outer loop
      vertex 166.536 94.186 0
      vertex 166.536 90.186 3
      vertex 166.536 90.186 0
    endloop
  endfacet
  facet normal 0.500011 0.866019 -0
    outer loop
      vertex 170 88.186 0
      vertex 166.536 90.186 3
      vertex 170 88.186 3
    endloop
  endfacet
  facet normal 0.500011 0.866019 0
    outer loop
      vertex 166.536 90.186 3
      vertex 170 88.186 0
      vertex 166.536 90.186 0
    endloop
  endfacet
  facet normal -0.500011 0.866019 0
    outer loop
      vertex 183.964 90.186 0
      vertex 180.5 88.186 3
      vertex 183.964 90.186 3
    endloop
  endfacet
  facet normal -0.500011 0.866019 0
    outer loop
      vertex 180.5 88.186 3
      vertex 183.964 90.186 0
      vertex 180.5 88.186 0
    endloop
  endfacet
  facet normal -1 0 0
    outer loop
      vertex 183.964 90.186 0
      vertex 183.964 94.186 3
      vertex 183.964 94.186 0
    endloop
  endfacet
  facet normal -1 -0 0
    outer loop
      vertex 183.964 94.186 3
      vertex 183.964 90.186 0
      vertex 183.964 90.186 3
    endloop
  endfacet
  facet normal 0.500011 -0.866019 0
    outer loop
      vertex 177.036 94.186 0
      vertex 180.5 96.186 3
      vertex 177.036 94.186 3
    endloop
  endfacet
  facet normal 0.500011 -0.866019 0
    outer loop
      vertex 180.5 96.186 3
      vertex 177.036 94.186 0
      vertex 180.5 96.186 0
    endloop
  endfacet
  facet normal -0.500011 -0.866019 0
    outer loop
      vertex 180.5 96.186 0
      vertex 183.964 94.186 3
      vertex 180.5 96.186 3
    endloop
  endfacet
  facet normal -0.500011 -0.866019 -0
    outer loop
      vertex 183.964 94.186 3
      vertex 180.5 96.186 0
      vertex 183.964 94.186 0
    endloop
  endfacet
  facet normal 1 -0 0
    outer loop
      vertex 177.036 90.186 3
      vertex 177.036 94.186 0
      vertex 177.036 94.186 3
    endloop
  endfacet
  facet normal 1 0 0
    outer loop
      vertex 177.036 94.186 0
      vertex 177.036 90.186 3
      vertex 177.036 90.186 0
    endloop
  endfacet
  facet normal 0.500011 0.866019 -0
    outer loop
      vertex 180.5 88.186 0
      vertex 177.036 90.186 3
      vertex 180.5 88.186 3
    endloop
  endfacet
  facet normal 0.500011 0.866019 0
    outer loop
      vertex 177.036 90.186 3
      vertex 180.5 88.186 0
      vertex 177.036 90.186 0
    endloop
  endfacet
  facet normal -0.500011 0.866019 0
    outer loop
      vertex 194.464 90.186 0
      vertex 191 88.186 3
      vertex 194.464 90.186 3
    endloop
  endfacet
  facet normal -0.500011 0.866019 0
    outer loop
      vertex 191 88.186 3
      vertex 194.464 90.186 0
      vertex 191 88.186 0
    endloop
  endfacet
  facet normal -1 0 0
    outer loop
      vertex 194.464 90.186 0
      vertex 194.464 94.186 3
      vertex 194.464 94.186 0
    endloop
  endfacet
  facet normal -1 -0 0
    outer loop
      vertex 194.464 94.186 3
      vertex 194.464 90.186 0
      vertex 194.464 90.186 3
    endloop
  endfacet
  facet normal 0.500011 -0.866019 0
    outer loop
      vertex 187.536 94.186 0
      vertex 191 96.186 3
      vertex 187.536 94.186 3
    endloop
  endfacet
  facet normal 0.500011 -0.866019 0
    outer loop
      vertex 191 96.186 3
      vertex 187.536 94.186 0
      vertex 191 96.186 0
    endloop
  endfacet
  facet normal -0.500011 -0.866019 0
    outer loop
      vertex 191 96.186 0
      vertex 194.464 94.186 3
      vertex 191 96.186 3
    endloop
  endfacet
  facet normal -0.500011 -0.866019 -0
    outer loop
      vertex 194.464 94.186 3
      vertex 191 96.186 0
      vertex 194.464 94.186 0
    endloop
  endfacet
  facet normal 1 -0 0
    outer loop
      vertex 187.536 90.186 3
      vertex 187.536 94.186 0
      vertex 187.536 94.186 3
    endloop
  endfacet
  facet normal 1 0 0
    outer loop
      vertex 187.536 94.186 0
      vertex 187.536 90.186 3
      vertex 187.536 90.186 0
    endloop
  endfacet
  facet normal 0.500011 0.866019 -0
    outer loop
      vertex 191 88.186 0
      vertex 187.536 90.186 3
      vertex 191 88.186 3
    endloop
  endfacet
  facet normal 0.500011 0.866019 0
    outer loop
      vertex 187.536 90.186 3
      vertex 191 88.186 0
      vertex 187.536 90.186 0
    endloop
  endfacet
  facet normal -0.500011 0.866019 0
    outer loop
      vertex 204.964 90.186 0
      vertex 201.5 88.186 3
      vertex 204.964 90.186 3
    endloop
  endfacet
  facet normal -0.500011 0.866019 0
    outer loop
      vertex 201.5 88.186 3
      vertex 204.964 90.186 0
      vertex 201.5 88.186 0
    endloop
  endfacet
  facet normal -1 0 0
    outer loop
      vertex 204.964 90.186 0
      vertex 204.964 94.186 3
      vertex 204.964 94.186 0
    endloop
  endfacet
  facet normal -1 -0 0
    outer loop
      vertex 204.964 94.186 3
      vertex 204.964 90.186 0
      vertex 204.964 90.186 3
    endloop
  endfacet
  facet normal 0.500011 -0.866019 0
    outer loop
      vertex 198.036 94.186 0
      vertex 201.5 96.186 3
      vertex 198.036 94.186 3
    endloop
  endfacet
  facet normal 0.500011 -0.866019 0
    outer loop
      vertex 201.5 96.186 3
      vertex 198.036 94.186 0
      vertex 201.5 96.186 0
    endloop
  endfacet
  facet normal -0.500011 -0.866019 0
    outer loop
      vertex 201.5 96.186 0
      vertex 204.964 94.186 3
      vertex 201.5 96.186 3
    endloop
  endfacet
  facet normal -0.500011 -0.866019 -0
    outer loop
      vertex 204.964 94.186 3
      vertex 201.5 96.186 0
      vertex 204.964 94.186 0
    endloop
  endfacet
  facet normal 1 -0 0
    outer loop
      vertex 198.036 90.186 3
      vertex 198.036 94.186 0
      vertex 198.036 94.186 3
    endloop
  endfacet
  facet normal 1 0 0
    outer loop
      vertex 198.036 94.186 0
      vertex 198.036 90.186 3
      vertex 198.036 90.186 0
    endloop
  endfacet
  facet normal 0.500011 0.866019 -0
    outer loop
      vertex 201.5 88.186 0
      vertex 198.036 90.186 3
      vertex 201.5 88.186 3
    endloop
  endfacet
  facet normal 0.500011 0.866019 0
    outer loop
      vertex 198.036 90.186 3
      vertex 201.5 88.186 0
      vertex 198.036 90.186 0
    endloop
  endfacet
  facet normal -0.500011 0.866019 0
    outer loop
      vertex 215.464 90.186 0
      vertex 212 88.186 3
      vertex 215.464 90.186 3
    endloop
  endfacet
  facet normal -0.500011 0.866019 0
    outer loop
      vertex 212 88.186 3
      vertex 215.464 90.186 0
      vertex 212 88.186 0
    endloop
  endfacet
  facet normal -1 0 0
    outer loop
      vertex 215.464 90.186 0
      vertex 215.464 94.186 3
      vertex 215.464 94.186 0
    endloop
  endfacet
  facet normal -1 -0 0
    outer loop
      vertex 215.464 94.186 3
      vertex 215.464 90.186 0
      vertex 215.464 90.186 3
    endloop
  endfacet
  facet normal 0.500011 -0.866019 0
    outer loop
      vertex 208.536 94.186 0
      vertex 212 96.186 3
      vertex 208.536 94.186 3
    endloop
  endfacet
  facet normal 0.500011 -0.866019 0
    outer loop
      vertex 212 96.186 3
      vertex 208.536 94.186 0
      vertex 212 96.186 0
    endloop
  endfacet
  facet normal -0.500011 -0.866019 0
    outer loop
      vertex 212 96.186 0
      vertex 215.464 94.186 3
      vertex 212 96.186 3
    endloop
  endfacet
  facet normal -0.500011 -0.866019 -0
    outer loop
      vertex 215.464 94.186 3
      vertex 212 96.186 0
      vertex 215.464 94.186 0
    endloop
  endfacet
  facet normal 1 -0 0
    outer loop
      vertex 208.536 90.186 3
      vertex 208.536 94.186 0
      vertex 208.536 94.186 3
    endloop
  endfacet
  facet normal 1 0 0
    outer loop
      vertex 208.536 94.186 0
      vertex 208.536 90.186 3
      vertex 208.536 90.186 0
    endloop
  endfacet
  facet normal 0.500011 0.866019 -0
    outer loop
      vertex 212 88.186 0
      vertex 208.536 90.186 3
      vertex 212 88.186 3
    endloop
  endfacet
  facet normal 0.500011 0.866019 0
    outer loop
      vertex 208.536 90.186 3
      vertex 212 88.186 0
      vertex 208.536 90.186 0
    endloop
  endfacet
  facet normal -0.499968 0.866044 0
    outer loop
      vertex 84.2141 99.279 0
      vertex 84 99.1554 3
      vertex 84.2141 99.279 3
    endloop
  endfacet
  facet normal -0.499968 0.866044 0
    outer loop
      vertex 84 99.1554 3
      vertex 84.2141 99.279 0
      vertex 84 99.1554 0
    endloop
  endfacet
  facet normal -1 0 0
    outer loop
      vertex 84.2141 99.279 0
      vertex 84.2141 103.279 3
      vertex 84.2141 103.279 0
    endloop
  endfacet
  facet normal -1 -0 0
    outer loop
      vertex 84.2141 103.279 3
      vertex 84.2141 99.279 0
      vertex 84.2141 99.279 3
    endloop
  endfacet
  facet normal -0.50118 -0.865343 0
    outer loop
      vertex 84 103.403 0
      vertex 84.2141 103.279 3
      vertex 84 103.403 3
    endloop
  endfacet
  facet normal -0.50118 -0.865343 -0
    outer loop
      vertex 84.2141 103.279 3
      vertex 84 103.403 0
      vertex 84.2141 103.279 0
    endloop
  endfacet
  facet normal -0.5 0.866025 0
    outer loop
      vertex 94.7141 99.279 0
      vertex 91.25 97.279 3
      vertex 94.7141 99.279 3
    endloop
  endfacet
  facet normal -0.5 0.866025 0
    outer loop
      vertex 91.25 97.279 3
      vertex 94.7141 99.279 0
      vertex 91.25 97.279 0
    endloop
  endfacet
  facet normal -1 0 0
    outer loop
      vertex 94.7141 99.279 0
      vertex 94.7141 103.279 3
      vertex 94.7141 103.279 0
    endloop
  endfacet
  facet normal -1 -0 0
    outer loop
      vertex 94.7141 103.279 3
      vertex 94.7141 99.279 0
      vertex 94.7141 99.279 3
    endloop
  endfacet
  facet normal 0.5 -0.866025 0
    outer loop
      vertex 87.7859 103.279 0
      vertex 91.25 105.279 3
      vertex 87.7859 103.279 3
    endloop
  endfacet
  facet normal 0.5 -0.866025 0
    outer loop
      vertex 91.25 105.279 3
      vertex 87.7859 103.279 0
      vertex 91.25 105.279 0
    endloop
  endfacet
  facet normal -0.5 -0.866025 0
    outer loop
      vertex 91.25 105.279 0
      vertex 94.7141 103.279 3
      vertex 91.25 105.279 3
    endloop
  endfacet
  facet normal -0.5 -0.866025 -0
    outer loop
      vertex 94.7141 103.279 3
      vertex 91.25 105.279 0
      vertex 94.7141 103.279 0
    endloop
  endfacet
  facet normal 1 -0 0
    outer loop
      vertex 87.7859 99.279 3
      vertex 87.7859 103.279 0
      vertex 87.7859 103.279 3
    endloop
  endfacet
  facet normal 1 0 0
    outer loop
      vertex 87.7859 103.279 0
      vertex 87.7859 99.279 3
      vertex 87.7859 99.279 0
    endloop
  endfacet
  facet normal 0.5 0.866025 -0
    outer loop
      vertex 91.25 97.279 0
      vertex 87.7859 99.279 3
      vertex 91.25 97.279 3
    endloop
  endfacet
  facet normal 0.5 0.866025 0
    outer loop
      vertex 87.7859 99.279 3
      vertex 91.25 97.279 0
      vertex 87.7859 99.279 0
    endloop
  endfacet
  facet normal -0.500011 0.866019 0
    outer loop
      vertex 105.214 99.279 0
      vertex 101.75 97.279 3
      vertex 105.214 99.279 3
    endloop
  endfacet
  facet normal -0.500011 0.866019 0
    outer loop
      vertex 101.75 97.279 3
      vertex 105.214 99.279 0
      vertex 101.75 97.279 0
    endloop
  endfacet
  facet normal -1 0 0
    outer loop
      vertex 105.214 99.279 0
      vertex 105.214 103.279 3
      vertex 105.214 103.279 0
    endloop
  endfacet
  facet normal -1 -0 0
    outer loop
      vertex 105.214 103.279 3
      vertex 105.214 99.279 0
      vertex 105.214 99.279 3
    endloop
  endfacet
  facet normal 0.5 -0.866025 0
    outer loop
      vertex 98.2859 103.279 0
      vertex 101.75 105.279 3
      vertex 98.2859 103.279 3
    endloop
  endfacet
  facet normal 0.5 -0.866025 0
    outer loop
      vertex 101.75 105.279 3
      vertex 98.2859 103.279 0
      vertex 101.75 105.279 0
    endloop
  endfacet
  facet normal -0.500011 -0.866019 0
    outer loop
      vertex 101.75 105.279 0
      vertex 105.214 103.279 3
      vertex 101.75 105.279 3
    endloop
  endfacet
  facet normal -0.500011 -0.866019 -0
    outer loop
      vertex 105.214 103.279 3
      vertex 101.75 105.279 0
      vertex 105.214 103.279 0
    endloop
  endfacet
  facet normal 1 -0 0
    outer loop
      vertex 98.2859 99.279 3
      vertex 98.2859 103.279 0
      vertex 98.2859 103.279 3
    endloop
  endfacet
  facet normal 1 0 0
    outer loop
      vertex 98.2859 103.279 0
      vertex 98.2859 99.279 3
      vertex 98.2859 99.279 0
    endloop
  endfacet
  facet normal 0.5 0.866025 -0
    outer loop
      vertex 101.75 97.279 0
      vertex 98.2859 99.279 3
      vertex 101.75 97.279 3
    endloop
  endfacet
  facet normal 0.5 0.866025 0
    outer loop
      vertex 98.2859 99.279 3
      vertex 101.75 97.279 0
      vertex 98.2859 99.279 0
    endloop
  endfacet
  facet normal -0.500011 0.866019 0
    outer loop
      vertex 115.714 99.279 0
      vertex 112.25 97.279 3
      vertex 115.714 99.279 3
    endloop
  endfacet
  facet normal -0.500011 0.866019 0
    outer loop
      vertex 112.25 97.279 3
      vertex 115.714 99.279 0
      vertex 112.25 97.279 0
    endloop
  endfacet
  facet normal -1 0 0
    outer loop
      vertex 115.714 99.279 0
      vertex 115.714 103.279 3
      vertex 115.714 103.279 0
    endloop
  endfacet
  facet normal -1 -0 0
    outer loop
      vertex 115.714 103.279 3
      vertex 115.714 99.279 0
      vertex 115.714 99.279 3
    endloop
  endfacet
  facet normal 0.500011 -0.866019 0
    outer loop
      vertex 108.786 103.279 0
      vertex 112.25 105.279 3
      vertex 108.786 103.279 3
    endloop
  endfacet
  facet normal 0.500011 -0.866019 0
    outer loop
      vertex 112.25 105.279 3
      vertex 108.786 103.279 0
      vertex 112.25 105.279 0
    endloop
  endfacet
  facet normal -0.500011 -0.866019 0
    outer loop
      vertex 112.25 105.279 0
      vertex 115.714 103.279 3
      vertex 112.25 105.279 3
    endloop
  endfacet
  facet normal -0.500011 -0.866019 -0
    outer loop
      vertex 115.714 103.279 3
      vertex 112.25 105.279 0
      vertex 115.714 103.279 0
    endloop
  endfacet
  facet normal 1 -0 0
    outer loop
      vertex 108.786 99.279 3
      vertex 108.786 103.279 0
      vertex 108.786 103.279 3
    endloop
  endfacet
  facet normal 1 0 0
    outer loop
      vertex 108.786 103.279 0
      vertex 108.786 99.279 3
      vertex 108.786 99.279 0
    endloop
  endfacet
  facet normal 0.500011 0.866019 -0
    outer loop
      vertex 112.25 97.279 0
      vertex 108.786 99.279 3
      vertex 112.25 97.279 3
    endloop
  endfacet
  facet normal 0.500011 0.866019 0
    outer loop
      vertex 108.786 99.279 3
      vertex 112.25 97.279 0
      vertex 108.786 99.279 0
    endloop
  endfacet
  facet normal -0.500011 0.866019 0
    outer loop
      vertex 126.214 99.279 0
      vertex 122.75 97.279 3
      vertex 126.214 99.279 3
    endloop
  endfacet
  facet normal -0.500011 0.866019 0
    outer loop
      vertex 122.75 97.279 3
      vertex 126.214 99.279 0
      vertex 122.75 97.279 0
    endloop
  endfacet
  facet normal -1 0 0
    outer loop
      vertex 126.214 99.279 0
      vertex 126.214 103.279 3
      vertex 126.214 103.279 0
    endloop
  endfacet
  facet normal -1 -0 0
    outer loop
      vertex 126.214 103.279 3
      vertex 126.214 99.279 0
      vertex 126.214 99.279 3
    endloop
  endfacet
  facet normal 0.500011 -0.866019 0
    outer loop
      vertex 119.286 103.279 0
      vertex 122.75 105.279 3
      vertex 119.286 103.279 3
    endloop
  endfacet
  facet normal 0.500011 -0.866019 0
    outer loop
      vertex 122.75 105.279 3
      vertex 119.286 103.279 0
      vertex 122.75 105.279 0
    endloop
  endfacet
  facet normal -0.500011 -0.866019 0
    outer loop
      vertex 122.75 105.279 0
      vertex 126.214 103.279 3
      vertex 122.75 105.279 3
    endloop
  endfacet
  facet normal -0.500011 -0.866019 -0
    outer loop
      vertex 126.214 103.279 3
      vertex 122.75 105.279 0
      vertex 126.214 103.279 0
    endloop
  endfacet
  facet normal 1 -0 0
    outer loop
      vertex 119.286 99.279 3
      vertex 119.286 103.279 0
      vertex 119.286 103.279 3
    endloop
  endfacet
  facet normal 1 0 0
    outer loop
      vertex 119.286 103.279 0
      vertex 119.286 99.279 3
      vertex 119.286 99.279 0
    endloop
  endfacet
  facet normal 0.500011 0.866019 -0
    outer loop
      vertex 122.75 97.279 0
      vertex 119.286 99.279 3
      vertex 122.75 97.279 3
    endloop
  endfacet
  facet normal 0.500011 0.866019 0
    outer loop
      vertex 119.286 99.279 3
      vertex 122.75 97.279 0
      vertex 119.286 99.279 0
    endloop
  endfacet
  facet normal -0.500011 0.866019 0
    outer loop
      vertex 136.714 99.279 0
      vertex 133.25 97.279 3
      vertex 136.714 99.279 3
    endloop
  endfacet
  facet normal -0.500011 0.866019 0
    outer loop
      vertex 133.25 97.279 3
      vertex 136.714 99.279 0
      vertex 133.25 97.279 0
    endloop
  endfacet
  facet normal -1 0 0
    outer loop
      vertex 136.714 99.279 0
      vertex 136.714 103.279 3
      vertex 136.714 103.279 0
    endloop
  endfacet
  facet normal -1 -0 0
    outer loop
      vertex 136.714 103.279 3
      vertex 136.714 99.279 0
      vertex 136.714 99.279 3
    endloop
  endfacet
  facet normal 0.500011 -0.866019 0
    outer loop
      vertex 129.786 103.279 0
      vertex 133.25 105.279 3
      vertex 129.786 103.279 3
    endloop
  endfacet
  facet normal 0.500011 -0.866019 0
    outer loop
      vertex 133.25 105.279 3
      vertex 129.786 103.279 0
      vertex 133.25 105.279 0
    endloop
  endfacet
  facet normal -0.500011 -0.866019 0
    outer loop
      vertex 133.25 105.279 0
      vertex 136.714 103.279 3
      vertex 133.25 105.279 3
    endloop
  endfacet
  facet normal -0.500011 -0.866019 -0
    outer loop
      vertex 136.714 103.279 3
      vertex 133.25 105.279 0
      vertex 136.714 103.279 0
    endloop
  endfacet
  facet normal 1 -0 0
    outer loop
      vertex 129.786 99.279 3
      vertex 129.786 103.279 0
      vertex 129.786 103.279 3
    endloop
  endfacet
  facet normal 1 0 0
    outer loop
      vertex 129.786 103.279 0
      vertex 129.786 99.279 3
      vertex 129.786 99.279 0
    endloop
  endfacet
  facet normal 0.500011 0.866019 -0
    outer loop
      vertex 133.25 97.279 0
      vertex 129.786 99.279 3
      vertex 133.25 97.279 3
    endloop
  endfacet
  facet normal 0.500011 0.866019 0
    outer loop
      vertex 129.786 99.279 3
      vertex 133.25 97.279 0
      vertex 129.786 99.279 0
    endloop
  endfacet
  facet normal -0.500011 0.866019 0
    outer loop
      vertex 147.214 99.279 0
      vertex 143.75 97.279 3
      vertex 147.214 99.279 3
    endloop
  endfacet
  facet normal -0.500011 0.866019 0
    outer loop
      vertex 143.75 97.279 3
      vertex 147.214 99.279 0
      vertex 143.75 97.279 0
    endloop
  endfacet
  facet normal -1 0 0
    outer loop
      vertex 147.214 99.279 0
      vertex 147.214 103.279 3
      vertex 147.214 103.279 0
    endloop
  endfacet
  facet normal -1 -0 0
    outer loop
      vertex 147.214 103.279 3
      vertex 147.214 99.279 0
      vertex 147.214 99.279 3
    endloop
  endfacet
  facet normal 0.500011 -0.866019 0
    outer loop
      vertex 140.286 103.279 0
      vertex 143.75 105.279 3
      vertex 140.286 103.279 3
    endloop
  endfacet
  facet normal 0.500011 -0.866019 0
    outer loop
      vertex 143.75 105.279 3
      vertex 140.286 103.279 0
      vertex 143.75 105.279 0
    endloop
  endfacet
  facet normal -0.500011 -0.866019 0
    outer loop
      vertex 143.75 105.279 0
      vertex 147.214 103.279 3
      vertex 143.75 105.279 3
    endloop
  endfacet
  facet normal -0.500011 -0.866019 -0
    outer loop
      vertex 147.214 103.279 3
      vertex 143.75 105.279 0
      vertex 147.214 103.279 0
    endloop
  endfacet
  facet normal 1 -0 0
    outer loop
      vertex 140.286 99.279 3
      vertex 140.286 103.279 0
      vertex 140.286 103.279 3
    endloop
  endfacet
  facet normal 1 0 0
    outer loop
      vertex 140.286 103.279 0
      vertex 140.286 99.279 3
      vertex 140.286 99.279 0
    endloop
  endfacet
  facet normal 0.500011 0.866019 -0
    outer loop
      vertex 143.75 97.279 0
      vertex 140.286 99.279 3
      vertex 143.75 97.279 3
    endloop
  endfacet
  facet normal 0.500011 0.866019 0
    outer loop
      vertex 140.286 99.279 3
      vertex 143.75 97.279 0
      vertex 140.286 99.279 0
    endloop
  endfacet
  facet normal -0.500011 0.866019 0
    outer loop
      vertex 157.714 99.279 0
      vertex 154.25 97.279 3
      vertex 157.714 99.279 3
    endloop
  endfacet
  facet normal -0.500011 0.866019 0
    outer loop
      vertex 154.25 97.279 3
      vertex 157.714 99.279 0
      vertex 154.25 97.279 0
    endloop
  endfacet
  facet normal -1 0 0
    outer loop
      vertex 157.714 99.279 0
      vertex 157.714 103.279 3
      vertex 157.714 103.279 0
    endloop
  endfacet
  facet normal -1 -0 0
    outer loop
      vertex 157.714 103.279 3
      vertex 157.714 99.279 0
      vertex 157.714 99.279 3
    endloop
  endfacet
  facet normal 0.500011 -0.866019 0
    outer loop
      vertex 150.786 103.279 0
      vertex 154.25 105.279 3
      vertex 150.786 103.279 3
    endloop
  endfacet
  facet normal 0.500011 -0.866019 0
    outer loop
      vertex 154.25 105.279 3
      vertex 150.786 103.279 0
      vertex 154.25 105.279 0
    endloop
  endfacet
  facet normal -0.500011 -0.866019 0
    outer loop
      vertex 154.25 105.279 0
      vertex 157.714 103.279 3
      vertex 154.25 105.279 3
    endloop
  endfacet
  facet normal -0.500011 -0.866019 -0
    outer loop
      vertex 157.714 103.279 3
      vertex 154.25 105.279 0
      vertex 157.714 103.279 0
    endloop
  endfacet
  facet normal 1 -0 0
    outer loop
      vertex 150.786 99.279 3
      vertex 150.786 103.279 0
      vertex 150.786 103.279 3
    endloop
  endfacet
  facet normal 1 0 0
    outer loop
      vertex 150.786 103.279 0
      vertex 150.786 99.279 3
      vertex 150.786 99.279 0
    endloop
  endfacet
  facet normal 0.500011 0.866019 -0
    outer loop
      vertex 154.25 97.279 0
      vertex 150.786 99.279 3
      vertex 154.25 97.279 3
    endloop
  endfacet
  facet normal 0.500011 0.866019 0
    outer loop
      vertex 150.786 99.279 3
      vertex 154.25 97.279 0
      vertex 150.786 99.279 0
    endloop
  endfacet
  facet normal -0.500011 0.866019 0
    outer loop
      vertex 168.214 99.279 0
      vertex 164.75 97.279 3
      vertex 168.214 99.279 3
    endloop
  endfacet
  facet normal -0.500011 0.866019 0
    outer loop
      vertex 164.75 97.279 3
      vertex 168.214 99.279 0
      vertex 164.75 97.279 0
    endloop
  endfacet
  facet normal -1 0 0
    outer loop
      vertex 168.214 99.279 0
      vertex 168.214 103.279 3
      vertex 168.214 103.279 0
    endloop
  endfacet
  facet normal -1 -0 0
    outer loop
      vertex 168.214 103.279 3
      vertex 168.214 99.279 0
      vertex 168.214 99.279 3
    endloop
  endfacet
  facet normal 0.500011 -0.866019 0
    outer loop
      vertex 161.286 103.279 0
      vertex 164.75 105.279 3
      vertex 161.286 103.279 3
    endloop
  endfacet
  facet normal 0.500011 -0.866019 0
    outer loop
      vertex 164.75 105.279 3
      vertex 161.286 103.279 0
      vertex 164.75 105.279 0
    endloop
  endfacet
  facet normal -0.500011 -0.866019 0
    outer loop
      vertex 164.75 105.279 0
      vertex 168.214 103.279 3
      vertex 164.75 105.279 3
    endloop
  endfacet
  facet normal -0.500011 -0.866019 -0
    outer loop
      vertex 168.214 103.279 3
      vertex 164.75 105.279 0
      vertex 168.214 103.279 0
    endloop
  endfacet
  facet normal 1 -0 0
    outer loop
      vertex 161.286 99.279 3
      vertex 161.286 103.279 0
      vertex 161.286 103.279 3
    endloop
  endfacet
  facet normal 1 0 0
    outer loop
      vertex 161.286 103.279 0
      vertex 161.286 99.279 3
      vertex 161.286 99.279 0
    endloop
  endfacet
  facet normal 0.500011 0.866019 -0
    outer loop
      vertex 164.75 97.279 0
      vertex 161.286 99.279 3
      vertex 164.75 97.279 3
    endloop
  endfacet
  facet normal 0.500011 0.866019 0
    outer loop
      vertex 161.286 99.279 3
      vertex 164.75 97.279 0
      vertex 161.286 99.279 0
    endloop
  endfacet
  facet normal -0.500011 0.866019 0
    outer loop
      vertex 178.714 99.279 0
      vertex 175.25 97.279 3
      vertex 178.714 99.279 3
    endloop
  endfacet
  facet normal -0.500011 0.866019 0
    outer loop
      vertex 175.25 97.279 3
      vertex 178.714 99.279 0
      vertex 175.25 97.279 0
    endloop
  endfacet
  facet normal -1 0 0
    outer loop
      vertex 178.714 99.279 0
      vertex 178.714 103.279 3
      vertex 178.714 103.279 0
    endloop
  endfacet
  facet normal -1 -0 0
    outer loop
      vertex 178.714 103.279 3
      vertex 178.714 99.279 0
      vertex 178.714 99.279 3
    endloop
  endfacet
  facet normal 0.500011 -0.866019 0
    outer loop
      vertex 171.786 103.279 0
      vertex 175.25 105.279 3
      vertex 171.786 103.279 3
    endloop
  endfacet
  facet normal 0.500011 -0.866019 0
    outer loop
      vertex 175.25 105.279 3
      vertex 171.786 103.279 0
      vertex 175.25 105.279 0
    endloop
  endfacet
  facet normal -0.500011 -0.866019 0
    outer loop
      vertex 175.25 105.279 0
      vertex 178.714 103.279 3
      vertex 175.25 105.279 3
    endloop
  endfacet
  facet normal -0.500011 -0.866019 -0
    outer loop
      vertex 178.714 103.279 3
      vertex 175.25 105.279 0
      vertex 178.714 103.279 0
    endloop
  endfacet
  facet normal 1 -0 0
    outer loop
      vertex 171.786 99.279 3
      vertex 171.786 103.279 0
      vertex 171.786 103.279 3
    endloop
  endfacet
  facet normal 1 0 0
    outer loop
      vertex 171.786 103.279 0
      vertex 171.786 99.279 3
      vertex 171.786 99.279 0
    endloop
  endfacet
  facet normal 0.500011 0.866019 -0
    outer loop
      vertex 175.25 97.279 0
      vertex 171.786 99.279 3
      vertex 175.25 97.279 3
    endloop
  endfacet
  facet normal 0.500011 0.866019 0
    outer loop
      vertex 171.786 99.279 3
      vertex 175.25 97.279 0
      vertex 171.786 99.279 0
    endloop
  endfacet
  facet normal -0.500011 0.866019 0
    outer loop
      vertex 189.214 99.279 0
      vertex 185.75 97.279 3
      vertex 189.214 99.279 3
    endloop
  endfacet
  facet normal -0.500011 0.866019 0
    outer loop
      vertex 185.75 97.279 3
      vertex 189.214 99.279 0
      vertex 185.75 97.279 0
    endloop
  endfacet
  facet normal -1 0 0
    outer loop
      vertex 189.214 99.279 0
      vertex 189.214 103.279 3
      vertex 189.214 103.279 0
    endloop
  endfacet
  facet normal -1 -0 0
    outer loop
      vertex 189.214 103.279 3
      vertex 189.214 99.279 0
      vertex 189.214 99.279 3
    endloop
  endfacet
  facet normal 0.500011 -0.866019 0
    outer loop
      vertex 182.286 103.279 0
      vertex 185.75 105.279 3
      vertex 182.286 103.279 3
    endloop
  endfacet
  facet normal 0.500011 -0.866019 0
    outer loop
      vertex 185.75 105.279 3
      vertex 182.286 103.279 0
      vertex 185.75 105.279 0
    endloop
  endfacet
  facet normal -0.500011 -0.866019 0
    outer loop
      vertex 185.75 105.279 0
      vertex 189.214 103.279 3
      vertex 185.75 105.279 3
    endloop
  endfacet
  facet normal -0.500011 -0.866019 -0
    outer loop
      vertex 189.214 103.279 3
      vertex 185.75 105.279 0
      vertex 189.214 103.279 0
    endloop
  endfacet
  facet normal 1 -0 0
    outer loop
      vertex 182.286 99.279 3
      vertex 182.286 103.279 0
      vertex 182.286 103.279 3
    endloop
  endfacet
  facet normal 1 0 0
    outer loop
      vertex 182.286 103.279 0
      vertex 182.286 99.279 3
      vertex 182.286 99.279 0
    endloop
  endfacet
  facet normal 0.500011 0.866019 -0
    outer loop
      vertex 185.75 97.279 0
      vertex 182.286 99.279 3
      vertex 185.75 97.279 3
    endloop
  endfacet
  facet normal 0.500011 0.866019 0
    outer loop
      vertex 182.286 99.279 3
      vertex 185.75 97.279 0
      vertex 182.286 99.279 0
    endloop
  endfacet
  facet normal -0.500011 0.866019 0
    outer loop
      vertex 199.714 99.279 0
      vertex 196.25 97.279 3
      vertex 199.714 99.279 3
    endloop
  endfacet
  facet normal -0.500011 0.866019 0
    outer loop
      vertex 196.25 97.279 3
      vertex 199.714 99.279 0
      vertex 196.25 97.279 0
    endloop
  endfacet
  facet normal -1 0 0
    outer loop
      vertex 199.714 99.279 0
      vertex 199.714 103.279 3
      vertex 199.714 103.279 0
    endloop
  endfacet
  facet normal -1 -0 0
    outer loop
      vertex 199.714 103.279 3
      vertex 199.714 99.279 0
      vertex 199.714 99.279 3
    endloop
  endfacet
  facet normal 0.500011 -0.866019 0
    outer loop
      vertex 192.786 103.279 0
      vertex 196.25 105.279 3
      vertex 192.786 103.279 3
    endloop
  endfacet
  facet normal 0.500011 -0.866019 0
    outer loop
      vertex 196.25 105.279 3
      vertex 192.786 103.279 0
      vertex 196.25 105.279 0
    endloop
  endfacet
  facet normal -0.500011 -0.866019 0
    outer loop
      vertex 196.25 105.279 0
      vertex 199.714 103.279 3
      vertex 196.25 105.279 3
    endloop
  endfacet
  facet normal -0.500011 -0.866019 -0
    outer loop
      vertex 199.714 103.279 3
      vertex 196.25 105.279 0
      vertex 199.714 103.279 0
    endloop
  endfacet
  facet normal 1 -0 0
    outer loop
      vertex 192.786 99.279 3
      vertex 192.786 103.279 0
      vertex 192.786 103.279 3
    endloop
  endfacet
  facet normal 1 0 0
    outer loop
      vertex 192.786 103.279 0
      vertex 192.786 99.279 3
      vertex 192.786 99.279 0
    endloop
  endfacet
  facet normal 0.500011 0.866019 -0
    outer loop
      vertex 196.25 97.279 0
      vertex 192.786 99.279 3
      vertex 196.25 97.279 3
    endloop
  endfacet
  facet normal 0.500011 0.866019 0
    outer loop
      vertex 192.786 99.279 3
      vertex 196.25 97.279 0
      vertex 192.786 99.279 0
    endloop
  endfacet
  facet normal -0.500011 0.866019 0
    outer loop
      vertex 210.214 99.279 0
      vertex 206.75 97.279 3
      vertex 210.214 99.279 3
    endloop
  endfacet
  facet normal -0.500011 0.866019 0
    outer loop
      vertex 206.75 97.279 3
      vertex 210.214 99.279 0
      vertex 206.75 97.279 0
    endloop
  endfacet
  facet normal -1 0 0
    outer loop
      vertex 210.214 99.279 0
      vertex 210.214 103.279 3
      vertex 210.214 103.279 0
    endloop
  endfacet
  facet normal -1 -0 0
    outer loop
      vertex 210.214 103.279 3
      vertex 210.214 99.279 0
      vertex 210.214 99.279 3
    endloop
  endfacet
  facet normal 0.500011 -0.866019 0
    outer loop
      vertex 203.286 103.279 0
      vertex 206.75 105.279 3
      vertex 203.286 103.279 3
    endloop
  endfacet
  facet normal 0.500011 -0.866019 0
    outer loop
      vertex 206.75 105.279 3
      vertex 203.286 103.279 0
      vertex 206.75 105.279 0
    endloop
  endfacet
  facet normal -0.500011 -0.866019 0
    outer loop
      vertex 206.75 105.279 0
      vertex 210.214 103.279 3
      vertex 206.75 105.279 3
    endloop
  endfacet
  facet normal -0.500011 -0.866019 -0
    outer loop
      vertex 210.214 103.279 3
      vertex 206.75 105.279 0
      vertex 210.214 103.279 0
    endloop
  endfacet
  facet normal 1 -0 0
    outer loop
      vertex 203.286 99.279 3
      vertex 203.286 103.279 0
      vertex 203.286 103.279 3
    endloop
  endfacet
  facet normal 1 0 0
    outer loop
      vertex 203.286 103.279 0
      vertex 203.286 99.279 3
      vertex 203.286 99.279 0
    endloop
  endfacet
  facet normal 0.500011 0.866019 -0
    outer loop
      vertex 206.75 97.279 0
      vertex 203.286 99.279 3
      vertex 206.75 97.279 3
    endloop
  endfacet
  facet normal 0.500011 0.866019 0
    outer loop
      vertex 203.286 99.279 3
      vertex 206.75 97.279 0
      vertex 203.286 99.279 0
    endloop
  endfacet
  facet normal 0.499984 -0.866035 0
    outer loop
      vertex 213.786 103.279 0
      vertex 215.7 104.384 3
      vertex 213.786 103.279 3
    endloop
  endfacet
  facet normal 0.499984 -0.866035 0
    outer loop
      vertex 215.7 104.384 3
      vertex 213.786 103.279 0
      vertex 215.7 104.384 0
    endloop
  endfacet
  facet normal 1 -0 0
    outer loop
      vertex 213.786 99.279 3
      vertex 213.786 103.279 0
      vertex 213.786 103.279 3
    endloop
  endfacet
  facet normal 1 0 0
    outer loop
      vertex 213.786 103.279 0
      vertex 213.786 99.279 3
      vertex 213.786 99.279 0
    endloop
  endfacet
  facet normal 0.500018 0.866015 -0
    outer loop
      vertex 215.7 98.1739 0
      vertex 213.786 99.279 3
      vertex 215.7 98.1739 3
    endloop
  endfacet
  facet normal 0.500018 0.866015 0
    outer loop
      vertex 213.786 99.279 3
      vertex 215.7 98.1739 0
      vertex 213.786 99.279 0
    endloop
  endfacet
  facet normal -0.5 0.866025 0
    outer loop
      vertex 89.4641 108.372 0
      vertex 86 106.372 3
      vertex 89.4641 108.372 3
    endloop
  endfacet
  facet normal -0.5 0.866025 0
    outer loop
      vertex 86 106.372 3
      vertex 89.4641 108.372 0
      vertex 86 106.372 0
    endloop
  endfacet
  facet normal -1 0 0
    outer loop
      vertex 89.4641 108.372 0
      vertex 89.4641 112.372 3
      vertex 89.4641 112.372 0
    endloop
  endfacet
  facet normal -1 -0 0
    outer loop
      vertex 89.4641 112.372 3
      vertex 89.4641 108.372 0
      vertex 89.4641 108.372 3
    endloop
  endfacet
  facet normal 0.500097 -0.865969 0
    outer loop
      vertex 84 113.217 0
      vertex 86 114.372 3
      vertex 84 113.217 3
    endloop
  endfacet
  facet normal 0.500097 -0.865969 0
    outer loop
      vertex 86 114.372 3
      vertex 84 113.217 0
      vertex 86 114.372 0
    endloop
  endfacet
  facet normal -0.5 -0.866025 0
    outer loop
      vertex 86 114.372 0
      vertex 89.4641 112.372 3
      vertex 86 114.372 3
    endloop
  endfacet
  facet normal -0.5 -0.866025 -0
    outer loop
      vertex 89.4641 112.372 3
      vertex 86 114.372 0
      vertex 89.4641 112.372 0
    endloop
  endfacet
  facet normal 0.500097 0.865969 -0
    outer loop
      vertex 86 106.372 0
      vertex 84 107.527 3
      vertex 86 106.372 3
    endloop
  endfacet
  facet normal 0.500097 0.865969 0
    outer loop
      vertex 84 107.527 3
      vertex 86 106.372 0
      vertex 84 107.527 0
    endloop
  endfacet
  facet normal -0.5 0.866025 0
    outer loop
      vertex 99.9641 108.372 0
      vertex 96.5 106.372 3
      vertex 99.9641 108.372 3
    endloop
  endfacet
  facet normal -0.5 0.866025 0
    outer loop
      vertex 96.5 106.372 3
      vertex 99.9641 108.372 0
      vertex 96.5 106.372 0
    endloop
  endfacet
  facet normal -1 0 0
    outer loop
      vertex 99.9641 108.372 0
      vertex 99.9641 112.372 3
      vertex 99.9641 112.372 0
    endloop
  endfacet
  facet normal -1 -0 0
    outer loop
      vertex 99.9641 112.372 3
      vertex 99.9641 108.372 0
      vertex 99.9641 108.372 3
    endloop
  endfacet
  facet normal 0.5 -0.866025 0
    outer loop
      vertex 93.0359 112.372 0
      vertex 96.5 114.372 3
      vertex 93.0359 112.372 3
    endloop
  endfacet
  facet normal 0.5 -0.866025 0
    outer loop
      vertex 96.5 114.372 3
      vertex 93.0359 112.372 0
      vertex 96.5 114.372 0
    endloop
  endfacet
  facet normal -0.5 -0.866025 0
    outer loop
      vertex 96.5 114.372 0
      vertex 99.9641 112.372 3
      vertex 96.5 114.372 3
    endloop
  endfacet
  facet normal -0.5 -0.866025 -0
    outer loop
      vertex 99.9641 112.372 3
      vertex 96.5 114.372 0
      vertex 99.9641 112.372 0
    endloop
  endfacet
  facet normal 1 -0 0
    outer loop
      vertex 93.0359 108.372 3
      vertex 93.0359 112.372 0
      vertex 93.0359 112.372 3
    endloop
  endfacet
  facet normal 1 0 0
    outer loop
      vertex 93.0359 112.372 0
      vertex 93.0359 108.372 3
      vertex 93.0359 108.372 0
    endloop
  endfacet
  facet normal 0.5 0.866025 -0
    outer loop
      vertex 96.5 106.372 0
      vertex 93.0359 108.372 3
      vertex 96.5 106.372 3
    endloop
  endfacet
  facet normal 0.5 0.866025 0
    outer loop
      vertex 93.0359 108.372 3
      vertex 96.5 106.372 0
      vertex 93.0359 108.372 0
    endloop
  endfacet
  facet normal -0.500011 0.866019 0
    outer loop
      vertex 110.464 108.372 0
      vertex 107 106.372 3
      vertex 110.464 108.372 3
    endloop
  endfacet
  facet normal -0.500011 0.866019 0
    outer loop
      vertex 107 106.372 3
      vertex 110.464 108.372 0
      vertex 107 106.372 0
    endloop
  endfacet
  facet normal -1 0 0
    outer loop
      vertex 110.464 108.372 0
      vertex 110.464 112.372 3
      vertex 110.464 112.372 0
    endloop
  endfacet
  facet normal -1 -0 0
    outer loop
      vertex 110.464 112.372 3
      vertex 110.464 108.372 0
      vertex 110.464 108.372 3
    endloop
  endfacet
  facet normal 0.500011 -0.866019 0
    outer loop
      vertex 103.536 112.372 0
      vertex 107 114.372 3
      vertex 103.536 112.372 3
    endloop
  endfacet
  facet normal 0.500011 -0.866019 0
    outer loop
      vertex 107 114.372 3
      vertex 103.536 112.372 0
      vertex 107 114.372 0
    endloop
  endfacet
  facet normal -0.500011 -0.866019 0
    outer loop
      vertex 107 114.372 0
      vertex 110.464 112.372 3
      vertex 107 114.372 3
    endloop
  endfacet
  facet normal -0.500011 -0.866019 -0
    outer loop
      vertex 110.464 112.372 3
      vertex 107 114.372 0
      vertex 110.464 112.372 0
    endloop
  endfacet
  facet normal 1 -0 0
    outer loop
      vertex 103.536 108.372 3
      vertex 103.536 112.372 0
      vertex 103.536 112.372 3
    endloop
  endfacet
  facet normal 1 0 0
    outer loop
      vertex 103.536 112.372 0
      vertex 103.536 108.372 3
      vertex 103.536 108.372 0
    endloop
  endfacet
  facet normal 0.500011 0.866019 -0
    outer loop
      vertex 107 106.372 0
      vertex 103.536 108.372 3
      vertex 107 106.372 3
    endloop
  endfacet
  facet normal 0.500011 0.866019 0
    outer loop
      vertex 103.536 108.372 3
      vertex 107 106.372 0
      vertex 103.536 108.372 0
    endloop
  endfacet
  facet normal -0.500011 0.866019 0
    outer loop
      vertex 120.964 108.372 0
      vertex 117.5 106.372 3
      vertex 120.964 108.372 3
    endloop
  endfacet
  facet normal -0.500011 0.866019 0
    outer loop
      vertex 117.5 106.372 3
      vertex 120.964 108.372 0
      vertex 117.5 106.372 0
    endloop
  endfacet
  facet normal -1 0 0
    outer loop
      vertex 120.964 108.372 0
      vertex 120.964 112.372 3
      vertex 120.964 112.372 0
    endloop
  endfacet
  facet normal -1 -0 0
    outer loop
      vertex 120.964 112.372 3
      vertex 120.964 108.372 0
      vertex 120.964 108.372 3
    endloop
  endfacet
  facet normal 0.500011 -0.866019 0
    outer loop
      vertex 114.036 112.372 0
      vertex 117.5 114.372 3
      vertex 114.036 112.372 3
    endloop
  endfacet
  facet normal 0.500011 -0.866019 0
    outer loop
      vertex 117.5 114.372 3
      vertex 114.036 112.372 0
      vertex 117.5 114.372 0
    endloop
  endfacet
  facet normal -0.500011 -0.866019 0
    outer loop
      vertex 117.5 114.372 0
      vertex 120.964 112.372 3
      vertex 117.5 114.372 3
    endloop
  endfacet
  facet normal -0.500011 -0.866019 -0
    outer loop
      vertex 120.964 112.372 3
      vertex 117.5 114.372 0
      vertex 120.964 112.372 0
    endloop
  endfacet
  facet normal 1 -0 0
    outer loop
      vertex 114.036 108.372 3
      vertex 114.036 112.372 0
      vertex 114.036 112.372 3
    endloop
  endfacet
  facet normal 1 0 0
    outer loop
      vertex 114.036 112.372 0
      vertex 114.036 108.372 3
      vertex 114.036 108.372 0
    endloop
  endfacet
  facet normal 0.500011 0.866019 -0
    outer loop
      vertex 117.5 106.372 0
      vertex 114.036 108.372 3
      vertex 117.5 106.372 3
    endloop
  endfacet
  facet normal 0.500011 0.866019 0
    outer loop
      vertex 114.036 108.372 3
      vertex 117.5 106.372 0
      vertex 114.036 108.372 0
    endloop
  endfacet
  facet normal -0.500011 0.866019 0
    outer loop
      vertex 131.464 108.372 0
      vertex 128 106.372 3
      vertex 131.464 108.372 3
    endloop
  endfacet
  facet normal -0.500011 0.866019 0
    outer loop
      vertex 128 106.372 3
      vertex 131.464 108.372 0
      vertex 128 106.372 0
    endloop
  endfacet
  facet normal -1 0 0
    outer loop
      vertex 131.464 108.372 0
      vertex 131.464 112.372 3
      vertex 131.464 112.372 0
    endloop
  endfacet
  facet normal -1 -0 0
    outer loop
      vertex 131.464 112.372 3
      vertex 131.464 108.372 0
      vertex 131.464 108.372 3
    endloop
  endfacet
  facet normal 0.500011 -0.866019 0
    outer loop
      vertex 124.536 112.372 0
      vertex 128 114.372 3
      vertex 124.536 112.372 3
    endloop
  endfacet
  facet normal 0.500011 -0.866019 0
    outer loop
      vertex 128 114.372 3
      vertex 124.536 112.372 0
      vertex 128 114.372 0
    endloop
  endfacet
  facet normal -0.500011 -0.866019 0
    outer loop
      vertex 128 114.372 0
      vertex 131.464 112.372 3
      vertex 128 114.372 3
    endloop
  endfacet
  facet normal -0.500011 -0.866019 -0
    outer loop
      vertex 131.464 112.372 3
      vertex 128 114.372 0
      vertex 131.464 112.372 0
    endloop
  endfacet
  facet normal 1 -0 0
    outer loop
      vertex 124.536 108.372 3
      vertex 124.536 112.372 0
      vertex 124.536 112.372 3
    endloop
  endfacet
  facet normal 1 0 0
    outer loop
      vertex 124.536 112.372 0
      vertex 124.536 108.372 3
      vertex 124.536 108.372 0
    endloop
  endfacet
  facet normal 0.500011 0.866019 -0
    outer loop
      vertex 128 106.372 0
      vertex 124.536 108.372 3
      vertex 128 106.372 3
    endloop
  endfacet
  facet normal 0.500011 0.866019 0
    outer loop
      vertex 124.536 108.372 3
      vertex 128 106.372 0
      vertex 124.536 108.372 0
    endloop
  endfacet
  facet normal -0.500011 0.866019 0
    outer loop
      vertex 141.964 108.372 0
      vertex 138.5 106.372 3
      vertex 141.964 108.372 3
    endloop
  endfacet
  facet normal -0.500011 0.866019 0
    outer loop
      vertex 138.5 106.372 3
      vertex 141.964 108.372 0
      vertex 138.5 106.372 0
    endloop
  endfacet
  facet normal -1 0 0
    outer loop
      vertex 141.964 108.372 0
      vertex 141.964 112.372 3
      vertex 141.964 112.372 0
    endloop
  endfacet
  facet normal -1 -0 0
    outer loop
      vertex 141.964 112.372 3
      vertex 141.964 108.372 0
      vertex 141.964 108.372 3
    endloop
  endfacet
  facet normal 0.500011 -0.866019 0
    outer loop
      vertex 135.036 112.372 0
      vertex 138.5 114.372 3
      vertex 135.036 112.372 3
    endloop
  endfacet
  facet normal 0.500011 -0.866019 0
    outer loop
      vertex 138.5 114.372 3
      vertex 135.036 112.372 0
      vertex 138.5 114.372 0
    endloop
  endfacet
  facet normal -0.500011 -0.866019 0
    outer loop
      vertex 138.5 114.372 0
      vertex 141.964 112.372 3
      vertex 138.5 114.372 3
    endloop
  endfacet
  facet normal -0.500011 -0.866019 -0
    outer loop
      vertex 141.964 112.372 3
      vertex 138.5 114.372 0
      vertex 141.964 112.372 0
    endloop
  endfacet
  facet normal 1 -0 0
    outer loop
      vertex 135.036 108.372 3
      vertex 135.036 112.372 0
      vertex 135.036 112.372 3
    endloop
  endfacet
  facet normal 1 0 0
    outer loop
      vertex 135.036 112.372 0
      vertex 135.036 108.372 3
      vertex 135.036 108.372 0
    endloop
  endfacet
  facet normal 0.500011 0.866019 -0
    outer loop
      vertex 138.5 106.372 0
      vertex 135.036 108.372 3
      vertex 138.5 106.372 3
    endloop
  endfacet
  facet normal 0.500011 0.866019 0
    outer loop
      vertex 135.036 108.372 3
      vertex 138.5 106.372 0
      vertex 135.036 108.372 0
    endloop
  endfacet
  facet normal -0.500011 0.866019 0
    outer loop
      vertex 152.464 108.372 0
      vertex 149 106.372 3
      vertex 152.464 108.372 3
    endloop
  endfacet
  facet normal -0.500011 0.866019 0
    outer loop
      vertex 149 106.372 3
      vertex 152.464 108.372 0
      vertex 149 106.372 0
    endloop
  endfacet
  facet normal -1 0 0
    outer loop
      vertex 152.464 108.372 0
      vertex 152.464 112.372 3
      vertex 152.464 112.372 0
    endloop
  endfacet
  facet normal -1 -0 0
    outer loop
      vertex 152.464 112.372 3
      vertex 152.464 108.372 0
      vertex 152.464 108.372 3
    endloop
  endfacet
  facet normal 0.500011 -0.866019 0
    outer loop
      vertex 145.536 112.372 0
      vertex 149 114.372 3
      vertex 145.536 112.372 3
    endloop
  endfacet
  facet normal 0.500011 -0.866019 0
    outer loop
      vertex 149 114.372 3
      vertex 145.536 112.372 0
      vertex 149 114.372 0
    endloop
  endfacet
  facet normal -0.500011 -0.866019 0
    outer loop
      vertex 149 114.372 0
      vertex 152.464 112.372 3
      vertex 149 114.372 3
    endloop
  endfacet
  facet normal -0.500011 -0.866019 -0
    outer loop
      vertex 152.464 112.372 3
      vertex 149 114.372 0
      vertex 152.464 112.372 0
    endloop
  endfacet
  facet normal 1 -0 0
    outer loop
      vertex 145.536 108.372 3
      vertex 145.536 112.372 0
      vertex 145.536 112.372 3
    endloop
  endfacet
  facet normal 1 0 0
    outer loop
      vertex 145.536 112.372 0
      vertex 145.536 108.372 3
      vertex 145.536 108.372 0
    endloop
  endfacet
  facet normal 0.500011 0.866019 -0
    outer loop
      vertex 149 106.372 0
      vertex 145.536 108.372 3
      vertex 149 106.372 3
    endloop
  endfacet
  facet normal 0.500011 0.866019 0
    outer loop
      vertex 145.536 108.372 3
      vertex 149 106.372 0
      vertex 145.536 108.372 0
    endloop
  endfacet
  facet normal -0.500011 0.866019 0
    outer loop
      vertex 162.964 108.372 0
      vertex 159.5 106.372 3
      vertex 162.964 108.372 3
    endloop
  endfacet
  facet normal -0.500011 0.866019 0
    outer loop
      vertex 159.5 106.372 3
      vertex 162.964 108.372 0
      vertex 159.5 106.372 0
    endloop
  endfacet
  facet normal -1 0 0
    outer loop
      vertex 162.964 108.372 0
      vertex 162.964 112.372 3
      vertex 162.964 112.372 0
    endloop
  endfacet
  facet normal -1 -0 0
    outer loop
      vertex 162.964 112.372 3
      vertex 162.964 108.372 0
      vertex 162.964 108.372 3
    endloop
  endfacet
  facet normal 0.500011 -0.866019 0
    outer loop
      vertex 156.036 112.372 0
      vertex 159.5 114.372 3
      vertex 156.036 112.372 3
    endloop
  endfacet
  facet normal 0.500011 -0.866019 0
    outer loop
      vertex 159.5 114.372 3
      vertex 156.036 112.372 0
      vertex 159.5 114.372 0
    endloop
  endfacet
  facet normal -0.500011 -0.866019 0
    outer loop
      vertex 159.5 114.372 0
      vertex 162.964 112.372 3
      vertex 159.5 114.372 3
    endloop
  endfacet
  facet normal -0.500011 -0.866019 -0
    outer loop
      vertex 162.964 112.372 3
      vertex 159.5 114.372 0
      vertex 162.964 112.372 0
    endloop
  endfacet
  facet normal 1 -0 0
    outer loop
      vertex 156.036 108.372 3
      vertex 156.036 112.372 0
      vertex 156.036 112.372 3
    endloop
  endfacet
  facet normal 1 0 0
    outer loop
      vertex 156.036 112.372 0
      vertex 156.036 108.372 3
      vertex 156.036 108.372 0
    endloop
  endfacet
  facet normal 0.500011 0.866019 -0
    outer loop
      vertex 159.5 106.372 0
      vertex 156.036 108.372 3
      vertex 159.5 106.372 3
    endloop
  endfacet
  facet normal 0.500011 0.866019 0
    outer loop
      vertex 156.036 108.372 3
      vertex 159.5 106.372 0
      vertex 156.036 108.372 0
    endloop
  endfacet
  facet normal -0.500011 0.866019 0
    outer loop
      vertex 173.464 108.372 0
      vertex 170 106.372 3
      vertex 173.464 108.372 3
    endloop
  endfacet
  facet normal -0.500011 0.866019 0
    outer loop
      vertex 170 106.372 3
      vertex 173.464 108.372 0
      vertex 170 106.372 0
    endloop
  endfacet
  facet normal -1 0 0
    outer loop
      vertex 173.464 108.372 0
      vertex 173.464 112.372 3
      vertex 173.464 112.372 0
    endloop
  endfacet
  facet normal -1 -0 0
    outer loop
      vertex 173.464 112.372 3
      vertex 173.464 108.372 0
      vertex 173.464 108.372 3
    endloop
  endfacet
  facet normal 0.500011 -0.866019 0
    outer loop
      vertex 166.536 112.372 0
      vertex 170 114.372 3
      vertex 166.536 112.372 3
    endloop
  endfacet
  facet normal 0.500011 -0.866019 0
    outer loop
      vertex 170 114.372 3
      vertex 166.536 112.372 0
      vertex 170 114.372 0
    endloop
  endfacet
  facet normal -0.500011 -0.866019 0
    outer loop
      vertex 170 114.372 0
      vertex 173.464 112.372 3
      vertex 170 114.372 3
    endloop
  endfacet
  facet normal -0.500011 -0.866019 -0
    outer loop
      vertex 173.464 112.372 3
      vertex 170 114.372 0
      vertex 173.464 112.372 0
    endloop
  endfacet
  facet normal 1 -0 0
    outer loop
      vertex 166.536 108.372 3
      vertex 166.536 112.372 0
      vertex 166.536 112.372 3
    endloop
  endfacet
  facet normal 1 0 0
    outer loop
      vertex 166.536 112.372 0
      vertex 166.536 108.372 3
      vertex 166.536 108.372 0
    endloop
  endfacet
  facet normal 0.500011 0.866019 -0
    outer loop
      vertex 170 106.372 0
      vertex 166.536 108.372 3
      vertex 170 106.372 3
    endloop
  endfacet
  facet normal 0.500011 0.866019 0
    outer loop
      vertex 166.536 108.372 3
      vertex 170 106.372 0
      vertex 166.536 108.372 0
    endloop
  endfacet
  facet normal -0.500011 0.866019 0
    outer loop
      vertex 183.964 108.372 0
      vertex 180.5 106.372 3
      vertex 183.964 108.372 3
    endloop
  endfacet
  facet normal -0.500011 0.866019 0
    outer loop
      vertex 180.5 106.372 3
      vertex 183.964 108.372 0
      vertex 180.5 106.372 0
    endloop
  endfacet
  facet normal -1 0 0
    outer loop
      vertex 183.964 108.372 0
      vertex 183.964 112.372 3
      vertex 183.964 112.372 0
    endloop
  endfacet
  facet normal -1 -0 0
    outer loop
      vertex 183.964 112.372 3
      vertex 183.964 108.372 0
      vertex 183.964 108.372 3
    endloop
  endfacet
  facet normal 0.500011 -0.866019 0
    outer loop
      vertex 177.036 112.372 0
      vertex 180.5 114.372 3
      vertex 177.036 112.372 3
    endloop
  endfacet
  facet normal 0.500011 -0.866019 0
    outer loop
      vertex 180.5 114.372 3
      vertex 177.036 112.372 0
      vertex 180.5 114.372 0
    endloop
  endfacet
  facet normal -0.500011 -0.866019 0
    outer loop
      vertex 180.5 114.372 0
      vertex 183.964 112.372 3
      vertex 180.5 114.372 3
    endloop
  endfacet
  facet normal -0.500011 -0.866019 -0
    outer loop
      vertex 183.964 112.372 3
      vertex 180.5 114.372 0
      vertex 183.964 112.372 0
    endloop
  endfacet
  facet normal 1 -0 0
    outer loop
      vertex 177.036 108.372 3
      vertex 177.036 112.372 0
      vertex 177.036 112.372 3
    endloop
  endfacet
  facet normal 1 0 0
    outer loop
      vertex 177.036 112.372 0
      vertex 177.036 108.372 3
      vertex 177.036 108.372 0
    endloop
  endfacet
  facet normal 0.500011 0.866019 -0
    outer loop
      vertex 180.5 106.372 0
      vertex 177.036 108.372 3
      vertex 180.5 106.372 3
    endloop
  endfacet
  facet normal 0.500011 0.866019 0
    outer loop
      vertex 177.036 108.372 3
      vertex 180.5 106.372 0
      vertex 177.036 108.372 0
    endloop
  endfacet
  facet normal -0.500011 0.866019 0
    outer loop
      vertex 194.464 108.372 0
      vertex 191 106.372 3
      vertex 194.464 108.372 3
    endloop
  endfacet
  facet normal -0.500011 0.866019 0
    outer loop
      vertex 191 106.372 3
      vertex 194.464 108.372 0
      vertex 191 106.372 0
    endloop
  endfacet
  facet normal -1 0 0
    outer loop
      vertex 194.464 108.372 0
      vertex 194.464 112.372 3
      vertex 194.464 112.372 0
    endloop
  endfacet
  facet normal -1 -0 0
    outer loop
      vertex 194.464 112.372 3
      vertex 194.464 108.372 0
      vertex 194.464 108.372 3
    endloop
  endfacet
  facet normal 0.500011 -0.866019 0
    outer loop
      vertex 187.536 112.372 0
      vertex 191 114.372 3
      vertex 187.536 112.372 3
    endloop
  endfacet
  facet normal 0.500011 -0.866019 0
    outer loop
      vertex 191 114.372 3
      vertex 187.536 112.372 0
      vertex 191 114.372 0
    endloop
  endfacet
  facet normal -0.500011 -0.866019 0
    outer loop
      vertex 191 114.372 0
      vertex 194.464 112.372 3
      vertex 191 114.372 3
    endloop
  endfacet
  facet normal -0.500011 -0.866019 -0
    outer loop
      vertex 194.464 112.372 3
      vertex 191 114.372 0
      vertex 194.464 112.372 0
    endloop
  endfacet
  facet normal 1 -0 0
    outer loop
      vertex 187.536 108.372 3
      vertex 187.536 112.372 0
      vertex 187.536 112.372 3
    endloop
  endfacet
  facet normal 1 0 0
    outer loop
      vertex 187.536 112.372 0
      vertex 187.536 108.372 3
      vertex 187.536 108.372 0
    endloop
  endfacet
  facet normal 0.500011 0.866019 -0
    outer loop
      vertex 191 106.372 0
      vertex 187.536 108.372 3
      vertex 191 106.372 3
    endloop
  endfacet
  facet normal 0.500011 0.866019 0
    outer loop
      vertex 187.536 108.372 3
      vertex 191 106.372 0
      vertex 187.536 108.372 0
    endloop
  endfacet
  facet normal -0.500011 0.866019 0
    outer loop
      vertex 204.964 108.372 0
      vertex 201.5 106.372 3
      vertex 204.964 108.372 3
    endloop
  endfacet
  facet normal -0.500011 0.866019 0
    outer loop
      vertex 201.5 106.372 3
      vertex 204.964 108.372 0
      vertex 201.5 106.372 0
    endloop
  endfacet
  facet normal -1 0 0
    outer loop
      vertex 204.964 108.372 0
      vertex 204.964 112.372 3
      vertex 204.964 112.372 0
    endloop
  endfacet
  facet normal -1 -0 0
    outer loop
      vertex 204.964 112.372 3
      vertex 204.964 108.372 0
      vertex 204.964 108.372 3
    endloop
  endfacet
  facet normal 0.500011 -0.866019 0
    outer loop
      vertex 198.036 112.372 0
      vertex 201.5 114.372 3
      vertex 198.036 112.372 3
    endloop
  endfacet
  facet normal 0.500011 -0.866019 0
    outer loop
      vertex 201.5 114.372 3
      vertex 198.036 112.372 0
      vertex 201.5 114.372 0
    endloop
  endfacet
  facet normal -0.500011 -0.866019 0
    outer loop
      vertex 201.5 114.372 0
      vertex 204.964 112.372 3
      vertex 201.5 114.372 3
    endloop
  endfacet
  facet normal -0.500011 -0.866019 -0
    outer loop
      vertex 204.964 112.372 3
      vertex 201.5 114.372 0
      vertex 204.964 112.372 0
    endloop
  endfacet
  facet normal 1 -0 0
    outer loop
      vertex 198.036 108.372 3
      vertex 198.036 112.372 0
      vertex 198.036 112.372 3
    endloop
  endfacet
  facet normal 1 0 0
    outer loop
      vertex 198.036 112.372 0
      vertex 198.036 108.372 3
      vertex 198.036 108.372 0
    endloop
  endfacet
  facet normal 0.500011 0.866019 -0
    outer loop
      vertex 201.5 106.372 0
      vertex 198.036 108.372 3
      vertex 201.5 106.372 3
    endloop
  endfacet
  facet normal 0.500011 0.866019 0
    outer loop
      vertex 198.036 108.372 3
      vertex 201.5 106.372 0
      vertex 198.036 108.372 0
    endloop
  endfacet
  facet normal -0.500011 0.866019 0
    outer loop
      vertex 215.464 108.372 0
      vertex 212 106.372 3
      vertex 215.464 108.372 3
    endloop
  endfacet
  facet normal -0.500011 0.866019 0
    outer loop
      vertex 212 106.372 3
      vertex 215.464 108.372 0
      vertex 212 106.372 0
    endloop
  endfacet
  facet normal -1 0 0
    outer loop
      vertex 215.464 108.372 0
      vertex 215.464 112.372 3
      vertex 215.464 112.372 0
    endloop
  endfacet
  facet normal -1 -0 0
    outer loop
      vertex 215.464 112.372 3
      vertex 215.464 108.372 0
      vertex 215.464 108.372 3
    endloop
  endfacet
  facet normal 0.500011 -0.866019 0
    outer loop
      vertex 208.536 112.372 0
      vertex 212 114.372 3
      vertex 208.536 112.372 3
    endloop
  endfacet
  facet normal 0.500011 -0.866019 0
    outer loop
      vertex 212 114.372 3
      vertex 208.536 112.372 0
      vertex 212 114.372 0
    endloop
  endfacet
  facet normal -0.500011 -0.866019 0
    outer loop
      vertex 212 114.372 0
      vertex 215.464 112.372 3
      vertex 212 114.372 3
    endloop
  endfacet
  facet normal -0.500011 -0.866019 -0
    outer loop
      vertex 215.464 112.372 3
      vertex 212 114.372 0
      vertex 215.464 112.372 0
    endloop
  endfacet
  facet normal 1 -0 0
    outer loop
      vertex 208.536 108.372 3
      vertex 208.536 112.372 0
      vertex 208.536 112.372 3
    endloop
  endfacet
  facet normal 1 0 0
    outer loop
      vertex 208.536 112.372 0
      vertex 208.536 108.372 3
      vertex 208.536 108.372 0
    endloop
  endfacet
  facet normal 0.500011 0.866019 -0
    outer loop
      vertex 212 106.372 0
      vertex 208.536 108.372 3
      vertex 212 106.372 3
    endloop
  endfacet
  facet normal 0.500011 0.866019 0
    outer loop
      vertex 208.536 108.372 3
      vertex 212 106.372 0
      vertex 208.536 108.372 0
    endloop
  endfacet
  facet normal -0.50118 0.865343 0
    outer loop
      vertex 84.2141 117.465 0
      vertex 84 117.341 3
      vertex 84.2141 117.465 3
    endloop
  endfacet
  facet normal -0.50118 0.865343 0
    outer loop
      vertex 84 117.341 3
      vertex 84.2141 117.465 0
      vertex 84 117.341 0
    endloop
  endfacet
  facet normal -1 0 0
    outer loop
      vertex 84.2141 117.465 0
      vertex 84.2141 121.465 3
      vertex 84.2141 121.465 0
    endloop
  endfacet
  facet normal -1 -0 0
    outer loop
      vertex 84.2141 121.465 3
      vertex 84.2141 117.465 0
      vertex 84.2141 117.465 3
    endloop
  endfacet
  facet normal -0.50118 -0.865343 0
    outer loop
      vertex 84 121.589 0
      vertex 84.2141 121.465 3
      vertex 84 121.589 3
    endloop
  endfacet
  facet normal -0.50118 -0.865343 -0
    outer loop
      vertex 84.2141 121.465 3
      vertex 84 121.589 0
      vertex 84.2141 121.465 0
    endloop
  endfacet
  facet normal -0.5 0.866025 0
    outer loop
      vertex 94.7141 117.465 0
      vertex 91.25 115.465 3
      vertex 94.7141 117.465 3
    endloop
  endfacet
  facet normal -0.5 0.866025 0
    outer loop
      vertex 91.25 115.465 3
      vertex 94.7141 117.465 0
      vertex 91.25 115.465 0
    endloop
  endfacet
  facet normal -1 0 0
    outer loop
      vertex 94.7141 117.465 0
      vertex 94.7141 121.465 3
      vertex 94.7141 121.465 0
    endloop
  endfacet
  facet normal -1 -0 0
    outer loop
      vertex 94.7141 121.465 3
      vertex 94.7141 117.465 0
      vertex 94.7141 117.465 3
    endloop
  endfacet
  facet normal 0.5 -0.866025 0
    outer loop
      vertex 87.7859 121.465 0
      vertex 91.25 123.465 3
      vertex 87.7859 121.465 3
    endloop
  endfacet
  facet normal 0.5 -0.866025 0
    outer loop
      vertex 91.25 123.465 3
      vertex 87.7859 121.465 0
      vertex 91.25 123.465 0
    endloop
  endfacet
  facet normal -0.5 -0.866025 0
    outer loop
      vertex 91.25 123.465 0
      vertex 94.7141 121.465 3
      vertex 91.25 123.465 3
    endloop
  endfacet
  facet normal -0.5 -0.866025 -0
    outer loop
      vertex 94.7141 121.465 3
      vertex 91.25 123.465 0
      vertex 94.7141 121.465 0
    endloop
  endfacet
  facet normal 1 -0 0
    outer loop
      vertex 87.7859 117.465 3
      vertex 87.7859 121.465 0
      vertex 87.7859 121.465 3
    endloop
  endfacet
  facet normal 1 0 0
    outer loop
      vertex 87.7859 121.465 0
      vertex 87.7859 117.465 3
      vertex 87.7859 117.465 0
    endloop
  endfacet
  facet normal 0.5 0.866025 -0
    outer loop
      vertex 91.25 115.465 0
      vertex 87.7859 117.465 3
      vertex 91.25 115.465 3
    endloop
  endfacet
  facet normal 0.5 0.866025 0
    outer loop
      vertex 87.7859 117.465 3
      vertex 91.25 115.465 0
      vertex 87.7859 117.465 0
    endloop
  endfacet
  facet normal -0.500011 0.866019 0
    outer loop
      vertex 105.214 117.465 0
      vertex 101.75 115.465 3
      vertex 105.214 117.465 3
    endloop
  endfacet
  facet normal -0.500011 0.866019 0
    outer loop
      vertex 101.75 115.465 3
      vertex 105.214 117.465 0
      vertex 101.75 115.465 0
    endloop
  endfacet
  facet normal -1 0 0
    outer loop
      vertex 105.214 117.465 0
      vertex 105.214 121.465 3
      vertex 105.214 121.465 0
    endloop
  endfacet
  facet normal -1 -0 0
    outer loop
      vertex 105.214 121.465 3
      vertex 105.214 117.465 0
      vertex 105.214 117.465 3
    endloop
  endfacet
  facet normal 0.5 -0.866025 0
    outer loop
      vertex 98.2859 121.465 0
      vertex 101.75 123.465 3
      vertex 98.2859 121.465 3
    endloop
  endfacet
  facet normal 0.5 -0.866025 0
    outer loop
      vertex 101.75 123.465 3
      vertex 98.2859 121.465 0
      vertex 101.75 123.465 0
    endloop
  endfacet
  facet normal -0.500011 -0.866019 0
    outer loop
      vertex 101.75 123.465 0
      vertex 105.214 121.465 3
      vertex 101.75 123.465 3
    endloop
  endfacet
  facet normal -0.500011 -0.866019 -0
    outer loop
      vertex 105.214 121.465 3
      vertex 101.75 123.465 0
      vertex 105.214 121.465 0
    endloop
  endfacet
  facet normal 1 -0 0
    outer loop
      vertex 98.2859 117.465 3
      vertex 98.2859 121.465 0
      vertex 98.2859 121.465 3
    endloop
  endfacet
  facet normal 1 0 0
    outer loop
      vertex 98.2859 121.465 0
      vertex 98.2859 117.465 3
      vertex 98.2859 117.465 0
    endloop
  endfacet
  facet normal 0.5 0.866025 -0
    outer loop
      vertex 101.75 115.465 0
      vertex 98.2859 117.465 3
      vertex 101.75 115.465 3
    endloop
  endfacet
  facet normal 0.5 0.866025 0
    outer loop
      vertex 98.2859 117.465 3
      vertex 101.75 115.465 0
      vertex 98.2859 117.465 0
    endloop
  endfacet
  facet normal -0.500011 0.866019 0
    outer loop
      vertex 115.714 117.465 0
      vertex 112.25 115.465 3
      vertex 115.714 117.465 3
    endloop
  endfacet
  facet normal -0.500011 0.866019 0
    outer loop
      vertex 112.25 115.465 3
      vertex 115.714 117.465 0
      vertex 112.25 115.465 0
    endloop
  endfacet
  facet normal -1 0 0
    outer loop
      vertex 115.714 117.465 0
      vertex 115.714 121.465 3
      vertex 115.714 121.465 0
    endloop
  endfacet
  facet normal -1 -0 0
    outer loop
      vertex 115.714 121.465 3
      vertex 115.714 117.465 0
      vertex 115.714 117.465 3
    endloop
  endfacet
  facet normal 0.500011 -0.866019 0
    outer loop
      vertex 108.786 121.465 0
      vertex 112.25 123.465 3
      vertex 108.786 121.465 3
    endloop
  endfacet
  facet normal 0.500011 -0.866019 0
    outer loop
      vertex 112.25 123.465 3
      vertex 108.786 121.465 0
      vertex 112.25 123.465 0
    endloop
  endfacet
  facet normal -0.500011 -0.866019 0
    outer loop
      vertex 112.25 123.465 0
      vertex 115.714 121.465 3
      vertex 112.25 123.465 3
    endloop
  endfacet
  facet normal -0.500011 -0.866019 -0
    outer loop
      vertex 115.714 121.465 3
      vertex 112.25 123.465 0
      vertex 115.714 121.465 0
    endloop
  endfacet
  facet normal 1 -0 0
    outer loop
      vertex 108.786 117.465 3
      vertex 108.786 121.465 0
      vertex 108.786 121.465 3
    endloop
  endfacet
  facet normal 1 0 0
    outer loop
      vertex 108.786 121.465 0
      vertex 108.786 117.465 3
      vertex 108.786 117.465 0
    endloop
  endfacet
  facet normal 0.500011 0.866019 -0
    outer loop
      vertex 112.25 115.465 0
      vertex 108.786 117.465 3
      vertex 112.25 115.465 3
    endloop
  endfacet
  facet normal 0.500011 0.866019 0
    outer loop
      vertex 108.786 117.465 3
      vertex 112.25 115.465 0
      vertex 108.786 117.465 0
    endloop
  endfacet
  facet normal -0.500011 0.866019 0
    outer loop
      vertex 126.214 117.465 0
      vertex 122.75 115.465 3
      vertex 126.214 117.465 3
    endloop
  endfacet
  facet normal -0.500011 0.866019 0
    outer loop
      vertex 122.75 115.465 3
      vertex 126.214 117.465 0
      vertex 122.75 115.465 0
    endloop
  endfacet
  facet normal -1 0 0
    outer loop
      vertex 126.214 117.465 0
      vertex 126.214 121.465 3
      vertex 126.214 121.465 0
    endloop
  endfacet
  facet normal -1 -0 0
    outer loop
      vertex 126.214 121.465 3
      vertex 126.214 117.465 0
      vertex 126.214 117.465 3
    endloop
  endfacet
  facet normal 0.500011 -0.866019 0
    outer loop
      vertex 119.286 121.465 0
      vertex 122.75 123.465 3
      vertex 119.286 121.465 3
    endloop
  endfacet
  facet normal 0.500011 -0.866019 0
    outer loop
      vertex 122.75 123.465 3
      vertex 119.286 121.465 0
      vertex 122.75 123.465 0
    endloop
  endfacet
  facet normal -0.500011 -0.866019 0
    outer loop
      vertex 122.75 123.465 0
      vertex 126.214 121.465 3
      vertex 122.75 123.465 3
    endloop
  endfacet
  facet normal -0.500011 -0.866019 -0
    outer loop
      vertex 126.214 121.465 3
      vertex 122.75 123.465 0
      vertex 126.214 121.465 0
    endloop
  endfacet
  facet normal 1 -0 0
    outer loop
      vertex 119.286 117.465 3
      vertex 119.286 121.465 0
      vertex 119.286 121.465 3
    endloop
  endfacet
  facet normal 1 0 0
    outer loop
      vertex 119.286 121.465 0
      vertex 119.286 117.465 3
      vertex 119.286 117.465 0
    endloop
  endfacet
  facet normal 0.500011 0.866019 -0
    outer loop
      vertex 122.75 115.465 0
      vertex 119.286 117.465 3
      vertex 122.75 115.465 3
    endloop
  endfacet
  facet normal 0.500011 0.866019 0
    outer loop
      vertex 119.286 117.465 3
      vertex 122.75 115.465 0
      vertex 119.286 117.465 0
    endloop
  endfacet
  facet normal -0.500011 0.866019 0
    outer loop
      vertex 136.714 117.465 0
      vertex 133.25 115.465 3
      vertex 136.714 117.465 3
    endloop
  endfacet
  facet normal -0.500011 0.866019 0
    outer loop
      vertex 133.25 115.465 3
      vertex 136.714 117.465 0
      vertex 133.25 115.465 0
    endloop
  endfacet
  facet normal -1 0 0
    outer loop
      vertex 136.714 117.465 0
      vertex 136.714 121.465 3
      vertex 136.714 121.465 0
    endloop
  endfacet
  facet normal -1 -0 0
    outer loop
      vertex 136.714 121.465 3
      vertex 136.714 117.465 0
      vertex 136.714 117.465 3
    endloop
  endfacet
  facet normal 0.500011 -0.866019 0
    outer loop
      vertex 129.786 121.465 0
      vertex 133.25 123.465 3
      vertex 129.786 121.465 3
    endloop
  endfacet
  facet normal 0.500011 -0.866019 0
    outer loop
      vertex 133.25 123.465 3
      vertex 129.786 121.465 0
      vertex 133.25 123.465 0
    endloop
  endfacet
  facet normal -0.500011 -0.866019 0
    outer loop
      vertex 133.25 123.465 0
      vertex 136.714 121.465 3
      vertex 133.25 123.465 3
    endloop
  endfacet
  facet normal -0.500011 -0.866019 -0
    outer loop
      vertex 136.714 121.465 3
      vertex 133.25 123.465 0
      vertex 136.714 121.465 0
    endloop
  endfacet
  facet normal 1 -0 0
    outer loop
      vertex 129.786 117.465 3
      vertex 129.786 121.465 0
      vertex 129.786 121.465 3
    endloop
  endfacet
  facet normal 1 0 0
    outer loop
      vertex 129.786 121.465 0
      vertex 129.786 117.465 3
      vertex 129.786 117.465 0
    endloop
  endfacet
  facet normal 0.500011 0.866019 -0
    outer loop
      vertex 133.25 115.465 0
      vertex 129.786 117.465 3
      vertex 133.25 115.465 3
    endloop
  endfacet
  facet normal 0.500011 0.866019 0
    outer loop
      vertex 129.786 117.465 3
      vertex 133.25 115.465 0
      vertex 129.786 117.465 0
    endloop
  endfacet
  facet normal -0.500011 0.866019 0
    outer loop
      vertex 147.214 117.465 0
      vertex 143.75 115.465 3
      vertex 147.214 117.465 3
    endloop
  endfacet
  facet normal -0.500011 0.866019 0
    outer loop
      vertex 143.75 115.465 3
      vertex 147.214 117.465 0
      vertex 143.75 115.465 0
    endloop
  endfacet
  facet normal -1 0 0
    outer loop
      vertex 147.214 117.465 0
      vertex 147.214 121.465 3
      vertex 147.214 121.465 0
    endloop
  endfacet
  facet normal -1 -0 0
    outer loop
      vertex 147.214 121.465 3
      vertex 147.214 117.465 0
      vertex 147.214 117.465 3
    endloop
  endfacet
  facet normal 0.500011 -0.866019 0
    outer loop
      vertex 140.286 121.465 0
      vertex 143.75 123.465 3
      vertex 140.286 121.465 3
    endloop
  endfacet
  facet normal 0.500011 -0.866019 0
    outer loop
      vertex 143.75 123.465 3
      vertex 140.286 121.465 0
      vertex 143.75 123.465 0
    endloop
  endfacet
  facet normal -0.500011 -0.866019 0
    outer loop
      vertex 143.75 123.465 0
      vertex 147.214 121.465 3
      vertex 143.75 123.465 3
    endloop
  endfacet
  facet normal -0.500011 -0.866019 -0
    outer loop
      vertex 147.214 121.465 3
      vertex 143.75 123.465 0
      vertex 147.214 121.465 0
    endloop
  endfacet
  facet normal 1 -0 0
    outer loop
      vertex 140.286 117.465 3
      vertex 140.286 121.465 0
      vertex 140.286 121.465 3
    endloop
  endfacet
  facet normal 1 0 0
    outer loop
      vertex 140.286 121.465 0
      vertex 140.286 117.465 3
      vertex 140.286 117.465 0
    endloop
  endfacet
  facet normal 0.500011 0.866019 -0
    outer loop
      vertex 143.75 115.465 0
      vertex 140.286 117.465 3
      vertex 143.75 115.465 3
    endloop
  endfacet
  facet normal 0.500011 0.866019 0
    outer loop
      vertex 140.286 117.465 3
      vertex 143.75 115.465 0
      vertex 140.286 117.465 0
    endloop
  endfacet
  facet normal -0.500011 0.866019 0
    outer loop
      vertex 157.714 117.465 0
      vertex 154.25 115.465 3
      vertex 157.714 117.465 3
    endloop
  endfacet
  facet normal -0.500011 0.866019 0
    outer loop
      vertex 154.25 115.465 3
      vertex 157.714 117.465 0
      vertex 154.25 115.465 0
    endloop
  endfacet
  facet normal -1 0 0
    outer loop
      vertex 157.714 117.465 0
      vertex 157.714 121.465 3
      vertex 157.714 121.465 0
    endloop
  endfacet
  facet normal -1 -0 0
    outer loop
      vertex 157.714 121.465 3
      vertex 157.714 117.465 0
      vertex 157.714 117.465 3
    endloop
  endfacet
  facet normal 0.500011 -0.866019 0
    outer loop
      vertex 150.786 121.465 0
      vertex 154.25 123.465 3
      vertex 150.786 121.465 3
    endloop
  endfacet
  facet normal 0.500011 -0.866019 0
    outer loop
      vertex 154.25 123.465 3
      vertex 150.786 121.465 0
      vertex 154.25 123.465 0
    endloop
  endfacet
  facet normal -0.500011 -0.866019 0
    outer loop
      vertex 154.25 123.465 0
      vertex 157.714 121.465 3
      vertex 154.25 123.465 3
    endloop
  endfacet
  facet normal -0.500011 -0.866019 -0
    outer loop
      vertex 157.714 121.465 3
      vertex 154.25 123.465 0
      vertex 157.714 121.465 0
    endloop
  endfacet
  facet normal 1 -0 0
    outer loop
      vertex 150.786 117.465 3
      vertex 150.786 121.465 0
      vertex 150.786 121.465 3
    endloop
  endfacet
  facet normal 1 0 0
    outer loop
      vertex 150.786 121.465 0
      vertex 150.786 117.465 3
      vertex 150.786 117.465 0
    endloop
  endfacet
  facet normal 0.500011 0.866019 -0
    outer loop
      vertex 154.25 115.465 0
      vertex 150.786 117.465 3
      vertex 154.25 115.465 3
    endloop
  endfacet
  facet normal 0.500011 0.866019 0
    outer loop
      vertex 150.786 117.465 3
      vertex 154.25 115.465 0
      vertex 150.786 117.465 0
    endloop
  endfacet
  facet normal -0.500011 0.866019 0
    outer loop
      vertex 168.214 117.465 0
      vertex 164.75 115.465 3
      vertex 168.214 117.465 3
    endloop
  endfacet
  facet normal -0.500011 0.866019 0
    outer loop
      vertex 164.75 115.465 3
      vertex 168.214 117.465 0
      vertex 164.75 115.465 0
    endloop
  endfacet
  facet normal -1 0 0
    outer loop
      vertex 168.214 117.465 0
      vertex 168.214 121.465 3
      vertex 168.214 121.465 0
    endloop
  endfacet
  facet normal -1 -0 0
    outer loop
      vertex 168.214 121.465 3
      vertex 168.214 117.465 0
      vertex 168.214 117.465 3
    endloop
  endfacet
  facet normal 0.500011 -0.866019 0
    outer loop
      vertex 161.286 121.465 0
      vertex 164.75 123.465 3
      vertex 161.286 121.465 3
    endloop
  endfacet
  facet normal 0.500011 -0.866019 0
    outer loop
      vertex 164.75 123.465 3
      vertex 161.286 121.465 0
      vertex 164.75 123.465 0
    endloop
  endfacet
  facet normal -0.500011 -0.866019 0
    outer loop
      vertex 164.75 123.465 0
      vertex 168.214 121.465 3
      vertex 164.75 123.465 3
    endloop
  endfacet
  facet normal -0.500011 -0.866019 -0
    outer loop
      vertex 168.214 121.465 3
      vertex 164.75 123.465 0
      vertex 168.214 121.465 0
    endloop
  endfacet
  facet normal 1 -0 0
    outer loop
      vertex 161.286 117.465 3
      vertex 161.286 121.465 0
      vertex 161.286 121.465 3
    endloop
  endfacet
  facet normal 1 0 0
    outer loop
      vertex 161.286 121.465 0
      vertex 161.286 117.465 3
      vertex 161.286 117.465 0
    endloop
  endfacet
  facet normal 0.500011 0.866019 -0
    outer loop
      vertex 164.75 115.465 0
      vertex 161.286 117.465 3
      vertex 164.75 115.465 3
    endloop
  endfacet
  facet normal 0.500011 0.866019 0
    outer loop
      vertex 161.286 117.465 3
      vertex 164.75 115.465 0
      vertex 161.286 117.465 0
    endloop
  endfacet
  facet normal -0.500011 0.866019 0
    outer loop
      vertex 178.714 117.465 0
      vertex 175.25 115.465 3
      vertex 178.714 117.465 3
    endloop
  endfacet
  facet normal -0.500011 0.866019 0
    outer loop
      vertex 175.25 115.465 3
      vertex 178.714 117.465 0
      vertex 175.25 115.465 0
    endloop
  endfacet
  facet normal -1 0 0
    outer loop
      vertex 178.714 117.465 0
      vertex 178.714 121.465 3
      vertex 178.714 121.465 0
    endloop
  endfacet
  facet normal -1 -0 0
    outer loop
      vertex 178.714 121.465 3
      vertex 178.714 117.465 0
      vertex 178.714 117.465 3
    endloop
  endfacet
  facet normal 0.500011 -0.866019 0
    outer loop
      vertex 171.786 121.465 0
      vertex 175.25 123.465 3
      vertex 171.786 121.465 3
    endloop
  endfacet
  facet normal 0.500011 -0.866019 0
    outer loop
      vertex 175.25 123.465 3
      vertex 171.786 121.465 0
      vertex 175.25 123.465 0
    endloop
  endfacet
  facet normal -0.500011 -0.866019 0
    outer loop
      vertex 175.25 123.465 0
      vertex 178.714 121.465 3
      vertex 175.25 123.465 3
    endloop
  endfacet
  facet normal -0.500011 -0.866019 -0
    outer loop
      vertex 178.714 121.465 3
      vertex 175.25 123.465 0
      vertex 178.714 121.465 0
    endloop
  endfacet
  facet normal 1 -0 0
    outer loop
      vertex 171.786 117.465 3
      vertex 171.786 121.465 0
      vertex 171.786 121.465 3
    endloop
  endfacet
  facet normal 1 0 0
    outer loop
      vertex 171.786 121.465 0
      vertex 171.786 117.465 3
      vertex 171.786 117.465 0
    endloop
  endfacet
  facet normal 0.500011 0.866019 -0
    outer loop
      vertex 175.25 115.465 0
      vertex 171.786 117.465 3
      vertex 175.25 115.465 3
    endloop
  endfacet
  facet normal 0.500011 0.866019 0
    outer loop
      vertex 171.786 117.465 3
      vertex 175.25 115.465 0
      vertex 171.786 117.465 0
    endloop
  endfacet
  facet normal -0.500011 0.866019 0
    outer loop
      vertex 189.214 117.465 0
      vertex 185.75 115.465 3
      vertex 189.214 117.465 3
    endloop
  endfacet
  facet normal -0.500011 0.866019 0
    outer loop
      vertex 185.75 115.465 3
      vertex 189.214 117.465 0
      vertex 185.75 115.465 0
    endloop
  endfacet
  facet normal -1 0 0
    outer loop
      vertex 189.214 117.465 0
      vertex 189.214 121.465 3
      vertex 189.214 121.465 0
    endloop
  endfacet
  facet normal -1 -0 0
    outer loop
      vertex 189.214 121.465 3
      vertex 189.214 117.465 0
      vertex 189.214 117.465 3
    endloop
  endfacet
  facet normal 0.500011 -0.866019 0
    outer loop
      vertex 182.286 121.465 0
      vertex 185.75 123.465 3
      vertex 182.286 121.465 3
    endloop
  endfacet
  facet normal 0.500011 -0.866019 0
    outer loop
      vertex 185.75 123.465 3
      vertex 182.286 121.465 0
      vertex 185.75 123.465 0
    endloop
  endfacet
  facet normal -0.500011 -0.866019 0
    outer loop
      vertex 185.75 123.465 0
      vertex 189.214 121.465 3
      vertex 185.75 123.465 3
    endloop
  endfacet
  facet normal -0.500011 -0.866019 -0
    outer loop
      vertex 189.214 121.465 3
      vertex 185.75 123.465 0
      vertex 189.214 121.465 0
    endloop
  endfacet
  facet normal 1 -0 0
    outer loop
      vertex 182.286 117.465 3
      vertex 182.286 121.465 0
      vertex 182.286 121.465 3
    endloop
  endfacet
  facet normal 1 0 0
    outer loop
      vertex 182.286 121.465 0
      vertex 182.286 117.465 3
      vertex 182.286 117.465 0
    endloop
  endfacet
  facet normal 0.500011 0.866019 -0
    outer loop
      vertex 185.75 115.465 0
      vertex 182.286 117.465 3
      vertex 185.75 115.465 3
    endloop
  endfacet
  facet normal 0.500011 0.866019 0
    outer loop
      vertex 182.286 117.465 3
      vertex 185.75 115.465 0
      vertex 182.286 117.465 0
    endloop
  endfacet
  facet normal -0.500011 0.866019 0
    outer loop
      vertex 199.714 117.465 0
      vertex 196.25 115.465 3
      vertex 199.714 117.465 3
    endloop
  endfacet
  facet normal -0.500011 0.866019 0
    outer loop
      vertex 196.25 115.465 3
      vertex 199.714 117.465 0
      vertex 196.25 115.465 0
    endloop
  endfacet
  facet normal -1 0 0
    outer loop
      vertex 199.714 117.465 0
      vertex 199.714 121.465 3
      vertex 199.714 121.465 0
    endloop
  endfacet
  facet normal -1 -0 0
    outer loop
      vertex 199.714 121.465 3
      vertex 199.714 117.465 0
      vertex 199.714 117.465 3
    endloop
  endfacet
  facet normal 0.500011 -0.866019 0
    outer loop
      vertex 192.786 121.465 0
      vertex 196.25 123.465 3
      vertex 192.786 121.465 3
    endloop
  endfacet
  facet normal 0.500011 -0.866019 0
    outer loop
      vertex 196.25 123.465 3
      vertex 192.786 121.465 0
      vertex 196.25 123.465 0
    endloop
  endfacet
  facet normal -0.500011 -0.866019 0
    outer loop
      vertex 196.25 123.465 0
      vertex 199.714 121.465 3
      vertex 196.25 123.465 3
    endloop
  endfacet
  facet normal -0.500011 -0.866019 -0
    outer loop
      vertex 199.714 121.465 3
      vertex 196.25 123.465 0
      vertex 199.714 121.465 0
    endloop
  endfacet
  facet normal 1 -0 0
    outer loop
      vertex 192.786 117.465 3
      vertex 192.786 121.465 0
      vertex 192.786 121.465 3
    endloop
  endfacet
  facet normal 1 0 0
    outer loop
      vertex 192.786 121.465 0
      vertex 192.786 117.465 3
      vertex 192.786 117.465 0
    endloop
  endfacet
  facet normal 0.500011 0.866019 -0
    outer loop
      vertex 196.25 115.465 0
      vertex 192.786 117.465 3
      vertex 196.25 115.465 3
    endloop
  endfacet
  facet normal 0.500011 0.866019 0
    outer loop
      vertex 192.786 117.465 3
      vertex 196.25 115.465 0
      vertex 192.786 117.465 0
    endloop
  endfacet
  facet normal -0.500011 0.866019 0
    outer loop
      vertex 210.214 117.465 0
      vertex 206.75 115.465 3
      vertex 210.214 117.465 3
    endloop
  endfacet
  facet normal -0.500011 0.866019 0
    outer loop
      vertex 206.75 115.465 3
      vertex 210.214 117.465 0
      vertex 206.75 115.465 0
    endloop
  endfacet
  facet normal -1 0 0
    outer loop
      vertex 210.214 117.465 0
      vertex 210.214 121.465 3
      vertex 210.214 121.465 0
    endloop
  endfacet
  facet normal -1 -0 0
    outer loop
      vertex 210.214 121.465 3
      vertex 210.214 117.465 0
      vertex 210.214 117.465 3
    endloop
  endfacet
  facet normal 0.500011 -0.866019 0
    outer loop
      vertex 203.286 121.465 0
      vertex 206.75 123.465 3
      vertex 203.286 121.465 3
    endloop
  endfacet
  facet normal 0.500011 -0.866019 0
    outer loop
      vertex 206.75 123.465 3
      vertex 203.286 121.465 0
      vertex 206.75 123.465 0
    endloop
  endfacet
  facet normal -0.500011 -0.866019 0
    outer loop
      vertex 206.75 123.465 0
      vertex 210.214 121.465 3
      vertex 206.75 123.465 3
    endloop
  endfacet
  facet normal -0.500011 -0.866019 -0
    outer loop
      vertex 210.214 121.465 3
      vertex 206.75 123.465 0
      vertex 210.214 121.465 0
    endloop
  endfacet
  facet normal 1 -0 0
    outer loop
      vertex 203.286 117.465 3
      vertex 203.286 121.465 0
      vertex 203.286 121.465 3
    endloop
  endfacet
  facet normal 1 0 0
    outer loop
      vertex 203.286 121.465 0
      vertex 203.286 117.465 3
      vertex 203.286 117.465 0
    endloop
  endfacet
  facet normal 0.500011 0.866019 -0
    outer loop
      vertex 206.75 115.465 0
      vertex 203.286 117.465 3
      vertex 206.75 115.465 3
    endloop
  endfacet
  facet normal 0.500011 0.866019 0
    outer loop
      vertex 203.286 117.465 3
      vertex 206.75 115.465 0
      vertex 203.286 117.465 0
    endloop
  endfacet
  facet normal 0.499984 -0.866035 0
    outer loop
      vertex 213.786 121.465 0
      vertex 215.7 122.57 3
      vertex 213.786 121.465 3
    endloop
  endfacet
  facet normal 0.499984 -0.866035 0
    outer loop
      vertex 215.7 122.57 3
      vertex 213.786 121.465 0
      vertex 215.7 122.57 0
    endloop
  endfacet
  facet normal 1 -0 0
    outer loop
      vertex 213.786 117.465 3
      vertex 213.786 121.465 0
      vertex 213.786 121.465 3
    endloop
  endfacet
  facet normal 1 0 0
    outer loop
      vertex 213.786 121.465 0
      vertex 213.786 117.465 3
      vertex 213.786 117.465 0
    endloop
  endfacet
  facet normal 0.499984 0.866035 -0
    outer loop
      vertex 215.7 116.36 0
      vertex 213.786 117.465 3
      vertex 215.7 116.36 3
    endloop
  endfacet
  facet normal 0.499984 0.866035 0
    outer loop
      vertex 213.786 117.465 3
      vertex 215.7 116.36 0
      vertex 213.786 117.465 0
    endloop
  endfacet
  facet normal -0.5 0.866025 0
    outer loop
      vertex 89.4641 126.558 0
      vertex 86 124.558 3
      vertex 89.4641 126.558 3
    endloop
  endfacet
  facet normal -0.5 0.866025 0
    outer loop
      vertex 86 124.558 3
      vertex 89.4641 126.558 0
      vertex 86 124.558 0
    endloop
  endfacet
  facet normal -1 0 0
    outer loop
      vertex 89.4641 126.558 0
      vertex 89.4641 130.558 3
      vertex 89.4641 130.558 0
    endloop
  endfacet
  facet normal -1 -0 0
    outer loop
      vertex 89.4641 130.558 3
      vertex 89.4641 126.558 0
      vertex 89.4641 126.558 3
    endloop
  endfacet
  facet normal 0.500097 -0.865969 0
    outer loop
      vertex 84 131.403 0
      vertex 86 132.558 3
      vertex 84 131.403 3
    endloop
  endfacet
  facet normal 0.500097 -0.865969 0
    outer loop
      vertex 86 132.558 3
      vertex 84 131.403 0
      vertex 86 132.558 0
    endloop
  endfacet
  facet normal -0.5 -0.866025 0
    outer loop
      vertex 86 132.558 0
      vertex 89.4641 130.558 3
      vertex 86 132.558 3
    endloop
  endfacet
  facet normal -0.5 -0.866025 -0
    outer loop
      vertex 89.4641 130.558 3
      vertex 86 132.558 0
      vertex 89.4641 130.558 0
    endloop
  endfacet
  facet normal 0.500097 0.865969 -0
    outer loop
      vertex 86 124.558 0
      vertex 84 125.713 3
      vertex 86 124.558 3
    endloop
  endfacet
  facet normal 0.500097 0.865969 0
    outer loop
      vertex 84 125.713 3
      vertex 86 124.558 0
      vertex 84 125.713 0
    endloop
  endfacet
  facet normal -0.5 0.866025 0
    outer loop
      vertex 99.9641 126.558 0
      vertex 96.5 124.558 3
      vertex 99.9641 126.558 3
    endloop
  endfacet
  facet normal -0.5 0.866025 0
    outer loop
      vertex 96.5 124.558 3
      vertex 99.9641 126.558 0
      vertex 96.5 124.558 0
    endloop
  endfacet
  facet normal -1 0 0
    outer loop
      vertex 99.9641 126.558 0
      vertex 99.9641 130.558 3
      vertex 99.9641 130.558 0
    endloop
  endfacet
  facet normal -1 -0 0
    outer loop
      vertex 99.9641 130.558 3
      vertex 99.9641 126.558 0
      vertex 99.9641 126.558 3
    endloop
  endfacet
  facet normal 0.5 -0.866025 0
    outer loop
      vertex 93.0359 130.558 0
      vertex 96.5 132.558 3
      vertex 93.0359 130.558 3
    endloop
  endfacet
  facet normal 0.5 -0.866025 0
    outer loop
      vertex 96.5 132.558 3
      vertex 93.0359 130.558 0
      vertex 96.5 132.558 0
    endloop
  endfacet
  facet normal -0.5 -0.866025 0
    outer loop
      vertex 96.5 132.558 0
      vertex 99.9641 130.558 3
      vertex 96.5 132.558 3
    endloop
  endfacet
  facet normal -0.5 -0.866025 -0
    outer loop
      vertex 99.9641 130.558 3
      vertex 96.5 132.558 0
      vertex 99.9641 130.558 0
    endloop
  endfacet
  facet normal 1 -0 0
    outer loop
      vertex 93.0359 126.558 3
      vertex 93.0359 130.558 0
      vertex 93.0359 130.558 3
    endloop
  endfacet
  facet normal 1 0 0
    outer loop
      vertex 93.0359 130.558 0
      vertex 93.0359 126.558 3
      vertex 93.0359 126.558 0
    endloop
  endfacet
  facet normal 0.5 0.866025 -0
    outer loop
      vertex 96.5 124.558 0
      vertex 93.0359 126.558 3
      vertex 96.5 124.558 3
    endloop
  endfacet
  facet normal 0.5 0.866025 0
    outer loop
      vertex 93.0359 126.558 3
      vertex 96.5 124.558 0
      vertex 93.0359 126.558 0
    endloop
  endfacet
  facet normal -0.500011 0.866019 0
    outer loop
      vertex 110.464 126.558 0
      vertex 107 124.558 3
      vertex 110.464 126.558 3
    endloop
  endfacet
  facet normal -0.500011 0.866019 0
    outer loop
      vertex 107 124.558 3
      vertex 110.464 126.558 0
      vertex 107 124.558 0
    endloop
  endfacet
  facet normal -1 0 0
    outer loop
      vertex 110.464 126.558 0
      vertex 110.464 130.558 3
      vertex 110.464 130.558 0
    endloop
  endfacet
  facet normal -1 -0 0
    outer loop
      vertex 110.464 130.558 3
      vertex 110.464 126.558 0
      vertex 110.464 126.558 3
    endloop
  endfacet
  facet normal 0.500011 -0.866019 0
    outer loop
      vertex 103.536 130.558 0
      vertex 107 132.558 3
      vertex 103.536 130.558 3
    endloop
  endfacet
  facet normal 0.500011 -0.866019 0
    outer loop
      vertex 107 132.558 3
      vertex 103.536 130.558 0
      vertex 107 132.558 0
    endloop
  endfacet
  facet normal -0.500011 -0.866019 0
    outer loop
      vertex 107 132.558 0
      vertex 110.464 130.558 3
      vertex 107 132.558 3
    endloop
  endfacet
  facet normal -0.500011 -0.866019 -0
    outer loop
      vertex 110.464 130.558 3
      vertex 107 132.558 0
      vertex 110.464 130.558 0
    endloop
  endfacet
  facet normal 1 -0 0
    outer loop
      vertex 103.536 126.558 3
      vertex 103.536 130.558 0
      vertex 103.536 130.558 3
    endloop
  endfacet
  facet normal 1 0 0
    outer loop
      vertex 103.536 130.558 0
      vertex 103.536 126.558 3
      vertex 103.536 126.558 0
    endloop
  endfacet
  facet normal 0.500011 0.866019 -0
    outer loop
      vertex 107 124.558 0
      vertex 103.536 126.558 3
      vertex 107 124.558 3
    endloop
  endfacet
  facet normal 0.500011 0.866019 0
    outer loop
      vertex 103.536 126.558 3
      vertex 107 124.558 0
      vertex 103.536 126.558 0
    endloop
  endfacet
  facet normal -0.500011 0.866019 0
    outer loop
      vertex 120.964 126.558 0
      vertex 117.5 124.558 3
      vertex 120.964 126.558 3
    endloop
  endfacet
  facet normal -0.500011 0.866019 0
    outer loop
      vertex 117.5 124.558 3
      vertex 120.964 126.558 0
      vertex 117.5 124.558 0
    endloop
  endfacet
  facet normal -1 0 0
    outer loop
      vertex 120.964 126.558 0
      vertex 120.964 130.558 3
      vertex 120.964 130.558 0
    endloop
  endfacet
  facet normal -1 -0 0
    outer loop
      vertex 120.964 130.558 3
      vertex 120.964 126.558 0
      vertex 120.964 126.558 3
    endloop
  endfacet
  facet normal 0.500011 -0.866019 0
    outer loop
      vertex 114.036 130.558 0
      vertex 117.5 132.558 3
      vertex 114.036 130.558 3
    endloop
  endfacet
  facet normal 0.500011 -0.866019 0
    outer loop
      vertex 117.5 132.558 3
      vertex 114.036 130.558 0
      vertex 117.5 132.558 0
    endloop
  endfacet
  facet normal -0.500011 -0.866019 0
    outer loop
      vertex 117.5 132.558 0
      vertex 120.964 130.558 3
      vertex 117.5 132.558 3
    endloop
  endfacet
  facet normal -0.500011 -0.866019 -0
    outer loop
      vertex 120.964 130.558 3
      vertex 117.5 132.558 0
      vertex 120.964 130.558 0
    endloop
  endfacet
  facet normal 1 -0 0
    outer loop
      vertex 114.036 126.558 3
      vertex 114.036 130.558 0
      vertex 114.036 130.558 3
    endloop
  endfacet
  facet normal 1 0 0
    outer loop
      vertex 114.036 130.558 0
      vertex 114.036 126.558 3
      vertex 114.036 126.558 0
    endloop
  endfacet
  facet normal 0.500011 0.866019 -0
    outer loop
      vertex 117.5 124.558 0
      vertex 114.036 126.558 3
      vertex 117.5 124.558 3
    endloop
  endfacet
  facet normal 0.500011 0.866019 0
    outer loop
      vertex 114.036 126.558 3
      vertex 117.5 124.558 0
      vertex 114.036 126.558 0
    endloop
  endfacet
  facet normal -0.500011 0.866019 0
    outer loop
      vertex 131.464 126.558 0
      vertex 128 124.558 3
      vertex 131.464 126.558 3
    endloop
  endfacet
  facet normal -0.500011 0.866019 0
    outer loop
      vertex 128 124.558 3
      vertex 131.464 126.558 0
      vertex 128 124.558 0
    endloop
  endfacet
  facet normal -1 0 0
    outer loop
      vertex 131.464 126.558 0
      vertex 131.464 130.558 3
      vertex 131.464 130.558 0
    endloop
  endfacet
  facet normal -1 -0 0
    outer loop
      vertex 131.464 130.558 3
      vertex 131.464 126.558 0
      vertex 131.464 126.558 3
    endloop
  endfacet
  facet normal 0.500011 -0.866019 0
    outer loop
      vertex 124.536 130.558 0
      vertex 128 132.558 3
      vertex 124.536 130.558 3
    endloop
  endfacet
  facet normal 0.500011 -0.866019 0
    outer loop
      vertex 128 132.558 3
      vertex 124.536 130.558 0
      vertex 128 132.558 0
    endloop
  endfacet
  facet normal -0.500011 -0.866019 0
    outer loop
      vertex 128 132.558 0
      vertex 131.464 130.558 3
      vertex 128 132.558 3
    endloop
  endfacet
  facet normal -0.500011 -0.866019 -0
    outer loop
      vertex 131.464 130.558 3
      vertex 128 132.558 0
      vertex 131.464 130.558 0
    endloop
  endfacet
  facet normal 1 -0 0
    outer loop
      vertex 124.536 126.558 3
      vertex 124.536 130.558 0
      vertex 124.536 130.558 3
    endloop
  endfacet
  facet normal 1 0 0
    outer loop
      vertex 124.536 130.558 0
      vertex 124.536 126.558 3
      vertex 124.536 126.558 0
    endloop
  endfacet
  facet normal 0.500011 0.866019 -0
    outer loop
      vertex 128 124.558 0
      vertex 124.536 126.558 3
      vertex 128 124.558 3
    endloop
  endfacet
  facet normal 0.500011 0.866019 0
    outer loop
      vertex 124.536 126.558 3
      vertex 128 124.558 0
      vertex 124.536 126.558 0
    endloop
  endfacet
  facet normal -0.500011 0.866019 0
    outer loop
      vertex 141.964 126.558 0
      vertex 138.5 124.558 3
      vertex 141.964 126.558 3
    endloop
  endfacet
  facet normal -0.500011 0.866019 0
    outer loop
      vertex 138.5 124.558 3
      vertex 141.964 126.558 0
      vertex 138.5 124.558 0
    endloop
  endfacet
  facet normal -1 0 0
    outer loop
      vertex 141.964 126.558 0
      vertex 141.964 130.558 3
      vertex 141.964 130.558 0
    endloop
  endfacet
  facet normal -1 -0 0
    outer loop
      vertex 141.964 130.558 3
      vertex 141.964 126.558 0
      vertex 141.964 126.558 3
    endloop
  endfacet
  facet normal 0.500011 -0.866019 0
    outer loop
      vertex 135.036 130.558 0
      vertex 138.5 132.558 3
      vertex 135.036 130.558 3
    endloop
  endfacet
  facet normal 0.500011 -0.866019 0
    outer loop
      vertex 138.5 132.558 3
      vertex 135.036 130.558 0
      vertex 138.5 132.558 0
    endloop
  endfacet
  facet normal -0.500011 -0.866019 0
    outer loop
      vertex 138.5 132.558 0
      vertex 141.964 130.558 3
      vertex 138.5 132.558 3
    endloop
  endfacet
  facet normal -0.500011 -0.866019 -0
    outer loop
      vertex 141.964 130.558 3
      vertex 138.5 132.558 0
      vertex 141.964 130.558 0
    endloop
  endfacet
  facet normal 1 -0 0
    outer loop
      vertex 135.036 126.558 3
      vertex 135.036 130.558 0
      vertex 135.036 130.558 3
    endloop
  endfacet
  facet normal 1 0 0
    outer loop
      vertex 135.036 130.558 0
      vertex 135.036 126.558 3
      vertex 135.036 126.558 0
    endloop
  endfacet
  facet normal 0.500011 0.866019 -0
    outer loop
      vertex 138.5 124.558 0
      vertex 135.036 126.558 3
      vertex 138.5 124.558 3
    endloop
  endfacet
  facet normal 0.500011 0.866019 0
    outer loop
      vertex 135.036 126.558 3
      vertex 138.5 124.558 0
      vertex 135.036 126.558 0
    endloop
  endfacet
  facet normal -0.500011 0.866019 0
    outer loop
      vertex 152.464 126.558 0
      vertex 149 124.558 3
      vertex 152.464 126.558 3
    endloop
  endfacet
  facet normal -0.500011 0.866019 0
    outer loop
      vertex 149 124.558 3
      vertex 152.464 126.558 0
      vertex 149 124.558 0
    endloop
  endfacet
  facet normal -1 0 0
    outer loop
      vertex 152.464 126.558 0
      vertex 152.464 130.558 3
      vertex 152.464 130.558 0
    endloop
  endfacet
  facet normal -1 -0 0
    outer loop
      vertex 152.464 130.558 3
      vertex 152.464 126.558 0
      vertex 152.464 126.558 3
    endloop
  endfacet
  facet normal 0.499722 -0.866186 0
    outer loop
      vertex 145.536 130.558 3
      vertex 145.744 130.678 2.95
      vertex 145.744 130.678 3
    endloop
  endfacet
  facet normal 0.499722 -0.866186 0
    outer loop
      vertex 145.536 130.558 0
      vertex 145.744 130.678 2.95
      vertex 145.536 130.558 3
    endloop
  endfacet
  facet normal 0.500011 -0.866019 -2.71192e-05
    outer loop
      vertex 149 132.558 0
      vertex 145.744 130.678 2.95
      vertex 145.536 130.558 0
    endloop
  endfacet
  facet normal 0.500029 -0.866008 0
    outer loop
      vertex 145.744 130.678 2.95
      vertex 149 132.558 0
      vertex 149 132.558 2.95
    endloop
  endfacet
  facet normal -0.500029 -0.866008 -0
    outer loop
      vertex 149 132.558 2.95
      vertex 149 132.558 0
      vertex 152.256 130.678 2.95
    endloop
  endfacet
  facet normal -0.499722 -0.866186 0
    outer loop
      vertex 152.256 130.678 2.95
      vertex 152.464 130.558 3
      vertex 152.256 130.678 3
    endloop
  endfacet
  facet normal -0.500011 -0.866019 -2.71192e-05
    outer loop
      vertex 152.464 130.558 0
      vertex 152.256 130.678 2.95
      vertex 149 132.558 0
    endloop
  endfacet
  facet normal -0.499722 -0.866186 0
    outer loop
      vertex 152.256 130.678 2.95
      vertex 152.464 130.558 0
      vertex 152.464 130.558 3
    endloop
  endfacet
  facet normal 1 -0 0
    outer loop
      vertex 145.536 126.558 3
      vertex 145.536 130.558 0
      vertex 145.536 130.558 3
    endloop
  endfacet
  facet normal 1 0 0
    outer loop
      vertex 145.536 130.558 0
      vertex 145.536 126.558 3
      vertex 145.536 126.558 0
    endloop
  endfacet
  facet normal 0.500011 0.866019 -0
    outer loop
      vertex 149 124.558 0
      vertex 145.536 126.558 3
      vertex 149 124.558 3
    endloop
  endfacet
  facet normal 0.500011 0.866019 0
    outer loop
      vertex 145.536 126.558 3
      vertex 149 124.558 0
      vertex 145.536 126.558 0
    endloop
  endfacet
  facet normal -0.500011 0.866019 0
    outer loop
      vertex 162.964 126.558 0
      vertex 159.5 124.558 3
      vertex 162.964 126.558 3
    endloop
  endfacet
  facet normal -0.500011 0.866019 0
    outer loop
      vertex 159.5 124.558 3
      vertex 162.964 126.558 0
      vertex 159.5 124.558 0
    endloop
  endfacet
  facet normal -1 0 0
    outer loop
      vertex 162.964 126.558 0
      vertex 162.964 130.558 3
      vertex 162.964 130.558 0
    endloop
  endfacet
  facet normal -1 -0 0
    outer loop
      vertex 162.964 130.558 3
      vertex 162.964 126.558 0
      vertex 162.964 126.558 3
    endloop
  endfacet
  facet normal 0.500011 -0.866019 0
    outer loop
      vertex 156.036 130.558 0
      vertex 159.5 132.558 3
      vertex 156.036 130.558 3
    endloop
  endfacet
  facet normal 0.500011 -0.866019 0
    outer loop
      vertex 159.5 132.558 3
      vertex 156.036 130.558 0
      vertex 159.5 132.558 0
    endloop
  endfacet
  facet normal -0.500011 -0.866019 0
    outer loop
      vertex 159.5 132.558 0
      vertex 162.964 130.558 3
      vertex 159.5 132.558 3
    endloop
  endfacet
  facet normal -0.500011 -0.866019 -0
    outer loop
      vertex 162.964 130.558 3
      vertex 159.5 132.558 0
      vertex 162.964 130.558 0
    endloop
  endfacet
  facet normal 1 -0 0
    outer loop
      vertex 156.036 126.558 3
      vertex 156.036 130.558 0
      vertex 156.036 130.558 3
    endloop
  endfacet
  facet normal 1 0 0
    outer loop
      vertex 156.036 130.558 0
      vertex 156.036 126.558 3
      vertex 156.036 126.558 0
    endloop
  endfacet
  facet normal 0.500011 0.866019 -0
    outer loop
      vertex 159.5 124.558 0
      vertex 156.036 126.558 3
      vertex 159.5 124.558 3
    endloop
  endfacet
  facet normal 0.500011 0.866019 0
    outer loop
      vertex 156.036 126.558 3
      vertex 159.5 124.558 0
      vertex 156.036 126.558 0
    endloop
  endfacet
  facet normal -0.500011 0.866019 0
    outer loop
      vertex 173.464 126.558 0
      vertex 170 124.558 3
      vertex 173.464 126.558 3
    endloop
  endfacet
  facet normal -0.500011 0.866019 0
    outer loop
      vertex 170 124.558 3
      vertex 173.464 126.558 0
      vertex 170 124.558 0
    endloop
  endfacet
  facet normal -1 0 0
    outer loop
      vertex 173.464 126.558 0
      vertex 173.464 130.558 3
      vertex 173.464 130.558 0
    endloop
  endfacet
  facet normal -1 -0 0
    outer loop
      vertex 173.464 130.558 3
      vertex 173.464 126.558 0
      vertex 173.464 126.558 3
    endloop
  endfacet
  facet normal 0.500011 -0.866019 0
    outer loop
      vertex 166.536 130.558 0
      vertex 170 132.558 3
      vertex 166.536 130.558 3
    endloop
  endfacet
  facet normal 0.500011 -0.866019 0
    outer loop
      vertex 170 132.558 3
      vertex 166.536 130.558 0
      vertex 170 132.558 0
    endloop
  endfacet
  facet normal -0.500011 -0.866019 0
    outer loop
      vertex 170 132.558 0
      vertex 173.464 130.558 3
      vertex 170 132.558 3
    endloop
  endfacet
  facet normal -0.500011 -0.866019 -0
    outer loop
      vertex 173.464 130.558 3
      vertex 170 132.558 0
      vertex 173.464 130.558 0
    endloop
  endfacet
  facet normal 1 -0 0
    outer loop
      vertex 166.536 126.558 3
      vertex 166.536 130.558 0
      vertex 166.536 130.558 3
    endloop
  endfacet
  facet normal 1 0 0
    outer loop
      vertex 166.536 130.558 0
      vertex 166.536 126.558 3
      vertex 166.536 126.558 0
    endloop
  endfacet
  facet normal 0.500011 0.866019 -0
    outer loop
      vertex 170 124.558 0
      vertex 166.536 126.558 3
      vertex 170 124.558 3
    endloop
  endfacet
  facet normal 0.500011 0.866019 0
    outer loop
      vertex 166.536 126.558 3
      vertex 170 124.558 0
      vertex 166.536 126.558 0
    endloop
  endfacet
  facet normal -0.500011 0.866019 0
    outer loop
      vertex 183.964 126.558 0
      vertex 180.5 124.558 3
      vertex 183.964 126.558 3
    endloop
  endfacet
  facet normal -0.500011 0.866019 0
    outer loop
      vertex 180.5 124.558 3
      vertex 183.964 126.558 0
      vertex 180.5 124.558 0
    endloop
  endfacet
  facet normal -1 0 0
    outer loop
      vertex 183.964 126.558 0
      vertex 183.964 130.558 3
      vertex 183.964 130.558 0
    endloop
  endfacet
  facet normal -1 -0 0
    outer loop
      vertex 183.964 130.558 3
      vertex 183.964 126.558 0
      vertex 183.964 126.558 3
    endloop
  endfacet
  facet normal 0.500011 -0.866019 0
    outer loop
      vertex 177.036 130.558 0
      vertex 180.5 132.558 3
      vertex 177.036 130.558 3
    endloop
  endfacet
  facet normal 0.500011 -0.866019 0
    outer loop
      vertex 180.5 132.558 3
      vertex 177.036 130.558 0
      vertex 180.5 132.558 0
    endloop
  endfacet
  facet normal -0.500011 -0.866019 0
    outer loop
      vertex 180.5 132.558 0
      vertex 183.964 130.558 3
      vertex 180.5 132.558 3
    endloop
  endfacet
  facet normal -0.500011 -0.866019 -0
    outer loop
      vertex 183.964 130.558 3
      vertex 180.5 132.558 0
      vertex 183.964 130.558 0
    endloop
  endfacet
  facet normal 1 -0 0
    outer loop
      vertex 177.036 126.558 3
      vertex 177.036 130.558 0
      vertex 177.036 130.558 3
    endloop
  endfacet
  facet normal 1 0 0
    outer loop
      vertex 177.036 130.558 0
      vertex 177.036 126.558 3
      vertex 177.036 126.558 0
    endloop
  endfacet
  facet normal 0.500011 0.866019 -0
    outer loop
      vertex 180.5 124.558 0
      vertex 177.036 126.558 3
      vertex 180.5 124.558 3
    endloop
  endfacet
  facet normal 0.500011 0.866019 0
    outer loop
      vertex 177.036 126.558 3
      vertex 180.5 124.558 0
      vertex 177.036 126.558 0
    endloop
  endfacet
  facet normal -0.500011 0.866019 0
    outer loop
      vertex 194.464 126.558 0
      vertex 191 124.558 3
      vertex 194.464 126.558 3
    endloop
  endfacet
  facet normal -0.500011 0.866019 0
    outer loop
      vertex 191 124.558 3
      vertex 194.464 126.558 0
      vertex 191 124.558 0
    endloop
  endfacet
  facet normal -1 0 0
    outer loop
      vertex 194.464 126.558 0
      vertex 194.464 130.558 3
      vertex 194.464 130.558 0
    endloop
  endfacet
  facet normal -1 -0 0
    outer loop
      vertex 194.464 130.558 3
      vertex 194.464 126.558 0
      vertex 194.464 126.558 3
    endloop
  endfacet
  facet normal 0.500011 -0.866019 0
    outer loop
      vertex 187.536 130.558 0
      vertex 191 132.558 3
      vertex 187.536 130.558 3
    endloop
  endfacet
  facet normal 0.500011 -0.866019 0
    outer loop
      vertex 191 132.558 3
      vertex 187.536 130.558 0
      vertex 191 132.558 0
    endloop
  endfacet
  facet normal -0.500011 -0.866019 0
    outer loop
      vertex 191 132.558 0
      vertex 194.464 130.558 3
      vertex 191 132.558 3
    endloop
  endfacet
  facet normal -0.500011 -0.866019 -0
    outer loop
      vertex 194.464 130.558 3
      vertex 191 132.558 0
      vertex 194.464 130.558 0
    endloop
  endfacet
  facet normal 1 -0 0
    outer loop
      vertex 187.536 126.558 3
      vertex 187.536 130.558 0
      vertex 187.536 130.558 3
    endloop
  endfacet
  facet normal 1 0 0
    outer loop
      vertex 187.536 130.558 0
      vertex 187.536 126.558 3
      vertex 187.536 126.558 0
    endloop
  endfacet
  facet normal 0.500011 0.866019 -0
    outer loop
      vertex 191 124.558 0
      vertex 187.536 126.558 3
      vertex 191 124.558 3
    endloop
  endfacet
  facet normal 0.500011 0.866019 0
    outer loop
      vertex 187.536 126.558 3
      vertex 191 124.558 0
      vertex 187.536 126.558 0
    endloop
  endfacet
  facet normal -0.500011 0.866019 0
    outer loop
      vertex 204.964 126.558 0
      vertex 201.5 124.558 3
      vertex 204.964 126.558 3
    endloop
  endfacet
  facet normal -0.500011 0.866019 0
    outer loop
      vertex 201.5 124.558 3
      vertex 204.964 126.558 0
      vertex 201.5 124.558 0
    endloop
  endfacet
  facet normal -1 0 0
    outer loop
      vertex 204.964 126.558 0
      vertex 204.964 130.558 3
      vertex 204.964 130.558 0
    endloop
  endfacet
  facet normal -1 -0 0
    outer loop
      vertex 204.964 130.558 3
      vertex 204.964 126.558 0
      vertex 204.964 126.558 3
    endloop
  endfacet
  facet normal 0.500011 -0.866019 0
    outer loop
      vertex 198.036 130.558 0
      vertex 201.5 132.558 3
      vertex 198.036 130.558 3
    endloop
  endfacet
  facet normal 0.500011 -0.866019 0
    outer loop
      vertex 201.5 132.558 3
      vertex 198.036 130.558 0
      vertex 201.5 132.558 0
    endloop
  endfacet
  facet normal -0.500011 -0.866019 0
    outer loop
      vertex 201.5 132.558 0
      vertex 204.964 130.558 3
      vertex 201.5 132.558 3
    endloop
  endfacet
  facet normal -0.500011 -0.866019 -0
    outer loop
      vertex 204.964 130.558 3
      vertex 201.5 132.558 0
      vertex 204.964 130.558 0
    endloop
  endfacet
  facet normal 1 -0 0
    outer loop
      vertex 198.036 126.558 3
      vertex 198.036 130.558 0
      vertex 198.036 130.558 3
    endloop
  endfacet
  facet normal 1 0 0
    outer loop
      vertex 198.036 130.558 0
      vertex 198.036 126.558 3
      vertex 198.036 126.558 0
    endloop
  endfacet
  facet normal 0.500011 0.866019 -0
    outer loop
      vertex 201.5 124.558 0
      vertex 198.036 126.558 3
      vertex 201.5 124.558 3
    endloop
  endfacet
  facet normal 0.500011 0.866019 0
    outer loop
      vertex 198.036 126.558 3
      vertex 201.5 124.558 0
      vertex 198.036 126.558 0
    endloop
  endfacet
  facet normal -0.500011 0.866019 0
    outer loop
      vertex 215.464 126.558 0
      vertex 212 124.558 3
      vertex 215.464 126.558 3
    endloop
  endfacet
  facet normal -0.500011 0.866019 0
    outer loop
      vertex 212 124.558 3
      vertex 215.464 126.558 0
      vertex 212 124.558 0
    endloop
  endfacet
  facet normal -1 0 0
    outer loop
      vertex 215.464 126.558 0
      vertex 215.464 130.558 3
      vertex 215.464 130.558 0
    endloop
  endfacet
  facet normal -1 -0 0
    outer loop
      vertex 215.464 130.558 3
      vertex 215.464 126.558 0
      vertex 215.464 126.558 3
    endloop
  endfacet
  facet normal 0.500011 -0.866019 0
    outer loop
      vertex 208.536 130.558 0
      vertex 212 132.558 3
      vertex 208.536 130.558 3
    endloop
  endfacet
  facet normal 0.500011 -0.866019 0
    outer loop
      vertex 212 132.558 3
      vertex 208.536 130.558 0
      vertex 212 132.558 0
    endloop
  endfacet
  facet normal -0.500011 -0.866019 0
    outer loop
      vertex 212 132.558 0
      vertex 215.464 130.558 3
      vertex 212 132.558 3
    endloop
  endfacet
  facet normal -0.500011 -0.866019 -0
    outer loop
      vertex 215.464 130.558 3
      vertex 212 132.558 0
      vertex 215.464 130.558 0
    endloop
  endfacet
  facet normal 1 -0 0
    outer loop
      vertex 208.536 126.558 3
      vertex 208.536 130.558 0
      vertex 208.536 130.558 3
    endloop
  endfacet
  facet normal 1 0 0
    outer loop
      vertex 208.536 130.558 0
      vertex 208.536 126.558 3
      vertex 208.536 126.558 0
    endloop
  endfacet
  facet normal 0.500011 0.866019 -0
    outer loop
      vertex 212 124.558 0
      vertex 208.536 126.558 3
      vertex 212 124.558 3
    endloop
  endfacet
  facet normal 0.500011 0.866019 0
    outer loop
      vertex 208.536 126.558 3
      vertex 212 124.558 0
      vertex 208.536 126.558 0
    endloop
  endfacet
  facet normal -0.50118 0.865343 0
    outer loop
      vertex 84.2141 135.651 0
      vertex 84 135.527 3
      vertex 84.2141 135.651 3
    endloop
  endfacet
  facet normal -0.50118 0.865343 0
    outer loop
      vertex 84 135.527 3
      vertex 84.2141 135.651 0
      vertex 84 135.527 0
    endloop
  endfacet
  facet normal -1 0 0
    outer loop
      vertex 84.2141 135.651 0
      vertex 84.2141 136 3
      vertex 84.2141 136 0
    endloop
  endfacet
  facet normal -1 -0 0
    outer loop
      vertex 84.2141 136 3
      vertex 84.2141 135.651 0
      vertex 84.2141 135.651 3
    endloop
  endfacet
  facet normal -0.5 0.866025 0
    outer loop
      vertex 94.7141 135.651 0
      vertex 91.25 133.651 3
      vertex 94.7141 135.651 3
    endloop
  endfacet
  facet normal -0.5 0.866025 0
    outer loop
      vertex 91.25 133.651 3
      vertex 94.7141 135.651 0
      vertex 91.25 133.651 0
    endloop
  endfacet
  facet normal -1 0 0
    outer loop
      vertex 94.7141 135.651 0
      vertex 94.7141 136 3
      vertex 94.7141 136 0
    endloop
  endfacet
  facet normal -1 -0 0
    outer loop
      vertex 94.7141 136 3
      vertex 94.7141 135.651 0
      vertex 94.7141 135.651 3
    endloop
  endfacet
  facet normal 1 -0 0
    outer loop
      vertex 87.7859 135.651 3
      vertex 87.7859 136 0
      vertex 87.7859 136 3
    endloop
  endfacet
  facet normal 1 0 0
    outer loop
      vertex 87.7859 136 0
      vertex 87.7859 135.651 3
      vertex 87.7859 135.651 0
    endloop
  endfacet
  facet normal 0.5 0.866025 -0
    outer loop
      vertex 91.25 133.651 0
      vertex 87.7859 135.651 3
      vertex 91.25 133.651 3
    endloop
  endfacet
  facet normal 0.5 0.866025 0
    outer loop
      vertex 87.7859 135.651 3
      vertex 91.25 133.651 0
      vertex 87.7859 135.651 0
    endloop
  endfacet
  facet normal -0.500011 0.866019 0
    outer loop
      vertex 105.214 135.651 0
      vertex 101.75 133.651 3
      vertex 105.214 135.651 3
    endloop
  endfacet
  facet normal -0.500011 0.866019 0
    outer loop
      vertex 101.75 133.651 3
      vertex 105.214 135.651 0
      vertex 101.75 133.651 0
    endloop
  endfacet
  facet normal -1 0 0
    outer loop
      vertex 105.214 135.651 0
      vertex 105.214 136 3
      vertex 105.214 136 0
    endloop
  endfacet
  facet normal -1 -0 0
    outer loop
      vertex 105.214 136 3
      vertex 105.214 135.651 0
      vertex 105.214 135.651 3
    endloop
  endfacet
  facet normal 1 -0 0
    outer loop
      vertex 98.2859 135.651 3
      vertex 98.2859 136 0
      vertex 98.2859 136 3
    endloop
  endfacet
  facet normal 1 0 0
    outer loop
      vertex 98.2859 136 0
      vertex 98.2859 135.651 3
      vertex 98.2859 135.651 0
    endloop
  endfacet
  facet normal 0.5 0.866025 -0
    outer loop
      vertex 101.75 133.651 0
      vertex 98.2859 135.651 3
      vertex 101.75 133.651 3
    endloop
  endfacet
  facet normal 0.5 0.866025 0
    outer loop
      vertex 98.2859 135.651 3
      vertex 101.75 133.651 0
      vertex 98.2859 135.651 0
    endloop
  endfacet
  facet normal -0.500011 0.866019 0
    outer loop
      vertex 115.714 135.651 0
      vertex 112.25 133.651 3
      vertex 115.714 135.651 3
    endloop
  endfacet
  facet normal -0.500011 0.866019 0
    outer loop
      vertex 112.25 133.651 3
      vertex 115.714 135.651 0
      vertex 112.25 133.651 0
    endloop
  endfacet
  facet normal -1 0 0
    outer loop
      vertex 115.714 135.651 0
      vertex 115.714 136 3
      vertex 115.714 136 0
    endloop
  endfacet
  facet normal -1 -0 0
    outer loop
      vertex 115.714 136 3
      vertex 115.714 135.651 0
      vertex 115.714 135.651 3
    endloop
  endfacet
  facet normal 1 -0 0
    outer loop
      vertex 108.786 135.651 3
      vertex 108.786 136 0
      vertex 108.786 136 3
    endloop
  endfacet
  facet normal 1 0 0
    outer loop
      vertex 108.786 136 0
      vertex 108.786 135.651 3
      vertex 108.786 135.651 0
    endloop
  endfacet
  facet normal 0.500011 0.866019 -0
    outer loop
      vertex 112.25 133.651 0
      vertex 108.786 135.651 3
      vertex 112.25 133.651 3
    endloop
  endfacet
  facet normal 0.500011 0.866019 0
    outer loop
      vertex 108.786 135.651 3
      vertex 112.25 133.651 0
      vertex 108.786 135.651 0
    endloop
  endfacet
  facet normal -0.500011 0.866019 0
    outer loop
      vertex 126.214 135.651 0
      vertex 122.75 133.651 3
      vertex 126.214 135.651 3
    endloop
  endfacet
  facet normal -0.500011 0.866019 0
    outer loop
      vertex 122.75 133.651 3
      vertex 126.214 135.651 0
      vertex 122.75 133.651 0
    endloop
  endfacet
  facet normal -1 0 0
    outer loop
      vertex 126.214 135.651 0
      vertex 126.214 136 3
      vertex 126.214 136 0
    endloop
  endfacet
  facet normal -1 -0 0
    outer loop
      vertex 126.214 136 3
      vertex 126.214 135.651 0
      vertex 126.214 135.651 3
    endloop
  endfacet
  facet normal 1 -0 0
    outer loop
      vertex 119.286 135.651 3
      vertex 119.286 136 0
      vertex 119.286 136 3
    endloop
  endfacet
  facet normal 1 0 0
    outer loop
      vertex 119.286 136 0
      vertex 119.286 135.651 3
      vertex 119.286 135.651 0
    endloop
  endfacet
  facet normal 0.500011 0.866019 -0
    outer loop
      vertex 122.75 133.651 0
      vertex 119.286 135.651 3
      vertex 122.75 133.651 3
    endloop
  endfacet
  facet normal 0.500011 0.866019 0
    outer loop
      vertex 119.286 135.651 3
      vertex 122.75 133.651 0
      vertex 119.286 135.651 0
    endloop
  endfacet
  facet normal -0.500011 0.866019 0
    outer loop
      vertex 136.714 135.651 0
      vertex 133.25 133.651 3
      vertex 136.714 135.651 3
    endloop
  endfacet
  facet normal -0.500011 0.866019 0
    outer loop
      vertex 133.25 133.651 3
      vertex 136.714 135.651 0
      vertex 133.25 133.651 0
    endloop
  endfacet
  facet normal -1 0 0
    outer loop
      vertex 136.714 135.651 0
      vertex 136.714 136 3
      vertex 136.714 136 0
    endloop
  endfacet
  facet normal -1 -0 0
    outer loop
      vertex 136.714 136 3
      vertex 136.714 135.651 0
      vertex 136.714 135.651 3
    endloop
  endfacet
  facet normal 1 -0 0
    outer loop
      vertex 129.786 135.651 3
      vertex 129.786 136 0
      vertex 129.786 136 3
    endloop
  endfacet
  facet normal 1 0 0
    outer loop
      vertex 129.786 136 0
      vertex 129.786 135.651 3
      vertex 129.786 135.651 0
    endloop
  endfacet
  facet normal 0.500011 0.866019 -0
    outer loop
      vertex 133.25 133.651 0
      vertex 129.786 135.651 3
      vertex 133.25 133.651 3
    endloop
  endfacet
  facet normal 0.500011 0.866019 0
    outer loop
      vertex 129.786 135.651 3
      vertex 133.25 133.651 0
      vertex 129.786 135.651 0
    endloop
  endfacet
  facet normal -0.500171 0.865927 0
    outer loop
      vertex 147.214 135.651 2.95
      vertex 147.214 135.651 0
      vertex 145.32 134.557 2.95
    endloop
  endfacet
  facet normal -0.499818 0.86613 0
    outer loop
      vertex 145.32 134.557 2.95
      vertex 143.75 133.651 3
      vertex 145.32 134.557 3
    endloop
  endfacet
  facet normal -0.500011 0.866019 0.000136952
    outer loop
      vertex 143.75 133.651 0
      vertex 145.32 134.557 2.95
      vertex 147.214 135.651 0
    endloop
  endfacet
  facet normal -0.499818 0.86613 0
    outer loop
      vertex 145.32 134.557 2.95
      vertex 143.75 133.651 0
      vertex 143.75 133.651 3
    endloop
  endfacet
  facet normal -1 0 0
    outer loop
      vertex 147.214 135.651 0
      vertex 147.214 136 2.95
      vertex 147.214 136 0
    endloop
  endfacet
  facet normal -1 -0 0
    outer loop
      vertex 147.214 136 2.95
      vertex 147.214 135.651 0
      vertex 147.214 135.651 2.95
    endloop
  endfacet
  facet normal 1 -0 0
    outer loop
      vertex 140.286 135.651 3
      vertex 140.286 136 0
      vertex 140.286 136 3
    endloop
  endfacet
  facet normal 1 0 0
    outer loop
      vertex 140.286 136 0
      vertex 140.286 135.651 3
      vertex 140.286 135.651 0
    endloop
  endfacet
  facet normal 0.500011 0.866019 -0
    outer loop
      vertex 143.75 133.651 0
      vertex 140.286 135.651 3
      vertex 143.75 133.651 3
    endloop
  endfacet
  facet normal 0.500011 0.866019 0
    outer loop
      vertex 140.286 135.651 3
      vertex 143.75 133.651 0
      vertex 140.286 135.651 0
    endloop
  endfacet
  facet normal -0.500011 0.866019 0
    outer loop
      vertex 157.714 135.651 0
      vertex 154.25 133.651 3
      vertex 157.714 135.651 3
    endloop
  endfacet
  facet normal -0.500011 0.866019 0
    outer loop
      vertex 154.25 133.651 3
      vertex 157.714 135.651 0
      vertex 154.25 133.651 0
    endloop
  endfacet
  facet normal -1 0 0
    outer loop
      vertex 157.714 135.651 0
      vertex 157.714 136 3
      vertex 157.714 136 0
    endloop
  endfacet
  facet normal -1 -0 0
    outer loop
      vertex 157.714 136 3
      vertex 157.714 135.651 0
      vertex 157.714 135.651 3
    endloop
  endfacet
  facet normal 1 -0 0
    outer loop
      vertex 150.786 135.651 2.95
      vertex 150.786 136 0
      vertex 150.786 136 2.95
    endloop
  endfacet
  facet normal 1 0 0
    outer loop
      vertex 150.786 136 0
      vertex 150.786 135.651 2.95
      vertex 150.786 135.651 0
    endloop
  endfacet
  facet normal 0.499818 0.86613 0
    outer loop
      vertex 154.25 133.651 3
      vertex 152.68 134.557 2.95
      vertex 152.68 134.557 3
    endloop
  endfacet
  facet normal 0.499818 0.86613 -0
    outer loop
      vertex 154.25 133.651 0
      vertex 152.68 134.557 2.95
      vertex 154.25 133.651 3
    endloop
  endfacet
  facet normal 0.500011 0.866019 0.000136952
    outer loop
      vertex 150.786 135.651 0
      vertex 152.68 134.557 2.95
      vertex 154.25 133.651 0
    endloop
  endfacet
  facet normal 0.500171 0.865927 0
    outer loop
      vertex 152.68 134.557 2.95
      vertex 150.786 135.651 0
      vertex 150.786 135.651 2.95
    endloop
  endfacet
  facet normal -0.500011 0.866019 0
    outer loop
      vertex 168.214 135.651 0
      vertex 164.75 133.651 3
      vertex 168.214 135.651 3
    endloop
  endfacet
  facet normal -0.500011 0.866019 0
    outer loop
      vertex 164.75 133.651 3
      vertex 168.214 135.651 0
      vertex 164.75 133.651 0
    endloop
  endfacet
  facet normal -1 0 0
    outer loop
      vertex 168.214 135.651 0
      vertex 168.214 136 3
      vertex 168.214 136 0
    endloop
  endfacet
  facet normal -1 -0 0
    outer loop
      vertex 168.214 136 3
      vertex 168.214 135.651 0
      vertex 168.214 135.651 3
    endloop
  endfacet
  facet normal 1 -0 0
    outer loop
      vertex 161.286 135.651 3
      vertex 161.286 136 0
      vertex 161.286 136 3
    endloop
  endfacet
  facet normal 1 0 0
    outer loop
      vertex 161.286 136 0
      vertex 161.286 135.651 3
      vertex 161.286 135.651 0
    endloop
  endfacet
  facet normal 0.500011 0.866019 -0
    outer loop
      vertex 164.75 133.651 0
      vertex 161.286 135.651 3
      vertex 164.75 133.651 3
    endloop
  endfacet
  facet normal 0.500011 0.866019 0
    outer loop
      vertex 161.286 135.651 3
      vertex 164.75 133.651 0
      vertex 161.286 135.651 0
    endloop
  endfacet
  facet normal -0.500011 0.866019 0
    outer loop
      vertex 178.714 135.651 0
      vertex 175.25 133.651 3
      vertex 178.714 135.651 3
    endloop
  endfacet
  facet normal -0.500011 0.866019 0
    outer loop
      vertex 175.25 133.651 3
      vertex 178.714 135.651 0
      vertex 175.25 133.651 0
    endloop
  endfacet
  facet normal -1 0 0
    outer loop
      vertex 178.714 135.651 0
      vertex 178.714 136 3
      vertex 178.714 136 0
    endloop
  endfacet
  facet normal -1 -0 0
    outer loop
      vertex 178.714 136 3
      vertex 178.714 135.651 0
      vertex 178.714 135.651 3
    endloop
  endfacet
  facet normal 1 -0 0
    outer loop
      vertex 171.786 135.651 3
      vertex 171.786 136 0
      vertex 171.786 136 3
    endloop
  endfacet
  facet normal 1 0 0
    outer loop
      vertex 171.786 136 0
      vertex 171.786 135.651 3
      vertex 171.786 135.651 0
    endloop
  endfacet
  facet normal 0.500011 0.866019 -0
    outer loop
      vertex 175.25 133.651 0
      vertex 171.786 135.651 3
      vertex 175.25 133.651 3
    endloop
  endfacet
  facet normal 0.500011 0.866019 0
    outer loop
      vertex 171.786 135.651 3
      vertex 175.25 133.651 0
      vertex 171.786 135.651 0
    endloop
  endfacet
  facet normal -0.500011 0.866019 0
    outer loop
      vertex 189.214 135.651 0
      vertex 185.75 133.651 3
      vertex 189.214 135.651 3
    endloop
  endfacet
  facet normal -0.500011 0.866019 0
    outer loop
      vertex 185.75 133.651 3
      vertex 189.214 135.651 0
      vertex 185.75 133.651 0
    endloop
  endfacet
  facet normal -1 0 0
    outer loop
      vertex 189.214 135.651 0
      vertex 189.214 136 3
      vertex 189.214 136 0
    endloop
  endfacet
  facet normal -1 -0 0
    outer loop
      vertex 189.214 136 3
      vertex 189.214 135.651 0
      vertex 189.214 135.651 3
    endloop
  endfacet
  facet normal 1 -0 0
    outer loop
      vertex 182.286 135.651 3
      vertex 182.286 136 0
      vertex 182.286 136 3
    endloop
  endfacet
  facet normal 1 0 0
    outer loop
      vertex 182.286 136 0
      vertex 182.286 135.651 3
      vertex 182.286 135.651 0
    endloop
  endfacet
  facet normal 0.500011 0.866019 -0
    outer loop
      vertex 185.75 133.651 0
      vertex 182.286 135.651 3
      vertex 185.75 133.651 3
    endloop
  endfacet
  facet normal 0.500011 0.866019 0
    outer loop
      vertex 182.286 135.651 3
      vertex 185.75 133.651 0
      vertex 182.286 135.651 0
    endloop
  endfacet
  facet normal -0.500011 0.866019 0
    outer loop
      vertex 199.714 135.651 0
      vertex 196.25 133.651 3
      vertex 199.714 135.651 3
    endloop
  endfacet
  facet normal -0.500011 0.866019 0
    outer loop
      vertex 196.25 133.651 3
      vertex 199.714 135.651 0
      vertex 196.25 133.651 0
    endloop
  endfacet
  facet normal -1 0 0
    outer loop
      vertex 199.714 135.651 0
      vertex 199.714 136 3
      vertex 199.714 136 0
    endloop
  endfacet
  facet normal -1 -0 0
    outer loop
      vertex 199.714 136 3
      vertex 199.714 135.651 0
      vertex 199.714 135.651 3
    endloop
  endfacet
  facet normal 1 -0 0
    outer loop
      vertex 192.786 135.651 3
      vertex 192.786 136 0
      vertex 192.786 136 3
    endloop
  endfacet
  facet normal 1 0 0
    outer loop
      vertex 192.786 136 0
      vertex 192.786 135.651 3
      vertex 192.786 135.651 0
    endloop
  endfacet
  facet normal 0.500011 0.866019 -0
    outer loop
      vertex 196.25 133.651 0
      vertex 192.786 135.651 3
      vertex 196.25 133.651 3
    endloop
  endfacet
  facet normal 0.500011 0.866019 0
    outer loop
      vertex 192.786 135.651 3
      vertex 196.25 133.651 0
      vertex 192.786 135.651 0
    endloop
  endfacet
  facet normal -0.500011 0.866019 0
    outer loop
      vertex 210.214 135.651 0
      vertex 206.75 133.651 3
      vertex 210.214 135.651 3
    endloop
  endfacet
  facet normal -0.500011 0.866019 0
    outer loop
      vertex 206.75 133.651 3
      vertex 210.214 135.651 0
      vertex 206.75 133.651 0
    endloop
  endfacet
  facet normal -1 0 0
    outer loop
      vertex 210.214 135.651 0
      vertex 210.214 136 3
      vertex 210.214 136 0
    endloop
  endfacet
  facet normal -1 -0 0
    outer loop
      vertex 210.214 136 3
      vertex 210.214 135.651 0
      vertex 210.214 135.651 3
    endloop
  endfacet
  facet normal 1 -0 0
    outer loop
      vertex 203.286 135.651 3
      vertex 203.286 136 0
      vertex 203.286 136 3
    endloop
  endfacet
  facet normal 1 0 0
    outer loop
      vertex 203.286 136 0
      vertex 203.286 135.651 3
      vertex 203.286 135.651 0
    endloop
  endfacet
  facet normal 0.500011 0.866019 -0
    outer loop
      vertex 206.75 133.651 0
      vertex 203.286 135.651 3
      vertex 206.75 133.651 3
    endloop
  endfacet
  facet normal 0.500011 0.866019 0
    outer loop
      vertex 203.286 135.651 3
      vertex 206.75 133.651 0
      vertex 203.286 135.651 0
    endloop
  endfacet
  facet normal 1 -0 0
    outer loop
      vertex 213.786 135.651 3
      vertex 213.786 136 0
      vertex 213.786 136 3
    endloop
  endfacet
  facet normal 1 0 0
    outer loop
      vertex 213.786 136 0
      vertex 213.786 135.651 3
      vertex 213.786 135.651 0
    endloop
  endfacet
  facet normal 0.499984 0.866035 -0
    outer loop
      vertex 215.7 134.546 0
      vertex 213.786 135.651 3
      vertex 215.7 134.546 3
    endloop
  endfacet
  facet normal 0.499984 0.866035 0
    outer loop
      vertex 213.786 135.651 3
      vertex 215.7 134.546 0
      vertex 213.786 135.651 0
    endloop
  endfacet
  facet normal 0 -1 0
    outer loop
      vertex 84 136 0
      vertex 84.2141 136 3
      vertex 84 136 3
    endloop
  endfacet
  facet normal 0 -1 -0
    outer loop
      vertex 84.2141 136 3
      vertex 84 136 0
      vertex 84.2141 136 0
    endloop
  endfacet
  facet normal 0 -1 0
    outer loop
      vertex 87.7859 136 0
      vertex 94.7141 136 3
      vertex 87.7859 136 3
    endloop
  endfacet
  facet normal 0 -1 -0
    outer loop
      vertex 94.7141 136 3
      vertex 87.7859 136 0
      vertex 94.7141 136 0
    endloop
  endfacet
  facet normal 0 -1 0
    outer loop
      vertex 98.2859 136 0
      vertex 105.214 136 3
      vertex 98.2859 136 3
    endloop
  endfacet
  facet normal 0 -1 -0
    outer loop
      vertex 105.214 136 3
      vertex 98.2859 136 0
      vertex 105.214 136 0
    endloop
  endfacet
  facet normal 0 -1 0
    outer loop
      vertex 108.786 136 0
      vertex 115.714 136 3
      vertex 108.786 136 3
    endloop
  endfacet
  facet normal 0 -1 -0
    outer loop
      vertex 115.714 136 3
      vertex 108.786 136 0
      vertex 115.714 136 0
    endloop
  endfacet
  facet normal 0 -1 0
    outer loop
      vertex 119.286 136 0
      vertex 126.214 136 3
      vertex 119.286 136 3
    endloop
  endfacet
  facet normal 0 -1 -0
    outer loop
      vertex 126.214 136 3
      vertex 119.286 136 0
      vertex 126.214 136 0
    endloop
  endfacet
  facet normal 0 -1 0
    outer loop
      vertex 129.786 136 0
      vertex 136.714 136 3
      vertex 129.786 136 3
    endloop
  endfacet
  facet normal 0 -1 -0
    outer loop
      vertex 136.714 136 3
      vertex 129.786 136 0
      vertex 136.714 136 0
    endloop
  endfacet
  facet normal 0 -1 0
    outer loop
      vertex 140.286 136 3
      vertex 146.359 136 2.95
      vertex 146.359 136 3
    endloop
  endfacet
  facet normal 0 -1 0
    outer loop
      vertex 140.286 136 0
      vertex 146.359 136 2.95
      vertex 140.286 136 3
    endloop
  endfacet
  facet normal 0 -1 0
    outer loop
      vertex 147.214 136 0
      vertex 146.359 136 2.95
      vertex 140.286 136 0
    endloop
  endfacet
  facet normal 0 -1 0
    outer loop
      vertex 146.359 136 2.95
      vertex 147.214 136 0
      vertex 147.214 136 2.95
    endloop
  endfacet
  facet normal 0 -1 0
    outer loop
      vertex 150.786 136 2.95
      vertex 150.786 136 0
      vertex 151.641 136 2.95
    endloop
  endfacet
  facet normal 0 -1 0
    outer loop
      vertex 151.641 136 2.95
      vertex 157.714 136 3
      vertex 151.641 136 3
    endloop
  endfacet
  facet normal 0 -1 0
    outer loop
      vertex 157.714 136 0
      vertex 151.641 136 2.95
      vertex 150.786 136 0
    endloop
  endfacet
  facet normal 0 -1 0
    outer loop
      vertex 151.641 136 2.95
      vertex 157.714 136 0
      vertex 157.714 136 3
    endloop
  endfacet
  facet normal 0 -1 0
    outer loop
      vertex 161.286 136 0
      vertex 168.214 136 3
      vertex 161.286 136 3
    endloop
  endfacet
  facet normal 0 -1 -0
    outer loop
      vertex 168.214 136 3
      vertex 161.286 136 0
      vertex 168.214 136 0
    endloop
  endfacet
  facet normal 0 -1 0
    outer loop
      vertex 171.786 136 0
      vertex 178.714 136 3
      vertex 171.786 136 3
    endloop
  endfacet
  facet normal 0 -1 -0
    outer loop
      vertex 178.714 136 3
      vertex 171.786 136 0
      vertex 178.714 136 0
    endloop
  endfacet
  facet normal 0 -1 0
    outer loop
      vertex 182.286 136 0
      vertex 189.214 136 3
      vertex 182.286 136 3
    endloop
  endfacet
  facet normal 0 -1 -0
    outer loop
      vertex 189.214 136 3
      vertex 182.286 136 0
      vertex 189.214 136 0
    endloop
  endfacet
  facet normal 0 -1 0
    outer loop
      vertex 192.786 136 0
      vertex 199.714 136 3
      vertex 192.786 136 3
    endloop
  endfacet
  facet normal 0 -1 -0
    outer loop
      vertex 199.714 136 3
      vertex 192.786 136 0
      vertex 199.714 136 0
    endloop
  endfacet
  facet normal 0 -1 0
    outer loop
      vertex 203.286 136 0
      vertex 210.214 136 3
      vertex 203.286 136 3
    endloop
  endfacet
  facet normal 0 -1 -0
    outer loop
      vertex 210.214 136 3
      vertex 203.286 136 0
      vertex 210.214 136 0
    endloop
  endfacet
  facet normal 0 -1 0
    outer loop
      vertex 213.786 136 0
      vertex 215.7 136 3
      vertex 213.786 136 3
    endloop
  endfacet
  facet normal 0 -1 -0
    outer loop
      vertex 215.7 136 3
      vertex 213.786 136 0
      vertex 215.7 136 0
    endloop
  endfacet
  facet normal 0 1 -0
    outer loop
      vertex 91.8545 14 0
      vertex 90.6455 14 3
      vertex 91.8545 14 3
    endloop
  endfacet
  facet normal 0 1 0
    outer loop
      vertex 90.6455 14 3
      vertex 91.8545 14 0
      vertex 90.6455 14 0
    endloop
  endfacet
  facet normal 0 1 -0
    outer loop
      vertex 102.354 14 0
      vertex 101.146 14 3
      vertex 102.354 14 3
    endloop
  endfacet
  facet normal 0 1 0
    outer loop
      vertex 101.146 14 3
      vertex 102.354 14 0
      vertex 101.146 14 0
    endloop
  endfacet
  facet normal 0 1 -0
    outer loop
      vertex 112.854 14 0
      vertex 111.646 14 3
      vertex 112.854 14 3
    endloop
  endfacet
  facet normal 0 1 0
    outer loop
      vertex 111.646 14 3
      vertex 112.854 14 0
      vertex 111.646 14 0
    endloop
  endfacet
  facet normal 0 1 -0
    outer loop
      vertex 123.354 14 0
      vertex 122.146 14 3
      vertex 123.354 14 3
    endloop
  endfacet
  facet normal 0 1 0
    outer loop
      vertex 122.146 14 3
      vertex 123.354 14 0
      vertex 122.146 14 0
    endloop
  endfacet
  facet normal 0 1 -0
    outer loop
      vertex 133.854 14 0
      vertex 132.646 14 3
      vertex 133.854 14 3
    endloop
  endfacet
  facet normal 0 1 0
    outer loop
      vertex 132.646 14 3
      vertex 133.854 14 0
      vertex 132.646 14 0
    endloop
  endfacet
  facet normal 0 1 -0
    outer loop
      vertex 144.354 14 0
      vertex 143.146 14 3
      vertex 144.354 14 3
    endloop
  endfacet
  facet normal 0 1 0
    outer loop
      vertex 143.146 14 3
      vertex 144.354 14 0
      vertex 143.146 14 0
    endloop
  endfacet
  facet normal 0 1 -0
    outer loop
      vertex 154.854 14 0
      vertex 153.646 14 3
      vertex 154.854 14 3
    endloop
  endfacet
  facet normal 0 1 0
    outer loop
      vertex 153.646 14 3
      vertex 154.854 14 0
      vertex 153.646 14 0
    endloop
  endfacet
  facet normal 0 1 -0
    outer loop
      vertex 165.354 14 0
      vertex 164.146 14 3
      vertex 165.354 14 3
    endloop
  endfacet
  facet normal 0 1 0
    outer loop
      vertex 164.146 14 3
      vertex 165.354 14 0
      vertex 164.146 14 0
    endloop
  endfacet
  facet normal 0 1 -0
    outer loop
      vertex 175.854 14 0
      vertex 174.646 14 3
      vertex 175.854 14 3
    endloop
  endfacet
  facet normal 0 1 0
    outer loop
      vertex 174.646 14 3
      vertex 175.854 14 0
      vertex 174.646 14 0
    endloop
  endfacet
  facet normal 0 1 -0
    outer loop
      vertex 186.354 14 0
      vertex 185.146 14 3
      vertex 186.354 14 3
    endloop
  endfacet
  facet normal 0 1 0
    outer loop
      vertex 185.146 14 3
      vertex 186.354 14 0
      vertex 185.146 14 0
    endloop
  endfacet
  facet normal 0 1 -0
    outer loop
      vertex 196.854 14 0
      vertex 195.646 14 3
      vertex 196.854 14 3
    endloop
  endfacet
  facet normal 0 1 0
    outer loop
      vertex 195.646 14 3
      vertex 196.854 14 0
      vertex 195.646 14 0
    endloop
  endfacet
  facet normal 0 1 -0
    outer loop
      vertex 207.354 14 0
      vertex 206.146 14 3
      vertex 207.354 14 3
    endloop
  endfacet
  facet normal 0 1 0
    outer loop
      vertex 206.146 14 3
      vertex 207.354 14 0
      vertex 206.146 14 0
    endloop
  endfacet
  facet normal 0 1 -0
    outer loop
      vertex 215.7 143 0
      vertex 84 143 0.599999
      vertex 215.7 143 0.599999
    endloop
  endfacet
  facet normal 0 1 0
    outer loop
      vertex 84 143 0.599999
      vertex 215.7 143 0
      vertex 84 143 0
    endloop
  endfacet
  facet normal 0 -0.624695 0.780869
    outer loop
      vertex 84 10 3
      vertex 215.7 7 0.599999
      vertex 215.7 10 3
    endloop
  endfacet
  facet normal 0 -0.624695 0.780869
    outer loop
      vertex 215.7 7 0.599999
      vertex 84 10 3
      vertex 84 7 0.599999
    endloop
  endfacet
  facet normal 0 -1 0
    outer loop
      vertex 84 7 0
      vertex 215.7 7 0.599999
      vertex 84 7 0.599999
    endloop
  endfacet
  facet normal 0 -1 -0
    outer loop
      vertex 215.7 7 0.599999
      vertex 84 7 0
      vertex 215.7 7 0
    endloop
  endfacet
  facet normal -0 0.624695 0.780869
    outer loop
      vertex 84 143 0.599999
      vertex 215.7 140 3
      vertex 215.7 143 0.599999
    endloop
  endfacet
  facet normal 0 0.624695 0.780869
    outer loop
      vertex 215.7 140 3
      vertex 84 143 0.599999
      vertex 84 140 3
    endloop
  endfacet
  facet normal 0 0 -1
    outer loop
      vertex 215.7 7 0
      vertex 215.464 17.442 0
      vertex 215.7 25.4299 0
    endloop
  endfacet
  facet normal 0 0 -1
    outer loop
      vertex 215.7 7 0
      vertex 212 15.442 0
      vertex 215.464 17.442 0
    endloop
  endfacet
  facet normal 0 0 -1
    outer loop
      vertex 207.354 14 0
      vertex 212 15.442 0
      vertex 215.7 7 0
    endloop
  endfacet
  facet normal 0 0 -1
    outer loop
      vertex 206.75 14.349 0
      vertex 208.536 17.442 0
      vertex 207.354 14 0
    endloop
  endfacet
  facet normal -0 0 -1
    outer loop
      vertex 212 15.442 0
      vertex 207.354 14 0
      vertex 208.536 17.442 0
    endloop
  endfacet
  facet normal 0 0 -1
    outer loop
      vertex 215.7 7 0
      vertex 206.146 14 0
      vertex 207.354 14 0
    endloop
  endfacet
  facet normal 0 0 -1
    outer loop
      vertex 206.146 14 0
      vertex 201.5 15.442 0
      vertex 204.964 17.442 0
    endloop
  endfacet
  facet normal 0 0 -1
    outer loop
      vertex 196.854 14 0
      vertex 206.146 14 0
      vertex 215.7 7 0
    endloop
  endfacet
  facet normal 0 0 -1
    outer loop
      vertex 206.146 14 0
      vertex 196.854 14 0
      vertex 201.5 15.442 0
    endloop
  endfacet
  facet normal 0 0 -1
    outer loop
      vertex 196.25 14.349 0
      vertex 198.036 17.442 0
      vertex 196.854 14 0
    endloop
  endfacet
  facet normal -0 0 -1
    outer loop
      vertex 201.5 15.442 0
      vertex 196.854 14 0
      vertex 198.036 17.442 0
    endloop
  endfacet
  facet normal 0 0 -1
    outer loop
      vertex 215.7 7 0
      vertex 195.646 14 0
      vertex 196.854 14 0
    endloop
  endfacet
  facet normal 0 0 -1
    outer loop
      vertex 195.646 14 0
      vertex 191 15.442 0
      vertex 194.464 17.442 0
    endloop
  endfacet
  facet normal 0 0 -1
    outer loop
      vertex 186.354 14 0
      vertex 195.646 14 0
      vertex 215.7 7 0
    endloop
  endfacet
  facet normal 0 0 -1
    outer loop
      vertex 185.75 14.349 0
      vertex 187.536 17.442 0
      vertex 186.354 14 0
    endloop
  endfacet
  facet normal -0 0 -1
    outer loop
      vertex 191 15.442 0
      vertex 186.354 14 0
      vertex 187.536 17.442 0
    endloop
  endfacet
  facet normal 0 0 -1
    outer loop
      vertex 195.646 14 0
      vertex 186.354 14 0
      vertex 191 15.442 0
    endloop
  endfacet
  facet normal 0 0 -1
    outer loop
      vertex 215.7 7 0
      vertex 185.146 14 0
      vertex 186.354 14 0
    endloop
  endfacet
  facet normal 0 0 -1
    outer loop
      vertex 185.146 14 0
      vertex 180.5 15.442 0
      vertex 183.964 17.442 0
    endloop
  endfacet
  facet normal 0 0 -1
    outer loop
      vertex 175.25 14.349 0
      vertex 177.036 17.442 0
      vertex 175.854 14 0
    endloop
  endfacet
  facet normal -0 0 -1
    outer loop
      vertex 180.5 15.442 0
      vertex 175.854 14 0
      vertex 177.036 17.442 0
    endloop
  endfacet
  facet normal 0 0 -1
    outer loop
      vertex 185.146 14 0
      vertex 175.854 14 0
      vertex 180.5 15.442 0
    endloop
  endfacet
  facet normal 0 0 -1
    outer loop
      vertex 215.7 7 0
      vertex 175.854 14 0
      vertex 185.146 14 0
    endloop
  endfacet
  facet normal 0 0 -1
    outer loop
      vertex 215.7 7 0
      vertex 174.646 14 0
      vertex 175.854 14 0
    endloop
  endfacet
  facet normal 0 0 -1
    outer loop
      vertex 174.646 14 0
      vertex 170 15.442 0
      vertex 173.464 17.442 0
    endloop
  endfacet
  facet normal 0 0 -1
    outer loop
      vertex 164.75 14.349 0
      vertex 166.536 17.442 0
      vertex 165.354 14 0
    endloop
  endfacet
  facet normal -0 0 -1
    outer loop
      vertex 170 15.442 0
      vertex 165.354 14 0
      vertex 166.536 17.442 0
    endloop
  endfacet
  facet normal 0 0 -1
    outer loop
      vertex 174.646 14 0
      vertex 165.354 14 0
      vertex 170 15.442 0
    endloop
  endfacet
  facet normal 0 0 -1
    outer loop
      vertex 215.7 7 0
      vertex 165.354 14 0
      vertex 174.646 14 0
    endloop
  endfacet
  facet normal 0 0 -1
    outer loop
      vertex 215.7 7 0
      vertex 164.146 14 0
      vertex 165.354 14 0
    endloop
  endfacet
  facet normal 0 0 -1
    outer loop
      vertex 164.146 14 0
      vertex 159.5 15.442 0
      vertex 162.964 17.442 0
    endloop
  endfacet
  facet normal 0 0 -1
    outer loop
      vertex 154.25 14.349 0
      vertex 156.036 17.442 0
      vertex 154.854 14 0
    endloop
  endfacet
  facet normal -0 0 -1
    outer loop
      vertex 159.5 15.442 0
      vertex 154.854 14 0
      vertex 156.036 17.442 0
    endloop
  endfacet
  facet normal 0 0 -1
    outer loop
      vertex 164.146 14 0
      vertex 154.854 14 0
      vertex 159.5 15.442 0
    endloop
  endfacet
  facet normal 0 0 -1
    outer loop
      vertex 215.7 7 0
      vertex 154.854 14 0
      vertex 164.146 14 0
    endloop
  endfacet
  facet normal 0 0 -1
    outer loop
      vertex 215.7 7 0
      vertex 153.646 14 0
      vertex 154.854 14 0
    endloop
  endfacet
  facet normal 0 0 -1
    outer loop
      vertex 153.646 14 0
      vertex 149 15.442 0
      vertex 152.464 17.442 0
    endloop
  endfacet
  facet normal 0 0 -1
    outer loop
      vertex 143.75 14.349 0
      vertex 145.536 17.442 0
      vertex 144.354 14 0
    endloop
  endfacet
  facet normal -0 0 -1
    outer loop
      vertex 149 15.442 0
      vertex 144.354 14 0
      vertex 145.536 17.442 0
    endloop
  endfacet
  facet normal 0 0 -1
    outer loop
      vertex 153.646 14 0
      vertex 144.354 14 0
      vertex 149 15.442 0
    endloop
  endfacet
  facet normal 0 0 -1
    outer loop
      vertex 215.7 7 0
      vertex 144.354 14 0
      vertex 153.646 14 0
    endloop
  endfacet
  facet normal 0 0 -1
    outer loop
      vertex 84 7 0
      vertex 144.354 14 0
      vertex 215.7 7 0
    endloop
  endfacet
  facet normal 0 0 -1
    outer loop
      vertex 143.146 14 0
      vertex 138.5 15.442 0
      vertex 141.964 17.442 0
    endloop
  endfacet
  facet normal 0 0 -1
    outer loop
      vertex 133.25 14.349 0
      vertex 135.036 17.442 0
      vertex 133.854 14 0
    endloop
  endfacet
  facet normal -0 0 -1
    outer loop
      vertex 138.5 15.442 0
      vertex 133.854 14 0
      vertex 135.036 17.442 0
    endloop
  endfacet
  facet normal 0 0 -1
    outer loop
      vertex 143.146 14 0
      vertex 133.854 14 0
      vertex 138.5 15.442 0
    endloop
  endfacet
  facet normal -0 0 -1
    outer loop
      vertex 144.354 14 0
      vertex 84 7 0
      vertex 143.146 14 0
    endloop
  endfacet
  facet normal -0 0 -1
    outer loop
      vertex 143.146 14 0
      vertex 84 7 0
      vertex 133.854 14 0
    endloop
  endfacet
  facet normal 0 0 -1
    outer loop
      vertex 132.646 14 0
      vertex 128 15.442 0
      vertex 131.464 17.442 0
    endloop
  endfacet
  facet normal 0 0 -1
    outer loop
      vertex 122.75 14.349 0
      vertex 124.536 17.442 0
      vertex 123.354 14 0
    endloop
  endfacet
  facet normal -0 0 -1
    outer loop
      vertex 128 15.442 0
      vertex 123.354 14 0
      vertex 124.536 17.442 0
    endloop
  endfacet
  facet normal 0 0 -1
    outer loop
      vertex 132.646 14 0
      vertex 123.354 14 0
      vertex 128 15.442 0
    endloop
  endfacet
  facet normal -0 0 -1
    outer loop
      vertex 133.854 14 0
      vertex 84 7 0
      vertex 132.646 14 0
    endloop
  endfacet
  facet normal -0 0 -1
    outer loop
      vertex 132.646 14 0
      vertex 84 7 0
      vertex 123.354 14 0
    endloop
  endfacet
  facet normal 0 0 -1
    outer loop
      vertex 122.146 14 0
      vertex 117.5 15.442 0
      vertex 120.964 17.442 0
    endloop
  endfacet
  facet normal 0 0 -1
    outer loop
      vertex 112.25 14.349 0
      vertex 114.036 17.442 0
      vertex 112.854 14 0
    endloop
  endfacet
  facet normal -0 0 -1
    outer loop
      vertex 117.5 15.442 0
      vertex 112.854 14 0
      vertex 114.036 17.442 0
    endloop
  endfacet
  facet normal 0 0 -1
    outer loop
      vertex 122.146 14 0
      vertex 112.854 14 0
      vertex 117.5 15.442 0
    endloop
  endfacet
  facet normal -0 0 -1
    outer loop
      vertex 123.354 14 0
      vertex 84 7 0
      vertex 122.146 14 0
    endloop
  endfacet
  facet normal -0 0 -1
    outer loop
      vertex 122.146 14 0
      vertex 84 7 0
      vertex 112.854 14 0
    endloop
  endfacet
  facet normal 0 0 -1
    outer loop
      vertex 111.646 14 0
      vertex 107 15.442 0
      vertex 110.464 17.442 0
    endloop
  endfacet
  facet normal 0 0 -1
    outer loop
      vertex 101.75 14.349 0
      vertex 103.536 17.442 0
      vertex 102.354 14 0
    endloop
  endfacet
  facet normal -0 0 -1
    outer loop
      vertex 107 15.442 0
      vertex 102.354 14 0
      vertex 103.536 17.442 0
    endloop
  endfacet
  facet normal 0 0 -1
    outer loop
      vertex 111.646 14 0
      vertex 102.354 14 0
      vertex 107 15.442 0
    endloop
  endfacet
  facet normal -0 0 -1
    outer loop
      vertex 112.854 14 0
      vertex 84 7 0
      vertex 111.646 14 0
    endloop
  endfacet
  facet normal -0 0 -1
    outer loop
      vertex 111.646 14 0
      vertex 84 7 0
      vertex 102.354 14 0
    endloop
  endfacet
  facet normal 0 0 -1
    outer loop
      vertex 101.146 14 0
      vertex 96.5 15.442 0
      vertex 99.9641 17.442 0
    endloop
  endfacet
  facet normal 0 0 -1
    outer loop
      vertex 91.25 14.349 0
      vertex 93.0359 17.442 0
      vertex 91.8545 14 0
    endloop
  endfacet
  facet normal -0 0 -1
    outer loop
      vertex 96.5 15.442 0
      vertex 91.8545 14 0
      vertex 93.0359 17.442 0
    endloop
  endfacet
  facet normal 0 0 -1
    outer loop
      vertex 101.146 14 0
      vertex 91.8545 14 0
      vertex 96.5 15.442 0
    endloop
  endfacet
  facet normal -0 0 -1
    outer loop
      vertex 102.354 14 0
      vertex 84 7 0
      vertex 101.146 14 0
    endloop
  endfacet
  facet normal -0 0 -1
    outer loop
      vertex 101.146 14 0
      vertex 84 7 0
      vertex 91.8545 14 0
    endloop
  endfacet
  facet normal 0 0 -1
    outer loop
      vertex 90.6455 14 0
      vertex 86 15.442 0
      vertex 89.4641 17.442 0
    endloop
  endfacet
  facet normal -0 0 -1
    outer loop
      vertex 91.8545 14 0
      vertex 84 7 0
      vertex 90.6455 14 0
    endloop
  endfacet
  facet normal 0 0 -1
    outer loop
      vertex 84 7 0
      vertex 86 15.442 0
      vertex 90.6455 14 0
    endloop
  endfacet
  facet normal -0 0 -1
    outer loop
      vertex 86 15.442 0
      vertex 84 7 0
      vertex 84 16.5967 0
    endloop
  endfacet
  facet normal 0 0 -1
    outer loop
      vertex 215.464 21.442 0
      vertex 215.7 25.4299 0
      vertex 215.464 17.442 0
    endloop
  endfacet
  facet normal 0 0 -1
    outer loop
      vertex 212 23.442 0
      vertex 215.7 25.4299 0
      vertex 215.464 21.442 0
    endloop
  endfacet
  facet normal 0 0 -1
    outer loop
      vertex 210.214 26.535 0
      vertex 213.786 26.535 0
      vertex 212 23.442 0
    endloop
  endfacet
  facet normal -0 0 -1
    outer loop
      vertex 215.7 25.4299 0
      vertex 212 23.442 0
      vertex 213.786 26.535 0
    endloop
  endfacet
  facet normal 0 0 -1
    outer loop
      vertex 215.7 31.6401 0
      vertex 215.464 35.628 0
      vertex 215.7 43.6159 0
    endloop
  endfacet
  facet normal 0 0 -1
    outer loop
      vertex 212 33.628 0
      vertex 215.7 31.6401 0
      vertex 213.786 30.535 0
    endloop
  endfacet
  facet normal 0 0 -1
    outer loop
      vertex 215.7 31.6401 0
      vertex 212 33.628 0
      vertex 215.464 35.628 0
    endloop
  endfacet
  facet normal 0 0 -1
    outer loop
      vertex 213.786 26.535 0
      vertex 210.214 26.535 0
      vertex 213.786 30.535 0
    endloop
  endfacet
  facet normal 0 0 -1
    outer loop
      vertex 210.214 30.535 0
      vertex 213.786 30.535 0
      vertex 210.214 26.535 0
    endloop
  endfacet
  facet normal 0 0 -1
    outer loop
      vertex 208.536 21.442 0
      vertex 210.214 26.535 0
      vertex 212 23.442 0
    endloop
  endfacet
  facet normal 0 0 -1
    outer loop
      vertex 204.964 17.442 0
      vertex 208.536 17.442 0
      vertex 206.75 14.349 0
    endloop
  endfacet
  facet normal 0 0 -1
    outer loop
      vertex 208.536 21.442 0
      vertex 206.75 24.535 0
      vertex 210.214 26.535 0
    endloop
  endfacet
  facet normal 0 0 -1
    outer loop
      vertex 208.536 17.442 0
      vertex 204.964 17.442 0
      vertex 208.536 21.442 0
    endloop
  endfacet
  facet normal 0 0 -1
    outer loop
      vertex 204.964 17.442 0
      vertex 206.75 14.349 0
      vertex 206.146 14 0
    endloop
  endfacet
  facet normal 0 0 -1
    outer loop
      vertex 204.964 21.442 0
      vertex 208.536 21.442 0
      vertex 204.964 17.442 0
    endloop
  endfacet
  facet normal 0 0 -1
    outer loop
      vertex 208.536 21.442 0
      vertex 204.964 21.442 0
      vertex 206.75 24.535 0
    endloop
  endfacet
  facet normal 0 0 -1
    outer loop
      vertex 204.964 21.442 0
      vertex 203.286 26.535 0
      vertex 206.75 24.535 0
    endloop
  endfacet
  facet normal 0 0 -1
    outer loop
      vertex 199.714 26.535 0
      vertex 203.286 26.535 0
      vertex 201.5 23.442 0
    endloop
  endfacet
  facet normal 0 0 -1
    outer loop
      vertex 201.5 23.442 0
      vertex 203.286 26.535 0
      vertex 204.964 21.442 0
    endloop
  endfacet
  facet normal 0 0 -1
    outer loop
      vertex 215.464 39.628 0
      vertex 215.7 43.6159 0
      vertex 215.464 35.628 0
    endloop
  endfacet
  facet normal 0 0 -1
    outer loop
      vertex 212 41.628 0
      vertex 215.7 43.6159 0
      vertex 215.464 39.628 0
    endloop
  endfacet
  facet normal 0 0 -1
    outer loop
      vertex 210.214 44.721 0
      vertex 213.786 44.721 0
      vertex 212 41.628 0
    endloop
  endfacet
  facet normal -0 0 -1
    outer loop
      vertex 215.7 43.6159 0
      vertex 212 41.628 0
      vertex 213.786 44.721 0
    endloop
  endfacet
  facet normal 0 0 -1
    outer loop
      vertex 215.7 49.8261 0
      vertex 215.464 53.814 0
      vertex 215.7 61.8019 0
    endloop
  endfacet
  facet normal 0 0 -1
    outer loop
      vertex 212 51.814 0
      vertex 215.7 49.8261 0
      vertex 213.786 48.721 0
    endloop
  endfacet
  facet normal 0 0 -1
    outer loop
      vertex 215.7 49.8261 0
      vertex 212 51.814 0
      vertex 215.464 53.814 0
    endloop
  endfacet
  facet normal 0 0 -1
    outer loop
      vertex 213.786 44.721 0
      vertex 210.214 44.721 0
      vertex 213.786 48.721 0
    endloop
  endfacet
  facet normal 0 0 -1
    outer loop
      vertex 210.214 48.721 0
      vertex 213.786 48.721 0
      vertex 210.214 44.721 0
    endloop
  endfacet
  facet normal 0 0 -1
    outer loop
      vertex 208.536 39.628 0
      vertex 210.214 44.721 0
      vertex 212 41.628 0
    endloop
  endfacet
  facet normal 0 0 -1
    outer loop
      vertex 208.536 39.628 0
      vertex 206.75 42.721 0
      vertex 210.214 44.721 0
    endloop
  endfacet
  facet normal 0 0 -1
    outer loop
      vertex 208.536 35.628 0
      vertex 204.964 35.628 0
      vertex 208.536 39.628 0
    endloop
  endfacet
  facet normal 0 0 -1
    outer loop
      vertex 204.964 39.628 0
      vertex 208.536 39.628 0
      vertex 204.964 35.628 0
    endloop
  endfacet
  facet normal 0 0 -1
    outer loop
      vertex 203.286 30.535 0
      vertex 204.964 35.628 0
      vertex 206.75 32.535 0
    endloop
  endfacet
  facet normal 0 0 -1
    outer loop
      vertex 203.286 30.535 0
      vertex 201.5 33.628 0
      vertex 204.964 35.628 0
    endloop
  endfacet
  facet normal 0 0 -1
    outer loop
      vertex 203.286 26.535 0
      vertex 199.714 26.535 0
      vertex 203.286 30.535 0
    endloop
  endfacet
  facet normal 0 0 -1
    outer loop
      vertex 199.714 30.535 0
      vertex 203.286 30.535 0
      vertex 199.714 26.535 0
    endloop
  endfacet
  facet normal 0 0 -1
    outer loop
      vertex 198.036 21.442 0
      vertex 199.714 26.535 0
      vertex 201.5 23.442 0
    endloop
  endfacet
  facet normal 0 0 -1
    outer loop
      vertex 194.464 17.442 0
      vertex 198.036 17.442 0
      vertex 196.25 14.349 0
    endloop
  endfacet
  facet normal 0 0 -1
    outer loop
      vertex 198.036 21.442 0
      vertex 196.25 24.535 0
      vertex 199.714 26.535 0
    endloop
  endfacet
  facet normal 0 0 -1
    outer loop
      vertex 198.036 17.442 0
      vertex 194.464 17.442 0
      vertex 198.036 21.442 0
    endloop
  endfacet
  facet normal 0 0 -1
    outer loop
      vertex 194.464 17.442 0
      vertex 196.25 14.349 0
      vertex 195.646 14 0
    endloop
  endfacet
  facet normal 0 0 -1
    outer loop
      vertex 194.464 21.442 0
      vertex 198.036 21.442 0
      vertex 194.464 17.442 0
    endloop
  endfacet
  facet normal 0 0 -1
    outer loop
      vertex 198.036 21.442 0
      vertex 194.464 21.442 0
      vertex 196.25 24.535 0
    endloop
  endfacet
  facet normal 0 0 -1
    outer loop
      vertex 194.464 21.442 0
      vertex 192.786 26.535 0
      vertex 196.25 24.535 0
    endloop
  endfacet
  facet normal 0 0 -1
    outer loop
      vertex 189.214 26.535 0
      vertex 192.786 26.535 0
      vertex 191 23.442 0
    endloop
  endfacet
  facet normal 0 0 -1
    outer loop
      vertex 191 23.442 0
      vertex 192.786 26.535 0
      vertex 194.464 21.442 0
    endloop
  endfacet
  facet normal 0 0 -1
    outer loop
      vertex 215.464 57.814 0
      vertex 215.7 61.8019 0
      vertex 215.464 53.814 0
    endloop
  endfacet
  facet normal 0 0 -1
    outer loop
      vertex 212 59.814 0
      vertex 215.7 61.8019 0
      vertex 215.464 57.814 0
    endloop
  endfacet
  facet normal 0 0 -1
    outer loop
      vertex 210.214 62.907 0
      vertex 213.786 62.907 0
      vertex 212 59.814 0
    endloop
  endfacet
  facet normal -0 0 -1
    outer loop
      vertex 215.7 61.8019 0
      vertex 212 59.814 0
      vertex 213.786 62.907 0
    endloop
  endfacet
  facet normal 0 0 -1
    outer loop
      vertex 215.7 68.0121 0
      vertex 215.464 72 0
      vertex 215.7 79.9879 0
    endloop
  endfacet
  facet normal 0 0 -1
    outer loop
      vertex 212 70 0
      vertex 215.7 68.0121 0
      vertex 213.786 66.907 0
    endloop
  endfacet
  facet normal 0 0 -1
    outer loop
      vertex 215.7 68.0121 0
      vertex 212 70 0
      vertex 215.464 72 0
    endloop
  endfacet
  facet normal 0 0 -1
    outer loop
      vertex 213.786 62.907 0
      vertex 210.214 62.907 0
      vertex 213.786 66.907 0
    endloop
  endfacet
  facet normal 0 0 -1
    outer loop
      vertex 210.214 66.907 0
      vertex 213.786 66.907 0
      vertex 210.214 62.907 0
    endloop
  endfacet
  facet normal 0 0 -1
    outer loop
      vertex 208.536 57.814 0
      vertex 210.214 62.907 0
      vertex 212 59.814 0
    endloop
  endfacet
  facet normal 0 0 -1
    outer loop
      vertex 208.536 57.814 0
      vertex 206.75 60.907 0
      vertex 210.214 62.907 0
    endloop
  endfacet
  facet normal 0 0 -1
    outer loop
      vertex 208.536 53.814 0
      vertex 204.964 53.814 0
      vertex 208.536 57.814 0
    endloop
  endfacet
  facet normal 0 0 -1
    outer loop
      vertex 204.964 57.814 0
      vertex 208.536 57.814 0
      vertex 204.964 53.814 0
    endloop
  endfacet
  facet normal 0 0 -1
    outer loop
      vertex 203.286 48.721 0
      vertex 204.964 53.814 0
      vertex 206.75 50.721 0
    endloop
  endfacet
  facet normal 0 0 -1
    outer loop
      vertex 203.286 48.721 0
      vertex 201.5 51.814 0
      vertex 204.964 53.814 0
    endloop
  endfacet
  facet normal 0 0 -1
    outer loop
      vertex 203.286 44.721 0
      vertex 199.714 44.721 0
      vertex 203.286 48.721 0
    endloop
  endfacet
  facet normal 0 0 -1
    outer loop
      vertex 199.714 48.721 0
      vertex 203.286 48.721 0
      vertex 199.714 44.721 0
    endloop
  endfacet
  facet normal 0 0 -1
    outer loop
      vertex 198.036 39.628 0
      vertex 199.714 44.721 0
      vertex 201.5 41.628 0
    endloop
  endfacet
  facet normal 0 0 -1
    outer loop
      vertex 198.036 39.628 0
      vertex 196.25 42.721 0
      vertex 199.714 44.721 0
    endloop
  endfacet
  facet normal 0 0 -1
    outer loop
      vertex 198.036 35.628 0
      vertex 194.464 35.628 0
      vertex 198.036 39.628 0
    endloop
  endfacet
  facet normal 0 0 -1
    outer loop
      vertex 194.464 39.628 0
      vertex 198.036 39.628 0
      vertex 194.464 35.628 0
    endloop
  endfacet
  facet normal 0 0 -1
    outer loop
      vertex 192.786 30.535 0
      vertex 194.464 35.628 0
      vertex 196.25 32.535 0
    endloop
  endfacet
  facet normal 0 0 -1
    outer loop
      vertex 192.786 30.535 0
      vertex 191 33.628 0
      vertex 194.464 35.628 0
    endloop
  endfacet
  facet normal 0 0 -1
    outer loop
      vertex 192.786 26.535 0
      vertex 189.214 26.535 0
      vertex 192.786 30.535 0
    endloop
  endfacet
  facet normal 0 0 -1
    outer loop
      vertex 189.214 30.535 0
      vertex 192.786 30.535 0
      vertex 189.214 26.535 0
    endloop
  endfacet
  facet normal 0 0 -1
    outer loop
      vertex 187.536 21.442 0
      vertex 189.214 26.535 0
      vertex 191 23.442 0
    endloop
  endfacet
  facet normal 0 0 -1
    outer loop
      vertex 183.964 17.442 0
      vertex 187.536 17.442 0
      vertex 185.75 14.349 0
    endloop
  endfacet
  facet normal 0 0 -1
    outer loop
      vertex 187.536 21.442 0
      vertex 185.75 24.535 0
      vertex 189.214 26.535 0
    endloop
  endfacet
  facet normal 0 0 -1
    outer loop
      vertex 187.536 17.442 0
      vertex 183.964 17.442 0
      vertex 187.536 21.442 0
    endloop
  endfacet
  facet normal 0 0 -1
    outer loop
      vertex 183.964 17.442 0
      vertex 185.75 14.349 0
      vertex 185.146 14 0
    endloop
  endfacet
  facet normal 0 0 -1
    outer loop
      vertex 183.964 21.442 0
      vertex 187.536 21.442 0
      vertex 183.964 17.442 0
    endloop
  endfacet
  facet normal 0 0 -1
    outer loop
      vertex 187.536 21.442 0
      vertex 183.964 21.442 0
      vertex 185.75 24.535 0
    endloop
  endfacet
  facet normal 0 0 -1
    outer loop
      vertex 183.964 21.442 0
      vertex 182.286 26.535 0
      vertex 185.75 24.535 0
    endloop
  endfacet
  facet normal 0 0 -1
    outer loop
      vertex 178.714 26.535 0
      vertex 182.286 26.535 0
      vertex 180.5 23.442 0
    endloop
  endfacet
  facet normal 0 0 -1
    outer loop
      vertex 180.5 23.442 0
      vertex 182.286 26.535 0
      vertex 183.964 21.442 0
    endloop
  endfacet
  facet normal 0 0 -1
    outer loop
      vertex 215.464 76 0
      vertex 215.7 79.9879 0
      vertex 215.464 72 0
    endloop
  endfacet
  facet normal 0 0 -1
    outer loop
      vertex 212 78 0
      vertex 215.7 79.9879 0
      vertex 215.464 76 0
    endloop
  endfacet
  facet normal 0 0 -1
    outer loop
      vertex 210.214 81.093 0
      vertex 213.786 81.093 0
      vertex 212 78 0
    endloop
  endfacet
  facet normal -0 0 -1
    outer loop
      vertex 215.7 79.9879 0
      vertex 212 78 0
      vertex 213.786 81.093 0
    endloop
  endfacet
  facet normal 0 0 -1
    outer loop
      vertex 215.7 86.1981 0
      vertex 215.464 90.186 0
      vertex 215.7 98.1739 0
    endloop
  endfacet
  facet normal 0 0 -1
    outer loop
      vertex 212 88.186 0
      vertex 215.7 86.1981 0
      vertex 213.786 85.093 0
    endloop
  endfacet
  facet normal 0 0 -1
    outer loop
      vertex 215.7 86.1981 0
      vertex 212 88.186 0
      vertex 215.464 90.186 0
    endloop
  endfacet
  facet normal 0 0 -1
    outer loop
      vertex 213.786 81.093 0
      vertex 210.214 81.093 0
      vertex 213.786 85.093 0
    endloop
  endfacet
  facet normal 0 0 -1
    outer loop
      vertex 210.214 85.093 0
      vertex 213.786 85.093 0
      vertex 210.214 81.093 0
    endloop
  endfacet
  facet normal 0 0 -1
    outer loop
      vertex 208.536 76 0
      vertex 210.214 81.093 0
      vertex 212 78 0
    endloop
  endfacet
  facet normal 0 0 -1
    outer loop
      vertex 208.536 76 0
      vertex 206.75 79.093 0
      vertex 210.214 81.093 0
    endloop
  endfacet
  facet normal 0 0 -1
    outer loop
      vertex 208.536 72 0
      vertex 204.964 72 0
      vertex 208.536 76 0
    endloop
  endfacet
  facet normal 0 0 -1
    outer loop
      vertex 204.964 76 0
      vertex 208.536 76 0
      vertex 204.964 72 0
    endloop
  endfacet
  facet normal 0 0 -1
    outer loop
      vertex 203.286 66.907 0
      vertex 204.964 72 0
      vertex 206.75 68.907 0
    endloop
  endfacet
  facet normal 0 0 -1
    outer loop
      vertex 203.286 66.907 0
      vertex 201.5 70 0
      vertex 204.964 72 0
    endloop
  endfacet
  facet normal 0 0 -1
    outer loop
      vertex 203.286 62.907 0
      vertex 199.714 62.907 0
      vertex 203.286 66.907 0
    endloop
  endfacet
  facet normal 0 0 -1
    outer loop
      vertex 199.714 66.907 0
      vertex 203.286 66.907 0
      vertex 199.714 62.907 0
    endloop
  endfacet
  facet normal 0 0 -1
    outer loop
      vertex 198.036 57.814 0
      vertex 199.714 62.907 0
      vertex 201.5 59.814 0
    endloop
  endfacet
  facet normal 0 0 -1
    outer loop
      vertex 198.036 57.814 0
      vertex 196.25 60.907 0
      vertex 199.714 62.907 0
    endloop
  endfacet
  facet normal 0 0 -1
    outer loop
      vertex 198.036 53.814 0
      vertex 194.464 53.814 0
      vertex 198.036 57.814 0
    endloop
  endfacet
  facet normal 0 0 -1
    outer loop
      vertex 194.464 57.814 0
      vertex 198.036 57.814 0
      vertex 194.464 53.814 0
    endloop
  endfacet
  facet normal 0 0 -1
    outer loop
      vertex 192.786 48.721 0
      vertex 194.464 53.814 0
      vertex 196.25 50.721 0
    endloop
  endfacet
  facet normal 0 0 -1
    outer loop
      vertex 192.786 48.721 0
      vertex 191 51.814 0
      vertex 194.464 53.814 0
    endloop
  endfacet
  facet normal 0 0 -1
    outer loop
      vertex 192.786 44.721 0
      vertex 189.214 44.721 0
      vertex 192.786 48.721 0
    endloop
  endfacet
  facet normal 0 0 -1
    outer loop
      vertex 189.214 48.721 0
      vertex 192.786 48.721 0
      vertex 189.214 44.721 0
    endloop
  endfacet
  facet normal 0 0 -1
    outer loop
      vertex 187.536 39.628 0
      vertex 189.214 44.721 0
      vertex 191 41.628 0
    endloop
  endfacet
  facet normal 0 0 -1
    outer loop
      vertex 187.536 39.628 0
      vertex 185.75 42.721 0
      vertex 189.214 44.721 0
    endloop
  endfacet
  facet normal 0 0 -1
    outer loop
      vertex 187.536 35.628 0
      vertex 183.964 35.628 0
      vertex 187.536 39.628 0
    endloop
  endfacet
  facet normal 0 0 -1
    outer loop
      vertex 183.964 39.628 0
      vertex 187.536 39.628 0
      vertex 183.964 35.628 0
    endloop
  endfacet
  facet normal 0 0 -1
    outer loop
      vertex 182.286 30.535 0
      vertex 183.964 35.628 0
      vertex 185.75 32.535 0
    endloop
  endfacet
  facet normal 0 0 -1
    outer loop
      vertex 182.286 30.535 0
      vertex 180.5 33.628 0
      vertex 183.964 35.628 0
    endloop
  endfacet
  facet normal 0 0 -1
    outer loop
      vertex 182.286 26.535 0
      vertex 178.714 26.535 0
      vertex 182.286 30.535 0
    endloop
  endfacet
  facet normal 0 0 -1
    outer loop
      vertex 178.714 30.535 0
      vertex 182.286 30.535 0
      vertex 178.714 26.535 0
    endloop
  endfacet
  facet normal 0 0 -1
    outer loop
      vertex 177.036 21.442 0
      vertex 178.714 26.535 0
      vertex 180.5 23.442 0
    endloop
  endfacet
  facet normal 0 0 -1
    outer loop
      vertex 173.464 17.442 0
      vertex 177.036 17.442 0
      vertex 175.25 14.349 0
    endloop
  endfacet
  facet normal 0 0 -1
    outer loop
      vertex 177.036 21.442 0
      vertex 175.25 24.535 0
      vertex 178.714 26.535 0
    endloop
  endfacet
  facet normal 0 0 -1
    outer loop
      vertex 177.036 17.442 0
      vertex 173.464 17.442 0
      vertex 177.036 21.442 0
    endloop
  endfacet
  facet normal 0 0 -1
    outer loop
      vertex 173.464 17.442 0
      vertex 175.25 14.349 0
      vertex 174.646 14 0
    endloop
  endfacet
  facet normal 0 0 -1
    outer loop
      vertex 173.464 21.442 0
      vertex 177.036 21.442 0
      vertex 173.464 17.442 0
    endloop
  endfacet
  facet normal 0 0 -1
    outer loop
      vertex 177.036 21.442 0
      vertex 173.464 21.442 0
      vertex 175.25 24.535 0
    endloop
  endfacet
  facet normal 0 0 -1
    outer loop
      vertex 173.464 21.442 0
      vertex 171.786 26.535 0
      vertex 175.25 24.535 0
    endloop
  endfacet
  facet normal 0 0 -1
    outer loop
      vertex 168.214 26.535 0
      vertex 171.786 26.535 0
      vertex 170 23.442 0
    endloop
  endfacet
  facet normal 0 0 -1
    outer loop
      vertex 170 23.442 0
      vertex 171.786 26.535 0
      vertex 173.464 21.442 0
    endloop
  endfacet
  facet normal 0 0 -1
    outer loop
      vertex 215.464 94.186 0
      vertex 215.7 98.1739 0
      vertex 215.464 90.186 0
    endloop
  endfacet
  facet normal 0 0 -1
    outer loop
      vertex 212 96.186 0
      vertex 215.7 98.1739 0
      vertex 215.464 94.186 0
    endloop
  endfacet
  facet normal 0 0 -1
    outer loop
      vertex 210.214 99.279 0
      vertex 213.786 99.279 0
      vertex 212 96.186 0
    endloop
  endfacet
  facet normal -0 0 -1
    outer loop
      vertex 215.7 98.1739 0
      vertex 212 96.186 0
      vertex 213.786 99.279 0
    endloop
  endfacet
  facet normal 0 0 -1
    outer loop
      vertex 215.7 104.384 0
      vertex 215.464 108.372 0
      vertex 215.7 116.36 0
    endloop
  endfacet
  facet normal 0 0 -1
    outer loop
      vertex 212 106.372 0
      vertex 215.7 104.384 0
      vertex 213.786 103.279 0
    endloop
  endfacet
  facet normal 0 0 -1
    outer loop
      vertex 215.7 104.384 0
      vertex 212 106.372 0
      vertex 215.464 108.372 0
    endloop
  endfacet
  facet normal 0 0 -1
    outer loop
      vertex 213.786 99.279 0
      vertex 210.214 99.279 0
      vertex 213.786 103.279 0
    endloop
  endfacet
  facet normal 0 0 -1
    outer loop
      vertex 210.214 103.279 0
      vertex 213.786 103.279 0
      vertex 210.214 99.279 0
    endloop
  endfacet
  facet normal 0 0 -1
    outer loop
      vertex 208.536 94.186 0
      vertex 210.214 99.279 0
      vertex 212 96.186 0
    endloop
  endfacet
  facet normal 0 0 -1
    outer loop
      vertex 208.536 94.186 0
      vertex 206.75 97.279 0
      vertex 210.214 99.279 0
    endloop
  endfacet
  facet normal 0 0 -1
    outer loop
      vertex 208.536 90.186 0
      vertex 204.964 90.186 0
      vertex 208.536 94.186 0
    endloop
  endfacet
  facet normal 0 0 -1
    outer loop
      vertex 204.964 94.186 0
      vertex 208.536 94.186 0
      vertex 204.964 90.186 0
    endloop
  endfacet
  facet normal 0 0 -1
    outer loop
      vertex 203.286 85.093 0
      vertex 204.964 90.186 0
      vertex 206.75 87.093 0
    endloop
  endfacet
  facet normal 0 0 -1
    outer loop
      vertex 203.286 85.093 0
      vertex 201.5 88.186 0
      vertex 204.964 90.186 0
    endloop
  endfacet
  facet normal 0 0 -1
    outer loop
      vertex 203.286 81.093 0
      vertex 199.714 81.093 0
      vertex 203.286 85.093 0
    endloop
  endfacet
  facet normal 0 0 -1
    outer loop
      vertex 199.714 85.093 0
      vertex 203.286 85.093 0
      vertex 199.714 81.093 0
    endloop
  endfacet
  facet normal 0 0 -1
    outer loop
      vertex 198.036 76 0
      vertex 199.714 81.093 0
      vertex 201.5 78 0
    endloop
  endfacet
  facet normal 0 0 -1
    outer loop
      vertex 198.036 76 0
      vertex 196.25 79.093 0
      vertex 199.714 81.093 0
    endloop
  endfacet
  facet normal 0 0 -1
    outer loop
      vertex 198.036 72 0
      vertex 194.464 72 0
      vertex 198.036 76 0
    endloop
  endfacet
  facet normal 0 0 -1
    outer loop
      vertex 194.464 76 0
      vertex 198.036 76 0
      vertex 194.464 72 0
    endloop
  endfacet
  facet normal 0 0 -1
    outer loop
      vertex 192.786 66.907 0
      vertex 194.464 72 0
      vertex 196.25 68.907 0
    endloop
  endfacet
  facet normal 0 0 -1
    outer loop
      vertex 192.786 66.907 0
      vertex 191 70 0
      vertex 194.464 72 0
    endloop
  endfacet
  facet normal 0 0 -1
    outer loop
      vertex 192.786 62.907 0
      vertex 189.214 62.907 0
      vertex 192.786 66.907 0
    endloop
  endfacet
  facet normal 0 0 -1
    outer loop
      vertex 189.214 66.907 0
      vertex 192.786 66.907 0
      vertex 189.214 62.907 0
    endloop
  endfacet
  facet normal 0 0 -1
    outer loop
      vertex 187.536 57.814 0
      vertex 189.214 62.907 0
      vertex 191 59.814 0
    endloop
  endfacet
  facet normal 0 0 -1
    outer loop
      vertex 187.536 57.814 0
      vertex 185.75 60.907 0
      vertex 189.214 62.907 0
    endloop
  endfacet
  facet normal 0 0 -1
    outer loop
      vertex 187.536 53.814 0
      vertex 183.964 53.814 0
      vertex 187.536 57.814 0
    endloop
  endfacet
  facet normal 0 0 -1
    outer loop
      vertex 183.964 57.814 0
      vertex 187.536 57.814 0
      vertex 183.964 53.814 0
    endloop
  endfacet
  facet normal 0 0 -1
    outer loop
      vertex 182.286 48.721 0
      vertex 183.964 53.814 0
      vertex 185.75 50.721 0
    endloop
  endfacet
  facet normal 0 0 -1
    outer loop
      vertex 182.286 48.721 0
      vertex 180.5 51.814 0
      vertex 183.964 53.814 0
    endloop
  endfacet
  facet normal 0 0 -1
    outer loop
      vertex 182.286 44.721 0
      vertex 178.714 44.721 0
      vertex 182.286 48.721 0
    endloop
  endfacet
  facet normal 0 0 -1
    outer loop
      vertex 178.714 48.721 0
      vertex 182.286 48.721 0
      vertex 178.714 44.721 0
    endloop
  endfacet
  facet normal 0 0 -1
    outer loop
      vertex 177.036 39.628 0
      vertex 178.714 44.721 0
      vertex 180.5 41.628 0
    endloop
  endfacet
  facet normal 0 0 -1
    outer loop
      vertex 177.036 39.628 0
      vertex 175.25 42.721 0
      vertex 178.714 44.721 0
    endloop
  endfacet
  facet normal 0 0 -1
    outer loop
      vertex 177.036 35.628 0
      vertex 173.464 35.628 0
      vertex 177.036 39.628 0
    endloop
  endfacet
  facet normal 0 0 -1
    outer loop
      vertex 173.464 39.628 0
      vertex 177.036 39.628 0
      vertex 173.464 35.628 0
    endloop
  endfacet
  facet normal 0 0 -1
    outer loop
      vertex 171.786 30.535 0
      vertex 173.464 35.628 0
      vertex 175.25 32.535 0
    endloop
  endfacet
  facet normal 0 0 -1
    outer loop
      vertex 171.786 30.535 0
      vertex 170 33.628 0
      vertex 173.464 35.628 0
    endloop
  endfacet
  facet normal 0 0 -1
    outer loop
      vertex 171.786 26.535 0
      vertex 168.214 26.535 0
      vertex 171.786 30.535 0
    endloop
  endfacet
  facet normal 0 0 -1
    outer loop
      vertex 168.214 30.535 0
      vertex 171.786 30.535 0
      vertex 168.214 26.535 0
    endloop
  endfacet
  facet normal 0 0 -1
    outer loop
      vertex 166.536 21.442 0
      vertex 168.214 26.535 0
      vertex 170 23.442 0
    endloop
  endfacet
  facet normal 0 0 -1
    outer loop
      vertex 162.964 17.442 0
      vertex 166.536 17.442 0
      vertex 164.75 14.349 0
    endloop
  endfacet
  facet normal 0 0 -1
    outer loop
      vertex 166.536 21.442 0
      vertex 164.75 24.535 0
      vertex 168.214 26.535 0
    endloop
  endfacet
  facet normal 0 0 -1
    outer loop
      vertex 166.536 17.442 0
      vertex 162.964 17.442 0
      vertex 166.536 21.442 0
    endloop
  endfacet
  facet normal 0 0 -1
    outer loop
      vertex 162.964 17.442 0
      vertex 164.75 14.349 0
      vertex 164.146 14 0
    endloop
  endfacet
  facet normal 0 0 -1
    outer loop
      vertex 162.964 21.442 0
      vertex 166.536 21.442 0
      vertex 162.964 17.442 0
    endloop
  endfacet
  facet normal 0 0 -1
    outer loop
      vertex 166.536 21.442 0
      vertex 162.964 21.442 0
      vertex 164.75 24.535 0
    endloop
  endfacet
  facet normal 0 0 -1
    outer loop
      vertex 162.964 21.442 0
      vertex 161.286 26.535 0
      vertex 164.75 24.535 0
    endloop
  endfacet
  facet normal 0 0 -1
    outer loop
      vertex 157.714 26.535 0
      vertex 161.286 26.535 0
      vertex 159.5 23.442 0
    endloop
  endfacet
  facet normal 0 0 -1
    outer loop
      vertex 159.5 23.442 0
      vertex 161.286 26.535 0
      vertex 162.964 21.442 0
    endloop
  endfacet
  facet normal 0 0 -1
    outer loop
      vertex 215.464 112.372 0
      vertex 215.7 116.36 0
      vertex 215.464 108.372 0
    endloop
  endfacet
  facet normal 0 0 -1
    outer loop
      vertex 212 114.372 0
      vertex 215.7 116.36 0
      vertex 215.464 112.372 0
    endloop
  endfacet
  facet normal 0 0 -1
    outer loop
      vertex 210.214 117.465 0
      vertex 213.786 117.465 0
      vertex 212 114.372 0
    endloop
  endfacet
  facet normal -0 0 -1
    outer loop
      vertex 215.7 116.36 0
      vertex 212 114.372 0
      vertex 213.786 117.465 0
    endloop
  endfacet
  facet normal 0 0 -1
    outer loop
      vertex 215.7 122.57 0
      vertex 215.464 126.558 0
      vertex 215.7 134.546 0
    endloop
  endfacet
  facet normal 0 0 -1
    outer loop
      vertex 212 124.558 0
      vertex 215.7 122.57 0
      vertex 213.786 121.465 0
    endloop
  endfacet
  facet normal 0 0 -1
    outer loop
      vertex 215.7 122.57 0
      vertex 212 124.558 0
      vertex 215.464 126.558 0
    endloop
  endfacet
  facet normal 0 0 -1
    outer loop
      vertex 213.786 117.465 0
      vertex 210.214 117.465 0
      vertex 213.786 121.465 0
    endloop
  endfacet
  facet normal 0 0 -1
    outer loop
      vertex 210.214 121.465 0
      vertex 213.786 121.465 0
      vertex 210.214 117.465 0
    endloop
  endfacet
  facet normal 0 0 -1
    outer loop
      vertex 208.536 112.372 0
      vertex 210.214 117.465 0
      vertex 212 114.372 0
    endloop
  endfacet
  facet normal 0 0 -1
    outer loop
      vertex 208.536 112.372 0
      vertex 206.75 115.465 0
      vertex 210.214 117.465 0
    endloop
  endfacet
  facet normal 0 0 -1
    outer loop
      vertex 208.536 108.372 0
      vertex 204.964 108.372 0
      vertex 208.536 112.372 0
    endloop
  endfacet
  facet normal 0 0 -1
    outer loop
      vertex 204.964 112.372 0
      vertex 208.536 112.372 0
      vertex 204.964 108.372 0
    endloop
  endfacet
  facet normal 0 0 -1
    outer loop
      vertex 203.286 103.279 0
      vertex 204.964 108.372 0
      vertex 206.75 105.279 0
    endloop
  endfacet
  facet normal 0 0 -1
    outer loop
      vertex 203.286 103.279 0
      vertex 201.5 106.372 0
      vertex 204.964 108.372 0
    endloop
  endfacet
  facet normal 0 0 -1
    outer loop
      vertex 203.286 99.279 0
      vertex 199.714 99.279 0
      vertex 203.286 103.279 0
    endloop
  endfacet
  facet normal 0 0 -1
    outer loop
      vertex 199.714 103.279 0
      vertex 203.286 103.279 0
      vertex 199.714 99.279 0
    endloop
  endfacet
  facet normal 0 0 -1
    outer loop
      vertex 198.036 94.186 0
      vertex 199.714 99.279 0
      vertex 201.5 96.186 0
    endloop
  endfacet
  facet normal 0 0 -1
    outer loop
      vertex 198.036 94.186 0
      vertex 196.25 97.279 0
      vertex 199.714 99.279 0
    endloop
  endfacet
  facet normal 0 0 -1
    outer loop
      vertex 198.036 90.186 0
      vertex 194.464 90.186 0
      vertex 198.036 94.186 0
    endloop
  endfacet
  facet normal 0 0 -1
    outer loop
      vertex 194.464 94.186 0
      vertex 198.036 94.186 0
      vertex 194.464 90.186 0
    endloop
  endfacet
  facet normal 0 0 -1
    outer loop
      vertex 192.786 85.093 0
      vertex 194.464 90.186 0
      vertex 196.25 87.093 0
    endloop
  endfacet
  facet normal 0 0 -1
    outer loop
      vertex 192.786 85.093 0
      vertex 191 88.186 0
      vertex 194.464 90.186 0
    endloop
  endfacet
  facet normal 0 0 -1
    outer loop
      vertex 192.786 81.093 0
      vertex 189.214 81.093 0
      vertex 192.786 85.093 0
    endloop
  endfacet
  facet normal 0 0 -1
    outer loop
      vertex 189.214 85.093 0
      vertex 192.786 85.093 0
      vertex 189.214 81.093 0
    endloop
  endfacet
  facet normal 0 0 -1
    outer loop
      vertex 187.536 76 0
      vertex 189.214 81.093 0
      vertex 191 78 0
    endloop
  endfacet
  facet normal 0 0 -1
    outer loop
      vertex 187.536 76 0
      vertex 185.75 79.093 0
      vertex 189.214 81.093 0
    endloop
  endfacet
  facet normal 0 0 -1
    outer loop
      vertex 187.536 72 0
      vertex 183.964 72 0
      vertex 187.536 76 0
    endloop
  endfacet
  facet normal 0 0 -1
    outer loop
      vertex 183.964 76 0
      vertex 187.536 76 0
      vertex 183.964 72 0
    endloop
  endfacet
  facet normal 0 0 -1
    outer loop
      vertex 182.286 66.907 0
      vertex 183.964 72 0
      vertex 185.75 68.907 0
    endloop
  endfacet
  facet normal 0 0 -1
    outer loop
      vertex 182.286 66.907 0
      vertex 180.5 70 0
      vertex 183.964 72 0
    endloop
  endfacet
  facet normal 0 0 -1
    outer loop
      vertex 182.286 62.907 0
      vertex 178.714 62.907 0
      vertex 182.286 66.907 0
    endloop
  endfacet
  facet normal 0 0 -1
    outer loop
      vertex 178.714 66.907 0
      vertex 182.286 66.907 0
      vertex 178.714 62.907 0
    endloop
  endfacet
  facet normal 0 0 -1
    outer loop
      vertex 177.036 57.814 0
      vertex 178.714 62.907 0
      vertex 180.5 59.814 0
    endloop
  endfacet
  facet normal 0 0 -1
    outer loop
      vertex 177.036 57.814 0
      vertex 175.25 60.907 0
      vertex 178.714 62.907 0
    endloop
  endfacet
  facet normal 0 0 -1
    outer loop
      vertex 177.036 53.814 0
      vertex 173.464 53.814 0
      vertex 177.036 57.814 0
    endloop
  endfacet
  facet normal 0 0 -1
    outer loop
      vertex 173.464 57.814 0
      vertex 177.036 57.814 0
      vertex 173.464 53.814 0
    endloop
  endfacet
  facet normal 0 0 -1
    outer loop
      vertex 171.786 48.721 0
      vertex 173.464 53.814 0
      vertex 175.25 50.721 0
    endloop
  endfacet
  facet normal 0 0 -1
    outer loop
      vertex 171.786 48.721 0
      vertex 170 51.814 0
      vertex 173.464 53.814 0
    endloop
  endfacet
  facet normal 0 0 -1
    outer loop
      vertex 171.786 44.721 0
      vertex 168.214 44.721 0
      vertex 171.786 48.721 0
    endloop
  endfacet
  facet normal 0 0 -1
    outer loop
      vertex 168.214 48.721 0
      vertex 171.786 48.721 0
      vertex 168.214 44.721 0
    endloop
  endfacet
  facet normal 0 0 -1
    outer loop
      vertex 166.536 39.628 0
      vertex 168.214 44.721 0
      vertex 170 41.628 0
    endloop
  endfacet
  facet normal 0 0 -1
    outer loop
      vertex 166.536 39.628 0
      vertex 164.75 42.721 0
      vertex 168.214 44.721 0
    endloop
  endfacet
  facet normal 0 0 -1
    outer loop
      vertex 166.536 35.628 0
      vertex 162.964 35.628 0
      vertex 166.536 39.628 0
    endloop
  endfacet
  facet normal 0 0 -1
    outer loop
      vertex 162.964 39.628 0
      vertex 166.536 39.628 0
      vertex 162.964 35.628 0
    endloop
  endfacet
  facet normal 0 0 -1
    outer loop
      vertex 161.286 30.535 0
      vertex 162.964 35.628 0
      vertex 164.75 32.535 0
    endloop
  endfacet
  facet normal 0 0 -1
    outer loop
      vertex 161.286 30.535 0
      vertex 159.5 33.628 0
      vertex 162.964 35.628 0
    endloop
  endfacet
  facet normal 0 0 -1
    outer loop
      vertex 161.286 26.535 0
      vertex 157.714 26.535 0
      vertex 161.286 30.535 0
    endloop
  endfacet
  facet normal 0 0 -1
    outer loop
      vertex 157.714 30.535 0
      vertex 161.286 30.535 0
      vertex 157.714 26.535 0
    endloop
  endfacet
  facet normal 0 0 -1
    outer loop
      vertex 156.036 21.442 0
      vertex 157.714 26.535 0
      vertex 159.5 23.442 0
    endloop
  endfacet
  facet normal 0 0 -1
    outer loop
      vertex 152.464 17.442 0
      vertex 156.036 17.442 0
      vertex 154.25 14.349 0
    endloop
  endfacet
  facet normal 0 0 -1
    outer loop
      vertex 156.036 21.442 0
      vertex 154.25 24.535 0
      vertex 157.714 26.535 0
    endloop
  endfacet
  facet normal 0 0 -1
    outer loop
      vertex 156.036 17.442 0
      vertex 152.464 17.442 0
      vertex 156.036 21.442 0
    endloop
  endfacet
  facet normal 0 0 -1
    outer loop
      vertex 152.464 17.442 0
      vertex 154.25 14.349 0
      vertex 153.646 14 0
    endloop
  endfacet
  facet normal 0 0 -1
    outer loop
      vertex 152.464 21.442 0
      vertex 156.036 21.442 0
      vertex 152.464 17.442 0
    endloop
  endfacet
  facet normal 0 0 -1
    outer loop
      vertex 156.036 21.442 0
      vertex 152.464 21.442 0
      vertex 154.25 24.535 0
    endloop
  endfacet
  facet normal 0 0 -1
    outer loop
      vertex 152.464 21.442 0
      vertex 150.786 26.535 0
      vertex 154.25 24.535 0
    endloop
  endfacet
  facet normal 0 0 -1
    outer loop
      vertex 147.214 26.535 0
      vertex 150.786 26.535 0
      vertex 149 23.442 0
    endloop
  endfacet
  facet normal 0 0 -1
    outer loop
      vertex 149 23.442 0
      vertex 150.786 26.535 0
      vertex 152.464 21.442 0
    endloop
  endfacet
  facet normal 0 0 -1
    outer loop
      vertex 215.464 130.558 0
      vertex 215.7 134.546 0
      vertex 215.464 126.558 0
    endloop
  endfacet
  facet normal 0 0 -1
    outer loop
      vertex 212 132.558 0
      vertex 215.7 134.546 0
      vertex 215.464 130.558 0
    endloop
  endfacet
  facet normal 0 0 -1
    outer loop
      vertex 210.214 135.651 0
      vertex 213.786 135.651 0
      vertex 212 132.558 0
    endloop
  endfacet
  facet normal -0 0 -1
    outer loop
      vertex 215.7 134.546 0
      vertex 212 132.558 0
      vertex 213.786 135.651 0
    endloop
  endfacet
  facet normal 0 0 -1
    outer loop
      vertex 213.786 136 0
      vertex 215.7 143 0
      vertex 215.7 136 0
    endloop
  endfacet
  facet normal 0 0 -1
    outer loop
      vertex 213.786 135.651 0
      vertex 210.214 135.651 0
      vertex 213.786 136 0
    endloop
  endfacet
  facet normal -0 0 -1
    outer loop
      vertex 213.786 136 0
      vertex 210.214 135.651 0
      vertex 210.214 136 0
    endloop
  endfacet
  facet normal 0 0 -1
    outer loop
      vertex 213.786 136 0
      vertex 210.214 136 0
      vertex 215.7 143 0
    endloop
  endfacet
  facet normal 0 0 -1
    outer loop
      vertex 203.286 136 0
      vertex 215.7 143 0
      vertex 210.214 136 0
    endloop
  endfacet
  facet normal 0 0 -1
    outer loop
      vertex 203.286 135.651 0
      vertex 199.714 135.651 0
      vertex 203.286 136 0
    endloop
  endfacet
  facet normal 0 0 -1
    outer loop
      vertex 199.714 136 0
      vertex 203.286 136 0
      vertex 199.714 135.651 0
    endloop
  endfacet
  facet normal 0 0 -1
    outer loop
      vertex 203.286 136 0
      vertex 199.714 136 0
      vertex 215.7 143 0
    endloop
  endfacet
  facet normal 0 0 -1
    outer loop
      vertex 192.786 136 0
      vertex 215.7 143 0
      vertex 199.714 136 0
    endloop
  endfacet
  facet normal 0 0 -1
    outer loop
      vertex 192.786 135.651 0
      vertex 189.214 135.651 0
      vertex 192.786 136 0
    endloop
  endfacet
  facet normal 0 0 -1
    outer loop
      vertex 189.214 136 0
      vertex 192.786 136 0
      vertex 189.214 135.651 0
    endloop
  endfacet
  facet normal 0 0 -1
    outer loop
      vertex 192.786 136 0
      vertex 189.214 136 0
      vertex 215.7 143 0
    endloop
  endfacet
  facet normal 0 0 -1
    outer loop
      vertex 182.286 136 0
      vertex 215.7 143 0
      vertex 189.214 136 0
    endloop
  endfacet
  facet normal 0 0 -1
    outer loop
      vertex 182.286 135.651 0
      vertex 178.714 135.651 0
      vertex 182.286 136 0
    endloop
  endfacet
  facet normal 0 0 -1
    outer loop
      vertex 178.714 136 0
      vertex 182.286 136 0
      vertex 178.714 135.651 0
    endloop
  endfacet
  facet normal 0 0 -1
    outer loop
      vertex 182.286 136 0
      vertex 178.714 136 0
      vertex 215.7 143 0
    endloop
  endfacet
  facet normal 0 0 -1
    outer loop
      vertex 171.786 136 0
      vertex 215.7 143 0
      vertex 178.714 136 0
    endloop
  endfacet
  facet normal 0 0 -1
    outer loop
      vertex 171.786 135.651 0
      vertex 168.214 135.651 0
      vertex 171.786 136 0
    endloop
  endfacet
  facet normal 0 0 -1
    outer loop
      vertex 168.214 136 0
      vertex 171.786 136 0
      vertex 168.214 135.651 0
    endloop
  endfacet
  facet normal 0 0 -1
    outer loop
      vertex 171.786 136 0
      vertex 168.214 136 0
      vertex 215.7 143 0
    endloop
  endfacet
  facet normal 0 0 -1
    outer loop
      vertex 161.286 136 0
      vertex 215.7 143 0
      vertex 168.214 136 0
    endloop
  endfacet
  facet normal 0 0 -1
    outer loop
      vertex 161.286 135.651 0
      vertex 157.714 135.651 0
      vertex 161.286 136 0
    endloop
  endfacet
  facet normal 0 0 -1
    outer loop
      vertex 157.714 136 0
      vertex 161.286 136 0
      vertex 157.714 135.651 0
    endloop
  endfacet
  facet normal 0 0 -1
    outer loop
      vertex 161.286 136 0
      vertex 157.714 136 0
      vertex 215.7 143 0
    endloop
  endfacet
  facet normal 0 0 -1
    outer loop
      vertex 150.786 136 0
      vertex 215.7 143 0
      vertex 157.714 136 0
    endloop
  endfacet
  facet normal 0 0 -1
    outer loop
      vertex 150.786 135.651 0
      vertex 147.214 135.651 0
      vertex 150.786 136 0
    endloop
  endfacet
  facet normal 0 0 -1
    outer loop
      vertex 147.214 136 0
      vertex 150.786 136 0
      vertex 147.214 135.651 0
    endloop
  endfacet
  facet normal 0 0 -1
    outer loop
      vertex 150.786 136 0
      vertex 147.214 136 0
      vertex 215.7 143 0
    endloop
  endfacet
  facet normal 0 0 -1
    outer loop
      vertex 84 143 0
      vertex 147.214 136 0
      vertex 140.286 136 0
    endloop
  endfacet
  facet normal 0 0 -1
    outer loop
      vertex 140.286 135.651 0
      vertex 136.714 135.651 0
      vertex 140.286 136 0
    endloop
  endfacet
  facet normal 0 0 -1
    outer loop
      vertex 136.714 136 0
      vertex 140.286 136 0
      vertex 136.714 135.651 0
    endloop
  endfacet
  facet normal 0 0 -1
    outer loop
      vertex 84 143 0
      vertex 140.286 136 0
      vertex 136.714 136 0
    endloop
  endfacet
  facet normal 0 0 -1
    outer loop
      vertex 84 143 0
      vertex 136.714 136 0
      vertex 129.786 136 0
    endloop
  endfacet
  facet normal 0 0 -1
    outer loop
      vertex 129.786 135.651 0
      vertex 126.214 135.651 0
      vertex 129.786 136 0
    endloop
  endfacet
  facet normal 0 0 -1
    outer loop
      vertex 126.214 136 0
      vertex 129.786 136 0
      vertex 126.214 135.651 0
    endloop
  endfacet
  facet normal 0 0 -1
    outer loop
      vertex 84 143 0
      vertex 129.786 136 0
      vertex 126.214 136 0
    endloop
  endfacet
  facet normal 0 0 -1
    outer loop
      vertex 84 143 0
      vertex 126.214 136 0
      vertex 119.286 136 0
    endloop
  endfacet
  facet normal 0 0 -1
    outer loop
      vertex 119.286 135.651 0
      vertex 115.714 135.651 0
      vertex 119.286 136 0
    endloop
  endfacet
  facet normal 0 0 -1
    outer loop
      vertex 115.714 136 0
      vertex 119.286 136 0
      vertex 115.714 135.651 0
    endloop
  endfacet
  facet normal 0 0 -1
    outer loop
      vertex 84 143 0
      vertex 119.286 136 0
      vertex 115.714 136 0
    endloop
  endfacet
  facet normal 0 0 -1
    outer loop
      vertex 84 143 0
      vertex 115.714 136 0
      vertex 108.786 136 0
    endloop
  endfacet
  facet normal 0 0 -1
    outer loop
      vertex 108.786 135.651 0
      vertex 105.214 135.651 0
      vertex 108.786 136 0
    endloop
  endfacet
  facet normal 0 0 -1
    outer loop
      vertex 105.214 136 0
      vertex 108.786 136 0
      vertex 105.214 135.651 0
    endloop
  endfacet
  facet normal 0 0 -1
    outer loop
      vertex 84 143 0
      vertex 108.786 136 0
      vertex 105.214 136 0
    endloop
  endfacet
  facet normal 0 0 -1
    outer loop
      vertex 84 143 0
      vertex 105.214 136 0
      vertex 98.2859 136 0
    endloop
  endfacet
  facet normal 0 0 -1
    outer loop
      vertex 98.2859 135.651 0
      vertex 94.7141 135.651 0
      vertex 98.2859 136 0
    endloop
  endfacet
  facet normal 0 0 -1
    outer loop
      vertex 94.7141 136 0
      vertex 98.2859 136 0
      vertex 94.7141 135.651 0
    endloop
  endfacet
  facet normal 0 0 -1
    outer loop
      vertex 84 143 0
      vertex 98.2859 136 0
      vertex 94.7141 136 0
    endloop
  endfacet
  facet normal 0 0 -1
    outer loop
      vertex 84 143 0
      vertex 94.7141 136 0
      vertex 87.7859 136 0
    endloop
  endfacet
  facet normal 0 0 -1
    outer loop
      vertex 87.7859 135.651 0
      vertex 84.2141 135.651 0
      vertex 87.7859 136 0
    endloop
  endfacet
  facet normal 0 0 -1
    outer loop
      vertex 84.2141 136 0
      vertex 87.7859 136 0
      vertex 84.2141 135.651 0
    endloop
  endfacet
  facet normal 0 0 -1
    outer loop
      vertex 84 143 0
      vertex 87.7859 136 0
      vertex 84.2141 136 0
    endloop
  endfacet
  facet normal 0 0 -1
    outer loop
      vertex 84 143 0
      vertex 84.2141 136 0
      vertex 84 136 0
    endloop
  endfacet
  facet normal 0 0 -1
    outer loop
      vertex 147.214 136 0
      vertex 84 143 0
      vertex 215.7 143 0
    endloop
  endfacet
  facet normal 0 0 -1
    outer loop
      vertex 84 135.527 0
      vertex 86 132.558 0
      vertex 84 131.403 0
    endloop
  endfacet
  facet normal 0 0 -1
    outer loop
      vertex 86 132.558 0
      vertex 84 135.527 0
      vertex 84.2141 135.651 0
    endloop
  endfacet
  facet normal 0 0 -1
    outer loop
      vertex 87.7859 30.535 0
      vertex 84.2141 30.535 0
      vertex 86 33.628 0
    endloop
  endfacet
  facet normal 0 0 -1
    outer loop
      vertex 84 30.6586 0
      vertex 86 33.628 0
      vertex 84.2141 30.535 0
    endloop
  endfacet
  facet normal -0 0 -1
    outer loop
      vertex 86 33.628 0
      vertex 84 30.6586 0
      vertex 84 34.7827 0
    endloop
  endfacet
  facet normal 0 0 -1
    outer loop
      vertex 87.7859 48.721 0
      vertex 84.2141 48.721 0
      vertex 86 51.814 0
    endloop
  endfacet
  facet normal 0 0 -1
    outer loop
      vertex 84 48.8446 0
      vertex 86 51.814 0
      vertex 84.2141 48.721 0
    endloop
  endfacet
  facet normal -0 0 -1
    outer loop
      vertex 86 51.814 0
      vertex 84 48.8446 0
      vertex 84 52.9687 0
    endloop
  endfacet
  facet normal 0 0 -1
    outer loop
      vertex 87.7859 66.907 0
      vertex 84.2141 66.907 0
      vertex 86 70 0
    endloop
  endfacet
  facet normal 0 0 -1
    outer loop
      vertex 84 67.0306 0
      vertex 86 70 0
      vertex 84.2141 66.907 0
    endloop
  endfacet
  facet normal -0 0 -1
    outer loop
      vertex 86 70 0
      vertex 84 67.0306 0
      vertex 84 71.1547 0
    endloop
  endfacet
  facet normal 0 0 -1
    outer loop
      vertex 87.7859 85.093 0
      vertex 84.2141 85.093 0
      vertex 86 88.186 0
    endloop
  endfacet
  facet normal 0 0 -1
    outer loop
      vertex 84 85.2166 0
      vertex 86 88.186 0
      vertex 84.2141 85.093 0
    endloop
  endfacet
  facet normal -0 0 -1
    outer loop
      vertex 86 88.186 0
      vertex 84 85.2166 0
      vertex 84 89.3407 0
    endloop
  endfacet
  facet normal 0 0 -1
    outer loop
      vertex 87.7859 103.279 0
      vertex 84.2141 103.279 0
      vertex 86 106.372 0
    endloop
  endfacet
  facet normal 0 0 -1
    outer loop
      vertex 84 103.403 0
      vertex 86 106.372 0
      vertex 84.2141 103.279 0
    endloop
  endfacet
  facet normal -0 0 -1
    outer loop
      vertex 86 106.372 0
      vertex 84 103.403 0
      vertex 84 107.527 0
    endloop
  endfacet
  facet normal 0 0 -1
    outer loop
      vertex 87.7859 121.465 0
      vertex 84.2141 121.465 0
      vertex 86 124.558 0
    endloop
  endfacet
  facet normal 0 0 -1
    outer loop
      vertex 84 121.589 0
      vertex 86 124.558 0
      vertex 84.2141 121.465 0
    endloop
  endfacet
  facet normal -0 0 -1
    outer loop
      vertex 86 124.558 0
      vertex 84 121.589 0
      vertex 84 125.713 0
    endloop
  endfacet
  facet normal 0 0 -1
    outer loop
      vertex 93.0359 39.628 0
      vertex 89.4641 39.628 0
      vertex 91.25 42.721 0
    endloop
  endfacet
  facet normal 0 0 -1
    outer loop
      vertex 89.4641 39.628 0
      vertex 87.7859 44.721 0
      vertex 91.25 42.721 0
    endloop
  endfacet
  facet normal 0 0 -1
    outer loop
      vertex 84.2141 44.721 0
      vertex 87.7859 44.721 0
      vertex 86 41.628 0
    endloop
  endfacet
  facet normal 0 0 -1
    outer loop
      vertex 86 41.628 0
      vertex 87.7859 44.721 0
      vertex 89.4641 39.628 0
    endloop
  endfacet
  facet normal 0 0 -1
    outer loop
      vertex 93.0359 57.814 0
      vertex 89.4641 57.814 0
      vertex 91.25 60.907 0
    endloop
  endfacet
  facet normal 0 0 -1
    outer loop
      vertex 89.4641 57.814 0
      vertex 87.7859 62.907 0
      vertex 91.25 60.907 0
    endloop
  endfacet
  facet normal 0 0 -1
    outer loop
      vertex 84.2141 62.907 0
      vertex 87.7859 62.907 0
      vertex 86 59.814 0
    endloop
  endfacet
  facet normal 0 0 -1
    outer loop
      vertex 86 59.814 0
      vertex 87.7859 62.907 0
      vertex 89.4641 57.814 0
    endloop
  endfacet
  facet normal 0 0 -1
    outer loop
      vertex 93.0359 76 0
      vertex 89.4641 76 0
      vertex 91.25 79.093 0
    endloop
  endfacet
  facet normal 0 0 -1
    outer loop
      vertex 89.4641 76 0
      vertex 87.7859 81.093 0
      vertex 91.25 79.093 0
    endloop
  endfacet
  facet normal 0 0 -1
    outer loop
      vertex 84.2141 81.093 0
      vertex 87.7859 81.093 0
      vertex 86 78 0
    endloop
  endfacet
  facet normal 0 0 -1
    outer loop
      vertex 86 78 0
      vertex 87.7859 81.093 0
      vertex 89.4641 76 0
    endloop
  endfacet
  facet normal 0 0 -1
    outer loop
      vertex 93.0359 94.186 0
      vertex 89.4641 94.186 0
      vertex 91.25 97.279 0
    endloop
  endfacet
  facet normal 0 0 -1
    outer loop
      vertex 89.4641 94.186 0
      vertex 87.7859 99.279 0
      vertex 91.25 97.279 0
    endloop
  endfacet
  facet normal 0 0 -1
    outer loop
      vertex 84.2141 99.279 0
      vertex 87.7859 99.279 0
      vertex 86 96.186 0
    endloop
  endfacet
  facet normal 0 0 -1
    outer loop
      vertex 86 96.186 0
      vertex 87.7859 99.279 0
      vertex 89.4641 94.186 0
    endloop
  endfacet
  facet normal 0 0 -1
    outer loop
      vertex 93.0359 112.372 0
      vertex 89.4641 112.372 0
      vertex 91.25 115.465 0
    endloop
  endfacet
  facet normal 0 0 -1
    outer loop
      vertex 89.4641 112.372 0
      vertex 87.7859 117.465 0
      vertex 91.25 115.465 0
    endloop
  endfacet
  facet normal 0 0 -1
    outer loop
      vertex 84.2141 117.465 0
      vertex 87.7859 117.465 0
      vertex 86 114.372 0
    endloop
  endfacet
  facet normal 0 0 -1
    outer loop
      vertex 86 114.372 0
      vertex 87.7859 117.465 0
      vertex 89.4641 112.372 0
    endloop
  endfacet
  facet normal 0 0 -1
    outer loop
      vertex 93.0359 130.558 0
      vertex 89.4641 130.558 0
      vertex 91.25 133.651 0
    endloop
  endfacet
  facet normal 0 0 -1
    outer loop
      vertex 89.4641 130.558 0
      vertex 87.7859 135.651 0
      vertex 91.25 133.651 0
    endloop
  endfacet
  facet normal 0 0 -1
    outer loop
      vertex 84.2141 135.651 0
      vertex 87.7859 135.651 0
      vertex 86 132.558 0
    endloop
  endfacet
  facet normal 0 0 -1
    outer loop
      vertex 86 132.558 0
      vertex 87.7859 135.651 0
      vertex 89.4641 130.558 0
    endloop
  endfacet
  facet normal 0 0 -1
    outer loop
      vertex 93.0359 130.558 0
      vertex 94.7141 135.651 0
      vertex 96.5 132.558 0
    endloop
  endfacet
  facet normal 0 0 -1
    outer loop
      vertex 93.0359 130.558 0
      vertex 91.25 133.651 0
      vertex 94.7141 135.651 0
    endloop
  endfacet
  facet normal 0 0 -1
    outer loop
      vertex 93.0359 126.558 0
      vertex 89.4641 126.558 0
      vertex 93.0359 130.558 0
    endloop
  endfacet
  facet normal 0 0 -1
    outer loop
      vertex 89.4641 130.558 0
      vertex 93.0359 130.558 0
      vertex 89.4641 126.558 0
    endloop
  endfacet
  facet normal 0 0 -1
    outer loop
      vertex 87.7859 121.465 0
      vertex 89.4641 126.558 0
      vertex 91.25 123.465 0
    endloop
  endfacet
  facet normal 0 0 -1
    outer loop
      vertex 87.7859 121.465 0
      vertex 86 124.558 0
      vertex 89.4641 126.558 0
    endloop
  endfacet
  facet normal 0 0 -1
    outer loop
      vertex 87.7859 117.465 0
      vertex 84.2141 117.465 0
      vertex 87.7859 121.465 0
    endloop
  endfacet
  facet normal 0 0 -1
    outer loop
      vertex 84.2141 121.465 0
      vertex 87.7859 121.465 0
      vertex 84.2141 117.465 0
    endloop
  endfacet
  facet normal 0 0 -1
    outer loop
      vertex 84 117.341 0
      vertex 86 114.372 0
      vertex 84 113.217 0
    endloop
  endfacet
  facet normal 0 0 -1
    outer loop
      vertex 86 114.372 0
      vertex 84 117.341 0
      vertex 84.2141 117.465 0
    endloop
  endfacet
  facet normal 0 0 -1
    outer loop
      vertex 98.2859 30.535 0
      vertex 94.7141 30.535 0
      vertex 96.5 33.628 0
    endloop
  endfacet
  facet normal 0 0 -1
    outer loop
      vertex 94.7141 30.535 0
      vertex 93.0359 35.628 0
      vertex 96.5 33.628 0
    endloop
  endfacet
  facet normal 0 0 -1
    outer loop
      vertex 89.4641 35.628 0
      vertex 93.0359 35.628 0
      vertex 91.25 32.535 0
    endloop
  endfacet
  facet normal 0 0 -1
    outer loop
      vertex 91.25 32.535 0
      vertex 93.0359 35.628 0
      vertex 94.7141 30.535 0
    endloop
  endfacet
  facet normal 0 0 -1
    outer loop
      vertex 98.2859 48.721 0
      vertex 94.7141 48.721 0
      vertex 96.5 51.814 0
    endloop
  endfacet
  facet normal 0 0 -1
    outer loop
      vertex 94.7141 48.721 0
      vertex 93.0359 53.814 0
      vertex 96.5 51.814 0
    endloop
  endfacet
  facet normal 0 0 -1
    outer loop
      vertex 89.4641 53.814 0
      vertex 93.0359 53.814 0
      vertex 91.25 50.721 0
    endloop
  endfacet
  facet normal 0 0 -1
    outer loop
      vertex 91.25 50.721 0
      vertex 93.0359 53.814 0
      vertex 94.7141 48.721 0
    endloop
  endfacet
  facet normal 0 0 -1
    outer loop
      vertex 98.2859 66.907 0
      vertex 94.7141 66.907 0
      vertex 96.5 70 0
    endloop
  endfacet
  facet normal 0 0 -1
    outer loop
      vertex 94.7141 66.907 0
      vertex 93.0359 72 0
      vertex 96.5 70 0
    endloop
  endfacet
  facet normal 0 0 -1
    outer loop
      vertex 89.4641 72 0
      vertex 93.0359 72 0
      vertex 91.25 68.907 0
    endloop
  endfacet
  facet normal 0 0 -1
    outer loop
      vertex 91.25 68.907 0
      vertex 93.0359 72 0
      vertex 94.7141 66.907 0
    endloop
  endfacet
  facet normal 0 0 -1
    outer loop
      vertex 98.2859 85.093 0
      vertex 94.7141 85.093 0
      vertex 96.5 88.186 0
    endloop
  endfacet
  facet normal 0 0 -1
    outer loop
      vertex 94.7141 85.093 0
      vertex 93.0359 90.186 0
      vertex 96.5 88.186 0
    endloop
  endfacet
  facet normal 0 0 -1
    outer loop
      vertex 89.4641 90.186 0
      vertex 93.0359 90.186 0
      vertex 91.25 87.093 0
    endloop
  endfacet
  facet normal 0 0 -1
    outer loop
      vertex 91.25 87.093 0
      vertex 93.0359 90.186 0
      vertex 94.7141 85.093 0
    endloop
  endfacet
  facet normal 0 0 -1
    outer loop
      vertex 98.2859 103.279 0
      vertex 94.7141 103.279 0
      vertex 96.5 106.372 0
    endloop
  endfacet
  facet normal 0 0 -1
    outer loop
      vertex 94.7141 103.279 0
      vertex 93.0359 108.372 0
      vertex 96.5 106.372 0
    endloop
  endfacet
  facet normal 0 0 -1
    outer loop
      vertex 89.4641 108.372 0
      vertex 93.0359 108.372 0
      vertex 91.25 105.279 0
    endloop
  endfacet
  facet normal 0 0 -1
    outer loop
      vertex 91.25 105.279 0
      vertex 93.0359 108.372 0
      vertex 94.7141 103.279 0
    endloop
  endfacet
  facet normal 0 0 -1
    outer loop
      vertex 98.2859 121.465 0
      vertex 94.7141 121.465 0
      vertex 96.5 124.558 0
    endloop
  endfacet
  facet normal 0 0 -1
    outer loop
      vertex 94.7141 121.465 0
      vertex 93.0359 126.558 0
      vertex 96.5 124.558 0
    endloop
  endfacet
  facet normal 0 0 -1
    outer loop
      vertex 89.4641 126.558 0
      vertex 93.0359 126.558 0
      vertex 91.25 123.465 0
    endloop
  endfacet
  facet normal 0 0 -1
    outer loop
      vertex 91.25 123.465 0
      vertex 93.0359 126.558 0
      vertex 94.7141 121.465 0
    endloop
  endfacet
  facet normal 0 0 -1
    outer loop
      vertex 103.536 39.628 0
      vertex 99.9641 39.628 0
      vertex 101.75 42.721 0
    endloop
  endfacet
  facet normal 0 0 -1
    outer loop
      vertex 99.9641 39.628 0
      vertex 98.2859 44.721 0
      vertex 101.75 42.721 0
    endloop
  endfacet
  facet normal 0 0 -1
    outer loop
      vertex 94.7141 44.721 0
      vertex 98.2859 44.721 0
      vertex 96.5 41.628 0
    endloop
  endfacet
  facet normal 0 0 -1
    outer loop
      vertex 96.5 41.628 0
      vertex 98.2859 44.721 0
      vertex 99.9641 39.628 0
    endloop
  endfacet
  facet normal 0 0 -1
    outer loop
      vertex 103.536 57.814 0
      vertex 99.9641 57.814 0
      vertex 101.75 60.907 0
    endloop
  endfacet
  facet normal 0 0 -1
    outer loop
      vertex 99.9641 57.814 0
      vertex 98.2859 62.907 0
      vertex 101.75 60.907 0
    endloop
  endfacet
  facet normal 0 0 -1
    outer loop
      vertex 94.7141 62.907 0
      vertex 98.2859 62.907 0
      vertex 96.5 59.814 0
    endloop
  endfacet
  facet normal 0 0 -1
    outer loop
      vertex 96.5 59.814 0
      vertex 98.2859 62.907 0
      vertex 99.9641 57.814 0
    endloop
  endfacet
  facet normal 0 0 -1
    outer loop
      vertex 103.536 76 0
      vertex 99.9641 76 0
      vertex 101.75 79.093 0
    endloop
  endfacet
  facet normal 0 0 -1
    outer loop
      vertex 99.9641 76 0
      vertex 98.2859 81.093 0
      vertex 101.75 79.093 0
    endloop
  endfacet
  facet normal 0 0 -1
    outer loop
      vertex 94.7141 81.093 0
      vertex 98.2859 81.093 0
      vertex 96.5 78 0
    endloop
  endfacet
  facet normal 0 0 -1
    outer loop
      vertex 96.5 78 0
      vertex 98.2859 81.093 0
      vertex 99.9641 76 0
    endloop
  endfacet
  facet normal 0 0 -1
    outer loop
      vertex 103.536 94.186 0
      vertex 99.9641 94.186 0
      vertex 101.75 97.279 0
    endloop
  endfacet
  facet normal 0 0 -1
    outer loop
      vertex 99.9641 94.186 0
      vertex 98.2859 99.279 0
      vertex 101.75 97.279 0
    endloop
  endfacet
  facet normal 0 0 -1
    outer loop
      vertex 94.7141 99.279 0
      vertex 98.2859 99.279 0
      vertex 96.5 96.186 0
    endloop
  endfacet
  facet normal 0 0 -1
    outer loop
      vertex 96.5 96.186 0
      vertex 98.2859 99.279 0
      vertex 99.9641 94.186 0
    endloop
  endfacet
  facet normal 0 0 -1
    outer loop
      vertex 103.536 112.372 0
      vertex 99.9641 112.372 0
      vertex 101.75 115.465 0
    endloop
  endfacet
  facet normal 0 0 -1
    outer loop
      vertex 99.9641 112.372 0
      vertex 98.2859 117.465 0
      vertex 101.75 115.465 0
    endloop
  endfacet
  facet normal 0 0 -1
    outer loop
      vertex 94.7141 117.465 0
      vertex 98.2859 117.465 0
      vertex 96.5 114.372 0
    endloop
  endfacet
  facet normal 0 0 -1
    outer loop
      vertex 96.5 114.372 0
      vertex 98.2859 117.465 0
      vertex 99.9641 112.372 0
    endloop
  endfacet
  facet normal 0 0 -1
    outer loop
      vertex 103.536 130.558 0
      vertex 99.9641 130.558 0
      vertex 101.75 133.651 0
    endloop
  endfacet
  facet normal 0 0 -1
    outer loop
      vertex 99.9641 130.558 0
      vertex 98.2859 135.651 0
      vertex 101.75 133.651 0
    endloop
  endfacet
  facet normal 0 0 -1
    outer loop
      vertex 94.7141 135.651 0
      vertex 98.2859 135.651 0
      vertex 96.5 132.558 0
    endloop
  endfacet
  facet normal 0 0 -1
    outer loop
      vertex 96.5 132.558 0
      vertex 98.2859 135.651 0
      vertex 99.9641 130.558 0
    endloop
  endfacet
  facet normal 0 0 -1
    outer loop
      vertex 103.536 130.558 0
      vertex 105.214 135.651 0
      vertex 107 132.558 0
    endloop
  endfacet
  facet normal 0 0 -1
    outer loop
      vertex 103.536 130.558 0
      vertex 101.75 133.651 0
      vertex 105.214 135.651 0
    endloop
  endfacet
  facet normal 0 0 -1
    outer loop
      vertex 103.536 126.558 0
      vertex 99.9641 126.558 0
      vertex 103.536 130.558 0
    endloop
  endfacet
  facet normal 0 0 -1
    outer loop
      vertex 99.9641 130.558 0
      vertex 103.536 130.558 0
      vertex 99.9641 126.558 0
    endloop
  endfacet
  facet normal 0 0 -1
    outer loop
      vertex 98.2859 121.465 0
      vertex 99.9641 126.558 0
      vertex 101.75 123.465 0
    endloop
  endfacet
  facet normal 0 0 -1
    outer loop
      vertex 98.2859 121.465 0
      vertex 96.5 124.558 0
      vertex 99.9641 126.558 0
    endloop
  endfacet
  facet normal 0 0 -1
    outer loop
      vertex 98.2859 117.465 0
      vertex 94.7141 117.465 0
      vertex 98.2859 121.465 0
    endloop
  endfacet
  facet normal 0 0 -1
    outer loop
      vertex 94.7141 121.465 0
      vertex 98.2859 121.465 0
      vertex 94.7141 117.465 0
    endloop
  endfacet
  facet normal 0 0 -1
    outer loop
      vertex 93.0359 112.372 0
      vertex 94.7141 117.465 0
      vertex 96.5 114.372 0
    endloop
  endfacet
  facet normal 0 0 -1
    outer loop
      vertex 93.0359 112.372 0
      vertex 91.25 115.465 0
      vertex 94.7141 117.465 0
    endloop
  endfacet
  facet normal 0 0 -1
    outer loop
      vertex 93.0359 108.372 0
      vertex 89.4641 108.372 0
      vertex 93.0359 112.372 0
    endloop
  endfacet
  facet normal 0 0 -1
    outer loop
      vertex 89.4641 112.372 0
      vertex 93.0359 112.372 0
      vertex 89.4641 108.372 0
    endloop
  endfacet
  facet normal 0 0 -1
    outer loop
      vertex 87.7859 103.279 0
      vertex 89.4641 108.372 0
      vertex 91.25 105.279 0
    endloop
  endfacet
  facet normal 0 0 -1
    outer loop
      vertex 87.7859 103.279 0
      vertex 86 106.372 0
      vertex 89.4641 108.372 0
    endloop
  endfacet
  facet normal 0 0 -1
    outer loop
      vertex 87.7859 99.279 0
      vertex 84.2141 99.279 0
      vertex 87.7859 103.279 0
    endloop
  endfacet
  facet normal 0 0 -1
    outer loop
      vertex 84.2141 103.279 0
      vertex 87.7859 103.279 0
      vertex 84.2141 99.279 0
    endloop
  endfacet
  facet normal 0 0 -1
    outer loop
      vertex 84 99.1554 0
      vertex 86 96.186 0
      vertex 84 95.0313 0
    endloop
  endfacet
  facet normal 0 0 -1
    outer loop
      vertex 86 96.186 0
      vertex 84 99.1554 0
      vertex 84.2141 99.279 0
    endloop
  endfacet
  facet normal 0 0 -1
    outer loop
      vertex 108.786 30.535 0
      vertex 105.214 30.535 0
      vertex 107 33.628 0
    endloop
  endfacet
  facet normal 0 0 -1
    outer loop
      vertex 105.214 30.535 0
      vertex 103.536 35.628 0
      vertex 107 33.628 0
    endloop
  endfacet
  facet normal 0 0 -1
    outer loop
      vertex 99.9641 35.628 0
      vertex 103.536 35.628 0
      vertex 101.75 32.535 0
    endloop
  endfacet
  facet normal 0 0 -1
    outer loop
      vertex 101.75 32.535 0
      vertex 103.536 35.628 0
      vertex 105.214 30.535 0
    endloop
  endfacet
  facet normal 0 0 -1
    outer loop
      vertex 108.786 48.721 0
      vertex 105.214 48.721 0
      vertex 107 51.814 0
    endloop
  endfacet
  facet normal 0 0 -1
    outer loop
      vertex 105.214 48.721 0
      vertex 103.536 53.814 0
      vertex 107 51.814 0
    endloop
  endfacet
  facet normal 0 0 -1
    outer loop
      vertex 99.9641 53.814 0
      vertex 103.536 53.814 0
      vertex 101.75 50.721 0
    endloop
  endfacet
  facet normal 0 0 -1
    outer loop
      vertex 101.75 50.721 0
      vertex 103.536 53.814 0
      vertex 105.214 48.721 0
    endloop
  endfacet
  facet normal 0 0 -1
    outer loop
      vertex 108.786 66.907 0
      vertex 105.214 66.907 0
      vertex 107 70 0
    endloop
  endfacet
  facet normal 0 0 -1
    outer loop
      vertex 105.214 66.907 0
      vertex 103.536 72 0
      vertex 107 70 0
    endloop
  endfacet
  facet normal 0 0 -1
    outer loop
      vertex 99.9641 72 0
      vertex 103.536 72 0
      vertex 101.75 68.907 0
    endloop
  endfacet
  facet normal 0 0 -1
    outer loop
      vertex 101.75 68.907 0
      vertex 103.536 72 0
      vertex 105.214 66.907 0
    endloop
  endfacet
  facet normal 0 0 -1
    outer loop
      vertex 108.786 85.093 0
      vertex 105.214 85.093 0
      vertex 107 88.186 0
    endloop
  endfacet
  facet normal 0 0 -1
    outer loop
      vertex 105.214 85.093 0
      vertex 103.536 90.186 0
      vertex 107 88.186 0
    endloop
  endfacet
  facet normal 0 0 -1
    outer loop
      vertex 99.9641 90.186 0
      vertex 103.536 90.186 0
      vertex 101.75 87.093 0
    endloop
  endfacet
  facet normal 0 0 -1
    outer loop
      vertex 101.75 87.093 0
      vertex 103.536 90.186 0
      vertex 105.214 85.093 0
    endloop
  endfacet
  facet normal 0 0 -1
    outer loop
      vertex 108.786 103.279 0
      vertex 105.214 103.279 0
      vertex 107 106.372 0
    endloop
  endfacet
  facet normal 0 0 -1
    outer loop
      vertex 105.214 103.279 0
      vertex 103.536 108.372 0
      vertex 107 106.372 0
    endloop
  endfacet
  facet normal 0 0 -1
    outer loop
      vertex 99.9641 108.372 0
      vertex 103.536 108.372 0
      vertex 101.75 105.279 0
    endloop
  endfacet
  facet normal 0 0 -1
    outer loop
      vertex 101.75 105.279 0
      vertex 103.536 108.372 0
      vertex 105.214 103.279 0
    endloop
  endfacet
  facet normal 0 0 -1
    outer loop
      vertex 108.786 121.465 0
      vertex 105.214 121.465 0
      vertex 107 124.558 0
    endloop
  endfacet
  facet normal 0 0 -1
    outer loop
      vertex 105.214 121.465 0
      vertex 103.536 126.558 0
      vertex 107 124.558 0
    endloop
  endfacet
  facet normal 0 0 -1
    outer loop
      vertex 99.9641 126.558 0
      vertex 103.536 126.558 0
      vertex 101.75 123.465 0
    endloop
  endfacet
  facet normal 0 0 -1
    outer loop
      vertex 101.75 123.465 0
      vertex 103.536 126.558 0
      vertex 105.214 121.465 0
    endloop
  endfacet
  facet normal 0 0 -1
    outer loop
      vertex 114.036 39.628 0
      vertex 110.464 39.628 0
      vertex 112.25 42.721 0
    endloop
  endfacet
  facet normal 0 0 -1
    outer loop
      vertex 110.464 39.628 0
      vertex 108.786 44.721 0
      vertex 112.25 42.721 0
    endloop
  endfacet
  facet normal 0 0 -1
    outer loop
      vertex 105.214 44.721 0
      vertex 108.786 44.721 0
      vertex 107 41.628 0
    endloop
  endfacet
  facet normal 0 0 -1
    outer loop
      vertex 107 41.628 0
      vertex 108.786 44.721 0
      vertex 110.464 39.628 0
    endloop
  endfacet
  facet normal 0 0 -1
    outer loop
      vertex 114.036 57.814 0
      vertex 110.464 57.814 0
      vertex 112.25 60.907 0
    endloop
  endfacet
  facet normal 0 0 -1
    outer loop
      vertex 110.464 57.814 0
      vertex 108.786 62.907 0
      vertex 112.25 60.907 0
    endloop
  endfacet
  facet normal 0 0 -1
    outer loop
      vertex 105.214 62.907 0
      vertex 108.786 62.907 0
      vertex 107 59.814 0
    endloop
  endfacet
  facet normal 0 0 -1
    outer loop
      vertex 107 59.814 0
      vertex 108.786 62.907 0
      vertex 110.464 57.814 0
    endloop
  endfacet
  facet normal 0 0 -1
    outer loop
      vertex 114.036 76 0
      vertex 110.464 76 0
      vertex 112.25 79.093 0
    endloop
  endfacet
  facet normal 0 0 -1
    outer loop
      vertex 110.464 76 0
      vertex 108.786 81.093 0
      vertex 112.25 79.093 0
    endloop
  endfacet
  facet normal 0 0 -1
    outer loop
      vertex 105.214 81.093 0
      vertex 108.786 81.093 0
      vertex 107 78 0
    endloop
  endfacet
  facet normal 0 0 -1
    outer loop
      vertex 107 78 0
      vertex 108.786 81.093 0
      vertex 110.464 76 0
    endloop
  endfacet
  facet normal 0 0 -1
    outer loop
      vertex 114.036 94.186 0
      vertex 110.464 94.186 0
      vertex 112.25 97.279 0
    endloop
  endfacet
  facet normal 0 0 -1
    outer loop
      vertex 110.464 94.186 0
      vertex 108.786 99.279 0
      vertex 112.25 97.279 0
    endloop
  endfacet
  facet normal 0 0 -1
    outer loop
      vertex 105.214 99.279 0
      vertex 108.786 99.279 0
      vertex 107 96.186 0
    endloop
  endfacet
  facet normal 0 0 -1
    outer loop
      vertex 107 96.186 0
      vertex 108.786 99.279 0
      vertex 110.464 94.186 0
    endloop
  endfacet
  facet normal 0 0 -1
    outer loop
      vertex 114.036 112.372 0
      vertex 110.464 112.372 0
      vertex 112.25 115.465 0
    endloop
  endfacet
  facet normal 0 0 -1
    outer loop
      vertex 110.464 112.372 0
      vertex 108.786 117.465 0
      vertex 112.25 115.465 0
    endloop
  endfacet
  facet normal 0 0 -1
    outer loop
      vertex 105.214 117.465 0
      vertex 108.786 117.465 0
      vertex 107 114.372 0
    endloop
  endfacet
  facet normal 0 0 -1
    outer loop
      vertex 107 114.372 0
      vertex 108.786 117.465 0
      vertex 110.464 112.372 0
    endloop
  endfacet
  facet normal 0 0 -1
    outer loop
      vertex 114.036 130.558 0
      vertex 110.464 130.558 0
      vertex 112.25 133.651 0
    endloop
  endfacet
  facet normal 0 0 -1
    outer loop
      vertex 110.464 130.558 0
      vertex 108.786 135.651 0
      vertex 112.25 133.651 0
    endloop
  endfacet
  facet normal 0 0 -1
    outer loop
      vertex 105.214 135.651 0
      vertex 108.786 135.651 0
      vertex 107 132.558 0
    endloop
  endfacet
  facet normal 0 0 -1
    outer loop
      vertex 107 132.558 0
      vertex 108.786 135.651 0
      vertex 110.464 130.558 0
    endloop
  endfacet
  facet normal 0 0 -1
    outer loop
      vertex 114.036 130.558 0
      vertex 115.714 135.651 0
      vertex 117.5 132.558 0
    endloop
  endfacet
  facet normal 0 0 -1
    outer loop
      vertex 114.036 130.558 0
      vertex 112.25 133.651 0
      vertex 115.714 135.651 0
    endloop
  endfacet
  facet normal 0 0 -1
    outer loop
      vertex 114.036 126.558 0
      vertex 110.464 126.558 0
      vertex 114.036 130.558 0
    endloop
  endfacet
  facet normal 0 0 -1
    outer loop
      vertex 110.464 130.558 0
      vertex 114.036 130.558 0
      vertex 110.464 126.558 0
    endloop
  endfacet
  facet normal 0 0 -1
    outer loop
      vertex 108.786 121.465 0
      vertex 110.464 126.558 0
      vertex 112.25 123.465 0
    endloop
  endfacet
  facet normal 0 0 -1
    outer loop
      vertex 108.786 121.465 0
      vertex 107 124.558 0
      vertex 110.464 126.558 0
    endloop
  endfacet
  facet normal 0 0 -1
    outer loop
      vertex 108.786 117.465 0
      vertex 105.214 117.465 0
      vertex 108.786 121.465 0
    endloop
  endfacet
  facet normal 0 0 -1
    outer loop
      vertex 105.214 121.465 0
      vertex 108.786 121.465 0
      vertex 105.214 117.465 0
    endloop
  endfacet
  facet normal 0 0 -1
    outer loop
      vertex 103.536 112.372 0
      vertex 105.214 117.465 0
      vertex 107 114.372 0
    endloop
  endfacet
  facet normal 0 0 -1
    outer loop
      vertex 103.536 112.372 0
      vertex 101.75 115.465 0
      vertex 105.214 117.465 0
    endloop
  endfacet
  facet normal 0 0 -1
    outer loop
      vertex 103.536 108.372 0
      vertex 99.9641 108.372 0
      vertex 103.536 112.372 0
    endloop
  endfacet
  facet normal 0 0 -1
    outer loop
      vertex 99.9641 112.372 0
      vertex 103.536 112.372 0
      vertex 99.9641 108.372 0
    endloop
  endfacet
  facet normal 0 0 -1
    outer loop
      vertex 98.2859 103.279 0
      vertex 99.9641 108.372 0
      vertex 101.75 105.279 0
    endloop
  endfacet
  facet normal 0 0 -1
    outer loop
      vertex 98.2859 103.279 0
      vertex 96.5 106.372 0
      vertex 99.9641 108.372 0
    endloop
  endfacet
  facet normal 0 0 -1
    outer loop
      vertex 98.2859 99.279 0
      vertex 94.7141 99.279 0
      vertex 98.2859 103.279 0
    endloop
  endfacet
  facet normal 0 0 -1
    outer loop
      vertex 94.7141 103.279 0
      vertex 98.2859 103.279 0
      vertex 94.7141 99.279 0
    endloop
  endfacet
  facet normal 0 0 -1
    outer loop
      vertex 93.0359 94.186 0
      vertex 94.7141 99.279 0
      vertex 96.5 96.186 0
    endloop
  endfacet
  facet normal 0 0 -1
    outer loop
      vertex 93.0359 94.186 0
      vertex 91.25 97.279 0
      vertex 94.7141 99.279 0
    endloop
  endfacet
  facet normal 0 0 -1
    outer loop
      vertex 93.0359 90.186 0
      vertex 89.4641 90.186 0
      vertex 93.0359 94.186 0
    endloop
  endfacet
  facet normal 0 0 -1
    outer loop
      vertex 89.4641 94.186 0
      vertex 93.0359 94.186 0
      vertex 89.4641 90.186 0
    endloop
  endfacet
  facet normal 0 0 -1
    outer loop
      vertex 87.7859 85.093 0
      vertex 89.4641 90.186 0
      vertex 91.25 87.093 0
    endloop
  endfacet
  facet normal 0 0 -1
    outer loop
      vertex 87.7859 85.093 0
      vertex 86 88.186 0
      vertex 89.4641 90.186 0
    endloop
  endfacet
  facet normal 0 0 -1
    outer loop
      vertex 87.7859 81.093 0
      vertex 84.2141 81.093 0
      vertex 87.7859 85.093 0
    endloop
  endfacet
  facet normal 0 0 -1
    outer loop
      vertex 84.2141 85.093 0
      vertex 87.7859 85.093 0
      vertex 84.2141 81.093 0
    endloop
  endfacet
  facet normal 0 0 -1
    outer loop
      vertex 84 80.9694 0
      vertex 86 78 0
      vertex 84 76.8453 0
    endloop
  endfacet
  facet normal 0 0 -1
    outer loop
      vertex 86 78 0
      vertex 84 80.9694 0
      vertex 84.2141 81.093 0
    endloop
  endfacet
  facet normal 0 0 -1
    outer loop
      vertex 119.286 30.535 0
      vertex 115.714 30.535 0
      vertex 117.5 33.628 0
    endloop
  endfacet
  facet normal 0 0 -1
    outer loop
      vertex 115.714 30.535 0
      vertex 114.036 35.628 0
      vertex 117.5 33.628 0
    endloop
  endfacet
  facet normal 0 0 -1
    outer loop
      vertex 110.464 35.628 0
      vertex 114.036 35.628 0
      vertex 112.25 32.535 0
    endloop
  endfacet
  facet normal 0 0 -1
    outer loop
      vertex 112.25 32.535 0
      vertex 114.036 35.628 0
      vertex 115.714 30.535 0
    endloop
  endfacet
  facet normal 0 0 -1
    outer loop
      vertex 119.286 48.721 0
      vertex 115.714 48.721 0
      vertex 117.5 51.814 0
    endloop
  endfacet
  facet normal 0 0 -1
    outer loop
      vertex 115.714 48.721 0
      vertex 114.036 53.814 0
      vertex 117.5 51.814 0
    endloop
  endfacet
  facet normal 0 0 -1
    outer loop
      vertex 110.464 53.814 0
      vertex 114.036 53.814 0
      vertex 112.25 50.721 0
    endloop
  endfacet
  facet normal 0 0 -1
    outer loop
      vertex 112.25 50.721 0
      vertex 114.036 53.814 0
      vertex 115.714 48.721 0
    endloop
  endfacet
  facet normal 0 0 -1
    outer loop
      vertex 119.286 66.907 0
      vertex 115.714 66.907 0
      vertex 117.5 70 0
    endloop
  endfacet
  facet normal 0 0 -1
    outer loop
      vertex 115.714 66.907 0
      vertex 114.036 72 0
      vertex 117.5 70 0
    endloop
  endfacet
  facet normal 0 0 -1
    outer loop
      vertex 110.464 72 0
      vertex 114.036 72 0
      vertex 112.25 68.907 0
    endloop
  endfacet
  facet normal 0 0 -1
    outer loop
      vertex 112.25 68.907 0
      vertex 114.036 72 0
      vertex 115.714 66.907 0
    endloop
  endfacet
  facet normal 0 0 -1
    outer loop
      vertex 119.286 85.093 0
      vertex 115.714 85.093 0
      vertex 117.5 88.186 0
    endloop
  endfacet
  facet normal 0 0 -1
    outer loop
      vertex 115.714 85.093 0
      vertex 114.036 90.186 0
      vertex 117.5 88.186 0
    endloop
  endfacet
  facet normal 0 0 -1
    outer loop
      vertex 110.464 90.186 0
      vertex 114.036 90.186 0
      vertex 112.25 87.093 0
    endloop
  endfacet
  facet normal 0 0 -1
    outer loop
      vertex 112.25 87.093 0
      vertex 114.036 90.186 0
      vertex 115.714 85.093 0
    endloop
  endfacet
  facet normal 0 0 -1
    outer loop
      vertex 119.286 103.279 0
      vertex 115.714 103.279 0
      vertex 117.5 106.372 0
    endloop
  endfacet
  facet normal 0 0 -1
    outer loop
      vertex 115.714 103.279 0
      vertex 114.036 108.372 0
      vertex 117.5 106.372 0
    endloop
  endfacet
  facet normal 0 0 -1
    outer loop
      vertex 110.464 108.372 0
      vertex 114.036 108.372 0
      vertex 112.25 105.279 0
    endloop
  endfacet
  facet normal 0 0 -1
    outer loop
      vertex 112.25 105.279 0
      vertex 114.036 108.372 0
      vertex 115.714 103.279 0
    endloop
  endfacet
  facet normal 0 0 -1
    outer loop
      vertex 119.286 121.465 0
      vertex 115.714 121.465 0
      vertex 117.5 124.558 0
    endloop
  endfacet
  facet normal 0 0 -1
    outer loop
      vertex 115.714 121.465 0
      vertex 114.036 126.558 0
      vertex 117.5 124.558 0
    endloop
  endfacet
  facet normal 0 0 -1
    outer loop
      vertex 110.464 126.558 0
      vertex 114.036 126.558 0
      vertex 112.25 123.465 0
    endloop
  endfacet
  facet normal 0 0 -1
    outer loop
      vertex 112.25 123.465 0
      vertex 114.036 126.558 0
      vertex 115.714 121.465 0
    endloop
  endfacet
  facet normal 0 0 -1
    outer loop
      vertex 124.536 39.628 0
      vertex 120.964 39.628 0
      vertex 122.75 42.721 0
    endloop
  endfacet
  facet normal 0 0 -1
    outer loop
      vertex 120.964 39.628 0
      vertex 119.286 44.721 0
      vertex 122.75 42.721 0
    endloop
  endfacet
  facet normal 0 0 -1
    outer loop
      vertex 115.714 44.721 0
      vertex 119.286 44.721 0
      vertex 117.5 41.628 0
    endloop
  endfacet
  facet normal 0 0 -1
    outer loop
      vertex 117.5 41.628 0
      vertex 119.286 44.721 0
      vertex 120.964 39.628 0
    endloop
  endfacet
  facet normal 0 0 -1
    outer loop
      vertex 124.536 57.814 0
      vertex 120.964 57.814 0
      vertex 122.75 60.907 0
    endloop
  endfacet
  facet normal 0 0 -1
    outer loop
      vertex 120.964 57.814 0
      vertex 119.286 62.907 0
      vertex 122.75 60.907 0
    endloop
  endfacet
  facet normal 0 0 -1
    outer loop
      vertex 115.714 62.907 0
      vertex 119.286 62.907 0
      vertex 117.5 59.814 0
    endloop
  endfacet
  facet normal 0 0 -1
    outer loop
      vertex 117.5 59.814 0
      vertex 119.286 62.907 0
      vertex 120.964 57.814 0
    endloop
  endfacet
  facet normal 0 0 -1
    outer loop
      vertex 124.536 76 0
      vertex 120.964 76 0
      vertex 122.75 79.093 0
    endloop
  endfacet
  facet normal 0 0 -1
    outer loop
      vertex 120.964 76 0
      vertex 119.286 81.093 0
      vertex 122.75 79.093 0
    endloop
  endfacet
  facet normal 0 0 -1
    outer loop
      vertex 115.714 81.093 0
      vertex 119.286 81.093 0
      vertex 117.5 78 0
    endloop
  endfacet
  facet normal 0 0 -1
    outer loop
      vertex 117.5 78 0
      vertex 119.286 81.093 0
      vertex 120.964 76 0
    endloop
  endfacet
  facet normal 0 0 -1
    outer loop
      vertex 124.536 94.186 0
      vertex 120.964 94.186 0
      vertex 122.75 97.279 0
    endloop
  endfacet
  facet normal 0 0 -1
    outer loop
      vertex 120.964 94.186 0
      vertex 119.286 99.279 0
      vertex 122.75 97.279 0
    endloop
  endfacet
  facet normal 0 0 -1
    outer loop
      vertex 115.714 99.279 0
      vertex 119.286 99.279 0
      vertex 117.5 96.186 0
    endloop
  endfacet
  facet normal 0 0 -1
    outer loop
      vertex 117.5 96.186 0
      vertex 119.286 99.279 0
      vertex 120.964 94.186 0
    endloop
  endfacet
  facet normal 0 0 -1
    outer loop
      vertex 124.536 112.372 0
      vertex 120.964 112.372 0
      vertex 122.75 115.465 0
    endloop
  endfacet
  facet normal 0 0 -1
    outer loop
      vertex 120.964 112.372 0
      vertex 119.286 117.465 0
      vertex 122.75 115.465 0
    endloop
  endfacet
  facet normal 0 0 -1
    outer loop
      vertex 115.714 117.465 0
      vertex 119.286 117.465 0
      vertex 117.5 114.372 0
    endloop
  endfacet
  facet normal 0 0 -1
    outer loop
      vertex 117.5 114.372 0
      vertex 119.286 117.465 0
      vertex 120.964 112.372 0
    endloop
  endfacet
  facet normal 0 0 -1
    outer loop
      vertex 124.536 130.558 0
      vertex 120.964 130.558 0
      vertex 122.75 133.651 0
    endloop
  endfacet
  facet normal 0 0 -1
    outer loop
      vertex 120.964 130.558 0
      vertex 119.286 135.651 0
      vertex 122.75 133.651 0
    endloop
  endfacet
  facet normal 0 0 -1
    outer loop
      vertex 115.714 135.651 0
      vertex 119.286 135.651 0
      vertex 117.5 132.558 0
    endloop
  endfacet
  facet normal 0 0 -1
    outer loop
      vertex 117.5 132.558 0
      vertex 119.286 135.651 0
      vertex 120.964 130.558 0
    endloop
  endfacet
  facet normal 0 0 -1
    outer loop
      vertex 124.536 130.558 0
      vertex 126.214 135.651 0
      vertex 128 132.558 0
    endloop
  endfacet
  facet normal 0 0 -1
    outer loop
      vertex 124.536 130.558 0
      vertex 122.75 133.651 0
      vertex 126.214 135.651 0
    endloop
  endfacet
  facet normal 0 0 -1
    outer loop
      vertex 124.536 126.558 0
      vertex 120.964 126.558 0
      vertex 124.536 130.558 0
    endloop
  endfacet
  facet normal 0 0 -1
    outer loop
      vertex 120.964 130.558 0
      vertex 124.536 130.558 0
      vertex 120.964 126.558 0
    endloop
  endfacet
  facet normal 0 0 -1
    outer loop
      vertex 119.286 121.465 0
      vertex 120.964 126.558 0
      vertex 122.75 123.465 0
    endloop
  endfacet
  facet normal 0 0 -1
    outer loop
      vertex 119.286 121.465 0
      vertex 117.5 124.558 0
      vertex 120.964 126.558 0
    endloop
  endfacet
  facet normal 0 0 -1
    outer loop
      vertex 119.286 117.465 0
      vertex 115.714 117.465 0
      vertex 119.286 121.465 0
    endloop
  endfacet
  facet normal 0 0 -1
    outer loop
      vertex 115.714 121.465 0
      vertex 119.286 121.465 0
      vertex 115.714 117.465 0
    endloop
  endfacet
  facet normal 0 0 -1
    outer loop
      vertex 114.036 112.372 0
      vertex 115.714 117.465 0
      vertex 117.5 114.372 0
    endloop
  endfacet
  facet normal 0 0 -1
    outer loop
      vertex 114.036 112.372 0
      vertex 112.25 115.465 0
      vertex 115.714 117.465 0
    endloop
  endfacet
  facet normal 0 0 -1
    outer loop
      vertex 114.036 108.372 0
      vertex 110.464 108.372 0
      vertex 114.036 112.372 0
    endloop
  endfacet
  facet normal 0 0 -1
    outer loop
      vertex 110.464 112.372 0
      vertex 114.036 112.372 0
      vertex 110.464 108.372 0
    endloop
  endfacet
  facet normal 0 0 -1
    outer loop
      vertex 108.786 103.279 0
      vertex 110.464 108.372 0
      vertex 112.25 105.279 0
    endloop
  endfacet
  facet normal 0 0 -1
    outer loop
      vertex 108.786 103.279 0
      vertex 107 106.372 0
      vertex 110.464 108.372 0
    endloop
  endfacet
  facet normal 0 0 -1
    outer loop
      vertex 108.786 99.279 0
      vertex 105.214 99.279 0
      vertex 108.786 103.279 0
    endloop
  endfacet
  facet normal 0 0 -1
    outer loop
      vertex 105.214 103.279 0
      vertex 108.786 103.279 0
      vertex 105.214 99.279 0
    endloop
  endfacet
  facet normal 0 0 -1
    outer loop
      vertex 103.536 94.186 0
      vertex 105.214 99.279 0
      vertex 107 96.186 0
    endloop
  endfacet
  facet normal 0 0 -1
    outer loop
      vertex 103.536 94.186 0
      vertex 101.75 97.279 0
      vertex 105.214 99.279 0
    endloop
  endfacet
  facet normal 0 0 -1
    outer loop
      vertex 103.536 90.186 0
      vertex 99.9641 90.186 0
      vertex 103.536 94.186 0
    endloop
  endfacet
  facet normal 0 0 -1
    outer loop
      vertex 99.9641 94.186 0
      vertex 103.536 94.186 0
      vertex 99.9641 90.186 0
    endloop
  endfacet
  facet normal 0 0 -1
    outer loop
      vertex 98.2859 85.093 0
      vertex 99.9641 90.186 0
      vertex 101.75 87.093 0
    endloop
  endfacet
  facet normal 0 0 -1
    outer loop
      vertex 98.2859 85.093 0
      vertex 96.5 88.186 0
      vertex 99.9641 90.186 0
    endloop
  endfacet
  facet normal 0 0 -1
    outer loop
      vertex 98.2859 81.093 0
      vertex 94.7141 81.093 0
      vertex 98.2859 85.093 0
    endloop
  endfacet
  facet normal 0 0 -1
    outer loop
      vertex 94.7141 85.093 0
      vertex 98.2859 85.093 0
      vertex 94.7141 81.093 0
    endloop
  endfacet
  facet normal 0 0 -1
    outer loop
      vertex 93.0359 76 0
      vertex 94.7141 81.093 0
      vertex 96.5 78 0
    endloop
  endfacet
  facet normal 0 0 -1
    outer loop
      vertex 93.0359 76 0
      vertex 91.25 79.093 0
      vertex 94.7141 81.093 0
    endloop
  endfacet
  facet normal 0 0 -1
    outer loop
      vertex 93.0359 72 0
      vertex 89.4641 72 0
      vertex 93.0359 76 0
    endloop
  endfacet
  facet normal 0 0 -1
    outer loop
      vertex 89.4641 76 0
      vertex 93.0359 76 0
      vertex 89.4641 72 0
    endloop
  endfacet
  facet normal 0 0 -1
    outer loop
      vertex 87.7859 66.907 0
      vertex 89.4641 72 0
      vertex 91.25 68.907 0
    endloop
  endfacet
  facet normal 0 0 -1
    outer loop
      vertex 87.7859 66.907 0
      vertex 86 70 0
      vertex 89.4641 72 0
    endloop
  endfacet
  facet normal 0 0 -1
    outer loop
      vertex 87.7859 62.907 0
      vertex 84.2141 62.907 0
      vertex 87.7859 66.907 0
    endloop
  endfacet
  facet normal 0 0 -1
    outer loop
      vertex 84.2141 66.907 0
      vertex 87.7859 66.907 0
      vertex 84.2141 62.907 0
    endloop
  endfacet
  facet normal 0 0 -1
    outer loop
      vertex 84 62.7834 0
      vertex 86 59.814 0
      vertex 84 58.6593 0
    endloop
  endfacet
  facet normal 0 0 -1
    outer loop
      vertex 86 59.814 0
      vertex 84 62.7834 0
      vertex 84.2141 62.907 0
    endloop
  endfacet
  facet normal 0 0 -1
    outer loop
      vertex 129.786 30.535 0
      vertex 126.214 30.535 0
      vertex 128 33.628 0
    endloop
  endfacet
  facet normal 0 0 -1
    outer loop
      vertex 126.214 30.535 0
      vertex 124.536 35.628 0
      vertex 128 33.628 0
    endloop
  endfacet
  facet normal 0 0 -1
    outer loop
      vertex 120.964 35.628 0
      vertex 124.536 35.628 0
      vertex 122.75 32.535 0
    endloop
  endfacet
  facet normal 0 0 -1
    outer loop
      vertex 122.75 32.535 0
      vertex 124.536 35.628 0
      vertex 126.214 30.535 0
    endloop
  endfacet
  facet normal 0 0 -1
    outer loop
      vertex 129.786 48.721 0
      vertex 126.214 48.721 0
      vertex 128 51.814 0
    endloop
  endfacet
  facet normal 0 0 -1
    outer loop
      vertex 126.214 48.721 0
      vertex 124.536 53.814 0
      vertex 128 51.814 0
    endloop
  endfacet
  facet normal 0 0 -1
    outer loop
      vertex 120.964 53.814 0
      vertex 124.536 53.814 0
      vertex 122.75 50.721 0
    endloop
  endfacet
  facet normal 0 0 -1
    outer loop
      vertex 122.75 50.721 0
      vertex 124.536 53.814 0
      vertex 126.214 48.721 0
    endloop
  endfacet
  facet normal 0 0 -1
    outer loop
      vertex 129.786 66.907 0
      vertex 126.214 66.907 0
      vertex 128 70 0
    endloop
  endfacet
  facet normal 0 0 -1
    outer loop
      vertex 126.214 66.907 0
      vertex 124.536 72 0
      vertex 128 70 0
    endloop
  endfacet
  facet normal 0 0 -1
    outer loop
      vertex 120.964 72 0
      vertex 124.536 72 0
      vertex 122.75 68.907 0
    endloop
  endfacet
  facet normal 0 0 -1
    outer loop
      vertex 122.75 68.907 0
      vertex 124.536 72 0
      vertex 126.214 66.907 0
    endloop
  endfacet
  facet normal 0 0 -1
    outer loop
      vertex 129.786 85.093 0
      vertex 126.214 85.093 0
      vertex 128 88.186 0
    endloop
  endfacet
  facet normal 0 0 -1
    outer loop
      vertex 126.214 85.093 0
      vertex 124.536 90.186 0
      vertex 128 88.186 0
    endloop
  endfacet
  facet normal 0 0 -1
    outer loop
      vertex 120.964 90.186 0
      vertex 124.536 90.186 0
      vertex 122.75 87.093 0
    endloop
  endfacet
  facet normal 0 0 -1
    outer loop
      vertex 122.75 87.093 0
      vertex 124.536 90.186 0
      vertex 126.214 85.093 0
    endloop
  endfacet
  facet normal 0 0 -1
    outer loop
      vertex 129.786 103.279 0
      vertex 126.214 103.279 0
      vertex 128 106.372 0
    endloop
  endfacet
  facet normal 0 0 -1
    outer loop
      vertex 126.214 103.279 0
      vertex 124.536 108.372 0
      vertex 128 106.372 0
    endloop
  endfacet
  facet normal 0 0 -1
    outer loop
      vertex 120.964 108.372 0
      vertex 124.536 108.372 0
      vertex 122.75 105.279 0
    endloop
  endfacet
  facet normal 0 0 -1
    outer loop
      vertex 122.75 105.279 0
      vertex 124.536 108.372 0
      vertex 126.214 103.279 0
    endloop
  endfacet
  facet normal 0 0 -1
    outer loop
      vertex 129.786 121.465 0
      vertex 126.214 121.465 0
      vertex 128 124.558 0
    endloop
  endfacet
  facet normal 0 0 -1
    outer loop
      vertex 126.214 121.465 0
      vertex 124.536 126.558 0
      vertex 128 124.558 0
    endloop
  endfacet
  facet normal 0 0 -1
    outer loop
      vertex 120.964 126.558 0
      vertex 124.536 126.558 0
      vertex 122.75 123.465 0
    endloop
  endfacet
  facet normal 0 0 -1
    outer loop
      vertex 122.75 123.465 0
      vertex 124.536 126.558 0
      vertex 126.214 121.465 0
    endloop
  endfacet
  facet normal 0 0 -1
    outer loop
      vertex 135.036 39.628 0
      vertex 131.464 39.628 0
      vertex 133.25 42.721 0
    endloop
  endfacet
  facet normal 0 0 -1
    outer loop
      vertex 131.464 39.628 0
      vertex 129.786 44.721 0
      vertex 133.25 42.721 0
    endloop
  endfacet
  facet normal 0 0 -1
    outer loop
      vertex 126.214 44.721 0
      vertex 129.786 44.721 0
      vertex 128 41.628 0
    endloop
  endfacet
  facet normal 0 0 -1
    outer loop
      vertex 128 41.628 0
      vertex 129.786 44.721 0
      vertex 131.464 39.628 0
    endloop
  endfacet
  facet normal 0 0 -1
    outer loop
      vertex 135.036 57.814 0
      vertex 131.464 57.814 0
      vertex 133.25 60.907 0
    endloop
  endfacet
  facet normal 0 0 -1
    outer loop
      vertex 131.464 57.814 0
      vertex 129.786 62.907 0
      vertex 133.25 60.907 0
    endloop
  endfacet
  facet normal 0 0 -1
    outer loop
      vertex 126.214 62.907 0
      vertex 129.786 62.907 0
      vertex 128 59.814 0
    endloop
  endfacet
  facet normal 0 0 -1
    outer loop
      vertex 128 59.814 0
      vertex 129.786 62.907 0
      vertex 131.464 57.814 0
    endloop
  endfacet
  facet normal 0 0 -1
    outer loop
      vertex 135.036 76 0
      vertex 131.464 76 0
      vertex 133.25 79.093 0
    endloop
  endfacet
  facet normal 0 0 -1
    outer loop
      vertex 131.464 76 0
      vertex 129.786 81.093 0
      vertex 133.25 79.093 0
    endloop
  endfacet
  facet normal 0 0 -1
    outer loop
      vertex 126.214 81.093 0
      vertex 129.786 81.093 0
      vertex 128 78 0
    endloop
  endfacet
  facet normal 0 0 -1
    outer loop
      vertex 128 78 0
      vertex 129.786 81.093 0
      vertex 131.464 76 0
    endloop
  endfacet
  facet normal 0 0 -1
    outer loop
      vertex 135.036 94.186 0
      vertex 131.464 94.186 0
      vertex 133.25 97.279 0
    endloop
  endfacet
  facet normal 0 0 -1
    outer loop
      vertex 131.464 94.186 0
      vertex 129.786 99.279 0
      vertex 133.25 97.279 0
    endloop
  endfacet
  facet normal 0 0 -1
    outer loop
      vertex 126.214 99.279 0
      vertex 129.786 99.279 0
      vertex 128 96.186 0
    endloop
  endfacet
  facet normal 0 0 -1
    outer loop
      vertex 128 96.186 0
      vertex 129.786 99.279 0
      vertex 131.464 94.186 0
    endloop
  endfacet
  facet normal 0 0 -1
    outer loop
      vertex 135.036 112.372 0
      vertex 131.464 112.372 0
      vertex 133.25 115.465 0
    endloop
  endfacet
  facet normal 0 0 -1
    outer loop
      vertex 131.464 112.372 0
      vertex 129.786 117.465 0
      vertex 133.25 115.465 0
    endloop
  endfacet
  facet normal 0 0 -1
    outer loop
      vertex 126.214 117.465 0
      vertex 129.786 117.465 0
      vertex 128 114.372 0
    endloop
  endfacet
  facet normal 0 0 -1
    outer loop
      vertex 128 114.372 0
      vertex 129.786 117.465 0
      vertex 131.464 112.372 0
    endloop
  endfacet
  facet normal 0 0 -1
    outer loop
      vertex 135.036 130.558 0
      vertex 131.464 130.558 0
      vertex 133.25 133.651 0
    endloop
  endfacet
  facet normal 0 0 -1
    outer loop
      vertex 131.464 130.558 0
      vertex 129.786 135.651 0
      vertex 133.25 133.651 0
    endloop
  endfacet
  facet normal 0 0 -1
    outer loop
      vertex 126.214 135.651 0
      vertex 129.786 135.651 0
      vertex 128 132.558 0
    endloop
  endfacet
  facet normal 0 0 -1
    outer loop
      vertex 128 132.558 0
      vertex 129.786 135.651 0
      vertex 131.464 130.558 0
    endloop
  endfacet
  facet normal 0 0 -1
    outer loop
      vertex 135.036 130.558 0
      vertex 136.714 135.651 0
      vertex 138.5 132.558 0
    endloop
  endfacet
  facet normal 0 0 -1
    outer loop
      vertex 135.036 130.558 0
      vertex 133.25 133.651 0
      vertex 136.714 135.651 0
    endloop
  endfacet
  facet normal 0 0 -1
    outer loop
      vertex 135.036 126.558 0
      vertex 131.464 126.558 0
      vertex 135.036 130.558 0
    endloop
  endfacet
  facet normal 0 0 -1
    outer loop
      vertex 131.464 130.558 0
      vertex 135.036 130.558 0
      vertex 131.464 126.558 0
    endloop
  endfacet
  facet normal 0 0 -1
    outer loop
      vertex 129.786 121.465 0
      vertex 131.464 126.558 0
      vertex 133.25 123.465 0
    endloop
  endfacet
  facet normal 0 0 -1
    outer loop
      vertex 129.786 121.465 0
      vertex 128 124.558 0
      vertex 131.464 126.558 0
    endloop
  endfacet
  facet normal 0 0 -1
    outer loop
      vertex 129.786 117.465 0
      vertex 126.214 117.465 0
      vertex 129.786 121.465 0
    endloop
  endfacet
  facet normal 0 0 -1
    outer loop
      vertex 126.214 121.465 0
      vertex 129.786 121.465 0
      vertex 126.214 117.465 0
    endloop
  endfacet
  facet normal 0 0 -1
    outer loop
      vertex 124.536 112.372 0
      vertex 126.214 117.465 0
      vertex 128 114.372 0
    endloop
  endfacet
  facet normal 0 0 -1
    outer loop
      vertex 124.536 112.372 0
      vertex 122.75 115.465 0
      vertex 126.214 117.465 0
    endloop
  endfacet
  facet normal 0 0 -1
    outer loop
      vertex 124.536 108.372 0
      vertex 120.964 108.372 0
      vertex 124.536 112.372 0
    endloop
  endfacet
  facet normal 0 0 -1
    outer loop
      vertex 120.964 112.372 0
      vertex 124.536 112.372 0
      vertex 120.964 108.372 0
    endloop
  endfacet
  facet normal 0 0 -1
    outer loop
      vertex 119.286 103.279 0
      vertex 120.964 108.372 0
      vertex 122.75 105.279 0
    endloop
  endfacet
  facet normal 0 0 -1
    outer loop
      vertex 119.286 103.279 0
      vertex 117.5 106.372 0
      vertex 120.964 108.372 0
    endloop
  endfacet
  facet normal 0 0 -1
    outer loop
      vertex 119.286 99.279 0
      vertex 115.714 99.279 0
      vertex 119.286 103.279 0
    endloop
  endfacet
  facet normal 0 0 -1
    outer loop
      vertex 115.714 103.279 0
      vertex 119.286 103.279 0
      vertex 115.714 99.279 0
    endloop
  endfacet
  facet normal 0 0 -1
    outer loop
      vertex 114.036 94.186 0
      vertex 115.714 99.279 0
      vertex 117.5 96.186 0
    endloop
  endfacet
  facet normal 0 0 -1
    outer loop
      vertex 114.036 94.186 0
      vertex 112.25 97.279 0
      vertex 115.714 99.279 0
    endloop
  endfacet
  facet normal 0 0 -1
    outer loop
      vertex 114.036 90.186 0
      vertex 110.464 90.186 0
      vertex 114.036 94.186 0
    endloop
  endfacet
  facet normal 0 0 -1
    outer loop
      vertex 110.464 94.186 0
      vertex 114.036 94.186 0
      vertex 110.464 90.186 0
    endloop
  endfacet
  facet normal 0 0 -1
    outer loop
      vertex 108.786 85.093 0
      vertex 110.464 90.186 0
      vertex 112.25 87.093 0
    endloop
  endfacet
  facet normal 0 0 -1
    outer loop
      vertex 108.786 85.093 0
      vertex 107 88.186 0
      vertex 110.464 90.186 0
    endloop
  endfacet
  facet normal 0 0 -1
    outer loop
      vertex 108.786 81.093 0
      vertex 105.214 81.093 0
      vertex 108.786 85.093 0
    endloop
  endfacet
  facet normal 0 0 -1
    outer loop
      vertex 105.214 85.093 0
      vertex 108.786 85.093 0
      vertex 105.214 81.093 0
    endloop
  endfacet
  facet normal 0 0 -1
    outer loop
      vertex 103.536 76 0
      vertex 105.214 81.093 0
      vertex 107 78 0
    endloop
  endfacet
  facet normal 0 0 -1
    outer loop
      vertex 103.536 76 0
      vertex 101.75 79.093 0
      vertex 105.214 81.093 0
    endloop
  endfacet
  facet normal 0 0 -1
    outer loop
      vertex 103.536 72 0
      vertex 99.9641 72 0
      vertex 103.536 76 0
    endloop
  endfacet
  facet normal 0 0 -1
    outer loop
      vertex 99.9641 76 0
      vertex 103.536 76 0
      vertex 99.9641 72 0
    endloop
  endfacet
  facet normal 0 0 -1
    outer loop
      vertex 98.2859 66.907 0
      vertex 99.9641 72 0
      vertex 101.75 68.907 0
    endloop
  endfacet
  facet normal 0 0 -1
    outer loop
      vertex 98.2859 66.907 0
      vertex 96.5 70 0
      vertex 99.9641 72 0
    endloop
  endfacet
  facet normal 0 0 -1
    outer loop
      vertex 98.2859 62.907 0
      vertex 94.7141 62.907 0
      vertex 98.2859 66.907 0
    endloop
  endfacet
  facet normal 0 0 -1
    outer loop
      vertex 94.7141 66.907 0
      vertex 98.2859 66.907 0
      vertex 94.7141 62.907 0
    endloop
  endfacet
  facet normal 0 0 -1
    outer loop
      vertex 93.0359 57.814 0
      vertex 94.7141 62.907 0
      vertex 96.5 59.814 0
    endloop
  endfacet
  facet normal 0 0 -1
    outer loop
      vertex 93.0359 57.814 0
      vertex 91.25 60.907 0
      vertex 94.7141 62.907 0
    endloop
  endfacet
  facet normal 0 0 -1
    outer loop
      vertex 93.0359 53.814 0
      vertex 89.4641 53.814 0
      vertex 93.0359 57.814 0
    endloop
  endfacet
  facet normal 0 0 -1
    outer loop
      vertex 89.4641 57.814 0
      vertex 93.0359 57.814 0
      vertex 89.4641 53.814 0
    endloop
  endfacet
  facet normal 0 0 -1
    outer loop
      vertex 87.7859 48.721 0
      vertex 89.4641 53.814 0
      vertex 91.25 50.721 0
    endloop
  endfacet
  facet normal 0 0 -1
    outer loop
      vertex 87.7859 48.721 0
      vertex 86 51.814 0
      vertex 89.4641 53.814 0
    endloop
  endfacet
  facet normal 0 0 -1
    outer loop
      vertex 87.7859 44.721 0
      vertex 84.2141 44.721 0
      vertex 87.7859 48.721 0
    endloop
  endfacet
  facet normal 0 0 -1
    outer loop
      vertex 84.2141 48.721 0
      vertex 87.7859 48.721 0
      vertex 84.2141 44.721 0
    endloop
  endfacet
  facet normal 0 0 -1
    outer loop
      vertex 84 44.5974 0
      vertex 86 41.628 0
      vertex 84 40.4733 0
    endloop
  endfacet
  facet normal 0 0 -1
    outer loop
      vertex 86 41.628 0
      vertex 84 44.5974 0
      vertex 84.2141 44.721 0
    endloop
  endfacet
  facet normal 0 0 -1
    outer loop
      vertex 140.286 30.535 0
      vertex 136.714 30.535 0
      vertex 138.5 33.628 0
    endloop
  endfacet
  facet normal 0 0 -1
    outer loop
      vertex 136.714 30.535 0
      vertex 135.036 35.628 0
      vertex 138.5 33.628 0
    endloop
  endfacet
  facet normal 0 0 -1
    outer loop
      vertex 131.464 35.628 0
      vertex 135.036 35.628 0
      vertex 133.25 32.535 0
    endloop
  endfacet
  facet normal 0 0 -1
    outer loop
      vertex 133.25 32.535 0
      vertex 135.036 35.628 0
      vertex 136.714 30.535 0
    endloop
  endfacet
  facet normal 0 0 -1
    outer loop
      vertex 140.286 48.721 0
      vertex 136.714 48.721 0
      vertex 138.5 51.814 0
    endloop
  endfacet
  facet normal 0 0 -1
    outer loop
      vertex 136.714 48.721 0
      vertex 135.036 53.814 0
      vertex 138.5 51.814 0
    endloop
  endfacet
  facet normal 0 0 -1
    outer loop
      vertex 131.464 53.814 0
      vertex 135.036 53.814 0
      vertex 133.25 50.721 0
    endloop
  endfacet
  facet normal 0 0 -1
    outer loop
      vertex 133.25 50.721 0
      vertex 135.036 53.814 0
      vertex 136.714 48.721 0
    endloop
  endfacet
  facet normal 0 0 -1
    outer loop
      vertex 140.286 66.907 0
      vertex 136.714 66.907 0
      vertex 138.5 70 0
    endloop
  endfacet
  facet normal 0 0 -1
    outer loop
      vertex 136.714 66.907 0
      vertex 135.036 72 0
      vertex 138.5 70 0
    endloop
  endfacet
  facet normal 0 0 -1
    outer loop
      vertex 131.464 72 0
      vertex 135.036 72 0
      vertex 133.25 68.907 0
    endloop
  endfacet
  facet normal 0 0 -1
    outer loop
      vertex 133.25 68.907 0
      vertex 135.036 72 0
      vertex 136.714 66.907 0
    endloop
  endfacet
  facet normal 0 0 -1
    outer loop
      vertex 140.286 85.093 0
      vertex 136.714 85.093 0
      vertex 138.5 88.186 0
    endloop
  endfacet
  facet normal 0 0 -1
    outer loop
      vertex 136.714 85.093 0
      vertex 135.036 90.186 0
      vertex 138.5 88.186 0
    endloop
  endfacet
  facet normal 0 0 -1
    outer loop
      vertex 131.464 90.186 0
      vertex 135.036 90.186 0
      vertex 133.25 87.093 0
    endloop
  endfacet
  facet normal 0 0 -1
    outer loop
      vertex 133.25 87.093 0
      vertex 135.036 90.186 0
      vertex 136.714 85.093 0
    endloop
  endfacet
  facet normal 0 0 -1
    outer loop
      vertex 140.286 103.279 0
      vertex 136.714 103.279 0
      vertex 138.5 106.372 0
    endloop
  endfacet
  facet normal 0 0 -1
    outer loop
      vertex 136.714 103.279 0
      vertex 135.036 108.372 0
      vertex 138.5 106.372 0
    endloop
  endfacet
  facet normal 0 0 -1
    outer loop
      vertex 131.464 108.372 0
      vertex 135.036 108.372 0
      vertex 133.25 105.279 0
    endloop
  endfacet
  facet normal 0 0 -1
    outer loop
      vertex 133.25 105.279 0
      vertex 135.036 108.372 0
      vertex 136.714 103.279 0
    endloop
  endfacet
  facet normal 0 0 -1
    outer loop
      vertex 140.286 121.465 0
      vertex 136.714 121.465 0
      vertex 138.5 124.558 0
    endloop
  endfacet
  facet normal 0 0 -1
    outer loop
      vertex 136.714 121.465 0
      vertex 135.036 126.558 0
      vertex 138.5 124.558 0
    endloop
  endfacet
  facet normal 0 0 -1
    outer loop
      vertex 131.464 126.558 0
      vertex 135.036 126.558 0
      vertex 133.25 123.465 0
    endloop
  endfacet
  facet normal 0 0 -1
    outer loop
      vertex 133.25 123.465 0
      vertex 135.036 126.558 0
      vertex 136.714 121.465 0
    endloop
  endfacet
  facet normal 0 0 -1
    outer loop
      vertex 145.536 39.628 0
      vertex 141.964 39.628 0
      vertex 143.75 42.721 0
    endloop
  endfacet
  facet normal 0 0 -1
    outer loop
      vertex 141.964 39.628 0
      vertex 140.286 44.721 0
      vertex 143.75 42.721 0
    endloop
  endfacet
  facet normal 0 0 -1
    outer loop
      vertex 136.714 44.721 0
      vertex 140.286 44.721 0
      vertex 138.5 41.628 0
    endloop
  endfacet
  facet normal 0 0 -1
    outer loop
      vertex 138.5 41.628 0
      vertex 140.286 44.721 0
      vertex 141.964 39.628 0
    endloop
  endfacet
  facet normal 0 0 -1
    outer loop
      vertex 145.536 57.814 0
      vertex 141.964 57.814 0
      vertex 143.75 60.907 0
    endloop
  endfacet
  facet normal 0 0 -1
    outer loop
      vertex 141.964 57.814 0
      vertex 140.286 62.907 0
      vertex 143.75 60.907 0
    endloop
  endfacet
  facet normal 0 0 -1
    outer loop
      vertex 136.714 62.907 0
      vertex 140.286 62.907 0
      vertex 138.5 59.814 0
    endloop
  endfacet
  facet normal 0 0 -1
    outer loop
      vertex 138.5 59.814 0
      vertex 140.286 62.907 0
      vertex 141.964 57.814 0
    endloop
  endfacet
  facet normal 0 0 -1
    outer loop
      vertex 145.536 76 0
      vertex 141.964 76 0
      vertex 143.75 79.093 0
    endloop
  endfacet
  facet normal 0 0 -1
    outer loop
      vertex 141.964 76 0
      vertex 140.286 81.093 0
      vertex 143.75 79.093 0
    endloop
  endfacet
  facet normal 0 0 -1
    outer loop
      vertex 136.714 81.093 0
      vertex 140.286 81.093 0
      vertex 138.5 78 0
    endloop
  endfacet
  facet normal 0 0 -1
    outer loop
      vertex 138.5 78 0
      vertex 140.286 81.093 0
      vertex 141.964 76 0
    endloop
  endfacet
  facet normal 0 0 -1
    outer loop
      vertex 145.536 94.186 0
      vertex 141.964 94.186 0
      vertex 143.75 97.279 0
    endloop
  endfacet
  facet normal 0 0 -1
    outer loop
      vertex 141.964 94.186 0
      vertex 140.286 99.279 0
      vertex 143.75 97.279 0
    endloop
  endfacet
  facet normal 0 0 -1
    outer loop
      vertex 136.714 99.279 0
      vertex 140.286 99.279 0
      vertex 138.5 96.186 0
    endloop
  endfacet
  facet normal 0 0 -1
    outer loop
      vertex 138.5 96.186 0
      vertex 140.286 99.279 0
      vertex 141.964 94.186 0
    endloop
  endfacet
  facet normal 0 0 -1
    outer loop
      vertex 145.536 112.372 0
      vertex 141.964 112.372 0
      vertex 143.75 115.465 0
    endloop
  endfacet
  facet normal 0 0 -1
    outer loop
      vertex 141.964 112.372 0
      vertex 140.286 117.465 0
      vertex 143.75 115.465 0
    endloop
  endfacet
  facet normal 0 0 -1
    outer loop
      vertex 136.714 117.465 0
      vertex 140.286 117.465 0
      vertex 138.5 114.372 0
    endloop
  endfacet
  facet normal 0 0 -1
    outer loop
      vertex 138.5 114.372 0
      vertex 140.286 117.465 0
      vertex 141.964 112.372 0
    endloop
  endfacet
  facet normal 0 0 -1
    outer loop
      vertex 145.536 130.558 0
      vertex 141.964 130.558 0
      vertex 143.75 133.651 0
    endloop
  endfacet
  facet normal 0 0 -1
    outer loop
      vertex 141.964 130.558 0
      vertex 140.286 135.651 0
      vertex 143.75 133.651 0
    endloop
  endfacet
  facet normal 0 0 -1
    outer loop
      vertex 136.714 135.651 0
      vertex 140.286 135.651 0
      vertex 138.5 132.558 0
    endloop
  endfacet
  facet normal 0 0 -1
    outer loop
      vertex 138.5 132.558 0
      vertex 140.286 135.651 0
      vertex 141.964 130.558 0
    endloop
  endfacet
  facet normal 0 0 -1
    outer loop
      vertex 145.536 130.558 0
      vertex 147.214 135.651 0
      vertex 149 132.558 0
    endloop
  endfacet
  facet normal 0 0 -1
    outer loop
      vertex 145.536 130.558 0
      vertex 143.75 133.651 0
      vertex 147.214 135.651 0
    endloop
  endfacet
  facet normal 0 0 -1
    outer loop
      vertex 145.536 126.558 0
      vertex 141.964 126.558 0
      vertex 145.536 130.558 0
    endloop
  endfacet
  facet normal 0 0 -1
    outer loop
      vertex 141.964 130.558 0
      vertex 145.536 130.558 0
      vertex 141.964 126.558 0
    endloop
  endfacet
  facet normal 0 0 -1
    outer loop
      vertex 140.286 121.465 0
      vertex 141.964 126.558 0
      vertex 143.75 123.465 0
    endloop
  endfacet
  facet normal 0 0 -1
    outer loop
      vertex 140.286 121.465 0
      vertex 138.5 124.558 0
      vertex 141.964 126.558 0
    endloop
  endfacet
  facet normal 0 0 -1
    outer loop
      vertex 140.286 117.465 0
      vertex 136.714 117.465 0
      vertex 140.286 121.465 0
    endloop
  endfacet
  facet normal 0 0 -1
    outer loop
      vertex 136.714 121.465 0
      vertex 140.286 121.465 0
      vertex 136.714 117.465 0
    endloop
  endfacet
  facet normal 0 0 -1
    outer loop
      vertex 135.036 112.372 0
      vertex 136.714 117.465 0
      vertex 138.5 114.372 0
    endloop
  endfacet
  facet normal 0 0 -1
    outer loop
      vertex 135.036 112.372 0
      vertex 133.25 115.465 0
      vertex 136.714 117.465 0
    endloop
  endfacet
  facet normal 0 0 -1
    outer loop
      vertex 135.036 108.372 0
      vertex 131.464 108.372 0
      vertex 135.036 112.372 0
    endloop
  endfacet
  facet normal 0 0 -1
    outer loop
      vertex 131.464 112.372 0
      vertex 135.036 112.372 0
      vertex 131.464 108.372 0
    endloop
  endfacet
  facet normal 0 0 -1
    outer loop
      vertex 129.786 103.279 0
      vertex 131.464 108.372 0
      vertex 133.25 105.279 0
    endloop
  endfacet
  facet normal 0 0 -1
    outer loop
      vertex 129.786 103.279 0
      vertex 128 106.372 0
      vertex 131.464 108.372 0
    endloop
  endfacet
  facet normal 0 0 -1
    outer loop
      vertex 129.786 99.279 0
      vertex 126.214 99.279 0
      vertex 129.786 103.279 0
    endloop
  endfacet
  facet normal 0 0 -1
    outer loop
      vertex 126.214 103.279 0
      vertex 129.786 103.279 0
      vertex 126.214 99.279 0
    endloop
  endfacet
  facet normal 0 0 -1
    outer loop
      vertex 124.536 94.186 0
      vertex 126.214 99.279 0
      vertex 128 96.186 0
    endloop
  endfacet
  facet normal 0 0 -1
    outer loop
      vertex 124.536 94.186 0
      vertex 122.75 97.279 0
      vertex 126.214 99.279 0
    endloop
  endfacet
  facet normal 0 0 -1
    outer loop
      vertex 124.536 90.186 0
      vertex 120.964 90.186 0
      vertex 124.536 94.186 0
    endloop
  endfacet
  facet normal 0 0 -1
    outer loop
      vertex 120.964 94.186 0
      vertex 124.536 94.186 0
      vertex 120.964 90.186 0
    endloop
  endfacet
  facet normal 0 0 -1
    outer loop
      vertex 119.286 85.093 0
      vertex 120.964 90.186 0
      vertex 122.75 87.093 0
    endloop
  endfacet
  facet normal 0 0 -1
    outer loop
      vertex 119.286 85.093 0
      vertex 117.5 88.186 0
      vertex 120.964 90.186 0
    endloop
  endfacet
  facet normal 0 0 -1
    outer loop
      vertex 119.286 81.093 0
      vertex 115.714 81.093 0
      vertex 119.286 85.093 0
    endloop
  endfacet
  facet normal 0 0 -1
    outer loop
      vertex 115.714 85.093 0
      vertex 119.286 85.093 0
      vertex 115.714 81.093 0
    endloop
  endfacet
  facet normal 0 0 -1
    outer loop
      vertex 114.036 76 0
      vertex 115.714 81.093 0
      vertex 117.5 78 0
    endloop
  endfacet
  facet normal 0 0 -1
    outer loop
      vertex 114.036 76 0
      vertex 112.25 79.093 0
      vertex 115.714 81.093 0
    endloop
  endfacet
  facet normal 0 0 -1
    outer loop
      vertex 114.036 72 0
      vertex 110.464 72 0
      vertex 114.036 76 0
    endloop
  endfacet
  facet normal 0 0 -1
    outer loop
      vertex 110.464 76 0
      vertex 114.036 76 0
      vertex 110.464 72 0
    endloop
  endfacet
  facet normal 0 0 -1
    outer loop
      vertex 108.786 66.907 0
      vertex 110.464 72 0
      vertex 112.25 68.907 0
    endloop
  endfacet
  facet normal 0 0 -1
    outer loop
      vertex 108.786 66.907 0
      vertex 107 70 0
      vertex 110.464 72 0
    endloop
  endfacet
  facet normal 0 0 -1
    outer loop
      vertex 108.786 62.907 0
      vertex 105.214 62.907 0
      vertex 108.786 66.907 0
    endloop
  endfacet
  facet normal 0 0 -1
    outer loop
      vertex 105.214 66.907 0
      vertex 108.786 66.907 0
      vertex 105.214 62.907 0
    endloop
  endfacet
  facet normal 0 0 -1
    outer loop
      vertex 103.536 57.814 0
      vertex 105.214 62.907 0
      vertex 107 59.814 0
    endloop
  endfacet
  facet normal 0 0 -1
    outer loop
      vertex 103.536 57.814 0
      vertex 101.75 60.907 0
      vertex 105.214 62.907 0
    endloop
  endfacet
  facet normal 0 0 -1
    outer loop
      vertex 103.536 53.814 0
      vertex 99.9641 53.814 0
      vertex 103.536 57.814 0
    endloop
  endfacet
  facet normal 0 0 -1
    outer loop
      vertex 99.9641 57.814 0
      vertex 103.536 57.814 0
      vertex 99.9641 53.814 0
    endloop
  endfacet
  facet normal 0 0 -1
    outer loop
      vertex 98.2859 48.721 0
      vertex 99.9641 53.814 0
      vertex 101.75 50.721 0
    endloop
  endfacet
  facet normal 0 0 -1
    outer loop
      vertex 98.2859 48.721 0
      vertex 96.5 51.814 0
      vertex 99.9641 53.814 0
    endloop
  endfacet
  facet normal 0 0 -1
    outer loop
      vertex 98.2859 44.721 0
      vertex 94.7141 44.721 0
      vertex 98.2859 48.721 0
    endloop
  endfacet
  facet normal 0 0 -1
    outer loop
      vertex 94.7141 48.721 0
      vertex 98.2859 48.721 0
      vertex 94.7141 44.721 0
    endloop
  endfacet
  facet normal 0 0 -1
    outer loop
      vertex 93.0359 39.628 0
      vertex 94.7141 44.721 0
      vertex 96.5 41.628 0
    endloop
  endfacet
  facet normal 0 0 -1
    outer loop
      vertex 93.0359 39.628 0
      vertex 91.25 42.721 0
      vertex 94.7141 44.721 0
    endloop
  endfacet
  facet normal 0 0 -1
    outer loop
      vertex 93.0359 35.628 0
      vertex 89.4641 35.628 0
      vertex 93.0359 39.628 0
    endloop
  endfacet
  facet normal 0 0 -1
    outer loop
      vertex 89.4641 39.628 0
      vertex 93.0359 39.628 0
      vertex 89.4641 35.628 0
    endloop
  endfacet
  facet normal 0 0 -1
    outer loop
      vertex 87.7859 30.535 0
      vertex 89.4641 35.628 0
      vertex 91.25 32.535 0
    endloop
  endfacet
  facet normal 0 0 -1
    outer loop
      vertex 87.7859 30.535 0
      vertex 86 33.628 0
      vertex 89.4641 35.628 0
    endloop
  endfacet
  facet normal 0 0 -1
    outer loop
      vertex 87.7859 26.535 0
      vertex 84.2141 26.535 0
      vertex 87.7859 30.535 0
    endloop
  endfacet
  facet normal 0 0 -1
    outer loop
      vertex 84.2141 30.535 0
      vertex 87.7859 30.535 0
      vertex 84.2141 26.535 0
    endloop
  endfacet
  facet normal 0 0 -1
    outer loop
      vertex 84 26.4114 0
      vertex 86 23.442 0
      vertex 84 22.2873 0
    endloop
  endfacet
  facet normal 0 0 -1
    outer loop
      vertex 86 23.442 0
      vertex 84 26.4114 0
      vertex 84.2141 26.535 0
    endloop
  endfacet
  facet normal 0 0 -1
    outer loop
      vertex 150.786 30.535 0
      vertex 147.214 30.535 0
      vertex 149 33.628 0
    endloop
  endfacet
  facet normal 0 0 -1
    outer loop
      vertex 147.214 30.535 0
      vertex 145.536 35.628 0
      vertex 149 33.628 0
    endloop
  endfacet
  facet normal 0 0 -1
    outer loop
      vertex 141.964 35.628 0
      vertex 145.536 35.628 0
      vertex 143.75 32.535 0
    endloop
  endfacet
  facet normal 0 0 -1
    outer loop
      vertex 143.75 32.535 0
      vertex 145.536 35.628 0
      vertex 147.214 30.535 0
    endloop
  endfacet
  facet normal 0 0 -1
    outer loop
      vertex 150.786 48.721 0
      vertex 147.214 48.721 0
      vertex 149 51.814 0
    endloop
  endfacet
  facet normal 0 0 -1
    outer loop
      vertex 147.214 48.721 0
      vertex 145.536 53.814 0
      vertex 149 51.814 0
    endloop
  endfacet
  facet normal 0 0 -1
    outer loop
      vertex 141.964 53.814 0
      vertex 145.536 53.814 0
      vertex 143.75 50.721 0
    endloop
  endfacet
  facet normal 0 0 -1
    outer loop
      vertex 143.75 50.721 0
      vertex 145.536 53.814 0
      vertex 147.214 48.721 0
    endloop
  endfacet
  facet normal 0 0 -1
    outer loop
      vertex 150.786 66.907 0
      vertex 147.214 66.907 0
      vertex 149 70 0
    endloop
  endfacet
  facet normal 0 0 -1
    outer loop
      vertex 147.214 66.907 0
      vertex 145.536 72 0
      vertex 149 70 0
    endloop
  endfacet
  facet normal 0 0 -1
    outer loop
      vertex 141.964 72 0
      vertex 145.536 72 0
      vertex 143.75 68.907 0
    endloop
  endfacet
  facet normal 0 0 -1
    outer loop
      vertex 143.75 68.907 0
      vertex 145.536 72 0
      vertex 147.214 66.907 0
    endloop
  endfacet
  facet normal 0 0 -1
    outer loop
      vertex 150.786 85.093 0
      vertex 147.214 85.093 0
      vertex 149 88.186 0
    endloop
  endfacet
  facet normal 0 0 -1
    outer loop
      vertex 147.214 85.093 0
      vertex 145.536 90.186 0
      vertex 149 88.186 0
    endloop
  endfacet
  facet normal 0 0 -1
    outer loop
      vertex 141.964 90.186 0
      vertex 145.536 90.186 0
      vertex 143.75 87.093 0
    endloop
  endfacet
  facet normal 0 0 -1
    outer loop
      vertex 143.75 87.093 0
      vertex 145.536 90.186 0
      vertex 147.214 85.093 0
    endloop
  endfacet
  facet normal 0 0 -1
    outer loop
      vertex 150.786 103.279 0
      vertex 147.214 103.279 0
      vertex 149 106.372 0
    endloop
  endfacet
  facet normal 0 0 -1
    outer loop
      vertex 147.214 103.279 0
      vertex 145.536 108.372 0
      vertex 149 106.372 0
    endloop
  endfacet
  facet normal 0 0 -1
    outer loop
      vertex 141.964 108.372 0
      vertex 145.536 108.372 0
      vertex 143.75 105.279 0
    endloop
  endfacet
  facet normal 0 0 -1
    outer loop
      vertex 143.75 105.279 0
      vertex 145.536 108.372 0
      vertex 147.214 103.279 0
    endloop
  endfacet
  facet normal 0 0 -1
    outer loop
      vertex 150.786 121.465 0
      vertex 147.214 121.465 0
      vertex 149 124.558 0
    endloop
  endfacet
  facet normal 0 0 -1
    outer loop
      vertex 147.214 121.465 0
      vertex 145.536 126.558 0
      vertex 149 124.558 0
    endloop
  endfacet
  facet normal 0 0 -1
    outer loop
      vertex 141.964 126.558 0
      vertex 145.536 126.558 0
      vertex 143.75 123.465 0
    endloop
  endfacet
  facet normal 0 0 -1
    outer loop
      vertex 143.75 123.465 0
      vertex 145.536 126.558 0
      vertex 147.214 121.465 0
    endloop
  endfacet
  facet normal 0 0 -1
    outer loop
      vertex 156.036 39.628 0
      vertex 152.464 39.628 0
      vertex 154.25 42.721 0
    endloop
  endfacet
  facet normal 0 0 -1
    outer loop
      vertex 152.464 39.628 0
      vertex 150.786 44.721 0
      vertex 154.25 42.721 0
    endloop
  endfacet
  facet normal 0 0 -1
    outer loop
      vertex 147.214 44.721 0
      vertex 150.786 44.721 0
      vertex 149 41.628 0
    endloop
  endfacet
  facet normal 0 0 -1
    outer loop
      vertex 149 41.628 0
      vertex 150.786 44.721 0
      vertex 152.464 39.628 0
    endloop
  endfacet
  facet normal 0 0 -1
    outer loop
      vertex 156.036 57.814 0
      vertex 152.464 57.814 0
      vertex 154.25 60.907 0
    endloop
  endfacet
  facet normal 0 0 -1
    outer loop
      vertex 152.464 57.814 0
      vertex 150.786 62.907 0
      vertex 154.25 60.907 0
    endloop
  endfacet
  facet normal 0 0 -1
    outer loop
      vertex 147.214 62.907 0
      vertex 150.786 62.907 0
      vertex 149 59.814 0
    endloop
  endfacet
  facet normal 0 0 -1
    outer loop
      vertex 149 59.814 0
      vertex 150.786 62.907 0
      vertex 152.464 57.814 0
    endloop
  endfacet
  facet normal 0 0 -1
    outer loop
      vertex 156.036 76 0
      vertex 152.464 76 0
      vertex 154.25 79.093 0
    endloop
  endfacet
  facet normal 0 0 -1
    outer loop
      vertex 152.464 76 0
      vertex 150.786 81.093 0
      vertex 154.25 79.093 0
    endloop
  endfacet
  facet normal 0 0 -1
    outer loop
      vertex 147.214 81.093 0
      vertex 150.786 81.093 0
      vertex 149 78 0
    endloop
  endfacet
  facet normal 0 0 -1
    outer loop
      vertex 149 78 0
      vertex 150.786 81.093 0
      vertex 152.464 76 0
    endloop
  endfacet
  facet normal 0 0 -1
    outer loop
      vertex 156.036 94.186 0
      vertex 152.464 94.186 0
      vertex 154.25 97.279 0
    endloop
  endfacet
  facet normal 0 0 -1
    outer loop
      vertex 152.464 94.186 0
      vertex 150.786 99.279 0
      vertex 154.25 97.279 0
    endloop
  endfacet
  facet normal 0 0 -1
    outer loop
      vertex 147.214 99.279 0
      vertex 150.786 99.279 0
      vertex 149 96.186 0
    endloop
  endfacet
  facet normal 0 0 -1
    outer loop
      vertex 149 96.186 0
      vertex 150.786 99.279 0
      vertex 152.464 94.186 0
    endloop
  endfacet
  facet normal 0 0 -1
    outer loop
      vertex 156.036 112.372 0
      vertex 152.464 112.372 0
      vertex 154.25 115.465 0
    endloop
  endfacet
  facet normal 0 0 -1
    outer loop
      vertex 152.464 112.372 0
      vertex 150.786 117.465 0
      vertex 154.25 115.465 0
    endloop
  endfacet
  facet normal 0 0 -1
    outer loop
      vertex 147.214 117.465 0
      vertex 150.786 117.465 0
      vertex 149 114.372 0
    endloop
  endfacet
  facet normal 0 0 -1
    outer loop
      vertex 149 114.372 0
      vertex 150.786 117.465 0
      vertex 152.464 112.372 0
    endloop
  endfacet
  facet normal 0 0 -1
    outer loop
      vertex 156.036 130.558 0
      vertex 152.464 130.558 0
      vertex 154.25 133.651 0
    endloop
  endfacet
  facet normal 0 0 -1
    outer loop
      vertex 152.464 130.558 0
      vertex 150.786 135.651 0
      vertex 154.25 133.651 0
    endloop
  endfacet
  facet normal 0 0 -1
    outer loop
      vertex 147.214 135.651 0
      vertex 150.786 135.651 0
      vertex 149 132.558 0
    endloop
  endfacet
  facet normal 0 0 -1
    outer loop
      vertex 149 132.558 0
      vertex 150.786 135.651 0
      vertex 152.464 130.558 0
    endloop
  endfacet
  facet normal 0 0 -1
    outer loop
      vertex 156.036 130.558 0
      vertex 157.714 135.651 0
      vertex 159.5 132.558 0
    endloop
  endfacet
  facet normal 0 0 -1
    outer loop
      vertex 156.036 130.558 0
      vertex 154.25 133.651 0
      vertex 157.714 135.651 0
    endloop
  endfacet
  facet normal 0 0 -1
    outer loop
      vertex 156.036 126.558 0
      vertex 152.464 126.558 0
      vertex 156.036 130.558 0
    endloop
  endfacet
  facet normal 0 0 -1
    outer loop
      vertex 152.464 130.558 0
      vertex 156.036 130.558 0
      vertex 152.464 126.558 0
    endloop
  endfacet
  facet normal 0 0 -1
    outer loop
      vertex 150.786 121.465 0
      vertex 152.464 126.558 0
      vertex 154.25 123.465 0
    endloop
  endfacet
  facet normal 0 0 -1
    outer loop
      vertex 150.786 121.465 0
      vertex 149 124.558 0
      vertex 152.464 126.558 0
    endloop
  endfacet
  facet normal 0 0 -1
    outer loop
      vertex 150.786 117.465 0
      vertex 147.214 117.465 0
      vertex 150.786 121.465 0
    endloop
  endfacet
  facet normal 0 0 -1
    outer loop
      vertex 147.214 121.465 0
      vertex 150.786 121.465 0
      vertex 147.214 117.465 0
    endloop
  endfacet
  facet normal 0 0 -1
    outer loop
      vertex 145.536 112.372 0
      vertex 147.214 117.465 0
      vertex 149 114.372 0
    endloop
  endfacet
  facet normal 0 0 -1
    outer loop
      vertex 145.536 112.372 0
      vertex 143.75 115.465 0
      vertex 147.214 117.465 0
    endloop
  endfacet
  facet normal 0 0 -1
    outer loop
      vertex 145.536 108.372 0
      vertex 141.964 108.372 0
      vertex 145.536 112.372 0
    endloop
  endfacet
  facet normal 0 0 -1
    outer loop
      vertex 141.964 112.372 0
      vertex 145.536 112.372 0
      vertex 141.964 108.372 0
    endloop
  endfacet
  facet normal 0 0 -1
    outer loop
      vertex 140.286 103.279 0
      vertex 141.964 108.372 0
      vertex 143.75 105.279 0
    endloop
  endfacet
  facet normal 0 0 -1
    outer loop
      vertex 140.286 103.279 0
      vertex 138.5 106.372 0
      vertex 141.964 108.372 0
    endloop
  endfacet
  facet normal 0 0 -1
    outer loop
      vertex 140.286 99.279 0
      vertex 136.714 99.279 0
      vertex 140.286 103.279 0
    endloop
  endfacet
  facet normal 0 0 -1
    outer loop
      vertex 136.714 103.279 0
      vertex 140.286 103.279 0
      vertex 136.714 99.279 0
    endloop
  endfacet
  facet normal 0 0 -1
    outer loop
      vertex 135.036 94.186 0
      vertex 136.714 99.279 0
      vertex 138.5 96.186 0
    endloop
  endfacet
  facet normal 0 0 -1
    outer loop
      vertex 135.036 94.186 0
      vertex 133.25 97.279 0
      vertex 136.714 99.279 0
    endloop
  endfacet
  facet normal 0 0 -1
    outer loop
      vertex 135.036 90.186 0
      vertex 131.464 90.186 0
      vertex 135.036 94.186 0
    endloop
  endfacet
  facet normal 0 0 -1
    outer loop
      vertex 131.464 94.186 0
      vertex 135.036 94.186 0
      vertex 131.464 90.186 0
    endloop
  endfacet
  facet normal 0 0 -1
    outer loop
      vertex 129.786 85.093 0
      vertex 131.464 90.186 0
      vertex 133.25 87.093 0
    endloop
  endfacet
  facet normal 0 0 -1
    outer loop
      vertex 129.786 85.093 0
      vertex 128 88.186 0
      vertex 131.464 90.186 0
    endloop
  endfacet
  facet normal 0 0 -1
    outer loop
      vertex 129.786 81.093 0
      vertex 126.214 81.093 0
      vertex 129.786 85.093 0
    endloop
  endfacet
  facet normal 0 0 -1
    outer loop
      vertex 126.214 85.093 0
      vertex 129.786 85.093 0
      vertex 126.214 81.093 0
    endloop
  endfacet
  facet normal 0 0 -1
    outer loop
      vertex 124.536 76 0
      vertex 126.214 81.093 0
      vertex 128 78 0
    endloop
  endfacet
  facet normal 0 0 -1
    outer loop
      vertex 124.536 76 0
      vertex 122.75 79.093 0
      vertex 126.214 81.093 0
    endloop
  endfacet
  facet normal 0 0 -1
    outer loop
      vertex 124.536 72 0
      vertex 120.964 72 0
      vertex 124.536 76 0
    endloop
  endfacet
  facet normal 0 0 -1
    outer loop
      vertex 120.964 76 0
      vertex 124.536 76 0
      vertex 120.964 72 0
    endloop
  endfacet
  facet normal 0 0 -1
    outer loop
      vertex 119.286 66.907 0
      vertex 120.964 72 0
      vertex 122.75 68.907 0
    endloop
  endfacet
  facet normal 0 0 -1
    outer loop
      vertex 119.286 66.907 0
      vertex 117.5 70 0
      vertex 120.964 72 0
    endloop
  endfacet
  facet normal 0 0 -1
    outer loop
      vertex 119.286 62.907 0
      vertex 115.714 62.907 0
      vertex 119.286 66.907 0
    endloop
  endfacet
  facet normal 0 0 -1
    outer loop
      vertex 115.714 66.907 0
      vertex 119.286 66.907 0
      vertex 115.714 62.907 0
    endloop
  endfacet
  facet normal 0 0 -1
    outer loop
      vertex 114.036 57.814 0
      vertex 115.714 62.907 0
      vertex 117.5 59.814 0
    endloop
  endfacet
  facet normal 0 0 -1
    outer loop
      vertex 114.036 57.814 0
      vertex 112.25 60.907 0
      vertex 115.714 62.907 0
    endloop
  endfacet
  facet normal 0 0 -1
    outer loop
      vertex 114.036 53.814 0
      vertex 110.464 53.814 0
      vertex 114.036 57.814 0
    endloop
  endfacet
  facet normal 0 0 -1
    outer loop
      vertex 110.464 57.814 0
      vertex 114.036 57.814 0
      vertex 110.464 53.814 0
    endloop
  endfacet
  facet normal 0 0 -1
    outer loop
      vertex 108.786 48.721 0
      vertex 110.464 53.814 0
      vertex 112.25 50.721 0
    endloop
  endfacet
  facet normal 0 0 -1
    outer loop
      vertex 108.786 48.721 0
      vertex 107 51.814 0
      vertex 110.464 53.814 0
    endloop
  endfacet
  facet normal 0 0 -1
    outer loop
      vertex 108.786 44.721 0
      vertex 105.214 44.721 0
      vertex 108.786 48.721 0
    endloop
  endfacet
  facet normal 0 0 -1
    outer loop
      vertex 105.214 48.721 0
      vertex 108.786 48.721 0
      vertex 105.214 44.721 0
    endloop
  endfacet
  facet normal 0 0 -1
    outer loop
      vertex 103.536 39.628 0
      vertex 105.214 44.721 0
      vertex 107 41.628 0
    endloop
  endfacet
  facet normal 0 0 -1
    outer loop
      vertex 103.536 39.628 0
      vertex 101.75 42.721 0
      vertex 105.214 44.721 0
    endloop
  endfacet
  facet normal 0 0 -1
    outer loop
      vertex 103.536 35.628 0
      vertex 99.9641 35.628 0
      vertex 103.536 39.628 0
    endloop
  endfacet
  facet normal 0 0 -1
    outer loop
      vertex 99.9641 39.628 0
      vertex 103.536 39.628 0
      vertex 99.9641 35.628 0
    endloop
  endfacet
  facet normal 0 0 -1
    outer loop
      vertex 98.2859 30.535 0
      vertex 99.9641 35.628 0
      vertex 101.75 32.535 0
    endloop
  endfacet
  facet normal 0 0 -1
    outer loop
      vertex 98.2859 30.535 0
      vertex 96.5 33.628 0
      vertex 99.9641 35.628 0
    endloop
  endfacet
  facet normal 0 0 -1
    outer loop
      vertex 98.2859 26.535 0
      vertex 94.7141 26.535 0
      vertex 98.2859 30.535 0
    endloop
  endfacet
  facet normal 0 0 -1
    outer loop
      vertex 94.7141 30.535 0
      vertex 98.2859 30.535 0
      vertex 94.7141 26.535 0
    endloop
  endfacet
  facet normal 0 0 -1
    outer loop
      vertex 93.0359 21.442 0
      vertex 94.7141 26.535 0
      vertex 96.5 23.442 0
    endloop
  endfacet
  facet normal 0 0 -1
    outer loop
      vertex 89.4641 17.442 0
      vertex 93.0359 17.442 0
      vertex 91.25 14.349 0
    endloop
  endfacet
  facet normal 0 0 -1
    outer loop
      vertex 93.0359 21.442 0
      vertex 91.25 24.535 0
      vertex 94.7141 26.535 0
    endloop
  endfacet
  facet normal 0 0 -1
    outer loop
      vertex 93.0359 17.442 0
      vertex 89.4641 17.442 0
      vertex 93.0359 21.442 0
    endloop
  endfacet
  facet normal 0 0 -1
    outer loop
      vertex 89.4641 17.442 0
      vertex 91.25 14.349 0
      vertex 90.6455 14 0
    endloop
  endfacet
  facet normal 0 0 -1
    outer loop
      vertex 89.4641 21.442 0
      vertex 93.0359 21.442 0
      vertex 89.4641 17.442 0
    endloop
  endfacet
  facet normal 0 0 -1
    outer loop
      vertex 93.0359 21.442 0
      vertex 89.4641 21.442 0
      vertex 91.25 24.535 0
    endloop
  endfacet
  facet normal 0 0 -1
    outer loop
      vertex 89.4641 21.442 0
      vertex 87.7859 26.535 0
      vertex 91.25 24.535 0
    endloop
  endfacet
  facet normal 0 0 -1
    outer loop
      vertex 84.2141 26.535 0
      vertex 87.7859 26.535 0
      vertex 86 23.442 0
    endloop
  endfacet
  facet normal 0 0 -1
    outer loop
      vertex 86 23.442 0
      vertex 87.7859 26.535 0
      vertex 89.4641 21.442 0
    endloop
  endfacet
  facet normal 0 0 -1
    outer loop
      vertex 161.286 30.535 0
      vertex 157.714 30.535 0
      vertex 159.5 33.628 0
    endloop
  endfacet
  facet normal 0 0 -1
    outer loop
      vertex 157.714 30.535 0
      vertex 156.036 35.628 0
      vertex 159.5 33.628 0
    endloop
  endfacet
  facet normal 0 0 -1
    outer loop
      vertex 152.464 35.628 0
      vertex 156.036 35.628 0
      vertex 154.25 32.535 0
    endloop
  endfacet
  facet normal 0 0 -1
    outer loop
      vertex 154.25 32.535 0
      vertex 156.036 35.628 0
      vertex 157.714 30.535 0
    endloop
  endfacet
  facet normal 0 0 -1
    outer loop
      vertex 161.286 48.721 0
      vertex 157.714 48.721 0
      vertex 159.5 51.814 0
    endloop
  endfacet
  facet normal 0 0 -1
    outer loop
      vertex 157.714 48.721 0
      vertex 156.036 53.814 0
      vertex 159.5 51.814 0
    endloop
  endfacet
  facet normal 0 0 -1
    outer loop
      vertex 152.464 53.814 0
      vertex 156.036 53.814 0
      vertex 154.25 50.721 0
    endloop
  endfacet
  facet normal 0 0 -1
    outer loop
      vertex 154.25 50.721 0
      vertex 156.036 53.814 0
      vertex 157.714 48.721 0
    endloop
  endfacet
  facet normal 0 0 -1
    outer loop
      vertex 161.286 66.907 0
      vertex 157.714 66.907 0
      vertex 159.5 70 0
    endloop
  endfacet
  facet normal 0 0 -1
    outer loop
      vertex 157.714 66.907 0
      vertex 156.036 72 0
      vertex 159.5 70 0
    endloop
  endfacet
  facet normal 0 0 -1
    outer loop
      vertex 152.464 72 0
      vertex 156.036 72 0
      vertex 154.25 68.907 0
    endloop
  endfacet
  facet normal 0 0 -1
    outer loop
      vertex 154.25 68.907 0
      vertex 156.036 72 0
      vertex 157.714 66.907 0
    endloop
  endfacet
  facet normal 0 0 -1
    outer loop
      vertex 161.286 85.093 0
      vertex 157.714 85.093 0
      vertex 159.5 88.186 0
    endloop
  endfacet
  facet normal 0 0 -1
    outer loop
      vertex 157.714 85.093 0
      vertex 156.036 90.186 0
      vertex 159.5 88.186 0
    endloop
  endfacet
  facet normal 0 0 -1
    outer loop
      vertex 152.464 90.186 0
      vertex 156.036 90.186 0
      vertex 154.25 87.093 0
    endloop
  endfacet
  facet normal 0 0 -1
    outer loop
      vertex 154.25 87.093 0
      vertex 156.036 90.186 0
      vertex 157.714 85.093 0
    endloop
  endfacet
  facet normal 0 0 -1
    outer loop
      vertex 161.286 103.279 0
      vertex 157.714 103.279 0
      vertex 159.5 106.372 0
    endloop
  endfacet
  facet normal 0 0 -1
    outer loop
      vertex 157.714 103.279 0
      vertex 156.036 108.372 0
      vertex 159.5 106.372 0
    endloop
  endfacet
  facet normal 0 0 -1
    outer loop
      vertex 152.464 108.372 0
      vertex 156.036 108.372 0
      vertex 154.25 105.279 0
    endloop
  endfacet
  facet normal 0 0 -1
    outer loop
      vertex 154.25 105.279 0
      vertex 156.036 108.372 0
      vertex 157.714 103.279 0
    endloop
  endfacet
  facet normal 0 0 -1
    outer loop
      vertex 161.286 121.465 0
      vertex 157.714 121.465 0
      vertex 159.5 124.558 0
    endloop
  endfacet
  facet normal 0 0 -1
    outer loop
      vertex 157.714 121.465 0
      vertex 156.036 126.558 0
      vertex 159.5 124.558 0
    endloop
  endfacet
  facet normal 0 0 -1
    outer loop
      vertex 152.464 126.558 0
      vertex 156.036 126.558 0
      vertex 154.25 123.465 0
    endloop
  endfacet
  facet normal 0 0 -1
    outer loop
      vertex 154.25 123.465 0
      vertex 156.036 126.558 0
      vertex 157.714 121.465 0
    endloop
  endfacet
  facet normal 0 0 -1
    outer loop
      vertex 166.536 39.628 0
      vertex 162.964 39.628 0
      vertex 164.75 42.721 0
    endloop
  endfacet
  facet normal 0 0 -1
    outer loop
      vertex 162.964 39.628 0
      vertex 161.286 44.721 0
      vertex 164.75 42.721 0
    endloop
  endfacet
  facet normal 0 0 -1
    outer loop
      vertex 157.714 44.721 0
      vertex 161.286 44.721 0
      vertex 159.5 41.628 0
    endloop
  endfacet
  facet normal 0 0 -1
    outer loop
      vertex 159.5 41.628 0
      vertex 161.286 44.721 0
      vertex 162.964 39.628 0
    endloop
  endfacet
  facet normal 0 0 -1
    outer loop
      vertex 166.536 57.814 0
      vertex 162.964 57.814 0
      vertex 164.75 60.907 0
    endloop
  endfacet
  facet normal 0 0 -1
    outer loop
      vertex 162.964 57.814 0
      vertex 161.286 62.907 0
      vertex 164.75 60.907 0
    endloop
  endfacet
  facet normal 0 0 -1
    outer loop
      vertex 157.714 62.907 0
      vertex 161.286 62.907 0
      vertex 159.5 59.814 0
    endloop
  endfacet
  facet normal 0 0 -1
    outer loop
      vertex 159.5 59.814 0
      vertex 161.286 62.907 0
      vertex 162.964 57.814 0
    endloop
  endfacet
  facet normal 0 0 -1
    outer loop
      vertex 166.536 76 0
      vertex 162.964 76 0
      vertex 164.75 79.093 0
    endloop
  endfacet
  facet normal 0 0 -1
    outer loop
      vertex 162.964 76 0
      vertex 161.286 81.093 0
      vertex 164.75 79.093 0
    endloop
  endfacet
  facet normal 0 0 -1
    outer loop
      vertex 157.714 81.093 0
      vertex 161.286 81.093 0
      vertex 159.5 78 0
    endloop
  endfacet
  facet normal 0 0 -1
    outer loop
      vertex 159.5 78 0
      vertex 161.286 81.093 0
      vertex 162.964 76 0
    endloop
  endfacet
  facet normal 0 0 -1
    outer loop
      vertex 166.536 94.186 0
      vertex 162.964 94.186 0
      vertex 164.75 97.279 0
    endloop
  endfacet
  facet normal 0 0 -1
    outer loop
      vertex 162.964 94.186 0
      vertex 161.286 99.279 0
      vertex 164.75 97.279 0
    endloop
  endfacet
  facet normal 0 0 -1
    outer loop
      vertex 157.714 99.279 0
      vertex 161.286 99.279 0
      vertex 159.5 96.186 0
    endloop
  endfacet
  facet normal 0 0 -1
    outer loop
      vertex 159.5 96.186 0
      vertex 161.286 99.279 0
      vertex 162.964 94.186 0
    endloop
  endfacet
  facet normal 0 0 -1
    outer loop
      vertex 166.536 112.372 0
      vertex 162.964 112.372 0
      vertex 164.75 115.465 0
    endloop
  endfacet
  facet normal 0 0 -1
    outer loop
      vertex 162.964 112.372 0
      vertex 161.286 117.465 0
      vertex 164.75 115.465 0
    endloop
  endfacet
  facet normal 0 0 -1
    outer loop
      vertex 157.714 117.465 0
      vertex 161.286 117.465 0
      vertex 159.5 114.372 0
    endloop
  endfacet
  facet normal 0 0 -1
    outer loop
      vertex 159.5 114.372 0
      vertex 161.286 117.465 0
      vertex 162.964 112.372 0
    endloop
  endfacet
  facet normal 0 0 -1
    outer loop
      vertex 166.536 130.558 0
      vertex 162.964 130.558 0
      vertex 164.75 133.651 0
    endloop
  endfacet
  facet normal 0 0 -1
    outer loop
      vertex 162.964 130.558 0
      vertex 161.286 135.651 0
      vertex 164.75 133.651 0
    endloop
  endfacet
  facet normal 0 0 -1
    outer loop
      vertex 157.714 135.651 0
      vertex 161.286 135.651 0
      vertex 159.5 132.558 0
    endloop
  endfacet
  facet normal 0 0 -1
    outer loop
      vertex 159.5 132.558 0
      vertex 161.286 135.651 0
      vertex 162.964 130.558 0
    endloop
  endfacet
  facet normal 0 0 -1
    outer loop
      vertex 166.536 130.558 0
      vertex 168.214 135.651 0
      vertex 170 132.558 0
    endloop
  endfacet
  facet normal 0 0 -1
    outer loop
      vertex 166.536 130.558 0
      vertex 164.75 133.651 0
      vertex 168.214 135.651 0
    endloop
  endfacet
  facet normal 0 0 -1
    outer loop
      vertex 166.536 126.558 0
      vertex 162.964 126.558 0
      vertex 166.536 130.558 0
    endloop
  endfacet
  facet normal 0 0 -1
    outer loop
      vertex 162.964 130.558 0
      vertex 166.536 130.558 0
      vertex 162.964 126.558 0
    endloop
  endfacet
  facet normal 0 0 -1
    outer loop
      vertex 161.286 121.465 0
      vertex 162.964 126.558 0
      vertex 164.75 123.465 0
    endloop
  endfacet
  facet normal 0 0 -1
    outer loop
      vertex 161.286 121.465 0
      vertex 159.5 124.558 0
      vertex 162.964 126.558 0
    endloop
  endfacet
  facet normal 0 0 -1
    outer loop
      vertex 161.286 117.465 0
      vertex 157.714 117.465 0
      vertex 161.286 121.465 0
    endloop
  endfacet
  facet normal 0 0 -1
    outer loop
      vertex 157.714 121.465 0
      vertex 161.286 121.465 0
      vertex 157.714 117.465 0
    endloop
  endfacet
  facet normal 0 0 -1
    outer loop
      vertex 156.036 112.372 0
      vertex 157.714 117.465 0
      vertex 159.5 114.372 0
    endloop
  endfacet
  facet normal 0 0 -1
    outer loop
      vertex 156.036 112.372 0
      vertex 154.25 115.465 0
      vertex 157.714 117.465 0
    endloop
  endfacet
  facet normal 0 0 -1
    outer loop
      vertex 156.036 108.372 0
      vertex 152.464 108.372 0
      vertex 156.036 112.372 0
    endloop
  endfacet
  facet normal 0 0 -1
    outer loop
      vertex 152.464 112.372 0
      vertex 156.036 112.372 0
      vertex 152.464 108.372 0
    endloop
  endfacet
  facet normal 0 0 -1
    outer loop
      vertex 150.786 103.279 0
      vertex 152.464 108.372 0
      vertex 154.25 105.279 0
    endloop
  endfacet
  facet normal 0 0 -1
    outer loop
      vertex 150.786 103.279 0
      vertex 149 106.372 0
      vertex 152.464 108.372 0
    endloop
  endfacet
  facet normal 0 0 -1
    outer loop
      vertex 150.786 99.279 0
      vertex 147.214 99.279 0
      vertex 150.786 103.279 0
    endloop
  endfacet
  facet normal 0 0 -1
    outer loop
      vertex 147.214 103.279 0
      vertex 150.786 103.279 0
      vertex 147.214 99.279 0
    endloop
  endfacet
  facet normal 0 0 -1
    outer loop
      vertex 145.536 94.186 0
      vertex 147.214 99.279 0
      vertex 149 96.186 0
    endloop
  endfacet
  facet normal 0 0 -1
    outer loop
      vertex 145.536 94.186 0
      vertex 143.75 97.279 0
      vertex 147.214 99.279 0
    endloop
  endfacet
  facet normal 0 0 -1
    outer loop
      vertex 145.536 90.186 0
      vertex 141.964 90.186 0
      vertex 145.536 94.186 0
    endloop
  endfacet
  facet normal 0 0 -1
    outer loop
      vertex 141.964 94.186 0
      vertex 145.536 94.186 0
      vertex 141.964 90.186 0
    endloop
  endfacet
  facet normal 0 0 -1
    outer loop
      vertex 140.286 85.093 0
      vertex 141.964 90.186 0
      vertex 143.75 87.093 0
    endloop
  endfacet
  facet normal 0 0 -1
    outer loop
      vertex 140.286 85.093 0
      vertex 138.5 88.186 0
      vertex 141.964 90.186 0
    endloop
  endfacet
  facet normal 0 0 -1
    outer loop
      vertex 140.286 81.093 0
      vertex 136.714 81.093 0
      vertex 140.286 85.093 0
    endloop
  endfacet
  facet normal 0 0 -1
    outer loop
      vertex 136.714 85.093 0
      vertex 140.286 85.093 0
      vertex 136.714 81.093 0
    endloop
  endfacet
  facet normal 0 0 -1
    outer loop
      vertex 135.036 76 0
      vertex 136.714 81.093 0
      vertex 138.5 78 0
    endloop
  endfacet
  facet normal 0 0 -1
    outer loop
      vertex 135.036 76 0
      vertex 133.25 79.093 0
      vertex 136.714 81.093 0
    endloop
  endfacet
  facet normal 0 0 -1
    outer loop
      vertex 135.036 72 0
      vertex 131.464 72 0
      vertex 135.036 76 0
    endloop
  endfacet
  facet normal 0 0 -1
    outer loop
      vertex 131.464 76 0
      vertex 135.036 76 0
      vertex 131.464 72 0
    endloop
  endfacet
  facet normal 0 0 -1
    outer loop
      vertex 129.786 66.907 0
      vertex 131.464 72 0
      vertex 133.25 68.907 0
    endloop
  endfacet
  facet normal 0 0 -1
    outer loop
      vertex 129.786 66.907 0
      vertex 128 70 0
      vertex 131.464 72 0
    endloop
  endfacet
  facet normal 0 0 -1
    outer loop
      vertex 129.786 62.907 0
      vertex 126.214 62.907 0
      vertex 129.786 66.907 0
    endloop
  endfacet
  facet normal 0 0 -1
    outer loop
      vertex 126.214 66.907 0
      vertex 129.786 66.907 0
      vertex 126.214 62.907 0
    endloop
  endfacet
  facet normal 0 0 -1
    outer loop
      vertex 124.536 57.814 0
      vertex 126.214 62.907 0
      vertex 128 59.814 0
    endloop
  endfacet
  facet normal 0 0 -1
    outer loop
      vertex 124.536 57.814 0
      vertex 122.75 60.907 0
      vertex 126.214 62.907 0
    endloop
  endfacet
  facet normal 0 0 -1
    outer loop
      vertex 124.536 53.814 0
      vertex 120.964 53.814 0
      vertex 124.536 57.814 0
    endloop
  endfacet
  facet normal 0 0 -1
    outer loop
      vertex 120.964 57.814 0
      vertex 124.536 57.814 0
      vertex 120.964 53.814 0
    endloop
  endfacet
  facet normal 0 0 -1
    outer loop
      vertex 119.286 48.721 0
      vertex 120.964 53.814 0
      vertex 122.75 50.721 0
    endloop
  endfacet
  facet normal 0 0 -1
    outer loop
      vertex 119.286 48.721 0
      vertex 117.5 51.814 0
      vertex 120.964 53.814 0
    endloop
  endfacet
  facet normal 0 0 -1
    outer loop
      vertex 119.286 44.721 0
      vertex 115.714 44.721 0
      vertex 119.286 48.721 0
    endloop
  endfacet
  facet normal 0 0 -1
    outer loop
      vertex 115.714 48.721 0
      vertex 119.286 48.721 0
      vertex 115.714 44.721 0
    endloop
  endfacet
  facet normal 0 0 -1
    outer loop
      vertex 114.036 39.628 0
      vertex 115.714 44.721 0
      vertex 117.5 41.628 0
    endloop
  endfacet
  facet normal 0 0 -1
    outer loop
      vertex 114.036 39.628 0
      vertex 112.25 42.721 0
      vertex 115.714 44.721 0
    endloop
  endfacet
  facet normal 0 0 -1
    outer loop
      vertex 114.036 35.628 0
      vertex 110.464 35.628 0
      vertex 114.036 39.628 0
    endloop
  endfacet
  facet normal 0 0 -1
    outer loop
      vertex 110.464 39.628 0
      vertex 114.036 39.628 0
      vertex 110.464 35.628 0
    endloop
  endfacet
  facet normal 0 0 -1
    outer loop
      vertex 108.786 30.535 0
      vertex 110.464 35.628 0
      vertex 112.25 32.535 0
    endloop
  endfacet
  facet normal 0 0 -1
    outer loop
      vertex 108.786 30.535 0
      vertex 107 33.628 0
      vertex 110.464 35.628 0
    endloop
  endfacet
  facet normal 0 0 -1
    outer loop
      vertex 108.786 26.535 0
      vertex 105.214 26.535 0
      vertex 108.786 30.535 0
    endloop
  endfacet
  facet normal 0 0 -1
    outer loop
      vertex 105.214 30.535 0
      vertex 108.786 30.535 0
      vertex 105.214 26.535 0
    endloop
  endfacet
  facet normal 0 0 -1
    outer loop
      vertex 103.536 21.442 0
      vertex 105.214 26.535 0
      vertex 107 23.442 0
    endloop
  endfacet
  facet normal 0 0 -1
    outer loop
      vertex 99.9641 17.442 0
      vertex 103.536 17.442 0
      vertex 101.75 14.349 0
    endloop
  endfacet
  facet normal 0 0 -1
    outer loop
      vertex 103.536 21.442 0
      vertex 101.75 24.535 0
      vertex 105.214 26.535 0
    endloop
  endfacet
  facet normal 0 0 -1
    outer loop
      vertex 103.536 17.442 0
      vertex 99.9641 17.442 0
      vertex 103.536 21.442 0
    endloop
  endfacet
  facet normal 0 0 -1
    outer loop
      vertex 99.9641 17.442 0
      vertex 101.75 14.349 0
      vertex 101.146 14 0
    endloop
  endfacet
  facet normal 0 0 -1
    outer loop
      vertex 99.9641 21.442 0
      vertex 103.536 21.442 0
      vertex 99.9641 17.442 0
    endloop
  endfacet
  facet normal 0 0 -1
    outer loop
      vertex 103.536 21.442 0
      vertex 99.9641 21.442 0
      vertex 101.75 24.535 0
    endloop
  endfacet
  facet normal 0 0 -1
    outer loop
      vertex 99.9641 21.442 0
      vertex 98.2859 26.535 0
      vertex 101.75 24.535 0
    endloop
  endfacet
  facet normal 0 0 -1
    outer loop
      vertex 94.7141 26.535 0
      vertex 98.2859 26.535 0
      vertex 96.5 23.442 0
    endloop
  endfacet
  facet normal 0 0 -1
    outer loop
      vertex 96.5 23.442 0
      vertex 98.2859 26.535 0
      vertex 99.9641 21.442 0
    endloop
  endfacet
  facet normal 0 0 -1
    outer loop
      vertex 171.786 30.535 0
      vertex 168.214 30.535 0
      vertex 170 33.628 0
    endloop
  endfacet
  facet normal 0 0 -1
    outer loop
      vertex 168.214 30.535 0
      vertex 166.536 35.628 0
      vertex 170 33.628 0
    endloop
  endfacet
  facet normal 0 0 -1
    outer loop
      vertex 162.964 35.628 0
      vertex 166.536 35.628 0
      vertex 164.75 32.535 0
    endloop
  endfacet
  facet normal 0 0 -1
    outer loop
      vertex 164.75 32.535 0
      vertex 166.536 35.628 0
      vertex 168.214 30.535 0
    endloop
  endfacet
  facet normal 0 0 -1
    outer loop
      vertex 171.786 48.721 0
      vertex 168.214 48.721 0
      vertex 170 51.814 0
    endloop
  endfacet
  facet normal 0 0 -1
    outer loop
      vertex 168.214 48.721 0
      vertex 166.536 53.814 0
      vertex 170 51.814 0
    endloop
  endfacet
  facet normal 0 0 -1
    outer loop
      vertex 162.964 53.814 0
      vertex 166.536 53.814 0
      vertex 164.75 50.721 0
    endloop
  endfacet
  facet normal 0 0 -1
    outer loop
      vertex 164.75 50.721 0
      vertex 166.536 53.814 0
      vertex 168.214 48.721 0
    endloop
  endfacet
  facet normal 0 0 -1
    outer loop
      vertex 171.786 66.907 0
      vertex 168.214 66.907 0
      vertex 170 70 0
    endloop
  endfacet
  facet normal 0 0 -1
    outer loop
      vertex 168.214 66.907 0
      vertex 166.536 72 0
      vertex 170 70 0
    endloop
  endfacet
  facet normal 0 0 -1
    outer loop
      vertex 162.964 72 0
      vertex 166.536 72 0
      vertex 164.75 68.907 0
    endloop
  endfacet
  facet normal 0 0 -1
    outer loop
      vertex 164.75 68.907 0
      vertex 166.536 72 0
      vertex 168.214 66.907 0
    endloop
  endfacet
  facet normal 0 0 -1
    outer loop
      vertex 171.786 85.093 0
      vertex 168.214 85.093 0
      vertex 170 88.186 0
    endloop
  endfacet
  facet normal 0 0 -1
    outer loop
      vertex 168.214 85.093 0
      vertex 166.536 90.186 0
      vertex 170 88.186 0
    endloop
  endfacet
  facet normal 0 0 -1
    outer loop
      vertex 162.964 90.186 0
      vertex 166.536 90.186 0
      vertex 164.75 87.093 0
    endloop
  endfacet
  facet normal 0 0 -1
    outer loop
      vertex 164.75 87.093 0
      vertex 166.536 90.186 0
      vertex 168.214 85.093 0
    endloop
  endfacet
  facet normal 0 0 -1
    outer loop
      vertex 171.786 103.279 0
      vertex 168.214 103.279 0
      vertex 170 106.372 0
    endloop
  endfacet
  facet normal 0 0 -1
    outer loop
      vertex 168.214 103.279 0
      vertex 166.536 108.372 0
      vertex 170 106.372 0
    endloop
  endfacet
  facet normal 0 0 -1
    outer loop
      vertex 162.964 108.372 0
      vertex 166.536 108.372 0
      vertex 164.75 105.279 0
    endloop
  endfacet
  facet normal 0 0 -1
    outer loop
      vertex 164.75 105.279 0
      vertex 166.536 108.372 0
      vertex 168.214 103.279 0
    endloop
  endfacet
  facet normal 0 0 -1
    outer loop
      vertex 171.786 121.465 0
      vertex 168.214 121.465 0
      vertex 170 124.558 0
    endloop
  endfacet
  facet normal 0 0 -1
    outer loop
      vertex 168.214 121.465 0
      vertex 166.536 126.558 0
      vertex 170 124.558 0
    endloop
  endfacet
  facet normal 0 0 -1
    outer loop
      vertex 162.964 126.558 0
      vertex 166.536 126.558 0
      vertex 164.75 123.465 0
    endloop
  endfacet
  facet normal 0 0 -1
    outer loop
      vertex 164.75 123.465 0
      vertex 166.536 126.558 0
      vertex 168.214 121.465 0
    endloop
  endfacet
  facet normal 0 0 -1
    outer loop
      vertex 177.036 39.628 0
      vertex 173.464 39.628 0
      vertex 175.25 42.721 0
    endloop
  endfacet
  facet normal 0 0 -1
    outer loop
      vertex 173.464 39.628 0
      vertex 171.786 44.721 0
      vertex 175.25 42.721 0
    endloop
  endfacet
  facet normal 0 0 -1
    outer loop
      vertex 168.214 44.721 0
      vertex 171.786 44.721 0
      vertex 170 41.628 0
    endloop
  endfacet
  facet normal 0 0 -1
    outer loop
      vertex 170 41.628 0
      vertex 171.786 44.721 0
      vertex 173.464 39.628 0
    endloop
  endfacet
  facet normal 0 0 -1
    outer loop
      vertex 177.036 57.814 0
      vertex 173.464 57.814 0
      vertex 175.25 60.907 0
    endloop
  endfacet
  facet normal 0 0 -1
    outer loop
      vertex 173.464 57.814 0
      vertex 171.786 62.907 0
      vertex 175.25 60.907 0
    endloop
  endfacet
  facet normal 0 0 -1
    outer loop
      vertex 168.214 62.907 0
      vertex 171.786 62.907 0
      vertex 170 59.814 0
    endloop
  endfacet
  facet normal 0 0 -1
    outer loop
      vertex 170 59.814 0
      vertex 171.786 62.907 0
      vertex 173.464 57.814 0
    endloop
  endfacet
  facet normal 0 0 -1
    outer loop
      vertex 177.036 76 0
      vertex 173.464 76 0
      vertex 175.25 79.093 0
    endloop
  endfacet
  facet normal 0 0 -1
    outer loop
      vertex 173.464 76 0
      vertex 171.786 81.093 0
      vertex 175.25 79.093 0
    endloop
  endfacet
  facet normal 0 0 -1
    outer loop
      vertex 168.214 81.093 0
      vertex 171.786 81.093 0
      vertex 170 78 0
    endloop
  endfacet
  facet normal 0 0 -1
    outer loop
      vertex 170 78 0
      vertex 171.786 81.093 0
      vertex 173.464 76 0
    endloop
  endfacet
  facet normal 0 0 -1
    outer loop
      vertex 177.036 94.186 0
      vertex 173.464 94.186 0
      vertex 175.25 97.279 0
    endloop
  endfacet
  facet normal 0 0 -1
    outer loop
      vertex 173.464 94.186 0
      vertex 171.786 99.279 0
      vertex 175.25 97.279 0
    endloop
  endfacet
  facet normal 0 0 -1
    outer loop
      vertex 168.214 99.279 0
      vertex 171.786 99.279 0
      vertex 170 96.186 0
    endloop
  endfacet
  facet normal 0 0 -1
    outer loop
      vertex 170 96.186 0
      vertex 171.786 99.279 0
      vertex 173.464 94.186 0
    endloop
  endfacet
  facet normal 0 0 -1
    outer loop
      vertex 177.036 112.372 0
      vertex 173.464 112.372 0
      vertex 175.25 115.465 0
    endloop
  endfacet
  facet normal 0 0 -1
    outer loop
      vertex 173.464 112.372 0
      vertex 171.786 117.465 0
      vertex 175.25 115.465 0
    endloop
  endfacet
  facet normal 0 0 -1
    outer loop
      vertex 168.214 117.465 0
      vertex 171.786 117.465 0
      vertex 170 114.372 0
    endloop
  endfacet
  facet normal 0 0 -1
    outer loop
      vertex 170 114.372 0
      vertex 171.786 117.465 0
      vertex 173.464 112.372 0
    endloop
  endfacet
  facet normal 0 0 -1
    outer loop
      vertex 177.036 130.558 0
      vertex 173.464 130.558 0
      vertex 175.25 133.651 0
    endloop
  endfacet
  facet normal 0 0 -1
    outer loop
      vertex 173.464 130.558 0
      vertex 171.786 135.651 0
      vertex 175.25 133.651 0
    endloop
  endfacet
  facet normal 0 0 -1
    outer loop
      vertex 168.214 135.651 0
      vertex 171.786 135.651 0
      vertex 170 132.558 0
    endloop
  endfacet
  facet normal 0 0 -1
    outer loop
      vertex 170 132.558 0
      vertex 171.786 135.651 0
      vertex 173.464 130.558 0
    endloop
  endfacet
  facet normal 0 0 -1
    outer loop
      vertex 177.036 130.558 0
      vertex 178.714 135.651 0
      vertex 180.5 132.558 0
    endloop
  endfacet
  facet normal 0 0 -1
    outer loop
      vertex 177.036 130.558 0
      vertex 175.25 133.651 0
      vertex 178.714 135.651 0
    endloop
  endfacet
  facet normal 0 0 -1
    outer loop
      vertex 177.036 126.558 0
      vertex 173.464 126.558 0
      vertex 177.036 130.558 0
    endloop
  endfacet
  facet normal 0 0 -1
    outer loop
      vertex 173.464 130.558 0
      vertex 177.036 130.558 0
      vertex 173.464 126.558 0
    endloop
  endfacet
  facet normal 0 0 -1
    outer loop
      vertex 171.786 121.465 0
      vertex 173.464 126.558 0
      vertex 175.25 123.465 0
    endloop
  endfacet
  facet normal 0 0 -1
    outer loop
      vertex 171.786 121.465 0
      vertex 170 124.558 0
      vertex 173.464 126.558 0
    endloop
  endfacet
  facet normal 0 0 -1
    outer loop
      vertex 171.786 117.465 0
      vertex 168.214 117.465 0
      vertex 171.786 121.465 0
    endloop
  endfacet
  facet normal 0 0 -1
    outer loop
      vertex 168.214 121.465 0
      vertex 171.786 121.465 0
      vertex 168.214 117.465 0
    endloop
  endfacet
  facet normal 0 0 -1
    outer loop
      vertex 166.536 112.372 0
      vertex 168.214 117.465 0
      vertex 170 114.372 0
    endloop
  endfacet
  facet normal 0 0 -1
    outer loop
      vertex 166.536 112.372 0
      vertex 164.75 115.465 0
      vertex 168.214 117.465 0
    endloop
  endfacet
  facet normal 0 0 -1
    outer loop
      vertex 166.536 108.372 0
      vertex 162.964 108.372 0
      vertex 166.536 112.372 0
    endloop
  endfacet
  facet normal 0 0 -1
    outer loop
      vertex 162.964 112.372 0
      vertex 166.536 112.372 0
      vertex 162.964 108.372 0
    endloop
  endfacet
  facet normal 0 0 -1
    outer loop
      vertex 161.286 103.279 0
      vertex 162.964 108.372 0
      vertex 164.75 105.279 0
    endloop
  endfacet
  facet normal 0 0 -1
    outer loop
      vertex 161.286 103.279 0
      vertex 159.5 106.372 0
      vertex 162.964 108.372 0
    endloop
  endfacet
  facet normal 0 0 -1
    outer loop
      vertex 161.286 99.279 0
      vertex 157.714 99.279 0
      vertex 161.286 103.279 0
    endloop
  endfacet
  facet normal 0 0 -1
    outer loop
      vertex 157.714 103.279 0
      vertex 161.286 103.279 0
      vertex 157.714 99.279 0
    endloop
  endfacet
  facet normal 0 0 -1
    outer loop
      vertex 156.036 94.186 0
      vertex 157.714 99.279 0
      vertex 159.5 96.186 0
    endloop
  endfacet
  facet normal 0 0 -1
    outer loop
      vertex 156.036 94.186 0
      vertex 154.25 97.279 0
      vertex 157.714 99.279 0
    endloop
  endfacet
  facet normal 0 0 -1
    outer loop
      vertex 156.036 90.186 0
      vertex 152.464 90.186 0
      vertex 156.036 94.186 0
    endloop
  endfacet
  facet normal 0 0 -1
    outer loop
      vertex 152.464 94.186 0
      vertex 156.036 94.186 0
      vertex 152.464 90.186 0
    endloop
  endfacet
  facet normal 0 0 -1
    outer loop
      vertex 150.786 85.093 0
      vertex 152.464 90.186 0
      vertex 154.25 87.093 0
    endloop
  endfacet
  facet normal 0 0 -1
    outer loop
      vertex 150.786 85.093 0
      vertex 149 88.186 0
      vertex 152.464 90.186 0
    endloop
  endfacet
  facet normal 0 0 -1
    outer loop
      vertex 150.786 81.093 0
      vertex 147.214 81.093 0
      vertex 150.786 85.093 0
    endloop
  endfacet
  facet normal 0 0 -1
    outer loop
      vertex 147.214 85.093 0
      vertex 150.786 85.093 0
      vertex 147.214 81.093 0
    endloop
  endfacet
  facet normal 0 0 -1
    outer loop
      vertex 145.536 76 0
      vertex 147.214 81.093 0
      vertex 149 78 0
    endloop
  endfacet
  facet normal 0 0 -1
    outer loop
      vertex 145.536 76 0
      vertex 143.75 79.093 0
      vertex 147.214 81.093 0
    endloop
  endfacet
  facet normal 0 0 -1
    outer loop
      vertex 145.536 72 0
      vertex 141.964 72 0
      vertex 145.536 76 0
    endloop
  endfacet
  facet normal 0 0 -1
    outer loop
      vertex 141.964 76 0
      vertex 145.536 76 0
      vertex 141.964 72 0
    endloop
  endfacet
  facet normal 0 0 -1
    outer loop
      vertex 140.286 66.907 0
      vertex 141.964 72 0
      vertex 143.75 68.907 0
    endloop
  endfacet
  facet normal 0 0 -1
    outer loop
      vertex 140.286 66.907 0
      vertex 138.5 70 0
      vertex 141.964 72 0
    endloop
  endfacet
  facet normal 0 0 -1
    outer loop
      vertex 140.286 62.907 0
      vertex 136.714 62.907 0
      vertex 140.286 66.907 0
    endloop
  endfacet
  facet normal 0 0 -1
    outer loop
      vertex 136.714 66.907 0
      vertex 140.286 66.907 0
      vertex 136.714 62.907 0
    endloop
  endfacet
  facet normal 0 0 -1
    outer loop
      vertex 135.036 57.814 0
      vertex 136.714 62.907 0
      vertex 138.5 59.814 0
    endloop
  endfacet
  facet normal 0 0 -1
    outer loop
      vertex 135.036 57.814 0
      vertex 133.25 60.907 0
      vertex 136.714 62.907 0
    endloop
  endfacet
  facet normal 0 0 -1
    outer loop
      vertex 135.036 53.814 0
      vertex 131.464 53.814 0
      vertex 135.036 57.814 0
    endloop
  endfacet
  facet normal 0 0 -1
    outer loop
      vertex 131.464 57.814 0
      vertex 135.036 57.814 0
      vertex 131.464 53.814 0
    endloop
  endfacet
  facet normal 0 0 -1
    outer loop
      vertex 129.786 48.721 0
      vertex 131.464 53.814 0
      vertex 133.25 50.721 0
    endloop
  endfacet
  facet normal 0 0 -1
    outer loop
      vertex 129.786 48.721 0
      vertex 128 51.814 0
      vertex 131.464 53.814 0
    endloop
  endfacet
  facet normal 0 0 -1
    outer loop
      vertex 129.786 44.721 0
      vertex 126.214 44.721 0
      vertex 129.786 48.721 0
    endloop
  endfacet
  facet normal 0 0 -1
    outer loop
      vertex 126.214 48.721 0
      vertex 129.786 48.721 0
      vertex 126.214 44.721 0
    endloop
  endfacet
  facet normal 0 0 -1
    outer loop
      vertex 124.536 39.628 0
      vertex 126.214 44.721 0
      vertex 128 41.628 0
    endloop
  endfacet
  facet normal 0 0 -1
    outer loop
      vertex 124.536 39.628 0
      vertex 122.75 42.721 0
      vertex 126.214 44.721 0
    endloop
  endfacet
  facet normal 0 0 -1
    outer loop
      vertex 124.536 35.628 0
      vertex 120.964 35.628 0
      vertex 124.536 39.628 0
    endloop
  endfacet
  facet normal 0 0 -1
    outer loop
      vertex 120.964 39.628 0
      vertex 124.536 39.628 0
      vertex 120.964 35.628 0
    endloop
  endfacet
  facet normal 0 0 -1
    outer loop
      vertex 119.286 30.535 0
      vertex 120.964 35.628 0
      vertex 122.75 32.535 0
    endloop
  endfacet
  facet normal 0 0 -1
    outer loop
      vertex 119.286 30.535 0
      vertex 117.5 33.628 0
      vertex 120.964 35.628 0
    endloop
  endfacet
  facet normal 0 0 -1
    outer loop
      vertex 119.286 26.535 0
      vertex 115.714 26.535 0
      vertex 119.286 30.535 0
    endloop
  endfacet
  facet normal 0 0 -1
    outer loop
      vertex 115.714 30.535 0
      vertex 119.286 30.535 0
      vertex 115.714 26.535 0
    endloop
  endfacet
  facet normal 0 0 -1
    outer loop
      vertex 114.036 21.442 0
      vertex 115.714 26.535 0
      vertex 117.5 23.442 0
    endloop
  endfacet
  facet normal 0 0 -1
    outer loop
      vertex 110.464 17.442 0
      vertex 114.036 17.442 0
      vertex 112.25 14.349 0
    endloop
  endfacet
  facet normal 0 0 -1
    outer loop
      vertex 114.036 21.442 0
      vertex 112.25 24.535 0
      vertex 115.714 26.535 0
    endloop
  endfacet
  facet normal 0 0 -1
    outer loop
      vertex 114.036 17.442 0
      vertex 110.464 17.442 0
      vertex 114.036 21.442 0
    endloop
  endfacet
  facet normal 0 0 -1
    outer loop
      vertex 110.464 17.442 0
      vertex 112.25 14.349 0
      vertex 111.646 14 0
    endloop
  endfacet
  facet normal 0 0 -1
    outer loop
      vertex 110.464 21.442 0
      vertex 114.036 21.442 0
      vertex 110.464 17.442 0
    endloop
  endfacet
  facet normal 0 0 -1
    outer loop
      vertex 114.036 21.442 0
      vertex 110.464 21.442 0
      vertex 112.25 24.535 0
    endloop
  endfacet
  facet normal 0 0 -1
    outer loop
      vertex 110.464 21.442 0
      vertex 108.786 26.535 0
      vertex 112.25 24.535 0
    endloop
  endfacet
  facet normal 0 0 -1
    outer loop
      vertex 105.214 26.535 0
      vertex 108.786 26.535 0
      vertex 107 23.442 0
    endloop
  endfacet
  facet normal 0 0 -1
    outer loop
      vertex 107 23.442 0
      vertex 108.786 26.535 0
      vertex 110.464 21.442 0
    endloop
  endfacet
  facet normal 0 0 -1
    outer loop
      vertex 182.286 30.535 0
      vertex 178.714 30.535 0
      vertex 180.5 33.628 0
    endloop
  endfacet
  facet normal 0 0 -1
    outer loop
      vertex 178.714 30.535 0
      vertex 177.036 35.628 0
      vertex 180.5 33.628 0
    endloop
  endfacet
  facet normal 0 0 -1
    outer loop
      vertex 173.464 35.628 0
      vertex 177.036 35.628 0
      vertex 175.25 32.535 0
    endloop
  endfacet
  facet normal 0 0 -1
    outer loop
      vertex 175.25 32.535 0
      vertex 177.036 35.628 0
      vertex 178.714 30.535 0
    endloop
  endfacet
  facet normal 0 0 -1
    outer loop
      vertex 182.286 48.721 0
      vertex 178.714 48.721 0
      vertex 180.5 51.814 0
    endloop
  endfacet
  facet normal 0 0 -1
    outer loop
      vertex 178.714 48.721 0
      vertex 177.036 53.814 0
      vertex 180.5 51.814 0
    endloop
  endfacet
  facet normal 0 0 -1
    outer loop
      vertex 173.464 53.814 0
      vertex 177.036 53.814 0
      vertex 175.25 50.721 0
    endloop
  endfacet
  facet normal 0 0 -1
    outer loop
      vertex 175.25 50.721 0
      vertex 177.036 53.814 0
      vertex 178.714 48.721 0
    endloop
  endfacet
  facet normal 0 0 -1
    outer loop
      vertex 182.286 66.907 0
      vertex 178.714 66.907 0
      vertex 180.5 70 0
    endloop
  endfacet
  facet normal 0 0 -1
    outer loop
      vertex 178.714 66.907 0
      vertex 177.036 72 0
      vertex 180.5 70 0
    endloop
  endfacet
  facet normal 0 0 -1
    outer loop
      vertex 173.464 72 0
      vertex 177.036 72 0
      vertex 175.25 68.907 0
    endloop
  endfacet
  facet normal 0 0 -1
    outer loop
      vertex 175.25 68.907 0
      vertex 177.036 72 0
      vertex 178.714 66.907 0
    endloop
  endfacet
  facet normal 0 0 -1
    outer loop
      vertex 182.286 85.093 0
      vertex 178.714 85.093 0
      vertex 180.5 88.186 0
    endloop
  endfacet
  facet normal 0 0 -1
    outer loop
      vertex 178.714 85.093 0
      vertex 177.036 90.186 0
      vertex 180.5 88.186 0
    endloop
  endfacet
  facet normal 0 0 -1
    outer loop
      vertex 173.464 90.186 0
      vertex 177.036 90.186 0
      vertex 175.25 87.093 0
    endloop
  endfacet
  facet normal 0 0 -1
    outer loop
      vertex 175.25 87.093 0
      vertex 177.036 90.186 0
      vertex 178.714 85.093 0
    endloop
  endfacet
  facet normal 0 0 -1
    outer loop
      vertex 182.286 103.279 0
      vertex 178.714 103.279 0
      vertex 180.5 106.372 0
    endloop
  endfacet
  facet normal 0 0 -1
    outer loop
      vertex 178.714 103.279 0
      vertex 177.036 108.372 0
      vertex 180.5 106.372 0
    endloop
  endfacet
  facet normal 0 0 -1
    outer loop
      vertex 173.464 108.372 0
      vertex 177.036 108.372 0
      vertex 175.25 105.279 0
    endloop
  endfacet
  facet normal 0 0 -1
    outer loop
      vertex 175.25 105.279 0
      vertex 177.036 108.372 0
      vertex 178.714 103.279 0
    endloop
  endfacet
  facet normal 0 0 -1
    outer loop
      vertex 182.286 121.465 0
      vertex 178.714 121.465 0
      vertex 180.5 124.558 0
    endloop
  endfacet
  facet normal 0 0 -1
    outer loop
      vertex 178.714 121.465 0
      vertex 177.036 126.558 0
      vertex 180.5 124.558 0
    endloop
  endfacet
  facet normal 0 0 -1
    outer loop
      vertex 173.464 126.558 0
      vertex 177.036 126.558 0
      vertex 175.25 123.465 0
    endloop
  endfacet
  facet normal 0 0 -1
    outer loop
      vertex 175.25 123.465 0
      vertex 177.036 126.558 0
      vertex 178.714 121.465 0
    endloop
  endfacet
  facet normal 0 0 -1
    outer loop
      vertex 187.536 39.628 0
      vertex 183.964 39.628 0
      vertex 185.75 42.721 0
    endloop
  endfacet
  facet normal 0 0 -1
    outer loop
      vertex 183.964 39.628 0
      vertex 182.286 44.721 0
      vertex 185.75 42.721 0
    endloop
  endfacet
  facet normal 0 0 -1
    outer loop
      vertex 178.714 44.721 0
      vertex 182.286 44.721 0
      vertex 180.5 41.628 0
    endloop
  endfacet
  facet normal 0 0 -1
    outer loop
      vertex 180.5 41.628 0
      vertex 182.286 44.721 0
      vertex 183.964 39.628 0
    endloop
  endfacet
  facet normal 0 0 -1
    outer loop
      vertex 187.536 57.814 0
      vertex 183.964 57.814 0
      vertex 185.75 60.907 0
    endloop
  endfacet
  facet normal 0 0 -1
    outer loop
      vertex 183.964 57.814 0
      vertex 182.286 62.907 0
      vertex 185.75 60.907 0
    endloop
  endfacet
  facet normal 0 0 -1
    outer loop
      vertex 178.714 62.907 0
      vertex 182.286 62.907 0
      vertex 180.5 59.814 0
    endloop
  endfacet
  facet normal 0 0 -1
    outer loop
      vertex 180.5 59.814 0
      vertex 182.286 62.907 0
      vertex 183.964 57.814 0
    endloop
  endfacet
  facet normal 0 0 -1
    outer loop
      vertex 187.536 76 0
      vertex 183.964 76 0
      vertex 185.75 79.093 0
    endloop
  endfacet
  facet normal 0 0 -1
    outer loop
      vertex 183.964 76 0
      vertex 182.286 81.093 0
      vertex 185.75 79.093 0
    endloop
  endfacet
  facet normal 0 0 -1
    outer loop
      vertex 178.714 81.093 0
      vertex 182.286 81.093 0
      vertex 180.5 78 0
    endloop
  endfacet
  facet normal 0 0 -1
    outer loop
      vertex 180.5 78 0
      vertex 182.286 81.093 0
      vertex 183.964 76 0
    endloop
  endfacet
  facet normal 0 0 -1
    outer loop
      vertex 187.536 94.186 0
      vertex 183.964 94.186 0
      vertex 185.75 97.279 0
    endloop
  endfacet
  facet normal 0 0 -1
    outer loop
      vertex 183.964 94.186 0
      vertex 182.286 99.279 0
      vertex 185.75 97.279 0
    endloop
  endfacet
  facet normal 0 0 -1
    outer loop
      vertex 178.714 99.279 0
      vertex 182.286 99.279 0
      vertex 180.5 96.186 0
    endloop
  endfacet
  facet normal 0 0 -1
    outer loop
      vertex 180.5 96.186 0
      vertex 182.286 99.279 0
      vertex 183.964 94.186 0
    endloop
  endfacet
  facet normal 0 0 -1
    outer loop
      vertex 187.536 112.372 0
      vertex 183.964 112.372 0
      vertex 185.75 115.465 0
    endloop
  endfacet
  facet normal 0 0 -1
    outer loop
      vertex 183.964 112.372 0
      vertex 182.286 117.465 0
      vertex 185.75 115.465 0
    endloop
  endfacet
  facet normal 0 0 -1
    outer loop
      vertex 178.714 117.465 0
      vertex 182.286 117.465 0
      vertex 180.5 114.372 0
    endloop
  endfacet
  facet normal 0 0 -1
    outer loop
      vertex 180.5 114.372 0
      vertex 182.286 117.465 0
      vertex 183.964 112.372 0
    endloop
  endfacet
  facet normal 0 0 -1
    outer loop
      vertex 187.536 130.558 0
      vertex 183.964 130.558 0
      vertex 185.75 133.651 0
    endloop
  endfacet
  facet normal 0 0 -1
    outer loop
      vertex 183.964 130.558 0
      vertex 182.286 135.651 0
      vertex 185.75 133.651 0
    endloop
  endfacet
  facet normal 0 0 -1
    outer loop
      vertex 178.714 135.651 0
      vertex 182.286 135.651 0
      vertex 180.5 132.558 0
    endloop
  endfacet
  facet normal 0 0 -1
    outer loop
      vertex 180.5 132.558 0
      vertex 182.286 135.651 0
      vertex 183.964 130.558 0
    endloop
  endfacet
  facet normal 0 0 -1
    outer loop
      vertex 187.536 130.558 0
      vertex 189.214 135.651 0
      vertex 191 132.558 0
    endloop
  endfacet
  facet normal 0 0 -1
    outer loop
      vertex 187.536 130.558 0
      vertex 185.75 133.651 0
      vertex 189.214 135.651 0
    endloop
  endfacet
  facet normal 0 0 -1
    outer loop
      vertex 187.536 126.558 0
      vertex 183.964 126.558 0
      vertex 187.536 130.558 0
    endloop
  endfacet
  facet normal 0 0 -1
    outer loop
      vertex 183.964 130.558 0
      vertex 187.536 130.558 0
      vertex 183.964 126.558 0
    endloop
  endfacet
  facet normal 0 0 -1
    outer loop
      vertex 182.286 121.465 0
      vertex 183.964 126.558 0
      vertex 185.75 123.465 0
    endloop
  endfacet
  facet normal 0 0 -1
    outer loop
      vertex 182.286 121.465 0
      vertex 180.5 124.558 0
      vertex 183.964 126.558 0
    endloop
  endfacet
  facet normal 0 0 -1
    outer loop
      vertex 182.286 117.465 0
      vertex 178.714 117.465 0
      vertex 182.286 121.465 0
    endloop
  endfacet
  facet normal 0 0 -1
    outer loop
      vertex 178.714 121.465 0
      vertex 182.286 121.465 0
      vertex 178.714 117.465 0
    endloop
  endfacet
  facet normal 0 0 -1
    outer loop
      vertex 177.036 112.372 0
      vertex 178.714 117.465 0
      vertex 180.5 114.372 0
    endloop
  endfacet
  facet normal 0 0 -1
    outer loop
      vertex 177.036 112.372 0
      vertex 175.25 115.465 0
      vertex 178.714 117.465 0
    endloop
  endfacet
  facet normal 0 0 -1
    outer loop
      vertex 177.036 108.372 0
      vertex 173.464 108.372 0
      vertex 177.036 112.372 0
    endloop
  endfacet
  facet normal 0 0 -1
    outer loop
      vertex 173.464 112.372 0
      vertex 177.036 112.372 0
      vertex 173.464 108.372 0
    endloop
  endfacet
  facet normal 0 0 -1
    outer loop
      vertex 171.786 103.279 0
      vertex 173.464 108.372 0
      vertex 175.25 105.279 0
    endloop
  endfacet
  facet normal 0 0 -1
    outer loop
      vertex 171.786 103.279 0
      vertex 170 106.372 0
      vertex 173.464 108.372 0
    endloop
  endfacet
  facet normal 0 0 -1
    outer loop
      vertex 171.786 99.279 0
      vertex 168.214 99.279 0
      vertex 171.786 103.279 0
    endloop
  endfacet
  facet normal 0 0 -1
    outer loop
      vertex 168.214 103.279 0
      vertex 171.786 103.279 0
      vertex 168.214 99.279 0
    endloop
  endfacet
  facet normal 0 0 -1
    outer loop
      vertex 166.536 94.186 0
      vertex 168.214 99.279 0
      vertex 170 96.186 0
    endloop
  endfacet
  facet normal 0 0 -1
    outer loop
      vertex 166.536 94.186 0
      vertex 164.75 97.279 0
      vertex 168.214 99.279 0
    endloop
  endfacet
  facet normal 0 0 -1
    outer loop
      vertex 166.536 90.186 0
      vertex 162.964 90.186 0
      vertex 166.536 94.186 0
    endloop
  endfacet
  facet normal 0 0 -1
    outer loop
      vertex 162.964 94.186 0
      vertex 166.536 94.186 0
      vertex 162.964 90.186 0
    endloop
  endfacet
  facet normal 0 0 -1
    outer loop
      vertex 161.286 85.093 0
      vertex 162.964 90.186 0
      vertex 164.75 87.093 0
    endloop
  endfacet
  facet normal 0 0 -1
    outer loop
      vertex 161.286 85.093 0
      vertex 159.5 88.186 0
      vertex 162.964 90.186 0
    endloop
  endfacet
  facet normal 0 0 -1
    outer loop
      vertex 161.286 81.093 0
      vertex 157.714 81.093 0
      vertex 161.286 85.093 0
    endloop
  endfacet
  facet normal 0 0 -1
    outer loop
      vertex 157.714 85.093 0
      vertex 161.286 85.093 0
      vertex 157.714 81.093 0
    endloop
  endfacet
  facet normal 0 0 -1
    outer loop
      vertex 156.036 76 0
      vertex 157.714 81.093 0
      vertex 159.5 78 0
    endloop
  endfacet
  facet normal 0 0 -1
    outer loop
      vertex 156.036 76 0
      vertex 154.25 79.093 0
      vertex 157.714 81.093 0
    endloop
  endfacet
  facet normal 0 0 -1
    outer loop
      vertex 156.036 72 0
      vertex 152.464 72 0
      vertex 156.036 76 0
    endloop
  endfacet
  facet normal 0 0 -1
    outer loop
      vertex 152.464 76 0
      vertex 156.036 76 0
      vertex 152.464 72 0
    endloop
  endfacet
  facet normal 0 0 -1
    outer loop
      vertex 150.786 66.907 0
      vertex 152.464 72 0
      vertex 154.25 68.907 0
    endloop
  endfacet
  facet normal 0 0 -1
    outer loop
      vertex 150.786 66.907 0
      vertex 149 70 0
      vertex 152.464 72 0
    endloop
  endfacet
  facet normal 0 0 -1
    outer loop
      vertex 150.786 62.907 0
      vertex 147.214 62.907 0
      vertex 150.786 66.907 0
    endloop
  endfacet
  facet normal 0 0 -1
    outer loop
      vertex 147.214 66.907 0
      vertex 150.786 66.907 0
      vertex 147.214 62.907 0
    endloop
  endfacet
  facet normal 0 0 -1
    outer loop
      vertex 145.536 57.814 0
      vertex 147.214 62.907 0
      vertex 149 59.814 0
    endloop
  endfacet
  facet normal 0 0 -1
    outer loop
      vertex 145.536 57.814 0
      vertex 143.75 60.907 0
      vertex 147.214 62.907 0
    endloop
  endfacet
  facet normal 0 0 -1
    outer loop
      vertex 145.536 53.814 0
      vertex 141.964 53.814 0
      vertex 145.536 57.814 0
    endloop
  endfacet
  facet normal 0 0 -1
    outer loop
      vertex 141.964 57.814 0
      vertex 145.536 57.814 0
      vertex 141.964 53.814 0
    endloop
  endfacet
  facet normal 0 0 -1
    outer loop
      vertex 140.286 48.721 0
      vertex 141.964 53.814 0
      vertex 143.75 50.721 0
    endloop
  endfacet
  facet normal 0 0 -1
    outer loop
      vertex 140.286 48.721 0
      vertex 138.5 51.814 0
      vertex 141.964 53.814 0
    endloop
  endfacet
  facet normal 0 0 -1
    outer loop
      vertex 140.286 44.721 0
      vertex 136.714 44.721 0
      vertex 140.286 48.721 0
    endloop
  endfacet
  facet normal 0 0 -1
    outer loop
      vertex 136.714 48.721 0
      vertex 140.286 48.721 0
      vertex 136.714 44.721 0
    endloop
  endfacet
  facet normal 0 0 -1
    outer loop
      vertex 135.036 39.628 0
      vertex 136.714 44.721 0
      vertex 138.5 41.628 0
    endloop
  endfacet
  facet normal 0 0 -1
    outer loop
      vertex 135.036 39.628 0
      vertex 133.25 42.721 0
      vertex 136.714 44.721 0
    endloop
  endfacet
  facet normal 0 0 -1
    outer loop
      vertex 135.036 35.628 0
      vertex 131.464 35.628 0
      vertex 135.036 39.628 0
    endloop
  endfacet
  facet normal 0 0 -1
    outer loop
      vertex 131.464 39.628 0
      vertex 135.036 39.628 0
      vertex 131.464 35.628 0
    endloop
  endfacet
  facet normal 0 0 -1
    outer loop
      vertex 129.786 30.535 0
      vertex 131.464 35.628 0
      vertex 133.25 32.535 0
    endloop
  endfacet
  facet normal 0 0 -1
    outer loop
      vertex 129.786 30.535 0
      vertex 128 33.628 0
      vertex 131.464 35.628 0
    endloop
  endfacet
  facet normal 0 0 -1
    outer loop
      vertex 129.786 26.535 0
      vertex 126.214 26.535 0
      vertex 129.786 30.535 0
    endloop
  endfacet
  facet normal 0 0 -1
    outer loop
      vertex 126.214 30.535 0
      vertex 129.786 30.535 0
      vertex 126.214 26.535 0
    endloop
  endfacet
  facet normal 0 0 -1
    outer loop
      vertex 124.536 21.442 0
      vertex 126.214 26.535 0
      vertex 128 23.442 0
    endloop
  endfacet
  facet normal 0 0 -1
    outer loop
      vertex 120.964 17.442 0
      vertex 124.536 17.442 0
      vertex 122.75 14.349 0
    endloop
  endfacet
  facet normal 0 0 -1
    outer loop
      vertex 124.536 21.442 0
      vertex 122.75 24.535 0
      vertex 126.214 26.535 0
    endloop
  endfacet
  facet normal 0 0 -1
    outer loop
      vertex 124.536 17.442 0
      vertex 120.964 17.442 0
      vertex 124.536 21.442 0
    endloop
  endfacet
  facet normal 0 0 -1
    outer loop
      vertex 120.964 17.442 0
      vertex 122.75 14.349 0
      vertex 122.146 14 0
    endloop
  endfacet
  facet normal 0 0 -1
    outer loop
      vertex 120.964 21.442 0
      vertex 124.536 21.442 0
      vertex 120.964 17.442 0
    endloop
  endfacet
  facet normal 0 0 -1
    outer loop
      vertex 124.536 21.442 0
      vertex 120.964 21.442 0
      vertex 122.75 24.535 0
    endloop
  endfacet
  facet normal 0 0 -1
    outer loop
      vertex 120.964 21.442 0
      vertex 119.286 26.535 0
      vertex 122.75 24.535 0
    endloop
  endfacet
  facet normal 0 0 -1
    outer loop
      vertex 115.714 26.535 0
      vertex 119.286 26.535 0
      vertex 117.5 23.442 0
    endloop
  endfacet
  facet normal 0 0 -1
    outer loop
      vertex 117.5 23.442 0
      vertex 119.286 26.535 0
      vertex 120.964 21.442 0
    endloop
  endfacet
  facet normal 0 0 -1
    outer loop
      vertex 192.786 30.535 0
      vertex 189.214 30.535 0
      vertex 191 33.628 0
    endloop
  endfacet
  facet normal 0 0 -1
    outer loop
      vertex 189.214 30.535 0
      vertex 187.536 35.628 0
      vertex 191 33.628 0
    endloop
  endfacet
  facet normal 0 0 -1
    outer loop
      vertex 183.964 35.628 0
      vertex 187.536 35.628 0
      vertex 185.75 32.535 0
    endloop
  endfacet
  facet normal 0 0 -1
    outer loop
      vertex 185.75 32.535 0
      vertex 187.536 35.628 0
      vertex 189.214 30.535 0
    endloop
  endfacet
  facet normal 0 0 -1
    outer loop
      vertex 192.786 48.721 0
      vertex 189.214 48.721 0
      vertex 191 51.814 0
    endloop
  endfacet
  facet normal 0 0 -1
    outer loop
      vertex 189.214 48.721 0
      vertex 187.536 53.814 0
      vertex 191 51.814 0
    endloop
  endfacet
  facet normal 0 0 -1
    outer loop
      vertex 183.964 53.814 0
      vertex 187.536 53.814 0
      vertex 185.75 50.721 0
    endloop
  endfacet
  facet normal 0 0 -1
    outer loop
      vertex 185.75 50.721 0
      vertex 187.536 53.814 0
      vertex 189.214 48.721 0
    endloop
  endfacet
  facet normal 0 0 -1
    outer loop
      vertex 192.786 66.907 0
      vertex 189.214 66.907 0
      vertex 191 70 0
    endloop
  endfacet
  facet normal 0 0 -1
    outer loop
      vertex 189.214 66.907 0
      vertex 187.536 72 0
      vertex 191 70 0
    endloop
  endfacet
  facet normal 0 0 -1
    outer loop
      vertex 183.964 72 0
      vertex 187.536 72 0
      vertex 185.75 68.907 0
    endloop
  endfacet
  facet normal 0 0 -1
    outer loop
      vertex 185.75 68.907 0
      vertex 187.536 72 0
      vertex 189.214 66.907 0
    endloop
  endfacet
  facet normal 0 0 -1
    outer loop
      vertex 192.786 85.093 0
      vertex 189.214 85.093 0
      vertex 191 88.186 0
    endloop
  endfacet
  facet normal 0 0 -1
    outer loop
      vertex 189.214 85.093 0
      vertex 187.536 90.186 0
      vertex 191 88.186 0
    endloop
  endfacet
  facet normal 0 0 -1
    outer loop
      vertex 183.964 90.186 0
      vertex 187.536 90.186 0
      vertex 185.75 87.093 0
    endloop
  endfacet
  facet normal 0 0 -1
    outer loop
      vertex 185.75 87.093 0
      vertex 187.536 90.186 0
      vertex 189.214 85.093 0
    endloop
  endfacet
  facet normal 0 0 -1
    outer loop
      vertex 192.786 103.279 0
      vertex 189.214 103.279 0
      vertex 191 106.372 0
    endloop
  endfacet
  facet normal 0 0 -1
    outer loop
      vertex 189.214 103.279 0
      vertex 187.536 108.372 0
      vertex 191 106.372 0
    endloop
  endfacet
  facet normal 0 0 -1
    outer loop
      vertex 183.964 108.372 0
      vertex 187.536 108.372 0
      vertex 185.75 105.279 0
    endloop
  endfacet
  facet normal 0 0 -1
    outer loop
      vertex 185.75 105.279 0
      vertex 187.536 108.372 0
      vertex 189.214 103.279 0
    endloop
  endfacet
  facet normal 0 0 -1
    outer loop
      vertex 192.786 121.465 0
      vertex 189.214 121.465 0
      vertex 191 124.558 0
    endloop
  endfacet
  facet normal 0 0 -1
    outer loop
      vertex 189.214 121.465 0
      vertex 187.536 126.558 0
      vertex 191 124.558 0
    endloop
  endfacet
  facet normal 0 0 -1
    outer loop
      vertex 183.964 126.558 0
      vertex 187.536 126.558 0
      vertex 185.75 123.465 0
    endloop
  endfacet
  facet normal 0 0 -1
    outer loop
      vertex 185.75 123.465 0
      vertex 187.536 126.558 0
      vertex 189.214 121.465 0
    endloop
  endfacet
  facet normal 0 0 -1
    outer loop
      vertex 198.036 39.628 0
      vertex 194.464 39.628 0
      vertex 196.25 42.721 0
    endloop
  endfacet
  facet normal 0 0 -1
    outer loop
      vertex 194.464 39.628 0
      vertex 192.786 44.721 0
      vertex 196.25 42.721 0
    endloop
  endfacet
  facet normal 0 0 -1
    outer loop
      vertex 189.214 44.721 0
      vertex 192.786 44.721 0
      vertex 191 41.628 0
    endloop
  endfacet
  facet normal 0 0 -1
    outer loop
      vertex 191 41.628 0
      vertex 192.786 44.721 0
      vertex 194.464 39.628 0
    endloop
  endfacet
  facet normal 0 0 -1
    outer loop
      vertex 198.036 57.814 0
      vertex 194.464 57.814 0
      vertex 196.25 60.907 0
    endloop
  endfacet
  facet normal 0 0 -1
    outer loop
      vertex 194.464 57.814 0
      vertex 192.786 62.907 0
      vertex 196.25 60.907 0
    endloop
  endfacet
  facet normal 0 0 -1
    outer loop
      vertex 189.214 62.907 0
      vertex 192.786 62.907 0
      vertex 191 59.814 0
    endloop
  endfacet
  facet normal 0 0 -1
    outer loop
      vertex 191 59.814 0
      vertex 192.786 62.907 0
      vertex 194.464 57.814 0
    endloop
  endfacet
  facet normal 0 0 -1
    outer loop
      vertex 198.036 76 0
      vertex 194.464 76 0
      vertex 196.25 79.093 0
    endloop
  endfacet
  facet normal 0 0 -1
    outer loop
      vertex 194.464 76 0
      vertex 192.786 81.093 0
      vertex 196.25 79.093 0
    endloop
  endfacet
  facet normal 0 0 -1
    outer loop
      vertex 189.214 81.093 0
      vertex 192.786 81.093 0
      vertex 191 78 0
    endloop
  endfacet
  facet normal 0 0 -1
    outer loop
      vertex 191 78 0
      vertex 192.786 81.093 0
      vertex 194.464 76 0
    endloop
  endfacet
  facet normal 0 0 -1
    outer loop
      vertex 198.036 94.186 0
      vertex 194.464 94.186 0
      vertex 196.25 97.279 0
    endloop
  endfacet
  facet normal 0 0 -1
    outer loop
      vertex 194.464 94.186 0
      vertex 192.786 99.279 0
      vertex 196.25 97.279 0
    endloop
  endfacet
  facet normal 0 0 -1
    outer loop
      vertex 189.214 99.279 0
      vertex 192.786 99.279 0
      vertex 191 96.186 0
    endloop
  endfacet
  facet normal 0 0 -1
    outer loop
      vertex 191 96.186 0
      vertex 192.786 99.279 0
      vertex 194.464 94.186 0
    endloop
  endfacet
  facet normal 0 0 -1
    outer loop
      vertex 198.036 112.372 0
      vertex 194.464 112.372 0
      vertex 196.25 115.465 0
    endloop
  endfacet
  facet normal 0 0 -1
    outer loop
      vertex 194.464 112.372 0
      vertex 192.786 117.465 0
      vertex 196.25 115.465 0
    endloop
  endfacet
  facet normal 0 0 -1
    outer loop
      vertex 189.214 117.465 0
      vertex 192.786 117.465 0
      vertex 191 114.372 0
    endloop
  endfacet
  facet normal 0 0 -1
    outer loop
      vertex 191 114.372 0
      vertex 192.786 117.465 0
      vertex 194.464 112.372 0
    endloop
  endfacet
  facet normal 0 0 -1
    outer loop
      vertex 198.036 130.558 0
      vertex 194.464 130.558 0
      vertex 196.25 133.651 0
    endloop
  endfacet
  facet normal 0 0 -1
    outer loop
      vertex 194.464 130.558 0
      vertex 192.786 135.651 0
      vertex 196.25 133.651 0
    endloop
  endfacet
  facet normal 0 0 -1
    outer loop
      vertex 189.214 135.651 0
      vertex 192.786 135.651 0
      vertex 191 132.558 0
    endloop
  endfacet
  facet normal 0 0 -1
    outer loop
      vertex 191 132.558 0
      vertex 192.786 135.651 0
      vertex 194.464 130.558 0
    endloop
  endfacet
  facet normal 0 0 -1
    outer loop
      vertex 198.036 130.558 0
      vertex 199.714 135.651 0
      vertex 201.5 132.558 0
    endloop
  endfacet
  facet normal 0 0 -1
    outer loop
      vertex 198.036 130.558 0
      vertex 196.25 133.651 0
      vertex 199.714 135.651 0
    endloop
  endfacet
  facet normal 0 0 -1
    outer loop
      vertex 198.036 126.558 0
      vertex 194.464 126.558 0
      vertex 198.036 130.558 0
    endloop
  endfacet
  facet normal 0 0 -1
    outer loop
      vertex 194.464 130.558 0
      vertex 198.036 130.558 0
      vertex 194.464 126.558 0
    endloop
  endfacet
  facet normal 0 0 -1
    outer loop
      vertex 192.786 121.465 0
      vertex 194.464 126.558 0
      vertex 196.25 123.465 0
    endloop
  endfacet
  facet normal 0 0 -1
    outer loop
      vertex 192.786 121.465 0
      vertex 191 124.558 0
      vertex 194.464 126.558 0
    endloop
  endfacet
  facet normal 0 0 -1
    outer loop
      vertex 192.786 117.465 0
      vertex 189.214 117.465 0
      vertex 192.786 121.465 0
    endloop
  endfacet
  facet normal 0 0 -1
    outer loop
      vertex 189.214 121.465 0
      vertex 192.786 121.465 0
      vertex 189.214 117.465 0
    endloop
  endfacet
  facet normal 0 0 -1
    outer loop
      vertex 187.536 112.372 0
      vertex 189.214 117.465 0
      vertex 191 114.372 0
    endloop
  endfacet
  facet normal 0 0 -1
    outer loop
      vertex 187.536 112.372 0
      vertex 185.75 115.465 0
      vertex 189.214 117.465 0
    endloop
  endfacet
  facet normal 0 0 -1
    outer loop
      vertex 187.536 108.372 0
      vertex 183.964 108.372 0
      vertex 187.536 112.372 0
    endloop
  endfacet
  facet normal 0 0 -1
    outer loop
      vertex 183.964 112.372 0
      vertex 187.536 112.372 0
      vertex 183.964 108.372 0
    endloop
  endfacet
  facet normal 0 0 -1
    outer loop
      vertex 182.286 103.279 0
      vertex 183.964 108.372 0
      vertex 185.75 105.279 0
    endloop
  endfacet
  facet normal 0 0 -1
    outer loop
      vertex 182.286 103.279 0
      vertex 180.5 106.372 0
      vertex 183.964 108.372 0
    endloop
  endfacet
  facet normal 0 0 -1
    outer loop
      vertex 182.286 99.279 0
      vertex 178.714 99.279 0
      vertex 182.286 103.279 0
    endloop
  endfacet
  facet normal 0 0 -1
    outer loop
      vertex 178.714 103.279 0
      vertex 182.286 103.279 0
      vertex 178.714 99.279 0
    endloop
  endfacet
  facet normal 0 0 -1
    outer loop
      vertex 177.036 94.186 0
      vertex 178.714 99.279 0
      vertex 180.5 96.186 0
    endloop
  endfacet
  facet normal 0 0 -1
    outer loop
      vertex 177.036 94.186 0
      vertex 175.25 97.279 0
      vertex 178.714 99.279 0
    endloop
  endfacet
  facet normal 0 0 -1
    outer loop
      vertex 177.036 90.186 0
      vertex 173.464 90.186 0
      vertex 177.036 94.186 0
    endloop
  endfacet
  facet normal 0 0 -1
    outer loop
      vertex 173.464 94.186 0
      vertex 177.036 94.186 0
      vertex 173.464 90.186 0
    endloop
  endfacet
  facet normal 0 0 -1
    outer loop
      vertex 171.786 85.093 0
      vertex 173.464 90.186 0
      vertex 175.25 87.093 0
    endloop
  endfacet
  facet normal 0 0 -1
    outer loop
      vertex 171.786 85.093 0
      vertex 170 88.186 0
      vertex 173.464 90.186 0
    endloop
  endfacet
  facet normal 0 0 -1
    outer loop
      vertex 171.786 81.093 0
      vertex 168.214 81.093 0
      vertex 171.786 85.093 0
    endloop
  endfacet
  facet normal 0 0 -1
    outer loop
      vertex 168.214 85.093 0
      vertex 171.786 85.093 0
      vertex 168.214 81.093 0
    endloop
  endfacet
  facet normal 0 0 -1
    outer loop
      vertex 166.536 76 0
      vertex 168.214 81.093 0
      vertex 170 78 0
    endloop
  endfacet
  facet normal 0 0 -1
    outer loop
      vertex 166.536 76 0
      vertex 164.75 79.093 0
      vertex 168.214 81.093 0
    endloop
  endfacet
  facet normal 0 0 -1
    outer loop
      vertex 166.536 72 0
      vertex 162.964 72 0
      vertex 166.536 76 0
    endloop
  endfacet
  facet normal 0 0 -1
    outer loop
      vertex 162.964 76 0
      vertex 166.536 76 0
      vertex 162.964 72 0
    endloop
  endfacet
  facet normal 0 0 -1
    outer loop
      vertex 161.286 66.907 0
      vertex 162.964 72 0
      vertex 164.75 68.907 0
    endloop
  endfacet
  facet normal 0 0 -1
    outer loop
      vertex 161.286 66.907 0
      vertex 159.5 70 0
      vertex 162.964 72 0
    endloop
  endfacet
  facet normal 0 0 -1
    outer loop
      vertex 161.286 62.907 0
      vertex 157.714 62.907 0
      vertex 161.286 66.907 0
    endloop
  endfacet
  facet normal 0 0 -1
    outer loop
      vertex 157.714 66.907 0
      vertex 161.286 66.907 0
      vertex 157.714 62.907 0
    endloop
  endfacet
  facet normal 0 0 -1
    outer loop
      vertex 156.036 57.814 0
      vertex 157.714 62.907 0
      vertex 159.5 59.814 0
    endloop
  endfacet
  facet normal 0 0 -1
    outer loop
      vertex 156.036 57.814 0
      vertex 154.25 60.907 0
      vertex 157.714 62.907 0
    endloop
  endfacet
  facet normal 0 0 -1
    outer loop
      vertex 156.036 53.814 0
      vertex 152.464 53.814 0
      vertex 156.036 57.814 0
    endloop
  endfacet
  facet normal 0 0 -1
    outer loop
      vertex 152.464 57.814 0
      vertex 156.036 57.814 0
      vertex 152.464 53.814 0
    endloop
  endfacet
  facet normal 0 0 -1
    outer loop
      vertex 150.786 48.721 0
      vertex 152.464 53.814 0
      vertex 154.25 50.721 0
    endloop
  endfacet
  facet normal 0 0 -1
    outer loop
      vertex 150.786 48.721 0
      vertex 149 51.814 0
      vertex 152.464 53.814 0
    endloop
  endfacet
  facet normal 0 0 -1
    outer loop
      vertex 150.786 44.721 0
      vertex 147.214 44.721 0
      vertex 150.786 48.721 0
    endloop
  endfacet
  facet normal 0 0 -1
    outer loop
      vertex 147.214 48.721 0
      vertex 150.786 48.721 0
      vertex 147.214 44.721 0
    endloop
  endfacet
  facet normal 0 0 -1
    outer loop
      vertex 145.536 39.628 0
      vertex 147.214 44.721 0
      vertex 149 41.628 0
    endloop
  endfacet
  facet normal 0 0 -1
    outer loop
      vertex 145.536 39.628 0
      vertex 143.75 42.721 0
      vertex 147.214 44.721 0
    endloop
  endfacet
  facet normal 0 0 -1
    outer loop
      vertex 145.536 35.628 0
      vertex 141.964 35.628 0
      vertex 145.536 39.628 0
    endloop
  endfacet
  facet normal 0 0 -1
    outer loop
      vertex 141.964 39.628 0
      vertex 145.536 39.628 0
      vertex 141.964 35.628 0
    endloop
  endfacet
  facet normal 0 0 -1
    outer loop
      vertex 140.286 30.535 0
      vertex 141.964 35.628 0
      vertex 143.75 32.535 0
    endloop
  endfacet
  facet normal 0 0 -1
    outer loop
      vertex 140.286 30.535 0
      vertex 138.5 33.628 0
      vertex 141.964 35.628 0
    endloop
  endfacet
  facet normal 0 0 -1
    outer loop
      vertex 140.286 26.535 0
      vertex 136.714 26.535 0
      vertex 140.286 30.535 0
    endloop
  endfacet
  facet normal 0 0 -1
    outer loop
      vertex 136.714 30.535 0
      vertex 140.286 30.535 0
      vertex 136.714 26.535 0
    endloop
  endfacet
  facet normal 0 0 -1
    outer loop
      vertex 135.036 21.442 0
      vertex 136.714 26.535 0
      vertex 138.5 23.442 0
    endloop
  endfacet
  facet normal 0 0 -1
    outer loop
      vertex 131.464 17.442 0
      vertex 135.036 17.442 0
      vertex 133.25 14.349 0
    endloop
  endfacet
  facet normal 0 0 -1
    outer loop
      vertex 135.036 21.442 0
      vertex 133.25 24.535 0
      vertex 136.714 26.535 0
    endloop
  endfacet
  facet normal 0 0 -1
    outer loop
      vertex 135.036 17.442 0
      vertex 131.464 17.442 0
      vertex 135.036 21.442 0
    endloop
  endfacet
  facet normal 0 0 -1
    outer loop
      vertex 131.464 17.442 0
      vertex 133.25 14.349 0
      vertex 132.646 14 0
    endloop
  endfacet
  facet normal 0 0 -1
    outer loop
      vertex 131.464 21.442 0
      vertex 135.036 21.442 0
      vertex 131.464 17.442 0
    endloop
  endfacet
  facet normal 0 0 -1
    outer loop
      vertex 135.036 21.442 0
      vertex 131.464 21.442 0
      vertex 133.25 24.535 0
    endloop
  endfacet
  facet normal 0 0 -1
    outer loop
      vertex 131.464 21.442 0
      vertex 129.786 26.535 0
      vertex 133.25 24.535 0
    endloop
  endfacet
  facet normal 0 0 -1
    outer loop
      vertex 126.214 26.535 0
      vertex 129.786 26.535 0
      vertex 128 23.442 0
    endloop
  endfacet
  facet normal 0 0 -1
    outer loop
      vertex 128 23.442 0
      vertex 129.786 26.535 0
      vertex 131.464 21.442 0
    endloop
  endfacet
  facet normal 0 0 -1
    outer loop
      vertex 203.286 30.535 0
      vertex 199.714 30.535 0
      vertex 201.5 33.628 0
    endloop
  endfacet
  facet normal 0 0 -1
    outer loop
      vertex 199.714 30.535 0
      vertex 198.036 35.628 0
      vertex 201.5 33.628 0
    endloop
  endfacet
  facet normal 0 0 -1
    outer loop
      vertex 194.464 35.628 0
      vertex 198.036 35.628 0
      vertex 196.25 32.535 0
    endloop
  endfacet
  facet normal 0 0 -1
    outer loop
      vertex 196.25 32.535 0
      vertex 198.036 35.628 0
      vertex 199.714 30.535 0
    endloop
  endfacet
  facet normal 0 0 -1
    outer loop
      vertex 203.286 48.721 0
      vertex 199.714 48.721 0
      vertex 201.5 51.814 0
    endloop
  endfacet
  facet normal 0 0 -1
    outer loop
      vertex 199.714 48.721 0
      vertex 198.036 53.814 0
      vertex 201.5 51.814 0
    endloop
  endfacet
  facet normal 0 0 -1
    outer loop
      vertex 194.464 53.814 0
      vertex 198.036 53.814 0
      vertex 196.25 50.721 0
    endloop
  endfacet
  facet normal 0 0 -1
    outer loop
      vertex 196.25 50.721 0
      vertex 198.036 53.814 0
      vertex 199.714 48.721 0
    endloop
  endfacet
  facet normal 0 0 -1
    outer loop
      vertex 203.286 66.907 0
      vertex 199.714 66.907 0
      vertex 201.5 70 0
    endloop
  endfacet
  facet normal 0 0 -1
    outer loop
      vertex 199.714 66.907 0
      vertex 198.036 72 0
      vertex 201.5 70 0
    endloop
  endfacet
  facet normal 0 0 -1
    outer loop
      vertex 194.464 72 0
      vertex 198.036 72 0
      vertex 196.25 68.907 0
    endloop
  endfacet
  facet normal 0 0 -1
    outer loop
      vertex 196.25 68.907 0
      vertex 198.036 72 0
      vertex 199.714 66.907 0
    endloop
  endfacet
  facet normal 0 0 -1
    outer loop
      vertex 203.286 85.093 0
      vertex 199.714 85.093 0
      vertex 201.5 88.186 0
    endloop
  endfacet
  facet normal 0 0 -1
    outer loop
      vertex 199.714 85.093 0
      vertex 198.036 90.186 0
      vertex 201.5 88.186 0
    endloop
  endfacet
  facet normal 0 0 -1
    outer loop
      vertex 194.464 90.186 0
      vertex 198.036 90.186 0
      vertex 196.25 87.093 0
    endloop
  endfacet
  facet normal 0 0 -1
    outer loop
      vertex 196.25 87.093 0
      vertex 198.036 90.186 0
      vertex 199.714 85.093 0
    endloop
  endfacet
  facet normal 0 0 -1
    outer loop
      vertex 203.286 103.279 0
      vertex 199.714 103.279 0
      vertex 201.5 106.372 0
    endloop
  endfacet
  facet normal 0 0 -1
    outer loop
      vertex 199.714 103.279 0
      vertex 198.036 108.372 0
      vertex 201.5 106.372 0
    endloop
  endfacet
  facet normal 0 0 -1
    outer loop
      vertex 194.464 108.372 0
      vertex 198.036 108.372 0
      vertex 196.25 105.279 0
    endloop
  endfacet
  facet normal 0 0 -1
    outer loop
      vertex 196.25 105.279 0
      vertex 198.036 108.372 0
      vertex 199.714 103.279 0
    endloop
  endfacet
  facet normal 0 0 -1
    outer loop
      vertex 203.286 121.465 0
      vertex 199.714 121.465 0
      vertex 201.5 124.558 0
    endloop
  endfacet
  facet normal 0 0 -1
    outer loop
      vertex 199.714 121.465 0
      vertex 198.036 126.558 0
      vertex 201.5 124.558 0
    endloop
  endfacet
  facet normal 0 0 -1
    outer loop
      vertex 194.464 126.558 0
      vertex 198.036 126.558 0
      vertex 196.25 123.465 0
    endloop
  endfacet
  facet normal 0 0 -1
    outer loop
      vertex 196.25 123.465 0
      vertex 198.036 126.558 0
      vertex 199.714 121.465 0
    endloop
  endfacet
  facet normal 0 0 -1
    outer loop
      vertex 208.536 39.628 0
      vertex 204.964 39.628 0
      vertex 206.75 42.721 0
    endloop
  endfacet
  facet normal 0 0 -1
    outer loop
      vertex 204.964 39.628 0
      vertex 203.286 44.721 0
      vertex 206.75 42.721 0
    endloop
  endfacet
  facet normal 0 0 -1
    outer loop
      vertex 199.714 44.721 0
      vertex 203.286 44.721 0
      vertex 201.5 41.628 0
    endloop
  endfacet
  facet normal 0 0 -1
    outer loop
      vertex 201.5 41.628 0
      vertex 203.286 44.721 0
      vertex 204.964 39.628 0
    endloop
  endfacet
  facet normal 0 0 -1
    outer loop
      vertex 208.536 57.814 0
      vertex 204.964 57.814 0
      vertex 206.75 60.907 0
    endloop
  endfacet
  facet normal 0 0 -1
    outer loop
      vertex 204.964 57.814 0
      vertex 203.286 62.907 0
      vertex 206.75 60.907 0
    endloop
  endfacet
  facet normal 0 0 -1
    outer loop
      vertex 199.714 62.907 0
      vertex 203.286 62.907 0
      vertex 201.5 59.814 0
    endloop
  endfacet
  facet normal 0 0 -1
    outer loop
      vertex 201.5 59.814 0
      vertex 203.286 62.907 0
      vertex 204.964 57.814 0
    endloop
  endfacet
  facet normal 0 0 -1
    outer loop
      vertex 208.536 76 0
      vertex 204.964 76 0
      vertex 206.75 79.093 0
    endloop
  endfacet
  facet normal 0 0 -1
    outer loop
      vertex 204.964 76 0
      vertex 203.286 81.093 0
      vertex 206.75 79.093 0
    endloop
  endfacet
  facet normal 0 0 -1
    outer loop
      vertex 199.714 81.093 0
      vertex 203.286 81.093 0
      vertex 201.5 78 0
    endloop
  endfacet
  facet normal 0 0 -1
    outer loop
      vertex 201.5 78 0
      vertex 203.286 81.093 0
      vertex 204.964 76 0
    endloop
  endfacet
  facet normal 0 0 -1
    outer loop
      vertex 208.536 94.186 0
      vertex 204.964 94.186 0
      vertex 206.75 97.279 0
    endloop
  endfacet
  facet normal 0 0 -1
    outer loop
      vertex 204.964 94.186 0
      vertex 203.286 99.279 0
      vertex 206.75 97.279 0
    endloop
  endfacet
  facet normal 0 0 -1
    outer loop
      vertex 199.714 99.279 0
      vertex 203.286 99.279 0
      vertex 201.5 96.186 0
    endloop
  endfacet
  facet normal 0 0 -1
    outer loop
      vertex 201.5 96.186 0
      vertex 203.286 99.279 0
      vertex 204.964 94.186 0
    endloop
  endfacet
  facet normal 0 0 -1
    outer loop
      vertex 208.536 112.372 0
      vertex 204.964 112.372 0
      vertex 206.75 115.465 0
    endloop
  endfacet
  facet normal 0 0 -1
    outer loop
      vertex 204.964 112.372 0
      vertex 203.286 117.465 0
      vertex 206.75 115.465 0
    endloop
  endfacet
  facet normal 0 0 -1
    outer loop
      vertex 199.714 117.465 0
      vertex 203.286 117.465 0
      vertex 201.5 114.372 0
    endloop
  endfacet
  facet normal 0 0 -1
    outer loop
      vertex 201.5 114.372 0
      vertex 203.286 117.465 0
      vertex 204.964 112.372 0
    endloop
  endfacet
  facet normal 0 0 -1
    outer loop
      vertex 208.536 130.558 0
      vertex 204.964 130.558 0
      vertex 206.75 133.651 0
    endloop
  endfacet
  facet normal 0 0 -1
    outer loop
      vertex 204.964 130.558 0
      vertex 203.286 135.651 0
      vertex 206.75 133.651 0
    endloop
  endfacet
  facet normal 0 0 -1
    outer loop
      vertex 199.714 135.651 0
      vertex 203.286 135.651 0
      vertex 201.5 132.558 0
    endloop
  endfacet
  facet normal 0 0 -1
    outer loop
      vertex 201.5 132.558 0
      vertex 203.286 135.651 0
      vertex 204.964 130.558 0
    endloop
  endfacet
  facet normal 0 0 -1
    outer loop
      vertex 208.536 130.558 0
      vertex 210.214 135.651 0
      vertex 212 132.558 0
    endloop
  endfacet
  facet normal 0 0 -1
    outer loop
      vertex 208.536 130.558 0
      vertex 206.75 133.651 0
      vertex 210.214 135.651 0
    endloop
  endfacet
  facet normal 0 0 -1
    outer loop
      vertex 208.536 126.558 0
      vertex 204.964 126.558 0
      vertex 208.536 130.558 0
    endloop
  endfacet
  facet normal 0 0 -1
    outer loop
      vertex 204.964 130.558 0
      vertex 208.536 130.558 0
      vertex 204.964 126.558 0
    endloop
  endfacet
  facet normal 0 0 -1
    outer loop
      vertex 203.286 121.465 0
      vertex 204.964 126.558 0
      vertex 206.75 123.465 0
    endloop
  endfacet
  facet normal 0 0 -1
    outer loop
      vertex 203.286 121.465 0
      vertex 201.5 124.558 0
      vertex 204.964 126.558 0
    endloop
  endfacet
  facet normal 0 0 -1
    outer loop
      vertex 203.286 117.465 0
      vertex 199.714 117.465 0
      vertex 203.286 121.465 0
    endloop
  endfacet
  facet normal 0 0 -1
    outer loop
      vertex 199.714 121.465 0
      vertex 203.286 121.465 0
      vertex 199.714 117.465 0
    endloop
  endfacet
  facet normal 0 0 -1
    outer loop
      vertex 198.036 112.372 0
      vertex 199.714 117.465 0
      vertex 201.5 114.372 0
    endloop
  endfacet
  facet normal 0 0 -1
    outer loop
      vertex 198.036 112.372 0
      vertex 196.25 115.465 0
      vertex 199.714 117.465 0
    endloop
  endfacet
  facet normal 0 0 -1
    outer loop
      vertex 198.036 108.372 0
      vertex 194.464 108.372 0
      vertex 198.036 112.372 0
    endloop
  endfacet
  facet normal 0 0 -1
    outer loop
      vertex 194.464 112.372 0
      vertex 198.036 112.372 0
      vertex 194.464 108.372 0
    endloop
  endfacet
  facet normal 0 0 -1
    outer loop
      vertex 192.786 103.279 0
      vertex 194.464 108.372 0
      vertex 196.25 105.279 0
    endloop
  endfacet
  facet normal 0 0 -1
    outer loop
      vertex 192.786 103.279 0
      vertex 191 106.372 0
      vertex 194.464 108.372 0
    endloop
  endfacet
  facet normal 0 0 -1
    outer loop
      vertex 192.786 99.279 0
      vertex 189.214 99.279 0
      vertex 192.786 103.279 0
    endloop
  endfacet
  facet normal 0 0 -1
    outer loop
      vertex 189.214 103.279 0
      vertex 192.786 103.279 0
      vertex 189.214 99.279 0
    endloop
  endfacet
  facet normal 0 0 -1
    outer loop
      vertex 187.536 94.186 0
      vertex 189.214 99.279 0
      vertex 191 96.186 0
    endloop
  endfacet
  facet normal 0 0 -1
    outer loop
      vertex 187.536 94.186 0
      vertex 185.75 97.279 0
      vertex 189.214 99.279 0
    endloop
  endfacet
  facet normal 0 0 -1
    outer loop
      vertex 187.536 90.186 0
      vertex 183.964 90.186 0
      vertex 187.536 94.186 0
    endloop
  endfacet
  facet normal 0 0 -1
    outer loop
      vertex 183.964 94.186 0
      vertex 187.536 94.186 0
      vertex 183.964 90.186 0
    endloop
  endfacet
  facet normal 0 0 -1
    outer loop
      vertex 182.286 85.093 0
      vertex 183.964 90.186 0
      vertex 185.75 87.093 0
    endloop
  endfacet
  facet normal 0 0 -1
    outer loop
      vertex 182.286 85.093 0
      vertex 180.5 88.186 0
      vertex 183.964 90.186 0
    endloop
  endfacet
  facet normal 0 0 -1
    outer loop
      vertex 182.286 81.093 0
      vertex 178.714 81.093 0
      vertex 182.286 85.093 0
    endloop
  endfacet
  facet normal 0 0 -1
    outer loop
      vertex 178.714 85.093 0
      vertex 182.286 85.093 0
      vertex 178.714 81.093 0
    endloop
  endfacet
  facet normal 0 0 -1
    outer loop
      vertex 177.036 76 0
      vertex 178.714 81.093 0
      vertex 180.5 78 0
    endloop
  endfacet
  facet normal 0 0 -1
    outer loop
      vertex 177.036 76 0
      vertex 175.25 79.093 0
      vertex 178.714 81.093 0
    endloop
  endfacet
  facet normal 0 0 -1
    outer loop
      vertex 177.036 72 0
      vertex 173.464 72 0
      vertex 177.036 76 0
    endloop
  endfacet
  facet normal 0 0 -1
    outer loop
      vertex 173.464 76 0
      vertex 177.036 76 0
      vertex 173.464 72 0
    endloop
  endfacet
  facet normal 0 0 -1
    outer loop
      vertex 171.786 66.907 0
      vertex 173.464 72 0
      vertex 175.25 68.907 0
    endloop
  endfacet
  facet normal 0 0 -1
    outer loop
      vertex 171.786 66.907 0
      vertex 170 70 0
      vertex 173.464 72 0
    endloop
  endfacet
  facet normal 0 0 -1
    outer loop
      vertex 171.786 62.907 0
      vertex 168.214 62.907 0
      vertex 171.786 66.907 0
    endloop
  endfacet
  facet normal 0 0 -1
    outer loop
      vertex 168.214 66.907 0
      vertex 171.786 66.907 0
      vertex 168.214 62.907 0
    endloop
  endfacet
  facet normal 0 0 -1
    outer loop
      vertex 166.536 57.814 0
      vertex 168.214 62.907 0
      vertex 170 59.814 0
    endloop
  endfacet
  facet normal 0 0 -1
    outer loop
      vertex 166.536 57.814 0
      vertex 164.75 60.907 0
      vertex 168.214 62.907 0
    endloop
  endfacet
  facet normal 0 0 -1
    outer loop
      vertex 166.536 53.814 0
      vertex 162.964 53.814 0
      vertex 166.536 57.814 0
    endloop
  endfacet
  facet normal 0 0 -1
    outer loop
      vertex 162.964 57.814 0
      vertex 166.536 57.814 0
      vertex 162.964 53.814 0
    endloop
  endfacet
  facet normal 0 0 -1
    outer loop
      vertex 161.286 48.721 0
      vertex 162.964 53.814 0
      vertex 164.75 50.721 0
    endloop
  endfacet
  facet normal 0 0 -1
    outer loop
      vertex 161.286 48.721 0
      vertex 159.5 51.814 0
      vertex 162.964 53.814 0
    endloop
  endfacet
  facet normal 0 0 -1
    outer loop
      vertex 161.286 44.721 0
      vertex 157.714 44.721 0
      vertex 161.286 48.721 0
    endloop
  endfacet
  facet normal 0 0 -1
    outer loop
      vertex 157.714 48.721 0
      vertex 161.286 48.721 0
      vertex 157.714 44.721 0
    endloop
  endfacet
  facet normal 0 0 -1
    outer loop
      vertex 156.036 39.628 0
      vertex 157.714 44.721 0
      vertex 159.5 41.628 0
    endloop
  endfacet
  facet normal 0 0 -1
    outer loop
      vertex 156.036 39.628 0
      vertex 154.25 42.721 0
      vertex 157.714 44.721 0
    endloop
  endfacet
  facet normal 0 0 -1
    outer loop
      vertex 156.036 35.628 0
      vertex 152.464 35.628 0
      vertex 156.036 39.628 0
    endloop
  endfacet
  facet normal 0 0 -1
    outer loop
      vertex 152.464 39.628 0
      vertex 156.036 39.628 0
      vertex 152.464 35.628 0
    endloop
  endfacet
  facet normal 0 0 -1
    outer loop
      vertex 150.786 30.535 0
      vertex 152.464 35.628 0
      vertex 154.25 32.535 0
    endloop
  endfacet
  facet normal 0 0 -1
    outer loop
      vertex 150.786 30.535 0
      vertex 149 33.628 0
      vertex 152.464 35.628 0
    endloop
  endfacet
  facet normal 0 0 -1
    outer loop
      vertex 150.786 26.535 0
      vertex 147.214 26.535 0
      vertex 150.786 30.535 0
    endloop
  endfacet
  facet normal 0 0 -1
    outer loop
      vertex 147.214 30.535 0
      vertex 150.786 30.535 0
      vertex 147.214 26.535 0
    endloop
  endfacet
  facet normal 0 0 -1
    outer loop
      vertex 145.536 21.442 0
      vertex 147.214 26.535 0
      vertex 149 23.442 0
    endloop
  endfacet
  facet normal 0 0 -1
    outer loop
      vertex 141.964 17.442 0
      vertex 145.536 17.442 0
      vertex 143.75 14.349 0
    endloop
  endfacet
  facet normal 0 0 -1
    outer loop
      vertex 145.536 21.442 0
      vertex 143.75 24.535 0
      vertex 147.214 26.535 0
    endloop
  endfacet
  facet normal 0 0 -1
    outer loop
      vertex 145.536 17.442 0
      vertex 141.964 17.442 0
      vertex 145.536 21.442 0
    endloop
  endfacet
  facet normal 0 0 -1
    outer loop
      vertex 141.964 17.442 0
      vertex 143.75 14.349 0
      vertex 143.146 14 0
    endloop
  endfacet
  facet normal 0 0 -1
    outer loop
      vertex 141.964 21.442 0
      vertex 145.536 21.442 0
      vertex 141.964 17.442 0
    endloop
  endfacet
  facet normal 0 0 -1
    outer loop
      vertex 145.536 21.442 0
      vertex 141.964 21.442 0
      vertex 143.75 24.535 0
    endloop
  endfacet
  facet normal 0 0 -1
    outer loop
      vertex 141.964 21.442 0
      vertex 140.286 26.535 0
      vertex 143.75 24.535 0
    endloop
  endfacet
  facet normal 0 0 -1
    outer loop
      vertex 136.714 26.535 0
      vertex 140.286 26.535 0
      vertex 138.5 23.442 0
    endloop
  endfacet
  facet normal 0 0 -1
    outer loop
      vertex 138.5 23.442 0
      vertex 140.286 26.535 0
      vertex 141.964 21.442 0
    endloop
  endfacet
  facet normal 0 0 -1
    outer loop
      vertex 213.786 30.535 0
      vertex 210.214 30.535 0
      vertex 212 33.628 0
    endloop
  endfacet
  facet normal 0 0 -1
    outer loop
      vertex 210.214 30.535 0
      vertex 208.536 35.628 0
      vertex 212 33.628 0
    endloop
  endfacet
  facet normal 0 0 -1
    outer loop
      vertex 204.964 35.628 0
      vertex 208.536 35.628 0
      vertex 206.75 32.535 0
    endloop
  endfacet
  facet normal 0 0 -1
    outer loop
      vertex 206.75 32.535 0
      vertex 208.536 35.628 0
      vertex 210.214 30.535 0
    endloop
  endfacet
  facet normal 0 0 -1
    outer loop
      vertex 213.786 48.721 0
      vertex 210.214 48.721 0
      vertex 212 51.814 0
    endloop
  endfacet
  facet normal 0 0 -1
    outer loop
      vertex 210.214 48.721 0
      vertex 208.536 53.814 0
      vertex 212 51.814 0
    endloop
  endfacet
  facet normal 0 0 -1
    outer loop
      vertex 204.964 53.814 0
      vertex 208.536 53.814 0
      vertex 206.75 50.721 0
    endloop
  endfacet
  facet normal 0 0 -1
    outer loop
      vertex 206.75 50.721 0
      vertex 208.536 53.814 0
      vertex 210.214 48.721 0
    endloop
  endfacet
  facet normal 0 0 -1
    outer loop
      vertex 213.786 66.907 0
      vertex 210.214 66.907 0
      vertex 212 70 0
    endloop
  endfacet
  facet normal 0 0 -1
    outer loop
      vertex 210.214 66.907 0
      vertex 208.536 72 0
      vertex 212 70 0
    endloop
  endfacet
  facet normal 0 0 -1
    outer loop
      vertex 204.964 72 0
      vertex 208.536 72 0
      vertex 206.75 68.907 0
    endloop
  endfacet
  facet normal 0 0 -1
    outer loop
      vertex 206.75 68.907 0
      vertex 208.536 72 0
      vertex 210.214 66.907 0
    endloop
  endfacet
  facet normal 0 0 -1
    outer loop
      vertex 213.786 85.093 0
      vertex 210.214 85.093 0
      vertex 212 88.186 0
    endloop
  endfacet
  facet normal 0 0 -1
    outer loop
      vertex 210.214 85.093 0
      vertex 208.536 90.186 0
      vertex 212 88.186 0
    endloop
  endfacet
  facet normal 0 0 -1
    outer loop
      vertex 204.964 90.186 0
      vertex 208.536 90.186 0
      vertex 206.75 87.093 0
    endloop
  endfacet
  facet normal 0 0 -1
    outer loop
      vertex 206.75 87.093 0
      vertex 208.536 90.186 0
      vertex 210.214 85.093 0
    endloop
  endfacet
  facet normal 0 0 -1
    outer loop
      vertex 213.786 103.279 0
      vertex 210.214 103.279 0
      vertex 212 106.372 0
    endloop
  endfacet
  facet normal 0 0 -1
    outer loop
      vertex 210.214 103.279 0
      vertex 208.536 108.372 0
      vertex 212 106.372 0
    endloop
  endfacet
  facet normal 0 0 -1
    outer loop
      vertex 204.964 108.372 0
      vertex 208.536 108.372 0
      vertex 206.75 105.279 0
    endloop
  endfacet
  facet normal 0 0 -1
    outer loop
      vertex 206.75 105.279 0
      vertex 208.536 108.372 0
      vertex 210.214 103.279 0
    endloop
  endfacet
  facet normal 0 0 -1
    outer loop
      vertex 213.786 121.465 0
      vertex 210.214 121.465 0
      vertex 212 124.558 0
    endloop
  endfacet
  facet normal 0 0 -1
    outer loop
      vertex 210.214 121.465 0
      vertex 208.536 126.558 0
      vertex 212 124.558 0
    endloop
  endfacet
  facet normal 0 0 -1
    outer loop
      vertex 204.964 126.558 0
      vertex 208.536 126.558 0
      vertex 206.75 123.465 0
    endloop
  endfacet
  facet normal 0 0 -1
    outer loop
      vertex 206.75 123.465 0
      vertex 208.536 126.558 0
      vertex 210.214 121.465 0
    endloop
  endfacet
  facet normal 0 0 1
    outer loop
      vertex 215.7 140 3
      vertex 213.786 136 3
      vertex 215.7 136 3
    endloop
  endfacet
  facet normal 0 0 1
    outer loop
      vertex 210.214 135.651 3
      vertex 213.786 135.651 3
      vertex 213.786 136 3
    endloop
  endfacet
  facet normal 0 0 1
    outer loop
      vertex 210.214 136 3
      vertex 213.786 136 3
      vertex 215.7 140 3
    endloop
  endfacet
  facet normal 0 0 1
    outer loop
      vertex 210.214 135.651 3
      vertex 213.786 136 3
      vertex 210.214 136 3
    endloop
  endfacet
  facet normal 0 0 1
    outer loop
      vertex 215.7 140 3
      vertex 203.286 136 3
      vertex 210.214 136 3
    endloop
  endfacet
  facet normal 0 0 1
    outer loop
      vertex 199.714 135.651 3
      vertex 203.286 135.651 3
      vertex 203.286 136 3
    endloop
  endfacet
  facet normal 0 0 1
    outer loop
      vertex 199.714 135.651 3
      vertex 203.286 136 3
      vertex 199.714 136 3
    endloop
  endfacet
  facet normal 0 0 1
    outer loop
      vertex 215.7 140 3
      vertex 199.714 136 3
      vertex 203.286 136 3
    endloop
  endfacet
  facet normal 0 0 1
    outer loop
      vertex 215.7 140 3
      vertex 192.786 136 3
      vertex 199.714 136 3
    endloop
  endfacet
  facet normal 0 0 1
    outer loop
      vertex 189.214 135.651 3
      vertex 192.786 135.651 3
      vertex 192.786 136 3
    endloop
  endfacet
  facet normal 0 0 1
    outer loop
      vertex 189.214 135.651 3
      vertex 192.786 136 3
      vertex 189.214 136 3
    endloop
  endfacet
  facet normal 0 0 1
    outer loop
      vertex 215.7 140 3
      vertex 189.214 136 3
      vertex 192.786 136 3
    endloop
  endfacet
  facet normal 0 0 1
    outer loop
      vertex 215.7 140 3
      vertex 182.286 136 3
      vertex 189.214 136 3
    endloop
  endfacet
  facet normal 0 0 1
    outer loop
      vertex 178.714 135.651 3
      vertex 182.286 135.651 3
      vertex 182.286 136 3
    endloop
  endfacet
  facet normal 0 0 1
    outer loop
      vertex 178.714 135.651 3
      vertex 182.286 136 3
      vertex 178.714 136 3
    endloop
  endfacet
  facet normal 0 0 1
    outer loop
      vertex 215.7 140 3
      vertex 178.714 136 3
      vertex 182.286 136 3
    endloop
  endfacet
  facet normal 0 0 1
    outer loop
      vertex 215.7 140 3
      vertex 171.786 136 3
      vertex 178.714 136 3
    endloop
  endfacet
  facet normal 0 0 1
    outer loop
      vertex 168.214 135.651 3
      vertex 171.786 135.651 3
      vertex 171.786 136 3
    endloop
  endfacet
  facet normal 0 0 1
    outer loop
      vertex 168.214 135.651 3
      vertex 171.786 136 3
      vertex 168.214 136 3
    endloop
  endfacet
  facet normal 0 0 1
    outer loop
      vertex 215.7 140 3
      vertex 168.214 136 3
      vertex 171.786 136 3
    endloop
  endfacet
  facet normal -0 0 1
    outer loop
      vertex 149.349 136.985 3
      vertex 168.214 136 3
      vertex 215.7 140 3
    endloop
  endfacet
  facet normal 0 0 1
    outer loop
      vertex 157.714 135.651 3
      vertex 161.286 135.651 3
      vertex 161.286 136 3
    endloop
  endfacet
  facet normal 0 0 1
    outer loop
      vertex 157.714 135.651 3
      vertex 161.286 136 3
      vertex 157.714 136 3
    endloop
  endfacet
  facet normal 0 0 1
    outer loop
      vertex 168.214 136 3
      vertex 149.349 136.985 3
      vertex 161.286 136 3
    endloop
  endfacet
  facet normal 0 0 1
    outer loop
      vertex 161.286 136 3
      vertex 149.695 136.939 3
      vertex 157.714 136 3
    endloop
  endfacet
  facet normal 0 0 1
    outer loop
      vertex 157.714 136 3
      vertex 151.571 136.064 3
      vertex 151.641 136 3
    endloop
  endfacet
  facet normal 0 0 1
    outer loop
      vertex 157.714 136 3
      vertex 151.294 136.277 3
      vertex 151.571 136.064 3
    endloop
  endfacet
  facet normal 0 0 1
    outer loop
      vertex 157.714 136 3
      vertex 151 136.464 3
      vertex 151.294 136.277 3
    endloop
  endfacet
  facet normal 0 0 1
    outer loop
      vertex 157.714 136 3
      vertex 150.69 136.625 3
      vertex 151 136.464 3
    endloop
  endfacet
  facet normal 0 0 1
    outer loop
      vertex 157.714 136 3
      vertex 150.368 136.759 3
      vertex 150.69 136.625 3
    endloop
  endfacet
  facet normal 0 0 1
    outer loop
      vertex 157.714 136 3
      vertex 150.035 136.864 3
      vertex 150.368 136.759 3
    endloop
  endfacet
  facet normal 0 0 1
    outer loop
      vertex 157.714 136 3
      vertex 149.695 136.939 3
      vertex 150.035 136.864 3
    endloop
  endfacet
  facet normal 0 0 1
    outer loop
      vertex 161.286 136 3
      vertex 149.349 136.985 3
      vertex 149.695 136.939 3
    endloop
  endfacet
  facet normal 0 0 1
    outer loop
      vertex 215.7 140 3
      vertex 149 137 3
      vertex 149.349 136.985 3
    endloop
  endfacet
  facet normal -0 0 1
    outer loop
      vertex 84 140 3
      vertex 149 137 3
      vertex 215.7 140 3
    endloop
  endfacet
  facet normal 0 0 1
    outer loop
      vertex 146.429 136.064 3
      vertex 140.286 136 3
      vertex 146.359 136 3
    endloop
  endfacet
  facet normal 0 0 1
    outer loop
      vertex 146.706 136.277 3
      vertex 140.286 136 3
      vertex 146.429 136.064 3
    endloop
  endfacet
  facet normal 0 0 1
    outer loop
      vertex 147 136.464 3
      vertex 140.286 136 3
      vertex 146.706 136.277 3
    endloop
  endfacet
  facet normal 0 0 1
    outer loop
      vertex 147.31 136.625 3
      vertex 140.286 136 3
      vertex 147 136.464 3
    endloop
  endfacet
  facet normal 0 0 1
    outer loop
      vertex 147.632 136.759 3
      vertex 140.286 136 3
      vertex 147.31 136.625 3
    endloop
  endfacet
  facet normal 0 0 1
    outer loop
      vertex 147.965 136.864 3
      vertex 140.286 136 3
      vertex 147.632 136.759 3
    endloop
  endfacet
  facet normal 0 0 1
    outer loop
      vertex 148.305 136.939 3
      vertex 140.286 136 3
      vertex 147.965 136.864 3
    endloop
  endfacet
  facet normal 0 0 1
    outer loop
      vertex 136.714 136 3
      vertex 148.305 136.939 3
      vertex 148.651 136.985 3
    endloop
  endfacet
  facet normal 0 0 1
    outer loop
      vertex 136.714 135.651 3
      vertex 140.286 135.651 3
      vertex 140.286 136 3
    endloop
  endfacet
  facet normal 0 0 1
    outer loop
      vertex 136.714 135.651 3
      vertex 140.286 136 3
      vertex 136.714 136 3
    endloop
  endfacet
  facet normal 0 0 1
    outer loop
      vertex 148.305 136.939 3
      vertex 136.714 136 3
      vertex 140.286 136 3
    endloop
  endfacet
  facet normal 0 0 1
    outer loop
      vertex 148.651 136.985 3
      vertex 129.786 136 3
      vertex 136.714 136 3
    endloop
  endfacet
  facet normal 0 0 1
    outer loop
      vertex 126.214 135.651 3
      vertex 129.786 135.651 3
      vertex 129.786 136 3
    endloop
  endfacet
  facet normal 0 0 1
    outer loop
      vertex 126.214 135.651 3
      vertex 129.786 136 3
      vertex 126.214 136 3
    endloop
  endfacet
  facet normal 0 0 1
    outer loop
      vertex 148.651 136.985 3
      vertex 126.214 136 3
      vertex 129.786 136 3
    endloop
  endfacet
  facet normal 0 0 1
    outer loop
      vertex 149 137 3
      vertex 84 140 3
      vertex 148.651 136.985 3
    endloop
  endfacet
  facet normal 0 0 1
    outer loop
      vertex 148.651 136.985 3
      vertex 84 140 3
      vertex 126.214 136 3
    endloop
  endfacet
  facet normal 0 0 1
    outer loop
      vertex 115.714 135.651 3
      vertex 119.286 135.651 3
      vertex 119.286 136 3
    endloop
  endfacet
  facet normal 0 0 1
    outer loop
      vertex 115.714 135.651 3
      vertex 119.286 136 3
      vertex 115.714 136 3
    endloop
  endfacet
  facet normal 0 0 1
    outer loop
      vertex 126.214 136 3
      vertex 84 140 3
      vertex 119.286 136 3
    endloop
  endfacet
  facet normal 0 0 1
    outer loop
      vertex 119.286 136 3
      vertex 84 140 3
      vertex 115.714 136 3
    endloop
  endfacet
  facet normal 0 0 1
    outer loop
      vertex 105.214 135.651 3
      vertex 108.786 135.651 3
      vertex 108.786 136 3
    endloop
  endfacet
  facet normal 0 0 1
    outer loop
      vertex 105.214 135.651 3
      vertex 108.786 136 3
      vertex 105.214 136 3
    endloop
  endfacet
  facet normal 0 0 1
    outer loop
      vertex 115.714 136 3
      vertex 84 140 3
      vertex 108.786 136 3
    endloop
  endfacet
  facet normal 0 0 1
    outer loop
      vertex 108.786 136 3
      vertex 84 140 3
      vertex 105.214 136 3
    endloop
  endfacet
  facet normal 0 0 1
    outer loop
      vertex 94.7141 135.651 3
      vertex 98.2859 135.651 3
      vertex 98.2859 136 3
    endloop
  endfacet
  facet normal 0 0 1
    outer loop
      vertex 94.7141 135.651 3
      vertex 98.2859 136 3
      vertex 94.7141 136 3
    endloop
  endfacet
  facet normal 0 0 1
    outer loop
      vertex 105.214 136 3
      vertex 84 140 3
      vertex 98.2859 136 3
    endloop
  endfacet
  facet normal 0 0 1
    outer loop
      vertex 98.2859 136 3
      vertex 84 140 3
      vertex 94.7141 136 3
    endloop
  endfacet
  facet normal 0 0 1
    outer loop
      vertex 84.2141 135.651 3
      vertex 87.7859 135.651 3
      vertex 87.7859 136 3
    endloop
  endfacet
  facet normal 0 0 1
    outer loop
      vertex 84.2141 135.651 3
      vertex 87.7859 136 3
      vertex 84.2141 136 3
    endloop
  endfacet
  facet normal 0 0 1
    outer loop
      vertex 94.7141 136 3
      vertex 84 140 3
      vertex 87.7859 136 3
    endloop
  endfacet
  facet normal 0 0 1
    outer loop
      vertex 87.7859 136 3
      vertex 84 140 3
      vertex 84.2141 136 3
    endloop
  endfacet
  facet normal 0 0 1
    outer loop
      vertex 84.2141 136 3
      vertex 84 140 3
      vertex 84 136 3
    endloop
  endfacet
  facet normal 0 0 1
    outer loop
      vertex 215.7 134.546 3
      vertex 215.464 130.558 3
      vertex 215.7 122.57 3
    endloop
  endfacet
  facet normal 0 0 1
    outer loop
      vertex 212 132.558 3
      vertex 215.7 134.546 3
      vertex 213.786 135.651 3
    endloop
  endfacet
  facet normal 0 0 1
    outer loop
      vertex 215.7 134.546 3
      vertex 212 132.558 3
      vertex 215.464 130.558 3
    endloop
  endfacet
  facet normal -0 0 1
    outer loop
      vertex 215.464 126.558 3
      vertex 215.7 122.57 3
      vertex 215.464 130.558 3
    endloop
  endfacet
  facet normal -0 0 1
    outer loop
      vertex 212 124.558 3
      vertex 215.7 122.57 3
      vertex 215.464 126.558 3
    endloop
  endfacet
  facet normal 0 0 1
    outer loop
      vertex 210.214 121.465 3
      vertex 213.786 121.465 3
      vertex 212 124.558 3
    endloop
  endfacet
  facet normal 0 0 1
    outer loop
      vertex 215.7 122.57 3
      vertex 212 124.558 3
      vertex 213.786 121.465 3
    endloop
  endfacet
  facet normal 0 0 1
    outer loop
      vertex 215.7 116.36 3
      vertex 215.464 112.372 3
      vertex 215.7 104.384 3
    endloop
  endfacet
  facet normal 0 0 1
    outer loop
      vertex 212 114.372 3
      vertex 215.7 116.36 3
      vertex 213.786 117.465 3
    endloop
  endfacet
  facet normal 0 0 1
    outer loop
      vertex 215.7 116.36 3
      vertex 212 114.372 3
      vertex 215.464 112.372 3
    endloop
  endfacet
  facet normal 0 0 1
    outer loop
      vertex 213.786 121.465 3
      vertex 210.214 121.465 3
      vertex 213.786 117.465 3
    endloop
  endfacet
  facet normal 0 0 1
    outer loop
      vertex 210.214 117.465 3
      vertex 213.786 117.465 3
      vertex 210.214 121.465 3
    endloop
  endfacet
  facet normal 0 0 1
    outer loop
      vertex 208.536 126.558 3
      vertex 210.214 121.465 3
      vertex 212 124.558 3
    endloop
  endfacet
  facet normal 0 0 1
    outer loop
      vertex 208.536 126.558 3
      vertex 206.75 123.465 3
      vertex 210.214 121.465 3
    endloop
  endfacet
  facet normal 0 0 1
    outer loop
      vertex 208.536 130.558 3
      vertex 204.964 130.558 3
      vertex 208.536 126.558 3
    endloop
  endfacet
  facet normal 0 0 1
    outer loop
      vertex 204.964 126.558 3
      vertex 208.536 126.558 3
      vertex 204.964 130.558 3
    endloop
  endfacet
  facet normal 0 0 1
    outer loop
      vertex 203.286 135.651 3
      vertex 204.964 130.558 3
      vertex 206.75 133.651 3
    endloop
  endfacet
  facet normal 0 0 1
    outer loop
      vertex 204.964 130.558 3
      vertex 203.286 135.651 3
      vertex 201.5 132.558 3
    endloop
  endfacet
  facet normal -0 0 1
    outer loop
      vertex 215.464 108.372 3
      vertex 215.7 104.384 3
      vertex 215.464 112.372 3
    endloop
  endfacet
  facet normal -0 0 1
    outer loop
      vertex 212 106.372 3
      vertex 215.7 104.384 3
      vertex 215.464 108.372 3
    endloop
  endfacet
  facet normal 0 0 1
    outer loop
      vertex 210.214 103.279 3
      vertex 213.786 103.279 3
      vertex 212 106.372 3
    endloop
  endfacet
  facet normal 0 0 1
    outer loop
      vertex 215.7 104.384 3
      vertex 212 106.372 3
      vertex 213.786 103.279 3
    endloop
  endfacet
  facet normal 0 0 1
    outer loop
      vertex 215.7 98.1739 3
      vertex 215.464 94.186 3
      vertex 215.7 86.1981 3
    endloop
  endfacet
  facet normal 0 0 1
    outer loop
      vertex 212 96.186 3
      vertex 215.7 98.1739 3
      vertex 213.786 99.279 3
    endloop
  endfacet
  facet normal 0 0 1
    outer loop
      vertex 215.7 98.1739 3
      vertex 212 96.186 3
      vertex 215.464 94.186 3
    endloop
  endfacet
  facet normal 0 0 1
    outer loop
      vertex 213.786 103.279 3
      vertex 210.214 103.279 3
      vertex 213.786 99.279 3
    endloop
  endfacet
  facet normal 0 0 1
    outer loop
      vertex 210.214 99.279 3
      vertex 213.786 99.279 3
      vertex 210.214 103.279 3
    endloop
  endfacet
  facet normal 0 0 1
    outer loop
      vertex 208.536 108.372 3
      vertex 210.214 103.279 3
      vertex 212 106.372 3
    endloop
  endfacet
  facet normal 0 0 1
    outer loop
      vertex 208.536 108.372 3
      vertex 206.75 105.279 3
      vertex 210.214 103.279 3
    endloop
  endfacet
  facet normal 0 0 1
    outer loop
      vertex 208.536 112.372 3
      vertex 204.964 112.372 3
      vertex 208.536 108.372 3
    endloop
  endfacet
  facet normal 0 0 1
    outer loop
      vertex 204.964 108.372 3
      vertex 208.536 108.372 3
      vertex 204.964 112.372 3
    endloop
  endfacet
  facet normal 0 0 1
    outer loop
      vertex 203.286 117.465 3
      vertex 204.964 112.372 3
      vertex 206.75 115.465 3
    endloop
  endfacet
  facet normal 0 0 1
    outer loop
      vertex 203.286 117.465 3
      vertex 201.5 114.372 3
      vertex 204.964 112.372 3
    endloop
  endfacet
  facet normal 0 0 1
    outer loop
      vertex 203.286 121.465 3
      vertex 199.714 121.465 3
      vertex 203.286 117.465 3
    endloop
  endfacet
  facet normal 0 0 1
    outer loop
      vertex 199.714 117.465 3
      vertex 203.286 117.465 3
      vertex 199.714 121.465 3
    endloop
  endfacet
  facet normal 0 0 1
    outer loop
      vertex 198.036 126.558 3
      vertex 199.714 121.465 3
      vertex 201.5 124.558 3
    endloop
  endfacet
  facet normal 0 0 1
    outer loop
      vertex 198.036 126.558 3
      vertex 196.25 123.465 3
      vertex 199.714 121.465 3
    endloop
  endfacet
  facet normal 0 0 1
    outer loop
      vertex 198.036 130.558 3
      vertex 194.464 130.558 3
      vertex 198.036 126.558 3
    endloop
  endfacet
  facet normal 0 0 1
    outer loop
      vertex 194.464 126.558 3
      vertex 198.036 126.558 3
      vertex 194.464 130.558 3
    endloop
  endfacet
  facet normal 0 0 1
    outer loop
      vertex 192.786 135.651 3
      vertex 194.464 130.558 3
      vertex 196.25 133.651 3
    endloop
  endfacet
  facet normal 0 0 1
    outer loop
      vertex 194.464 130.558 3
      vertex 192.786 135.651 3
      vertex 191 132.558 3
    endloop
  endfacet
  facet normal -0 0 1
    outer loop
      vertex 215.464 90.186 3
      vertex 215.7 86.1981 3
      vertex 215.464 94.186 3
    endloop
  endfacet
  facet normal -0 0 1
    outer loop
      vertex 212 88.186 3
      vertex 215.7 86.1981 3
      vertex 215.464 90.186 3
    endloop
  endfacet
  facet normal 0 0 1
    outer loop
      vertex 210.214 85.093 3
      vertex 213.786 85.093 3
      vertex 212 88.186 3
    endloop
  endfacet
  facet normal 0 0 1
    outer loop
      vertex 215.7 86.1981 3
      vertex 212 88.186 3
      vertex 213.786 85.093 3
    endloop
  endfacet
  facet normal 0 0 1
    outer loop
      vertex 215.7 79.9879 3
      vertex 215.464 76 3
      vertex 215.7 68.0121 3
    endloop
  endfacet
  facet normal 0 0 1
    outer loop
      vertex 212 78 3
      vertex 215.7 79.9879 3
      vertex 213.786 81.093 3
    endloop
  endfacet
  facet normal 0 0 1
    outer loop
      vertex 215.7 79.9879 3
      vertex 212 78 3
      vertex 215.464 76 3
    endloop
  endfacet
  facet normal 0 0 1
    outer loop
      vertex 213.786 85.093 3
      vertex 210.214 85.093 3
      vertex 213.786 81.093 3
    endloop
  endfacet
  facet normal 0 0 1
    outer loop
      vertex 210.214 81.093 3
      vertex 213.786 81.093 3
      vertex 210.214 85.093 3
    endloop
  endfacet
  facet normal 0 0 1
    outer loop
      vertex 208.536 90.186 3
      vertex 210.214 85.093 3
      vertex 212 88.186 3
    endloop
  endfacet
  facet normal 0 0 1
    outer loop
      vertex 208.536 90.186 3
      vertex 206.75 87.093 3
      vertex 210.214 85.093 3
    endloop
  endfacet
  facet normal 0 0 1
    outer loop
      vertex 208.536 94.186 3
      vertex 204.964 94.186 3
      vertex 208.536 90.186 3
    endloop
  endfacet
  facet normal 0 0 1
    outer loop
      vertex 204.964 90.186 3
      vertex 208.536 90.186 3
      vertex 204.964 94.186 3
    endloop
  endfacet
  facet normal 0 0 1
    outer loop
      vertex 203.286 99.279 3
      vertex 204.964 94.186 3
      vertex 206.75 97.279 3
    endloop
  endfacet
  facet normal 0 0 1
    outer loop
      vertex 203.286 99.279 3
      vertex 201.5 96.186 3
      vertex 204.964 94.186 3
    endloop
  endfacet
  facet normal 0 0 1
    outer loop
      vertex 203.286 103.279 3
      vertex 199.714 103.279 3
      vertex 203.286 99.279 3
    endloop
  endfacet
  facet normal 0 0 1
    outer loop
      vertex 199.714 99.279 3
      vertex 203.286 99.279 3
      vertex 199.714 103.279 3
    endloop
  endfacet
  facet normal 0 0 1
    outer loop
      vertex 198.036 108.372 3
      vertex 199.714 103.279 3
      vertex 201.5 106.372 3
    endloop
  endfacet
  facet normal 0 0 1
    outer loop
      vertex 198.036 108.372 3
      vertex 196.25 105.279 3
      vertex 199.714 103.279 3
    endloop
  endfacet
  facet normal 0 0 1
    outer loop
      vertex 198.036 112.372 3
      vertex 194.464 112.372 3
      vertex 198.036 108.372 3
    endloop
  endfacet
  facet normal 0 0 1
    outer loop
      vertex 194.464 108.372 3
      vertex 198.036 108.372 3
      vertex 194.464 112.372 3
    endloop
  endfacet
  facet normal 0 0 1
    outer loop
      vertex 192.786 117.465 3
      vertex 194.464 112.372 3
      vertex 196.25 115.465 3
    endloop
  endfacet
  facet normal 0 0 1
    outer loop
      vertex 192.786 117.465 3
      vertex 191 114.372 3
      vertex 194.464 112.372 3
    endloop
  endfacet
  facet normal 0 0 1
    outer loop
      vertex 192.786 121.465 3
      vertex 189.214 121.465 3
      vertex 192.786 117.465 3
    endloop
  endfacet
  facet normal 0 0 1
    outer loop
      vertex 189.214 117.465 3
      vertex 192.786 117.465 3
      vertex 189.214 121.465 3
    endloop
  endfacet
  facet normal 0 0 1
    outer loop
      vertex 187.536 126.558 3
      vertex 189.214 121.465 3
      vertex 191 124.558 3
    endloop
  endfacet
  facet normal 0 0 1
    outer loop
      vertex 187.536 126.558 3
      vertex 185.75 123.465 3
      vertex 189.214 121.465 3
    endloop
  endfacet
  facet normal 0 0 1
    outer loop
      vertex 187.536 130.558 3
      vertex 183.964 130.558 3
      vertex 187.536 126.558 3
    endloop
  endfacet
  facet normal 0 0 1
    outer loop
      vertex 183.964 126.558 3
      vertex 187.536 126.558 3
      vertex 183.964 130.558 3
    endloop
  endfacet
  facet normal 0 0 1
    outer loop
      vertex 182.286 135.651 3
      vertex 183.964 130.558 3
      vertex 185.75 133.651 3
    endloop
  endfacet
  facet normal 0 0 1
    outer loop
      vertex 183.964 130.558 3
      vertex 182.286 135.651 3
      vertex 180.5 132.558 3
    endloop
  endfacet
  facet normal -0 0 1
    outer loop
      vertex 215.464 72 3
      vertex 215.7 68.0121 3
      vertex 215.464 76 3
    endloop
  endfacet
  facet normal -0 0 1
    outer loop
      vertex 212 70 3
      vertex 215.7 68.0121 3
      vertex 215.464 72 3
    endloop
  endfacet
  facet normal 0 0 1
    outer loop
      vertex 210.214 66.907 3
      vertex 213.786 66.907 3
      vertex 212 70 3
    endloop
  endfacet
  facet normal 0 0 1
    outer loop
      vertex 215.7 68.0121 3
      vertex 212 70 3
      vertex 213.786 66.907 3
    endloop
  endfacet
  facet normal 0 0 1
    outer loop
      vertex 215.7 61.8019 3
      vertex 215.464 57.814 3
      vertex 215.7 49.8261 3
    endloop
  endfacet
  facet normal 0 0 1
    outer loop
      vertex 212 59.814 3
      vertex 215.7 61.8019 3
      vertex 213.786 62.907 3
    endloop
  endfacet
  facet normal 0 0 1
    outer loop
      vertex 215.7 61.8019 3
      vertex 212 59.814 3
      vertex 215.464 57.814 3
    endloop
  endfacet
  facet normal 0 0 1
    outer loop
      vertex 213.786 66.907 3
      vertex 210.214 66.907 3
      vertex 213.786 62.907 3
    endloop
  endfacet
  facet normal 0 0 1
    outer loop
      vertex 210.214 62.907 3
      vertex 213.786 62.907 3
      vertex 210.214 66.907 3
    endloop
  endfacet
  facet normal 0 0 1
    outer loop
      vertex 208.536 72 3
      vertex 210.214 66.907 3
      vertex 212 70 3
    endloop
  endfacet
  facet normal 0 0 1
    outer loop
      vertex 208.536 72 3
      vertex 206.75 68.907 3
      vertex 210.214 66.907 3
    endloop
  endfacet
  facet normal 0 0 1
    outer loop
      vertex 208.536 76 3
      vertex 204.964 76 3
      vertex 208.536 72 3
    endloop
  endfacet
  facet normal 0 0 1
    outer loop
      vertex 204.964 72 3
      vertex 208.536 72 3
      vertex 204.964 76 3
    endloop
  endfacet
  facet normal 0 0 1
    outer loop
      vertex 203.286 81.093 3
      vertex 204.964 76 3
      vertex 206.75 79.093 3
    endloop
  endfacet
  facet normal 0 0 1
    outer loop
      vertex 203.286 81.093 3
      vertex 201.5 78 3
      vertex 204.964 76 3
    endloop
  endfacet
  facet normal 0 0 1
    outer loop
      vertex 203.286 85.093 3
      vertex 199.714 85.093 3
      vertex 203.286 81.093 3
    endloop
  endfacet
  facet normal 0 0 1
    outer loop
      vertex 199.714 81.093 3
      vertex 203.286 81.093 3
      vertex 199.714 85.093 3
    endloop
  endfacet
  facet normal 0 0 1
    outer loop
      vertex 198.036 90.186 3
      vertex 199.714 85.093 3
      vertex 201.5 88.186 3
    endloop
  endfacet
  facet normal 0 0 1
    outer loop
      vertex 198.036 90.186 3
      vertex 196.25 87.093 3
      vertex 199.714 85.093 3
    endloop
  endfacet
  facet normal 0 0 1
    outer loop
      vertex 198.036 94.186 3
      vertex 194.464 94.186 3
      vertex 198.036 90.186 3
    endloop
  endfacet
  facet normal 0 0 1
    outer loop
      vertex 194.464 90.186 3
      vertex 198.036 90.186 3
      vertex 194.464 94.186 3
    endloop
  endfacet
  facet normal 0 0 1
    outer loop
      vertex 192.786 99.279 3
      vertex 194.464 94.186 3
      vertex 196.25 97.279 3
    endloop
  endfacet
  facet normal 0 0 1
    outer loop
      vertex 192.786 99.279 3
      vertex 191 96.186 3
      vertex 194.464 94.186 3
    endloop
  endfacet
  facet normal 0 0 1
    outer loop
      vertex 192.786 103.279 3
      vertex 189.214 103.279 3
      vertex 192.786 99.279 3
    endloop
  endfacet
  facet normal 0 0 1
    outer loop
      vertex 189.214 99.279 3
      vertex 192.786 99.279 3
      vertex 189.214 103.279 3
    endloop
  endfacet
  facet normal 0 0 1
    outer loop
      vertex 187.536 108.372 3
      vertex 189.214 103.279 3
      vertex 191 106.372 3
    endloop
  endfacet
  facet normal 0 0 1
    outer loop
      vertex 187.536 108.372 3
      vertex 185.75 105.279 3
      vertex 189.214 103.279 3
    endloop
  endfacet
  facet normal 0 0 1
    outer loop
      vertex 187.536 112.372 3
      vertex 183.964 112.372 3
      vertex 187.536 108.372 3
    endloop
  endfacet
  facet normal 0 0 1
    outer loop
      vertex 183.964 108.372 3
      vertex 187.536 108.372 3
      vertex 183.964 112.372 3
    endloop
  endfacet
  facet normal 0 0 1
    outer loop
      vertex 182.286 117.465 3
      vertex 183.964 112.372 3
      vertex 185.75 115.465 3
    endloop
  endfacet
  facet normal 0 0 1
    outer loop
      vertex 182.286 117.465 3
      vertex 180.5 114.372 3
      vertex 183.964 112.372 3
    endloop
  endfacet
  facet normal 0 0 1
    outer loop
      vertex 182.286 121.465 3
      vertex 178.714 121.465 3
      vertex 182.286 117.465 3
    endloop
  endfacet
  facet normal 0 0 1
    outer loop
      vertex 178.714 117.465 3
      vertex 182.286 117.465 3
      vertex 178.714 121.465 3
    endloop
  endfacet
  facet normal 0 0 1
    outer loop
      vertex 177.036 126.558 3
      vertex 178.714 121.465 3
      vertex 180.5 124.558 3
    endloop
  endfacet
  facet normal 0 0 1
    outer loop
      vertex 177.036 126.558 3
      vertex 175.25 123.465 3
      vertex 178.714 121.465 3
    endloop
  endfacet
  facet normal 0 0 1
    outer loop
      vertex 177.036 130.558 3
      vertex 173.464 130.558 3
      vertex 177.036 126.558 3
    endloop
  endfacet
  facet normal 0 0 1
    outer loop
      vertex 173.464 126.558 3
      vertex 177.036 126.558 3
      vertex 173.464 130.558 3
    endloop
  endfacet
  facet normal 0 0 1
    outer loop
      vertex 171.786 135.651 3
      vertex 173.464 130.558 3
      vertex 175.25 133.651 3
    endloop
  endfacet
  facet normal 0 0 1
    outer loop
      vertex 173.464 130.558 3
      vertex 171.786 135.651 3
      vertex 170 132.558 3
    endloop
  endfacet
  facet normal -0 0 1
    outer loop
      vertex 215.464 53.814 3
      vertex 215.7 49.8261 3
      vertex 215.464 57.814 3
    endloop
  endfacet
  facet normal -0 0 1
    outer loop
      vertex 212 51.814 3
      vertex 215.7 49.8261 3
      vertex 215.464 53.814 3
    endloop
  endfacet
  facet normal 0 0 1
    outer loop
      vertex 210.214 48.721 3
      vertex 213.786 48.721 3
      vertex 212 51.814 3
    endloop
  endfacet
  facet normal 0 0 1
    outer loop
      vertex 215.7 49.8261 3
      vertex 212 51.814 3
      vertex 213.786 48.721 3
    endloop
  endfacet
  facet normal 0 0 1
    outer loop
      vertex 215.7 43.6159 3
      vertex 215.464 39.628 3
      vertex 215.7 31.6401 3
    endloop
  endfacet
  facet normal 0 0 1
    outer loop
      vertex 212 41.628 3
      vertex 215.7 43.6159 3
      vertex 213.786 44.721 3
    endloop
  endfacet
  facet normal 0 0 1
    outer loop
      vertex 215.7 43.6159 3
      vertex 212 41.628 3
      vertex 215.464 39.628 3
    endloop
  endfacet
  facet normal 0 0 1
    outer loop
      vertex 213.786 48.721 3
      vertex 210.214 48.721 3
      vertex 213.786 44.721 3
    endloop
  endfacet
  facet normal 0 0 1
    outer loop
      vertex 210.214 44.721 3
      vertex 213.786 44.721 3
      vertex 210.214 48.721 3
    endloop
  endfacet
  facet normal 0 0 1
    outer loop
      vertex 208.536 53.814 3
      vertex 210.214 48.721 3
      vertex 212 51.814 3
    endloop
  endfacet
  facet normal 0 0 1
    outer loop
      vertex 208.536 53.814 3
      vertex 206.75 50.721 3
      vertex 210.214 48.721 3
    endloop
  endfacet
  facet normal 0 0 1
    outer loop
      vertex 208.536 57.814 3
      vertex 204.964 57.814 3
      vertex 208.536 53.814 3
    endloop
  endfacet
  facet normal 0 0 1
    outer loop
      vertex 204.964 53.814 3
      vertex 208.536 53.814 3
      vertex 204.964 57.814 3
    endloop
  endfacet
  facet normal 0 0 1
    outer loop
      vertex 203.286 62.907 3
      vertex 204.964 57.814 3
      vertex 206.75 60.907 3
    endloop
  endfacet
  facet normal 0 0 1
    outer loop
      vertex 203.286 62.907 3
      vertex 201.5 59.814 3
      vertex 204.964 57.814 3
    endloop
  endfacet
  facet normal 0 0 1
    outer loop
      vertex 203.286 66.907 3
      vertex 199.714 66.907 3
      vertex 203.286 62.907 3
    endloop
  endfacet
  facet normal 0 0 1
    outer loop
      vertex 199.714 62.907 3
      vertex 203.286 62.907 3
      vertex 199.714 66.907 3
    endloop
  endfacet
  facet normal 0 0 1
    outer loop
      vertex 198.036 72 3
      vertex 199.714 66.907 3
      vertex 201.5 70 3
    endloop
  endfacet
  facet normal 0 0 1
    outer loop
      vertex 198.036 72 3
      vertex 196.25 68.907 3
      vertex 199.714 66.907 3
    endloop
  endfacet
  facet normal 0 0 1
    outer loop
      vertex 198.036 76 3
      vertex 194.464 76 3
      vertex 198.036 72 3
    endloop
  endfacet
  facet normal 0 0 1
    outer loop
      vertex 194.464 72 3
      vertex 198.036 72 3
      vertex 194.464 76 3
    endloop
  endfacet
  facet normal 0 0 1
    outer loop
      vertex 192.786 81.093 3
      vertex 194.464 76 3
      vertex 196.25 79.093 3
    endloop
  endfacet
  facet normal 0 0 1
    outer loop
      vertex 192.786 81.093 3
      vertex 191 78 3
      vertex 194.464 76 3
    endloop
  endfacet
  facet normal 0 0 1
    outer loop
      vertex 192.786 85.093 3
      vertex 189.214 85.093 3
      vertex 192.786 81.093 3
    endloop
  endfacet
  facet normal 0 0 1
    outer loop
      vertex 189.214 81.093 3
      vertex 192.786 81.093 3
      vertex 189.214 85.093 3
    endloop
  endfacet
  facet normal 0 0 1
    outer loop
      vertex 187.536 90.186 3
      vertex 189.214 85.093 3
      vertex 191 88.186 3
    endloop
  endfacet
  facet normal 0 0 1
    outer loop
      vertex 187.536 90.186 3
      vertex 185.75 87.093 3
      vertex 189.214 85.093 3
    endloop
  endfacet
  facet normal 0 0 1
    outer loop
      vertex 187.536 94.186 3
      vertex 183.964 94.186 3
      vertex 187.536 90.186 3
    endloop
  endfacet
  facet normal 0 0 1
    outer loop
      vertex 183.964 90.186 3
      vertex 187.536 90.186 3
      vertex 183.964 94.186 3
    endloop
  endfacet
  facet normal 0 0 1
    outer loop
      vertex 182.286 99.279 3
      vertex 183.964 94.186 3
      vertex 185.75 97.279 3
    endloop
  endfacet
  facet normal 0 0 1
    outer loop
      vertex 182.286 99.279 3
      vertex 180.5 96.186 3
      vertex 183.964 94.186 3
    endloop
  endfacet
  facet normal 0 0 1
    outer loop
      vertex 182.286 103.279 3
      vertex 178.714 103.279 3
      vertex 182.286 99.279 3
    endloop
  endfacet
  facet normal 0 0 1
    outer loop
      vertex 178.714 99.279 3
      vertex 182.286 99.279 3
      vertex 178.714 103.279 3
    endloop
  endfacet
  facet normal 0 0 1
    outer loop
      vertex 177.036 108.372 3
      vertex 178.714 103.279 3
      vertex 180.5 106.372 3
    endloop
  endfacet
  facet normal 0 0 1
    outer loop
      vertex 177.036 108.372 3
      vertex 175.25 105.279 3
      vertex 178.714 103.279 3
    endloop
  endfacet
  facet normal 0 0 1
    outer loop
      vertex 177.036 112.372 3
      vertex 173.464 112.372 3
      vertex 177.036 108.372 3
    endloop
  endfacet
  facet normal 0 0 1
    outer loop
      vertex 173.464 108.372 3
      vertex 177.036 108.372 3
      vertex 173.464 112.372 3
    endloop
  endfacet
  facet normal 0 0 1
    outer loop
      vertex 171.786 117.465 3
      vertex 173.464 112.372 3
      vertex 175.25 115.465 3
    endloop
  endfacet
  facet normal 0 0 1
    outer loop
      vertex 171.786 117.465 3
      vertex 170 114.372 3
      vertex 173.464 112.372 3
    endloop
  endfacet
  facet normal 0 0 1
    outer loop
      vertex 171.786 121.465 3
      vertex 168.214 121.465 3
      vertex 171.786 117.465 3
    endloop
  endfacet
  facet normal 0 0 1
    outer loop
      vertex 168.214 117.465 3
      vertex 171.786 117.465 3
      vertex 168.214 121.465 3
    endloop
  endfacet
  facet normal 0 0 1
    outer loop
      vertex 166.536 126.558 3
      vertex 168.214 121.465 3
      vertex 170 124.558 3
    endloop
  endfacet
  facet normal 0 0 1
    outer loop
      vertex 166.536 126.558 3
      vertex 164.75 123.465 3
      vertex 168.214 121.465 3
    endloop
  endfacet
  facet normal 0 0 1
    outer loop
      vertex 166.536 130.558 3
      vertex 162.964 130.558 3
      vertex 166.536 126.558 3
    endloop
  endfacet
  facet normal 0 0 1
    outer loop
      vertex 162.964 126.558 3
      vertex 166.536 126.558 3
      vertex 162.964 130.558 3
    endloop
  endfacet
  facet normal 0 0 1
    outer loop
      vertex 161.286 135.651 3
      vertex 162.964 130.558 3
      vertex 164.75 133.651 3
    endloop
  endfacet
  facet normal 0 0 1
    outer loop
      vertex 162.964 130.558 3
      vertex 161.286 135.651 3
      vertex 159.5 132.558 3
    endloop
  endfacet
  facet normal -0 0 1
    outer loop
      vertex 215.464 35.628 3
      vertex 215.7 31.6401 3
      vertex 215.464 39.628 3
    endloop
  endfacet
  facet normal -0 0 1
    outer loop
      vertex 212 33.628 3
      vertex 215.7 31.6401 3
      vertex 215.464 35.628 3
    endloop
  endfacet
  facet normal 0 0 1
    outer loop
      vertex 210.214 30.535 3
      vertex 213.786 30.535 3
      vertex 212 33.628 3
    endloop
  endfacet
  facet normal 0 0 1
    outer loop
      vertex 215.7 31.6401 3
      vertex 212 33.628 3
      vertex 213.786 30.535 3
    endloop
  endfacet
  facet normal 0 0 1
    outer loop
      vertex 215.464 17.442 3
      vertex 215.7 25.4299 3
      vertex 215.464 21.442 3
    endloop
  endfacet
  facet normal 0 0 1
    outer loop
      vertex 212 23.442 3
      vertex 215.7 25.4299 3
      vertex 213.786 26.535 3
    endloop
  endfacet
  facet normal 0 0 1
    outer loop
      vertex 215.7 25.4299 3
      vertex 212 23.442 3
      vertex 215.464 21.442 3
    endloop
  endfacet
  facet normal 0 0 1
    outer loop
      vertex 213.786 30.535 3
      vertex 210.214 30.535 3
      vertex 213.786 26.535 3
    endloop
  endfacet
  facet normal 0 0 1
    outer loop
      vertex 210.214 26.535 3
      vertex 213.786 26.535 3
      vertex 210.214 30.535 3
    endloop
  endfacet
  facet normal 0 0 1
    outer loop
      vertex 208.536 35.628 3
      vertex 210.214 30.535 3
      vertex 212 33.628 3
    endloop
  endfacet
  facet normal 0 0 1
    outer loop
      vertex 208.536 35.628 3
      vertex 206.75 32.535 3
      vertex 210.214 30.535 3
    endloop
  endfacet
  facet normal 0 0 1
    outer loop
      vertex 208.536 39.628 3
      vertex 204.964 39.628 3
      vertex 208.536 35.628 3
    endloop
  endfacet
  facet normal 0 0 1
    outer loop
      vertex 204.964 35.628 3
      vertex 208.536 35.628 3
      vertex 204.964 39.628 3
    endloop
  endfacet
  facet normal 0 0 1
    outer loop
      vertex 203.286 44.721 3
      vertex 204.964 39.628 3
      vertex 206.75 42.721 3
    endloop
  endfacet
  facet normal 0 0 1
    outer loop
      vertex 203.286 44.721 3
      vertex 201.5 41.628 3
      vertex 204.964 39.628 3
    endloop
  endfacet
  facet normal 0 0 1
    outer loop
      vertex 203.286 48.721 3
      vertex 199.714 48.721 3
      vertex 203.286 44.721 3
    endloop
  endfacet
  facet normal 0 0 1
    outer loop
      vertex 199.714 44.721 3
      vertex 203.286 44.721 3
      vertex 199.714 48.721 3
    endloop
  endfacet
  facet normal 0 0 1
    outer loop
      vertex 198.036 53.814 3
      vertex 199.714 48.721 3
      vertex 201.5 51.814 3
    endloop
  endfacet
  facet normal 0 0 1
    outer loop
      vertex 198.036 53.814 3
      vertex 196.25 50.721 3
      vertex 199.714 48.721 3
    endloop
  endfacet
  facet normal 0 0 1
    outer loop
      vertex 198.036 57.814 3
      vertex 194.464 57.814 3
      vertex 198.036 53.814 3
    endloop
  endfacet
  facet normal 0 0 1
    outer loop
      vertex 194.464 53.814 3
      vertex 198.036 53.814 3
      vertex 194.464 57.814 3
    endloop
  endfacet
  facet normal 0 0 1
    outer loop
      vertex 192.786 62.907 3
      vertex 194.464 57.814 3
      vertex 196.25 60.907 3
    endloop
  endfacet
  facet normal 0 0 1
    outer loop
      vertex 192.786 62.907 3
      vertex 191 59.814 3
      vertex 194.464 57.814 3
    endloop
  endfacet
  facet normal 0 0 1
    outer loop
      vertex 192.786 66.907 3
      vertex 189.214 66.907 3
      vertex 192.786 62.907 3
    endloop
  endfacet
  facet normal 0 0 1
    outer loop
      vertex 189.214 62.907 3
      vertex 192.786 62.907 3
      vertex 189.214 66.907 3
    endloop
  endfacet
  facet normal 0 0 1
    outer loop
      vertex 187.536 72 3
      vertex 189.214 66.907 3
      vertex 191 70 3
    endloop
  endfacet
  facet normal 0 0 1
    outer loop
      vertex 187.536 72 3
      vertex 185.75 68.907 3
      vertex 189.214 66.907 3
    endloop
  endfacet
  facet normal 0 0 1
    outer loop
      vertex 187.536 76 3
      vertex 183.964 76 3
      vertex 187.536 72 3
    endloop
  endfacet
  facet normal 0 0 1
    outer loop
      vertex 183.964 72 3
      vertex 187.536 72 3
      vertex 183.964 76 3
    endloop
  endfacet
  facet normal 0 0 1
    outer loop
      vertex 182.286 81.093 3
      vertex 183.964 76 3
      vertex 185.75 79.093 3
    endloop
  endfacet
  facet normal 0 0 1
    outer loop
      vertex 182.286 81.093 3
      vertex 180.5 78 3
      vertex 183.964 76 3
    endloop
  endfacet
  facet normal 0 0 1
    outer loop
      vertex 182.286 85.093 3
      vertex 178.714 85.093 3
      vertex 182.286 81.093 3
    endloop
  endfacet
  facet normal 0 0 1
    outer loop
      vertex 178.714 81.093 3
      vertex 182.286 81.093 3
      vertex 178.714 85.093 3
    endloop
  endfacet
  facet normal 0 0 1
    outer loop
      vertex 177.036 90.186 3
      vertex 178.714 85.093 3
      vertex 180.5 88.186 3
    endloop
  endfacet
  facet normal 0 0 1
    outer loop
      vertex 177.036 90.186 3
      vertex 175.25 87.093 3
      vertex 178.714 85.093 3
    endloop
  endfacet
  facet normal 0 0 1
    outer loop
      vertex 177.036 94.186 3
      vertex 173.464 94.186 3
      vertex 177.036 90.186 3
    endloop
  endfacet
  facet normal 0 0 1
    outer loop
      vertex 173.464 90.186 3
      vertex 177.036 90.186 3
      vertex 173.464 94.186 3
    endloop
  endfacet
  facet normal 0 0 1
    outer loop
      vertex 171.786 99.279 3
      vertex 173.464 94.186 3
      vertex 175.25 97.279 3
    endloop
  endfacet
  facet normal 0 0 1
    outer loop
      vertex 171.786 99.279 3
      vertex 170 96.186 3
      vertex 173.464 94.186 3
    endloop
  endfacet
  facet normal 0 0 1
    outer loop
      vertex 171.786 103.279 3
      vertex 168.214 103.279 3
      vertex 171.786 99.279 3
    endloop
  endfacet
  facet normal 0 0 1
    outer loop
      vertex 168.214 99.279 3
      vertex 171.786 99.279 3
      vertex 168.214 103.279 3
    endloop
  endfacet
  facet normal 0 0 1
    outer loop
      vertex 166.536 108.372 3
      vertex 168.214 103.279 3
      vertex 170 106.372 3
    endloop
  endfacet
  facet normal 0 0 1
    outer loop
      vertex 166.536 108.372 3
      vertex 164.75 105.279 3
      vertex 168.214 103.279 3
    endloop
  endfacet
  facet normal 0 0 1
    outer loop
      vertex 166.536 112.372 3
      vertex 162.964 112.372 3
      vertex 166.536 108.372 3
    endloop
  endfacet
  facet normal 0 0 1
    outer loop
      vertex 162.964 108.372 3
      vertex 166.536 108.372 3
      vertex 162.964 112.372 3
    endloop
  endfacet
  facet normal 0 0 1
    outer loop
      vertex 161.286 117.465 3
      vertex 162.964 112.372 3
      vertex 164.75 115.465 3
    endloop
  endfacet
  facet normal 0 0 1
    outer loop
      vertex 161.286 117.465 3
      vertex 159.5 114.372 3
      vertex 162.964 112.372 3
    endloop
  endfacet
  facet normal 0 0 1
    outer loop
      vertex 161.286 121.465 3
      vertex 157.714 121.465 3
      vertex 161.286 117.465 3
    endloop
  endfacet
  facet normal 0 0 1
    outer loop
      vertex 157.714 117.465 3
      vertex 161.286 117.465 3
      vertex 157.714 121.465 3
    endloop
  endfacet
  facet normal 0 0 1
    outer loop
      vertex 156.036 126.558 3
      vertex 157.714 121.465 3
      vertex 159.5 124.558 3
    endloop
  endfacet
  facet normal 0 0 1
    outer loop
      vertex 156.036 126.558 3
      vertex 154.25 123.465 3
      vertex 157.714 121.465 3
    endloop
  endfacet
  facet normal -0 0 1
    outer loop
      vertex 152.625 131.31 3
      vertex 156.036 130.558 3
      vertex 152.759 131.632 3
    endloop
  endfacet
  facet normal 0 0 1
    outer loop
      vertex 152.985 132.651 3
      vertex 154.25 133.651 3
      vertex 153 133 3
    endloop
  endfacet
  facet normal 0 0 1
    outer loop
      vertex 154.25 133.651 3
      vertex 152.985 133.349 3
      vertex 153 133 3
    endloop
  endfacet
  facet normal 0 0 1
    outer loop
      vertex 154.25 133.651 3
      vertex 152.939 133.695 3
      vertex 152.985 133.349 3
    endloop
  endfacet
  facet normal 0 0 1
    outer loop
      vertex 154.25 133.651 3
      vertex 152.864 134.035 3
      vertex 152.939 133.695 3
    endloop
  endfacet
  facet normal 0 0 1
    outer loop
      vertex 154.25 133.651 3
      vertex 152.759 134.368 3
      vertex 152.864 134.035 3
    endloop
  endfacet
  facet normal -0 -0 1
    outer loop
      vertex 152.759 134.368 3
      vertex 154.25 133.651 3
      vertex 152.68 134.557 3
    endloop
  endfacet
  facet normal 0 0 1
    outer loop
      vertex 215.7 25.4299 3
      vertex 215.464 17.442 3
      vertex 215.7 10 3
    endloop
  endfacet
  facet normal -0 0 1
    outer loop
      vertex 212 15.442 3
      vertex 215.7 10 3
      vertex 215.464 17.442 3
    endloop
  endfacet
  facet normal 0 0 1
    outer loop
      vertex 207.354 14 3
      vertex 212 15.442 3
      vertex 208.536 17.442 3
    endloop
  endfacet
  facet normal 0 0 1
    outer loop
      vertex 212 15.442 3
      vertex 207.354 14 3
      vertex 215.7 10 3
    endloop
  endfacet
  facet normal -0 0 1
    outer loop
      vertex 206.146 14 3
      vertex 215.7 10 3
      vertex 207.354 14 3
    endloop
  endfacet
  facet normal 0 0 1
    outer loop
      vertex 206.75 14.349 3
      vertex 204.964 17.442 3
      vertex 206.146 14 3
    endloop
  endfacet
  facet normal -0 0 1
    outer loop
      vertex 201.5 15.442 3
      vertex 206.146 14 3
      vertex 204.964 17.442 3
    endloop
  endfacet
  facet normal 0 0 1
    outer loop
      vertex 196.854 14 3
      vertex 206.146 14 3
      vertex 201.5 15.442 3
    endloop
  endfacet
  facet normal 0 0 1
    outer loop
      vertex 196.854 14 3
      vertex 201.5 15.442 3
      vertex 198.036 17.442 3
    endloop
  endfacet
  facet normal 0 0 1
    outer loop
      vertex 206.146 14 3
      vertex 196.854 14 3
      vertex 215.7 10 3
    endloop
  endfacet
  facet normal -0 0 1
    outer loop
      vertex 195.646 14 3
      vertex 215.7 10 3
      vertex 196.854 14 3
    endloop
  endfacet
  facet normal 0 0 1
    outer loop
      vertex 196.25 14.349 3
      vertex 194.464 17.442 3
      vertex 195.646 14 3
    endloop
  endfacet
  facet normal -0 0 1
    outer loop
      vertex 191 15.442 3
      vertex 195.646 14 3
      vertex 194.464 17.442 3
    endloop
  endfacet
  facet normal 0 0 1
    outer loop
      vertex 186.354 14 3
      vertex 191 15.442 3
      vertex 187.536 17.442 3
    endloop
  endfacet
  facet normal 0 0 1
    outer loop
      vertex 186.354 14 3
      vertex 195.646 14 3
      vertex 191 15.442 3
    endloop
  endfacet
  facet normal -0 0 1
    outer loop
      vertex 186.354 14 3
      vertex 215.7 10 3
      vertex 195.646 14 3
    endloop
  endfacet
  facet normal -0 0 1
    outer loop
      vertex 185.146 14 3
      vertex 215.7 10 3
      vertex 186.354 14 3
    endloop
  endfacet
  facet normal 0 0 1
    outer loop
      vertex 185.75 14.349 3
      vertex 183.964 17.442 3
      vertex 185.146 14 3
    endloop
  endfacet
  facet normal -0 0 1
    outer loop
      vertex 180.5 15.442 3
      vertex 185.146 14 3
      vertex 183.964 17.442 3
    endloop
  endfacet
  facet normal 0 0 1
    outer loop
      vertex 175.854 14 3
      vertex 180.5 15.442 3
      vertex 177.036 17.442 3
    endloop
  endfacet
  facet normal 0 0 1
    outer loop
      vertex 175.854 14 3
      vertex 185.146 14 3
      vertex 180.5 15.442 3
    endloop
  endfacet
  facet normal -0 0 1
    outer loop
      vertex 175.854 14 3
      vertex 215.7 10 3
      vertex 185.146 14 3
    endloop
  endfacet
  facet normal 0 0 1
    outer loop
      vertex 149.695 11.0608 3
      vertex 175.854 14 3
      vertex 174.646 14 3
    endloop
  endfacet
  facet normal 0 0 1
    outer loop
      vertex 175.25 14.349 3
      vertex 173.464 17.442 3
      vertex 174.646 14 3
    endloop
  endfacet
  facet normal -0 0 1
    outer loop
      vertex 170 15.442 3
      vertex 174.646 14 3
      vertex 173.464 17.442 3
    endloop
  endfacet
  facet normal 0 0 1
    outer loop
      vertex 165.354 14 3
      vertex 170 15.442 3
      vertex 166.536 17.442 3
    endloop
  endfacet
  facet normal 0 0 1
    outer loop
      vertex 165.354 14 3
      vertex 174.646 14 3
      vertex 170 15.442 3
    endloop
  endfacet
  facet normal 0 0 1
    outer loop
      vertex 150.035 11.1363 3
      vertex 174.646 14 3
      vertex 165.354 14 3
    endloop
  endfacet
  facet normal 0 0 1
    outer loop
      vertex 150.368 11.2412 3
      vertex 165.354 14 3
      vertex 164.146 14 3
    endloop
  endfacet
  facet normal 0 0 1
    outer loop
      vertex 164.75 14.349 3
      vertex 162.964 17.442 3
      vertex 164.146 14 3
    endloop
  endfacet
  facet normal -0 0 1
    outer loop
      vertex 159.5 15.442 3
      vertex 164.146 14 3
      vertex 162.964 17.442 3
    endloop
  endfacet
  facet normal 0 0 1
    outer loop
      vertex 154.854 14 3
      vertex 159.5 15.442 3
      vertex 156.036 17.442 3
    endloop
  endfacet
  facet normal 0 0 1
    outer loop
      vertex 154.854 14 3
      vertex 164.146 14 3
      vertex 159.5 15.442 3
    endloop
  endfacet
  facet normal 0 0 1
    outer loop
      vertex 151.571 11.9358 3
      vertex 164.146 14 3
      vertex 154.854 14 3
    endloop
  endfacet
  facet normal 0 0 1
    outer loop
      vertex 152.464 13 3
      vertex 154.854 14 3
      vertex 153.646 14 3
    endloop
  endfacet
  facet normal 0 0 1
    outer loop
      vertex 154.25 14.349 3
      vertex 152.985 14.6514 3
      vertex 153.646 14 3
    endloop
  endfacet
  facet normal -0 0 1
    outer loop
      vertex 152.939 14.3054 3
      vertex 153.646 14 3
      vertex 152.985 14.6514 3
    endloop
  endfacet
  facet normal 0 0 1
    outer loop
      vertex 152.864 13.9647 3
      vertex 153.646 14 3
      vertex 152.939 14.3054 3
    endloop
  endfacet
  facet normal 0 0 1
    outer loop
      vertex 152.759 13.6319 3
      vertex 153.646 14 3
      vertex 152.864 13.9647 3
    endloop
  endfacet
  facet normal 0 0 1
    outer loop
      vertex 152.625 13.3095 3
      vertex 153.646 14 3
      vertex 152.759 13.6319 3
    endloop
  endfacet
  facet normal 0 0 1
    outer loop
      vertex 152.464 13 3
      vertex 153.646 14 3
      vertex 152.625 13.3095 3
    endloop
  endfacet
  facet normal 0 0 1
    outer loop
      vertex 154.854 14 3
      vertex 152.464 13 3
      vertex 152.277 12.7057 3
    endloop
  endfacet
  facet normal 0 0 1
    outer loop
      vertex 154.854 14 3
      vertex 152.277 12.7057 3
      vertex 152.064 12.4289 3
    endloop
  endfacet
  facet normal 0 0 1
    outer loop
      vertex 154.854 14 3
      vertex 152.064 12.4289 3
      vertex 151.828 12.1716 3
    endloop
  endfacet
  facet normal 0 0 1
    outer loop
      vertex 151.571 11.9358 3
      vertex 154.854 14 3
      vertex 151.828 12.1716 3
    endloop
  endfacet
  facet normal 0 0 1
    outer loop
      vertex 164.146 14 3
      vertex 151.571 11.9358 3
      vertex 151.294 11.7234 3
    endloop
  endfacet
  facet normal 0 0 1
    outer loop
      vertex 151 11.5359 3
      vertex 164.146 14 3
      vertex 151.294 11.7234 3
    endloop
  endfacet
  facet normal 0 0 1
    outer loop
      vertex 150.69 11.3748 3
      vertex 164.146 14 3
      vertex 151 11.5359 3
    endloop
  endfacet
  facet normal 0 0 1
    outer loop
      vertex 150.368 11.2412 3
      vertex 164.146 14 3
      vertex 150.69 11.3748 3
    endloop
  endfacet
  facet normal 0 0 1
    outer loop
      vertex 165.354 14 3
      vertex 150.368 11.2412 3
      vertex 150.035 11.1363 3
    endloop
  endfacet
  facet normal 0 0 1
    outer loop
      vertex 149.695 11.0608 3
      vertex 174.646 14 3
      vertex 150.035 11.1363 3
    endloop
  endfacet
  facet normal 0 0 1
    outer loop
      vertex 175.854 14 3
      vertex 149.695 11.0608 3
      vertex 215.7 10 3
    endloop
  endfacet
  facet normal -0 0 1
    outer loop
      vertex 149.349 11.0152 3
      vertex 215.7 10 3
      vertex 149.695 11.0608 3
    endloop
  endfacet
  facet normal -0 0 1
    outer loop
      vertex 149 11 3
      vertex 215.7 10 3
      vertex 149.349 11.0152 3
    endloop
  endfacet
  facet normal 0 0 1
    outer loop
      vertex 143.75 14.349 3
      vertex 145.015 14.6514 3
      vertex 145 15 3
    endloop
  endfacet
  facet normal 0 0 1
    outer loop
      vertex 144.354 14 3
      vertex 145.061 14.3054 3
      vertex 145.015 14.6514 3
    endloop
  endfacet
  facet normal -0 0 1
    outer loop
      vertex 144.354 14 3
      vertex 145.136 13.9647 3
      vertex 145.061 14.3054 3
    endloop
  endfacet
  facet normal 0 0 1
    outer loop
      vertex 144.354 14 3
      vertex 145.241 13.6319 3
      vertex 145.136 13.9647 3
    endloop
  endfacet
  facet normal 0 0 1
    outer loop
      vertex 144.354 14 3
      vertex 145.375 13.3095 3
      vertex 145.241 13.6319 3
    endloop
  endfacet
  facet normal 0 0 1
    outer loop
      vertex 144.354 14 3
      vertex 145.536 13 3
      vertex 145.375 13.3095 3
    endloop
  endfacet
  facet normal -0 0 1
    outer loop
      vertex 143.146 14 3
      vertex 145.536 13 3
      vertex 144.354 14 3
    endloop
  endfacet
  facet normal 0 0 1
    outer loop
      vertex 145.536 13 3
      vertex 143.146 14 3
      vertex 145.723 12.7057 3
    endloop
  endfacet
  facet normal 0 0 1
    outer loop
      vertex 145.723 12.7057 3
      vertex 143.146 14 3
      vertex 145.936 12.4289 3
    endloop
  endfacet
  facet normal 0 0 1
    outer loop
      vertex 145.936 12.4289 3
      vertex 143.146 14 3
      vertex 146.172 12.1716 3
    endloop
  endfacet
  facet normal 0 0 1
    outer loop
      vertex 143.146 14 3
      vertex 146.429 11.9358 3
      vertex 146.172 12.1716 3
    endloop
  endfacet
  facet normal -0 0 1
    outer loop
      vertex 133.854 14 3
      vertex 146.429 11.9358 3
      vertex 143.146 14 3
    endloop
  endfacet
  facet normal 0 0 1
    outer loop
      vertex 143.75 14.349 3
      vertex 141.964 17.442 3
      vertex 143.146 14 3
    endloop
  endfacet
  facet normal -0 0 1
    outer loop
      vertex 138.5 15.442 3
      vertex 143.146 14 3
      vertex 141.964 17.442 3
    endloop
  endfacet
  facet normal 0 0 1
    outer loop
      vertex 133.854 14 3
      vertex 143.146 14 3
      vertex 138.5 15.442 3
    endloop
  endfacet
  facet normal 0 0 1
    outer loop
      vertex 146.429 11.9358 3
      vertex 133.854 14 3
      vertex 146.706 11.7234 3
    endloop
  endfacet
  facet normal 0 0 1
    outer loop
      vertex 146.706 11.7234 3
      vertex 133.854 14 3
      vertex 147 11.5359 3
    endloop
  endfacet
  facet normal 0 0 1
    outer loop
      vertex 133.854 14 3
      vertex 138.5 15.442 3
      vertex 135.036 17.442 3
    endloop
  endfacet
  facet normal 0 0 1
    outer loop
      vertex 147 11.5359 3
      vertex 133.854 14 3
      vertex 147.31 11.3748 3
    endloop
  endfacet
  facet normal 0 0 1
    outer loop
      vertex 133.854 14 3
      vertex 147.632 11.2412 3
      vertex 147.31 11.3748 3
    endloop
  endfacet
  facet normal -0 0 1
    outer loop
      vertex 132.646 14 3
      vertex 147.632 11.2412 3
      vertex 133.854 14 3
    endloop
  endfacet
  facet normal 0 0 1
    outer loop
      vertex 147.632 11.2412 3
      vertex 132.646 14 3
      vertex 147.965 11.1363 3
    endloop
  endfacet
  facet normal -0 0 1
    outer loop
      vertex 123.354 14 3
      vertex 147.965 11.1363 3
      vertex 132.646 14 3
    endloop
  endfacet
  facet normal 0 0 1
    outer loop
      vertex 133.25 14.349 3
      vertex 131.464 17.442 3
      vertex 132.646 14 3
    endloop
  endfacet
  facet normal -0 0 1
    outer loop
      vertex 128 15.442 3
      vertex 132.646 14 3
      vertex 131.464 17.442 3
    endloop
  endfacet
  facet normal 0 0 1
    outer loop
      vertex 123.354 14 3
      vertex 128 15.442 3
      vertex 124.536 17.442 3
    endloop
  endfacet
  facet normal 0 0 1
    outer loop
      vertex 123.354 14 3
      vertex 132.646 14 3
      vertex 128 15.442 3
    endloop
  endfacet
  facet normal 0 0 1
    outer loop
      vertex 147.965 11.1363 3
      vertex 123.354 14 3
      vertex 148.305 11.0608 3
    endloop
  endfacet
  facet normal -0 0 1
    outer loop
      vertex 122.146 14 3
      vertex 148.305 11.0608 3
      vertex 123.354 14 3
    endloop
  endfacet
  facet normal -0 0 1
    outer loop
      vertex 112.854 14 3
      vertex 148.305 11.0608 3
      vertex 122.146 14 3
    endloop
  endfacet
  facet normal 0 0 1
    outer loop
      vertex 122.75 14.349 3
      vertex 120.964 17.442 3
      vertex 122.146 14 3
    endloop
  endfacet
  facet normal -0 0 1
    outer loop
      vertex 117.5 15.442 3
      vertex 122.146 14 3
      vertex 120.964 17.442 3
    endloop
  endfacet
  facet normal 0 0 1
    outer loop
      vertex 112.854 14 3
      vertex 117.5 15.442 3
      vertex 114.036 17.442 3
    endloop
  endfacet
  facet normal 0 0 1
    outer loop
      vertex 112.854 14 3
      vertex 122.146 14 3
      vertex 117.5 15.442 3
    endloop
  endfacet
  facet normal 0 0 1
    outer loop
      vertex 84 10 3
      vertex 148.305 11.0608 3
      vertex 112.854 14 3
    endloop
  endfacet
  facet normal 0 0 1
    outer loop
      vertex 84 10 3
      vertex 112.854 14 3
      vertex 111.646 14 3
    endloop
  endfacet
  facet normal 0 0 1
    outer loop
      vertex 112.25 14.349 3
      vertex 110.464 17.442 3
      vertex 111.646 14 3
    endloop
  endfacet
  facet normal -0 0 1
    outer loop
      vertex 107 15.442 3
      vertex 111.646 14 3
      vertex 110.464 17.442 3
    endloop
  endfacet
  facet normal 0 0 1
    outer loop
      vertex 102.354 14 3
      vertex 107 15.442 3
      vertex 103.536 17.442 3
    endloop
  endfacet
  facet normal 0 0 1
    outer loop
      vertex 102.354 14 3
      vertex 111.646 14 3
      vertex 107 15.442 3
    endloop
  endfacet
  facet normal 0 0 1
    outer loop
      vertex 84 10 3
      vertex 111.646 14 3
      vertex 102.354 14 3
    endloop
  endfacet
  facet normal 0 0 1
    outer loop
      vertex 84 10 3
      vertex 102.354 14 3
      vertex 101.146 14 3
    endloop
  endfacet
  facet normal 0 0 1
    outer loop
      vertex 101.75 14.349 3
      vertex 99.9641 17.442 3
      vertex 101.146 14 3
    endloop
  endfacet
  facet normal -0 0 1
    outer loop
      vertex 96.5 15.442 3
      vertex 101.146 14 3
      vertex 99.9641 17.442 3
    endloop
  endfacet
  facet normal 0 0 1
    outer loop
      vertex 91.8545 14 3
      vertex 96.5 15.442 3
      vertex 93.0359 17.442 3
    endloop
  endfacet
  facet normal 0 0 1
    outer loop
      vertex 91.8545 14 3
      vertex 101.146 14 3
      vertex 96.5 15.442 3
    endloop
  endfacet
  facet normal 0 0 1
    outer loop
      vertex 84 10 3
      vertex 101.146 14 3
      vertex 91.8545 14 3
    endloop
  endfacet
  facet normal 0 0 1
    outer loop
      vertex 84 10 3
      vertex 91.8545 14 3
      vertex 90.6455 14 3
    endloop
  endfacet
  facet normal 0 0 1
    outer loop
      vertex 91.25 14.349 3
      vertex 89.4641 17.442 3
      vertex 90.6455 14 3
    endloop
  endfacet
  facet normal -0 0 1
    outer loop
      vertex 86 15.442 3
      vertex 90.6455 14 3
      vertex 89.4641 17.442 3
    endloop
  endfacet
  facet normal 0 0 1
    outer loop
      vertex 149 11 3
      vertex 84 10 3
      vertex 215.7 10 3
    endloop
  endfacet
  facet normal 0 0 1
    outer loop
      vertex 148.651 11.0152 3
      vertex 84 10 3
      vertex 149 11 3
    endloop
  endfacet
  facet normal 0 0 1
    outer loop
      vertex 148.305 11.0608 3
      vertex 84 10 3
      vertex 148.651 11.0152 3
    endloop
  endfacet
  facet normal 0 0 1
    outer loop
      vertex 86 15.442 3
      vertex 84 10 3
      vertex 90.6455 14 3
    endloop
  endfacet
  facet normal 0 0 1
    outer loop
      vertex 84 10 3
      vertex 86 15.442 3
      vertex 84 16.5967 3
    endloop
  endfacet
  facet normal 0 0 1
    outer loop
      vertex 87.7859 135.651 3
      vertex 84.2141 135.651 3
      vertex 86 132.558 3
    endloop
  endfacet
  facet normal -0 0 1
    outer loop
      vertex 84 135.527 3
      vertex 86 132.558 3
      vertex 84.2141 135.651 3
    endloop
  endfacet
  facet normal 0 0 1
    outer loop
      vertex 86 132.558 3
      vertex 84 135.527 3
      vertex 84 131.403 3
    endloop
  endfacet
  facet normal 0 0 1
    outer loop
      vertex 87.7859 117.465 3
      vertex 84.2141 117.465 3
      vertex 86 114.372 3
    endloop
  endfacet
  facet normal -0 0 1
    outer loop
      vertex 84 117.341 3
      vertex 86 114.372 3
      vertex 84.2141 117.465 3
    endloop
  endfacet
  facet normal 0 0 1
    outer loop
      vertex 86 114.372 3
      vertex 84 117.341 3
      vertex 84 113.217 3
    endloop
  endfacet
  facet normal 0 0 1
    outer loop
      vertex 87.7859 99.279 3
      vertex 84.2141 99.279 3
      vertex 86 96.186 3
    endloop
  endfacet
  facet normal -0 0 1
    outer loop
      vertex 84 99.1554 3
      vertex 86 96.186 3
      vertex 84.2141 99.279 3
    endloop
  endfacet
  facet normal 0 0 1
    outer loop
      vertex 86 96.186 3
      vertex 84 99.1554 3
      vertex 84 95.0313 3
    endloop
  endfacet
  facet normal 0 0 1
    outer loop
      vertex 87.7859 81.093 3
      vertex 84.2141 81.093 3
      vertex 86 78 3
    endloop
  endfacet
  facet normal -0 0 1
    outer loop
      vertex 84 80.9694 3
      vertex 86 78 3
      vertex 84.2141 81.093 3
    endloop
  endfacet
  facet normal 0 0 1
    outer loop
      vertex 86 78 3
      vertex 84 80.9694 3
      vertex 84 76.8453 3
    endloop
  endfacet
  facet normal 0 0 1
    outer loop
      vertex 87.7859 62.907 3
      vertex 84.2141 62.907 3
      vertex 86 59.814 3
    endloop
  endfacet
  facet normal -0 0 1
    outer loop
      vertex 84 62.7834 3
      vertex 86 59.814 3
      vertex 84.2141 62.907 3
    endloop
  endfacet
  facet normal 0 0 1
    outer loop
      vertex 86 59.814 3
      vertex 84 62.7834 3
      vertex 84 58.6593 3
    endloop
  endfacet
  facet normal 0 0 1
    outer loop
      vertex 87.7859 44.721 3
      vertex 84.2141 44.721 3
      vertex 86 41.628 3
    endloop
  endfacet
  facet normal -0 0 1
    outer loop
      vertex 84 44.5974 3
      vertex 86 41.628 3
      vertex 84.2141 44.721 3
    endloop
  endfacet
  facet normal 0 0 1
    outer loop
      vertex 86 41.628 3
      vertex 84 44.5974 3
      vertex 84 40.4733 3
    endloop
  endfacet
  facet normal 0 0 1
    outer loop
      vertex 87.7859 26.535 3
      vertex 84.2141 26.535 3
      vertex 86 23.442 3
    endloop
  endfacet
  facet normal -0 0 1
    outer loop
      vertex 84 26.4114 3
      vertex 86 23.442 3
      vertex 84.2141 26.535 3
    endloop
  endfacet
  facet normal 0 0 1
    outer loop
      vertex 86 23.442 3
      vertex 84 26.4114 3
      vertex 84 22.2873 3
    endloop
  endfacet
  facet normal 0 0 1
    outer loop
      vertex 93.0359 126.558 3
      vertex 89.4641 126.558 3
      vertex 91.25 123.465 3
    endloop
  endfacet
  facet normal 0 0 1
    outer loop
      vertex 89.4641 126.558 3
      vertex 87.7859 121.465 3
      vertex 91.25 123.465 3
    endloop
  endfacet
  facet normal 0 0 1
    outer loop
      vertex 84.2141 121.465 3
      vertex 87.7859 121.465 3
      vertex 86 124.558 3
    endloop
  endfacet
  facet normal -0 0 1
    outer loop
      vertex 86 124.558 3
      vertex 87.7859 121.465 3
      vertex 89.4641 126.558 3
    endloop
  endfacet
  facet normal 0 0 1
    outer loop
      vertex 93.0359 108.372 3
      vertex 89.4641 108.372 3
      vertex 91.25 105.279 3
    endloop
  endfacet
  facet normal 0 0 1
    outer loop
      vertex 89.4641 108.372 3
      vertex 87.7859 103.279 3
      vertex 91.25 105.279 3
    endloop
  endfacet
  facet normal 0 0 1
    outer loop
      vertex 84.2141 103.279 3
      vertex 87.7859 103.279 3
      vertex 86 106.372 3
    endloop
  endfacet
  facet normal -0 0 1
    outer loop
      vertex 86 106.372 3
      vertex 87.7859 103.279 3
      vertex 89.4641 108.372 3
    endloop
  endfacet
  facet normal 0 0 1
    outer loop
      vertex 93.0359 90.186 3
      vertex 89.4641 90.186 3
      vertex 91.25 87.093 3
    endloop
  endfacet
  facet normal 0 0 1
    outer loop
      vertex 89.4641 90.186 3
      vertex 87.7859 85.093 3
      vertex 91.25 87.093 3
    endloop
  endfacet
  facet normal 0 0 1
    outer loop
      vertex 84.2141 85.093 3
      vertex 87.7859 85.093 3
      vertex 86 88.186 3
    endloop
  endfacet
  facet normal -0 0 1
    outer loop
      vertex 86 88.186 3
      vertex 87.7859 85.093 3
      vertex 89.4641 90.186 3
    endloop
  endfacet
  facet normal 0 0 1
    outer loop
      vertex 93.0359 72 3
      vertex 89.4641 72 3
      vertex 91.25 68.907 3
    endloop
  endfacet
  facet normal 0 0 1
    outer loop
      vertex 89.4641 72 3
      vertex 87.7859 66.907 3
      vertex 91.25 68.907 3
    endloop
  endfacet
  facet normal 0 0 1
    outer loop
      vertex 84.2141 66.907 3
      vertex 87.7859 66.907 3
      vertex 86 70 3
    endloop
  endfacet
  facet normal -0 0 1
    outer loop
      vertex 86 70 3
      vertex 87.7859 66.907 3
      vertex 89.4641 72 3
    endloop
  endfacet
  facet normal 0 0 1
    outer loop
      vertex 93.0359 53.814 3
      vertex 89.4641 53.814 3
      vertex 91.25 50.721 3
    endloop
  endfacet
  facet normal 0 0 1
    outer loop
      vertex 89.4641 53.814 3
      vertex 87.7859 48.721 3
      vertex 91.25 50.721 3
    endloop
  endfacet
  facet normal 0 0 1
    outer loop
      vertex 84.2141 48.721 3
      vertex 87.7859 48.721 3
      vertex 86 51.814 3
    endloop
  endfacet
  facet normal -0 0 1
    outer loop
      vertex 86 51.814 3
      vertex 87.7859 48.721 3
      vertex 89.4641 53.814 3
    endloop
  endfacet
  facet normal 0 0 1
    outer loop
      vertex 93.0359 35.628 3
      vertex 89.4641 35.628 3
      vertex 91.25 32.535 3
    endloop
  endfacet
  facet normal 0 0 1
    outer loop
      vertex 89.4641 35.628 3
      vertex 87.7859 30.535 3
      vertex 91.25 32.535 3
    endloop
  endfacet
  facet normal 0 0 1
    outer loop
      vertex 84.2141 30.535 3
      vertex 87.7859 30.535 3
      vertex 86 33.628 3
    endloop
  endfacet
  facet normal -0 0 1
    outer loop
      vertex 86 33.628 3
      vertex 87.7859 30.535 3
      vertex 89.4641 35.628 3
    endloop
  endfacet
  facet normal 0 0 1
    outer loop
      vertex 98.2859 135.651 3
      vertex 94.7141 135.651 3
      vertex 96.5 132.558 3
    endloop
  endfacet
  facet normal 0 0 1
    outer loop
      vertex 94.7141 135.651 3
      vertex 93.0359 130.558 3
      vertex 96.5 132.558 3
    endloop
  endfacet
  facet normal 0 0 1
    outer loop
      vertex 89.4641 130.558 3
      vertex 93.0359 130.558 3
      vertex 91.25 133.651 3
    endloop
  endfacet
  facet normal -0 0 1
    outer loop
      vertex 91.25 133.651 3
      vertex 93.0359 130.558 3
      vertex 94.7141 135.651 3
    endloop
  endfacet
  facet normal 0 0 1
    outer loop
      vertex 98.2859 117.465 3
      vertex 94.7141 117.465 3
      vertex 96.5 114.372 3
    endloop
  endfacet
  facet normal 0 0 1
    outer loop
      vertex 94.7141 117.465 3
      vertex 93.0359 112.372 3
      vertex 96.5 114.372 3
    endloop
  endfacet
  facet normal 0 0 1
    outer loop
      vertex 89.4641 112.372 3
      vertex 93.0359 112.372 3
      vertex 91.25 115.465 3
    endloop
  endfacet
  facet normal -0 0 1
    outer loop
      vertex 91.25 115.465 3
      vertex 93.0359 112.372 3
      vertex 94.7141 117.465 3
    endloop
  endfacet
  facet normal 0 0 1
    outer loop
      vertex 98.2859 99.279 3
      vertex 94.7141 99.279 3
      vertex 96.5 96.186 3
    endloop
  endfacet
  facet normal 0 0 1
    outer loop
      vertex 94.7141 99.279 3
      vertex 93.0359 94.186 3
      vertex 96.5 96.186 3
    endloop
  endfacet
  facet normal 0 0 1
    outer loop
      vertex 89.4641 94.186 3
      vertex 93.0359 94.186 3
      vertex 91.25 97.279 3
    endloop
  endfacet
  facet normal -0 0 1
    outer loop
      vertex 91.25 97.279 3
      vertex 93.0359 94.186 3
      vertex 94.7141 99.279 3
    endloop
  endfacet
  facet normal 0 0 1
    outer loop
      vertex 98.2859 81.093 3
      vertex 94.7141 81.093 3
      vertex 96.5 78 3
    endloop
  endfacet
  facet normal 0 0 1
    outer loop
      vertex 94.7141 81.093 3
      vertex 93.0359 76 3
      vertex 96.5 78 3
    endloop
  endfacet
  facet normal 0 0 1
    outer loop
      vertex 89.4641 76 3
      vertex 93.0359 76 3
      vertex 91.25 79.093 3
    endloop
  endfacet
  facet normal -0 0 1
    outer loop
      vertex 91.25 79.093 3
      vertex 93.0359 76 3
      vertex 94.7141 81.093 3
    endloop
  endfacet
  facet normal 0 0 1
    outer loop
      vertex 98.2859 62.907 3
      vertex 94.7141 62.907 3
      vertex 96.5 59.814 3
    endloop
  endfacet
  facet normal 0 0 1
    outer loop
      vertex 94.7141 62.907 3
      vertex 93.0359 57.814 3
      vertex 96.5 59.814 3
    endloop
  endfacet
  facet normal 0 0 1
    outer loop
      vertex 89.4641 57.814 3
      vertex 93.0359 57.814 3
      vertex 91.25 60.907 3
    endloop
  endfacet
  facet normal -0 0 1
    outer loop
      vertex 91.25 60.907 3
      vertex 93.0359 57.814 3
      vertex 94.7141 62.907 3
    endloop
  endfacet
  facet normal 0 0 1
    outer loop
      vertex 98.2859 44.721 3
      vertex 94.7141 44.721 3
      vertex 96.5 41.628 3
    endloop
  endfacet
  facet normal 0 0 1
    outer loop
      vertex 94.7141 44.721 3
      vertex 93.0359 39.628 3
      vertex 96.5 41.628 3
    endloop
  endfacet
  facet normal 0 0 1
    outer loop
      vertex 89.4641 39.628 3
      vertex 93.0359 39.628 3
      vertex 91.25 42.721 3
    endloop
  endfacet
  facet normal -0 0 1
    outer loop
      vertex 91.25 42.721 3
      vertex 93.0359 39.628 3
      vertex 94.7141 44.721 3
    endloop
  endfacet
  facet normal 0 0 1
    outer loop
      vertex 98.2859 26.535 3
      vertex 94.7141 26.535 3
      vertex 96.5 23.442 3
    endloop
  endfacet
  facet normal 0 0 1
    outer loop
      vertex 94.7141 26.535 3
      vertex 93.0359 21.442 3
      vertex 96.5 23.442 3
    endloop
  endfacet
  facet normal -0 0 1
    outer loop
      vertex 89.4641 21.442 3
      vertex 93.0359 17.442 3
      vertex 93.0359 21.442 3
    endloop
  endfacet
  facet normal -0 0 1
    outer loop
      vertex 91.25 24.535 3
      vertex 93.0359 21.442 3
      vertex 94.7141 26.535 3
    endloop
  endfacet
  facet normal 0 0 1
    outer loop
      vertex 89.4641 21.442 3
      vertex 93.0359 21.442 3
      vertex 91.25 24.535 3
    endloop
  endfacet
  facet normal 0 0 1
    outer loop
      vertex 89.4641 17.442 3
      vertex 93.0359 17.442 3
      vertex 89.4641 21.442 3
    endloop
  endfacet
  facet normal 0 0 1
    outer loop
      vertex 93.0359 17.442 3
      vertex 91.25 14.349 3
      vertex 91.8545 14 3
    endloop
  endfacet
  facet normal 0 0 1
    outer loop
      vertex 93.0359 17.442 3
      vertex 89.4641 17.442 3
      vertex 91.25 14.349 3
    endloop
  endfacet
  facet normal 0 0 1
    outer loop
      vertex 87.7859 26.535 3
      vertex 89.4641 21.442 3
      vertex 91.25 24.535 3
    endloop
  endfacet
  facet normal 0 0 1
    outer loop
      vertex 87.7859 26.535 3
      vertex 86 23.442 3
      vertex 89.4641 21.442 3
    endloop
  endfacet
  facet normal 0 0 1
    outer loop
      vertex 87.7859 30.535 3
      vertex 84.2141 30.535 3
      vertex 87.7859 26.535 3
    endloop
  endfacet
  facet normal 0 0 1
    outer loop
      vertex 84.2141 26.535 3
      vertex 87.7859 26.535 3
      vertex 84.2141 30.535 3
    endloop
  endfacet
  facet normal 0 0 1
    outer loop
      vertex 84 30.6586 3
      vertex 86 33.628 3
      vertex 84 34.7827 3
    endloop
  endfacet
  facet normal 0 0 1
    outer loop
      vertex 86 33.628 3
      vertex 84 30.6586 3
      vertex 84.2141 30.535 3
    endloop
  endfacet
  facet normal 0 0 1
    outer loop
      vertex 103.536 126.558 3
      vertex 99.9641 126.558 3
      vertex 101.75 123.465 3
    endloop
  endfacet
  facet normal 0 0 1
    outer loop
      vertex 99.9641 126.558 3
      vertex 98.2859 121.465 3
      vertex 101.75 123.465 3
    endloop
  endfacet
  facet normal 0 0 1
    outer loop
      vertex 94.7141 121.465 3
      vertex 98.2859 121.465 3
      vertex 96.5 124.558 3
    endloop
  endfacet
  facet normal -0 0 1
    outer loop
      vertex 96.5 124.558 3
      vertex 98.2859 121.465 3
      vertex 99.9641 126.558 3
    endloop
  endfacet
  facet normal 0 0 1
    outer loop
      vertex 103.536 108.372 3
      vertex 99.9641 108.372 3
      vertex 101.75 105.279 3
    endloop
  endfacet
  facet normal 0 0 1
    outer loop
      vertex 99.9641 108.372 3
      vertex 98.2859 103.279 3
      vertex 101.75 105.279 3
    endloop
  endfacet
  facet normal 0 0 1
    outer loop
      vertex 94.7141 103.279 3
      vertex 98.2859 103.279 3
      vertex 96.5 106.372 3
    endloop
  endfacet
  facet normal -0 0 1
    outer loop
      vertex 96.5 106.372 3
      vertex 98.2859 103.279 3
      vertex 99.9641 108.372 3
    endloop
  endfacet
  facet normal 0 0 1
    outer loop
      vertex 103.536 90.186 3
      vertex 99.9641 90.186 3
      vertex 101.75 87.093 3
    endloop
  endfacet
  facet normal 0 0 1
    outer loop
      vertex 99.9641 90.186 3
      vertex 98.2859 85.093 3
      vertex 101.75 87.093 3
    endloop
  endfacet
  facet normal 0 0 1
    outer loop
      vertex 94.7141 85.093 3
      vertex 98.2859 85.093 3
      vertex 96.5 88.186 3
    endloop
  endfacet
  facet normal -0 0 1
    outer loop
      vertex 96.5 88.186 3
      vertex 98.2859 85.093 3
      vertex 99.9641 90.186 3
    endloop
  endfacet
  facet normal 0 0 1
    outer loop
      vertex 103.536 72 3
      vertex 99.9641 72 3
      vertex 101.75 68.907 3
    endloop
  endfacet
  facet normal 0 0 1
    outer loop
      vertex 99.9641 72 3
      vertex 98.2859 66.907 3
      vertex 101.75 68.907 3
    endloop
  endfacet
  facet normal 0 0 1
    outer loop
      vertex 94.7141 66.907 3
      vertex 98.2859 66.907 3
      vertex 96.5 70 3
    endloop
  endfacet
  facet normal -0 0 1
    outer loop
      vertex 96.5 70 3
      vertex 98.2859 66.907 3
      vertex 99.9641 72 3
    endloop
  endfacet
  facet normal 0 0 1
    outer loop
      vertex 103.536 53.814 3
      vertex 99.9641 53.814 3
      vertex 101.75 50.721 3
    endloop
  endfacet
  facet normal 0 0 1
    outer loop
      vertex 99.9641 53.814 3
      vertex 98.2859 48.721 3
      vertex 101.75 50.721 3
    endloop
  endfacet
  facet normal 0 0 1
    outer loop
      vertex 94.7141 48.721 3
      vertex 98.2859 48.721 3
      vertex 96.5 51.814 3
    endloop
  endfacet
  facet normal -0 0 1
    outer loop
      vertex 96.5 51.814 3
      vertex 98.2859 48.721 3
      vertex 99.9641 53.814 3
    endloop
  endfacet
  facet normal 0 0 1
    outer loop
      vertex 103.536 35.628 3
      vertex 99.9641 35.628 3
      vertex 101.75 32.535 3
    endloop
  endfacet
  facet normal 0 0 1
    outer loop
      vertex 99.9641 35.628 3
      vertex 98.2859 30.535 3
      vertex 101.75 32.535 3
    endloop
  endfacet
  facet normal 0 0 1
    outer loop
      vertex 94.7141 30.535 3
      vertex 98.2859 30.535 3
      vertex 96.5 33.628 3
    endloop
  endfacet
  facet normal -0 0 1
    outer loop
      vertex 96.5 33.628 3
      vertex 98.2859 30.535 3
      vertex 99.9641 35.628 3
    endloop
  endfacet
  facet normal 0 0 1
    outer loop
      vertex 108.786 135.651 3
      vertex 105.214 135.651 3
      vertex 107 132.558 3
    endloop
  endfacet
  facet normal 0 0 1
    outer loop
      vertex 105.214 135.651 3
      vertex 103.536 130.558 3
      vertex 107 132.558 3
    endloop
  endfacet
  facet normal 0 0 1
    outer loop
      vertex 99.9641 130.558 3
      vertex 103.536 130.558 3
      vertex 101.75 133.651 3
    endloop
  endfacet
  facet normal -0 0 1
    outer loop
      vertex 101.75 133.651 3
      vertex 103.536 130.558 3
      vertex 105.214 135.651 3
    endloop
  endfacet
  facet normal 0 0 1
    outer loop
      vertex 108.786 117.465 3
      vertex 105.214 117.465 3
      vertex 107 114.372 3
    endloop
  endfacet
  facet normal 0 0 1
    outer loop
      vertex 105.214 117.465 3
      vertex 103.536 112.372 3
      vertex 107 114.372 3
    endloop
  endfacet
  facet normal 0 0 1
    outer loop
      vertex 99.9641 112.372 3
      vertex 103.536 112.372 3
      vertex 101.75 115.465 3
    endloop
  endfacet
  facet normal -0 0 1
    outer loop
      vertex 101.75 115.465 3
      vertex 103.536 112.372 3
      vertex 105.214 117.465 3
    endloop
  endfacet
  facet normal 0 0 1
    outer loop
      vertex 108.786 99.279 3
      vertex 105.214 99.279 3
      vertex 107 96.186 3
    endloop
  endfacet
  facet normal 0 0 1
    outer loop
      vertex 105.214 99.279 3
      vertex 103.536 94.186 3
      vertex 107 96.186 3
    endloop
  endfacet
  facet normal 0 0 1
    outer loop
      vertex 99.9641 94.186 3
      vertex 103.536 94.186 3
      vertex 101.75 97.279 3
    endloop
  endfacet
  facet normal -0 0 1
    outer loop
      vertex 101.75 97.279 3
      vertex 103.536 94.186 3
      vertex 105.214 99.279 3
    endloop
  endfacet
  facet normal 0 0 1
    outer loop
      vertex 108.786 81.093 3
      vertex 105.214 81.093 3
      vertex 107 78 3
    endloop
  endfacet
  facet normal 0 0 1
    outer loop
      vertex 105.214 81.093 3
      vertex 103.536 76 3
      vertex 107 78 3
    endloop
  endfacet
  facet normal 0 0 1
    outer loop
      vertex 99.9641 76 3
      vertex 103.536 76 3
      vertex 101.75 79.093 3
    endloop
  endfacet
  facet normal -0 0 1
    outer loop
      vertex 101.75 79.093 3
      vertex 103.536 76 3
      vertex 105.214 81.093 3
    endloop
  endfacet
  facet normal 0 0 1
    outer loop
      vertex 108.786 62.907 3
      vertex 105.214 62.907 3
      vertex 107 59.814 3
    endloop
  endfacet
  facet normal 0 0 1
    outer loop
      vertex 105.214 62.907 3
      vertex 103.536 57.814 3
      vertex 107 59.814 3
    endloop
  endfacet
  facet normal 0 0 1
    outer loop
      vertex 99.9641 57.814 3
      vertex 103.536 57.814 3
      vertex 101.75 60.907 3
    endloop
  endfacet
  facet normal -0 0 1
    outer loop
      vertex 101.75 60.907 3
      vertex 103.536 57.814 3
      vertex 105.214 62.907 3
    endloop
  endfacet
  facet normal 0 0 1
    outer loop
      vertex 108.786 44.721 3
      vertex 105.214 44.721 3
      vertex 107 41.628 3
    endloop
  endfacet
  facet normal 0 0 1
    outer loop
      vertex 105.214 44.721 3
      vertex 103.536 39.628 3
      vertex 107 41.628 3
    endloop
  endfacet
  facet normal 0 0 1
    outer loop
      vertex 99.9641 39.628 3
      vertex 103.536 39.628 3
      vertex 101.75 42.721 3
    endloop
  endfacet
  facet normal -0 0 1
    outer loop
      vertex 101.75 42.721 3
      vertex 103.536 39.628 3
      vertex 105.214 44.721 3
    endloop
  endfacet
  facet normal 0 0 1
    outer loop
      vertex 108.786 26.535 3
      vertex 105.214 26.535 3
      vertex 107 23.442 3
    endloop
  endfacet
  facet normal 0 0 1
    outer loop
      vertex 105.214 26.535 3
      vertex 103.536 21.442 3
      vertex 107 23.442 3
    endloop
  endfacet
  facet normal -0 0 1
    outer loop
      vertex 99.9641 21.442 3
      vertex 103.536 17.442 3
      vertex 103.536 21.442 3
    endloop
  endfacet
  facet normal -0 0 1
    outer loop
      vertex 101.75 24.535 3
      vertex 103.536 21.442 3
      vertex 105.214 26.535 3
    endloop
  endfacet
  facet normal 0 0 1
    outer loop
      vertex 99.9641 21.442 3
      vertex 103.536 21.442 3
      vertex 101.75 24.535 3
    endloop
  endfacet
  facet normal 0 0 1
    outer loop
      vertex 99.9641 17.442 3
      vertex 103.536 17.442 3
      vertex 99.9641 21.442 3
    endloop
  endfacet
  facet normal 0 0 1
    outer loop
      vertex 103.536 17.442 3
      vertex 101.75 14.349 3
      vertex 102.354 14 3
    endloop
  endfacet
  facet normal 0 0 1
    outer loop
      vertex 103.536 17.442 3
      vertex 99.9641 17.442 3
      vertex 101.75 14.349 3
    endloop
  endfacet
  facet normal 0 0 1
    outer loop
      vertex 98.2859 26.535 3
      vertex 99.9641 21.442 3
      vertex 101.75 24.535 3
    endloop
  endfacet
  facet normal 0 0 1
    outer loop
      vertex 98.2859 26.535 3
      vertex 96.5 23.442 3
      vertex 99.9641 21.442 3
    endloop
  endfacet
  facet normal 0 0 1
    outer loop
      vertex 98.2859 30.535 3
      vertex 94.7141 30.535 3
      vertex 98.2859 26.535 3
    endloop
  endfacet
  facet normal 0 0 1
    outer loop
      vertex 94.7141 26.535 3
      vertex 98.2859 26.535 3
      vertex 94.7141 30.535 3
    endloop
  endfacet
  facet normal 0 0 1
    outer loop
      vertex 93.0359 35.628 3
      vertex 94.7141 30.535 3
      vertex 96.5 33.628 3
    endloop
  endfacet
  facet normal 0 0 1
    outer loop
      vertex 93.0359 35.628 3
      vertex 91.25 32.535 3
      vertex 94.7141 30.535 3
    endloop
  endfacet
  facet normal 0 0 1
    outer loop
      vertex 93.0359 39.628 3
      vertex 89.4641 39.628 3
      vertex 93.0359 35.628 3
    endloop
  endfacet
  facet normal 0 0 1
    outer loop
      vertex 89.4641 35.628 3
      vertex 93.0359 35.628 3
      vertex 89.4641 39.628 3
    endloop
  endfacet
  facet normal 0 0 1
    outer loop
      vertex 87.7859 44.721 3
      vertex 89.4641 39.628 3
      vertex 91.25 42.721 3
    endloop
  endfacet
  facet normal 0 0 1
    outer loop
      vertex 87.7859 44.721 3
      vertex 86 41.628 3
      vertex 89.4641 39.628 3
    endloop
  endfacet
  facet normal 0 0 1
    outer loop
      vertex 87.7859 48.721 3
      vertex 84.2141 48.721 3
      vertex 87.7859 44.721 3
    endloop
  endfacet
  facet normal 0 0 1
    outer loop
      vertex 84.2141 44.721 3
      vertex 87.7859 44.721 3
      vertex 84.2141 48.721 3
    endloop
  endfacet
  facet normal 0 0 1
    outer loop
      vertex 84 48.8446 3
      vertex 86 51.814 3
      vertex 84 52.9687 3
    endloop
  endfacet
  facet normal 0 0 1
    outer loop
      vertex 86 51.814 3
      vertex 84 48.8446 3
      vertex 84.2141 48.721 3
    endloop
  endfacet
  facet normal 0 0 1
    outer loop
      vertex 114.036 126.558 3
      vertex 110.464 126.558 3
      vertex 112.25 123.465 3
    endloop
  endfacet
  facet normal 0 0 1
    outer loop
      vertex 110.464 126.558 3
      vertex 108.786 121.465 3
      vertex 112.25 123.465 3
    endloop
  endfacet
  facet normal 0 0 1
    outer loop
      vertex 105.214 121.465 3
      vertex 108.786 121.465 3
      vertex 107 124.558 3
    endloop
  endfacet
  facet normal -0 0 1
    outer loop
      vertex 107 124.558 3
      vertex 108.786 121.465 3
      vertex 110.464 126.558 3
    endloop
  endfacet
  facet normal 0 0 1
    outer loop
      vertex 114.036 108.372 3
      vertex 110.464 108.372 3
      vertex 112.25 105.279 3
    endloop
  endfacet
  facet normal 0 0 1
    outer loop
      vertex 110.464 108.372 3
      vertex 108.786 103.279 3
      vertex 112.25 105.279 3
    endloop
  endfacet
  facet normal 0 0 1
    outer loop
      vertex 105.214 103.279 3
      vertex 108.786 103.279 3
      vertex 107 106.372 3
    endloop
  endfacet
  facet normal -0 0 1
    outer loop
      vertex 107 106.372 3
      vertex 108.786 103.279 3
      vertex 110.464 108.372 3
    endloop
  endfacet
  facet normal 0 0 1
    outer loop
      vertex 114.036 90.186 3
      vertex 110.464 90.186 3
      vertex 112.25 87.093 3
    endloop
  endfacet
  facet normal 0 0 1
    outer loop
      vertex 110.464 90.186 3
      vertex 108.786 85.093 3
      vertex 112.25 87.093 3
    endloop
  endfacet
  facet normal 0 0 1
    outer loop
      vertex 105.214 85.093 3
      vertex 108.786 85.093 3
      vertex 107 88.186 3
    endloop
  endfacet
  facet normal -0 0 1
    outer loop
      vertex 107 88.186 3
      vertex 108.786 85.093 3
      vertex 110.464 90.186 3
    endloop
  endfacet
  facet normal 0 0 1
    outer loop
      vertex 114.036 72 3
      vertex 110.464 72 3
      vertex 112.25 68.907 3
    endloop
  endfacet
  facet normal 0 0 1
    outer loop
      vertex 110.464 72 3
      vertex 108.786 66.907 3
      vertex 112.25 68.907 3
    endloop
  endfacet
  facet normal 0 0 1
    outer loop
      vertex 105.214 66.907 3
      vertex 108.786 66.907 3
      vertex 107 70 3
    endloop
  endfacet
  facet normal -0 0 1
    outer loop
      vertex 107 70 3
      vertex 108.786 66.907 3
      vertex 110.464 72 3
    endloop
  endfacet
  facet normal 0 0 1
    outer loop
      vertex 114.036 53.814 3
      vertex 110.464 53.814 3
      vertex 112.25 50.721 3
    endloop
  endfacet
  facet normal 0 0 1
    outer loop
      vertex 110.464 53.814 3
      vertex 108.786 48.721 3
      vertex 112.25 50.721 3
    endloop
  endfacet
  facet normal 0 0 1
    outer loop
      vertex 105.214 48.721 3
      vertex 108.786 48.721 3
      vertex 107 51.814 3
    endloop
  endfacet
  facet normal -0 0 1
    outer loop
      vertex 107 51.814 3
      vertex 108.786 48.721 3
      vertex 110.464 53.814 3
    endloop
  endfacet
  facet normal 0 0 1
    outer loop
      vertex 114.036 35.628 3
      vertex 110.464 35.628 3
      vertex 112.25 32.535 3
    endloop
  endfacet
  facet normal 0 0 1
    outer loop
      vertex 110.464 35.628 3
      vertex 108.786 30.535 3
      vertex 112.25 32.535 3
    endloop
  endfacet
  facet normal 0 0 1
    outer loop
      vertex 105.214 30.535 3
      vertex 108.786 30.535 3
      vertex 107 33.628 3
    endloop
  endfacet
  facet normal -0 0 1
    outer loop
      vertex 107 33.628 3
      vertex 108.786 30.535 3
      vertex 110.464 35.628 3
    endloop
  endfacet
  facet normal 0 0 1
    outer loop
      vertex 119.286 135.651 3
      vertex 115.714 135.651 3
      vertex 117.5 132.558 3
    endloop
  endfacet
  facet normal 0 0 1
    outer loop
      vertex 115.714 135.651 3
      vertex 114.036 130.558 3
      vertex 117.5 132.558 3
    endloop
  endfacet
  facet normal 0 0 1
    outer loop
      vertex 110.464 130.558 3
      vertex 114.036 130.558 3
      vertex 112.25 133.651 3
    endloop
  endfacet
  facet normal -0 0 1
    outer loop
      vertex 112.25 133.651 3
      vertex 114.036 130.558 3
      vertex 115.714 135.651 3
    endloop
  endfacet
  facet normal 0 0 1
    outer loop
      vertex 119.286 117.465 3
      vertex 115.714 117.465 3
      vertex 117.5 114.372 3
    endloop
  endfacet
  facet normal 0 0 1
    outer loop
      vertex 115.714 117.465 3
      vertex 114.036 112.372 3
      vertex 117.5 114.372 3
    endloop
  endfacet
  facet normal 0 0 1
    outer loop
      vertex 110.464 112.372 3
      vertex 114.036 112.372 3
      vertex 112.25 115.465 3
    endloop
  endfacet
  facet normal -0 0 1
    outer loop
      vertex 112.25 115.465 3
      vertex 114.036 112.372 3
      vertex 115.714 117.465 3
    endloop
  endfacet
  facet normal 0 0 1
    outer loop
      vertex 119.286 99.279 3
      vertex 115.714 99.279 3
      vertex 117.5 96.186 3
    endloop
  endfacet
  facet normal 0 0 1
    outer loop
      vertex 115.714 99.279 3
      vertex 114.036 94.186 3
      vertex 117.5 96.186 3
    endloop
  endfacet
  facet normal 0 0 1
    outer loop
      vertex 110.464 94.186 3
      vertex 114.036 94.186 3
      vertex 112.25 97.279 3
    endloop
  endfacet
  facet normal -0 0 1
    outer loop
      vertex 112.25 97.279 3
      vertex 114.036 94.186 3
      vertex 115.714 99.279 3
    endloop
  endfacet
  facet normal 0 0 1
    outer loop
      vertex 119.286 81.093 3
      vertex 115.714 81.093 3
      vertex 117.5 78 3
    endloop
  endfacet
  facet normal 0 0 1
    outer loop
      vertex 115.714 81.093 3
      vertex 114.036 76 3
      vertex 117.5 78 3
    endloop
  endfacet
  facet normal 0 0 1
    outer loop
      vertex 110.464 76 3
      vertex 114.036 76 3
      vertex 112.25 79.093 3
    endloop
  endfacet
  facet normal -0 0 1
    outer loop
      vertex 112.25 79.093 3
      vertex 114.036 76 3
      vertex 115.714 81.093 3
    endloop
  endfacet
  facet normal 0 0 1
    outer loop
      vertex 119.286 62.907 3
      vertex 115.714 62.907 3
      vertex 117.5 59.814 3
    endloop
  endfacet
  facet normal 0 0 1
    outer loop
      vertex 115.714 62.907 3
      vertex 114.036 57.814 3
      vertex 117.5 59.814 3
    endloop
  endfacet
  facet normal 0 0 1
    outer loop
      vertex 110.464 57.814 3
      vertex 114.036 57.814 3
      vertex 112.25 60.907 3
    endloop
  endfacet
  facet normal -0 0 1
    outer loop
      vertex 112.25 60.907 3
      vertex 114.036 57.814 3
      vertex 115.714 62.907 3
    endloop
  endfacet
  facet normal 0 0 1
    outer loop
      vertex 119.286 44.721 3
      vertex 115.714 44.721 3
      vertex 117.5 41.628 3
    endloop
  endfacet
  facet normal 0 0 1
    outer loop
      vertex 115.714 44.721 3
      vertex 114.036 39.628 3
      vertex 117.5 41.628 3
    endloop
  endfacet
  facet normal 0 0 1
    outer loop
      vertex 110.464 39.628 3
      vertex 114.036 39.628 3
      vertex 112.25 42.721 3
    endloop
  endfacet
  facet normal -0 0 1
    outer loop
      vertex 112.25 42.721 3
      vertex 114.036 39.628 3
      vertex 115.714 44.721 3
    endloop
  endfacet
  facet normal 0 0 1
    outer loop
      vertex 119.286 26.535 3
      vertex 115.714 26.535 3
      vertex 117.5 23.442 3
    endloop
  endfacet
  facet normal 0 0 1
    outer loop
      vertex 115.714 26.535 3
      vertex 114.036 21.442 3
      vertex 117.5 23.442 3
    endloop
  endfacet
  facet normal -0 0 1
    outer loop
      vertex 110.464 21.442 3
      vertex 114.036 17.442 3
      vertex 114.036 21.442 3
    endloop
  endfacet
  facet normal -0 0 1
    outer loop
      vertex 112.25 24.535 3
      vertex 114.036 21.442 3
      vertex 115.714 26.535 3
    endloop
  endfacet
  facet normal 0 0 1
    outer loop
      vertex 110.464 21.442 3
      vertex 114.036 21.442 3
      vertex 112.25 24.535 3
    endloop
  endfacet
  facet normal 0 0 1
    outer loop
      vertex 110.464 17.442 3
      vertex 114.036 17.442 3
      vertex 110.464 21.442 3
    endloop
  endfacet
  facet normal 0 0 1
    outer loop
      vertex 114.036 17.442 3
      vertex 112.25 14.349 3
      vertex 112.854 14 3
    endloop
  endfacet
  facet normal 0 0 1
    outer loop
      vertex 114.036 17.442 3
      vertex 110.464 17.442 3
      vertex 112.25 14.349 3
    endloop
  endfacet
  facet normal 0 0 1
    outer loop
      vertex 108.786 26.535 3
      vertex 110.464 21.442 3
      vertex 112.25 24.535 3
    endloop
  endfacet
  facet normal 0 0 1
    outer loop
      vertex 108.786 26.535 3
      vertex 107 23.442 3
      vertex 110.464 21.442 3
    endloop
  endfacet
  facet normal 0 0 1
    outer loop
      vertex 108.786 30.535 3
      vertex 105.214 30.535 3
      vertex 108.786 26.535 3
    endloop
  endfacet
  facet normal 0 0 1
    outer loop
      vertex 105.214 26.535 3
      vertex 108.786 26.535 3
      vertex 105.214 30.535 3
    endloop
  endfacet
  facet normal 0 0 1
    outer loop
      vertex 103.536 35.628 3
      vertex 105.214 30.535 3
      vertex 107 33.628 3
    endloop
  endfacet
  facet normal 0 0 1
    outer loop
      vertex 103.536 35.628 3
      vertex 101.75 32.535 3
      vertex 105.214 30.535 3
    endloop
  endfacet
  facet normal 0 0 1
    outer loop
      vertex 103.536 39.628 3
      vertex 99.9641 39.628 3
      vertex 103.536 35.628 3
    endloop
  endfacet
  facet normal 0 0 1
    outer loop
      vertex 99.9641 35.628 3
      vertex 103.536 35.628 3
      vertex 99.9641 39.628 3
    endloop
  endfacet
  facet normal 0 0 1
    outer loop
      vertex 98.2859 44.721 3
      vertex 99.9641 39.628 3
      vertex 101.75 42.721 3
    endloop
  endfacet
  facet normal 0 0 1
    outer loop
      vertex 98.2859 44.721 3
      vertex 96.5 41.628 3
      vertex 99.9641 39.628 3
    endloop
  endfacet
  facet normal 0 0 1
    outer loop
      vertex 98.2859 48.721 3
      vertex 94.7141 48.721 3
      vertex 98.2859 44.721 3
    endloop
  endfacet
  facet normal 0 0 1
    outer loop
      vertex 94.7141 44.721 3
      vertex 98.2859 44.721 3
      vertex 94.7141 48.721 3
    endloop
  endfacet
  facet normal 0 0 1
    outer loop
      vertex 93.0359 53.814 3
      vertex 94.7141 48.721 3
      vertex 96.5 51.814 3
    endloop
  endfacet
  facet normal 0 0 1
    outer loop
      vertex 93.0359 53.814 3
      vertex 91.25 50.721 3
      vertex 94.7141 48.721 3
    endloop
  endfacet
  facet normal 0 0 1
    outer loop
      vertex 93.0359 57.814 3
      vertex 89.4641 57.814 3
      vertex 93.0359 53.814 3
    endloop
  endfacet
  facet normal 0 0 1
    outer loop
      vertex 89.4641 53.814 3
      vertex 93.0359 53.814 3
      vertex 89.4641 57.814 3
    endloop
  endfacet
  facet normal 0 0 1
    outer loop
      vertex 87.7859 62.907 3
      vertex 89.4641 57.814 3
      vertex 91.25 60.907 3
    endloop
  endfacet
  facet normal 0 0 1
    outer loop
      vertex 87.7859 62.907 3
      vertex 86 59.814 3
      vertex 89.4641 57.814 3
    endloop
  endfacet
  facet normal 0 0 1
    outer loop
      vertex 87.7859 66.907 3
      vertex 84.2141 66.907 3
      vertex 87.7859 62.907 3
    endloop
  endfacet
  facet normal 0 0 1
    outer loop
      vertex 84.2141 62.907 3
      vertex 87.7859 62.907 3
      vertex 84.2141 66.907 3
    endloop
  endfacet
  facet normal 0 0 1
    outer loop
      vertex 84 67.0306 3
      vertex 86 70 3
      vertex 84 71.1547 3
    endloop
  endfacet
  facet normal 0 0 1
    outer loop
      vertex 86 70 3
      vertex 84 67.0306 3
      vertex 84.2141 66.907 3
    endloop
  endfacet
  facet normal 0 0 1
    outer loop
      vertex 124.536 126.558 3
      vertex 120.964 126.558 3
      vertex 122.75 123.465 3
    endloop
  endfacet
  facet normal 0 0 1
    outer loop
      vertex 120.964 126.558 3
      vertex 119.286 121.465 3
      vertex 122.75 123.465 3
    endloop
  endfacet
  facet normal 0 0 1
    outer loop
      vertex 115.714 121.465 3
      vertex 119.286 121.465 3
      vertex 117.5 124.558 3
    endloop
  endfacet
  facet normal -0 0 1
    outer loop
      vertex 117.5 124.558 3
      vertex 119.286 121.465 3
      vertex 120.964 126.558 3
    endloop
  endfacet
  facet normal 0 0 1
    outer loop
      vertex 124.536 108.372 3
      vertex 120.964 108.372 3
      vertex 122.75 105.279 3
    endloop
  endfacet
  facet normal 0 0 1
    outer loop
      vertex 120.964 108.372 3
      vertex 119.286 103.279 3
      vertex 122.75 105.279 3
    endloop
  endfacet
  facet normal 0 0 1
    outer loop
      vertex 115.714 103.279 3
      vertex 119.286 103.279 3
      vertex 117.5 106.372 3
    endloop
  endfacet
  facet normal -0 0 1
    outer loop
      vertex 117.5 106.372 3
      vertex 119.286 103.279 3
      vertex 120.964 108.372 3
    endloop
  endfacet
  facet normal 0 0 1
    outer loop
      vertex 124.536 90.186 3
      vertex 120.964 90.186 3
      vertex 122.75 87.093 3
    endloop
  endfacet
  facet normal 0 0 1
    outer loop
      vertex 120.964 90.186 3
      vertex 119.286 85.093 3
      vertex 122.75 87.093 3
    endloop
  endfacet
  facet normal 0 0 1
    outer loop
      vertex 115.714 85.093 3
      vertex 119.286 85.093 3
      vertex 117.5 88.186 3
    endloop
  endfacet
  facet normal -0 0 1
    outer loop
      vertex 117.5 88.186 3
      vertex 119.286 85.093 3
      vertex 120.964 90.186 3
    endloop
  endfacet
  facet normal 0 0 1
    outer loop
      vertex 124.536 72 3
      vertex 120.964 72 3
      vertex 122.75 68.907 3
    endloop
  endfacet
  facet normal 0 0 1
    outer loop
      vertex 120.964 72 3
      vertex 119.286 66.907 3
      vertex 122.75 68.907 3
    endloop
  endfacet
  facet normal 0 0 1
    outer loop
      vertex 115.714 66.907 3
      vertex 119.286 66.907 3
      vertex 117.5 70 3
    endloop
  endfacet
  facet normal -0 0 1
    outer loop
      vertex 117.5 70 3
      vertex 119.286 66.907 3
      vertex 120.964 72 3
    endloop
  endfacet
  facet normal 0 0 1
    outer loop
      vertex 124.536 53.814 3
      vertex 120.964 53.814 3
      vertex 122.75 50.721 3
    endloop
  endfacet
  facet normal 0 0 1
    outer loop
      vertex 120.964 53.814 3
      vertex 119.286 48.721 3
      vertex 122.75 50.721 3
    endloop
  endfacet
  facet normal 0 0 1
    outer loop
      vertex 115.714 48.721 3
      vertex 119.286 48.721 3
      vertex 117.5 51.814 3
    endloop
  endfacet
  facet normal -0 0 1
    outer loop
      vertex 117.5 51.814 3
      vertex 119.286 48.721 3
      vertex 120.964 53.814 3
    endloop
  endfacet
  facet normal 0 0 1
    outer loop
      vertex 124.536 35.628 3
      vertex 120.964 35.628 3
      vertex 122.75 32.535 3
    endloop
  endfacet
  facet normal 0 0 1
    outer loop
      vertex 120.964 35.628 3
      vertex 119.286 30.535 3
      vertex 122.75 32.535 3
    endloop
  endfacet
  facet normal 0 0 1
    outer loop
      vertex 115.714 30.535 3
      vertex 119.286 30.535 3
      vertex 117.5 33.628 3
    endloop
  endfacet
  facet normal -0 0 1
    outer loop
      vertex 117.5 33.628 3
      vertex 119.286 30.535 3
      vertex 120.964 35.628 3
    endloop
  endfacet
  facet normal 0 0 1
    outer loop
      vertex 129.786 135.651 3
      vertex 126.214 135.651 3
      vertex 128 132.558 3
    endloop
  endfacet
  facet normal 0 0 1
    outer loop
      vertex 126.214 135.651 3
      vertex 124.536 130.558 3
      vertex 128 132.558 3
    endloop
  endfacet
  facet normal 0 0 1
    outer loop
      vertex 120.964 130.558 3
      vertex 124.536 130.558 3
      vertex 122.75 133.651 3
    endloop
  endfacet
  facet normal -0 0 1
    outer loop
      vertex 122.75 133.651 3
      vertex 124.536 130.558 3
      vertex 126.214 135.651 3
    endloop
  endfacet
  facet normal 0 0 1
    outer loop
      vertex 129.786 117.465 3
      vertex 126.214 117.465 3
      vertex 128 114.372 3
    endloop
  endfacet
  facet normal 0 0 1
    outer loop
      vertex 126.214 117.465 3
      vertex 124.536 112.372 3
      vertex 128 114.372 3
    endloop
  endfacet
  facet normal 0 0 1
    outer loop
      vertex 120.964 112.372 3
      vertex 124.536 112.372 3
      vertex 122.75 115.465 3
    endloop
  endfacet
  facet normal -0 0 1
    outer loop
      vertex 122.75 115.465 3
      vertex 124.536 112.372 3
      vertex 126.214 117.465 3
    endloop
  endfacet
  facet normal 0 0 1
    outer loop
      vertex 129.786 99.279 3
      vertex 126.214 99.279 3
      vertex 128 96.186 3
    endloop
  endfacet
  facet normal 0 0 1
    outer loop
      vertex 126.214 99.279 3
      vertex 124.536 94.186 3
      vertex 128 96.186 3
    endloop
  endfacet
  facet normal 0 0 1
    outer loop
      vertex 120.964 94.186 3
      vertex 124.536 94.186 3
      vertex 122.75 97.279 3
    endloop
  endfacet
  facet normal -0 0 1
    outer loop
      vertex 122.75 97.279 3
      vertex 124.536 94.186 3
      vertex 126.214 99.279 3
    endloop
  endfacet
  facet normal 0 0 1
    outer loop
      vertex 129.786 81.093 3
      vertex 126.214 81.093 3
      vertex 128 78 3
    endloop
  endfacet
  facet normal 0 0 1
    outer loop
      vertex 126.214 81.093 3
      vertex 124.536 76 3
      vertex 128 78 3
    endloop
  endfacet
  facet normal 0 0 1
    outer loop
      vertex 120.964 76 3
      vertex 124.536 76 3
      vertex 122.75 79.093 3
    endloop
  endfacet
  facet normal -0 0 1
    outer loop
      vertex 122.75 79.093 3
      vertex 124.536 76 3
      vertex 126.214 81.093 3
    endloop
  endfacet
  facet normal 0 0 1
    outer loop
      vertex 129.786 62.907 3
      vertex 126.214 62.907 3
      vertex 128 59.814 3
    endloop
  endfacet
  facet normal 0 0 1
    outer loop
      vertex 126.214 62.907 3
      vertex 124.536 57.814 3
      vertex 128 59.814 3
    endloop
  endfacet
  facet normal 0 0 1
    outer loop
      vertex 120.964 57.814 3
      vertex 124.536 57.814 3
      vertex 122.75 60.907 3
    endloop
  endfacet
  facet normal -0 0 1
    outer loop
      vertex 122.75 60.907 3
      vertex 124.536 57.814 3
      vertex 126.214 62.907 3
    endloop
  endfacet
  facet normal 0 0 1
    outer loop
      vertex 129.786 44.721 3
      vertex 126.214 44.721 3
      vertex 128 41.628 3
    endloop
  endfacet
  facet normal 0 0 1
    outer loop
      vertex 126.214 44.721 3
      vertex 124.536 39.628 3
      vertex 128 41.628 3
    endloop
  endfacet
  facet normal 0 0 1
    outer loop
      vertex 120.964 39.628 3
      vertex 124.536 39.628 3
      vertex 122.75 42.721 3
    endloop
  endfacet
  facet normal -0 0 1
    outer loop
      vertex 122.75 42.721 3
      vertex 124.536 39.628 3
      vertex 126.214 44.721 3
    endloop
  endfacet
  facet normal 0 0 1
    outer loop
      vertex 129.786 26.535 3
      vertex 126.214 26.535 3
      vertex 128 23.442 3
    endloop
  endfacet
  facet normal 0 0 1
    outer loop
      vertex 126.214 26.535 3
      vertex 124.536 21.442 3
      vertex 128 23.442 3
    endloop
  endfacet
  facet normal -0 0 1
    outer loop
      vertex 120.964 21.442 3
      vertex 124.536 17.442 3
      vertex 124.536 21.442 3
    endloop
  endfacet
  facet normal -0 0 1
    outer loop
      vertex 122.75 24.535 3
      vertex 124.536 21.442 3
      vertex 126.214 26.535 3
    endloop
  endfacet
  facet normal 0 0 1
    outer loop
      vertex 120.964 21.442 3
      vertex 124.536 21.442 3
      vertex 122.75 24.535 3
    endloop
  endfacet
  facet normal 0 0 1
    outer loop
      vertex 120.964 17.442 3
      vertex 124.536 17.442 3
      vertex 120.964 21.442 3
    endloop
  endfacet
  facet normal 0 0 1
    outer loop
      vertex 124.536 17.442 3
      vertex 122.75 14.349 3
      vertex 123.354 14 3
    endloop
  endfacet
  facet normal 0 0 1
    outer loop
      vertex 124.536 17.442 3
      vertex 120.964 17.442 3
      vertex 122.75 14.349 3
    endloop
  endfacet
  facet normal 0 0 1
    outer loop
      vertex 119.286 26.535 3
      vertex 120.964 21.442 3
      vertex 122.75 24.535 3
    endloop
  endfacet
  facet normal 0 0 1
    outer loop
      vertex 119.286 26.535 3
      vertex 117.5 23.442 3
      vertex 120.964 21.442 3
    endloop
  endfacet
  facet normal 0 0 1
    outer loop
      vertex 119.286 30.535 3
      vertex 115.714 30.535 3
      vertex 119.286 26.535 3
    endloop
  endfacet
  facet normal 0 0 1
    outer loop
      vertex 115.714 26.535 3
      vertex 119.286 26.535 3
      vertex 115.714 30.535 3
    endloop
  endfacet
  facet normal 0 0 1
    outer loop
      vertex 114.036 35.628 3
      vertex 115.714 30.535 3
      vertex 117.5 33.628 3
    endloop
  endfacet
  facet normal 0 0 1
    outer loop
      vertex 114.036 35.628 3
      vertex 112.25 32.535 3
      vertex 115.714 30.535 3
    endloop
  endfacet
  facet normal 0 0 1
    outer loop
      vertex 114.036 39.628 3
      vertex 110.464 39.628 3
      vertex 114.036 35.628 3
    endloop
  endfacet
  facet normal 0 0 1
    outer loop
      vertex 110.464 35.628 3
      vertex 114.036 35.628 3
      vertex 110.464 39.628 3
    endloop
  endfacet
  facet normal 0 0 1
    outer loop
      vertex 108.786 44.721 3
      vertex 110.464 39.628 3
      vertex 112.25 42.721 3
    endloop
  endfacet
  facet normal 0 0 1
    outer loop
      vertex 108.786 44.721 3
      vertex 107 41.628 3
      vertex 110.464 39.628 3
    endloop
  endfacet
  facet normal 0 0 1
    outer loop
      vertex 108.786 48.721 3
      vertex 105.214 48.721 3
      vertex 108.786 44.721 3
    endloop
  endfacet
  facet normal 0 0 1
    outer loop
      vertex 105.214 44.721 3
      vertex 108.786 44.721 3
      vertex 105.214 48.721 3
    endloop
  endfacet
  facet normal 0 0 1
    outer loop
      vertex 103.536 53.814 3
      vertex 105.214 48.721 3
      vertex 107 51.814 3
    endloop
  endfacet
  facet normal 0 0 1
    outer loop
      vertex 103.536 53.814 3
      vertex 101.75 50.721 3
      vertex 105.214 48.721 3
    endloop
  endfacet
  facet normal 0 0 1
    outer loop
      vertex 103.536 57.814 3
      vertex 99.9641 57.814 3
      vertex 103.536 53.814 3
    endloop
  endfacet
  facet normal 0 0 1
    outer loop
      vertex 99.9641 53.814 3
      vertex 103.536 53.814 3
      vertex 99.9641 57.814 3
    endloop
  endfacet
  facet normal 0 0 1
    outer loop
      vertex 98.2859 62.907 3
      vertex 99.9641 57.814 3
      vertex 101.75 60.907 3
    endloop
  endfacet
  facet normal 0 0 1
    outer loop
      vertex 98.2859 62.907 3
      vertex 96.5 59.814 3
      vertex 99.9641 57.814 3
    endloop
  endfacet
  facet normal 0 0 1
    outer loop
      vertex 98.2859 66.907 3
      vertex 94.7141 66.907 3
      vertex 98.2859 62.907 3
    endloop
  endfacet
  facet normal 0 0 1
    outer loop
      vertex 94.7141 62.907 3
      vertex 98.2859 62.907 3
      vertex 94.7141 66.907 3
    endloop
  endfacet
  facet normal 0 0 1
    outer loop
      vertex 93.0359 72 3
      vertex 94.7141 66.907 3
      vertex 96.5 70 3
    endloop
  endfacet
  facet normal 0 0 1
    outer loop
      vertex 93.0359 72 3
      vertex 91.25 68.907 3
      vertex 94.7141 66.907 3
    endloop
  endfacet
  facet normal 0 0 1
    outer loop
      vertex 93.0359 76 3
      vertex 89.4641 76 3
      vertex 93.0359 72 3
    endloop
  endfacet
  facet normal 0 0 1
    outer loop
      vertex 89.4641 72 3
      vertex 93.0359 72 3
      vertex 89.4641 76 3
    endloop
  endfacet
  facet normal 0 0 1
    outer loop
      vertex 87.7859 81.093 3
      vertex 89.4641 76 3
      vertex 91.25 79.093 3
    endloop
  endfacet
  facet normal 0 0 1
    outer loop
      vertex 87.7859 81.093 3
      vertex 86 78 3
      vertex 89.4641 76 3
    endloop
  endfacet
  facet normal 0 0 1
    outer loop
      vertex 87.7859 85.093 3
      vertex 84.2141 85.093 3
      vertex 87.7859 81.093 3
    endloop
  endfacet
  facet normal 0 0 1
    outer loop
      vertex 84.2141 81.093 3
      vertex 87.7859 81.093 3
      vertex 84.2141 85.093 3
    endloop
  endfacet
  facet normal 0 0 1
    outer loop
      vertex 84 85.2166 3
      vertex 86 88.186 3
      vertex 84 89.3407 3
    endloop
  endfacet
  facet normal 0 0 1
    outer loop
      vertex 86 88.186 3
      vertex 84 85.2166 3
      vertex 84.2141 85.093 3
    endloop
  endfacet
  facet normal 0 0 1
    outer loop
      vertex 135.036 126.558 3
      vertex 131.464 126.558 3
      vertex 133.25 123.465 3
    endloop
  endfacet
  facet normal 0 0 1
    outer loop
      vertex 131.464 126.558 3
      vertex 129.786 121.465 3
      vertex 133.25 123.465 3
    endloop
  endfacet
  facet normal 0 0 1
    outer loop
      vertex 126.214 121.465 3
      vertex 129.786 121.465 3
      vertex 128 124.558 3
    endloop
  endfacet
  facet normal -0 0 1
    outer loop
      vertex 128 124.558 3
      vertex 129.786 121.465 3
      vertex 131.464 126.558 3
    endloop
  endfacet
  facet normal 0 0 1
    outer loop
      vertex 135.036 108.372 3
      vertex 131.464 108.372 3
      vertex 133.25 105.279 3
    endloop
  endfacet
  facet normal 0 0 1
    outer loop
      vertex 131.464 108.372 3
      vertex 129.786 103.279 3
      vertex 133.25 105.279 3
    endloop
  endfacet
  facet normal 0 0 1
    outer loop
      vertex 126.214 103.279 3
      vertex 129.786 103.279 3
      vertex 128 106.372 3
    endloop
  endfacet
  facet normal -0 0 1
    outer loop
      vertex 128 106.372 3
      vertex 129.786 103.279 3
      vertex 131.464 108.372 3
    endloop
  endfacet
  facet normal 0 0 1
    outer loop
      vertex 135.036 90.186 3
      vertex 131.464 90.186 3
      vertex 133.25 87.093 3
    endloop
  endfacet
  facet normal 0 0 1
    outer loop
      vertex 131.464 90.186 3
      vertex 129.786 85.093 3
      vertex 133.25 87.093 3
    endloop
  endfacet
  facet normal 0 0 1
    outer loop
      vertex 126.214 85.093 3
      vertex 129.786 85.093 3
      vertex 128 88.186 3
    endloop
  endfacet
  facet normal -0 0 1
    outer loop
      vertex 128 88.186 3
      vertex 129.786 85.093 3
      vertex 131.464 90.186 3
    endloop
  endfacet
  facet normal 0 0 1
    outer loop
      vertex 135.036 72 3
      vertex 131.464 72 3
      vertex 133.25 68.907 3
    endloop
  endfacet
  facet normal 0 0 1
    outer loop
      vertex 131.464 72 3
      vertex 129.786 66.907 3
      vertex 133.25 68.907 3
    endloop
  endfacet
  facet normal 0 0 1
    outer loop
      vertex 126.214 66.907 3
      vertex 129.786 66.907 3
      vertex 128 70 3
    endloop
  endfacet
  facet normal -0 0 1
    outer loop
      vertex 128 70 3
      vertex 129.786 66.907 3
      vertex 131.464 72 3
    endloop
  endfacet
  facet normal 0 0 1
    outer loop
      vertex 135.036 53.814 3
      vertex 131.464 53.814 3
      vertex 133.25 50.721 3
    endloop
  endfacet
  facet normal 0 0 1
    outer loop
      vertex 131.464 53.814 3
      vertex 129.786 48.721 3
      vertex 133.25 50.721 3
    endloop
  endfacet
  facet normal 0 0 1
    outer loop
      vertex 126.214 48.721 3
      vertex 129.786 48.721 3
      vertex 128 51.814 3
    endloop
  endfacet
  facet normal -0 0 1
    outer loop
      vertex 128 51.814 3
      vertex 129.786 48.721 3
      vertex 131.464 53.814 3
    endloop
  endfacet
  facet normal 0 0 1
    outer loop
      vertex 135.036 35.628 3
      vertex 131.464 35.628 3
      vertex 133.25 32.535 3
    endloop
  endfacet
  facet normal 0 0 1
    outer loop
      vertex 131.464 35.628 3
      vertex 129.786 30.535 3
      vertex 133.25 32.535 3
    endloop
  endfacet
  facet normal 0 0 1
    outer loop
      vertex 126.214 30.535 3
      vertex 129.786 30.535 3
      vertex 128 33.628 3
    endloop
  endfacet
  facet normal -0 0 1
    outer loop
      vertex 128 33.628 3
      vertex 129.786 30.535 3
      vertex 131.464 35.628 3
    endloop
  endfacet
  facet normal 0 0 1
    outer loop
      vertex 140.286 135.651 3
      vertex 136.714 135.651 3
      vertex 138.5 132.558 3
    endloop
  endfacet
  facet normal 0 0 1
    outer loop
      vertex 136.714 135.651 3
      vertex 135.036 130.558 3
      vertex 138.5 132.558 3
    endloop
  endfacet
  facet normal 0 0 1
    outer loop
      vertex 131.464 130.558 3
      vertex 135.036 130.558 3
      vertex 133.25 133.651 3
    endloop
  endfacet
  facet normal -0 0 1
    outer loop
      vertex 133.25 133.651 3
      vertex 135.036 130.558 3
      vertex 136.714 135.651 3
    endloop
  endfacet
  facet normal 0 0 1
    outer loop
      vertex 140.286 117.465 3
      vertex 136.714 117.465 3
      vertex 138.5 114.372 3
    endloop
  endfacet
  facet normal 0 0 1
    outer loop
      vertex 136.714 117.465 3
      vertex 135.036 112.372 3
      vertex 138.5 114.372 3
    endloop
  endfacet
  facet normal 0 0 1
    outer loop
      vertex 131.464 112.372 3
      vertex 135.036 112.372 3
      vertex 133.25 115.465 3
    endloop
  endfacet
  facet normal -0 0 1
    outer loop
      vertex 133.25 115.465 3
      vertex 135.036 112.372 3
      vertex 136.714 117.465 3
    endloop
  endfacet
  facet normal 0 0 1
    outer loop
      vertex 140.286 99.279 3
      vertex 136.714 99.279 3
      vertex 138.5 96.186 3
    endloop
  endfacet
  facet normal 0 0 1
    outer loop
      vertex 136.714 99.279 3
      vertex 135.036 94.186 3
      vertex 138.5 96.186 3
    endloop
  endfacet
  facet normal 0 0 1
    outer loop
      vertex 131.464 94.186 3
      vertex 135.036 94.186 3
      vertex 133.25 97.279 3
    endloop
  endfacet
  facet normal -0 0 1
    outer loop
      vertex 133.25 97.279 3
      vertex 135.036 94.186 3
      vertex 136.714 99.279 3
    endloop
  endfacet
  facet normal 0 0 1
    outer loop
      vertex 140.286 81.093 3
      vertex 136.714 81.093 3
      vertex 138.5 78 3
    endloop
  endfacet
  facet normal 0 0 1
    outer loop
      vertex 136.714 81.093 3
      vertex 135.036 76 3
      vertex 138.5 78 3
    endloop
  endfacet
  facet normal 0 0 1
    outer loop
      vertex 131.464 76 3
      vertex 135.036 76 3
      vertex 133.25 79.093 3
    endloop
  endfacet
  facet normal -0 0 1
    outer loop
      vertex 133.25 79.093 3
      vertex 135.036 76 3
      vertex 136.714 81.093 3
    endloop
  endfacet
  facet normal 0 0 1
    outer loop
      vertex 140.286 62.907 3
      vertex 136.714 62.907 3
      vertex 138.5 59.814 3
    endloop
  endfacet
  facet normal 0 0 1
    outer loop
      vertex 136.714 62.907 3
      vertex 135.036 57.814 3
      vertex 138.5 59.814 3
    endloop
  endfacet
  facet normal 0 0 1
    outer loop
      vertex 131.464 57.814 3
      vertex 135.036 57.814 3
      vertex 133.25 60.907 3
    endloop
  endfacet
  facet normal -0 0 1
    outer loop
      vertex 133.25 60.907 3
      vertex 135.036 57.814 3
      vertex 136.714 62.907 3
    endloop
  endfacet
  facet normal 0 0 1
    outer loop
      vertex 140.286 44.721 3
      vertex 136.714 44.721 3
      vertex 138.5 41.628 3
    endloop
  endfacet
  facet normal 0 0 1
    outer loop
      vertex 136.714 44.721 3
      vertex 135.036 39.628 3
      vertex 138.5 41.628 3
    endloop
  endfacet
  facet normal 0 0 1
    outer loop
      vertex 131.464 39.628 3
      vertex 135.036 39.628 3
      vertex 133.25 42.721 3
    endloop
  endfacet
  facet normal -0 0 1
    outer loop
      vertex 133.25 42.721 3
      vertex 135.036 39.628 3
      vertex 136.714 44.721 3
    endloop
  endfacet
  facet normal 0 0 1
    outer loop
      vertex 140.286 26.535 3
      vertex 136.714 26.535 3
      vertex 138.5 23.442 3
    endloop
  endfacet
  facet normal 0 0 1
    outer loop
      vertex 136.714 26.535 3
      vertex 135.036 21.442 3
      vertex 138.5 23.442 3
    endloop
  endfacet
  facet normal -0 0 1
    outer loop
      vertex 131.464 21.442 3
      vertex 135.036 17.442 3
      vertex 135.036 21.442 3
    endloop
  endfacet
  facet normal -0 0 1
    outer loop
      vertex 133.25 24.535 3
      vertex 135.036 21.442 3
      vertex 136.714 26.535 3
    endloop
  endfacet
  facet normal 0 0 1
    outer loop
      vertex 131.464 21.442 3
      vertex 135.036 21.442 3
      vertex 133.25 24.535 3
    endloop
  endfacet
  facet normal 0 0 1
    outer loop
      vertex 131.464 17.442 3
      vertex 135.036 17.442 3
      vertex 131.464 21.442 3
    endloop
  endfacet
  facet normal 0 0 1
    outer loop
      vertex 135.036 17.442 3
      vertex 133.25 14.349 3
      vertex 133.854 14 3
    endloop
  endfacet
  facet normal 0 0 1
    outer loop
      vertex 135.036 17.442 3
      vertex 131.464 17.442 3
      vertex 133.25 14.349 3
    endloop
  endfacet
  facet normal 0 0 1
    outer loop
      vertex 129.786 26.535 3
      vertex 131.464 21.442 3
      vertex 133.25 24.535 3
    endloop
  endfacet
  facet normal 0 0 1
    outer loop
      vertex 129.786 26.535 3
      vertex 128 23.442 3
      vertex 131.464 21.442 3
    endloop
  endfacet
  facet normal 0 0 1
    outer loop
      vertex 129.786 30.535 3
      vertex 126.214 30.535 3
      vertex 129.786 26.535 3
    endloop
  endfacet
  facet normal 0 0 1
    outer loop
      vertex 126.214 26.535 3
      vertex 129.786 26.535 3
      vertex 126.214 30.535 3
    endloop
  endfacet
  facet normal 0 0 1
    outer loop
      vertex 124.536 35.628 3
      vertex 126.214 30.535 3
      vertex 128 33.628 3
    endloop
  endfacet
  facet normal 0 0 1
    outer loop
      vertex 124.536 35.628 3
      vertex 122.75 32.535 3
      vertex 126.214 30.535 3
    endloop
  endfacet
  facet normal 0 0 1
    outer loop
      vertex 124.536 39.628 3
      vertex 120.964 39.628 3
      vertex 124.536 35.628 3
    endloop
  endfacet
  facet normal 0 0 1
    outer loop
      vertex 120.964 35.628 3
      vertex 124.536 35.628 3
      vertex 120.964 39.628 3
    endloop
  endfacet
  facet normal 0 0 1
    outer loop
      vertex 119.286 44.721 3
      vertex 120.964 39.628 3
      vertex 122.75 42.721 3
    endloop
  endfacet
  facet normal 0 0 1
    outer loop
      vertex 119.286 44.721 3
      vertex 117.5 41.628 3
      vertex 120.964 39.628 3
    endloop
  endfacet
  facet normal 0 0 1
    outer loop
      vertex 119.286 48.721 3
      vertex 115.714 48.721 3
      vertex 119.286 44.721 3
    endloop
  endfacet
  facet normal 0 0 1
    outer loop
      vertex 115.714 44.721 3
      vertex 119.286 44.721 3
      vertex 115.714 48.721 3
    endloop
  endfacet
  facet normal 0 0 1
    outer loop
      vertex 114.036 53.814 3
      vertex 115.714 48.721 3
      vertex 117.5 51.814 3
    endloop
  endfacet
  facet normal 0 0 1
    outer loop
      vertex 114.036 53.814 3
      vertex 112.25 50.721 3
      vertex 115.714 48.721 3
    endloop
  endfacet
  facet normal 0 0 1
    outer loop
      vertex 114.036 57.814 3
      vertex 110.464 57.814 3
      vertex 114.036 53.814 3
    endloop
  endfacet
  facet normal 0 0 1
    outer loop
      vertex 110.464 53.814 3
      vertex 114.036 53.814 3
      vertex 110.464 57.814 3
    endloop
  endfacet
  facet normal 0 0 1
    outer loop
      vertex 108.786 62.907 3
      vertex 110.464 57.814 3
      vertex 112.25 60.907 3
    endloop
  endfacet
  facet normal 0 0 1
    outer loop
      vertex 108.786 62.907 3
      vertex 107 59.814 3
      vertex 110.464 57.814 3
    endloop
  endfacet
  facet normal 0 0 1
    outer loop
      vertex 108.786 66.907 3
      vertex 105.214 66.907 3
      vertex 108.786 62.907 3
    endloop
  endfacet
  facet normal 0 0 1
    outer loop
      vertex 105.214 62.907 3
      vertex 108.786 62.907 3
      vertex 105.214 66.907 3
    endloop
  endfacet
  facet normal 0 0 1
    outer loop
      vertex 103.536 72 3
      vertex 105.214 66.907 3
      vertex 107 70 3
    endloop
  endfacet
  facet normal 0 0 1
    outer loop
      vertex 103.536 72 3
      vertex 101.75 68.907 3
      vertex 105.214 66.907 3
    endloop
  endfacet
  facet normal 0 0 1
    outer loop
      vertex 103.536 76 3
      vertex 99.9641 76 3
      vertex 103.536 72 3
    endloop
  endfacet
  facet normal 0 0 1
    outer loop
      vertex 99.9641 72 3
      vertex 103.536 72 3
      vertex 99.9641 76 3
    endloop
  endfacet
  facet normal 0 0 1
    outer loop
      vertex 98.2859 81.093 3
      vertex 99.9641 76 3
      vertex 101.75 79.093 3
    endloop
  endfacet
  facet normal 0 0 1
    outer loop
      vertex 98.2859 81.093 3
      vertex 96.5 78 3
      vertex 99.9641 76 3
    endloop
  endfacet
  facet normal 0 0 1
    outer loop
      vertex 98.2859 85.093 3
      vertex 94.7141 85.093 3
      vertex 98.2859 81.093 3
    endloop
  endfacet
  facet normal 0 0 1
    outer loop
      vertex 94.7141 81.093 3
      vertex 98.2859 81.093 3
      vertex 94.7141 85.093 3
    endloop
  endfacet
  facet normal 0 0 1
    outer loop
      vertex 93.0359 90.186 3
      vertex 94.7141 85.093 3
      vertex 96.5 88.186 3
    endloop
  endfacet
  facet normal 0 0 1
    outer loop
      vertex 93.0359 90.186 3
      vertex 91.25 87.093 3
      vertex 94.7141 85.093 3
    endloop
  endfacet
  facet normal 0 0 1
    outer loop
      vertex 93.0359 94.186 3
      vertex 89.4641 94.186 3
      vertex 93.0359 90.186 3
    endloop
  endfacet
  facet normal 0 0 1
    outer loop
      vertex 89.4641 90.186 3
      vertex 93.0359 90.186 3
      vertex 89.4641 94.186 3
    endloop
  endfacet
  facet normal 0 0 1
    outer loop
      vertex 87.7859 99.279 3
      vertex 89.4641 94.186 3
      vertex 91.25 97.279 3
    endloop
  endfacet
  facet normal 0 0 1
    outer loop
      vertex 87.7859 99.279 3
      vertex 86 96.186 3
      vertex 89.4641 94.186 3
    endloop
  endfacet
  facet normal 0 0 1
    outer loop
      vertex 87.7859 103.279 3
      vertex 84.2141 103.279 3
      vertex 87.7859 99.279 3
    endloop
  endfacet
  facet normal 0 0 1
    outer loop
      vertex 84.2141 99.279 3
      vertex 87.7859 99.279 3
      vertex 84.2141 103.279 3
    endloop
  endfacet
  facet normal 0 0 1
    outer loop
      vertex 84 103.403 3
      vertex 86 106.372 3
      vertex 84 107.527 3
    endloop
  endfacet
  facet normal 0 0 1
    outer loop
      vertex 86 106.372 3
      vertex 84 103.403 3
      vertex 84.2141 103.279 3
    endloop
  endfacet
  facet normal 0 0 1
    outer loop
      vertex 145.536 126.558 3
      vertex 141.964 126.558 3
      vertex 143.75 123.465 3
    endloop
  endfacet
  facet normal 0 0 1
    outer loop
      vertex 141.964 126.558 3
      vertex 140.286 121.465 3
      vertex 143.75 123.465 3
    endloop
  endfacet
  facet normal 0 0 1
    outer loop
      vertex 136.714 121.465 3
      vertex 140.286 121.465 3
      vertex 138.5 124.558 3
    endloop
  endfacet
  facet normal -0 0 1
    outer loop
      vertex 138.5 124.558 3
      vertex 140.286 121.465 3
      vertex 141.964 126.558 3
    endloop
  endfacet
  facet normal 0 0 1
    outer loop
      vertex 145.536 108.372 3
      vertex 141.964 108.372 3
      vertex 143.75 105.279 3
    endloop
  endfacet
  facet normal 0 0 1
    outer loop
      vertex 141.964 108.372 3
      vertex 140.286 103.279 3
      vertex 143.75 105.279 3
    endloop
  endfacet
  facet normal 0 0 1
    outer loop
      vertex 136.714 103.279 3
      vertex 140.286 103.279 3
      vertex 138.5 106.372 3
    endloop
  endfacet
  facet normal -0 0 1
    outer loop
      vertex 138.5 106.372 3
      vertex 140.286 103.279 3
      vertex 141.964 108.372 3
    endloop
  endfacet
  facet normal 0 0 1
    outer loop
      vertex 145.536 90.186 3
      vertex 141.964 90.186 3
      vertex 143.75 87.093 3
    endloop
  endfacet
  facet normal 0 0 1
    outer loop
      vertex 141.964 90.186 3
      vertex 140.286 85.093 3
      vertex 143.75 87.093 3
    endloop
  endfacet
  facet normal 0 0 1
    outer loop
      vertex 136.714 85.093 3
      vertex 140.286 85.093 3
      vertex 138.5 88.186 3
    endloop
  endfacet
  facet normal -0 0 1
    outer loop
      vertex 138.5 88.186 3
      vertex 140.286 85.093 3
      vertex 141.964 90.186 3
    endloop
  endfacet
  facet normal 0 0 1
    outer loop
      vertex 145.536 72 3
      vertex 141.964 72 3
      vertex 143.75 68.907 3
    endloop
  endfacet
  facet normal 0 0 1
    outer loop
      vertex 141.964 72 3
      vertex 140.286 66.907 3
      vertex 143.75 68.907 3
    endloop
  endfacet
  facet normal 0 0 1
    outer loop
      vertex 136.714 66.907 3
      vertex 140.286 66.907 3
      vertex 138.5 70 3
    endloop
  endfacet
  facet normal -0 0 1
    outer loop
      vertex 138.5 70 3
      vertex 140.286 66.907 3
      vertex 141.964 72 3
    endloop
  endfacet
  facet normal 0 0 1
    outer loop
      vertex 145.536 53.814 3
      vertex 141.964 53.814 3
      vertex 143.75 50.721 3
    endloop
  endfacet
  facet normal 0 0 1
    outer loop
      vertex 141.964 53.814 3
      vertex 140.286 48.721 3
      vertex 143.75 50.721 3
    endloop
  endfacet
  facet normal 0 0 1
    outer loop
      vertex 136.714 48.721 3
      vertex 140.286 48.721 3
      vertex 138.5 51.814 3
    endloop
  endfacet
  facet normal -0 0 1
    outer loop
      vertex 138.5 51.814 3
      vertex 140.286 48.721 3
      vertex 141.964 53.814 3
    endloop
  endfacet
  facet normal 0 0 1
    outer loop
      vertex 145.536 35.628 3
      vertex 141.964 35.628 3
      vertex 143.75 32.535 3
    endloop
  endfacet
  facet normal 0 0 1
    outer loop
      vertex 141.964 35.628 3
      vertex 140.286 30.535 3
      vertex 143.75 32.535 3
    endloop
  endfacet
  facet normal 0 0 1
    outer loop
      vertex 136.714 30.535 3
      vertex 140.286 30.535 3
      vertex 138.5 33.628 3
    endloop
  endfacet
  facet normal -0 0 1
    outer loop
      vertex 138.5 33.628 3
      vertex 140.286 30.535 3
      vertex 141.964 35.628 3
    endloop
  endfacet
  facet normal 0 0 1
    outer loop
      vertex 145.015 133.349 3
      vertex 143.75 133.651 3
      vertex 145 133 3
    endloop
  endfacet
  facet normal 0 0 1
    outer loop
      vertex 145.061 133.695 3
      vertex 143.75 133.651 3
      vertex 145.015 133.349 3
    endloop
  endfacet
  facet normal 0 0 1
    outer loop
      vertex 145.136 134.035 3
      vertex 143.75 133.651 3
      vertex 145.061 133.695 3
    endloop
  endfacet
  facet normal 0 0 1
    outer loop
      vertex 145.241 134.368 3
      vertex 143.75 133.651 3
      vertex 145.136 134.035 3
    endloop
  endfacet
  facet normal 0 0 1
    outer loop
      vertex 143.75 133.651 3
      vertex 145.241 134.368 3
      vertex 145.32 134.557 3
    endloop
  endfacet
  facet normal 0 0 1
    outer loop
      vertex 145.723 130.706 3
      vertex 145.536 130.558 3
      vertex 145.744 130.678 3
    endloop
  endfacet
  facet normal 0 0 1
    outer loop
      vertex 145.536 131 3
      vertex 145.536 130.558 3
      vertex 145.723 130.706 3
    endloop
  endfacet
  facet normal 0 0 1
    outer loop
      vertex 145.375 131.31 3
      vertex 145.536 130.558 3
      vertex 145.536 131 3
    endloop
  endfacet
  facet normal 0 0 1
    outer loop
      vertex 145.536 130.558 3
      vertex 145.375 131.31 3
      vertex 141.964 130.558 3
    endloop
  endfacet
  facet normal 0 0 1
    outer loop
      vertex 150.786 117.465 3
      vertex 147.214 117.465 3
      vertex 149 114.372 3
    endloop
  endfacet
  facet normal 0 0 1
    outer loop
      vertex 147.214 117.465 3
      vertex 145.536 112.372 3
      vertex 149 114.372 3
    endloop
  endfacet
  facet normal 0 0 1
    outer loop
      vertex 141.964 112.372 3
      vertex 145.536 112.372 3
      vertex 143.75 115.465 3
    endloop
  endfacet
  facet normal -0 0 1
    outer loop
      vertex 143.75 115.465 3
      vertex 145.536 112.372 3
      vertex 147.214 117.465 3
    endloop
  endfacet
  facet normal 0 0 1
    outer loop
      vertex 150.786 99.279 3
      vertex 147.214 99.279 3
      vertex 149 96.186 3
    endloop
  endfacet
  facet normal 0 0 1
    outer loop
      vertex 147.214 99.279 3
      vertex 145.536 94.186 3
      vertex 149 96.186 3
    endloop
  endfacet
  facet normal 0 0 1
    outer loop
      vertex 141.964 94.186 3
      vertex 145.536 94.186 3
      vertex 143.75 97.279 3
    endloop
  endfacet
  facet normal -0 0 1
    outer loop
      vertex 143.75 97.279 3
      vertex 145.536 94.186 3
      vertex 147.214 99.279 3
    endloop
  endfacet
  facet normal 0 0 1
    outer loop
      vertex 150.786 81.093 3
      vertex 147.214 81.093 3
      vertex 149 78 3
    endloop
  endfacet
  facet normal 0 0 1
    outer loop
      vertex 147.214 81.093 3
      vertex 145.536 76 3
      vertex 149 78 3
    endloop
  endfacet
  facet normal 0 0 1
    outer loop
      vertex 141.964 76 3
      vertex 145.536 76 3
      vertex 143.75 79.093 3
    endloop
  endfacet
  facet normal -0 0 1
    outer loop
      vertex 143.75 79.093 3
      vertex 145.536 76 3
      vertex 147.214 81.093 3
    endloop
  endfacet
  facet normal 0 0 1
    outer loop
      vertex 150.786 62.907 3
      vertex 147.214 62.907 3
      vertex 149 59.814 3
    endloop
  endfacet
  facet normal 0 0 1
    outer loop
      vertex 147.214 62.907 3
      vertex 145.536 57.814 3
      vertex 149 59.814 3
    endloop
  endfacet
  facet normal 0 0 1
    outer loop
      vertex 141.964 57.814 3
      vertex 145.536 57.814 3
      vertex 143.75 60.907 3
    endloop
  endfacet
  facet normal -0 0 1
    outer loop
      vertex 143.75 60.907 3
      vertex 145.536 57.814 3
      vertex 147.214 62.907 3
    endloop
  endfacet
  facet normal 0 0 1
    outer loop
      vertex 150.786 44.721 3
      vertex 147.214 44.721 3
      vertex 149 41.628 3
    endloop
  endfacet
  facet normal 0 0 1
    outer loop
      vertex 147.214 44.721 3
      vertex 145.536 39.628 3
      vertex 149 41.628 3
    endloop
  endfacet
  facet normal 0 0 1
    outer loop
      vertex 141.964 39.628 3
      vertex 145.536 39.628 3
      vertex 143.75 42.721 3
    endloop
  endfacet
  facet normal -0 0 1
    outer loop
      vertex 143.75 42.721 3
      vertex 145.536 39.628 3
      vertex 147.214 44.721 3
    endloop
  endfacet
  facet normal 0 0 1
    outer loop
      vertex 150.786 26.535 3
      vertex 147.214 26.535 3
      vertex 149 23.442 3
    endloop
  endfacet
  facet normal 0 0 1
    outer loop
      vertex 147.214 26.535 3
      vertex 145.536 21.442 3
      vertex 149 23.442 3
    endloop
  endfacet
  facet normal -0 0 1
    outer loop
      vertex 141.964 21.442 3
      vertex 145.536 17.442 3
      vertex 145.536 21.442 3
    endloop
  endfacet
  facet normal 0 0 1
    outer loop
      vertex 141.964 17.442 3
      vertex 145.536 17.442 3
      vertex 141.964 21.442 3
    endloop
  endfacet
  facet normal 0 0 1
    outer loop
      vertex 145.536 17.442 3
      vertex 145.375 16.6905 3
      vertex 145.536 17 3
    endloop
  endfacet
  facet normal -0 0 1
    outer loop
      vertex 141.964 17.442 3
      vertex 145.375 16.6905 3
      vertex 145.536 17.442 3
    endloop
  endfacet
  facet normal 0 0 1
    outer loop
      vertex 145.375 16.6905 3
      vertex 141.964 17.442 3
      vertex 145.241 16.3681 3
    endloop
  endfacet
  facet normal 0 0 1
    outer loop
      vertex 141.964 17.442 3
      vertex 145.136 16.0353 3
      vertex 145.241 16.3681 3
    endloop
  endfacet
  facet normal 0 0 1
    outer loop
      vertex 143.75 14.349 3
      vertex 145 15 3
      vertex 145.015 15.3486 3
    endloop
  endfacet
  facet normal 0 0 1
    outer loop
      vertex 141.964 17.442 3
      vertex 145.061 15.6946 3
      vertex 145.136 16.0353 3
    endloop
  endfacet
  facet normal -0 0 1
    outer loop
      vertex 143.75 24.535 3
      vertex 145.536 21.442 3
      vertex 147.214 26.535 3
    endloop
  endfacet
  facet normal 0 0 1
    outer loop
      vertex 141.964 21.442 3
      vertex 145.536 21.442 3
      vertex 143.75 24.535 3
    endloop
  endfacet
  facet normal 0 0 1
    outer loop
      vertex 145.061 15.6946 3
      vertex 143.75 14.349 3
      vertex 145.015 15.3486 3
    endloop
  endfacet
  facet normal 0 0 1
    outer loop
      vertex 145.015 14.6514 3
      vertex 143.75 14.349 3
      vertex 144.354 14 3
    endloop
  endfacet
  facet normal 0 0 1
    outer loop
      vertex 145.061 15.6946 3
      vertex 141.964 17.442 3
      vertex 143.75 14.349 3
    endloop
  endfacet
  facet normal 0 0 1
    outer loop
      vertex 140.286 26.535 3
      vertex 141.964 21.442 3
      vertex 143.75 24.535 3
    endloop
  endfacet
  facet normal 0 0 1
    outer loop
      vertex 140.286 26.535 3
      vertex 138.5 23.442 3
      vertex 141.964 21.442 3
    endloop
  endfacet
  facet normal 0 0 1
    outer loop
      vertex 140.286 30.535 3
      vertex 136.714 30.535 3
      vertex 140.286 26.535 3
    endloop
  endfacet
  facet normal 0 0 1
    outer loop
      vertex 136.714 26.535 3
      vertex 140.286 26.535 3
      vertex 136.714 30.535 3
    endloop
  endfacet
  facet normal 0 0 1
    outer loop
      vertex 135.036 35.628 3
      vertex 136.714 30.535 3
      vertex 138.5 33.628 3
    endloop
  endfacet
  facet normal 0 0 1
    outer loop
      vertex 135.036 35.628 3
      vertex 133.25 32.535 3
      vertex 136.714 30.535 3
    endloop
  endfacet
  facet normal 0 0 1
    outer loop
      vertex 135.036 39.628 3
      vertex 131.464 39.628 3
      vertex 135.036 35.628 3
    endloop
  endfacet
  facet normal 0 0 1
    outer loop
      vertex 131.464 35.628 3
      vertex 135.036 35.628 3
      vertex 131.464 39.628 3
    endloop
  endfacet
  facet normal 0 0 1
    outer loop
      vertex 129.786 44.721 3
      vertex 131.464 39.628 3
      vertex 133.25 42.721 3
    endloop
  endfacet
  facet normal 0 0 1
    outer loop
      vertex 129.786 44.721 3
      vertex 128 41.628 3
      vertex 131.464 39.628 3
    endloop
  endfacet
  facet normal 0 0 1
    outer loop
      vertex 129.786 48.721 3
      vertex 126.214 48.721 3
      vertex 129.786 44.721 3
    endloop
  endfacet
  facet normal 0 0 1
    outer loop
      vertex 126.214 44.721 3
      vertex 129.786 44.721 3
      vertex 126.214 48.721 3
    endloop
  endfacet
  facet normal 0 0 1
    outer loop
      vertex 124.536 53.814 3
      vertex 126.214 48.721 3
      vertex 128 51.814 3
    endloop
  endfacet
  facet normal 0 0 1
    outer loop
      vertex 124.536 53.814 3
      vertex 122.75 50.721 3
      vertex 126.214 48.721 3
    endloop
  endfacet
  facet normal 0 0 1
    outer loop
      vertex 124.536 57.814 3
      vertex 120.964 57.814 3
      vertex 124.536 53.814 3
    endloop
  endfacet
  facet normal 0 0 1
    outer loop
      vertex 120.964 53.814 3
      vertex 124.536 53.814 3
      vertex 120.964 57.814 3
    endloop
  endfacet
  facet normal 0 0 1
    outer loop
      vertex 119.286 62.907 3
      vertex 120.964 57.814 3
      vertex 122.75 60.907 3
    endloop
  endfacet
  facet normal 0 0 1
    outer loop
      vertex 119.286 62.907 3
      vertex 117.5 59.814 3
      vertex 120.964 57.814 3
    endloop
  endfacet
  facet normal 0 0 1
    outer loop
      vertex 119.286 66.907 3
      vertex 115.714 66.907 3
      vertex 119.286 62.907 3
    endloop
  endfacet
  facet normal 0 0 1
    outer loop
      vertex 115.714 62.907 3
      vertex 119.286 62.907 3
      vertex 115.714 66.907 3
    endloop
  endfacet
  facet normal 0 0 1
    outer loop
      vertex 114.036 72 3
      vertex 115.714 66.907 3
      vertex 117.5 70 3
    endloop
  endfacet
  facet normal 0 0 1
    outer loop
      vertex 114.036 72 3
      vertex 112.25 68.907 3
      vertex 115.714 66.907 3
    endloop
  endfacet
  facet normal 0 0 1
    outer loop
      vertex 114.036 76 3
      vertex 110.464 76 3
      vertex 114.036 72 3
    endloop
  endfacet
  facet normal 0 0 1
    outer loop
      vertex 110.464 72 3
      vertex 114.036 72 3
      vertex 110.464 76 3
    endloop
  endfacet
  facet normal 0 0 1
    outer loop
      vertex 108.786 81.093 3
      vertex 110.464 76 3
      vertex 112.25 79.093 3
    endloop
  endfacet
  facet normal 0 0 1
    outer loop
      vertex 108.786 81.093 3
      vertex 107 78 3
      vertex 110.464 76 3
    endloop
  endfacet
  facet normal 0 0 1
    outer loop
      vertex 108.786 85.093 3
      vertex 105.214 85.093 3
      vertex 108.786 81.093 3
    endloop
  endfacet
  facet normal 0 0 1
    outer loop
      vertex 105.214 81.093 3
      vertex 108.786 81.093 3
      vertex 105.214 85.093 3
    endloop
  endfacet
  facet normal 0 0 1
    outer loop
      vertex 103.536 90.186 3
      vertex 105.214 85.093 3
      vertex 107 88.186 3
    endloop
  endfacet
  facet normal 0 0 1
    outer loop
      vertex 103.536 90.186 3
      vertex 101.75 87.093 3
      vertex 105.214 85.093 3
    endloop
  endfacet
  facet normal 0 0 1
    outer loop
      vertex 103.536 94.186 3
      vertex 99.9641 94.186 3
      vertex 103.536 90.186 3
    endloop
  endfacet
  facet normal 0 0 1
    outer loop
      vertex 99.9641 90.186 3
      vertex 103.536 90.186 3
      vertex 99.9641 94.186 3
    endloop
  endfacet
  facet normal 0 0 1
    outer loop
      vertex 98.2859 99.279 3
      vertex 99.9641 94.186 3
      vertex 101.75 97.279 3
    endloop
  endfacet
  facet normal 0 0 1
    outer loop
      vertex 98.2859 99.279 3
      vertex 96.5 96.186 3
      vertex 99.9641 94.186 3
    endloop
  endfacet
  facet normal 0 0 1
    outer loop
      vertex 98.2859 103.279 3
      vertex 94.7141 103.279 3
      vertex 98.2859 99.279 3
    endloop
  endfacet
  facet normal 0 0 1
    outer loop
      vertex 94.7141 99.279 3
      vertex 98.2859 99.279 3
      vertex 94.7141 103.279 3
    endloop
  endfacet
  facet normal 0 0 1
    outer loop
      vertex 93.0359 108.372 3
      vertex 94.7141 103.279 3
      vertex 96.5 106.372 3
    endloop
  endfacet
  facet normal 0 0 1
    outer loop
      vertex 93.0359 108.372 3
      vertex 91.25 105.279 3
      vertex 94.7141 103.279 3
    endloop
  endfacet
  facet normal 0 0 1
    outer loop
      vertex 93.0359 112.372 3
      vertex 89.4641 112.372 3
      vertex 93.0359 108.372 3
    endloop
  endfacet
  facet normal 0 0 1
    outer loop
      vertex 89.4641 108.372 3
      vertex 93.0359 108.372 3
      vertex 89.4641 112.372 3
    endloop
  endfacet
  facet normal 0 0 1
    outer loop
      vertex 87.7859 117.465 3
      vertex 89.4641 112.372 3
      vertex 91.25 115.465 3
    endloop
  endfacet
  facet normal 0 0 1
    outer loop
      vertex 87.7859 117.465 3
      vertex 86 114.372 3
      vertex 89.4641 112.372 3
    endloop
  endfacet
  facet normal 0 0 1
    outer loop
      vertex 87.7859 121.465 3
      vertex 84.2141 121.465 3
      vertex 87.7859 117.465 3
    endloop
  endfacet
  facet normal 0 0 1
    outer loop
      vertex 84.2141 117.465 3
      vertex 87.7859 117.465 3
      vertex 84.2141 121.465 3
    endloop
  endfacet
  facet normal 0 0 1
    outer loop
      vertex 84 121.589 3
      vertex 86 124.558 3
      vertex 84 125.713 3
    endloop
  endfacet
  facet normal 0 0 1
    outer loop
      vertex 86 124.558 3
      vertex 84 121.589 3
      vertex 84.2141 121.465 3
    endloop
  endfacet
  facet normal 0 0 1
    outer loop
      vertex 145.536 17.442 3
      vertex 145.723 17.2943 3
      vertex 145.744 17.3216 3
    endloop
  endfacet
  facet normal 0 0 1
    outer loop
      vertex 145.723 17.2943 3
      vertex 145.536 17.442 3
      vertex 145.536 17 3
    endloop
  endfacet
  facet normal -0 0 1
    outer loop
      vertex 152.277 130.706 3
      vertex 152.464 130.558 3
      vertex 152.464 131 3
    endloop
  endfacet
  facet normal 0 0 1
    outer loop
      vertex 152.464 130.558 3
      vertex 152.277 130.706 3
      vertex 152.256 130.678 3
    endloop
  endfacet
  facet normal 0 0 1
    outer loop
      vertex 152.939 132.305 3
      vertex 154.25 133.651 3
      vertex 152.985 132.651 3
    endloop
  endfacet
  facet normal 0 0 1
    outer loop
      vertex 152.864 131.965 3
      vertex 154.25 133.651 3
      vertex 152.939 132.305 3
    endloop
  endfacet
  facet normal 0 0 1
    outer loop
      vertex 152.759 131.632 3
      vertex 154.25 133.651 3
      vertex 152.864 131.965 3
    endloop
  endfacet
  facet normal 0 0 1
    outer loop
      vertex 156.036 130.558 3
      vertex 152.464 130.558 3
      vertex 156.036 126.558 3
    endloop
  endfacet
  facet normal 0 0 1
    outer loop
      vertex 156.036 130.558 3
      vertex 152.625 131.31 3
      vertex 152.464 130.558 3
    endloop
  endfacet
  facet normal 0 0 1
    outer loop
      vertex 152.464 130.558 3
      vertex 152.625 131.31 3
      vertex 152.464 131 3
    endloop
  endfacet
  facet normal 0 0 1
    outer loop
      vertex 152.464 126.558 3
      vertex 156.036 126.558 3
      vertex 152.464 130.558 3
    endloop
  endfacet
  facet normal 0 0 1
    outer loop
      vertex 156.036 126.558 3
      vertex 152.464 126.558 3
      vertex 154.25 123.465 3
    endloop
  endfacet
  facet normal 0 0 1
    outer loop
      vertex 152.464 126.558 3
      vertex 150.786 121.465 3
      vertex 154.25 123.465 3
    endloop
  endfacet
  facet normal 0 0 1
    outer loop
      vertex 147.214 121.465 3
      vertex 150.786 121.465 3
      vertex 149 124.558 3
    endloop
  endfacet
  facet normal -0 0 1
    outer loop
      vertex 149 124.558 3
      vertex 150.786 121.465 3
      vertex 152.464 126.558 3
    endloop
  endfacet
  facet normal 0 0 1
    outer loop
      vertex 156.036 108.372 3
      vertex 152.464 108.372 3
      vertex 154.25 105.279 3
    endloop
  endfacet
  facet normal 0 0 1
    outer loop
      vertex 152.464 108.372 3
      vertex 150.786 103.279 3
      vertex 154.25 105.279 3
    endloop
  endfacet
  facet normal 0 0 1
    outer loop
      vertex 147.214 103.279 3
      vertex 150.786 103.279 3
      vertex 149 106.372 3
    endloop
  endfacet
  facet normal -0 0 1
    outer loop
      vertex 149 106.372 3
      vertex 150.786 103.279 3
      vertex 152.464 108.372 3
    endloop
  endfacet
  facet normal 0 0 1
    outer loop
      vertex 156.036 90.186 3
      vertex 152.464 90.186 3
      vertex 154.25 87.093 3
    endloop
  endfacet
  facet normal 0 0 1
    outer loop
      vertex 152.464 90.186 3
      vertex 150.786 85.093 3
      vertex 154.25 87.093 3
    endloop
  endfacet
  facet normal 0 0 1
    outer loop
      vertex 147.214 85.093 3
      vertex 150.786 85.093 3
      vertex 149 88.186 3
    endloop
  endfacet
  facet normal -0 0 1
    outer loop
      vertex 149 88.186 3
      vertex 150.786 85.093 3
      vertex 152.464 90.186 3
    endloop
  endfacet
  facet normal 0 0 1
    outer loop
      vertex 156.036 72 3
      vertex 152.464 72 3
      vertex 154.25 68.907 3
    endloop
  endfacet
  facet normal 0 0 1
    outer loop
      vertex 152.464 72 3
      vertex 150.786 66.907 3
      vertex 154.25 68.907 3
    endloop
  endfacet
  facet normal 0 0 1
    outer loop
      vertex 147.214 66.907 3
      vertex 150.786 66.907 3
      vertex 149 70 3
    endloop
  endfacet
  facet normal -0 0 1
    outer loop
      vertex 149 70 3
      vertex 150.786 66.907 3
      vertex 152.464 72 3
    endloop
  endfacet
  facet normal 0 0 1
    outer loop
      vertex 156.036 53.814 3
      vertex 152.464 53.814 3
      vertex 154.25 50.721 3
    endloop
  endfacet
  facet normal 0 0 1
    outer loop
      vertex 152.464 53.814 3
      vertex 150.786 48.721 3
      vertex 154.25 50.721 3
    endloop
  endfacet
  facet normal 0 0 1
    outer loop
      vertex 147.214 48.721 3
      vertex 150.786 48.721 3
      vertex 149 51.814 3
    endloop
  endfacet
  facet normal -0 0 1
    outer loop
      vertex 149 51.814 3
      vertex 150.786 48.721 3
      vertex 152.464 53.814 3
    endloop
  endfacet
  facet normal 0 0 1
    outer loop
      vertex 156.036 35.628 3
      vertex 152.464 35.628 3
      vertex 154.25 32.535 3
    endloop
  endfacet
  facet normal 0 0 1
    outer loop
      vertex 152.464 35.628 3
      vertex 150.786 30.535 3
      vertex 154.25 32.535 3
    endloop
  endfacet
  facet normal 0 0 1
    outer loop
      vertex 147.214 30.535 3
      vertex 150.786 30.535 3
      vertex 149 33.628 3
    endloop
  endfacet
  facet normal -0 0 1
    outer loop
      vertex 149 33.628 3
      vertex 150.786 30.535 3
      vertex 152.464 35.628 3
    endloop
  endfacet
  facet normal 0 0 1
    outer loop
      vertex 156.036 17.442 3
      vertex 152.464 17.442 3
      vertex 152.625 16.6905 3
    endloop
  endfacet
  facet normal 0 0 1
    outer loop
      vertex 152.464 17.442 3
      vertex 152.464 17 3
      vertex 152.625 16.6905 3
    endloop
  endfacet
  facet normal 0 0 1
    outer loop
      vertex 152.464 17.442 3
      vertex 152.277 17.2943 3
      vertex 152.464 17 3
    endloop
  endfacet
  facet normal 0 -0 1
    outer loop
      vertex 152.277 17.2943 3
      vertex 152.464 17.442 3
      vertex 152.256 17.3216 3
    endloop
  endfacet
  facet normal 0 0 1
    outer loop
      vertex 161.286 135.651 3
      vertex 157.714 135.651 3
      vertex 159.5 132.558 3
    endloop
  endfacet
  facet normal 0 0 1
    outer loop
      vertex 157.714 135.651 3
      vertex 156.036 130.558 3
      vertex 159.5 132.558 3
    endloop
  endfacet
  facet normal -0 0 1
    outer loop
      vertex 152.759 131.632 3
      vertex 156.036 130.558 3
      vertex 154.25 133.651 3
    endloop
  endfacet
  facet normal -0 0 1
    outer loop
      vertex 154.25 133.651 3
      vertex 156.036 130.558 3
      vertex 157.714 135.651 3
    endloop
  endfacet
  facet normal 0 0 1
    outer loop
      vertex 161.286 117.465 3
      vertex 157.714 117.465 3
      vertex 159.5 114.372 3
    endloop
  endfacet
  facet normal 0 0 1
    outer loop
      vertex 157.714 117.465 3
      vertex 156.036 112.372 3
      vertex 159.5 114.372 3
    endloop
  endfacet
  facet normal 0 0 1
    outer loop
      vertex 152.464 112.372 3
      vertex 156.036 112.372 3
      vertex 154.25 115.465 3
    endloop
  endfacet
  facet normal -0 0 1
    outer loop
      vertex 154.25 115.465 3
      vertex 156.036 112.372 3
      vertex 157.714 117.465 3
    endloop
  endfacet
  facet normal 0 0 1
    outer loop
      vertex 161.286 99.279 3
      vertex 157.714 99.279 3
      vertex 159.5 96.186 3
    endloop
  endfacet
  facet normal 0 0 1
    outer loop
      vertex 157.714 99.279 3
      vertex 156.036 94.186 3
      vertex 159.5 96.186 3
    endloop
  endfacet
  facet normal 0 0 1
    outer loop
      vertex 152.464 94.186 3
      vertex 156.036 94.186 3
      vertex 154.25 97.279 3
    endloop
  endfacet
  facet normal -0 0 1
    outer loop
      vertex 154.25 97.279 3
      vertex 156.036 94.186 3
      vertex 157.714 99.279 3
    endloop
  endfacet
  facet normal 0 0 1
    outer loop
      vertex 161.286 81.093 3
      vertex 157.714 81.093 3
      vertex 159.5 78 3
    endloop
  endfacet
  facet normal 0 0 1
    outer loop
      vertex 157.714 81.093 3
      vertex 156.036 76 3
      vertex 159.5 78 3
    endloop
  endfacet
  facet normal 0 0 1
    outer loop
      vertex 152.464 76 3
      vertex 156.036 76 3
      vertex 154.25 79.093 3
    endloop
  endfacet
  facet normal -0 0 1
    outer loop
      vertex 154.25 79.093 3
      vertex 156.036 76 3
      vertex 157.714 81.093 3
    endloop
  endfacet
  facet normal 0 0 1
    outer loop
      vertex 161.286 62.907 3
      vertex 157.714 62.907 3
      vertex 159.5 59.814 3
    endloop
  endfacet
  facet normal 0 0 1
    outer loop
      vertex 157.714 62.907 3
      vertex 156.036 57.814 3
      vertex 159.5 59.814 3
    endloop
  endfacet
  facet normal 0 0 1
    outer loop
      vertex 152.464 57.814 3
      vertex 156.036 57.814 3
      vertex 154.25 60.907 3
    endloop
  endfacet
  facet normal -0 0 1
    outer loop
      vertex 154.25 60.907 3
      vertex 156.036 57.814 3
      vertex 157.714 62.907 3
    endloop
  endfacet
  facet normal 0 0 1
    outer loop
      vertex 161.286 44.721 3
      vertex 157.714 44.721 3
      vertex 159.5 41.628 3
    endloop
  endfacet
  facet normal 0 0 1
    outer loop
      vertex 157.714 44.721 3
      vertex 156.036 39.628 3
      vertex 159.5 41.628 3
    endloop
  endfacet
  facet normal 0 0 1
    outer loop
      vertex 152.464 39.628 3
      vertex 156.036 39.628 3
      vertex 154.25 42.721 3
    endloop
  endfacet
  facet normal -0 0 1
    outer loop
      vertex 154.25 42.721 3
      vertex 156.036 39.628 3
      vertex 157.714 44.721 3
    endloop
  endfacet
  facet normal 0 0 1
    outer loop
      vertex 161.286 26.535 3
      vertex 157.714 26.535 3
      vertex 159.5 23.442 3
    endloop
  endfacet
  facet normal 0 0 1
    outer loop
      vertex 157.714 26.535 3
      vertex 156.036 21.442 3
      vertex 159.5 23.442 3
    endloop
  endfacet
  facet normal -0 0 1
    outer loop
      vertex 152.464 21.442 3
      vertex 156.036 17.442 3
      vertex 156.036 21.442 3
    endloop
  endfacet
  facet normal -0 0 1
    outer loop
      vertex 154.25 24.535 3
      vertex 156.036 21.442 3
      vertex 157.714 26.535 3
    endloop
  endfacet
  facet normal 0 0 1
    outer loop
      vertex 152.464 21.442 3
      vertex 156.036 21.442 3
      vertex 154.25 24.535 3
    endloop
  endfacet
  facet normal 0 0 1
    outer loop
      vertex 152.464 17.442 3
      vertex 156.036 17.442 3
      vertex 152.464 21.442 3
    endloop
  endfacet
  facet normal 0 0 1
    outer loop
      vertex 156.036 17.442 3
      vertex 152.625 16.6905 3
      vertex 152.759 16.3681 3
    endloop
  endfacet
  facet normal 0 0 1
    outer loop
      vertex 156.036 17.442 3
      vertex 152.939 15.6946 3
      vertex 154.25 14.349 3
    endloop
  endfacet
  facet normal -0 0 1
    outer loop
      vertex 152.985 14.6514 3
      vertex 154.25 14.349 3
      vertex 153 15 3
    endloop
  endfacet
  facet normal -0 -0 1
    outer loop
      vertex 153 15 3
      vertex 154.25 14.349 3
      vertex 152.985 15.3486 3
    endloop
  endfacet
  facet normal -0 -0 1
    outer loop
      vertex 152.985 15.3486 3
      vertex 154.25 14.349 3
      vertex 152.939 15.6946 3
    endloop
  endfacet
  facet normal 0 -0 1
    outer loop
      vertex 152.939 15.6946 3
      vertex 156.036 17.442 3
      vertex 152.864 16.0353 3
    endloop
  endfacet
  facet normal 0 -0 1
    outer loop
      vertex 152.864 16.0353 3
      vertex 156.036 17.442 3
      vertex 152.759 16.3681 3
    endloop
  endfacet
  facet normal 0 0 1
    outer loop
      vertex 156.036 17.442 3
      vertex 154.25 14.349 3
      vertex 154.854 14 3
    endloop
  endfacet
  facet normal 0 0 1
    outer loop
      vertex 150.786 26.535 3
      vertex 152.464 21.442 3
      vertex 154.25 24.535 3
    endloop
  endfacet
  facet normal 0 0 1
    outer loop
      vertex 150.786 26.535 3
      vertex 149 23.442 3
      vertex 152.464 21.442 3
    endloop
  endfacet
  facet normal 0 0 1
    outer loop
      vertex 150.786 30.535 3
      vertex 147.214 30.535 3
      vertex 150.786 26.535 3
    endloop
  endfacet
  facet normal 0 0 1
    outer loop
      vertex 147.214 26.535 3
      vertex 150.786 26.535 3
      vertex 147.214 30.535 3
    endloop
  endfacet
  facet normal 0 0 1
    outer loop
      vertex 145.536 35.628 3
      vertex 147.214 30.535 3
      vertex 149 33.628 3
    endloop
  endfacet
  facet normal 0 0 1
    outer loop
      vertex 145.536 35.628 3
      vertex 143.75 32.535 3
      vertex 147.214 30.535 3
    endloop
  endfacet
  facet normal 0 0 1
    outer loop
      vertex 145.536 39.628 3
      vertex 141.964 39.628 3
      vertex 145.536 35.628 3
    endloop
  endfacet
  facet normal 0 0 1
    outer loop
      vertex 141.964 35.628 3
      vertex 145.536 35.628 3
      vertex 141.964 39.628 3
    endloop
  endfacet
  facet normal 0 0 1
    outer loop
      vertex 140.286 44.721 3
      vertex 141.964 39.628 3
      vertex 143.75 42.721 3
    endloop
  endfacet
  facet normal 0 0 1
    outer loop
      vertex 140.286 44.721 3
      vertex 138.5 41.628 3
      vertex 141.964 39.628 3
    endloop
  endfacet
  facet normal 0 0 1
    outer loop
      vertex 140.286 48.721 3
      vertex 136.714 48.721 3
      vertex 140.286 44.721 3
    endloop
  endfacet
  facet normal 0 0 1
    outer loop
      vertex 136.714 44.721 3
      vertex 140.286 44.721 3
      vertex 136.714 48.721 3
    endloop
  endfacet
  facet normal 0 0 1
    outer loop
      vertex 135.036 53.814 3
      vertex 136.714 48.721 3
      vertex 138.5 51.814 3
    endloop
  endfacet
  facet normal 0 0 1
    outer loop
      vertex 135.036 53.814 3
      vertex 133.25 50.721 3
      vertex 136.714 48.721 3
    endloop
  endfacet
  facet normal 0 0 1
    outer loop
      vertex 135.036 57.814 3
      vertex 131.464 57.814 3
      vertex 135.036 53.814 3
    endloop
  endfacet
  facet normal 0 0 1
    outer loop
      vertex 131.464 53.814 3
      vertex 135.036 53.814 3
      vertex 131.464 57.814 3
    endloop
  endfacet
  facet normal 0 0 1
    outer loop
      vertex 129.786 62.907 3
      vertex 131.464 57.814 3
      vertex 133.25 60.907 3
    endloop
  endfacet
  facet normal 0 0 1
    outer loop
      vertex 129.786 62.907 3
      vertex 128 59.814 3
      vertex 131.464 57.814 3
    endloop
  endfacet
  facet normal 0 0 1
    outer loop
      vertex 129.786 66.907 3
      vertex 126.214 66.907 3
      vertex 129.786 62.907 3
    endloop
  endfacet
  facet normal 0 0 1
    outer loop
      vertex 126.214 62.907 3
      vertex 129.786 62.907 3
      vertex 126.214 66.907 3
    endloop
  endfacet
  facet normal 0 0 1
    outer loop
      vertex 124.536 72 3
      vertex 126.214 66.907 3
      vertex 128 70 3
    endloop
  endfacet
  facet normal 0 0 1
    outer loop
      vertex 124.536 72 3
      vertex 122.75 68.907 3
      vertex 126.214 66.907 3
    endloop
  endfacet
  facet normal 0 0 1
    outer loop
      vertex 124.536 76 3
      vertex 120.964 76 3
      vertex 124.536 72 3
    endloop
  endfacet
  facet normal 0 0 1
    outer loop
      vertex 120.964 72 3
      vertex 124.536 72 3
      vertex 120.964 76 3
    endloop
  endfacet
  facet normal 0 0 1
    outer loop
      vertex 119.286 81.093 3
      vertex 120.964 76 3
      vertex 122.75 79.093 3
    endloop
  endfacet
  facet normal 0 0 1
    outer loop
      vertex 119.286 81.093 3
      vertex 117.5 78 3
      vertex 120.964 76 3
    endloop
  endfacet
  facet normal 0 0 1
    outer loop
      vertex 119.286 85.093 3
      vertex 115.714 85.093 3
      vertex 119.286 81.093 3
    endloop
  endfacet
  facet normal 0 0 1
    outer loop
      vertex 115.714 81.093 3
      vertex 119.286 81.093 3
      vertex 115.714 85.093 3
    endloop
  endfacet
  facet normal 0 0 1
    outer loop
      vertex 114.036 90.186 3
      vertex 115.714 85.093 3
      vertex 117.5 88.186 3
    endloop
  endfacet
  facet normal 0 0 1
    outer loop
      vertex 114.036 90.186 3
      vertex 112.25 87.093 3
      vertex 115.714 85.093 3
    endloop
  endfacet
  facet normal 0 0 1
    outer loop
      vertex 114.036 94.186 3
      vertex 110.464 94.186 3
      vertex 114.036 90.186 3
    endloop
  endfacet
  facet normal 0 0 1
    outer loop
      vertex 110.464 90.186 3
      vertex 114.036 90.186 3
      vertex 110.464 94.186 3
    endloop
  endfacet
  facet normal 0 0 1
    outer loop
      vertex 108.786 99.279 3
      vertex 110.464 94.186 3
      vertex 112.25 97.279 3
    endloop
  endfacet
  facet normal 0 0 1
    outer loop
      vertex 108.786 99.279 3
      vertex 107 96.186 3
      vertex 110.464 94.186 3
    endloop
  endfacet
  facet normal 0 0 1
    outer loop
      vertex 108.786 103.279 3
      vertex 105.214 103.279 3
      vertex 108.786 99.279 3
    endloop
  endfacet
  facet normal 0 0 1
    outer loop
      vertex 105.214 99.279 3
      vertex 108.786 99.279 3
      vertex 105.214 103.279 3
    endloop
  endfacet
  facet normal 0 0 1
    outer loop
      vertex 103.536 108.372 3
      vertex 105.214 103.279 3
      vertex 107 106.372 3
    endloop
  endfacet
  facet normal 0 0 1
    outer loop
      vertex 103.536 108.372 3
      vertex 101.75 105.279 3
      vertex 105.214 103.279 3
    endloop
  endfacet
  facet normal 0 0 1
    outer loop
      vertex 103.536 112.372 3
      vertex 99.9641 112.372 3
      vertex 103.536 108.372 3
    endloop
  endfacet
  facet normal 0 0 1
    outer loop
      vertex 99.9641 108.372 3
      vertex 103.536 108.372 3
      vertex 99.9641 112.372 3
    endloop
  endfacet
  facet normal 0 0 1
    outer loop
      vertex 98.2859 117.465 3
      vertex 99.9641 112.372 3
      vertex 101.75 115.465 3
    endloop
  endfacet
  facet normal 0 0 1
    outer loop
      vertex 98.2859 117.465 3
      vertex 96.5 114.372 3
      vertex 99.9641 112.372 3
    endloop
  endfacet
  facet normal 0 0 1
    outer loop
      vertex 98.2859 121.465 3
      vertex 94.7141 121.465 3
      vertex 98.2859 117.465 3
    endloop
  endfacet
  facet normal 0 0 1
    outer loop
      vertex 94.7141 117.465 3
      vertex 98.2859 117.465 3
      vertex 94.7141 121.465 3
    endloop
  endfacet
  facet normal 0 0 1
    outer loop
      vertex 93.0359 126.558 3
      vertex 94.7141 121.465 3
      vertex 96.5 124.558 3
    endloop
  endfacet
  facet normal 0 0 1
    outer loop
      vertex 93.0359 126.558 3
      vertex 91.25 123.465 3
      vertex 94.7141 121.465 3
    endloop
  endfacet
  facet normal 0 0 1
    outer loop
      vertex 93.0359 130.558 3
      vertex 89.4641 130.558 3
      vertex 93.0359 126.558 3
    endloop
  endfacet
  facet normal 0 0 1
    outer loop
      vertex 89.4641 126.558 3
      vertex 93.0359 126.558 3
      vertex 89.4641 130.558 3
    endloop
  endfacet
  facet normal 0 0 1
    outer loop
      vertex 87.7859 135.651 3
      vertex 89.4641 130.558 3
      vertex 91.25 133.651 3
    endloop
  endfacet
  facet normal 0 0 1
    outer loop
      vertex 89.4641 130.558 3
      vertex 87.7859 135.651 3
      vertex 86 132.558 3
    endloop
  endfacet
  facet normal 0 0 1
    outer loop
      vertex 166.536 126.558 3
      vertex 162.964 126.558 3
      vertex 164.75 123.465 3
    endloop
  endfacet
  facet normal 0 0 1
    outer loop
      vertex 162.964 126.558 3
      vertex 161.286 121.465 3
      vertex 164.75 123.465 3
    endloop
  endfacet
  facet normal 0 0 1
    outer loop
      vertex 157.714 121.465 3
      vertex 161.286 121.465 3
      vertex 159.5 124.558 3
    endloop
  endfacet
  facet normal -0 0 1
    outer loop
      vertex 159.5 124.558 3
      vertex 161.286 121.465 3
      vertex 162.964 126.558 3
    endloop
  endfacet
  facet normal 0 0 1
    outer loop
      vertex 166.536 108.372 3
      vertex 162.964 108.372 3
      vertex 164.75 105.279 3
    endloop
  endfacet
  facet normal 0 0 1
    outer loop
      vertex 162.964 108.372 3
      vertex 161.286 103.279 3
      vertex 164.75 105.279 3
    endloop
  endfacet
  facet normal 0 0 1
    outer loop
      vertex 157.714 103.279 3
      vertex 161.286 103.279 3
      vertex 159.5 106.372 3
    endloop
  endfacet
  facet normal -0 0 1
    outer loop
      vertex 159.5 106.372 3
      vertex 161.286 103.279 3
      vertex 162.964 108.372 3
    endloop
  endfacet
  facet normal 0 0 1
    outer loop
      vertex 166.536 90.186 3
      vertex 162.964 90.186 3
      vertex 164.75 87.093 3
    endloop
  endfacet
  facet normal 0 0 1
    outer loop
      vertex 162.964 90.186 3
      vertex 161.286 85.093 3
      vertex 164.75 87.093 3
    endloop
  endfacet
  facet normal 0 0 1
    outer loop
      vertex 157.714 85.093 3
      vertex 161.286 85.093 3
      vertex 159.5 88.186 3
    endloop
  endfacet
  facet normal -0 0 1
    outer loop
      vertex 159.5 88.186 3
      vertex 161.286 85.093 3
      vertex 162.964 90.186 3
    endloop
  endfacet
  facet normal 0 0 1
    outer loop
      vertex 166.536 72 3
      vertex 162.964 72 3
      vertex 164.75 68.907 3
    endloop
  endfacet
  facet normal 0 0 1
    outer loop
      vertex 162.964 72 3
      vertex 161.286 66.907 3
      vertex 164.75 68.907 3
    endloop
  endfacet
  facet normal 0 0 1
    outer loop
      vertex 157.714 66.907 3
      vertex 161.286 66.907 3
      vertex 159.5 70 3
    endloop
  endfacet
  facet normal -0 0 1
    outer loop
      vertex 159.5 70 3
      vertex 161.286 66.907 3
      vertex 162.964 72 3
    endloop
  endfacet
  facet normal 0 0 1
    outer loop
      vertex 166.536 53.814 3
      vertex 162.964 53.814 3
      vertex 164.75 50.721 3
    endloop
  endfacet
  facet normal 0 0 1
    outer loop
      vertex 162.964 53.814 3
      vertex 161.286 48.721 3
      vertex 164.75 50.721 3
    endloop
  endfacet
  facet normal 0 0 1
    outer loop
      vertex 157.714 48.721 3
      vertex 161.286 48.721 3
      vertex 159.5 51.814 3
    endloop
  endfacet
  facet normal -0 0 1
    outer loop
      vertex 159.5 51.814 3
      vertex 161.286 48.721 3
      vertex 162.964 53.814 3
    endloop
  endfacet
  facet normal 0 0 1
    outer loop
      vertex 166.536 35.628 3
      vertex 162.964 35.628 3
      vertex 164.75 32.535 3
    endloop
  endfacet
  facet normal 0 0 1
    outer loop
      vertex 162.964 35.628 3
      vertex 161.286 30.535 3
      vertex 164.75 32.535 3
    endloop
  endfacet
  facet normal 0 0 1
    outer loop
      vertex 157.714 30.535 3
      vertex 161.286 30.535 3
      vertex 159.5 33.628 3
    endloop
  endfacet
  facet normal -0 0 1
    outer loop
      vertex 159.5 33.628 3
      vertex 161.286 30.535 3
      vertex 162.964 35.628 3
    endloop
  endfacet
  facet normal 0 0 1
    outer loop
      vertex 171.786 135.651 3
      vertex 168.214 135.651 3
      vertex 170 132.558 3
    endloop
  endfacet
  facet normal 0 0 1
    outer loop
      vertex 168.214 135.651 3
      vertex 166.536 130.558 3
      vertex 170 132.558 3
    endloop
  endfacet
  facet normal 0 0 1
    outer loop
      vertex 162.964 130.558 3
      vertex 166.536 130.558 3
      vertex 164.75 133.651 3
    endloop
  endfacet
  facet normal -0 0 1
    outer loop
      vertex 164.75 133.651 3
      vertex 166.536 130.558 3
      vertex 168.214 135.651 3
    endloop
  endfacet
  facet normal 0 0 1
    outer loop
      vertex 171.786 117.465 3
      vertex 168.214 117.465 3
      vertex 170 114.372 3
    endloop
  endfacet
  facet normal 0 0 1
    outer loop
      vertex 168.214 117.465 3
      vertex 166.536 112.372 3
      vertex 170 114.372 3
    endloop
  endfacet
  facet normal 0 0 1
    outer loop
      vertex 162.964 112.372 3
      vertex 166.536 112.372 3
      vertex 164.75 115.465 3
    endloop
  endfacet
  facet normal -0 0 1
    outer loop
      vertex 164.75 115.465 3
      vertex 166.536 112.372 3
      vertex 168.214 117.465 3
    endloop
  endfacet
  facet normal 0 0 1
    outer loop
      vertex 171.786 99.279 3
      vertex 168.214 99.279 3
      vertex 170 96.186 3
    endloop
  endfacet
  facet normal 0 0 1
    outer loop
      vertex 168.214 99.279 3
      vertex 166.536 94.186 3
      vertex 170 96.186 3
    endloop
  endfacet
  facet normal 0 0 1
    outer loop
      vertex 162.964 94.186 3
      vertex 166.536 94.186 3
      vertex 164.75 97.279 3
    endloop
  endfacet
  facet normal -0 0 1
    outer loop
      vertex 164.75 97.279 3
      vertex 166.536 94.186 3
      vertex 168.214 99.279 3
    endloop
  endfacet
  facet normal 0 0 1
    outer loop
      vertex 171.786 81.093 3
      vertex 168.214 81.093 3
      vertex 170 78 3
    endloop
  endfacet
  facet normal 0 0 1
    outer loop
      vertex 168.214 81.093 3
      vertex 166.536 76 3
      vertex 170 78 3
    endloop
  endfacet
  facet normal 0 0 1
    outer loop
      vertex 162.964 76 3
      vertex 166.536 76 3
      vertex 164.75 79.093 3
    endloop
  endfacet
  facet normal -0 0 1
    outer loop
      vertex 164.75 79.093 3
      vertex 166.536 76 3
      vertex 168.214 81.093 3
    endloop
  endfacet
  facet normal 0 0 1
    outer loop
      vertex 171.786 62.907 3
      vertex 168.214 62.907 3
      vertex 170 59.814 3
    endloop
  endfacet
  facet normal 0 0 1
    outer loop
      vertex 168.214 62.907 3
      vertex 166.536 57.814 3
      vertex 170 59.814 3
    endloop
  endfacet
  facet normal 0 0 1
    outer loop
      vertex 162.964 57.814 3
      vertex 166.536 57.814 3
      vertex 164.75 60.907 3
    endloop
  endfacet
  facet normal -0 0 1
    outer loop
      vertex 164.75 60.907 3
      vertex 166.536 57.814 3
      vertex 168.214 62.907 3
    endloop
  endfacet
  facet normal 0 0 1
    outer loop
      vertex 171.786 44.721 3
      vertex 168.214 44.721 3
      vertex 170 41.628 3
    endloop
  endfacet
  facet normal 0 0 1
    outer loop
      vertex 168.214 44.721 3
      vertex 166.536 39.628 3
      vertex 170 41.628 3
    endloop
  endfacet
  facet normal 0 0 1
    outer loop
      vertex 162.964 39.628 3
      vertex 166.536 39.628 3
      vertex 164.75 42.721 3
    endloop
  endfacet
  facet normal -0 0 1
    outer loop
      vertex 164.75 42.721 3
      vertex 166.536 39.628 3
      vertex 168.214 44.721 3
    endloop
  endfacet
  facet normal 0 0 1
    outer loop
      vertex 171.786 26.535 3
      vertex 168.214 26.535 3
      vertex 170 23.442 3
    endloop
  endfacet
  facet normal 0 0 1
    outer loop
      vertex 168.214 26.535 3
      vertex 166.536 21.442 3
      vertex 170 23.442 3
    endloop
  endfacet
  facet normal -0 0 1
    outer loop
      vertex 162.964 21.442 3
      vertex 166.536 17.442 3
      vertex 166.536 21.442 3
    endloop
  endfacet
  facet normal -0 0 1
    outer loop
      vertex 164.75 24.535 3
      vertex 166.536 21.442 3
      vertex 168.214 26.535 3
    endloop
  endfacet
  facet normal 0 0 1
    outer loop
      vertex 162.964 21.442 3
      vertex 166.536 21.442 3
      vertex 164.75 24.535 3
    endloop
  endfacet
  facet normal 0 0 1
    outer loop
      vertex 162.964 17.442 3
      vertex 166.536 17.442 3
      vertex 162.964 21.442 3
    endloop
  endfacet
  facet normal 0 0 1
    outer loop
      vertex 166.536 17.442 3
      vertex 164.75 14.349 3
      vertex 165.354 14 3
    endloop
  endfacet
  facet normal 0 0 1
    outer loop
      vertex 166.536 17.442 3
      vertex 162.964 17.442 3
      vertex 164.75 14.349 3
    endloop
  endfacet
  facet normal 0 0 1
    outer loop
      vertex 161.286 26.535 3
      vertex 162.964 21.442 3
      vertex 164.75 24.535 3
    endloop
  endfacet
  facet normal 0 0 1
    outer loop
      vertex 161.286 26.535 3
      vertex 159.5 23.442 3
      vertex 162.964 21.442 3
    endloop
  endfacet
  facet normal 0 0 1
    outer loop
      vertex 161.286 30.535 3
      vertex 157.714 30.535 3
      vertex 161.286 26.535 3
    endloop
  endfacet
  facet normal 0 0 1
    outer loop
      vertex 157.714 26.535 3
      vertex 161.286 26.535 3
      vertex 157.714 30.535 3
    endloop
  endfacet
  facet normal 0 0 1
    outer loop
      vertex 156.036 35.628 3
      vertex 157.714 30.535 3
      vertex 159.5 33.628 3
    endloop
  endfacet
  facet normal 0 0 1
    outer loop
      vertex 156.036 35.628 3
      vertex 154.25 32.535 3
      vertex 157.714 30.535 3
    endloop
  endfacet
  facet normal 0 0 1
    outer loop
      vertex 156.036 39.628 3
      vertex 152.464 39.628 3
      vertex 156.036 35.628 3
    endloop
  endfacet
  facet normal 0 0 1
    outer loop
      vertex 152.464 35.628 3
      vertex 156.036 35.628 3
      vertex 152.464 39.628 3
    endloop
  endfacet
  facet normal 0 0 1
    outer loop
      vertex 150.786 44.721 3
      vertex 152.464 39.628 3
      vertex 154.25 42.721 3
    endloop
  endfacet
  facet normal 0 0 1
    outer loop
      vertex 150.786 44.721 3
      vertex 149 41.628 3
      vertex 152.464 39.628 3
    endloop
  endfacet
  facet normal 0 0 1
    outer loop
      vertex 150.786 48.721 3
      vertex 147.214 48.721 3
      vertex 150.786 44.721 3
    endloop
  endfacet
  facet normal 0 0 1
    outer loop
      vertex 147.214 44.721 3
      vertex 150.786 44.721 3
      vertex 147.214 48.721 3
    endloop
  endfacet
  facet normal 0 0 1
    outer loop
      vertex 145.536 53.814 3
      vertex 147.214 48.721 3
      vertex 149 51.814 3
    endloop
  endfacet
  facet normal 0 0 1
    outer loop
      vertex 145.536 53.814 3
      vertex 143.75 50.721 3
      vertex 147.214 48.721 3
    endloop
  endfacet
  facet normal 0 0 1
    outer loop
      vertex 145.536 57.814 3
      vertex 141.964 57.814 3
      vertex 145.536 53.814 3
    endloop
  endfacet
  facet normal 0 0 1
    outer loop
      vertex 141.964 53.814 3
      vertex 145.536 53.814 3
      vertex 141.964 57.814 3
    endloop
  endfacet
  facet normal 0 0 1
    outer loop
      vertex 140.286 62.907 3
      vertex 141.964 57.814 3
      vertex 143.75 60.907 3
    endloop
  endfacet
  facet normal 0 0 1
    outer loop
      vertex 140.286 62.907 3
      vertex 138.5 59.814 3
      vertex 141.964 57.814 3
    endloop
  endfacet
  facet normal 0 0 1
    outer loop
      vertex 140.286 66.907 3
      vertex 136.714 66.907 3
      vertex 140.286 62.907 3
    endloop
  endfacet
  facet normal 0 0 1
    outer loop
      vertex 136.714 62.907 3
      vertex 140.286 62.907 3
      vertex 136.714 66.907 3
    endloop
  endfacet
  facet normal 0 0 1
    outer loop
      vertex 135.036 72 3
      vertex 136.714 66.907 3
      vertex 138.5 70 3
    endloop
  endfacet
  facet normal 0 0 1
    outer loop
      vertex 135.036 72 3
      vertex 133.25 68.907 3
      vertex 136.714 66.907 3
    endloop
  endfacet
  facet normal 0 0 1
    outer loop
      vertex 135.036 76 3
      vertex 131.464 76 3
      vertex 135.036 72 3
    endloop
  endfacet
  facet normal 0 0 1
    outer loop
      vertex 131.464 72 3
      vertex 135.036 72 3
      vertex 131.464 76 3
    endloop
  endfacet
  facet normal 0 0 1
    outer loop
      vertex 129.786 81.093 3
      vertex 131.464 76 3
      vertex 133.25 79.093 3
    endloop
  endfacet
  facet normal 0 0 1
    outer loop
      vertex 129.786 81.093 3
      vertex 128 78 3
      vertex 131.464 76 3
    endloop
  endfacet
  facet normal 0 0 1
    outer loop
      vertex 129.786 85.093 3
      vertex 126.214 85.093 3
      vertex 129.786 81.093 3
    endloop
  endfacet
  facet normal 0 0 1
    outer loop
      vertex 126.214 81.093 3
      vertex 129.786 81.093 3
      vertex 126.214 85.093 3
    endloop
  endfacet
  facet normal 0 0 1
    outer loop
      vertex 124.536 90.186 3
      vertex 126.214 85.093 3
      vertex 128 88.186 3
    endloop
  endfacet
  facet normal 0 0 1
    outer loop
      vertex 124.536 90.186 3
      vertex 122.75 87.093 3
      vertex 126.214 85.093 3
    endloop
  endfacet
  facet normal 0 0 1
    outer loop
      vertex 124.536 94.186 3
      vertex 120.964 94.186 3
      vertex 124.536 90.186 3
    endloop
  endfacet
  facet normal 0 0 1
    outer loop
      vertex 120.964 90.186 3
      vertex 124.536 90.186 3
      vertex 120.964 94.186 3
    endloop
  endfacet
  facet normal 0 0 1
    outer loop
      vertex 119.286 99.279 3
      vertex 120.964 94.186 3
      vertex 122.75 97.279 3
    endloop
  endfacet
  facet normal 0 0 1
    outer loop
      vertex 119.286 99.279 3
      vertex 117.5 96.186 3
      vertex 120.964 94.186 3
    endloop
  endfacet
  facet normal 0 0 1
    outer loop
      vertex 119.286 103.279 3
      vertex 115.714 103.279 3
      vertex 119.286 99.279 3
    endloop
  endfacet
  facet normal 0 0 1
    outer loop
      vertex 115.714 99.279 3
      vertex 119.286 99.279 3
      vertex 115.714 103.279 3
    endloop
  endfacet
  facet normal 0 0 1
    outer loop
      vertex 114.036 108.372 3
      vertex 115.714 103.279 3
      vertex 117.5 106.372 3
    endloop
  endfacet
  facet normal 0 0 1
    outer loop
      vertex 114.036 108.372 3
      vertex 112.25 105.279 3
      vertex 115.714 103.279 3
    endloop
  endfacet
  facet normal 0 0 1
    outer loop
      vertex 114.036 112.372 3
      vertex 110.464 112.372 3
      vertex 114.036 108.372 3
    endloop
  endfacet
  facet normal 0 0 1
    outer loop
      vertex 110.464 108.372 3
      vertex 114.036 108.372 3
      vertex 110.464 112.372 3
    endloop
  endfacet
  facet normal 0 0 1
    outer loop
      vertex 108.786 117.465 3
      vertex 110.464 112.372 3
      vertex 112.25 115.465 3
    endloop
  endfacet
  facet normal 0 0 1
    outer loop
      vertex 108.786 117.465 3
      vertex 107 114.372 3
      vertex 110.464 112.372 3
    endloop
  endfacet
  facet normal 0 0 1
    outer loop
      vertex 108.786 121.465 3
      vertex 105.214 121.465 3
      vertex 108.786 117.465 3
    endloop
  endfacet
  facet normal 0 0 1
    outer loop
      vertex 105.214 117.465 3
      vertex 108.786 117.465 3
      vertex 105.214 121.465 3
    endloop
  endfacet
  facet normal 0 0 1
    outer loop
      vertex 103.536 126.558 3
      vertex 105.214 121.465 3
      vertex 107 124.558 3
    endloop
  endfacet
  facet normal 0 0 1
    outer loop
      vertex 103.536 126.558 3
      vertex 101.75 123.465 3
      vertex 105.214 121.465 3
    endloop
  endfacet
  facet normal 0 0 1
    outer loop
      vertex 103.536 130.558 3
      vertex 99.9641 130.558 3
      vertex 103.536 126.558 3
    endloop
  endfacet
  facet normal 0 0 1
    outer loop
      vertex 99.9641 126.558 3
      vertex 103.536 126.558 3
      vertex 99.9641 130.558 3
    endloop
  endfacet
  facet normal 0 0 1
    outer loop
      vertex 98.2859 135.651 3
      vertex 99.9641 130.558 3
      vertex 101.75 133.651 3
    endloop
  endfacet
  facet normal 0 0 1
    outer loop
      vertex 99.9641 130.558 3
      vertex 98.2859 135.651 3
      vertex 96.5 132.558 3
    endloop
  endfacet
  facet normal 0 0 1
    outer loop
      vertex 177.036 126.558 3
      vertex 173.464 126.558 3
      vertex 175.25 123.465 3
    endloop
  endfacet
  facet normal 0 0 1
    outer loop
      vertex 173.464 126.558 3
      vertex 171.786 121.465 3
      vertex 175.25 123.465 3
    endloop
  endfacet
  facet normal 0 0 1
    outer loop
      vertex 168.214 121.465 3
      vertex 171.786 121.465 3
      vertex 170 124.558 3
    endloop
  endfacet
  facet normal -0 0 1
    outer loop
      vertex 170 124.558 3
      vertex 171.786 121.465 3
      vertex 173.464 126.558 3
    endloop
  endfacet
  facet normal 0 0 1
    outer loop
      vertex 177.036 108.372 3
      vertex 173.464 108.372 3
      vertex 175.25 105.279 3
    endloop
  endfacet
  facet normal 0 0 1
    outer loop
      vertex 173.464 108.372 3
      vertex 171.786 103.279 3
      vertex 175.25 105.279 3
    endloop
  endfacet
  facet normal 0 0 1
    outer loop
      vertex 168.214 103.279 3
      vertex 171.786 103.279 3
      vertex 170 106.372 3
    endloop
  endfacet
  facet normal -0 0 1
    outer loop
      vertex 170 106.372 3
      vertex 171.786 103.279 3
      vertex 173.464 108.372 3
    endloop
  endfacet
  facet normal 0 0 1
    outer loop
      vertex 177.036 90.186 3
      vertex 173.464 90.186 3
      vertex 175.25 87.093 3
    endloop
  endfacet
  facet normal 0 0 1
    outer loop
      vertex 173.464 90.186 3
      vertex 171.786 85.093 3
      vertex 175.25 87.093 3
    endloop
  endfacet
  facet normal 0 0 1
    outer loop
      vertex 168.214 85.093 3
      vertex 171.786 85.093 3
      vertex 170 88.186 3
    endloop
  endfacet
  facet normal -0 0 1
    outer loop
      vertex 170 88.186 3
      vertex 171.786 85.093 3
      vertex 173.464 90.186 3
    endloop
  endfacet
  facet normal 0 0 1
    outer loop
      vertex 177.036 72 3
      vertex 173.464 72 3
      vertex 175.25 68.907 3
    endloop
  endfacet
  facet normal 0 0 1
    outer loop
      vertex 173.464 72 3
      vertex 171.786 66.907 3
      vertex 175.25 68.907 3
    endloop
  endfacet
  facet normal 0 0 1
    outer loop
      vertex 168.214 66.907 3
      vertex 171.786 66.907 3
      vertex 170 70 3
    endloop
  endfacet
  facet normal -0 0 1
    outer loop
      vertex 170 70 3
      vertex 171.786 66.907 3
      vertex 173.464 72 3
    endloop
  endfacet
  facet normal 0 0 1
    outer loop
      vertex 177.036 53.814 3
      vertex 173.464 53.814 3
      vertex 175.25 50.721 3
    endloop
  endfacet
  facet normal 0 0 1
    outer loop
      vertex 173.464 53.814 3
      vertex 171.786 48.721 3
      vertex 175.25 50.721 3
    endloop
  endfacet
  facet normal 0 0 1
    outer loop
      vertex 168.214 48.721 3
      vertex 171.786 48.721 3
      vertex 170 51.814 3
    endloop
  endfacet
  facet normal -0 0 1
    outer loop
      vertex 170 51.814 3
      vertex 171.786 48.721 3
      vertex 173.464 53.814 3
    endloop
  endfacet
  facet normal 0 0 1
    outer loop
      vertex 177.036 35.628 3
      vertex 173.464 35.628 3
      vertex 175.25 32.535 3
    endloop
  endfacet
  facet normal 0 0 1
    outer loop
      vertex 173.464 35.628 3
      vertex 171.786 30.535 3
      vertex 175.25 32.535 3
    endloop
  endfacet
  facet normal 0 0 1
    outer loop
      vertex 168.214 30.535 3
      vertex 171.786 30.535 3
      vertex 170 33.628 3
    endloop
  endfacet
  facet normal -0 0 1
    outer loop
      vertex 170 33.628 3
      vertex 171.786 30.535 3
      vertex 173.464 35.628 3
    endloop
  endfacet
  facet normal 0 0 1
    outer loop
      vertex 182.286 135.651 3
      vertex 178.714 135.651 3
      vertex 180.5 132.558 3
    endloop
  endfacet
  facet normal 0 0 1
    outer loop
      vertex 178.714 135.651 3
      vertex 177.036 130.558 3
      vertex 180.5 132.558 3
    endloop
  endfacet
  facet normal 0 0 1
    outer loop
      vertex 173.464 130.558 3
      vertex 177.036 130.558 3
      vertex 175.25 133.651 3
    endloop
  endfacet
  facet normal -0 0 1
    outer loop
      vertex 175.25 133.651 3
      vertex 177.036 130.558 3
      vertex 178.714 135.651 3
    endloop
  endfacet
  facet normal 0 0 1
    outer loop
      vertex 182.286 117.465 3
      vertex 178.714 117.465 3
      vertex 180.5 114.372 3
    endloop
  endfacet
  facet normal 0 0 1
    outer loop
      vertex 178.714 117.465 3
      vertex 177.036 112.372 3
      vertex 180.5 114.372 3
    endloop
  endfacet
  facet normal 0 0 1
    outer loop
      vertex 173.464 112.372 3
      vertex 177.036 112.372 3
      vertex 175.25 115.465 3
    endloop
  endfacet
  facet normal -0 0 1
    outer loop
      vertex 175.25 115.465 3
      vertex 177.036 112.372 3
      vertex 178.714 117.465 3
    endloop
  endfacet
  facet normal 0 0 1
    outer loop
      vertex 182.286 99.279 3
      vertex 178.714 99.279 3
      vertex 180.5 96.186 3
    endloop
  endfacet
  facet normal 0 0 1
    outer loop
      vertex 178.714 99.279 3
      vertex 177.036 94.186 3
      vertex 180.5 96.186 3
    endloop
  endfacet
  facet normal 0 0 1
    outer loop
      vertex 173.464 94.186 3
      vertex 177.036 94.186 3
      vertex 175.25 97.279 3
    endloop
  endfacet
  facet normal -0 0 1
    outer loop
      vertex 175.25 97.279 3
      vertex 177.036 94.186 3
      vertex 178.714 99.279 3
    endloop
  endfacet
  facet normal 0 0 1
    outer loop
      vertex 182.286 81.093 3
      vertex 178.714 81.093 3
      vertex 180.5 78 3
    endloop
  endfacet
  facet normal 0 0 1
    outer loop
      vertex 178.714 81.093 3
      vertex 177.036 76 3
      vertex 180.5 78 3
    endloop
  endfacet
  facet normal 0 0 1
    outer loop
      vertex 173.464 76 3
      vertex 177.036 76 3
      vertex 175.25 79.093 3
    endloop
  endfacet
  facet normal -0 0 1
    outer loop
      vertex 175.25 79.093 3
      vertex 177.036 76 3
      vertex 178.714 81.093 3
    endloop
  endfacet
  facet normal 0 0 1
    outer loop
      vertex 182.286 62.907 3
      vertex 178.714 62.907 3
      vertex 180.5 59.814 3
    endloop
  endfacet
  facet normal 0 0 1
    outer loop
      vertex 178.714 62.907 3
      vertex 177.036 57.814 3
      vertex 180.5 59.814 3
    endloop
  endfacet
  facet normal 0 0 1
    outer loop
      vertex 173.464 57.814 3
      vertex 177.036 57.814 3
      vertex 175.25 60.907 3
    endloop
  endfacet
  facet normal -0 0 1
    outer loop
      vertex 175.25 60.907 3
      vertex 177.036 57.814 3
      vertex 178.714 62.907 3
    endloop
  endfacet
  facet normal 0 0 1
    outer loop
      vertex 182.286 44.721 3
      vertex 178.714 44.721 3
      vertex 180.5 41.628 3
    endloop
  endfacet
  facet normal 0 0 1
    outer loop
      vertex 178.714 44.721 3
      vertex 177.036 39.628 3
      vertex 180.5 41.628 3
    endloop
  endfacet
  facet normal 0 0 1
    outer loop
      vertex 173.464 39.628 3
      vertex 177.036 39.628 3
      vertex 175.25 42.721 3
    endloop
  endfacet
  facet normal -0 0 1
    outer loop
      vertex 175.25 42.721 3
      vertex 177.036 39.628 3
      vertex 178.714 44.721 3
    endloop
  endfacet
  facet normal 0 0 1
    outer loop
      vertex 182.286 26.535 3
      vertex 178.714 26.535 3
      vertex 180.5 23.442 3
    endloop
  endfacet
  facet normal 0 0 1
    outer loop
      vertex 178.714 26.535 3
      vertex 177.036 21.442 3
      vertex 180.5 23.442 3
    endloop
  endfacet
  facet normal -0 0 1
    outer loop
      vertex 173.464 21.442 3
      vertex 177.036 17.442 3
      vertex 177.036 21.442 3
    endloop
  endfacet
  facet normal -0 0 1
    outer loop
      vertex 175.25 24.535 3
      vertex 177.036 21.442 3
      vertex 178.714 26.535 3
    endloop
  endfacet
  facet normal 0 0 1
    outer loop
      vertex 173.464 21.442 3
      vertex 177.036 21.442 3
      vertex 175.25 24.535 3
    endloop
  endfacet
  facet normal 0 0 1
    outer loop
      vertex 173.464 17.442 3
      vertex 177.036 17.442 3
      vertex 173.464 21.442 3
    endloop
  endfacet
  facet normal 0 0 1
    outer loop
      vertex 177.036 17.442 3
      vertex 175.25 14.349 3
      vertex 175.854 14 3
    endloop
  endfacet
  facet normal 0 0 1
    outer loop
      vertex 177.036 17.442 3
      vertex 173.464 17.442 3
      vertex 175.25 14.349 3
    endloop
  endfacet
  facet normal 0 0 1
    outer loop
      vertex 171.786 26.535 3
      vertex 173.464 21.442 3
      vertex 175.25 24.535 3
    endloop
  endfacet
  facet normal 0 0 1
    outer loop
      vertex 171.786 26.535 3
      vertex 170 23.442 3
      vertex 173.464 21.442 3
    endloop
  endfacet
  facet normal 0 0 1
    outer loop
      vertex 171.786 30.535 3
      vertex 168.214 30.535 3
      vertex 171.786 26.535 3
    endloop
  endfacet
  facet normal 0 0 1
    outer loop
      vertex 168.214 26.535 3
      vertex 171.786 26.535 3
      vertex 168.214 30.535 3
    endloop
  endfacet
  facet normal 0 0 1
    outer loop
      vertex 166.536 35.628 3
      vertex 168.214 30.535 3
      vertex 170 33.628 3
    endloop
  endfacet
  facet normal 0 0 1
    outer loop
      vertex 166.536 35.628 3
      vertex 164.75 32.535 3
      vertex 168.214 30.535 3
    endloop
  endfacet
  facet normal 0 0 1
    outer loop
      vertex 166.536 39.628 3
      vertex 162.964 39.628 3
      vertex 166.536 35.628 3
    endloop
  endfacet
  facet normal 0 0 1
    outer loop
      vertex 162.964 35.628 3
      vertex 166.536 35.628 3
      vertex 162.964 39.628 3
    endloop
  endfacet
  facet normal 0 0 1
    outer loop
      vertex 161.286 44.721 3
      vertex 162.964 39.628 3
      vertex 164.75 42.721 3
    endloop
  endfacet
  facet normal 0 0 1
    outer loop
      vertex 161.286 44.721 3
      vertex 159.5 41.628 3
      vertex 162.964 39.628 3
    endloop
  endfacet
  facet normal 0 0 1
    outer loop
      vertex 161.286 48.721 3
      vertex 157.714 48.721 3
      vertex 161.286 44.721 3
    endloop
  endfacet
  facet normal 0 0 1
    outer loop
      vertex 157.714 44.721 3
      vertex 161.286 44.721 3
      vertex 157.714 48.721 3
    endloop
  endfacet
  facet normal 0 0 1
    outer loop
      vertex 156.036 53.814 3
      vertex 157.714 48.721 3
      vertex 159.5 51.814 3
    endloop
  endfacet
  facet normal 0 0 1
    outer loop
      vertex 156.036 53.814 3
      vertex 154.25 50.721 3
      vertex 157.714 48.721 3
    endloop
  endfacet
  facet normal 0 0 1
    outer loop
      vertex 156.036 57.814 3
      vertex 152.464 57.814 3
      vertex 156.036 53.814 3
    endloop
  endfacet
  facet normal 0 0 1
    outer loop
      vertex 152.464 53.814 3
      vertex 156.036 53.814 3
      vertex 152.464 57.814 3
    endloop
  endfacet
  facet normal 0 0 1
    outer loop
      vertex 150.786 62.907 3
      vertex 152.464 57.814 3
      vertex 154.25 60.907 3
    endloop
  endfacet
  facet normal 0 0 1
    outer loop
      vertex 150.786 62.907 3
      vertex 149 59.814 3
      vertex 152.464 57.814 3
    endloop
  endfacet
  facet normal 0 0 1
    outer loop
      vertex 150.786 66.907 3
      vertex 147.214 66.907 3
      vertex 150.786 62.907 3
    endloop
  endfacet
  facet normal 0 0 1
    outer loop
      vertex 147.214 62.907 3
      vertex 150.786 62.907 3
      vertex 147.214 66.907 3
    endloop
  endfacet
  facet normal 0 0 1
    outer loop
      vertex 145.536 72 3
      vertex 147.214 66.907 3
      vertex 149 70 3
    endloop
  endfacet
  facet normal 0 0 1
    outer loop
      vertex 145.536 72 3
      vertex 143.75 68.907 3
      vertex 147.214 66.907 3
    endloop
  endfacet
  facet normal 0 0 1
    outer loop
      vertex 145.536 76 3
      vertex 141.964 76 3
      vertex 145.536 72 3
    endloop
  endfacet
  facet normal 0 0 1
    outer loop
      vertex 141.964 72 3
      vertex 145.536 72 3
      vertex 141.964 76 3
    endloop
  endfacet
  facet normal 0 0 1
    outer loop
      vertex 140.286 81.093 3
      vertex 141.964 76 3
      vertex 143.75 79.093 3
    endloop
  endfacet
  facet normal 0 0 1
    outer loop
      vertex 140.286 81.093 3
      vertex 138.5 78 3
      vertex 141.964 76 3
    endloop
  endfacet
  facet normal 0 0 1
    outer loop
      vertex 140.286 85.093 3
      vertex 136.714 85.093 3
      vertex 140.286 81.093 3
    endloop
  endfacet
  facet normal 0 0 1
    outer loop
      vertex 136.714 81.093 3
      vertex 140.286 81.093 3
      vertex 136.714 85.093 3
    endloop
  endfacet
  facet normal 0 0 1
    outer loop
      vertex 135.036 90.186 3
      vertex 136.714 85.093 3
      vertex 138.5 88.186 3
    endloop
  endfacet
  facet normal 0 0 1
    outer loop
      vertex 135.036 90.186 3
      vertex 133.25 87.093 3
      vertex 136.714 85.093 3
    endloop
  endfacet
  facet normal 0 0 1
    outer loop
      vertex 135.036 94.186 3
      vertex 131.464 94.186 3
      vertex 135.036 90.186 3
    endloop
  endfacet
  facet normal 0 0 1
    outer loop
      vertex 131.464 90.186 3
      vertex 135.036 90.186 3
      vertex 131.464 94.186 3
    endloop
  endfacet
  facet normal 0 0 1
    outer loop
      vertex 129.786 99.279 3
      vertex 131.464 94.186 3
      vertex 133.25 97.279 3
    endloop
  endfacet
  facet normal 0 0 1
    outer loop
      vertex 129.786 99.279 3
      vertex 128 96.186 3
      vertex 131.464 94.186 3
    endloop
  endfacet
  facet normal 0 0 1
    outer loop
      vertex 129.786 103.279 3
      vertex 126.214 103.279 3
      vertex 129.786 99.279 3
    endloop
  endfacet
  facet normal 0 0 1
    outer loop
      vertex 126.214 99.279 3
      vertex 129.786 99.279 3
      vertex 126.214 103.279 3
    endloop
  endfacet
  facet normal 0 0 1
    outer loop
      vertex 124.536 108.372 3
      vertex 126.214 103.279 3
      vertex 128 106.372 3
    endloop
  endfacet
  facet normal 0 0 1
    outer loop
      vertex 124.536 108.372 3
      vertex 122.75 105.279 3
      vertex 126.214 103.279 3
    endloop
  endfacet
  facet normal 0 0 1
    outer loop
      vertex 124.536 112.372 3
      vertex 120.964 112.372 3
      vertex 124.536 108.372 3
    endloop
  endfacet
  facet normal 0 0 1
    outer loop
      vertex 120.964 108.372 3
      vertex 124.536 108.372 3
      vertex 120.964 112.372 3
    endloop
  endfacet
  facet normal 0 0 1
    outer loop
      vertex 119.286 117.465 3
      vertex 120.964 112.372 3
      vertex 122.75 115.465 3
    endloop
  endfacet
  facet normal 0 0 1
    outer loop
      vertex 119.286 117.465 3
      vertex 117.5 114.372 3
      vertex 120.964 112.372 3
    endloop
  endfacet
  facet normal 0 0 1
    outer loop
      vertex 119.286 121.465 3
      vertex 115.714 121.465 3
      vertex 119.286 117.465 3
    endloop
  endfacet
  facet normal 0 0 1
    outer loop
      vertex 115.714 117.465 3
      vertex 119.286 117.465 3
      vertex 115.714 121.465 3
    endloop
  endfacet
  facet normal 0 0 1
    outer loop
      vertex 114.036 126.558 3
      vertex 115.714 121.465 3
      vertex 117.5 124.558 3
    endloop
  endfacet
  facet normal 0 0 1
    outer loop
      vertex 114.036 126.558 3
      vertex 112.25 123.465 3
      vertex 115.714 121.465 3
    endloop
  endfacet
  facet normal 0 0 1
    outer loop
      vertex 114.036 130.558 3
      vertex 110.464 130.558 3
      vertex 114.036 126.558 3
    endloop
  endfacet
  facet normal 0 0 1
    outer loop
      vertex 110.464 126.558 3
      vertex 114.036 126.558 3
      vertex 110.464 130.558 3
    endloop
  endfacet
  facet normal 0 0 1
    outer loop
      vertex 108.786 135.651 3
      vertex 110.464 130.558 3
      vertex 112.25 133.651 3
    endloop
  endfacet
  facet normal 0 0 1
    outer loop
      vertex 110.464 130.558 3
      vertex 108.786 135.651 3
      vertex 107 132.558 3
    endloop
  endfacet
  facet normal 0 0 1
    outer loop
      vertex 187.536 126.558 3
      vertex 183.964 126.558 3
      vertex 185.75 123.465 3
    endloop
  endfacet
  facet normal 0 0 1
    outer loop
      vertex 183.964 126.558 3
      vertex 182.286 121.465 3
      vertex 185.75 123.465 3
    endloop
  endfacet
  facet normal 0 0 1
    outer loop
      vertex 178.714 121.465 3
      vertex 182.286 121.465 3
      vertex 180.5 124.558 3
    endloop
  endfacet
  facet normal -0 0 1
    outer loop
      vertex 180.5 124.558 3
      vertex 182.286 121.465 3
      vertex 183.964 126.558 3
    endloop
  endfacet
  facet normal 0 0 1
    outer loop
      vertex 187.536 108.372 3
      vertex 183.964 108.372 3
      vertex 185.75 105.279 3
    endloop
  endfacet
  facet normal 0 0 1
    outer loop
      vertex 183.964 108.372 3
      vertex 182.286 103.279 3
      vertex 185.75 105.279 3
    endloop
  endfacet
  facet normal 0 0 1
    outer loop
      vertex 178.714 103.279 3
      vertex 182.286 103.279 3
      vertex 180.5 106.372 3
    endloop
  endfacet
  facet normal -0 0 1
    outer loop
      vertex 180.5 106.372 3
      vertex 182.286 103.279 3
      vertex 183.964 108.372 3
    endloop
  endfacet
  facet normal 0 0 1
    outer loop
      vertex 187.536 90.186 3
      vertex 183.964 90.186 3
      vertex 185.75 87.093 3
    endloop
  endfacet
  facet normal 0 0 1
    outer loop
      vertex 183.964 90.186 3
      vertex 182.286 85.093 3
      vertex 185.75 87.093 3
    endloop
  endfacet
  facet normal 0 0 1
    outer loop
      vertex 178.714 85.093 3
      vertex 182.286 85.093 3
      vertex 180.5 88.186 3
    endloop
  endfacet
  facet normal -0 0 1
    outer loop
      vertex 180.5 88.186 3
      vertex 182.286 85.093 3
      vertex 183.964 90.186 3
    endloop
  endfacet
  facet normal 0 0 1
    outer loop
      vertex 187.536 72 3
      vertex 183.964 72 3
      vertex 185.75 68.907 3
    endloop
  endfacet
  facet normal 0 0 1
    outer loop
      vertex 183.964 72 3
      vertex 182.286 66.907 3
      vertex 185.75 68.907 3
    endloop
  endfacet
  facet normal 0 0 1
    outer loop
      vertex 178.714 66.907 3
      vertex 182.286 66.907 3
      vertex 180.5 70 3
    endloop
  endfacet
  facet normal -0 0 1
    outer loop
      vertex 180.5 70 3
      vertex 182.286 66.907 3
      vertex 183.964 72 3
    endloop
  endfacet
  facet normal 0 0 1
    outer loop
      vertex 187.536 53.814 3
      vertex 183.964 53.814 3
      vertex 185.75 50.721 3
    endloop
  endfacet
  facet normal 0 0 1
    outer loop
      vertex 183.964 53.814 3
      vertex 182.286 48.721 3
      vertex 185.75 50.721 3
    endloop
  endfacet
  facet normal 0 0 1
    outer loop
      vertex 178.714 48.721 3
      vertex 182.286 48.721 3
      vertex 180.5 51.814 3
    endloop
  endfacet
  facet normal -0 0 1
    outer loop
      vertex 180.5 51.814 3
      vertex 182.286 48.721 3
      vertex 183.964 53.814 3
    endloop
  endfacet
  facet normal 0 0 1
    outer loop
      vertex 187.536 35.628 3
      vertex 183.964 35.628 3
      vertex 185.75 32.535 3
    endloop
  endfacet
  facet normal 0 0 1
    outer loop
      vertex 183.964 35.628 3
      vertex 182.286 30.535 3
      vertex 185.75 32.535 3
    endloop
  endfacet
  facet normal 0 0 1
    outer loop
      vertex 178.714 30.535 3
      vertex 182.286 30.535 3
      vertex 180.5 33.628 3
    endloop
  endfacet
  facet normal -0 0 1
    outer loop
      vertex 180.5 33.628 3
      vertex 182.286 30.535 3
      vertex 183.964 35.628 3
    endloop
  endfacet
  facet normal 0 0 1
    outer loop
      vertex 192.786 135.651 3
      vertex 189.214 135.651 3
      vertex 191 132.558 3
    endloop
  endfacet
  facet normal 0 0 1
    outer loop
      vertex 189.214 135.651 3
      vertex 187.536 130.558 3
      vertex 191 132.558 3
    endloop
  endfacet
  facet normal 0 0 1
    outer loop
      vertex 183.964 130.558 3
      vertex 187.536 130.558 3
      vertex 185.75 133.651 3
    endloop
  endfacet
  facet normal -0 0 1
    outer loop
      vertex 185.75 133.651 3
      vertex 187.536 130.558 3
      vertex 189.214 135.651 3
    endloop
  endfacet
  facet normal 0 0 1
    outer loop
      vertex 192.786 117.465 3
      vertex 189.214 117.465 3
      vertex 191 114.372 3
    endloop
  endfacet
  facet normal 0 0 1
    outer loop
      vertex 189.214 117.465 3
      vertex 187.536 112.372 3
      vertex 191 114.372 3
    endloop
  endfacet
  facet normal 0 0 1
    outer loop
      vertex 183.964 112.372 3
      vertex 187.536 112.372 3
      vertex 185.75 115.465 3
    endloop
  endfacet
  facet normal -0 0 1
    outer loop
      vertex 185.75 115.465 3
      vertex 187.536 112.372 3
      vertex 189.214 117.465 3
    endloop
  endfacet
  facet normal 0 0 1
    outer loop
      vertex 192.786 99.279 3
      vertex 189.214 99.279 3
      vertex 191 96.186 3
    endloop
  endfacet
  facet normal 0 0 1
    outer loop
      vertex 189.214 99.279 3
      vertex 187.536 94.186 3
      vertex 191 96.186 3
    endloop
  endfacet
  facet normal 0 0 1
    outer loop
      vertex 183.964 94.186 3
      vertex 187.536 94.186 3
      vertex 185.75 97.279 3
    endloop
  endfacet
  facet normal -0 0 1
    outer loop
      vertex 185.75 97.279 3
      vertex 187.536 94.186 3
      vertex 189.214 99.279 3
    endloop
  endfacet
  facet normal 0 0 1
    outer loop
      vertex 192.786 81.093 3
      vertex 189.214 81.093 3
      vertex 191 78 3
    endloop
  endfacet
  facet normal 0 0 1
    outer loop
      vertex 189.214 81.093 3
      vertex 187.536 76 3
      vertex 191 78 3
    endloop
  endfacet
  facet normal 0 0 1
    outer loop
      vertex 183.964 76 3
      vertex 187.536 76 3
      vertex 185.75 79.093 3
    endloop
  endfacet
  facet normal -0 0 1
    outer loop
      vertex 185.75 79.093 3
      vertex 187.536 76 3
      vertex 189.214 81.093 3
    endloop
  endfacet
  facet normal 0 0 1
    outer loop
      vertex 192.786 62.907 3
      vertex 189.214 62.907 3
      vertex 191 59.814 3
    endloop
  endfacet
  facet normal 0 0 1
    outer loop
      vertex 189.214 62.907 3
      vertex 187.536 57.814 3
      vertex 191 59.814 3
    endloop
  endfacet
  facet normal 0 0 1
    outer loop
      vertex 183.964 57.814 3
      vertex 187.536 57.814 3
      vertex 185.75 60.907 3
    endloop
  endfacet
  facet normal -0 0 1
    outer loop
      vertex 185.75 60.907 3
      vertex 187.536 57.814 3
      vertex 189.214 62.907 3
    endloop
  endfacet
  facet normal 0 0 1
    outer loop
      vertex 192.786 44.721 3
      vertex 189.214 44.721 3
      vertex 191 41.628 3
    endloop
  endfacet
  facet normal 0 0 1
    outer loop
      vertex 189.214 44.721 3
      vertex 187.536 39.628 3
      vertex 191 41.628 3
    endloop
  endfacet
  facet normal 0 0 1
    outer loop
      vertex 183.964 39.628 3
      vertex 187.536 39.628 3
      vertex 185.75 42.721 3
    endloop
  endfacet
  facet normal -0 0 1
    outer loop
      vertex 185.75 42.721 3
      vertex 187.536 39.628 3
      vertex 189.214 44.721 3
    endloop
  endfacet
  facet normal 0 0 1
    outer loop
      vertex 192.786 26.535 3
      vertex 189.214 26.535 3
      vertex 191 23.442 3
    endloop
  endfacet
  facet normal 0 0 1
    outer loop
      vertex 189.214 26.535 3
      vertex 187.536 21.442 3
      vertex 191 23.442 3
    endloop
  endfacet
  facet normal -0 0 1
    outer loop
      vertex 183.964 21.442 3
      vertex 187.536 17.442 3
      vertex 187.536 21.442 3
    endloop
  endfacet
  facet normal -0 0 1
    outer loop
      vertex 185.75 24.535 3
      vertex 187.536 21.442 3
      vertex 189.214 26.535 3
    endloop
  endfacet
  facet normal 0 0 1
    outer loop
      vertex 183.964 21.442 3
      vertex 187.536 21.442 3
      vertex 185.75 24.535 3
    endloop
  endfacet
  facet normal 0 0 1
    outer loop
      vertex 183.964 17.442 3
      vertex 187.536 17.442 3
      vertex 183.964 21.442 3
    endloop
  endfacet
  facet normal 0 0 1
    outer loop
      vertex 187.536 17.442 3
      vertex 185.75 14.349 3
      vertex 186.354 14 3
    endloop
  endfacet
  facet normal 0 0 1
    outer loop
      vertex 187.536 17.442 3
      vertex 183.964 17.442 3
      vertex 185.75 14.349 3
    endloop
  endfacet
  facet normal 0 0 1
    outer loop
      vertex 182.286 26.535 3
      vertex 183.964 21.442 3
      vertex 185.75 24.535 3
    endloop
  endfacet
  facet normal 0 0 1
    outer loop
      vertex 182.286 26.535 3
      vertex 180.5 23.442 3
      vertex 183.964 21.442 3
    endloop
  endfacet
  facet normal 0 0 1
    outer loop
      vertex 182.286 30.535 3
      vertex 178.714 30.535 3
      vertex 182.286 26.535 3
    endloop
  endfacet
  facet normal 0 0 1
    outer loop
      vertex 178.714 26.535 3
      vertex 182.286 26.535 3
      vertex 178.714 30.535 3
    endloop
  endfacet
  facet normal 0 0 1
    outer loop
      vertex 177.036 35.628 3
      vertex 178.714 30.535 3
      vertex 180.5 33.628 3
    endloop
  endfacet
  facet normal 0 0 1
    outer loop
      vertex 177.036 35.628 3
      vertex 175.25 32.535 3
      vertex 178.714 30.535 3
    endloop
  endfacet
  facet normal 0 0 1
    outer loop
      vertex 177.036 39.628 3
      vertex 173.464 39.628 3
      vertex 177.036 35.628 3
    endloop
  endfacet
  facet normal 0 0 1
    outer loop
      vertex 173.464 35.628 3
      vertex 177.036 35.628 3
      vertex 173.464 39.628 3
    endloop
  endfacet
  facet normal 0 0 1
    outer loop
      vertex 171.786 44.721 3
      vertex 173.464 39.628 3
      vertex 175.25 42.721 3
    endloop
  endfacet
  facet normal 0 0 1
    outer loop
      vertex 171.786 44.721 3
      vertex 170 41.628 3
      vertex 173.464 39.628 3
    endloop
  endfacet
  facet normal 0 0 1
    outer loop
      vertex 171.786 48.721 3
      vertex 168.214 48.721 3
      vertex 171.786 44.721 3
    endloop
  endfacet
  facet normal 0 0 1
    outer loop
      vertex 168.214 44.721 3
      vertex 171.786 44.721 3
      vertex 168.214 48.721 3
    endloop
  endfacet
  facet normal 0 0 1
    outer loop
      vertex 166.536 53.814 3
      vertex 168.214 48.721 3
      vertex 170 51.814 3
    endloop
  endfacet
  facet normal 0 0 1
    outer loop
      vertex 166.536 53.814 3
      vertex 164.75 50.721 3
      vertex 168.214 48.721 3
    endloop
  endfacet
  facet normal 0 0 1
    outer loop
      vertex 166.536 57.814 3
      vertex 162.964 57.814 3
      vertex 166.536 53.814 3
    endloop
  endfacet
  facet normal 0 0 1
    outer loop
      vertex 162.964 53.814 3
      vertex 166.536 53.814 3
      vertex 162.964 57.814 3
    endloop
  endfacet
  facet normal 0 0 1
    outer loop
      vertex 161.286 62.907 3
      vertex 162.964 57.814 3
      vertex 164.75 60.907 3
    endloop
  endfacet
  facet normal 0 0 1
    outer loop
      vertex 161.286 62.907 3
      vertex 159.5 59.814 3
      vertex 162.964 57.814 3
    endloop
  endfacet
  facet normal 0 0 1
    outer loop
      vertex 161.286 66.907 3
      vertex 157.714 66.907 3
      vertex 161.286 62.907 3
    endloop
  endfacet
  facet normal 0 0 1
    outer loop
      vertex 157.714 62.907 3
      vertex 161.286 62.907 3
      vertex 157.714 66.907 3
    endloop
  endfacet
  facet normal 0 0 1
    outer loop
      vertex 156.036 72 3
      vertex 157.714 66.907 3
      vertex 159.5 70 3
    endloop
  endfacet
  facet normal 0 0 1
    outer loop
      vertex 156.036 72 3
      vertex 154.25 68.907 3
      vertex 157.714 66.907 3
    endloop
  endfacet
  facet normal 0 0 1
    outer loop
      vertex 156.036 76 3
      vertex 152.464 76 3
      vertex 156.036 72 3
    endloop
  endfacet
  facet normal 0 0 1
    outer loop
      vertex 152.464 72 3
      vertex 156.036 72 3
      vertex 152.464 76 3
    endloop
  endfacet
  facet normal 0 0 1
    outer loop
      vertex 150.786 81.093 3
      vertex 152.464 76 3
      vertex 154.25 79.093 3
    endloop
  endfacet
  facet normal 0 0 1
    outer loop
      vertex 150.786 81.093 3
      vertex 149 78 3
      vertex 152.464 76 3
    endloop
  endfacet
  facet normal 0 0 1
    outer loop
      vertex 150.786 85.093 3
      vertex 147.214 85.093 3
      vertex 150.786 81.093 3
    endloop
  endfacet
  facet normal 0 0 1
    outer loop
      vertex 147.214 81.093 3
      vertex 150.786 81.093 3
      vertex 147.214 85.093 3
    endloop
  endfacet
  facet normal 0 0 1
    outer loop
      vertex 145.536 90.186 3
      vertex 147.214 85.093 3
      vertex 149 88.186 3
    endloop
  endfacet
  facet normal 0 0 1
    outer loop
      vertex 145.536 90.186 3
      vertex 143.75 87.093 3
      vertex 147.214 85.093 3
    endloop
  endfacet
  facet normal 0 0 1
    outer loop
      vertex 145.536 94.186 3
      vertex 141.964 94.186 3
      vertex 145.536 90.186 3
    endloop
  endfacet
  facet normal 0 0 1
    outer loop
      vertex 141.964 90.186 3
      vertex 145.536 90.186 3
      vertex 141.964 94.186 3
    endloop
  endfacet
  facet normal 0 0 1
    outer loop
      vertex 140.286 99.279 3
      vertex 141.964 94.186 3
      vertex 143.75 97.279 3
    endloop
  endfacet
  facet normal 0 0 1
    outer loop
      vertex 140.286 99.279 3
      vertex 138.5 96.186 3
      vertex 141.964 94.186 3
    endloop
  endfacet
  facet normal 0 0 1
    outer loop
      vertex 140.286 103.279 3
      vertex 136.714 103.279 3
      vertex 140.286 99.279 3
    endloop
  endfacet
  facet normal 0 0 1
    outer loop
      vertex 136.714 99.279 3
      vertex 140.286 99.279 3
      vertex 136.714 103.279 3
    endloop
  endfacet
  facet normal 0 0 1
    outer loop
      vertex 135.036 108.372 3
      vertex 136.714 103.279 3
      vertex 138.5 106.372 3
    endloop
  endfacet
  facet normal 0 0 1
    outer loop
      vertex 135.036 108.372 3
      vertex 133.25 105.279 3
      vertex 136.714 103.279 3
    endloop
  endfacet
  facet normal 0 0 1
    outer loop
      vertex 135.036 112.372 3
      vertex 131.464 112.372 3
      vertex 135.036 108.372 3
    endloop
  endfacet
  facet normal 0 0 1
    outer loop
      vertex 131.464 108.372 3
      vertex 135.036 108.372 3
      vertex 131.464 112.372 3
    endloop
  endfacet
  facet normal 0 0 1
    outer loop
      vertex 129.786 117.465 3
      vertex 131.464 112.372 3
      vertex 133.25 115.465 3
    endloop
  endfacet
  facet normal 0 0 1
    outer loop
      vertex 129.786 117.465 3
      vertex 128 114.372 3
      vertex 131.464 112.372 3
    endloop
  endfacet
  facet normal 0 0 1
    outer loop
      vertex 129.786 121.465 3
      vertex 126.214 121.465 3
      vertex 129.786 117.465 3
    endloop
  endfacet
  facet normal 0 0 1
    outer loop
      vertex 126.214 117.465 3
      vertex 129.786 117.465 3
      vertex 126.214 121.465 3
    endloop
  endfacet
  facet normal 0 0 1
    outer loop
      vertex 124.536 126.558 3
      vertex 126.214 121.465 3
      vertex 128 124.558 3
    endloop
  endfacet
  facet normal 0 0 1
    outer loop
      vertex 124.536 126.558 3
      vertex 122.75 123.465 3
      vertex 126.214 121.465 3
    endloop
  endfacet
  facet normal 0 0 1
    outer loop
      vertex 124.536 130.558 3
      vertex 120.964 130.558 3
      vertex 124.536 126.558 3
    endloop
  endfacet
  facet normal 0 0 1
    outer loop
      vertex 120.964 126.558 3
      vertex 124.536 126.558 3
      vertex 120.964 130.558 3
    endloop
  endfacet
  facet normal 0 0 1
    outer loop
      vertex 119.286 135.651 3
      vertex 120.964 130.558 3
      vertex 122.75 133.651 3
    endloop
  endfacet
  facet normal 0 0 1
    outer loop
      vertex 120.964 130.558 3
      vertex 119.286 135.651 3
      vertex 117.5 132.558 3
    endloop
  endfacet
  facet normal 0 0 1
    outer loop
      vertex 198.036 126.558 3
      vertex 194.464 126.558 3
      vertex 196.25 123.465 3
    endloop
  endfacet
  facet normal 0 0 1
    outer loop
      vertex 194.464 126.558 3
      vertex 192.786 121.465 3
      vertex 196.25 123.465 3
    endloop
  endfacet
  facet normal 0 0 1
    outer loop
      vertex 189.214 121.465 3
      vertex 192.786 121.465 3
      vertex 191 124.558 3
    endloop
  endfacet
  facet normal -0 0 1
    outer loop
      vertex 191 124.558 3
      vertex 192.786 121.465 3
      vertex 194.464 126.558 3
    endloop
  endfacet
  facet normal 0 0 1
    outer loop
      vertex 198.036 108.372 3
      vertex 194.464 108.372 3
      vertex 196.25 105.279 3
    endloop
  endfacet
  facet normal 0 0 1
    outer loop
      vertex 194.464 108.372 3
      vertex 192.786 103.279 3
      vertex 196.25 105.279 3
    endloop
  endfacet
  facet normal 0 0 1
    outer loop
      vertex 189.214 103.279 3
      vertex 192.786 103.279 3
      vertex 191 106.372 3
    endloop
  endfacet
  facet normal -0 0 1
    outer loop
      vertex 191 106.372 3
      vertex 192.786 103.279 3
      vertex 194.464 108.372 3
    endloop
  endfacet
  facet normal 0 0 1
    outer loop
      vertex 198.036 90.186 3
      vertex 194.464 90.186 3
      vertex 196.25 87.093 3
    endloop
  endfacet
  facet normal 0 0 1
    outer loop
      vertex 194.464 90.186 3
      vertex 192.786 85.093 3
      vertex 196.25 87.093 3
    endloop
  endfacet
  facet normal 0 0 1
    outer loop
      vertex 189.214 85.093 3
      vertex 192.786 85.093 3
      vertex 191 88.186 3
    endloop
  endfacet
  facet normal -0 0 1
    outer loop
      vertex 191 88.186 3
      vertex 192.786 85.093 3
      vertex 194.464 90.186 3
    endloop
  endfacet
  facet normal 0 0 1
    outer loop
      vertex 198.036 72 3
      vertex 194.464 72 3
      vertex 196.25 68.907 3
    endloop
  endfacet
  facet normal 0 0 1
    outer loop
      vertex 194.464 72 3
      vertex 192.786 66.907 3
      vertex 196.25 68.907 3
    endloop
  endfacet
  facet normal 0 0 1
    outer loop
      vertex 189.214 66.907 3
      vertex 192.786 66.907 3
      vertex 191 70 3
    endloop
  endfacet
  facet normal -0 0 1
    outer loop
      vertex 191 70 3
      vertex 192.786 66.907 3
      vertex 194.464 72 3
    endloop
  endfacet
  facet normal 0 0 1
    outer loop
      vertex 198.036 53.814 3
      vertex 194.464 53.814 3
      vertex 196.25 50.721 3
    endloop
  endfacet
  facet normal 0 0 1
    outer loop
      vertex 194.464 53.814 3
      vertex 192.786 48.721 3
      vertex 196.25 50.721 3
    endloop
  endfacet
  facet normal 0 0 1
    outer loop
      vertex 189.214 48.721 3
      vertex 192.786 48.721 3
      vertex 191 51.814 3
    endloop
  endfacet
  facet normal -0 0 1
    outer loop
      vertex 191 51.814 3
      vertex 192.786 48.721 3
      vertex 194.464 53.814 3
    endloop
  endfacet
  facet normal 0 0 1
    outer loop
      vertex 198.036 35.628 3
      vertex 194.464 35.628 3
      vertex 196.25 32.535 3
    endloop
  endfacet
  facet normal 0 0 1
    outer loop
      vertex 194.464 35.628 3
      vertex 192.786 30.535 3
      vertex 196.25 32.535 3
    endloop
  endfacet
  facet normal 0 0 1
    outer loop
      vertex 189.214 30.535 3
      vertex 192.786 30.535 3
      vertex 191 33.628 3
    endloop
  endfacet
  facet normal -0 0 1
    outer loop
      vertex 191 33.628 3
      vertex 192.786 30.535 3
      vertex 194.464 35.628 3
    endloop
  endfacet
  facet normal 0 0 1
    outer loop
      vertex 203.286 135.651 3
      vertex 199.714 135.651 3
      vertex 201.5 132.558 3
    endloop
  endfacet
  facet normal 0 0 1
    outer loop
      vertex 199.714 135.651 3
      vertex 198.036 130.558 3
      vertex 201.5 132.558 3
    endloop
  endfacet
  facet normal 0 0 1
    outer loop
      vertex 194.464 130.558 3
      vertex 198.036 130.558 3
      vertex 196.25 133.651 3
    endloop
  endfacet
  facet normal -0 0 1
    outer loop
      vertex 196.25 133.651 3
      vertex 198.036 130.558 3
      vertex 199.714 135.651 3
    endloop
  endfacet
  facet normal 0 0 1
    outer loop
      vertex 203.286 117.465 3
      vertex 199.714 117.465 3
      vertex 201.5 114.372 3
    endloop
  endfacet
  facet normal 0 0 1
    outer loop
      vertex 199.714 117.465 3
      vertex 198.036 112.372 3
      vertex 201.5 114.372 3
    endloop
  endfacet
  facet normal 0 0 1
    outer loop
      vertex 194.464 112.372 3
      vertex 198.036 112.372 3
      vertex 196.25 115.465 3
    endloop
  endfacet
  facet normal -0 0 1
    outer loop
      vertex 196.25 115.465 3
      vertex 198.036 112.372 3
      vertex 199.714 117.465 3
    endloop
  endfacet
  facet normal 0 0 1
    outer loop
      vertex 203.286 99.279 3
      vertex 199.714 99.279 3
      vertex 201.5 96.186 3
    endloop
  endfacet
  facet normal 0 0 1
    outer loop
      vertex 199.714 99.279 3
      vertex 198.036 94.186 3
      vertex 201.5 96.186 3
    endloop
  endfacet
  facet normal 0 0 1
    outer loop
      vertex 194.464 94.186 3
      vertex 198.036 94.186 3
      vertex 196.25 97.279 3
    endloop
  endfacet
  facet normal -0 0 1
    outer loop
      vertex 196.25 97.279 3
      vertex 198.036 94.186 3
      vertex 199.714 99.279 3
    endloop
  endfacet
  facet normal 0 0 1
    outer loop
      vertex 203.286 81.093 3
      vertex 199.714 81.093 3
      vertex 201.5 78 3
    endloop
  endfacet
  facet normal 0 0 1
    outer loop
      vertex 199.714 81.093 3
      vertex 198.036 76 3
      vertex 201.5 78 3
    endloop
  endfacet
  facet normal 0 0 1
    outer loop
      vertex 194.464 76 3
      vertex 198.036 76 3
      vertex 196.25 79.093 3
    endloop
  endfacet
  facet normal -0 0 1
    outer loop
      vertex 196.25 79.093 3
      vertex 198.036 76 3
      vertex 199.714 81.093 3
    endloop
  endfacet
  facet normal 0 0 1
    outer loop
      vertex 203.286 62.907 3
      vertex 199.714 62.907 3
      vertex 201.5 59.814 3
    endloop
  endfacet
  facet normal 0 0 1
    outer loop
      vertex 199.714 62.907 3
      vertex 198.036 57.814 3
      vertex 201.5 59.814 3
    endloop
  endfacet
  facet normal 0 0 1
    outer loop
      vertex 194.464 57.814 3
      vertex 198.036 57.814 3
      vertex 196.25 60.907 3
    endloop
  endfacet
  facet normal -0 0 1
    outer loop
      vertex 196.25 60.907 3
      vertex 198.036 57.814 3
      vertex 199.714 62.907 3
    endloop
  endfacet
  facet normal 0 0 1
    outer loop
      vertex 203.286 44.721 3
      vertex 199.714 44.721 3
      vertex 201.5 41.628 3
    endloop
  endfacet
  facet normal 0 0 1
    outer loop
      vertex 199.714 44.721 3
      vertex 198.036 39.628 3
      vertex 201.5 41.628 3
    endloop
  endfacet
  facet normal 0 0 1
    outer loop
      vertex 194.464 39.628 3
      vertex 198.036 39.628 3
      vertex 196.25 42.721 3
    endloop
  endfacet
  facet normal -0 0 1
    outer loop
      vertex 196.25 42.721 3
      vertex 198.036 39.628 3
      vertex 199.714 44.721 3
    endloop
  endfacet
  facet normal 0 0 1
    outer loop
      vertex 203.286 26.535 3
      vertex 199.714 26.535 3
      vertex 201.5 23.442 3
    endloop
  endfacet
  facet normal 0 0 1
    outer loop
      vertex 199.714 26.535 3
      vertex 198.036 21.442 3
      vertex 201.5 23.442 3
    endloop
  endfacet
  facet normal -0 0 1
    outer loop
      vertex 194.464 21.442 3
      vertex 198.036 17.442 3
      vertex 198.036 21.442 3
    endloop
  endfacet
  facet normal -0 0 1
    outer loop
      vertex 196.25 24.535 3
      vertex 198.036 21.442 3
      vertex 199.714 26.535 3
    endloop
  endfacet
  facet normal 0 0 1
    outer loop
      vertex 194.464 21.442 3
      vertex 198.036 21.442 3
      vertex 196.25 24.535 3
    endloop
  endfacet
  facet normal 0 0 1
    outer loop
      vertex 194.464 17.442 3
      vertex 198.036 17.442 3
      vertex 194.464 21.442 3
    endloop
  endfacet
  facet normal 0 0 1
    outer loop
      vertex 198.036 17.442 3
      vertex 196.25 14.349 3
      vertex 196.854 14 3
    endloop
  endfacet
  facet normal 0 0 1
    outer loop
      vertex 198.036 17.442 3
      vertex 194.464 17.442 3
      vertex 196.25 14.349 3
    endloop
  endfacet
  facet normal 0 0 1
    outer loop
      vertex 192.786 26.535 3
      vertex 194.464 21.442 3
      vertex 196.25 24.535 3
    endloop
  endfacet
  facet normal 0 0 1
    outer loop
      vertex 192.786 26.535 3
      vertex 191 23.442 3
      vertex 194.464 21.442 3
    endloop
  endfacet
  facet normal 0 0 1
    outer loop
      vertex 192.786 30.535 3
      vertex 189.214 30.535 3
      vertex 192.786 26.535 3
    endloop
  endfacet
  facet normal 0 0 1
    outer loop
      vertex 189.214 26.535 3
      vertex 192.786 26.535 3
      vertex 189.214 30.535 3
    endloop
  endfacet
  facet normal 0 0 1
    outer loop
      vertex 187.536 35.628 3
      vertex 189.214 30.535 3
      vertex 191 33.628 3
    endloop
  endfacet
  facet normal 0 0 1
    outer loop
      vertex 187.536 35.628 3
      vertex 185.75 32.535 3
      vertex 189.214 30.535 3
    endloop
  endfacet
  facet normal 0 0 1
    outer loop
      vertex 187.536 39.628 3
      vertex 183.964 39.628 3
      vertex 187.536 35.628 3
    endloop
  endfacet
  facet normal 0 0 1
    outer loop
      vertex 183.964 35.628 3
      vertex 187.536 35.628 3
      vertex 183.964 39.628 3
    endloop
  endfacet
  facet normal 0 0 1
    outer loop
      vertex 182.286 44.721 3
      vertex 183.964 39.628 3
      vertex 185.75 42.721 3
    endloop
  endfacet
  facet normal 0 0 1
    outer loop
      vertex 182.286 44.721 3
      vertex 180.5 41.628 3
      vertex 183.964 39.628 3
    endloop
  endfacet
  facet normal 0 0 1
    outer loop
      vertex 182.286 48.721 3
      vertex 178.714 48.721 3
      vertex 182.286 44.721 3
    endloop
  endfacet
  facet normal 0 0 1
    outer loop
      vertex 178.714 44.721 3
      vertex 182.286 44.721 3
      vertex 178.714 48.721 3
    endloop
  endfacet
  facet normal 0 0 1
    outer loop
      vertex 177.036 53.814 3
      vertex 178.714 48.721 3
      vertex 180.5 51.814 3
    endloop
  endfacet
  facet normal 0 0 1
    outer loop
      vertex 177.036 53.814 3
      vertex 175.25 50.721 3
      vertex 178.714 48.721 3
    endloop
  endfacet
  facet normal 0 0 1
    outer loop
      vertex 177.036 57.814 3
      vertex 173.464 57.814 3
      vertex 177.036 53.814 3
    endloop
  endfacet
  facet normal 0 0 1
    outer loop
      vertex 173.464 53.814 3
      vertex 177.036 53.814 3
      vertex 173.464 57.814 3
    endloop
  endfacet
  facet normal 0 0 1
    outer loop
      vertex 171.786 62.907 3
      vertex 173.464 57.814 3
      vertex 175.25 60.907 3
    endloop
  endfacet
  facet normal 0 0 1
    outer loop
      vertex 171.786 62.907 3
      vertex 170 59.814 3
      vertex 173.464 57.814 3
    endloop
  endfacet
  facet normal 0 0 1
    outer loop
      vertex 171.786 66.907 3
      vertex 168.214 66.907 3
      vertex 171.786 62.907 3
    endloop
  endfacet
  facet normal 0 0 1
    outer loop
      vertex 168.214 62.907 3
      vertex 171.786 62.907 3
      vertex 168.214 66.907 3
    endloop
  endfacet
  facet normal 0 0 1
    outer loop
      vertex 166.536 72 3
      vertex 168.214 66.907 3
      vertex 170 70 3
    endloop
  endfacet
  facet normal 0 0 1
    outer loop
      vertex 166.536 72 3
      vertex 164.75 68.907 3
      vertex 168.214 66.907 3
    endloop
  endfacet
  facet normal 0 0 1
    outer loop
      vertex 166.536 76 3
      vertex 162.964 76 3
      vertex 166.536 72 3
    endloop
  endfacet
  facet normal 0 0 1
    outer loop
      vertex 162.964 72 3
      vertex 166.536 72 3
      vertex 162.964 76 3
    endloop
  endfacet
  facet normal 0 0 1
    outer loop
      vertex 161.286 81.093 3
      vertex 162.964 76 3
      vertex 164.75 79.093 3
    endloop
  endfacet
  facet normal 0 0 1
    outer loop
      vertex 161.286 81.093 3
      vertex 159.5 78 3
      vertex 162.964 76 3
    endloop
  endfacet
  facet normal 0 0 1
    outer loop
      vertex 161.286 85.093 3
      vertex 157.714 85.093 3
      vertex 161.286 81.093 3
    endloop
  endfacet
  facet normal 0 0 1
    outer loop
      vertex 157.714 81.093 3
      vertex 161.286 81.093 3
      vertex 157.714 85.093 3
    endloop
  endfacet
  facet normal 0 0 1
    outer loop
      vertex 156.036 90.186 3
      vertex 157.714 85.093 3
      vertex 159.5 88.186 3
    endloop
  endfacet
  facet normal 0 0 1
    outer loop
      vertex 156.036 90.186 3
      vertex 154.25 87.093 3
      vertex 157.714 85.093 3
    endloop
  endfacet
  facet normal 0 0 1
    outer loop
      vertex 156.036 94.186 3
      vertex 152.464 94.186 3
      vertex 156.036 90.186 3
    endloop
  endfacet
  facet normal 0 0 1
    outer loop
      vertex 152.464 90.186 3
      vertex 156.036 90.186 3
      vertex 152.464 94.186 3
    endloop
  endfacet
  facet normal 0 0 1
    outer loop
      vertex 150.786 99.279 3
      vertex 152.464 94.186 3
      vertex 154.25 97.279 3
    endloop
  endfacet
  facet normal 0 0 1
    outer loop
      vertex 150.786 99.279 3
      vertex 149 96.186 3
      vertex 152.464 94.186 3
    endloop
  endfacet
  facet normal 0 0 1
    outer loop
      vertex 150.786 103.279 3
      vertex 147.214 103.279 3
      vertex 150.786 99.279 3
    endloop
  endfacet
  facet normal 0 0 1
    outer loop
      vertex 147.214 99.279 3
      vertex 150.786 99.279 3
      vertex 147.214 103.279 3
    endloop
  endfacet
  facet normal 0 0 1
    outer loop
      vertex 145.536 108.372 3
      vertex 147.214 103.279 3
      vertex 149 106.372 3
    endloop
  endfacet
  facet normal 0 0 1
    outer loop
      vertex 145.536 108.372 3
      vertex 143.75 105.279 3
      vertex 147.214 103.279 3
    endloop
  endfacet
  facet normal 0 0 1
    outer loop
      vertex 145.536 112.372 3
      vertex 141.964 112.372 3
      vertex 145.536 108.372 3
    endloop
  endfacet
  facet normal 0 0 1
    outer loop
      vertex 141.964 108.372 3
      vertex 145.536 108.372 3
      vertex 141.964 112.372 3
    endloop
  endfacet
  facet normal 0 0 1
    outer loop
      vertex 140.286 117.465 3
      vertex 141.964 112.372 3
      vertex 143.75 115.465 3
    endloop
  endfacet
  facet normal 0 0 1
    outer loop
      vertex 140.286 117.465 3
      vertex 138.5 114.372 3
      vertex 141.964 112.372 3
    endloop
  endfacet
  facet normal 0 0 1
    outer loop
      vertex 140.286 121.465 3
      vertex 136.714 121.465 3
      vertex 140.286 117.465 3
    endloop
  endfacet
  facet normal 0 0 1
    outer loop
      vertex 136.714 117.465 3
      vertex 140.286 117.465 3
      vertex 136.714 121.465 3
    endloop
  endfacet
  facet normal 0 0 1
    outer loop
      vertex 135.036 126.558 3
      vertex 136.714 121.465 3
      vertex 138.5 124.558 3
    endloop
  endfacet
  facet normal 0 0 1
    outer loop
      vertex 135.036 126.558 3
      vertex 133.25 123.465 3
      vertex 136.714 121.465 3
    endloop
  endfacet
  facet normal 0 0 1
    outer loop
      vertex 135.036 130.558 3
      vertex 131.464 130.558 3
      vertex 135.036 126.558 3
    endloop
  endfacet
  facet normal 0 0 1
    outer loop
      vertex 131.464 126.558 3
      vertex 135.036 126.558 3
      vertex 131.464 130.558 3
    endloop
  endfacet
  facet normal 0 0 1
    outer loop
      vertex 129.786 135.651 3
      vertex 131.464 130.558 3
      vertex 133.25 133.651 3
    endloop
  endfacet
  facet normal 0 0 1
    outer loop
      vertex 131.464 130.558 3
      vertex 129.786 135.651 3
      vertex 128 132.558 3
    endloop
  endfacet
  facet normal 0 0 1
    outer loop
      vertex 208.536 126.558 3
      vertex 204.964 126.558 3
      vertex 206.75 123.465 3
    endloop
  endfacet
  facet normal 0 0 1
    outer loop
      vertex 204.964 126.558 3
      vertex 203.286 121.465 3
      vertex 206.75 123.465 3
    endloop
  endfacet
  facet normal 0 0 1
    outer loop
      vertex 199.714 121.465 3
      vertex 203.286 121.465 3
      vertex 201.5 124.558 3
    endloop
  endfacet
  facet normal -0 0 1
    outer loop
      vertex 201.5 124.558 3
      vertex 203.286 121.465 3
      vertex 204.964 126.558 3
    endloop
  endfacet
  facet normal 0 0 1
    outer loop
      vertex 208.536 108.372 3
      vertex 204.964 108.372 3
      vertex 206.75 105.279 3
    endloop
  endfacet
  facet normal 0 0 1
    outer loop
      vertex 204.964 108.372 3
      vertex 203.286 103.279 3
      vertex 206.75 105.279 3
    endloop
  endfacet
  facet normal 0 0 1
    outer loop
      vertex 199.714 103.279 3
      vertex 203.286 103.279 3
      vertex 201.5 106.372 3
    endloop
  endfacet
  facet normal -0 0 1
    outer loop
      vertex 201.5 106.372 3
      vertex 203.286 103.279 3
      vertex 204.964 108.372 3
    endloop
  endfacet
  facet normal 0 0 1
    outer loop
      vertex 208.536 90.186 3
      vertex 204.964 90.186 3
      vertex 206.75 87.093 3
    endloop
  endfacet
  facet normal 0 0 1
    outer loop
      vertex 204.964 90.186 3
      vertex 203.286 85.093 3
      vertex 206.75 87.093 3
    endloop
  endfacet
  facet normal 0 0 1
    outer loop
      vertex 199.714 85.093 3
      vertex 203.286 85.093 3
      vertex 201.5 88.186 3
    endloop
  endfacet
  facet normal -0 0 1
    outer loop
      vertex 201.5 88.186 3
      vertex 203.286 85.093 3
      vertex 204.964 90.186 3
    endloop
  endfacet
  facet normal 0 0 1
    outer loop
      vertex 208.536 72 3
      vertex 204.964 72 3
      vertex 206.75 68.907 3
    endloop
  endfacet
  facet normal 0 0 1
    outer loop
      vertex 204.964 72 3
      vertex 203.286 66.907 3
      vertex 206.75 68.907 3
    endloop
  endfacet
  facet normal 0 0 1
    outer loop
      vertex 199.714 66.907 3
      vertex 203.286 66.907 3
      vertex 201.5 70 3
    endloop
  endfacet
  facet normal -0 0 1
    outer loop
      vertex 201.5 70 3
      vertex 203.286 66.907 3
      vertex 204.964 72 3
    endloop
  endfacet
  facet normal 0 0 1
    outer loop
      vertex 208.536 53.814 3
      vertex 204.964 53.814 3
      vertex 206.75 50.721 3
    endloop
  endfacet
  facet normal 0 0 1
    outer loop
      vertex 204.964 53.814 3
      vertex 203.286 48.721 3
      vertex 206.75 50.721 3
    endloop
  endfacet
  facet normal 0 0 1
    outer loop
      vertex 199.714 48.721 3
      vertex 203.286 48.721 3
      vertex 201.5 51.814 3
    endloop
  endfacet
  facet normal -0 0 1
    outer loop
      vertex 201.5 51.814 3
      vertex 203.286 48.721 3
      vertex 204.964 53.814 3
    endloop
  endfacet
  facet normal 0 0 1
    outer loop
      vertex 208.536 35.628 3
      vertex 204.964 35.628 3
      vertex 206.75 32.535 3
    endloop
  endfacet
  facet normal 0 0 1
    outer loop
      vertex 204.964 35.628 3
      vertex 203.286 30.535 3
      vertex 206.75 32.535 3
    endloop
  endfacet
  facet normal 0 0 1
    outer loop
      vertex 199.714 30.535 3
      vertex 203.286 30.535 3
      vertex 201.5 33.628 3
    endloop
  endfacet
  facet normal -0 0 1
    outer loop
      vertex 201.5 33.628 3
      vertex 203.286 30.535 3
      vertex 204.964 35.628 3
    endloop
  endfacet
  facet normal 0 0 1
    outer loop
      vertex 213.786 135.651 3
      vertex 210.214 135.651 3
      vertex 212 132.558 3
    endloop
  endfacet
  facet normal 0 0 1
    outer loop
      vertex 210.214 135.651 3
      vertex 208.536 130.558 3
      vertex 212 132.558 3
    endloop
  endfacet
  facet normal 0 0 1
    outer loop
      vertex 204.964 130.558 3
      vertex 208.536 130.558 3
      vertex 206.75 133.651 3
    endloop
  endfacet
  facet normal -0 0 1
    outer loop
      vertex 206.75 133.651 3
      vertex 208.536 130.558 3
      vertex 210.214 135.651 3
    endloop
  endfacet
  facet normal 0 0 1
    outer loop
      vertex 213.786 117.465 3
      vertex 210.214 117.465 3
      vertex 212 114.372 3
    endloop
  endfacet
  facet normal 0 0 1
    outer loop
      vertex 210.214 117.465 3
      vertex 208.536 112.372 3
      vertex 212 114.372 3
    endloop
  endfacet
  facet normal 0 0 1
    outer loop
      vertex 204.964 112.372 3
      vertex 208.536 112.372 3
      vertex 206.75 115.465 3
    endloop
  endfacet
  facet normal -0 0 1
    outer loop
      vertex 206.75 115.465 3
      vertex 208.536 112.372 3
      vertex 210.214 117.465 3
    endloop
  endfacet
  facet normal 0 0 1
    outer loop
      vertex 213.786 99.279 3
      vertex 210.214 99.279 3
      vertex 212 96.186 3
    endloop
  endfacet
  facet normal 0 0 1
    outer loop
      vertex 210.214 99.279 3
      vertex 208.536 94.186 3
      vertex 212 96.186 3
    endloop
  endfacet
  facet normal 0 0 1
    outer loop
      vertex 204.964 94.186 3
      vertex 208.536 94.186 3
      vertex 206.75 97.279 3
    endloop
  endfacet
  facet normal -0 0 1
    outer loop
      vertex 206.75 97.279 3
      vertex 208.536 94.186 3
      vertex 210.214 99.279 3
    endloop
  endfacet
  facet normal 0 0 1
    outer loop
      vertex 213.786 81.093 3
      vertex 210.214 81.093 3
      vertex 212 78 3
    endloop
  endfacet
  facet normal 0 0 1
    outer loop
      vertex 210.214 81.093 3
      vertex 208.536 76 3
      vertex 212 78 3
    endloop
  endfacet
  facet normal 0 0 1
    outer loop
      vertex 204.964 76 3
      vertex 208.536 76 3
      vertex 206.75 79.093 3
    endloop
  endfacet
  facet normal -0 0 1
    outer loop
      vertex 206.75 79.093 3
      vertex 208.536 76 3
      vertex 210.214 81.093 3
    endloop
  endfacet
  facet normal 0 0 1
    outer loop
      vertex 213.786 62.907 3
      vertex 210.214 62.907 3
      vertex 212 59.814 3
    endloop
  endfacet
  facet normal 0 0 1
    outer loop
      vertex 210.214 62.907 3
      vertex 208.536 57.814 3
      vertex 212 59.814 3
    endloop
  endfacet
  facet normal 0 0 1
    outer loop
      vertex 204.964 57.814 3
      vertex 208.536 57.814 3
      vertex 206.75 60.907 3
    endloop
  endfacet
  facet normal -0 0 1
    outer loop
      vertex 206.75 60.907 3
      vertex 208.536 57.814 3
      vertex 210.214 62.907 3
    endloop
  endfacet
  facet normal 0 0 1
    outer loop
      vertex 213.786 44.721 3
      vertex 210.214 44.721 3
      vertex 212 41.628 3
    endloop
  endfacet
  facet normal 0 0 1
    outer loop
      vertex 210.214 44.721 3
      vertex 208.536 39.628 3
      vertex 212 41.628 3
    endloop
  endfacet
  facet normal 0 0 1
    outer loop
      vertex 204.964 39.628 3
      vertex 208.536 39.628 3
      vertex 206.75 42.721 3
    endloop
  endfacet
  facet normal -0 0 1
    outer loop
      vertex 206.75 42.721 3
      vertex 208.536 39.628 3
      vertex 210.214 44.721 3
    endloop
  endfacet
  facet normal 0 0 1
    outer loop
      vertex 213.786 26.535 3
      vertex 210.214 26.535 3
      vertex 212 23.442 3
    endloop
  endfacet
  facet normal 0 0 1
    outer loop
      vertex 210.214 26.535 3
      vertex 208.536 21.442 3
      vertex 212 23.442 3
    endloop
  endfacet
  facet normal -0 0 1
    outer loop
      vertex 204.964 21.442 3
      vertex 208.536 17.442 3
      vertex 208.536 21.442 3
    endloop
  endfacet
  facet normal -0 0 1
    outer loop
      vertex 206.75 24.535 3
      vertex 208.536 21.442 3
      vertex 210.214 26.535 3
    endloop
  endfacet
  facet normal 0 0 1
    outer loop
      vertex 204.964 21.442 3
      vertex 208.536 21.442 3
      vertex 206.75 24.535 3
    endloop
  endfacet
  facet normal 0 0 1
    outer loop
      vertex 204.964 17.442 3
      vertex 208.536 17.442 3
      vertex 204.964 21.442 3
    endloop
  endfacet
  facet normal 0 0 1
    outer loop
      vertex 208.536 17.442 3
      vertex 206.75 14.349 3
      vertex 207.354 14 3
    endloop
  endfacet
  facet normal 0 0 1
    outer loop
      vertex 208.536 17.442 3
      vertex 204.964 17.442 3
      vertex 206.75 14.349 3
    endloop
  endfacet
  facet normal 0 0 1
    outer loop
      vertex 203.286 26.535 3
      vertex 204.964 21.442 3
      vertex 206.75 24.535 3
    endloop
  endfacet
  facet normal 0 0 1
    outer loop
      vertex 203.286 26.535 3
      vertex 201.5 23.442 3
      vertex 204.964 21.442 3
    endloop
  endfacet
  facet normal 0 0 1
    outer loop
      vertex 203.286 30.535 3
      vertex 199.714 30.535 3
      vertex 203.286 26.535 3
    endloop
  endfacet
  facet normal 0 0 1
    outer loop
      vertex 199.714 26.535 3
      vertex 203.286 26.535 3
      vertex 199.714 30.535 3
    endloop
  endfacet
  facet normal 0 0 1
    outer loop
      vertex 198.036 35.628 3
      vertex 199.714 30.535 3
      vertex 201.5 33.628 3
    endloop
  endfacet
  facet normal 0 0 1
    outer loop
      vertex 198.036 35.628 3
      vertex 196.25 32.535 3
      vertex 199.714 30.535 3
    endloop
  endfacet
  facet normal 0 0 1
    outer loop
      vertex 198.036 39.628 3
      vertex 194.464 39.628 3
      vertex 198.036 35.628 3
    endloop
  endfacet
  facet normal 0 0 1
    outer loop
      vertex 194.464 35.628 3
      vertex 198.036 35.628 3
      vertex 194.464 39.628 3
    endloop
  endfacet
  facet normal 0 0 1
    outer loop
      vertex 192.786 44.721 3
      vertex 194.464 39.628 3
      vertex 196.25 42.721 3
    endloop
  endfacet
  facet normal 0 0 1
    outer loop
      vertex 192.786 44.721 3
      vertex 191 41.628 3
      vertex 194.464 39.628 3
    endloop
  endfacet
  facet normal 0 0 1
    outer loop
      vertex 192.786 48.721 3
      vertex 189.214 48.721 3
      vertex 192.786 44.721 3
    endloop
  endfacet
  facet normal 0 0 1
    outer loop
      vertex 189.214 44.721 3
      vertex 192.786 44.721 3
      vertex 189.214 48.721 3
    endloop
  endfacet
  facet normal 0 0 1
    outer loop
      vertex 187.536 53.814 3
      vertex 189.214 48.721 3
      vertex 191 51.814 3
    endloop
  endfacet
  facet normal 0 0 1
    outer loop
      vertex 187.536 53.814 3
      vertex 185.75 50.721 3
      vertex 189.214 48.721 3
    endloop
  endfacet
  facet normal 0 0 1
    outer loop
      vertex 187.536 57.814 3
      vertex 183.964 57.814 3
      vertex 187.536 53.814 3
    endloop
  endfacet
  facet normal 0 0 1
    outer loop
      vertex 183.964 53.814 3
      vertex 187.536 53.814 3
      vertex 183.964 57.814 3
    endloop
  endfacet
  facet normal 0 0 1
    outer loop
      vertex 182.286 62.907 3
      vertex 183.964 57.814 3
      vertex 185.75 60.907 3
    endloop
  endfacet
  facet normal 0 0 1
    outer loop
      vertex 182.286 62.907 3
      vertex 180.5 59.814 3
      vertex 183.964 57.814 3
    endloop
  endfacet
  facet normal 0 0 1
    outer loop
      vertex 182.286 66.907 3
      vertex 178.714 66.907 3
      vertex 182.286 62.907 3
    endloop
  endfacet
  facet normal 0 0 1
    outer loop
      vertex 178.714 62.907 3
      vertex 182.286 62.907 3
      vertex 178.714 66.907 3
    endloop
  endfacet
  facet normal 0 0 1
    outer loop
      vertex 177.036 72 3
      vertex 178.714 66.907 3
      vertex 180.5 70 3
    endloop
  endfacet
  facet normal 0 0 1
    outer loop
      vertex 177.036 72 3
      vertex 175.25 68.907 3
      vertex 178.714 66.907 3
    endloop
  endfacet
  facet normal 0 0 1
    outer loop
      vertex 177.036 76 3
      vertex 173.464 76 3
      vertex 177.036 72 3
    endloop
  endfacet
  facet normal 0 0 1
    outer loop
      vertex 173.464 72 3
      vertex 177.036 72 3
      vertex 173.464 76 3
    endloop
  endfacet
  facet normal 0 0 1
    outer loop
      vertex 171.786 81.093 3
      vertex 173.464 76 3
      vertex 175.25 79.093 3
    endloop
  endfacet
  facet normal 0 0 1
    outer loop
      vertex 171.786 81.093 3
      vertex 170 78 3
      vertex 173.464 76 3
    endloop
  endfacet
  facet normal 0 0 1
    outer loop
      vertex 171.786 85.093 3
      vertex 168.214 85.093 3
      vertex 171.786 81.093 3
    endloop
  endfacet
  facet normal 0 0 1
    outer loop
      vertex 168.214 81.093 3
      vertex 171.786 81.093 3
      vertex 168.214 85.093 3
    endloop
  endfacet
  facet normal 0 0 1
    outer loop
      vertex 166.536 90.186 3
      vertex 168.214 85.093 3
      vertex 170 88.186 3
    endloop
  endfacet
  facet normal 0 0 1
    outer loop
      vertex 166.536 90.186 3
      vertex 164.75 87.093 3
      vertex 168.214 85.093 3
    endloop
  endfacet
  facet normal 0 0 1
    outer loop
      vertex 166.536 94.186 3
      vertex 162.964 94.186 3
      vertex 166.536 90.186 3
    endloop
  endfacet
  facet normal 0 0 1
    outer loop
      vertex 162.964 90.186 3
      vertex 166.536 90.186 3
      vertex 162.964 94.186 3
    endloop
  endfacet
  facet normal 0 0 1
    outer loop
      vertex 161.286 99.279 3
      vertex 162.964 94.186 3
      vertex 164.75 97.279 3
    endloop
  endfacet
  facet normal 0 0 1
    outer loop
      vertex 161.286 99.279 3
      vertex 159.5 96.186 3
      vertex 162.964 94.186 3
    endloop
  endfacet
  facet normal 0 0 1
    outer loop
      vertex 161.286 103.279 3
      vertex 157.714 103.279 3
      vertex 161.286 99.279 3
    endloop
  endfacet
  facet normal 0 0 1
    outer loop
      vertex 157.714 99.279 3
      vertex 161.286 99.279 3
      vertex 157.714 103.279 3
    endloop
  endfacet
  facet normal 0 0 1
    outer loop
      vertex 156.036 108.372 3
      vertex 157.714 103.279 3
      vertex 159.5 106.372 3
    endloop
  endfacet
  facet normal 0 0 1
    outer loop
      vertex 156.036 108.372 3
      vertex 154.25 105.279 3
      vertex 157.714 103.279 3
    endloop
  endfacet
  facet normal 0 0 1
    outer loop
      vertex 156.036 112.372 3
      vertex 152.464 112.372 3
      vertex 156.036 108.372 3
    endloop
  endfacet
  facet normal 0 0 1
    outer loop
      vertex 152.464 108.372 3
      vertex 156.036 108.372 3
      vertex 152.464 112.372 3
    endloop
  endfacet
  facet normal 0 0 1
    outer loop
      vertex 150.786 117.465 3
      vertex 152.464 112.372 3
      vertex 154.25 115.465 3
    endloop
  endfacet
  facet normal 0 0 1
    outer loop
      vertex 150.786 117.465 3
      vertex 149 114.372 3
      vertex 152.464 112.372 3
    endloop
  endfacet
  facet normal 0 0 1
    outer loop
      vertex 150.786 121.465 3
      vertex 147.214 121.465 3
      vertex 150.786 117.465 3
    endloop
  endfacet
  facet normal 0 0 1
    outer loop
      vertex 147.214 117.465 3
      vertex 150.786 117.465 3
      vertex 147.214 121.465 3
    endloop
  endfacet
  facet normal 0 0 1
    outer loop
      vertex 145.536 126.558 3
      vertex 147.214 121.465 3
      vertex 149 124.558 3
    endloop
  endfacet
  facet normal 0 0 1
    outer loop
      vertex 141.964 130.558 3
      vertex 145.375 131.31 3
      vertex 145.241 131.632 3
    endloop
  endfacet
  facet normal 0 0 1
    outer loop
      vertex 141.964 130.558 3
      vertex 145.241 131.632 3
      vertex 145.136 131.965 3
    endloop
  endfacet
  facet normal 0 0 1
    outer loop
      vertex 141.964 130.558 3
      vertex 145.136 131.965 3
      vertex 145.061 132.305 3
    endloop
  endfacet
  facet normal 0 0 1
    outer loop
      vertex 143.75 133.651 3
      vertex 145.061 132.305 3
      vertex 145.015 132.651 3
    endloop
  endfacet
  facet normal 0 0 1
    outer loop
      vertex 143.75 133.651 3
      vertex 145.015 132.651 3
      vertex 145 133 3
    endloop
  endfacet
  facet normal 0 0 1
    outer loop
      vertex 145.061 132.305 3
      vertex 143.75 133.651 3
      vertex 141.964 130.558 3
    endloop
  endfacet
  facet normal 0 0 1
    outer loop
      vertex 145.536 126.558 3
      vertex 143.75 123.465 3
      vertex 147.214 121.465 3
    endloop
  endfacet
  facet normal 0 0 1
    outer loop
      vertex 145.536 130.558 3
      vertex 141.964 130.558 3
      vertex 145.536 126.558 3
    endloop
  endfacet
  facet normal 0 0 1
    outer loop
      vertex 141.964 126.558 3
      vertex 145.536 126.558 3
      vertex 141.964 130.558 3
    endloop
  endfacet
  facet normal 0 0 1
    outer loop
      vertex 140.286 135.651 3
      vertex 141.964 130.558 3
      vertex 143.75 133.651 3
    endloop
  endfacet
  facet normal 0 0 1
    outer loop
      vertex 141.964 130.558 3
      vertex 140.286 135.651 3
      vertex 138.5 132.558 3
    endloop
  endfacet
  facet normal 0.976617 -0.214988 0
    outer loop
      vertex 152.864 13.9647 7.95
      vertex 152.939 14.3054 3
      vertex 152.939 14.3054 7.95
    endloop
  endfacet
  facet normal 0.976617 -0.214988 0
    outer loop
      vertex 152.939 14.3054 3
      vertex 152.864 13.9647 7.95
      vertex 152.864 13.9647 3
    endloop
  endfacet
  facet normal 0.0435118 -0.999053 0
    outer loop
      vertex 149 11 3
      vertex 149.349 11.0152 7.95
      vertex 149 11 7.95
    endloop
  endfacet
  facet normal 0.0435118 -0.999053 0
    outer loop
      vertex 149.349 11.0152 7.95
      vertex 149 11 3
      vertex 149.349 11.0152 3
    endloop
  endfacet
  facet normal 0.676062 0.736845 -0
    outer loop
      vertex 151.828 17.8284 2.95
      vertex 151.571 18.0642 7.95
      vertex 151.828 17.8284 7.95
    endloop
  endfacet
  facet normal 0.676062 0.736845 0
    outer loop
      vertex 151.571 18.0642 7.95
      vertex 151.828 17.8284 2.95
      vertex 151.571 18.0642 2.95
    endloop
  endfacet
  facet normal -0.999076 -0.0429895 0
    outer loop
      vertex 145.015 14.6514 3
      vertex 145 15 7.95
      vertex 145 15 3
    endloop
  endfacet
  facet normal -0.999076 -0.0429895 0
    outer loop
      vertex 145 15 7.95
      vertex 145.015 14.6514 3
      vertex 145.015 14.6514 7.95
    endloop
  endfacet
  facet normal -0.130662 0.991427 0
    outer loop
      vertex 148.651 18.9848 2.95
      vertex 148.305 18.9392 7.95
      vertex 148.651 18.9848 7.95
    endloop
  endfacet
  facet normal -0.130662 0.991427 0
    outer loop
      vertex 148.305 18.9392 7.95
      vertex 148.651 18.9848 2.95
      vertex 148.305 18.9392 2.95
    endloop
  endfacet
  facet normal -0.991278 0.131788 0
    outer loop
      vertex 145.015 15.3486 3
      vertex 145.061 15.6946 7.95
      vertex 145.061 15.6946 3
    endloop
  endfacet
  facet normal -0.991278 0.131788 0
    outer loop
      vertex 145.061 15.6946 7.95
      vertex 145.015 15.3486 3
      vertex 145.015 15.3486 7.95
    endloop
  endfacet
  facet normal 0.30046 0.953795 -0
    outer loop
      vertex 150.368 18.7588 2.95
      vertex 150.035 18.8637 7.95
      vertex 150.368 18.7588 7.95
    endloop
  endfacet
  facet normal 0.30046 0.953795 0
    outer loop
      vertex 150.035 18.8637 7.95
      vertex 150.368 18.7588 2.95
      vertex 150.035 18.8637 2.95
    endloop
  endfacet
  facet normal -0.887146 -0.461488 0
    outer loop
      vertex 145.536 13 3
      vertex 145.375 13.3095 7.95
      vertex 145.375 13.3095 3
    endloop
  endfacet
  facet normal -0.887146 -0.461488 0
    outer loop
      vertex 145.375 13.3095 7.95
      vertex 145.536 13 3
      vertex 145.536 13 7.95
    endloop
  endfacet
  facet normal -0.38323 0.923653 0
    outer loop
      vertex 147.632 18.7588 2.95
      vertex 147.31 18.6252 7.95
      vertex 147.632 18.7588 7.95
    endloop
  endfacet
  facet normal -0.38323 0.923653 0
    outer loop
      vertex 147.31 18.6252 7.95
      vertex 147.632 18.7588 2.95
      vertex 147.31 18.6252 2.95
    endloop
  endfacet
  facet normal 0.953661 0.300885 0
    outer loop
      vertex 152.864 16.0353 7.95
      vertex 152.759 16.3681 3
      vertex 152.759 16.3681 7.95
    endloop
  endfacet
  facet normal 0.953661 0.300885 0
    outer loop
      vertex 152.759 16.3681 3
      vertex 152.864 16.0353 7.95
      vertex 152.864 16.0353 3
    endloop
  endfacet
  facet normal 0.461127 0.887334 -0
    outer loop
      vertex 151 18.4641 2.95
      vertex 150.69 18.6252 7.95
      vertex 151 18.4641 7.95
    endloop
  endfacet
  facet normal 0.461127 0.887334 0
    outer loop
      vertex 150.69 18.6252 7.95
      vertex 151 18.4641 2.95
      vertex 150.69 18.6252 2.95
    endloop
  endfacet
  facet normal 0.999076 -0.0429895 0
    outer loop
      vertex 152.985 14.6514 7.95
      vertex 153 15 3
      vertex 153 15 7.95
    endloop
  endfacet
  facet normal 0.999076 -0.0429895 0
    outer loop
      vertex 153 15 3
      vertex 152.985 14.6514 7.95
      vertex 152.985 14.6514 3
    endloop
  endfacet
  facet normal -0.999076 0.0429895 0
    outer loop
      vertex 145 15 3
      vertex 145.015 15.3486 7.95
      vertex 145.015 15.3486 3
    endloop
  endfacet
  facet normal -0.999076 0.0429895 0
    outer loop
      vertex 145.015 15.3486 7.95
      vertex 145 15 3
      vertex 145 15 7.95
    endloop
  endfacet
  facet normal 0.991278 0.131788 0
    outer loop
      vertex 152.985 15.3486 7.95
      vertex 152.939 15.6946 3
      vertex 152.939 15.6946 7.95
    endloop
  endfacet
  facet normal 0.991278 0.131788 0
    outer loop
      vertex 152.939 15.6946 3
      vertex 152.985 15.3486 7.95
      vertex 152.985 15.3486 3
    endloop
  endfacet
  facet normal -0.608492 0.79356 0
    outer loop
      vertex 146.706 18.2766 2.95
      vertex 146.429 18.0642 7.95
      vertex 146.706 18.2766 7.95
    endloop
  endfacet
  facet normal -0.608492 0.79356 0
    outer loop
      vertex 146.429 18.0642 7.95
      vertex 146.706 18.2766 2.95
      vertex 146.429 18.0642 2.95
    endloop
  endfacet
  facet normal 0.216778 0.976221 -0
    outer loop
      vertex 150.035 18.8637 2.95
      vertex 149.695 18.9392 7.95
      vertex 150.035 18.8637 7.95
    endloop
  endfacet
  facet normal 0.216778 0.976221 0
    outer loop
      vertex 149.695 18.9392 7.95
      vertex 150.035 18.8637 2.95
      vertex 149.695 18.9392 2.95
    endloop
  endfacet
  facet normal 0.999076 0.0429895 0
    outer loop
      vertex 153 15 7.95
      vertex 152.985 15.3486 3
      vertex 152.985 15.3486 7.95
    endloop
  endfacet
  facet normal 0.999076 0.0429895 0
    outer loop
      vertex 152.985 15.3486 3
      vertex 153 15 7.95
      vertex 153 15 3
    endloop
  endfacet
  facet normal -0.676062 -0.736845 0
    outer loop
      vertex 146.172 12.1716 3
      vertex 146.429 11.9358 7.95
      vertex 146.172 12.1716 7.95
    endloop
  endfacet
  facet normal -0.676062 -0.736845 -0
    outer loop
      vertex 146.429 11.9358 7.95
      vertex 146.172 12.1716 3
      vertex 146.429 11.9358 3
    endloop
  endfacet
  facet normal -0.216778 0.976221 0
    outer loop
      vertex 148.305 18.9392 2.95
      vertex 147.965 18.8637 7.95
      vertex 148.305 18.9392 7.95
    endloop
  endfacet
  facet normal -0.216778 0.976221 0
    outer loop
      vertex 147.965 18.8637 7.95
      vertex 148.305 18.9392 2.95
      vertex 147.965 18.8637 2.95
    endloop
  endfacet
  facet normal 0.792518 -0.609849 0
    outer loop
      vertex 152.064 12.4289 7.95
      vertex 152.277 12.7057 3
      vertex 152.277 12.7057 7.95
    endloop
  endfacet
  facet normal 0.792518 -0.609849 0
    outer loop
      vertex 152.277 12.7057 3
      vertex 152.064 12.4289 7.95
      vertex 152.064 12.4289 3
    endloop
  endfacet
  facet normal -0.953661 0.300885 0
    outer loop
      vertex 145.136 16.0353 3
      vertex 145.241 16.3681 7.95
      vertex 145.241 16.3681 3
    endloop
  endfacet
  facet normal -0.953661 0.300885 0
    outer loop
      vertex 145.241 16.3681 7.95
      vertex 145.136 16.0353 3
      vertex 145.136 16.0353 7.95
    endloop
  endfacet
  facet normal 0.53771 -0.84313 0
    outer loop
      vertex 151 11.5359 3
      vertex 151.294 11.7234 7.95
      vertex 151 11.5359 7.95
    endloop
  endfacet
  facet normal 0.53771 -0.84313 0
    outer loop
      vertex 151.294 11.7234 7.95
      vertex 151 11.5359 3
      vertex 151.294 11.7234 3
    endloop
  endfacet
  facet normal 0.953661 -0.300885 0
    outer loop
      vertex 152.759 13.6319 7.95
      vertex 152.864 13.9647 3
      vertex 152.864 13.9647 7.95
    endloop
  endfacet
  facet normal 0.953661 -0.300885 0
    outer loop
      vertex 152.864 13.9647 3
      vertex 152.759 13.6319 7.95
      vertex 152.759 13.6319 3
    endloop
  endfacet
  facet normal 0.976617 0.214988 0
    outer loop
      vertex 152.939 15.6946 7.95
      vertex 152.864 16.0353 3
      vertex 152.864 16.0353 7.95
    endloop
  endfacet
  facet normal 0.976617 0.214988 0
    outer loop
      vertex 152.864 16.0353 3
      vertex 152.939 15.6946 7.95
      vertex 152.939 15.6946 3
    endloop
  endfacet
  facet normal -0.130662 -0.991427 0
    outer loop
      vertex 148.305 11.0608 3
      vertex 148.651 11.0152 7.95
      vertex 148.305 11.0608 7.95
    endloop
  endfacet
  facet normal -0.130662 -0.991427 -0
    outer loop
      vertex 148.651 11.0152 7.95
      vertex 148.305 11.0608 3
      vertex 148.651 11.0152 3
    endloop
  endfacet
  facet normal -0.844027 -0.5363 0
    outer loop
      vertex 145.723 12.7057 3
      vertex 145.536 13 7.95
      vertex 145.536 13 3
    endloop
  endfacet
  facet normal -0.844027 -0.5363 0
    outer loop
      vertex 145.536 13 7.95
      vertex 145.723 12.7057 3
      vertex 145.723 12.7057 7.95
    endloop
  endfacet
  facet normal -0.923416 0.383802 0
    outer loop
      vertex 145.241 16.3681 3
      vertex 145.375 16.6905 7.95
      vertex 145.375 16.6905 3
    endloop
  endfacet
  facet normal -0.923416 0.383802 0
    outer loop
      vertex 145.375 16.6905 7.95
      vertex 145.241 16.3681 3
      vertex 145.241 16.3681 7.95
    endloop
  endfacet
  facet normal 0.461127 -0.887334 0
    outer loop
      vertex 150.69 11.3748 3
      vertex 151 11.5359 7.95
      vertex 150.69 11.3748 7.95
    endloop
  endfacet
  facet normal 0.461127 -0.887334 0
    outer loop
      vertex 151 11.5359 7.95
      vertex 150.69 11.3748 3
      vertex 151 11.5359 3
    endloop
  endfacet
  facet normal -0.792506 0.609864 0
    outer loop
      vertex 145.744 17.3216 3
      vertex 145.936 17.5711 2.95
      vertex 145.744 17.3216 2.95
    endloop
  endfacet
  facet normal -0.792506 0.609864 0
    outer loop
      vertex 145.936 17.5711 2.95
      vertex 145.744 17.3216 3
      vertex 145.936 17.5711 7.95
    endloop
  endfacet
  facet normal -0.792624 0.609711 0
    outer loop
      vertex 145.723 17.2943 7.95
      vertex 145.744 17.3216 3
      vertex 145.723 17.2943 3
    endloop
  endfacet
  facet normal -0.792518 0.609849 1.21467e-06
    outer loop
      vertex 145.744 17.3216 3
      vertex 145.723 17.2943 7.95
      vertex 145.936 17.5711 7.95
    endloop
  endfacet
  facet normal 0.216778 -0.976221 0
    outer loop
      vertex 149.695 11.0608 3
      vertex 150.035 11.1363 7.95
      vertex 149.695 11.0608 7.95
    endloop
  endfacet
  facet normal 0.216778 -0.976221 0
    outer loop
      vertex 150.035 11.1363 7.95
      vertex 149.695 11.0608 3
      vertex 150.035 11.1363 3
    endloop
  endfacet
  facet normal -0.991278 -0.131788 0
    outer loop
      vertex 145.061 14.3054 3
      vertex 145.015 14.6514 7.95
      vertex 145.015 14.6514 3
    endloop
  endfacet
  facet normal -0.991278 -0.131788 0
    outer loop
      vertex 145.015 14.6514 7.95
      vertex 145.061 14.3054 3
      vertex 145.061 14.3054 7.95
    endloop
  endfacet
  facet normal 0 0 -1
    outer loop
      vertex 149 15.442 2.95
      vertex 152.064 17.5711 2.95
      vertex 152.256 17.3216 2.95
    endloop
  endfacet
  facet normal -0 0 -1
    outer loop
      vertex 152.064 17.5711 2.95
      vertex 149 15.442 2.95
      vertex 151.828 17.8284 2.95
    endloop
  endfacet
  facet normal -0 0 -1
    outer loop
      vertex 151.828 17.8284 2.95
      vertex 149 15.442 2.95
      vertex 151.571 18.0642 2.95
    endloop
  endfacet
  facet normal -0 0 -1
    outer loop
      vertex 151.571 18.0642 2.95
      vertex 149 15.442 2.95
      vertex 151.294 18.2766 2.95
    endloop
  endfacet
  facet normal -0 0 -1
    outer loop
      vertex 151.294 18.2766 2.95
      vertex 149 15.442 2.95
      vertex 151 18.4641 2.95
    endloop
  endfacet
  facet normal -0 0 -1
    outer loop
      vertex 151 18.4641 2.95
      vertex 149 15.442 2.95
      vertex 150.69 18.6252 2.95
    endloop
  endfacet
  facet normal -0 0 -1
    outer loop
      vertex 150.69 18.6252 2.95
      vertex 149 15.442 2.95
      vertex 150.368 18.7588 2.95
    endloop
  endfacet
  facet normal -0 0 -1
    outer loop
      vertex 150.368 18.7588 2.95
      vertex 149 15.442 2.95
      vertex 150.035 18.8637 2.95
    endloop
  endfacet
  facet normal -0 0 -1
    outer loop
      vertex 150.035 18.8637 2.95
      vertex 149 15.442 2.95
      vertex 149.695 18.9392 2.95
    endloop
  endfacet
  facet normal -0 0 -1
    outer loop
      vertex 149.695 18.9392 2.95
      vertex 149 15.442 2.95
      vertex 149.349 18.9848 2.95
    endloop
  endfacet
  facet normal 0 0 -1
    outer loop
      vertex 149 15.442 2.95
      vertex 149 19 2.95
      vertex 149.349 18.9848 2.95
    endloop
  endfacet
  facet normal 0 0 -1
    outer loop
      vertex 149 15.442 2.95
      vertex 148.651 18.9848 2.95
      vertex 149 19 2.95
    endloop
  endfacet
  facet normal 0 0 -1
    outer loop
      vertex 149 15.442 2.95
      vertex 148.305 18.9392 2.95
      vertex 148.651 18.9848 2.95
    endloop
  endfacet
  facet normal 0 0 -1
    outer loop
      vertex 149 15.442 2.95
      vertex 147.965 18.8637 2.95
      vertex 148.305 18.9392 2.95
    endloop
  endfacet
  facet normal 0 0 -1
    outer loop
      vertex 149 15.442 2.95
      vertex 147.632 18.7588 2.95
      vertex 147.965 18.8637 2.95
    endloop
  endfacet
  facet normal 0 0 -1
    outer loop
      vertex 149 15.442 2.95
      vertex 147.31 18.6252 2.95
      vertex 147.632 18.7588 2.95
    endloop
  endfacet
  facet normal 0 0 -1
    outer loop
      vertex 149 15.442 2.95
      vertex 147 18.4641 2.95
      vertex 147.31 18.6252 2.95
    endloop
  endfacet
  facet normal 0 0 -1
    outer loop
      vertex 149 15.442 2.95
      vertex 146.706 18.2766 2.95
      vertex 147 18.4641 2.95
    endloop
  endfacet
  facet normal 0 0 -1
    outer loop
      vertex 149 15.442 2.95
      vertex 146.429 18.0642 2.95
      vertex 146.706 18.2766 2.95
    endloop
  endfacet
  facet normal 0 0 -1
    outer loop
      vertex 149 15.442 2.95
      vertex 146.172 17.8284 2.95
      vertex 146.429 18.0642 2.95
    endloop
  endfacet
  facet normal 0 0 -1
    outer loop
      vertex 149 15.442 2.95
      vertex 145.936 17.5711 2.95
      vertex 146.172 17.8284 2.95
    endloop
  endfacet
  facet normal 0 -0 -1
    outer loop
      vertex 145.936 17.5711 2.95
      vertex 149 15.442 2.95
      vertex 145.744 17.3216 2.95
    endloop
  endfacet
  facet normal 0.38323 -0.923653 0
    outer loop
      vertex 150.368 11.2412 3
      vertex 150.69 11.3748 7.95
      vertex 150.368 11.2412 7.95
    endloop
  endfacet
  facet normal 0.38323 -0.923653 0
    outer loop
      vertex 150.69 11.3748 7.95
      vertex 150.368 11.2412 3
      vertex 150.69 11.3748 3
    endloop
  endfacet
  facet normal -0.736952 0.675945 0
    outer loop
      vertex 145.936 17.5711 2.95
      vertex 146.172 17.8284 7.95
      vertex 146.172 17.8284 2.95
    endloop
  endfacet
  facet normal -0.736952 0.675945 0
    outer loop
      vertex 146.172 17.8284 7.95
      vertex 145.936 17.5711 2.95
      vertex 145.936 17.5711 7.95
    endloop
  endfacet
  facet normal 0.736952 0.675945 0
    outer loop
      vertex 152.064 17.5711 7.95
      vertex 151.828 17.8284 2.95
      vertex 151.828 17.8284 7.95
    endloop
  endfacet
  facet normal 0.736952 0.675945 0
    outer loop
      vertex 151.828 17.8284 2.95
      vertex 152.064 17.5711 7.95
      vertex 152.064 17.5711 2.95
    endloop
  endfacet
  facet normal -0.923416 -0.383802 0
    outer loop
      vertex 145.375 13.3095 3
      vertex 145.241 13.6319 7.95
      vertex 145.241 13.6319 3
    endloop
  endfacet
  facet normal -0.923416 -0.383802 0
    outer loop
      vertex 145.241 13.6319 7.95
      vertex 145.375 13.3095 3
      vertex 145.375 13.3095 7.95
    endloop
  endfacet
  facet normal 0.608492 0.79356 -0
    outer loop
      vertex 151.571 18.0642 2.95
      vertex 151.294 18.2766 7.95
      vertex 151.571 18.0642 7.95
    endloop
  endfacet
  facet normal 0.608492 0.79356 0
    outer loop
      vertex 151.294 18.2766 7.95
      vertex 151.571 18.0642 2.95
      vertex 151.294 18.2766 2.95
    endloop
  endfacet
  facet normal -0.30046 -0.953795 0
    outer loop
      vertex 147.632 11.2412 3
      vertex 147.965 11.1363 7.95
      vertex 147.632 11.2412 7.95
    endloop
  endfacet
  facet normal -0.30046 -0.953795 -0
    outer loop
      vertex 147.965 11.1363 7.95
      vertex 147.632 11.2412 3
      vertex 147.965 11.1363 3
    endloop
  endfacet
  facet normal 0.130662 0.991427 -0
    outer loop
      vertex 149.695 18.9392 2.95
      vertex 149.349 18.9848 7.95
      vertex 149.695 18.9392 7.95
    endloop
  endfacet
  facet normal 0.130662 0.991427 0
    outer loop
      vertex 149.349 18.9848 7.95
      vertex 149.695 18.9392 2.95
      vertex 149.349 18.9848 2.95
    endloop
  endfacet
  facet normal 0.887146 0.461488 0
    outer loop
      vertex 152.625 16.6905 7.95
      vertex 152.464 17 3
      vertex 152.464 17 7.95
    endloop
  endfacet
  facet normal 0.887146 0.461488 0
    outer loop
      vertex 152.464 17 3
      vertex 152.625 16.6905 7.95
      vertex 152.625 16.6905 3
    endloop
  endfacet
  facet normal -0.461127 -0.887334 0
    outer loop
      vertex 147 11.5359 3
      vertex 147.31 11.3748 7.95
      vertex 147 11.5359 7.95
    endloop
  endfacet
  facet normal -0.461127 -0.887334 -0
    outer loop
      vertex 147.31 11.3748 7.95
      vertex 147 11.5359 3
      vertex 147.31 11.3748 3
    endloop
  endfacet
  facet normal 0.38323 0.923653 -0
    outer loop
      vertex 150.69 18.6252 2.95
      vertex 150.368 18.7588 7.95
      vertex 150.69 18.6252 7.95
    endloop
  endfacet
  facet normal 0.38323 0.923653 0
    outer loop
      vertex 150.368 18.7588 7.95
      vertex 150.69 18.6252 2.95
      vertex 150.368 18.7588 2.95
    endloop
  endfacet
  facet normal 0.53771 0.84313 -0
    outer loop
      vertex 151.294 18.2766 2.95
      vertex 151 18.4641 7.95
      vertex 151.294 18.2766 7.95
    endloop
  endfacet
  facet normal 0.53771 0.84313 0
    outer loop
      vertex 151 18.4641 7.95
      vertex 151.294 18.2766 2.95
      vertex 151 18.4641 2.95
    endloop
  endfacet
  facet normal 0.130662 -0.991427 0
    outer loop
      vertex 149.349 11.0152 3
      vertex 149.695 11.0608 7.95
      vertex 149.349 11.0152 7.95
    endloop
  endfacet
  facet normal 0.130662 -0.991427 0
    outer loop
      vertex 149.695 11.0608 7.95
      vertex 149.349 11.0152 3
      vertex 149.695 11.0608 3
    endloop
  endfacet
  facet normal 0.991278 -0.131788 0
    outer loop
      vertex 152.939 14.3054 7.95
      vertex 152.985 14.6514 3
      vertex 152.985 14.6514 7.95
    endloop
  endfacet
  facet normal 0.991278 -0.131788 0
    outer loop
      vertex 152.985 14.6514 3
      vertex 152.939 14.3054 7.95
      vertex 152.939 14.3054 3
    endloop
  endfacet
  facet normal 0.923416 0.383802 0
    outer loop
      vertex 152.759 16.3681 7.95
      vertex 152.625 16.6905 3
      vertex 152.625 16.6905 7.95
    endloop
  endfacet
  facet normal 0.923416 0.383802 0
    outer loop
      vertex 152.625 16.6905 3
      vertex 152.759 16.3681 7.95
      vertex 152.759 16.3681 3
    endloop
  endfacet
  facet normal -0.53771 -0.84313 0
    outer loop
      vertex 146.706 11.7234 3
      vertex 147 11.5359 7.95
      vertex 146.706 11.7234 7.95
    endloop
  endfacet
  facet normal -0.53771 -0.84313 -0
    outer loop
      vertex 147 11.5359 7.95
      vertex 146.706 11.7234 3
      vertex 147 11.5359 3
    endloop
  endfacet
  facet normal -0.887146 0.461488 0
    outer loop
      vertex 145.375 16.6905 3
      vertex 145.536 17 7.95
      vertex 145.536 17 3
    endloop
  endfacet
  facet normal -0.887146 0.461488 0
    outer loop
      vertex 145.536 17 7.95
      vertex 145.375 16.6905 3
      vertex 145.375 16.6905 7.95
    endloop
  endfacet
  facet normal -0.676062 0.736845 0
    outer loop
      vertex 146.429 18.0642 2.95
      vertex 146.172 17.8284 7.95
      vertex 146.429 18.0642 7.95
    endloop
  endfacet
  facet normal -0.676062 0.736845 0
    outer loop
      vertex 146.172 17.8284 7.95
      vertex 146.429 18.0642 2.95
      vertex 146.172 17.8284 2.95
    endloop
  endfacet
  facet normal 0.0435118 0.999053 -0
    outer loop
      vertex 149.349 18.9848 2.95
      vertex 149 19 7.95
      vertex 149.349 18.9848 7.95
    endloop
  endfacet
  facet normal 0.0435118 0.999053 0
    outer loop
      vertex 149 19 7.95
      vertex 149.349 18.9848 2.95
      vertex 149 19 2.95
    endloop
  endfacet
  facet normal -0.216778 -0.976221 0
    outer loop
      vertex 147.965 11.1363 3
      vertex 148.305 11.0608 7.95
      vertex 147.965 11.1363 7.95
    endloop
  endfacet
  facet normal -0.216778 -0.976221 -0
    outer loop
      vertex 148.305 11.0608 7.95
      vertex 147.965 11.1363 3
      vertex 148.305 11.0608 3
    endloop
  endfacet
  facet normal 0.923416 -0.383802 0
    outer loop
      vertex 152.625 13.3095 7.95
      vertex 152.759 13.6319 3
      vertex 152.759 13.6319 7.95
    endloop
  endfacet
  facet normal 0.923416 -0.383802 0
    outer loop
      vertex 152.759 13.6319 3
      vertex 152.625 13.3095 7.95
      vertex 152.625 13.3095 3
    endloop
  endfacet
  facet normal 0.844027 0.5363 0
    outer loop
      vertex 152.464 17 7.95
      vertex 152.277 17.2943 3
      vertex 152.277 17.2943 7.95
    endloop
  endfacet
  facet normal 0.844027 0.5363 0
    outer loop
      vertex 152.277 17.2943 3
      vertex 152.464 17 7.95
      vertex 152.464 17 3
    endloop
  endfacet
  facet normal 0.792506 0.609864 0
    outer loop
      vertex 152.064 17.5711 7.95
      vertex 152.256 17.3216 3
      vertex 152.064 17.5711 2.95
    endloop
  endfacet
  facet normal 0.792518 0.609849 1.21467e-06
    outer loop
      vertex 152.277 17.2943 7.95
      vertex 152.256 17.3216 3
      vertex 152.064 17.5711 7.95
    endloop
  endfacet
  facet normal 0.792624 0.609711 0
    outer loop
      vertex 152.256 17.3216 3
      vertex 152.277 17.2943 7.95
      vertex 152.277 17.2943 3
    endloop
  endfacet
  facet normal 0.792506 0.609864 0
    outer loop
      vertex 152.064 17.5711 2.95
      vertex 152.256 17.3216 3
      vertex 152.256 17.3216 2.95
    endloop
  endfacet
  facet normal -0.0435118 0.999053 0
    outer loop
      vertex 149 19 2.95
      vertex 148.651 18.9848 7.95
      vertex 149 19 7.95
    endloop
  endfacet
  facet normal -0.0435118 0.999053 0
    outer loop
      vertex 148.651 18.9848 7.95
      vertex 149 19 2.95
      vertex 148.651 18.9848 2.95
    endloop
  endfacet
  facet normal -0.736952 -0.675945 0
    outer loop
      vertex 146.172 12.1716 3
      vertex 145.936 12.4289 7.95
      vertex 145.936 12.4289 3
    endloop
  endfacet
  facet normal -0.736952 -0.675945 0
    outer loop
      vertex 145.936 12.4289 7.95
      vertex 146.172 12.1716 3
      vertex 146.172 12.1716 7.95
    endloop
  endfacet
  facet normal -0.792518 -0.609849 0
    outer loop
      vertex 145.936 12.4289 3
      vertex 145.723 12.7057 7.95
      vertex 145.723 12.7057 3
    endloop
  endfacet
  facet normal -0.792518 -0.609849 0
    outer loop
      vertex 145.723 12.7057 7.95
      vertex 145.936 12.4289 3
      vertex 145.936 12.4289 7.95
    endloop
  endfacet
  facet normal -0.844027 0.5363 0
    outer loop
      vertex 145.536 17 3
      vertex 145.723 17.2943 7.95
      vertex 145.723 17.2943 3
    endloop
  endfacet
  facet normal -0.844027 0.5363 0
    outer loop
      vertex 145.723 17.2943 7.95
      vertex 145.536 17 3
      vertex 145.536 17 7.95
    endloop
  endfacet
  facet normal -0.608492 -0.79356 0
    outer loop
      vertex 146.429 11.9358 3
      vertex 146.706 11.7234 7.95
      vertex 146.429 11.9358 7.95
    endloop
  endfacet
  facet normal -0.608492 -0.79356 -0
    outer loop
      vertex 146.706 11.7234 7.95
      vertex 146.429 11.9358 3
      vertex 146.706 11.7234 3
    endloop
  endfacet
  facet normal -0.976617 0.214988 0
    outer loop
      vertex 145.061 15.6946 3
      vertex 145.136 16.0353 7.95
      vertex 145.136 16.0353 3
    endloop
  endfacet
  facet normal -0.976617 0.214988 0
    outer loop
      vertex 145.136 16.0353 7.95
      vertex 145.061 15.6946 3
      vertex 145.061 15.6946 7.95
    endloop
  endfacet
  facet normal 0.844027 -0.5363 0
    outer loop
      vertex 152.277 12.7057 7.95
      vertex 152.464 13 3
      vertex 152.464 13 7.95
    endloop
  endfacet
  facet normal 0.844027 -0.5363 0
    outer loop
      vertex 152.464 13 3
      vertex 152.277 12.7057 7.95
      vertex 152.277 12.7057 3
    endloop
  endfacet
  facet normal -0.461127 0.887334 0
    outer loop
      vertex 147.31 18.6252 2.95
      vertex 147 18.4641 7.95
      vertex 147.31 18.6252 7.95
    endloop
  endfacet
  facet normal -0.461127 0.887334 0
    outer loop
      vertex 147 18.4641 7.95
      vertex 147.31 18.6252 2.95
      vertex 147 18.4641 2.95
    endloop
  endfacet
  facet normal -0.53771 0.84313 0
    outer loop
      vertex 147 18.4641 2.95
      vertex 146.706 18.2766 7.95
      vertex 147 18.4641 7.95
    endloop
  endfacet
  facet normal -0.53771 0.84313 0
    outer loop
      vertex 146.706 18.2766 7.95
      vertex 147 18.4641 2.95
      vertex 146.706 18.2766 2.95
    endloop
  endfacet
  facet normal -0.38323 -0.923653 0
    outer loop
      vertex 147.31 11.3748 3
      vertex 147.632 11.2412 7.95
      vertex 147.31 11.3748 7.95
    endloop
  endfacet
  facet normal -0.38323 -0.923653 -0
    outer loop
      vertex 147.632 11.2412 7.95
      vertex 147.31 11.3748 3
      vertex 147.632 11.2412 3
    endloop
  endfacet
  facet normal -0.0435118 -0.999053 0
    outer loop
      vertex 148.651 11.0152 3
      vertex 149 11 7.95
      vertex 148.651 11.0152 7.95
    endloop
  endfacet
  facet normal -0.0435118 -0.999053 -0
    outer loop
      vertex 149 11 7.95
      vertex 148.651 11.0152 3
      vertex 149 11 3
    endloop
  endfacet
  facet normal 0.676062 -0.736845 0
    outer loop
      vertex 151.571 11.9358 3
      vertex 151.828 12.1716 7.95
      vertex 151.571 11.9358 7.95
    endloop
  endfacet
  facet normal 0.676062 -0.736845 0
    outer loop
      vertex 151.828 12.1716 7.95
      vertex 151.571 11.9358 3
      vertex 151.828 12.1716 3
    endloop
  endfacet
  facet normal 0.887146 -0.461488 0
    outer loop
      vertex 152.464 13 7.95
      vertex 152.625 13.3095 3
      vertex 152.625 13.3095 7.95
    endloop
  endfacet
  facet normal 0.887146 -0.461488 0
    outer loop
      vertex 152.625 13.3095 3
      vertex 152.464 13 7.95
      vertex 152.464 13 3
    endloop
  endfacet
  facet normal -0.30046 0.953795 0
    outer loop
      vertex 147.965 18.8637 2.95
      vertex 147.632 18.7588 7.95
      vertex 147.965 18.8637 7.95
    endloop
  endfacet
  facet normal -0.30046 0.953795 0
    outer loop
      vertex 147.632 18.7588 7.95
      vertex 147.965 18.8637 2.95
      vertex 147.632 18.7588 2.95
    endloop
  endfacet
  facet normal 0.736952 -0.675945 0
    outer loop
      vertex 151.828 12.1716 7.95
      vertex 152.064 12.4289 3
      vertex 152.064 12.4289 7.95
    endloop
  endfacet
  facet normal 0.736952 -0.675945 0
    outer loop
      vertex 152.064 12.4289 3
      vertex 151.828 12.1716 7.95
      vertex 151.828 12.1716 3
    endloop
  endfacet
  facet normal 0.30046 -0.953795 0
    outer loop
      vertex 150.035 11.1363 3
      vertex 150.368 11.2412 7.95
      vertex 150.035 11.1363 7.95
    endloop
  endfacet
  facet normal 0.30046 -0.953795 0
    outer loop
      vertex 150.368 11.2412 7.95
      vertex 150.035 11.1363 3
      vertex 150.368 11.2412 3
    endloop
  endfacet
  facet normal 0.608492 -0.79356 0
    outer loop
      vertex 151.294 11.7234 3
      vertex 151.571 11.9358 7.95
      vertex 151.294 11.7234 7.95
    endloop
  endfacet
  facet normal 0.608492 -0.79356 0
    outer loop
      vertex 151.571 11.9358 7.95
      vertex 151.294 11.7234 3
      vertex 151.571 11.9358 3
    endloop
  endfacet
  facet normal -0.953661 -0.300885 0
    outer loop
      vertex 145.241 13.6319 3
      vertex 145.136 13.9647 7.95
      vertex 145.136 13.9647 3
    endloop
  endfacet
  facet normal -0.953661 -0.300885 0
    outer loop
      vertex 145.136 13.9647 7.95
      vertex 145.241 13.6319 3
      vertex 145.241 13.6319 7.95
    endloop
  endfacet
  facet normal -0.976617 -0.214988 0
    outer loop
      vertex 145.136 13.9647 3
      vertex 145.061 14.3054 7.95
      vertex 145.061 14.3054 3
    endloop
  endfacet
  facet normal -0.976617 -0.214988 0
    outer loop
      vertex 145.061 14.3054 7.95
      vertex 145.136 13.9647 3
      vertex 145.136 13.9647 7.95
    endloop
  endfacet
  facet normal 0 0 1
    outer loop
      vertex 152.985 15.3486 7.95
      vertex 152.985 14.6514 7.95
      vertex 153 15 7.95
    endloop
  endfacet
  facet normal 0 0 1
    outer loop
      vertex 152.939 15.6946 7.95
      vertex 152.985 14.6514 7.95
      vertex 152.985 15.3486 7.95
    endloop
  endfacet
  facet normal 0 0 1
    outer loop
      vertex 152.939 15.6946 7.95
      vertex 152.939 14.3054 7.95
      vertex 152.985 14.6514 7.95
    endloop
  endfacet
  facet normal 0 0 1
    outer loop
      vertex 152.864 16.0353 7.95
      vertex 152.939 14.3054 7.95
      vertex 152.939 15.6946 7.95
    endloop
  endfacet
  facet normal 0 0 1
    outer loop
      vertex 152.864 16.0353 7.95
      vertex 152.864 13.9647 7.95
      vertex 152.939 14.3054 7.95
    endloop
  endfacet
  facet normal 0 0 1
    outer loop
      vertex 152.759 16.3681 7.95
      vertex 152.864 13.9647 7.95
      vertex 152.864 16.0353 7.95
    endloop
  endfacet
  facet normal 0 0 1
    outer loop
      vertex 152.759 16.3681 7.95
      vertex 152.759 13.6319 7.95
      vertex 152.864 13.9647 7.95
    endloop
  endfacet
  facet normal 0 0 1
    outer loop
      vertex 152.625 16.6905 7.95
      vertex 152.759 13.6319 7.95
      vertex 152.759 16.3681 7.95
    endloop
  endfacet
  facet normal 0 0 1
    outer loop
      vertex 152.625 16.6905 7.95
      vertex 152.625 13.3095 7.95
      vertex 152.759 13.6319 7.95
    endloop
  endfacet
  facet normal 0 0 1
    outer loop
      vertex 152.464 17 7.95
      vertex 152.625 13.3095 7.95
      vertex 152.625 16.6905 7.95
    endloop
  endfacet
  facet normal 0 0 1
    outer loop
      vertex 152.464 17 7.95
      vertex 152.464 13 7.95
      vertex 152.625 13.3095 7.95
    endloop
  endfacet
  facet normal 0 0 1
    outer loop
      vertex 152.277 17.2943 7.95
      vertex 152.464 13 7.95
      vertex 152.464 17 7.95
    endloop
  endfacet
  facet normal 0 0 1
    outer loop
      vertex 152.277 17.2943 7.95
      vertex 152.277 12.7057 7.95
      vertex 152.464 13 7.95
    endloop
  endfacet
  facet normal 0 0 1
    outer loop
      vertex 152.064 17.5711 7.95
      vertex 152.277 12.7057 7.95
      vertex 152.277 17.2943 7.95
    endloop
  endfacet
  facet normal 0 0 1
    outer loop
      vertex 152.064 17.5711 7.95
      vertex 152.064 12.4289 7.95
      vertex 152.277 12.7057 7.95
    endloop
  endfacet
  facet normal 0 0 1
    outer loop
      vertex 151.828 17.8284 7.95
      vertex 152.064 12.4289 7.95
      vertex 152.064 17.5711 7.95
    endloop
  endfacet
  facet normal 0 0 1
    outer loop
      vertex 151.828 17.8284 7.95
      vertex 151.828 12.1716 7.95
      vertex 152.064 12.4289 7.95
    endloop
  endfacet
  facet normal 0 0 1
    outer loop
      vertex 151.571 18.0642 7.95
      vertex 151.828 12.1716 7.95
      vertex 151.828 17.8284 7.95
    endloop
  endfacet
  facet normal 0 0 1
    outer loop
      vertex 151.571 18.0642 7.95
      vertex 151.571 11.9358 7.95
      vertex 151.828 12.1716 7.95
    endloop
  endfacet
  facet normal 0 0 1
    outer loop
      vertex 151.294 18.2766 7.95
      vertex 151.571 11.9358 7.95
      vertex 151.571 18.0642 7.95
    endloop
  endfacet
  facet normal 0 0 1
    outer loop
      vertex 151.294 18.2766 7.95
      vertex 151.294 11.7234 7.95
      vertex 151.571 11.9358 7.95
    endloop
  endfacet
  facet normal 0 0 1
    outer loop
      vertex 151 18.4641 7.95
      vertex 151.294 11.7234 7.95
      vertex 151.294 18.2766 7.95
    endloop
  endfacet
  facet normal 0 0 1
    outer loop
      vertex 151 18.4641 7.95
      vertex 151 11.5359 7.95
      vertex 151.294 11.7234 7.95
    endloop
  endfacet
  facet normal 0 0 1
    outer loop
      vertex 150.69 18.6252 7.95
      vertex 151 11.5359 7.95
      vertex 151 18.4641 7.95
    endloop
  endfacet
  facet normal 0 0 1
    outer loop
      vertex 150.69 18.6252 7.95
      vertex 150.69 11.3748 7.95
      vertex 151 11.5359 7.95
    endloop
  endfacet
  facet normal 0 0 1
    outer loop
      vertex 150.368 18.7588 7.95
      vertex 150.69 11.3748 7.95
      vertex 150.69 18.6252 7.95
    endloop
  endfacet
  facet normal 0 0 1
    outer loop
      vertex 150.368 18.7588 7.95
      vertex 150.368 11.2412 7.95
      vertex 150.69 11.3748 7.95
    endloop
  endfacet
  facet normal 0 0 1
    outer loop
      vertex 150.035 18.8637 7.95
      vertex 150.368 11.2412 7.95
      vertex 150.368 18.7588 7.95
    endloop
  endfacet
  facet normal 0 0 1
    outer loop
      vertex 150.035 18.8637 7.95
      vertex 150.035 11.1363 7.95
      vertex 150.368 11.2412 7.95
    endloop
  endfacet
  facet normal 0 0 1
    outer loop
      vertex 149.695 18.9392 7.95
      vertex 150.035 11.1363 7.95
      vertex 150.035 18.8637 7.95
    endloop
  endfacet
  facet normal 0 0 1
    outer loop
      vertex 149.695 18.9392 7.95
      vertex 149.695 11.0608 7.95
      vertex 150.035 11.1363 7.95
    endloop
  endfacet
  facet normal 0 0 1
    outer loop
      vertex 149.349 18.9848 7.95
      vertex 149.695 11.0608 7.95
      vertex 149.695 18.9392 7.95
    endloop
  endfacet
  facet normal 0 0 1
    outer loop
      vertex 149.349 18.9848 7.95
      vertex 149.349 11.0152 7.95
      vertex 149.695 11.0608 7.95
    endloop
  endfacet
  facet normal 0 0 1
    outer loop
      vertex 149 19 7.95
      vertex 149.349 11.0152 7.95
      vertex 149.349 18.9848 7.95
    endloop
  endfacet
  facet normal 0 0 1
    outer loop
      vertex 149 19 7.95
      vertex 149 11 7.95
      vertex 149.349 11.0152 7.95
    endloop
  endfacet
  facet normal -0 0 1
    outer loop
      vertex 148.651 18.9848 7.95
      vertex 149 11 7.95
      vertex 149 19 7.95
    endloop
  endfacet
  facet normal 0 0 1
    outer loop
      vertex 148.651 18.9848 7.95
      vertex 148.651 11.0152 7.95
      vertex 149 11 7.95
    endloop
  endfacet
  facet normal -0 0 1
    outer loop
      vertex 148.305 18.9392 7.95
      vertex 148.651 11.0152 7.95
      vertex 148.651 18.9848 7.95
    endloop
  endfacet
  facet normal 0 0 1
    outer loop
      vertex 148.305 18.9392 7.95
      vertex 148.305 11.0608 7.95
      vertex 148.651 11.0152 7.95
    endloop
  endfacet
  facet normal -0 0 1
    outer loop
      vertex 147.965 18.8637 7.95
      vertex 148.305 11.0608 7.95
      vertex 148.305 18.9392 7.95
    endloop
  endfacet
  facet normal 0 0 1
    outer loop
      vertex 147.965 18.8637 7.95
      vertex 147.965 11.1363 7.95
      vertex 148.305 11.0608 7.95
    endloop
  endfacet
  facet normal -0 0 1
    outer loop
      vertex 147.632 18.7588 7.95
      vertex 147.965 11.1363 7.95
      vertex 147.965 18.8637 7.95
    endloop
  endfacet
  facet normal 0 0 1
    outer loop
      vertex 147.632 18.7588 7.95
      vertex 147.632 11.2412 7.95
      vertex 147.965 11.1363 7.95
    endloop
  endfacet
  facet normal -0 0 1
    outer loop
      vertex 147.31 18.6252 7.95
      vertex 147.632 11.2412 7.95
      vertex 147.632 18.7588 7.95
    endloop
  endfacet
  facet normal 0 0 1
    outer loop
      vertex 147.31 18.6252 7.95
      vertex 147.31 11.3748 7.95
      vertex 147.632 11.2412 7.95
    endloop
  endfacet
  facet normal -0 0 1
    outer loop
      vertex 147 18.4641 7.95
      vertex 147.31 11.3748 7.95
      vertex 147.31 18.6252 7.95
    endloop
  endfacet
  facet normal 0 0 1
    outer loop
      vertex 147 18.4641 7.95
      vertex 147 11.5359 7.95
      vertex 147.31 11.3748 7.95
    endloop
  endfacet
  facet normal -0 0 1
    outer loop
      vertex 146.706 18.2766 7.95
      vertex 147 11.5359 7.95
      vertex 147 18.4641 7.95
    endloop
  endfacet
  facet normal 0 0 1
    outer loop
      vertex 146.706 18.2766 7.95
      vertex 146.706 11.7234 7.95
      vertex 147 11.5359 7.95
    endloop
  endfacet
  facet normal -0 0 1
    outer loop
      vertex 146.429 18.0642 7.95
      vertex 146.706 11.7234 7.95
      vertex 146.706 18.2766 7.95
    endloop
  endfacet
  facet normal 0 0 1
    outer loop
      vertex 146.429 18.0642 7.95
      vertex 146.429 11.9358 7.95
      vertex 146.706 11.7234 7.95
    endloop
  endfacet
  facet normal -0 0 1
    outer loop
      vertex 146.172 17.8284 7.95
      vertex 146.429 11.9358 7.95
      vertex 146.429 18.0642 7.95
    endloop
  endfacet
  facet normal 0 0 1
    outer loop
      vertex 146.172 17.8284 7.95
      vertex 146.172 12.1716 7.95
      vertex 146.429 11.9358 7.95
    endloop
  endfacet
  facet normal -0 0 1
    outer loop
      vertex 145.936 17.5711 7.95
      vertex 146.172 12.1716 7.95
      vertex 146.172 17.8284 7.95
    endloop
  endfacet
  facet normal 0 0 1
    outer loop
      vertex 145.936 17.5711 7.95
      vertex 145.936 12.4289 7.95
      vertex 146.172 12.1716 7.95
    endloop
  endfacet
  facet normal -0 0 1
    outer loop
      vertex 145.723 17.2943 7.95
      vertex 145.936 12.4289 7.95
      vertex 145.936 17.5711 7.95
    endloop
  endfacet
  facet normal 0 0 1
    outer loop
      vertex 145.723 17.2943 7.95
      vertex 145.723 12.7057 7.95
      vertex 145.936 12.4289 7.95
    endloop
  endfacet
  facet normal -0 0 1
    outer loop
      vertex 145.536 17 7.95
      vertex 145.723 12.7057 7.95
      vertex 145.723 17.2943 7.95
    endloop
  endfacet
  facet normal 0 0 1
    outer loop
      vertex 145.536 17 7.95
      vertex 145.536 13 7.95
      vertex 145.723 12.7057 7.95
    endloop
  endfacet
  facet normal -0 0 1
    outer loop
      vertex 145.375 16.6905 7.95
      vertex 145.536 13 7.95
      vertex 145.536 17 7.95
    endloop
  endfacet
  facet normal 0 0 1
    outer loop
      vertex 145.375 16.6905 7.95
      vertex 145.375 13.3095 7.95
      vertex 145.536 13 7.95
    endloop
  endfacet
  facet normal -0 0 1
    outer loop
      vertex 145.241 16.3681 7.95
      vertex 145.375 13.3095 7.95
      vertex 145.375 16.6905 7.95
    endloop
  endfacet
  facet normal 0 0 1
    outer loop
      vertex 145.241 16.3681 7.95
      vertex 145.241 13.6319 7.95
      vertex 145.375 13.3095 7.95
    endloop
  endfacet
  facet normal -0 0 1
    outer loop
      vertex 145.136 16.0353 7.95
      vertex 145.241 13.6319 7.95
      vertex 145.241 16.3681 7.95
    endloop
  endfacet
  facet normal 0 0 1
    outer loop
      vertex 145.136 16.0353 7.95
      vertex 145.136 13.9647 7.95
      vertex 145.241 13.6319 7.95
    endloop
  endfacet
  facet normal -0 0 1
    outer loop
      vertex 145.061 15.6946 7.95
      vertex 145.136 13.9647 7.95
      vertex 145.136 16.0353 7.95
    endloop
  endfacet
  facet normal 0 0 1
    outer loop
      vertex 145.061 15.6946 7.95
      vertex 145.061 14.3054 7.95
      vertex 145.136 13.9647 7.95
    endloop
  endfacet
  facet normal -0 0 1
    outer loop
      vertex 145.015 15.3486 7.95
      vertex 145.061 14.3054 7.95
      vertex 145.061 15.6946 7.95
    endloop
  endfacet
  facet normal 0 0 1
    outer loop
      vertex 145.015 15.3486 7.95
      vertex 145.015 14.6514 7.95
      vertex 145.061 14.3054 7.95
    endloop
  endfacet
  facet normal 0 -0 1
    outer loop
      vertex 145.015 14.6514 7.95
      vertex 145.015 15.3486 7.95
      vertex 145 15 7.95
    endloop
  endfacet
  facet normal 0.976524 -0.21541 0
    outer loop
      vertex 152.864 131.965 7.95
      vertex 152.939 132.305 3
      vertex 152.939 132.305 7.95
    endloop
  endfacet
  facet normal 0.976524 -0.21541 0
    outer loop
      vertex 152.939 132.305 3
      vertex 152.864 131.965 7.95
      vertex 152.864 131.965 3
    endloop
  endfacet
  facet normal 0 0 1
    outer loop
      vertex 152.985 133.349 7.95
      vertex 152.985 132.651 7.95
      vertex 153 133 7.95
    endloop
  endfacet
  facet normal 0 0 1
    outer loop
      vertex 152.939 133.695 7.95
      vertex 152.985 132.651 7.95
      vertex 152.985 133.349 7.95
    endloop
  endfacet
  facet normal 0 0 1
    outer loop
      vertex 152.939 133.695 7.95
      vertex 152.939 132.305 7.95
      vertex 152.985 132.651 7.95
    endloop
  endfacet
  facet normal 0 0 1
    outer loop
      vertex 152.864 134.035 7.95
      vertex 152.939 132.305 7.95
      vertex 152.939 133.695 7.95
    endloop
  endfacet
  facet normal 0 0 1
    outer loop
      vertex 152.864 134.035 7.95
      vertex 152.864 131.965 7.95
      vertex 152.939 132.305 7.95
    endloop
  endfacet
  facet normal 0 0 1
    outer loop
      vertex 152.759 134.368 7.95
      vertex 152.864 131.965 7.95
      vertex 152.864 134.035 7.95
    endloop
  endfacet
  facet normal 0 0 1
    outer loop
      vertex 152.759 134.368 7.95
      vertex 152.759 131.632 7.95
      vertex 152.864 131.965 7.95
    endloop
  endfacet
  facet normal 0 0 1
    outer loop
      vertex 152.625 134.69 7.95
      vertex 152.759 131.632 7.95
      vertex 152.759 134.368 7.95
    endloop
  endfacet
  facet normal 0 0 1
    outer loop
      vertex 152.625 134.69 7.95
      vertex 152.625 131.31 7.95
      vertex 152.759 131.632 7.95
    endloop
  endfacet
  facet normal 0 0 1
    outer loop
      vertex 152.464 135 7.95
      vertex 152.625 131.31 7.95
      vertex 152.625 134.69 7.95
    endloop
  endfacet
  facet normal 0 0 1
    outer loop
      vertex 152.464 135 7.95
      vertex 152.464 131 7.95
      vertex 152.625 131.31 7.95
    endloop
  endfacet
  facet normal 0 0 1
    outer loop
      vertex 152.277 135.294 7.95
      vertex 152.464 131 7.95
      vertex 152.464 135 7.95
    endloop
  endfacet
  facet normal 0 0 1
    outer loop
      vertex 152.277 135.294 7.95
      vertex 152.277 130.706 7.95
      vertex 152.464 131 7.95
    endloop
  endfacet
  facet normal 0 0 1
    outer loop
      vertex 152.064 135.571 7.95
      vertex 152.277 130.706 7.95
      vertex 152.277 135.294 7.95
    endloop
  endfacet
  facet normal 0 0 1
    outer loop
      vertex 152.064 135.571 7.95
      vertex 152.064 130.429 7.95
      vertex 152.277 130.706 7.95
    endloop
  endfacet
  facet normal 0 0 1
    outer loop
      vertex 151.828 135.828 7.95
      vertex 152.064 130.429 7.95
      vertex 152.064 135.571 7.95
    endloop
  endfacet
  facet normal 0 0 1
    outer loop
      vertex 151.828 135.828 7.95
      vertex 151.828 130.172 7.95
      vertex 152.064 130.429 7.95
    endloop
  endfacet
  facet normal 0 0 1
    outer loop
      vertex 151.571 136.064 7.95
      vertex 151.828 130.172 7.95
      vertex 151.828 135.828 7.95
    endloop
  endfacet
  facet normal 0 0 1
    outer loop
      vertex 151.571 136.064 7.95
      vertex 151.571 129.936 7.95
      vertex 151.828 130.172 7.95
    endloop
  endfacet
  facet normal 0 0 1
    outer loop
      vertex 151.294 136.277 7.95
      vertex 151.571 129.936 7.95
      vertex 151.571 136.064 7.95
    endloop
  endfacet
  facet normal 0 0 1
    outer loop
      vertex 151.294 136.277 7.95
      vertex 151.294 129.723 7.95
      vertex 151.571 129.936 7.95
    endloop
  endfacet
  facet normal 0 0 1
    outer loop
      vertex 151 136.464 7.95
      vertex 151.294 129.723 7.95
      vertex 151.294 136.277 7.95
    endloop
  endfacet
  facet normal 0 0 1
    outer loop
      vertex 151 136.464 7.95
      vertex 151 129.536 7.95
      vertex 151.294 129.723 7.95
    endloop
  endfacet
  facet normal 0 0 1
    outer loop
      vertex 150.69 136.625 7.95
      vertex 151 129.536 7.95
      vertex 151 136.464 7.95
    endloop
  endfacet
  facet normal 0 0 1
    outer loop
      vertex 150.69 136.625 7.95
      vertex 150.69 129.375 7.95
      vertex 151 129.536 7.95
    endloop
  endfacet
  facet normal 0 0 1
    outer loop
      vertex 150.368 136.759 7.95
      vertex 150.69 129.375 7.95
      vertex 150.69 136.625 7.95
    endloop
  endfacet
  facet normal 0 0 1
    outer loop
      vertex 150.368 136.759 7.95
      vertex 150.368 129.241 7.95
      vertex 150.69 129.375 7.95
    endloop
  endfacet
  facet normal 0 0 1
    outer loop
      vertex 150.035 136.864 7.95
      vertex 150.368 129.241 7.95
      vertex 150.368 136.759 7.95
    endloop
  endfacet
  facet normal 0 0 1
    outer loop
      vertex 150.035 136.864 7.95
      vertex 150.035 129.136 7.95
      vertex 150.368 129.241 7.95
    endloop
  endfacet
  facet normal 0 0 1
    outer loop
      vertex 149.695 136.939 7.95
      vertex 150.035 129.136 7.95
      vertex 150.035 136.864 7.95
    endloop
  endfacet
  facet normal 0 0 1
    outer loop
      vertex 149.695 136.939 7.95
      vertex 149.695 129.061 7.95
      vertex 150.035 129.136 7.95
    endloop
  endfacet
  facet normal 0 0 1
    outer loop
      vertex 149.349 136.985 7.95
      vertex 149.695 129.061 7.95
      vertex 149.695 136.939 7.95
    endloop
  endfacet
  facet normal 0 0 1
    outer loop
      vertex 149.349 136.985 7.95
      vertex 149.349 129.015 7.95
      vertex 149.695 129.061 7.95
    endloop
  endfacet
  facet normal 0 0 1
    outer loop
      vertex 149 137 7.95
      vertex 149.349 129.015 7.95
      vertex 149.349 136.985 7.95
    endloop
  endfacet
  facet normal 0 0 1
    outer loop
      vertex 149 137 7.95
      vertex 149 129 7.95
      vertex 149.349 129.015 7.95
    endloop
  endfacet
  facet normal -0 0 1
    outer loop
      vertex 148.651 136.985 7.95
      vertex 149 129 7.95
      vertex 149 137 7.95
    endloop
  endfacet
  facet normal 0 0 1
    outer loop
      vertex 148.651 136.985 7.95
      vertex 148.651 129.015 7.95
      vertex 149 129 7.95
    endloop
  endfacet
  facet normal -0 0 1
    outer loop
      vertex 148.305 136.939 7.95
      vertex 148.651 129.015 7.95
      vertex 148.651 136.985 7.95
    endloop
  endfacet
  facet normal 0 0 1
    outer loop
      vertex 148.305 136.939 7.95
      vertex 148.305 129.061 7.95
      vertex 148.651 129.015 7.95
    endloop
  endfacet
  facet normal -0 0 1
    outer loop
      vertex 147.965 136.864 7.95
      vertex 148.305 129.061 7.95
      vertex 148.305 136.939 7.95
    endloop
  endfacet
  facet normal 0 0 1
    outer loop
      vertex 147.965 136.864 7.95
      vertex 147.965 129.136 7.95
      vertex 148.305 129.061 7.95
    endloop
  endfacet
  facet normal -0 0 1
    outer loop
      vertex 147.632 136.759 7.95
      vertex 147.965 129.136 7.95
      vertex 147.965 136.864 7.95
    endloop
  endfacet
  facet normal 0 0 1
    outer loop
      vertex 147.632 136.759 7.95
      vertex 147.632 129.241 7.95
      vertex 147.965 129.136 7.95
    endloop
  endfacet
  facet normal -0 0 1
    outer loop
      vertex 147.31 136.625 7.95
      vertex 147.632 129.241 7.95
      vertex 147.632 136.759 7.95
    endloop
  endfacet
  facet normal 0 0 1
    outer loop
      vertex 147.31 136.625 7.95
      vertex 147.31 129.375 7.95
      vertex 147.632 129.241 7.95
    endloop
  endfacet
  facet normal -0 0 1
    outer loop
      vertex 147 136.464 7.95
      vertex 147.31 129.375 7.95
      vertex 147.31 136.625 7.95
    endloop
  endfacet
  facet normal 0 0 1
    outer loop
      vertex 147 136.464 7.95
      vertex 147 129.536 7.95
      vertex 147.31 129.375 7.95
    endloop
  endfacet
  facet normal -0 0 1
    outer loop
      vertex 146.706 136.277 7.95
      vertex 147 129.536 7.95
      vertex 147 136.464 7.95
    endloop
  endfacet
  facet normal 0 0 1
    outer loop
      vertex 146.706 136.277 7.95
      vertex 146.706 129.723 7.95
      vertex 147 129.536 7.95
    endloop
  endfacet
  facet normal -0 0 1
    outer loop
      vertex 146.429 136.064 7.95
      vertex 146.706 129.723 7.95
      vertex 146.706 136.277 7.95
    endloop
  endfacet
  facet normal 0 0 1
    outer loop
      vertex 146.429 136.064 7.95
      vertex 146.429 129.936 7.95
      vertex 146.706 129.723 7.95
    endloop
  endfacet
  facet normal -0 0 1
    outer loop
      vertex 146.172 135.828 7.95
      vertex 146.429 129.936 7.95
      vertex 146.429 136.064 7.95
    endloop
  endfacet
  facet normal 0 0 1
    outer loop
      vertex 146.172 135.828 7.95
      vertex 146.172 130.172 7.95
      vertex 146.429 129.936 7.95
    endloop
  endfacet
  facet normal -0 0 1
    outer loop
      vertex 145.936 135.571 7.95
      vertex 146.172 130.172 7.95
      vertex 146.172 135.828 7.95
    endloop
  endfacet
  facet normal 0 0 1
    outer loop
      vertex 145.936 135.571 7.95
      vertex 145.936 130.429 7.95
      vertex 146.172 130.172 7.95
    endloop
  endfacet
  facet normal -0 0 1
    outer loop
      vertex 145.723 135.294 7.95
      vertex 145.936 130.429 7.95
      vertex 145.936 135.571 7.95
    endloop
  endfacet
  facet normal 0 0 1
    outer loop
      vertex 145.723 135.294 7.95
      vertex 145.723 130.706 7.95
      vertex 145.936 130.429 7.95
    endloop
  endfacet
  facet normal -0 0 1
    outer loop
      vertex 145.536 135 7.95
      vertex 145.723 130.706 7.95
      vertex 145.723 135.294 7.95
    endloop
  endfacet
  facet normal 0 0 1
    outer loop
      vertex 145.536 135 7.95
      vertex 145.536 131 7.95
      vertex 145.723 130.706 7.95
    endloop
  endfacet
  facet normal -0 0 1
    outer loop
      vertex 145.375 134.69 7.95
      vertex 145.536 131 7.95
      vertex 145.536 135 7.95
    endloop
  endfacet
  facet normal 0 0 1
    outer loop
      vertex 145.375 134.69 7.95
      vertex 145.375 131.31 7.95
      vertex 145.536 131 7.95
    endloop
  endfacet
  facet normal -0 0 1
    outer loop
      vertex 145.241 134.368 7.95
      vertex 145.375 131.31 7.95
      vertex 145.375 134.69 7.95
    endloop
  endfacet
  facet normal 0 0 1
    outer loop
      vertex 145.241 134.368 7.95
      vertex 145.241 131.632 7.95
      vertex 145.375 131.31 7.95
    endloop
  endfacet
  facet normal -0 0 1
    outer loop
      vertex 145.136 134.035 7.95
      vertex 145.241 131.632 7.95
      vertex 145.241 134.368 7.95
    endloop
  endfacet
  facet normal 0 0 1
    outer loop
      vertex 145.136 134.035 7.95
      vertex 145.136 131.965 7.95
      vertex 145.241 131.632 7.95
    endloop
  endfacet
  facet normal -0 0 1
    outer loop
      vertex 145.061 133.695 7.95
      vertex 145.136 131.965 7.95
      vertex 145.136 134.035 7.95
    endloop
  endfacet
  facet normal 0 0 1
    outer loop
      vertex 145.061 133.695 7.95
      vertex 145.061 132.305 7.95
      vertex 145.136 131.965 7.95
    endloop
  endfacet
  facet normal -0 0 1
    outer loop
      vertex 145.015 133.349 7.95
      vertex 145.061 132.305 7.95
      vertex 145.061 133.695 7.95
    endloop
  endfacet
  facet normal 0 0 1
    outer loop
      vertex 145.015 133.349 7.95
      vertex 145.015 132.651 7.95
      vertex 145.061 132.305 7.95
    endloop
  endfacet
  facet normal 0 -0 1
    outer loop
      vertex 145.015 132.651 7.95
      vertex 145.015 133.349 7.95
      vertex 145 133 7.95
    endloop
  endfacet
  facet normal 0.0429403 -0.999078 0
    outer loop
      vertex 149 129 2.95
      vertex 149.349 129.015 7.95
      vertex 149 129 7.95
    endloop
  endfacet
  facet normal 0.0429403 -0.999078 0
    outer loop
      vertex 149.349 129.015 7.95
      vertex 149 129 2.95
      vertex 149.349 129.015 2.95
    endloop
  endfacet
  facet normal -0.953712 -0.30072 0
    outer loop
      vertex 145.241 131.632 3
      vertex 145.136 131.965 7.95
      vertex 145.136 131.965 3
    endloop
  endfacet
  facet normal -0.953712 -0.30072 0
    outer loop
      vertex 145.136 131.965 7.95
      vertex 145.241 131.632 3
      vertex 145.241 131.632 7.95
    endloop
  endfacet
  facet normal -0.736559 0.676373 0
    outer loop
      vertex 145.936 135.571 2.95
      vertex 146.172 135.828 7.95
      vertex 146.172 135.828 2.95
    endloop
  endfacet
  facet normal -0.736559 0.676373 0
    outer loop
      vertex 146.172 135.828 7.95
      vertex 145.936 135.571 2.95
      vertex 145.936 135.571 7.95
    endloop
  endfacet
  facet normal 0.991278 -0.131788 0
    outer loop
      vertex 152.939 132.305 7.95
      vertex 152.985 132.651 3
      vertex 152.985 132.651 7.95
    endloop
  endfacet
  facet normal 0.991278 -0.131788 0
    outer loop
      vertex 152.985 132.651 3
      vertex 152.939 132.305 7.95
      vertex 152.939 132.305 3
    endloop
  endfacet
  facet normal 0.953712 0.30072 0
    outer loop
      vertex 152.864 134.035 7.95
      vertex 152.759 134.368 3
      vertex 152.759 134.368 7.95
    endloop
  endfacet
  facet normal 0.953712 0.30072 0
    outer loop
      vertex 152.759 134.368 3
      vertex 152.864 134.035 7.95
      vertex 152.864 134.035 3
    endloop
  endfacet
  facet normal 0.460902 0.887451 -0
    outer loop
      vertex 151 136.464 3
      vertex 150.69 136.625 7.95
      vertex 151 136.464 7.95
    endloop
  endfacet
  facet normal 0.460902 0.887451 0
    outer loop
      vertex 150.69 136.625 7.95
      vertex 151 136.464 3
      vertex 150.69 136.625 3
    endloop
  endfacet
  facet normal 0.676373 0.736559 4.16871e-05
    outer loop
      vertex 151.828 135.828 7.95
      vertex 151.641 136 3
      vertex 151.571 136.064 7.95
    endloop
  endfacet
  facet normal 0.676971 0.736009 -0
    outer loop
      vertex 151.828 135.828 2.95
      vertex 151.641 136 3
      vertex 151.828 135.828 7.95
    endloop
  endfacet
  facet normal 0.676971 0.736009 0
    outer loop
      vertex 151.641 136 3
      vertex 151.828 135.828 2.95
      vertex 151.641 136 2.95
    endloop
  endfacet
  facet normal 0.674769 0.738029 0
    outer loop
      vertex 151.571 136.064 7.95
      vertex 151.641 136 3
      vertex 151.571 136.064 3
    endloop
  endfacet
  facet normal 0.736559 0.676373 0
    outer loop
      vertex 152.064 135.571 7.95
      vertex 151.828 135.828 2.95
      vertex 151.828 135.828 7.95
    endloop
  endfacet
  facet normal 0.736559 0.676373 0
    outer loop
      vertex 151.828 135.828 2.95
      vertex 152.064 135.571 7.95
      vertex 152.064 135.571 2.95
    endloop
  endfacet
  facet normal 0.991278 0.131788 0
    outer loop
      vertex 152.985 133.349 7.95
      vertex 152.939 133.695 3
      vertex 152.939 133.695 7.95
    endloop
  endfacet
  facet normal 0.991278 0.131788 0
    outer loop
      vertex 152.939 133.695 3
      vertex 152.985 133.349 7.95
      vertex 152.985 133.349 3
    endloop
  endfacet
  facet normal -0.609572 0.79273 0
    outer loop
      vertex 146.706 136.277 3
      vertex 146.429 136.064 7.95
      vertex 146.706 136.277 7.95
    endloop
  endfacet
  facet normal -0.609572 0.79273 0
    outer loop
      vertex 146.429 136.064 7.95
      vertex 146.706 136.277 3
      vertex 146.429 136.064 3
    endloop
  endfacet
  facet normal 0.999078 0.0429403 0
    outer loop
      vertex 153 133 7.95
      vertex 152.985 133.349 3
      vertex 152.985 133.349 7.95
    endloop
  endfacet
  facet normal 0.999078 0.0429403 0
    outer loop
      vertex 152.985 133.349 3
      vertex 153 133 7.95
      vertex 153 133 3
    endloop
  endfacet
  facet normal 0.384208 -0.923246 0
    outer loop
      vertex 150.368 129.241 2.95
      vertex 150.69 129.375 7.95
      vertex 150.368 129.241 7.95
    endloop
  endfacet
  facet normal 0.384208 -0.923246 0
    outer loop
      vertex 150.69 129.375 7.95
      vertex 150.368 129.241 2.95
      vertex 150.69 129.375 2.95
    endloop
  endfacet
  facet normal 0.53669 -0.84378 0
    outer loop
      vertex 151 129.536 2.95
      vertex 151.294 129.723 7.95
      vertex 151 129.536 7.95
    endloop
  endfacet
  facet normal 0.53669 -0.84378 0
    outer loop
      vertex 151.294 129.723 7.95
      vertex 151 129.536 2.95
      vertex 151.294 129.723 2.95
    endloop
  endfacet
  facet normal -0.953712 0.30072 0
    outer loop
      vertex 145.136 134.035 3
      vertex 145.241 134.368 7.95
      vertex 145.241 134.368 3
    endloop
  endfacet
  facet normal -0.953712 0.30072 0
    outer loop
      vertex 145.241 134.368 7.95
      vertex 145.136 134.035 3
      vertex 145.136 134.035 7.95
    endloop
  endfacet
  facet normal -0.991278 0.131788 0
    outer loop
      vertex 145.015 133.349 3
      vertex 145.061 133.695 7.95
      vertex 145.061 133.695 3
    endloop
  endfacet
  facet normal -0.991278 0.131788 0
    outer loop
      vertex 145.061 133.695 7.95
      vertex 145.015 133.349 3
      vertex 145.015 133.349 7.95
    endloop
  endfacet
  facet normal -0.30072 -0.953712 0
    outer loop
      vertex 147.632 129.241 2.95
      vertex 147.965 129.136 7.95
      vertex 147.632 129.241 7.95
    endloop
  endfacet
  facet normal -0.30072 -0.953712 -0
    outer loop
      vertex 147.965 129.136 7.95
      vertex 147.632 129.241 2.95
      vertex 147.965 129.136 2.95
    endloop
  endfacet
  facet normal -0.736559 -0.676373 0
    outer loop
      vertex 146.172 130.172 2.95
      vertex 145.936 130.429 7.95
      vertex 145.936 130.429 2.95
    endloop
  endfacet
  facet normal -0.736559 -0.676373 0
    outer loop
      vertex 145.936 130.429 7.95
      vertex 146.172 130.172 2.95
      vertex 146.172 130.172 7.95
    endloop
  endfacet
  facet normal 0 0 -1
    outer loop
      vertex 149 132.558 2.95
      vertex 152.064 130.429 2.95
      vertex 151.828 130.172 2.95
    endloop
  endfacet
  facet normal 0 0 -1
    outer loop
      vertex 149 132.558 2.95
      vertex 151.828 130.172 2.95
      vertex 151.571 129.936 2.95
    endloop
  endfacet
  facet normal 0 0 -1
    outer loop
      vertex 149 132.558 2.95
      vertex 151.571 129.936 2.95
      vertex 151.294 129.723 2.95
    endloop
  endfacet
  facet normal 0 0 -1
    outer loop
      vertex 149 132.558 2.95
      vertex 151.294 129.723 2.95
      vertex 151 129.536 2.95
    endloop
  endfacet
  facet normal 0 0 -1
    outer loop
      vertex 149 132.558 2.95
      vertex 151 129.536 2.95
      vertex 150.69 129.375 2.95
    endloop
  endfacet
  facet normal 0 0 -1
    outer loop
      vertex 149 132.558 2.95
      vertex 150.69 129.375 2.95
      vertex 150.368 129.241 2.95
    endloop
  endfacet
  facet normal 0 0 -1
    outer loop
      vertex 149 132.558 2.95
      vertex 150.368 129.241 2.95
      vertex 150.035 129.136 2.95
    endloop
  endfacet
  facet normal 0 0 -1
    outer loop
      vertex 149 132.558 2.95
      vertex 150.035 129.136 2.95
      vertex 149.695 129.061 2.95
    endloop
  endfacet
  facet normal 0 0 -1
    outer loop
      vertex 149 132.558 2.95
      vertex 149.695 129.061 2.95
      vertex 149.349 129.015 2.95
    endloop
  endfacet
  facet normal 0 0 -1
    outer loop
      vertex 149 132.558 2.95
      vertex 149.349 129.015 2.95
      vertex 149 129 2.95
    endloop
  endfacet
  facet normal 0 0 -1
    outer loop
      vertex 152.064 130.429 2.95
      vertex 149 132.558 2.95
      vertex 152.256 130.678 2.95
    endloop
  endfacet
  facet normal 0 0 -1
    outer loop
      vertex 148.651 129.015 2.95
      vertex 149 132.558 2.95
      vertex 149 129 2.95
    endloop
  endfacet
  facet normal 0 0 -1
    outer loop
      vertex 148.305 129.061 2.95
      vertex 149 132.558 2.95
      vertex 148.651 129.015 2.95
    endloop
  endfacet
  facet normal 0 0 -1
    outer loop
      vertex 147.965 129.136 2.95
      vertex 149 132.558 2.95
      vertex 148.305 129.061 2.95
    endloop
  endfacet
  facet normal 0 0 -1
    outer loop
      vertex 147.632 129.241 2.95
      vertex 149 132.558 2.95
      vertex 147.965 129.136 2.95
    endloop
  endfacet
  facet normal 0 0 -1
    outer loop
      vertex 147.31 129.375 2.95
      vertex 149 132.558 2.95
      vertex 147.632 129.241 2.95
    endloop
  endfacet
  facet normal 0 0 -1
    outer loop
      vertex 147 129.536 2.95
      vertex 149 132.558 2.95
      vertex 147.31 129.375 2.95
    endloop
  endfacet
  facet normal 0 0 -1
    outer loop
      vertex 146.706 129.723 2.95
      vertex 149 132.558 2.95
      vertex 147 129.536 2.95
    endloop
  endfacet
  facet normal 0 0 -1
    outer loop
      vertex 146.429 129.936 2.95
      vertex 149 132.558 2.95
      vertex 146.706 129.723 2.95
    endloop
  endfacet
  facet normal 0 0 -1
    outer loop
      vertex 146.172 130.172 2.95
      vertex 149 132.558 2.95
      vertex 146.429 129.936 2.95
    endloop
  endfacet
  facet normal 0 0 -1
    outer loop
      vertex 145.936 130.429 2.95
      vertex 149 132.558 2.95
      vertex 146.172 130.172 2.95
    endloop
  endfacet
  facet normal 0 0 -1
    outer loop
      vertex 149 132.558 2.95
      vertex 145.936 130.429 2.95
      vertex 145.744 130.678 2.95
    endloop
  endfacet
  facet normal 0 0 -1
    outer loop
      vertex 150.786 135.651 2.95
      vertex 152.625 134.69 2.95
      vertex 152.68 134.557 2.95
    endloop
  endfacet
  facet normal 0 0 -1
    outer loop
      vertex 152.625 134.69 2.95
      vertex 150.786 135.651 2.95
      vertex 152.464 135 2.95
    endloop
  endfacet
  facet normal 0 0 -1
    outer loop
      vertex 152.464 135 2.95
      vertex 150.786 135.651 2.95
      vertex 152.277 135.294 2.95
    endloop
  endfacet
  facet normal 0 0 -1
    outer loop
      vertex 152.277 135.294 2.95
      vertex 150.786 135.651 2.95
      vertex 152.064 135.571 2.95
    endloop
  endfacet
  facet normal 0 0 -1
    outer loop
      vertex 152.064 135.571 2.95
      vertex 150.786 135.651 2.95
      vertex 151.828 135.828 2.95
    endloop
  endfacet
  facet normal -0 0 -1
    outer loop
      vertex 151.828 135.828 2.95
      vertex 150.786 135.651 2.95
      vertex 151.641 136 2.95
    endloop
  endfacet
  facet normal -0 0 -1
    outer loop
      vertex 151.641 136 2.95
      vertex 150.786 135.651 2.95
      vertex 150.786 136 2.95
    endloop
  endfacet
  facet normal 0 0 -1
    outer loop
      vertex 147.214 135.651 2.95
      vertex 146.359 136 2.95
      vertex 147.214 136 2.95
    endloop
  endfacet
  facet normal 0 0 -1
    outer loop
      vertex 147.214 135.651 2.95
      vertex 146.172 135.828 2.95
      vertex 146.359 136 2.95
    endloop
  endfacet
  facet normal -0 0 -1
    outer loop
      vertex 147.214 135.651 2.95
      vertex 145.936 135.571 2.95
      vertex 146.172 135.828 2.95
    endloop
  endfacet
  facet normal 0 0 -1
    outer loop
      vertex 147.214 135.651 2.95
      vertex 145.723 135.294 2.95
      vertex 145.936 135.571 2.95
    endloop
  endfacet
  facet normal 0 0 -1
    outer loop
      vertex 147.214 135.651 2.95
      vertex 145.536 135 2.95
      vertex 145.723 135.294 2.95
    endloop
  endfacet
  facet normal 0 0 -1
    outer loop
      vertex 147.214 135.651 2.95
      vertex 145.375 134.69 2.95
      vertex 145.536 135 2.95
    endloop
  endfacet
  facet normal 0 -0 -1
    outer loop
      vertex 145.375 134.69 2.95
      vertex 147.214 135.651 2.95
      vertex 145.32 134.557 2.95
    endloop
  endfacet
  facet normal -0.53669 -0.84378 0
    outer loop
      vertex 146.706 129.723 2.95
      vertex 147 129.536 7.95
      vertex 146.706 129.723 7.95
    endloop
  endfacet
  facet normal -0.53669 -0.84378 -0
    outer loop
      vertex 147 129.536 7.95
      vertex 146.706 129.723 2.95
      vertex 147 129.536 2.95
    endloop
  endfacet
  facet normal 0.736559 -0.676373 0
    outer loop
      vertex 151.828 130.172 7.95
      vertex 152.064 130.429 2.95
      vertex 152.064 130.429 7.95
    endloop
  endfacet
  facet normal 0.736559 -0.676373 0
    outer loop
      vertex 152.064 130.429 2.95
      vertex 151.828 130.172 7.95
      vertex 151.828 130.172 2.95
    endloop
  endfacet
  facet normal 0.953712 -0.30072 0
    outer loop
      vertex 152.759 131.632 7.95
      vertex 152.864 131.965 3
      vertex 152.864 131.965 7.95
    endloop
  endfacet
  facet normal 0.953712 -0.30072 0
    outer loop
      vertex 152.864 131.965 3
      vertex 152.759 131.632 7.95
      vertex 152.759 131.632 3
    endloop
  endfacet
  facet normal 0.79273 0.609572 0
    outer loop
      vertex 152.277 135.294 7.95
      vertex 152.064 135.571 2.95
      vertex 152.064 135.571 7.95
    endloop
  endfacet
  facet normal 0.79273 0.609572 0
    outer loop
      vertex 152.064 135.571 2.95
      vertex 152.277 135.294 7.95
      vertex 152.277 135.294 2.95
    endloop
  endfacet
  facet normal 0.976524 0.21541 0
    outer loop
      vertex 152.939 133.695 7.95
      vertex 152.864 134.035 3
      vertex 152.864 134.035 7.95
    endloop
  endfacet
  facet normal 0.976524 0.21541 0
    outer loop
      vertex 152.864 134.035 3
      vertex 152.939 133.695 7.95
      vertex 152.939 133.695 3
    endloop
  endfacet
  facet normal -0.791914 -0.610633 0
    outer loop
      vertex 145.744 130.678 2.95
      vertex 145.936 130.429 2.95
      vertex 145.744 130.678 3
    endloop
  endfacet
  facet normal -0.8 -0.6 0
    outer loop
      vertex 145.744 130.678 3
      vertex 145.723 130.706 7.95
      vertex 145.723 130.706 3
    endloop
  endfacet
  facet normal -0.791914 -0.610633 -0
    outer loop
      vertex 145.936 130.429 7.95
      vertex 145.744 130.678 3
      vertex 145.936 130.429 2.95
    endloop
  endfacet
  facet normal -0.79273 -0.609572 8.4988e-05
    outer loop
      vertex 145.744 130.678 3
      vertex 145.936 130.429 7.95
      vertex 145.723 130.706 7.95
    endloop
  endfacet
  facet normal 0.460902 -0.887451 0
    outer loop
      vertex 150.69 129.375 2.95
      vertex 151 129.536 7.95
      vertex 150.69 129.375 7.95
    endloop
  endfacet
  facet normal 0.460902 -0.887451 0
    outer loop
      vertex 151 129.536 7.95
      vertex 150.69 129.375 2.95
      vertex 151 129.536 2.95
    endloop
  endfacet
  facet normal -0.53669 0.84378 0
    outer loop
      vertex 147 136.464 3
      vertex 146.706 136.277 7.95
      vertex 147 136.464 7.95
    endloop
  endfacet
  facet normal -0.53669 0.84378 0
    outer loop
      vertex 146.706 136.277 7.95
      vertex 147 136.464 3
      vertex 146.706 136.277 3
    endloop
  endfacet
  facet normal -0.384208 0.923246 0
    outer loop
      vertex 147.632 136.759 3
      vertex 147.31 136.625 7.95
      vertex 147.632 136.759 7.95
    endloop
  endfacet
  facet normal -0.384208 0.923246 0
    outer loop
      vertex 147.31 136.625 7.95
      vertex 147.632 136.759 3
      vertex 147.31 136.625 3
    endloop
  endfacet
  facet normal -0.923246 -0.384208 0
    outer loop
      vertex 145.375 131.31 3
      vertex 145.241 131.632 7.95
      vertex 145.241 131.632 3
    endloop
  endfacet
  facet normal -0.923246 -0.384208 0
    outer loop
      vertex 145.241 131.632 7.95
      vertex 145.375 131.31 3
      vertex 145.375 131.31 7.95
    endloop
  endfacet
  facet normal -0.999078 -0.0429403 0
    outer loop
      vertex 145.015 132.651 3
      vertex 145 133 7.95
      vertex 145 133 3
    endloop
  endfacet
  facet normal -0.999078 -0.0429403 0
    outer loop
      vertex 145 133 7.95
      vertex 145.015 132.651 3
      vertex 145.015 132.651 7.95
    endloop
  endfacet
  facet normal -0.676373 -0.736559 0
    outer loop
      vertex 146.172 130.172 2.95
      vertex 146.429 129.936 7.95
      vertex 146.172 130.172 7.95
    endloop
  endfacet
  facet normal -0.676373 -0.736559 -0
    outer loop
      vertex 146.429 129.936 7.95
      vertex 146.172 130.172 2.95
      vertex 146.429 129.936 2.95
    endloop
  endfacet
  facet normal -0.999078 0.0429403 0
    outer loop
      vertex 145 133 3
      vertex 145.015 133.349 7.95
      vertex 145.015 133.349 3
    endloop
  endfacet
  facet normal -0.999078 0.0429403 0
    outer loop
      vertex 145.015 133.349 7.95
      vertex 145 133 3
      vertex 145 133 7.95
    endloop
  endfacet
  facet normal -0.0429403 -0.999078 0
    outer loop
      vertex 148.651 129.015 2.95
      vertex 149 129 7.95
      vertex 148.651 129.015 7.95
    endloop
  endfacet
  facet normal -0.0429403 -0.999078 -0
    outer loop
      vertex 149 129 7.95
      vertex 148.651 129.015 2.95
      vertex 149 129 2.95
    endloop
  endfacet
  facet normal -0.131788 0.991278 0
    outer loop
      vertex 148.651 136.985 3
      vertex 148.305 136.939 7.95
      vertex 148.651 136.985 7.95
    endloop
  endfacet
  facet normal -0.131788 0.991278 0
    outer loop
      vertex 148.305 136.939 7.95
      vertex 148.651 136.985 3
      vertex 148.305 136.939 3
    endloop
  endfacet
  facet normal 0.609572 0.79273 -0
    outer loop
      vertex 151.571 136.064 3
      vertex 151.294 136.277 7.95
      vertex 151.571 136.064 7.95
    endloop
  endfacet
  facet normal 0.609572 0.79273 0
    outer loop
      vertex 151.294 136.277 7.95
      vertex 151.571 136.064 3
      vertex 151.294 136.277 3
    endloop
  endfacet
  facet normal 0.21541 -0.976524 0
    outer loop
      vertex 149.695 129.061 2.95
      vertex 150.035 129.136 7.95
      vertex 149.695 129.061 7.95
    endloop
  endfacet
  facet normal 0.21541 -0.976524 0
    outer loop
      vertex 150.035 129.136 7.95
      vertex 149.695 129.061 2.95
      vertex 150.035 129.136 2.95
    endloop
  endfacet
  facet normal 0.999078 -0.0429403 0
    outer loop
      vertex 152.985 132.651 7.95
      vertex 153 133 3
      vertex 153 133 7.95
    endloop
  endfacet
  facet normal 0.999078 -0.0429403 0
    outer loop
      vertex 153 133 3
      vertex 152.985 132.651 7.95
      vertex 152.985 132.651 3
    endloop
  endfacet
  facet normal 0.887451 0.460902 0
    outer loop
      vertex 152.625 134.69 7.95
      vertex 152.464 135 2.95
      vertex 152.464 135 7.95
    endloop
  endfacet
  facet normal 0.887451 0.460902 0
    outer loop
      vertex 152.464 135 2.95
      vertex 152.625 134.69 7.95
      vertex 152.625 134.69 2.95
    endloop
  endfacet
  facet normal -0.460902 -0.887451 0
    outer loop
      vertex 147 129.536 2.95
      vertex 147.31 129.375 7.95
      vertex 147 129.536 7.95
    endloop
  endfacet
  facet normal -0.460902 -0.887451 -0
    outer loop
      vertex 147.31 129.375 7.95
      vertex 147 129.536 2.95
      vertex 147.31 129.375 2.95
    endloop
  endfacet
  facet normal 0.384208 0.923246 -0
    outer loop
      vertex 150.69 136.625 3
      vertex 150.368 136.759 7.95
      vertex 150.69 136.625 7.95
    endloop
  endfacet
  facet normal 0.384208 0.923246 0
    outer loop
      vertex 150.368 136.759 7.95
      vertex 150.69 136.625 3
      vertex 150.368 136.759 3
    endloop
  endfacet
  facet normal 0.53669 0.84378 -0
    outer loop
      vertex 151.294 136.277 3
      vertex 151 136.464 7.95
      vertex 151.294 136.277 7.95
    endloop
  endfacet
  facet normal 0.53669 0.84378 0
    outer loop
      vertex 151 136.464 7.95
      vertex 151.294 136.277 3
      vertex 151 136.464 3
    endloop
  endfacet
  facet normal 0.676373 -0.736559 0
    outer loop
      vertex 151.571 129.936 2.95
      vertex 151.828 130.172 7.95
      vertex 151.571 129.936 7.95
    endloop
  endfacet
  facet normal 0.676373 -0.736559 0
    outer loop
      vertex 151.828 130.172 7.95
      vertex 151.571 129.936 2.95
      vertex 151.828 130.172 2.95
    endloop
  endfacet
  facet normal 0.131788 -0.991278 0
    outer loop
      vertex 149.349 129.015 2.95
      vertex 149.695 129.061 7.95
      vertex 149.349 129.015 7.95
    endloop
  endfacet
  facet normal 0.131788 -0.991278 0
    outer loop
      vertex 149.695 129.061 7.95
      vertex 149.349 129.015 2.95
      vertex 149.695 129.061 2.95
    endloop
  endfacet
  facet normal -0.924101 0.382147 0
    outer loop
      vertex 145.32 134.557 3
      vertex 145.375 134.69 2.95
      vertex 145.32 134.557 2.95
    endloop
  endfacet
  facet normal -0.924101 0.382147 0
    outer loop
      vertex 145.375 134.69 2.95
      vertex 145.32 134.557 3
      vertex 145.375 134.69 7.95
    endloop
  endfacet
  facet normal -0.922643 0.385655 0
    outer loop
      vertex 145.241 134.368 7.95
      vertex 145.32 134.557 3
      vertex 145.241 134.368 3
    endloop
  endfacet
  facet normal -0.923246 0.384208 -6.48746e-05
    outer loop
      vertex 145.32 134.557 3
      vertex 145.241 134.368 7.95
      vertex 145.375 134.69 7.95
    endloop
  endfacet
  facet normal 0.609572 -0.79273 0
    outer loop
      vertex 151.294 129.723 2.95
      vertex 151.571 129.936 7.95
      vertex 151.294 129.723 7.95
    endloop
  endfacet
  facet normal 0.609572 -0.79273 0
    outer loop
      vertex 151.571 129.936 7.95
      vertex 151.294 129.723 2.95
      vertex 151.571 129.936 2.95
    endloop
  endfacet
  facet normal -0.84378 -0.53669 0
    outer loop
      vertex 145.723 130.706 3
      vertex 145.536 131 7.95
      vertex 145.536 131 3
    endloop
  endfacet
  facet normal -0.84378 -0.53669 0
    outer loop
      vertex 145.536 131 7.95
      vertex 145.723 130.706 3
      vertex 145.723 130.706 7.95
    endloop
  endfacet
  facet normal 0.924101 0.382147 0
    outer loop
      vertex 152.625 134.69 7.95
      vertex 152.68 134.557 3
      vertex 152.625 134.69 2.95
    endloop
  endfacet
  facet normal 0.923246 0.384208 -6.48746e-05
    outer loop
      vertex 152.759 134.368 7.95
      vertex 152.68 134.557 3
      vertex 152.625 134.69 7.95
    endloop
  endfacet
  facet normal 0.922643 0.385655 0
    outer loop
      vertex 152.68 134.557 3
      vertex 152.759 134.368 7.95
      vertex 152.759 134.368 3
    endloop
  endfacet
  facet normal 0.924101 0.382147 0
    outer loop
      vertex 152.625 134.69 2.95
      vertex 152.68 134.557 3
      vertex 152.68 134.557 2.95
    endloop
  endfacet
  facet normal -0.30072 0.953712 0
    outer loop
      vertex 147.965 136.864 3
      vertex 147.632 136.759 7.95
      vertex 147.965 136.864 7.95
    endloop
  endfacet
  facet normal -0.30072 0.953712 0
    outer loop
      vertex 147.632 136.759 7.95
      vertex 147.965 136.864 3
      vertex 147.632 136.759 3
    endloop
  endfacet
  facet normal 0.8 -0.6 0
    outer loop
      vertex 152.277 130.706 7.95
      vertex 152.256 130.678 3
      vertex 152.277 130.706 3
    endloop
  endfacet
  facet normal 0.79273 -0.609572 8.4988e-05
    outer loop
      vertex 152.064 130.429 7.95
      vertex 152.256 130.678 3
      vertex 152.277 130.706 7.95
    endloop
  endfacet
  facet normal 0.791914 -0.610633 0
    outer loop
      vertex 152.064 130.429 2.95
      vertex 152.256 130.678 3
      vertex 152.064 130.429 7.95
    endloop
  endfacet
  facet normal 0.791914 -0.610633 0
    outer loop
      vertex 152.256 130.678 3
      vertex 152.064 130.429 2.95
      vertex 152.256 130.678 2.95
    endloop
  endfacet
  facet normal -0.674769 0.738029 0
    outer loop
      vertex 146.359 136 3
      vertex 146.429 136.064 7.95
      vertex 146.429 136.064 3
    endloop
  endfacet
  facet normal -0.676373 0.736559 4.16871e-05
    outer loop
      vertex 146.429 136.064 7.95
      vertex 146.359 136 3
      vertex 146.172 135.828 7.95
    endloop
  endfacet
  facet normal -0.676971 0.736009 0
    outer loop
      vertex 146.172 135.828 2.95
      vertex 146.359 136 3
      vertex 146.359 136 2.95
    endloop
  endfacet
  facet normal -0.676971 0.736009 0
    outer loop
      vertex 146.359 136 3
      vertex 146.172 135.828 2.95
      vertex 146.172 135.828 7.95
    endloop
  endfacet
  facet normal -0.0429403 0.999078 0
    outer loop
      vertex 149 137 3
      vertex 148.651 136.985 7.95
      vertex 149 137 7.95
    endloop
  endfacet
  facet normal -0.0429403 0.999078 0
    outer loop
      vertex 148.651 136.985 7.95
      vertex 149 137 3
      vertex 148.651 136.985 3
    endloop
  endfacet
  facet normal 0.21541 0.976524 -0
    outer loop
      vertex 150.035 136.864 3
      vertex 149.695 136.939 7.95
      vertex 150.035 136.864 7.95
    endloop
  endfacet
  facet normal 0.21541 0.976524 0
    outer loop
      vertex 149.695 136.939 7.95
      vertex 150.035 136.864 3
      vertex 149.695 136.939 3
    endloop
  endfacet
  facet normal 0.84378 -0.53669 0
    outer loop
      vertex 152.277 130.706 7.95
      vertex 152.464 131 3
      vertex 152.464 131 7.95
    endloop
  endfacet
  facet normal 0.84378 -0.53669 0
    outer loop
      vertex 152.464 131 3
      vertex 152.277 130.706 7.95
      vertex 152.277 130.706 3
    endloop
  endfacet
  facet normal 0.131788 0.991278 -0
    outer loop
      vertex 149.695 136.939 3
      vertex 149.349 136.985 7.95
      vertex 149.695 136.939 7.95
    endloop
  endfacet
  facet normal 0.131788 0.991278 0
    outer loop
      vertex 149.349 136.985 7.95
      vertex 149.695 136.939 3
      vertex 149.349 136.985 3
    endloop
  endfacet
  facet normal -0.991278 -0.131788 0
    outer loop
      vertex 145.061 132.305 3
      vertex 145.015 132.651 7.95
      vertex 145.015 132.651 3
    endloop
  endfacet
  facet normal -0.991278 -0.131788 0
    outer loop
      vertex 145.015 132.651 7.95
      vertex 145.061 132.305 3
      vertex 145.061 132.305 7.95
    endloop
  endfacet
  facet normal -0.384208 -0.923246 0
    outer loop
      vertex 147.31 129.375 2.95
      vertex 147.632 129.241 7.95
      vertex 147.31 129.375 7.95
    endloop
  endfacet
  facet normal -0.384208 -0.923246 -0
    outer loop
      vertex 147.632 129.241 7.95
      vertex 147.31 129.375 2.95
      vertex 147.632 129.241 2.95
    endloop
  endfacet
  facet normal -0.976524 0.21541 0
    outer loop
      vertex 145.061 133.695 3
      vertex 145.136 134.035 7.95
      vertex 145.136 134.035 3
    endloop
  endfacet
  facet normal -0.976524 0.21541 0
    outer loop
      vertex 145.136 134.035 7.95
      vertex 145.061 133.695 3
      vertex 145.061 133.695 7.95
    endloop
  endfacet
  facet normal -0.84378 0.53669 0
    outer loop
      vertex 145.536 135 2.95
      vertex 145.723 135.294 7.95
      vertex 145.723 135.294 2.95
    endloop
  endfacet
  facet normal -0.84378 0.53669 0
    outer loop
      vertex 145.723 135.294 7.95
      vertex 145.536 135 2.95
      vertex 145.536 135 7.95
    endloop
  endfacet
  facet normal 0.30072 0.953712 -0
    outer loop
      vertex 150.368 136.759 3
      vertex 150.035 136.864 7.95
      vertex 150.368 136.759 7.95
    endloop
  endfacet
  facet normal 0.30072 0.953712 0
    outer loop
      vertex 150.035 136.864 7.95
      vertex 150.368 136.759 3
      vertex 150.035 136.864 3
    endloop
  endfacet
  facet normal 0.0429403 0.999078 -0
    outer loop
      vertex 149.349 136.985 3
      vertex 149 137 7.95
      vertex 149.349 136.985 7.95
    endloop
  endfacet
  facet normal 0.0429403 0.999078 0
    outer loop
      vertex 149 137 7.95
      vertex 149.349 136.985 3
      vertex 149 137 3
    endloop
  endfacet
  facet normal -0.21541 -0.976524 0
    outer loop
      vertex 147.965 129.136 2.95
      vertex 148.305 129.061 7.95
      vertex 147.965 129.136 7.95
    endloop
  endfacet
  facet normal -0.21541 -0.976524 -0
    outer loop
      vertex 148.305 129.061 7.95
      vertex 147.965 129.136 2.95
      vertex 148.305 129.061 2.95
    endloop
  endfacet
  facet normal 0.923246 -0.384208 0
    outer loop
      vertex 152.625 131.31 7.95
      vertex 152.759 131.632 3
      vertex 152.759 131.632 7.95
    endloop
  endfacet
  facet normal 0.923246 -0.384208 0
    outer loop
      vertex 152.759 131.632 3
      vertex 152.625 131.31 7.95
      vertex 152.625 131.31 3
    endloop
  endfacet
  facet normal 0.887451 -0.460902 0
    outer loop
      vertex 152.464 131 7.95
      vertex 152.625 131.31 3
      vertex 152.625 131.31 7.95
    endloop
  endfacet
  facet normal 0.887451 -0.460902 0
    outer loop
      vertex 152.625 131.31 3
      vertex 152.464 131 7.95
      vertex 152.464 131 3
    endloop
  endfacet
  facet normal -0.887451 -0.460902 0
    outer loop
      vertex 145.536 131 3
      vertex 145.375 131.31 7.95
      vertex 145.375 131.31 3
    endloop
  endfacet
  facet normal -0.887451 -0.460902 0
    outer loop
      vertex 145.375 131.31 7.95
      vertex 145.536 131 3
      vertex 145.536 131 7.95
    endloop
  endfacet
  facet normal -0.460902 0.887451 0
    outer loop
      vertex 147.31 136.625 3
      vertex 147 136.464 7.95
      vertex 147.31 136.625 7.95
    endloop
  endfacet
  facet normal -0.460902 0.887451 0
    outer loop
      vertex 147 136.464 7.95
      vertex 147.31 136.625 3
      vertex 147 136.464 3
    endloop
  endfacet
  facet normal -0.609572 -0.79273 0
    outer loop
      vertex 146.429 129.936 2.95
      vertex 146.706 129.723 7.95
      vertex 146.429 129.936 7.95
    endloop
  endfacet
  facet normal -0.609572 -0.79273 -0
    outer loop
      vertex 146.706 129.723 7.95
      vertex 146.429 129.936 2.95
      vertex 146.706 129.723 2.95
    endloop
  endfacet
  facet normal -0.79273 0.609572 0
    outer loop
      vertex 145.723 135.294 2.95
      vertex 145.936 135.571 7.95
      vertex 145.936 135.571 2.95
    endloop
  endfacet
  facet normal -0.79273 0.609572 0
    outer loop
      vertex 145.936 135.571 7.95
      vertex 145.723 135.294 2.95
      vertex 145.723 135.294 7.95
    endloop
  endfacet
  facet normal 0.30072 -0.953712 0
    outer loop
      vertex 150.035 129.136 2.95
      vertex 150.368 129.241 7.95
      vertex 150.035 129.136 7.95
    endloop
  endfacet
  facet normal 0.30072 -0.953712 0
    outer loop
      vertex 150.368 129.241 7.95
      vertex 150.035 129.136 2.95
      vertex 150.368 129.241 2.95
    endloop
  endfacet
  facet normal -0.131788 -0.991278 0
    outer loop
      vertex 148.305 129.061 2.95
      vertex 148.651 129.015 7.95
      vertex 148.305 129.061 7.95
    endloop
  endfacet
  facet normal -0.131788 -0.991278 -0
    outer loop
      vertex 148.651 129.015 7.95
      vertex 148.305 129.061 2.95
      vertex 148.651 129.015 2.95
    endloop
  endfacet
  facet normal 0.84378 0.53669 0
    outer loop
      vertex 152.464 135 7.95
      vertex 152.277 135.294 2.95
      vertex 152.277 135.294 7.95
    endloop
  endfacet
  facet normal 0.84378 0.53669 0
    outer loop
      vertex 152.277 135.294 2.95
      vertex 152.464 135 7.95
      vertex 152.464 135 2.95
    endloop
  endfacet
  facet normal -0.887451 0.460902 0
    outer loop
      vertex 145.375 134.69 2.95
      vertex 145.536 135 7.95
      vertex 145.536 135 2.95
    endloop
  endfacet
  facet normal -0.887451 0.460902 0
    outer loop
      vertex 145.536 135 7.95
      vertex 145.375 134.69 2.95
      vertex 145.375 134.69 7.95
    endloop
  endfacet
  facet normal -0.976524 -0.21541 0
    outer loop
      vertex 145.136 131.965 3
      vertex 145.061 132.305 7.95
      vertex 145.061 132.305 3
    endloop
  endfacet
  facet normal -0.976524 -0.21541 0
    outer loop
      vertex 145.061 132.305 7.95
      vertex 145.136 131.965 3
      vertex 145.136 131.965 7.95
    endloop
  endfacet
  facet normal -0.21541 0.976524 0
    outer loop
      vertex 148.305 136.939 3
      vertex 147.965 136.864 7.95
      vertex 148.305 136.939 7.95
    endloop
  endfacet
  facet normal -0.21541 0.976524 0
    outer loop
      vertex 147.965 136.864 7.95
      vertex 148.305 136.939 3
      vertex 147.965 136.864 3
    endloop
  endfacet
  facet normal 1 0 0
    outer loop
      vertex 215.7 140 3
      vertex 215.7 143 0
      vertex 215.7 143 0.599999
    endloop
  endfacet
  facet normal 1 0 0
    outer loop
      vertex 215.7 136 0
      vertex 215.7 140 3
      vertex 215.7 136 3
    endloop
  endfacet
  facet normal 1 0 0
    outer loop
      vertex 215.7 140 3
      vertex 215.7 136 0
      vertex 215.7 143 0
    endloop
  endfacet
  facet normal 1 -0 0
    outer loop
      vertex 215.7 10 3
      vertex 215.7 25.4299 0
      vertex 215.7 25.4299 3
    endloop
  endfacet
  facet normal 1 0 0
    outer loop
      vertex 215.7 7 0
      vertex 215.7 10 3
      vertex 215.7 7 0.599999
    endloop
  endfacet
  facet normal 1 0 0
    outer loop
      vertex 215.7 10 3
      vertex 215.7 7 0
      vertex 215.7 25.4299 0
    endloop
  endfacet
  facet normal 1 -0 0
    outer loop
      vertex 215.7 122.57 3
      vertex 215.7 134.546 0
      vertex 215.7 134.546 3
    endloop
  endfacet
  facet normal 1 0 0
    outer loop
      vertex 215.7 134.546 0
      vertex 215.7 122.57 3
      vertex 215.7 122.57 0
    endloop
  endfacet
  facet normal 1 -0 0
    outer loop
      vertex 215.7 68.0121 3
      vertex 215.7 79.9879 0
      vertex 215.7 79.9879 3
    endloop
  endfacet
  facet normal 1 0 0
    outer loop
      vertex 215.7 79.9879 0
      vertex 215.7 68.0121 3
      vertex 215.7 68.0121 0
    endloop
  endfacet
  facet normal 1 -0 0
    outer loop
      vertex 215.7 86.1981 3
      vertex 215.7 98.1739 0
      vertex 215.7 98.1739 3
    endloop
  endfacet
  facet normal 1 0 0
    outer loop
      vertex 215.7 98.1739 0
      vertex 215.7 86.1981 3
      vertex 215.7 86.1981 0
    endloop
  endfacet
  facet normal 1 -0 0
    outer loop
      vertex 215.7 49.8261 3
      vertex 215.7 61.8019 0
      vertex 215.7 61.8019 3
    endloop
  endfacet
  facet normal 1 0 0
    outer loop
      vertex 215.7 61.8019 0
      vertex 215.7 49.8261 3
      vertex 215.7 49.8261 0
    endloop
  endfacet
  facet normal 1 -0 0
    outer loop
      vertex 215.7 31.6401 3
      vertex 215.7 43.6159 0
      vertex 215.7 43.6159 3
    endloop
  endfacet
  facet normal 1 0 0
    outer loop
      vertex 215.7 43.6159 0
      vertex 215.7 31.6401 3
      vertex 215.7 31.6401 0
    endloop
  endfacet
  facet normal 1 -0 0
    outer loop
      vertex 215.7 104.384 3
      vertex 215.7 116.36 0
      vertex 215.7 116.36 3
    endloop
  endfacet
  facet normal 1 0 0
    outer loop
      vertex 215.7 116.36 0
      vertex 215.7 104.384 3
      vertex 215.7 104.384 0
    endloop
  endfacet
  facet normal -1 0 0
    outer loop
      vertex 84 143 0
      vertex 84 140 3
      vertex 84 143 0.599999
    endloop
  endfacet
  facet normal -1 0 0
    outer loop
      vertex 84 136 0
      vertex 84 140 3
      vertex 84 143 0
    endloop
  endfacet
  facet normal -1 -0 0
    outer loop
      vertex 84 140 3
      vertex 84 136 0
      vertex 84 136 3
    endloop
  endfacet
  facet normal -1 0 0
    outer loop
      vertex 84 16.5967 0
      vertex 84 10 3
      vertex 84 16.5967 3
    endloop
  endfacet
  facet normal -1 0 0
    outer loop
      vertex 84 7 0
      vertex 84 10 3
      vertex 84 16.5967 0
    endloop
  endfacet
  facet normal -1 0 0
    outer loop
      vertex 84 10 3
      vertex 84 7 0
      vertex 84 7 0.599999
    endloop
  endfacet
  facet normal -1 0 0
    outer loop
      vertex 84 131.403 0
      vertex 84 135.527 3
      vertex 84 135.527 0
    endloop
  endfacet
  facet normal -1 -0 0
    outer loop
      vertex 84 135.527 3
      vertex 84 131.403 0
      vertex 84 131.403 3
    endloop
  endfacet
  facet normal -1 0 0
    outer loop
      vertex 84 76.8453 0
      vertex 84 80.9694 3
      vertex 84 80.9694 0
    endloop
  endfacet
  facet normal -1 -0 0
    outer loop
      vertex 84 80.9694 3
      vertex 84 76.8453 0
      vertex 84 76.8453 3
    endloop
  endfacet
  facet normal -1 0 0
    outer loop
      vertex 84 85.2166 0
      vertex 84 89.3407 3
      vertex 84 89.3407 0
    endloop
  endfacet
  facet normal -1 -0 0
    outer loop
      vertex 84 89.3407 3
      vertex 84 85.2166 0
      vertex 84 85.2166 3
    endloop
  endfacet
  facet normal -1 0 0
    outer loop
      vertex 84 58.6593 0
      vertex 84 62.7834 3
      vertex 84 62.7834 0
    endloop
  endfacet
  facet normal -1 -0 0
    outer loop
      vertex 84 62.7834 3
      vertex 84 58.6593 0
      vertex 84 58.6593 3
    endloop
  endfacet
  facet normal -1 0 0
    outer loop
      vertex 84 67.0306 0
      vertex 84 71.1547 3
      vertex 84 71.1547 0
    endloop
  endfacet
  facet normal -1 -0 0
    outer loop
      vertex 84 71.1547 3
      vertex 84 67.0306 0
      vertex 84 67.0306 3
    endloop
  endfacet
  facet normal -1 0 0
    outer loop
      vertex 84 40.4733 0
      vertex 84 44.5974 3
      vertex 84 44.5974 0
    endloop
  endfacet
  facet normal -1 -0 0
    outer loop
      vertex 84 44.5974 3
      vertex 84 40.4733 0
      vertex 84 40.4733 3
    endloop
  endfacet
  facet normal -1 0 0
    outer loop
      vertex 84 48.8446 0
      vertex 84 52.9687 3
      vertex 84 52.9687 0
    endloop
  endfacet
  facet normal -1 -0 0
    outer loop
      vertex 84 52.9687 3
      vertex 84 48.8446 0
      vertex 84 48.8446 3
    endloop
  endfacet
  facet normal -1 0 0
    outer loop
      vertex 84 30.6586 0
      vertex 84 34.7827 3
      vertex 84 34.7827 0
    endloop
  endfacet
  facet normal -1 -0 0
    outer loop
      vertex 84 34.7827 3
      vertex 84 30.6586 0
      vertex 84 30.6586 3
    endloop
  endfacet
  facet normal -1 0 0
    outer loop
      vertex 84 22.2873 0
      vertex 84 26.4114 3
      vertex 84 26.4114 0
    endloop
  endfacet
  facet normal -1 -0 0
    outer loop
      vertex 84 26.4114 3
      vertex 84 22.2873 0
      vertex 84 22.2873 3
    endloop
  endfacet
  facet normal -1 0 0
    outer loop
      vertex 84 121.589 0
      vertex 84 125.713 3
      vertex 84 125.713 0
    endloop
  endfacet
  facet normal -1 -0 0
    outer loop
      vertex 84 125.713 3
      vertex 84 121.589 0
      vertex 84 121.589 3
    endloop
  endfacet
  facet normal -1 0 0
    outer loop
      vertex 84 113.217 0
      vertex 84 117.341 3
      vertex 84 117.341 0
    endloop
  endfacet
  facet normal -1 -0 0
    outer loop
      vertex 84 117.341 3
      vertex 84 113.217 0
      vertex 84 113.217 3
    endloop
  endfacet
  facet normal -1 0 0
    outer loop
      vertex 84 103.403 0
      vertex 84 107.527 3
      vertex 84 107.527 0
    endloop
  endfacet
  facet normal -1 -0 0
    outer loop
      vertex 84 107.527 3
      vertex 84 103.403 0
      vertex 84 103.403 3
    endloop
  endfacet
  facet normal -1 0 0
    outer loop
      vertex 84 95.0313 0
      vertex 84 99.1554 3
      vertex 84 99.1554 0
    endloop
  endfacet
  facet normal -1 -0 0
    outer loop
      vertex 84 99.1554 3
      vertex 84 95.0313 0
      vertex 84 95.0313 3
    endloop
  endfacet
endsolid OpenSCAD_Model
