solid OpenSCAD_Model
  facet normal 0.500301 -0.865851 0
    outer loop
      vertex 216.646 14 0
      vertex 217.25 14.349 3
      vertex 216.646 14 3
    endloop
  endfacet
  facet normal 0.500301 -0.865851 0
    outer loop
      vertex 217.25 14.349 3
      vertex 216.646 14 0
      vertex 217.25 14.349 0
    endloop
  endfacet
  facet normal -0.500301 -0.865851 0
    outer loop
      vertex 217.25 14.349 0
      vertex 217.854 14 3
      vertex 217.25 14.349 3
    endloop
  endfacet
  facet normal -0.500301 -0.865851 -0
    outer loop
      vertex 217.854 14 3
      vertex 217.25 14.349 0
      vertex 217.854 14 0
    endloop
  endfacet
  facet normal 0.500301 -0.865851 0
    outer loop
      vertex 227.146 14 0
      vertex 227.75 14.349 3
      vertex 227.146 14 3
    endloop
  endfacet
  facet normal 0.500301 -0.865851 0
    outer loop
      vertex 227.75 14.349 3
      vertex 227.146 14 0
      vertex 227.75 14.349 0
    endloop
  endfacet
  facet normal -0.500301 -0.865851 0
    outer loop
      vertex 227.75 14.349 0
      vertex 228.354 14 3
      vertex 227.75 14.349 3
    endloop
  endfacet
  facet normal -0.500301 -0.865851 -0
    outer loop
      vertex 228.354 14 3
      vertex 227.75 14.349 0
      vertex 228.354 14 0
    endloop
  endfacet
  facet normal 0.500301 -0.865851 0
    outer loop
      vertex 237.646 14 0
      vertex 238.25 14.349 3
      vertex 237.646 14 3
    endloop
  endfacet
  facet normal 0.500301 -0.865851 0
    outer loop
      vertex 238.25 14.349 3
      vertex 237.646 14 0
      vertex 238.25 14.349 0
    endloop
  endfacet
  facet normal -0.500301 -0.865851 0
    outer loop
      vertex 238.25 14.349 0
      vertex 238.854 14 3
      vertex 238.25 14.349 3
    endloop
  endfacet
  facet normal -0.500301 -0.865851 -0
    outer loop
      vertex 238.854 14 3
      vertex 238.25 14.349 0
      vertex 238.854 14 0
    endloop
  endfacet
  facet normal 0.500301 -0.865851 0
    outer loop
      vertex 248.146 14 0
      vertex 248.75 14.349 3
      vertex 248.146 14 3
    endloop
  endfacet
  facet normal 0.500301 -0.865851 0
    outer loop
      vertex 248.75 14.349 3
      vertex 248.146 14 0
      vertex 248.75 14.349 0
    endloop
  endfacet
  facet normal -0.500301 -0.865851 0
    outer loop
      vertex 248.75 14.349 0
      vertex 249.354 14 3
      vertex 248.75 14.349 3
    endloop
  endfacet
  facet normal -0.500301 -0.865851 -0
    outer loop
      vertex 249.354 14 3
      vertex 248.75 14.349 0
      vertex 249.354 14 0
    endloop
  endfacet
  facet normal 0.500301 -0.865851 0
    outer loop
      vertex 258.646 14 0
      vertex 259.25 14.349 3
      vertex 258.646 14 3
    endloop
  endfacet
  facet normal 0.500301 -0.865851 0
    outer loop
      vertex 259.25 14.349 3
      vertex 258.646 14 0
      vertex 259.25 14.349 0
    endloop
  endfacet
  facet normal -0.500301 -0.865851 0
    outer loop
      vertex 259.25 14.349 0
      vertex 259.854 14 3
      vertex 259.25 14.349 3
    endloop
  endfacet
  facet normal -0.500301 -0.865851 -0
    outer loop
      vertex 259.854 14 3
      vertex 259.25 14.349 0
      vertex 259.854 14 0
    endloop
  endfacet
  facet normal 0.500301 -0.865851 0
    outer loop
      vertex 269.146 14 0
      vertex 269.75 14.349 3
      vertex 269.146 14 3
    endloop
  endfacet
  facet normal 0.500301 -0.865851 0
    outer loop
      vertex 269.75 14.349 3
      vertex 269.146 14 0
      vertex 269.75 14.349 0
    endloop
  endfacet
  facet normal -0.500301 -0.865851 0
    outer loop
      vertex 269.75 14.349 0
      vertex 270.354 14 3
      vertex 269.75 14.349 3
    endloop
  endfacet
  facet normal -0.500301 -0.865851 -0
    outer loop
      vertex 270.354 14 3
      vertex 269.75 14.349 0
      vertex 270.354 14 0
    endloop
  endfacet
  facet normal 0.500301 -0.865851 0
    outer loop
      vertex 279.646 14 0
      vertex 280.25 14.349 3
      vertex 279.646 14 3
    endloop
  endfacet
  facet normal 0.500301 -0.865851 0
    outer loop
      vertex 280.25 14.349 3
      vertex 279.646 14 0
      vertex 280.25 14.349 0
    endloop
  endfacet
  facet normal -0.500301 -0.865851 0
    outer loop
      vertex 280.25 14.349 0
      vertex 280.854 14 3
      vertex 280.25 14.349 3
    endloop
  endfacet
  facet normal -0.500301 -0.865851 -0
    outer loop
      vertex 280.854 14 3
      vertex 280.25 14.349 0
      vertex 280.854 14 0
    endloop
  endfacet
  facet normal -0.500011 0.866019 0
    outer loop
      vertex 225.964 17.442 0
      vertex 222.5 15.442 3
      vertex 225.964 17.442 3
    endloop
  endfacet
  facet normal -0.500011 0.866019 0
    outer loop
      vertex 222.5 15.442 3
      vertex 225.964 17.442 0
      vertex 222.5 15.442 0
    endloop
  endfacet
  facet normal -1 0 0
    outer loop
      vertex 225.964 17.442 0
      vertex 225.964 21.442 3
      vertex 225.964 21.442 0
    endloop
  endfacet
  facet normal -1 -0 0
    outer loop
      vertex 225.964 21.442 3
      vertex 225.964 17.442 0
      vertex 225.964 17.442 3
    endloop
  endfacet
  facet normal 0.500011 -0.866019 0
    outer loop
      vertex 219.036 21.442 0
      vertex 222.5 23.442 3
      vertex 219.036 21.442 3
    endloop
  endfacet
  facet normal 0.500011 -0.866019 0
    outer loop
      vertex 222.5 23.442 3
      vertex 219.036 21.442 0
      vertex 222.5 23.442 0
    endloop
  endfacet
  facet normal -0.500011 -0.866019 0
    outer loop
      vertex 222.5 23.442 0
      vertex 225.964 21.442 3
      vertex 222.5 23.442 3
    endloop
  endfacet
  facet normal -0.500011 -0.866019 -0
    outer loop
      vertex 225.964 21.442 3
      vertex 222.5 23.442 0
      vertex 225.964 21.442 0
    endloop
  endfacet
  facet normal 1 -0 0
    outer loop
      vertex 219.036 17.442 3
      vertex 219.036 21.442 0
      vertex 219.036 21.442 3
    endloop
  endfacet
  facet normal 1 0 0
    outer loop
      vertex 219.036 21.442 0
      vertex 219.036 17.442 3
      vertex 219.036 17.442 0
    endloop
  endfacet
  facet normal 0.500011 0.866019 -0
    outer loop
      vertex 222.5 15.442 0
      vertex 219.036 17.442 3
      vertex 222.5 15.442 3
    endloop
  endfacet
  facet normal 0.500011 0.866019 0
    outer loop
      vertex 219.036 17.442 3
      vertex 222.5 15.442 0
      vertex 219.036 17.442 0
    endloop
  endfacet
  facet normal -0.500011 0.866019 0
    outer loop
      vertex 236.464 17.442 0
      vertex 233 15.442 3
      vertex 236.464 17.442 3
    endloop
  endfacet
  facet normal -0.500011 0.866019 0
    outer loop
      vertex 233 15.442 3
      vertex 236.464 17.442 0
      vertex 233 15.442 0
    endloop
  endfacet
  facet normal -1 0 0
    outer loop
      vertex 236.464 17.442 0
      vertex 236.464 21.442 3
      vertex 236.464 21.442 0
    endloop
  endfacet
  facet normal -1 -0 0
    outer loop
      vertex 236.464 21.442 3
      vertex 236.464 17.442 0
      vertex 236.464 17.442 3
    endloop
  endfacet
  facet normal 0.500011 -0.866019 0
    outer loop
      vertex 229.536 21.442 0
      vertex 233 23.442 3
      vertex 229.536 21.442 3
    endloop
  endfacet
  facet normal 0.500011 -0.866019 0
    outer loop
      vertex 233 23.442 3
      vertex 229.536 21.442 0
      vertex 233 23.442 0
    endloop
  endfacet
  facet normal -0.500011 -0.866019 0
    outer loop
      vertex 233 23.442 0
      vertex 236.464 21.442 3
      vertex 233 23.442 3
    endloop
  endfacet
  facet normal -0.500011 -0.866019 -0
    outer loop
      vertex 236.464 21.442 3
      vertex 233 23.442 0
      vertex 236.464 21.442 0
    endloop
  endfacet
  facet normal 1 -0 0
    outer loop
      vertex 229.536 17.442 3
      vertex 229.536 21.442 0
      vertex 229.536 21.442 3
    endloop
  endfacet
  facet normal 1 0 0
    outer loop
      vertex 229.536 21.442 0
      vertex 229.536 17.442 3
      vertex 229.536 17.442 0
    endloop
  endfacet
  facet normal 0.500011 0.866019 -0
    outer loop
      vertex 233 15.442 0
      vertex 229.536 17.442 3
      vertex 233 15.442 3
    endloop
  endfacet
  facet normal 0.500011 0.866019 0
    outer loop
      vertex 229.536 17.442 3
      vertex 233 15.442 0
      vertex 229.536 17.442 0
    endloop
  endfacet
  facet normal -0.500011 0.866019 0
    outer loop
      vertex 246.964 17.442 0
      vertex 243.5 15.442 3
      vertex 246.964 17.442 3
    endloop
  endfacet
  facet normal -0.500011 0.866019 0
    outer loop
      vertex 243.5 15.442 3
      vertex 246.964 17.442 0
      vertex 243.5 15.442 0
    endloop
  endfacet
  facet normal -1 0 0
    outer loop
      vertex 246.964 17.442 0
      vertex 246.964 21.442 3
      vertex 246.964 21.442 0
    endloop
  endfacet
  facet normal -1 -0 0
    outer loop
      vertex 246.964 21.442 3
      vertex 246.964 17.442 0
      vertex 246.964 17.442 3
    endloop
  endfacet
  facet normal 0.500011 -0.866019 0
    outer loop
      vertex 240.036 21.442 0
      vertex 243.5 23.442 3
      vertex 240.036 21.442 3
    endloop
  endfacet
  facet normal 0.500011 -0.866019 0
    outer loop
      vertex 243.5 23.442 3
      vertex 240.036 21.442 0
      vertex 243.5 23.442 0
    endloop
  endfacet
  facet normal -0.500011 -0.866019 0
    outer loop
      vertex 243.5 23.442 0
      vertex 246.964 21.442 3
      vertex 243.5 23.442 3
    endloop
  endfacet
  facet normal -0.500011 -0.866019 -0
    outer loop
      vertex 246.964 21.442 3
      vertex 243.5 23.442 0
      vertex 246.964 21.442 0
    endloop
  endfacet
  facet normal 1 -0 0
    outer loop
      vertex 240.036 17.442 3
      vertex 240.036 21.442 0
      vertex 240.036 21.442 3
    endloop
  endfacet
  facet normal 1 0 0
    outer loop
      vertex 240.036 21.442 0
      vertex 240.036 17.442 3
      vertex 240.036 17.442 0
    endloop
  endfacet
  facet normal 0.500011 0.866019 -0
    outer loop
      vertex 243.5 15.442 0
      vertex 240.036 17.442 3
      vertex 243.5 15.442 3
    endloop
  endfacet
  facet normal 0.500011 0.866019 0
    outer loop
      vertex 240.036 17.442 3
      vertex 243.5 15.442 0
      vertex 240.036 17.442 0
    endloop
  endfacet
  facet normal -0.500011 0.866019 0
    outer loop
      vertex 257.464 17.442 0
      vertex 254 15.442 3
      vertex 257.464 17.442 3
    endloop
  endfacet
  facet normal -0.500011 0.866019 0
    outer loop
      vertex 254 15.442 3
      vertex 257.464 17.442 0
      vertex 254 15.442 0
    endloop
  endfacet
  facet normal -1 0 0
    outer loop
      vertex 257.464 17.442 0
      vertex 257.464 21.442 3
      vertex 257.464 21.442 0
    endloop
  endfacet
  facet normal -1 -0 0
    outer loop
      vertex 257.464 21.442 3
      vertex 257.464 17.442 0
      vertex 257.464 17.442 3
    endloop
  endfacet
  facet normal 0.500011 -0.866019 0
    outer loop
      vertex 250.536 21.442 0
      vertex 254 23.442 3
      vertex 250.536 21.442 3
    endloop
  endfacet
  facet normal 0.500011 -0.866019 0
    outer loop
      vertex 254 23.442 3
      vertex 250.536 21.442 0
      vertex 254 23.442 0
    endloop
  endfacet
  facet normal -0.500011 -0.866019 0
    outer loop
      vertex 254 23.442 0
      vertex 257.464 21.442 3
      vertex 254 23.442 3
    endloop
  endfacet
  facet normal -0.500011 -0.866019 -0
    outer loop
      vertex 257.464 21.442 3
      vertex 254 23.442 0
      vertex 257.464 21.442 0
    endloop
  endfacet
  facet normal 1 -0 0
    outer loop
      vertex 250.536 17.442 3
      vertex 250.536 21.442 0
      vertex 250.536 21.442 3
    endloop
  endfacet
  facet normal 1 0 0
    outer loop
      vertex 250.536 21.442 0
      vertex 250.536 17.442 3
      vertex 250.536 17.442 0
    endloop
  endfacet
  facet normal 0.500011 0.866019 -0
    outer loop
      vertex 254 15.442 0
      vertex 250.536 17.442 3
      vertex 254 15.442 3
    endloop
  endfacet
  facet normal 0.500011 0.866019 0
    outer loop
      vertex 250.536 17.442 3
      vertex 254 15.442 0
      vertex 250.536 17.442 0
    endloop
  endfacet
  facet normal -0.500011 0.866019 0
    outer loop
      vertex 267.964 17.442 0
      vertex 264.5 15.442 3
      vertex 267.964 17.442 3
    endloop
  endfacet
  facet normal -0.500011 0.866019 0
    outer loop
      vertex 264.5 15.442 3
      vertex 267.964 17.442 0
      vertex 264.5 15.442 0
    endloop
  endfacet
  facet normal -1 0 0
    outer loop
      vertex 267.964 17.442 0
      vertex 267.964 21.442 3
      vertex 267.964 21.442 0
    endloop
  endfacet
  facet normal -1 -0 0
    outer loop
      vertex 267.964 21.442 3
      vertex 267.964 17.442 0
      vertex 267.964 17.442 3
    endloop
  endfacet
  facet normal 0.500011 -0.866019 0
    outer loop
      vertex 261.036 21.442 0
      vertex 264.5 23.442 3
      vertex 261.036 21.442 3
    endloop
  endfacet
  facet normal 0.500011 -0.866019 0
    outer loop
      vertex 264.5 23.442 3
      vertex 261.036 21.442 0
      vertex 264.5 23.442 0
    endloop
  endfacet
  facet normal -0.500011 -0.866019 0
    outer loop
      vertex 264.5 23.442 0
      vertex 267.964 21.442 3
      vertex 264.5 23.442 3
    endloop
  endfacet
  facet normal -0.500011 -0.866019 -0
    outer loop
      vertex 267.964 21.442 3
      vertex 264.5 23.442 0
      vertex 267.964 21.442 0
    endloop
  endfacet
  facet normal 1 -0 0
    outer loop
      vertex 261.036 17.442 3
      vertex 261.036 21.442 0
      vertex 261.036 21.442 3
    endloop
  endfacet
  facet normal 1 0 0
    outer loop
      vertex 261.036 21.442 0
      vertex 261.036 17.442 3
      vertex 261.036 17.442 0
    endloop
  endfacet
  facet normal 0.500011 0.866019 -0
    outer loop
      vertex 264.5 15.442 0
      vertex 261.036 17.442 3
      vertex 264.5 15.442 3
    endloop
  endfacet
  facet normal 0.500011 0.866019 0
    outer loop
      vertex 261.036 17.442 3
      vertex 264.5 15.442 0
      vertex 261.036 17.442 0
    endloop
  endfacet
  facet normal -0.499977 0.866039 0
    outer loop
      vertex 278.464 17.442 2.95
      vertex 278.464 17.442 0
      vertex 276.207 16.139 2.95
    endloop
  endfacet
  facet normal -0.500074 0.865982 0
    outer loop
      vertex 276.207 16.139 2.95
      vertex 275 15.442 3
      vertex 276.207 16.139 3
    endloop
  endfacet
  facet normal -0.500011 0.866019 -3.4577e-05
    outer loop
      vertex 275 15.442 0
      vertex 276.207 16.139 2.95
      vertex 278.464 17.442 0
    endloop
  endfacet
  facet normal -0.500074 0.865982 0
    outer loop
      vertex 276.207 16.139 2.95
      vertex 275 15.442 0
      vertex 275 15.442 3
    endloop
  endfacet
  facet normal -1 0 0
    outer loop
      vertex 278.464 17.442 0
      vertex 278.464 21.442 2.95
      vertex 278.464 21.442 0
    endloop
  endfacet
  facet normal -1 -0 0
    outer loop
      vertex 278.464 21.442 2.95
      vertex 278.464 17.442 0
      vertex 278.464 17.442 2.95
    endloop
  endfacet
  facet normal 0.500011 -0.866019 0
    outer loop
      vertex 271.536 21.442 0
      vertex 275 23.442 3
      vertex 271.536 21.442 3
    endloop
  endfacet
  facet normal 0.500011 -0.866019 0
    outer loop
      vertex 275 23.442 3
      vertex 271.536 21.442 0
      vertex 275 23.442 0
    endloop
  endfacet
  facet normal -0.500067 -0.865986 0
    outer loop
      vertex 275 23.442 3
      vertex 276.854 22.3714 2.95
      vertex 276.854 22.3714 3
    endloop
  endfacet
  facet normal -0.500067 -0.865986 0
    outer loop
      vertex 275 23.442 0
      vertex 276.854 22.3714 2.95
      vertex 275 23.442 3
    endloop
  endfacet
  facet normal -0.500011 -0.866019 -4.73231e-05
    outer loop
      vertex 278.464 21.442 0
      vertex 276.854 22.3714 2.95
      vertex 275 23.442 0
    endloop
  endfacet
  facet normal -0.499946 -0.866057 0
    outer loop
      vertex 276.854 22.3714 2.95
      vertex 278.464 21.442 0
      vertex 278.464 21.442 2.95
    endloop
  endfacet
  facet normal 1 -0 0
    outer loop
      vertex 271.536 17.442 3
      vertex 271.536 21.442 0
      vertex 271.536 21.442 3
    endloop
  endfacet
  facet normal 1 0 0
    outer loop
      vertex 271.536 21.442 0
      vertex 271.536 17.442 3
      vertex 271.536 17.442 0
    endloop
  endfacet
  facet normal 0.500011 0.866019 -0
    outer loop
      vertex 275 15.442 0
      vertex 271.536 17.442 3
      vertex 275 15.442 3
    endloop
  endfacet
  facet normal 0.500011 0.866019 0
    outer loop
      vertex 271.536 17.442 3
      vertex 275 15.442 0
      vertex 271.536 17.442 0
    endloop
  endfacet
  facet normal -0.500032 0.866007 0
    outer loop
      vertex 286 15.7307 0
      vertex 285.5 15.442 3
      vertex 286 15.7307 3
    endloop
  endfacet
  facet normal -0.500032 0.866007 0
    outer loop
      vertex 285.5 15.442 3
      vertex 286 15.7307 0
      vertex 285.5 15.442 0
    endloop
  endfacet
  facet normal 0.501424 -0.865202 0
    outer loop
      vertex 282.036 21.442 2.95
      vertex 282.036 21.442 0
      vertex 282.124 21.493 2.95
    endloop
  endfacet
  facet normal 0.499974 -0.86604 0
    outer loop
      vertex 282.124 21.493 2.95
      vertex 285.5 23.442 3
      vertex 282.124 21.493 3
    endloop
  endfacet
  facet normal 0.500011 -0.866019 5.62724e-05
    outer loop
      vertex 285.5 23.442 0
      vertex 282.124 21.493 2.95
      vertex 282.036 21.442 0
    endloop
  endfacet
  facet normal 0.499974 -0.86604 0
    outer loop
      vertex 282.124 21.493 2.95
      vertex 285.5 23.442 0
      vertex 285.5 23.442 3
    endloop
  endfacet
  facet normal -0.500032 -0.866007 0
    outer loop
      vertex 285.5 23.442 0
      vertex 286 23.1533 3
      vertex 285.5 23.442 3
    endloop
  endfacet
  facet normal -0.500032 -0.866007 -0
    outer loop
      vertex 286 23.1533 3
      vertex 285.5 23.442 0
      vertex 286 23.1533 0
    endloop
  endfacet
  facet normal 1 -0 0
    outer loop
      vertex 282.036 17.442 2.95
      vertex 282.036 21.442 0
      vertex 282.036 21.442 2.95
    endloop
  endfacet
  facet normal 1 0 0
    outer loop
      vertex 282.036 21.442 0
      vertex 282.036 17.442 2.95
      vertex 282.036 17.442 0
    endloop
  endfacet
  facet normal 0.5 0.866026 0
    outer loop
      vertex 285.5 15.442 3
      vertex 282.542 17.1498 2.95
      vertex 282.542 17.1498 3
    endloop
  endfacet
  facet normal 0.5 0.866026 -0
    outer loop
      vertex 285.5 15.442 0
      vertex 282.542 17.1498 2.95
      vertex 285.5 15.442 3
    endloop
  endfacet
  facet normal 0.500011 0.866019 1.53224e-05
    outer loop
      vertex 282.036 17.442 0
      vertex 282.542 17.1498 2.95
      vertex 285.5 15.442 0
    endloop
  endfacet
  facet normal 0.500078 0.86598 0
    outer loop
      vertex 282.542 17.1498 2.95
      vertex 282.036 17.442 0
      vertex 282.036 17.442 2.95
    endloop
  endfacet
  facet normal -0.500011 0.866019 0
    outer loop
      vertex 220.714 26.535 0
      vertex 217.25 24.535 3
      vertex 220.714 26.535 3
    endloop
  endfacet
  facet normal -0.500011 0.866019 0
    outer loop
      vertex 217.25 24.535 3
      vertex 220.714 26.535 0
      vertex 217.25 24.535 0
    endloop
  endfacet
  facet normal -1 0 0
    outer loop
      vertex 220.714 26.535 0
      vertex 220.714 30.535 3
      vertex 220.714 30.535 0
    endloop
  endfacet
  facet normal -1 -0 0
    outer loop
      vertex 220.714 30.535 3
      vertex 220.714 26.535 0
      vertex 220.714 26.535 3
    endloop
  endfacet
  facet normal 0.500006 -0.866022 0
    outer loop
      vertex 216 31.8133 0
      vertex 217.25 32.535 3
      vertex 216 31.8133 3
    endloop
  endfacet
  facet normal 0.500006 -0.866022 0
    outer loop
      vertex 217.25 32.535 3
      vertex 216 31.8133 0
      vertex 217.25 32.535 0
    endloop
  endfacet
  facet normal -0.500011 -0.866019 0
    outer loop
      vertex 217.25 32.535 0
      vertex 220.714 30.535 3
      vertex 217.25 32.535 3
    endloop
  endfacet
  facet normal -0.500011 -0.866019 -0
    outer loop
      vertex 220.714 30.535 3
      vertex 217.25 32.535 0
      vertex 220.714 30.535 0
    endloop
  endfacet
  facet normal 0.500006 0.866022 -0
    outer loop
      vertex 217.25 24.535 0
      vertex 216 25.2567 3
      vertex 217.25 24.535 3
    endloop
  endfacet
  facet normal 0.500006 0.866022 0
    outer loop
      vertex 216 25.2567 3
      vertex 217.25 24.535 0
      vertex 216 25.2567 0
    endloop
  endfacet
  facet normal -0.500011 0.866019 0
    outer loop
      vertex 231.214 26.535 0
      vertex 227.75 24.535 3
      vertex 231.214 26.535 3
    endloop
  endfacet
  facet normal -0.500011 0.866019 0
    outer loop
      vertex 227.75 24.535 3
      vertex 231.214 26.535 0
      vertex 227.75 24.535 0
    endloop
  endfacet
  facet normal -1 0 0
    outer loop
      vertex 231.214 26.535 0
      vertex 231.214 30.535 3
      vertex 231.214 30.535 0
    endloop
  endfacet
  facet normal -1 -0 0
    outer loop
      vertex 231.214 30.535 3
      vertex 231.214 26.535 0
      vertex 231.214 26.535 3
    endloop
  endfacet
  facet normal 0.500011 -0.866019 0
    outer loop
      vertex 224.286 30.535 0
      vertex 227.75 32.535 3
      vertex 224.286 30.535 3
    endloop
  endfacet
  facet normal 0.500011 -0.866019 0
    outer loop
      vertex 227.75 32.535 3
      vertex 224.286 30.535 0
      vertex 227.75 32.535 0
    endloop
  endfacet
  facet normal -0.500011 -0.866019 0
    outer loop
      vertex 227.75 32.535 0
      vertex 231.214 30.535 3
      vertex 227.75 32.535 3
    endloop
  endfacet
  facet normal -0.500011 -0.866019 -0
    outer loop
      vertex 231.214 30.535 3
      vertex 227.75 32.535 0
      vertex 231.214 30.535 0
    endloop
  endfacet
  facet normal 1 -0 0
    outer loop
      vertex 224.286 26.535 3
      vertex 224.286 30.535 0
      vertex 224.286 30.535 3
    endloop
  endfacet
  facet normal 1 0 0
    outer loop
      vertex 224.286 30.535 0
      vertex 224.286 26.535 3
      vertex 224.286 26.535 0
    endloop
  endfacet
  facet normal 0.500011 0.866019 -0
    outer loop
      vertex 227.75 24.535 0
      vertex 224.286 26.535 3
      vertex 227.75 24.535 3
    endloop
  endfacet
  facet normal 0.500011 0.866019 0
    outer loop
      vertex 224.286 26.535 3
      vertex 227.75 24.535 0
      vertex 224.286 26.535 0
    endloop
  endfacet
  facet normal -0.500011 0.866019 0
    outer loop
      vertex 241.714 26.535 0
      vertex 238.25 24.535 3
      vertex 241.714 26.535 3
    endloop
  endfacet
  facet normal -0.500011 0.866019 0
    outer loop
      vertex 238.25 24.535 3
      vertex 241.714 26.535 0
      vertex 238.25 24.535 0
    endloop
  endfacet
  facet normal -1 0 0
    outer loop
      vertex 241.714 26.535 0
      vertex 241.714 30.535 3
      vertex 241.714 30.535 0
    endloop
  endfacet
  facet normal -1 -0 0
    outer loop
      vertex 241.714 30.535 3
      vertex 241.714 26.535 0
      vertex 241.714 26.535 3
    endloop
  endfacet
  facet normal 0.500011 -0.866019 0
    outer loop
      vertex 234.786 30.535 0
      vertex 238.25 32.535 3
      vertex 234.786 30.535 3
    endloop
  endfacet
  facet normal 0.500011 -0.866019 0
    outer loop
      vertex 238.25 32.535 3
      vertex 234.786 30.535 0
      vertex 238.25 32.535 0
    endloop
  endfacet
  facet normal -0.500011 -0.866019 0
    outer loop
      vertex 238.25 32.535 0
      vertex 241.714 30.535 3
      vertex 238.25 32.535 3
    endloop
  endfacet
  facet normal -0.500011 -0.866019 -0
    outer loop
      vertex 241.714 30.535 3
      vertex 238.25 32.535 0
      vertex 241.714 30.535 0
    endloop
  endfacet
  facet normal 1 -0 0
    outer loop
      vertex 234.786 26.535 3
      vertex 234.786 30.535 0
      vertex 234.786 30.535 3
    endloop
  endfacet
  facet normal 1 0 0
    outer loop
      vertex 234.786 30.535 0
      vertex 234.786 26.535 3
      vertex 234.786 26.535 0
    endloop
  endfacet
  facet normal 0.500011 0.866019 -0
    outer loop
      vertex 238.25 24.535 0
      vertex 234.786 26.535 3
      vertex 238.25 24.535 3
    endloop
  endfacet
  facet normal 0.500011 0.866019 0
    outer loop
      vertex 234.786 26.535 3
      vertex 238.25 24.535 0
      vertex 234.786 26.535 0
    endloop
  endfacet
  facet normal -0.500011 0.866019 0
    outer loop
      vertex 252.214 26.535 0
      vertex 248.75 24.535 3
      vertex 252.214 26.535 3
    endloop
  endfacet
  facet normal -0.500011 0.866019 0
    outer loop
      vertex 248.75 24.535 3
      vertex 252.214 26.535 0
      vertex 248.75 24.535 0
    endloop
  endfacet
  facet normal -1 0 0
    outer loop
      vertex 252.214 26.535 0
      vertex 252.214 30.535 3
      vertex 252.214 30.535 0
    endloop
  endfacet
  facet normal -1 -0 0
    outer loop
      vertex 252.214 30.535 3
      vertex 252.214 26.535 0
      vertex 252.214 26.535 3
    endloop
  endfacet
  facet normal 0.500011 -0.866019 0
    outer loop
      vertex 245.286 30.535 0
      vertex 248.75 32.535 3
      vertex 245.286 30.535 3
    endloop
  endfacet
  facet normal 0.500011 -0.866019 0
    outer loop
      vertex 248.75 32.535 3
      vertex 245.286 30.535 0
      vertex 248.75 32.535 0
    endloop
  endfacet
  facet normal -0.500011 -0.866019 0
    outer loop
      vertex 248.75 32.535 0
      vertex 252.214 30.535 3
      vertex 248.75 32.535 3
    endloop
  endfacet
  facet normal -0.500011 -0.866019 -0
    outer loop
      vertex 252.214 30.535 3
      vertex 248.75 32.535 0
      vertex 252.214 30.535 0
    endloop
  endfacet
  facet normal 1 -0 0
    outer loop
      vertex 245.286 26.535 3
      vertex 245.286 30.535 0
      vertex 245.286 30.535 3
    endloop
  endfacet
  facet normal 1 0 0
    outer loop
      vertex 245.286 30.535 0
      vertex 245.286 26.535 3
      vertex 245.286 26.535 0
    endloop
  endfacet
  facet normal 0.500011 0.866019 -0
    outer loop
      vertex 248.75 24.535 0
      vertex 245.286 26.535 3
      vertex 248.75 24.535 3
    endloop
  endfacet
  facet normal 0.500011 0.866019 0
    outer loop
      vertex 245.286 26.535 3
      vertex 248.75 24.535 0
      vertex 245.286 26.535 0
    endloop
  endfacet
  facet normal -0.500011 0.866019 0
    outer loop
      vertex 262.714 26.535 0
      vertex 259.25 24.535 3
      vertex 262.714 26.535 3
    endloop
  endfacet
  facet normal -0.500011 0.866019 0
    outer loop
      vertex 259.25 24.535 3
      vertex 262.714 26.535 0
      vertex 259.25 24.535 0
    endloop
  endfacet
  facet normal -1 0 0
    outer loop
      vertex 262.714 26.535 0
      vertex 262.714 30.535 3
      vertex 262.714 30.535 0
    endloop
  endfacet
  facet normal -1 -0 0
    outer loop
      vertex 262.714 30.535 3
      vertex 262.714 26.535 0
      vertex 262.714 26.535 3
    endloop
  endfacet
  facet normal 0.500011 -0.866019 0
    outer loop
      vertex 255.786 30.535 0
      vertex 259.25 32.535 3
      vertex 255.786 30.535 3
    endloop
  endfacet
  facet normal 0.500011 -0.866019 0
    outer loop
      vertex 259.25 32.535 3
      vertex 255.786 30.535 0
      vertex 259.25 32.535 0
    endloop
  endfacet
  facet normal -0.500011 -0.866019 0
    outer loop
      vertex 259.25 32.535 0
      vertex 262.714 30.535 3
      vertex 259.25 32.535 3
    endloop
  endfacet
  facet normal -0.500011 -0.866019 -0
    outer loop
      vertex 262.714 30.535 3
      vertex 259.25 32.535 0
      vertex 262.714 30.535 0
    endloop
  endfacet
  facet normal 1 -0 0
    outer loop
      vertex 255.786 26.535 3
      vertex 255.786 30.535 0
      vertex 255.786 30.535 3
    endloop
  endfacet
  facet normal 1 0 0
    outer loop
      vertex 255.786 30.535 0
      vertex 255.786 26.535 3
      vertex 255.786 26.535 0
    endloop
  endfacet
  facet normal 0.500011 0.866019 -0
    outer loop
      vertex 259.25 24.535 0
      vertex 255.786 26.535 3
      vertex 259.25 24.535 3
    endloop
  endfacet
  facet normal 0.500011 0.866019 0
    outer loop
      vertex 255.786 26.535 3
      vertex 259.25 24.535 0
      vertex 255.786 26.535 0
    endloop
  endfacet
  facet normal -0.500011 0.866019 0
    outer loop
      vertex 273.214 26.535 0
      vertex 269.75 24.535 3
      vertex 273.214 26.535 3
    endloop
  endfacet
  facet normal -0.500011 0.866019 0
    outer loop
      vertex 269.75 24.535 3
      vertex 273.214 26.535 0
      vertex 269.75 24.535 0
    endloop
  endfacet
  facet normal -1 0 0
    outer loop
      vertex 273.214 26.535 0
      vertex 273.214 30.535 3
      vertex 273.214 30.535 0
    endloop
  endfacet
  facet normal -1 -0 0
    outer loop
      vertex 273.214 30.535 3
      vertex 273.214 26.535 0
      vertex 273.214 26.535 3
    endloop
  endfacet
  facet normal 0.500011 -0.866019 0
    outer loop
      vertex 266.286 30.535 0
      vertex 269.75 32.535 3
      vertex 266.286 30.535 3
    endloop
  endfacet
  facet normal 0.500011 -0.866019 0
    outer loop
      vertex 269.75 32.535 3
      vertex 266.286 30.535 0
      vertex 269.75 32.535 0
    endloop
  endfacet
  facet normal -0.500011 -0.866019 0
    outer loop
      vertex 269.75 32.535 0
      vertex 273.214 30.535 3
      vertex 269.75 32.535 3
    endloop
  endfacet
  facet normal -0.500011 -0.866019 -0
    outer loop
      vertex 273.214 30.535 3
      vertex 269.75 32.535 0
      vertex 273.214 30.535 0
    endloop
  endfacet
  facet normal 1 -0 0
    outer loop
      vertex 266.286 26.535 3
      vertex 266.286 30.535 0
      vertex 266.286 30.535 3
    endloop
  endfacet
  facet normal 1 0 0
    outer loop
      vertex 266.286 30.535 0
      vertex 266.286 26.535 3
      vertex 266.286 26.535 0
    endloop
  endfacet
  facet normal 0.500011 0.866019 -0
    outer loop
      vertex 269.75 24.535 0
      vertex 266.286 26.535 3
      vertex 269.75 24.535 3
    endloop
  endfacet
  facet normal 0.500011 0.866019 0
    outer loop
      vertex 266.286 26.535 3
      vertex 269.75 24.535 0
      vertex 266.286 26.535 0
    endloop
  endfacet
  facet normal -0.500011 0.866019 0
    outer loop
      vertex 283.714 26.535 0
      vertex 280.25 24.535 3
      vertex 283.714 26.535 3
    endloop
  endfacet
  facet normal -0.500011 0.866019 0
    outer loop
      vertex 280.25 24.535 3
      vertex 283.714 26.535 0
      vertex 280.25 24.535 0
    endloop
  endfacet
  facet normal -1 0 0
    outer loop
      vertex 283.714 26.535 0
      vertex 283.714 30.535 3
      vertex 283.714 30.535 0
    endloop
  endfacet
  facet normal -1 -0 0
    outer loop
      vertex 283.714 30.535 3
      vertex 283.714 26.535 0
      vertex 283.714 26.535 3
    endloop
  endfacet
  facet normal 0.500011 -0.866019 0
    outer loop
      vertex 276.786 30.535 0
      vertex 280.25 32.535 3
      vertex 276.786 30.535 3
    endloop
  endfacet
  facet normal 0.500011 -0.866019 0
    outer loop
      vertex 280.25 32.535 3
      vertex 276.786 30.535 0
      vertex 280.25 32.535 0
    endloop
  endfacet
  facet normal -0.500011 -0.866019 0
    outer loop
      vertex 280.25 32.535 0
      vertex 283.714 30.535 3
      vertex 280.25 32.535 3
    endloop
  endfacet
  facet normal -0.500011 -0.866019 -0
    outer loop
      vertex 283.714 30.535 3
      vertex 280.25 32.535 0
      vertex 283.714 30.535 0
    endloop
  endfacet
  facet normal 1 -0 0
    outer loop
      vertex 276.786 26.535 3
      vertex 276.786 30.535 0
      vertex 276.786 30.535 3
    endloop
  endfacet
  facet normal 1 0 0
    outer loop
      vertex 276.786 30.535 0
      vertex 276.786 26.535 3
      vertex 276.786 26.535 0
    endloop
  endfacet
  facet normal 0.500011 0.866019 -0
    outer loop
      vertex 280.25 24.535 0
      vertex 276.786 26.535 3
      vertex 280.25 24.535 3
    endloop
  endfacet
  facet normal 0.500011 0.866019 0
    outer loop
      vertex 276.786 26.535 3
      vertex 280.25 24.535 0
      vertex 276.786 26.535 0
    endloop
  endfacet
  facet normal -0.500011 0.866019 0
    outer loop
      vertex 225.964 35.628 0
      vertex 222.5 33.628 3
      vertex 225.964 35.628 3
    endloop
  endfacet
  facet normal -0.500011 0.866019 0
    outer loop
      vertex 222.5 33.628 3
      vertex 225.964 35.628 0
      vertex 222.5 33.628 0
    endloop
  endfacet
  facet normal -1 0 0
    outer loop
      vertex 225.964 35.628 0
      vertex 225.964 39.628 3
      vertex 225.964 39.628 0
    endloop
  endfacet
  facet normal -1 -0 0
    outer loop
      vertex 225.964 39.628 3
      vertex 225.964 35.628 0
      vertex 225.964 35.628 3
    endloop
  endfacet
  facet normal 0.500011 -0.866019 0
    outer loop
      vertex 219.036 39.628 0
      vertex 222.5 41.628 3
      vertex 219.036 39.628 3
    endloop
  endfacet
  facet normal 0.500011 -0.866019 0
    outer loop
      vertex 222.5 41.628 3
      vertex 219.036 39.628 0
      vertex 222.5 41.628 0
    endloop
  endfacet
  facet normal -0.500011 -0.866019 0
    outer loop
      vertex 222.5 41.628 0
      vertex 225.964 39.628 3
      vertex 222.5 41.628 3
    endloop
  endfacet
  facet normal -0.500011 -0.866019 -0
    outer loop
      vertex 225.964 39.628 3
      vertex 222.5 41.628 0
      vertex 225.964 39.628 0
    endloop
  endfacet
  facet normal 1 -0 0
    outer loop
      vertex 219.036 35.628 3
      vertex 219.036 39.628 0
      vertex 219.036 39.628 3
    endloop
  endfacet
  facet normal 1 0 0
    outer loop
      vertex 219.036 39.628 0
      vertex 219.036 35.628 3
      vertex 219.036 35.628 0
    endloop
  endfacet
  facet normal 0.500011 0.866019 -0
    outer loop
      vertex 222.5 33.628 0
      vertex 219.036 35.628 3
      vertex 222.5 33.628 3
    endloop
  endfacet
  facet normal 0.500011 0.866019 0
    outer loop
      vertex 219.036 35.628 3
      vertex 222.5 33.628 0
      vertex 219.036 35.628 0
    endloop
  endfacet
  facet normal -0.500011 0.866019 0
    outer loop
      vertex 236.464 35.628 0
      vertex 233 33.628 3
      vertex 236.464 35.628 3
    endloop
  endfacet
  facet normal -0.500011 0.866019 0
    outer loop
      vertex 233 33.628 3
      vertex 236.464 35.628 0
      vertex 233 33.628 0
    endloop
  endfacet
  facet normal -1 0 0
    outer loop
      vertex 236.464 35.628 0
      vertex 236.464 39.628 3
      vertex 236.464 39.628 0
    endloop
  endfacet
  facet normal -1 -0 0
    outer loop
      vertex 236.464 39.628 3
      vertex 236.464 35.628 0
      vertex 236.464 35.628 3
    endloop
  endfacet
  facet normal 0.500011 -0.866019 0
    outer loop
      vertex 229.536 39.628 0
      vertex 233 41.628 3
      vertex 229.536 39.628 3
    endloop
  endfacet
  facet normal 0.500011 -0.866019 0
    outer loop
      vertex 233 41.628 3
      vertex 229.536 39.628 0
      vertex 233 41.628 0
    endloop
  endfacet
  facet normal -0.500011 -0.866019 0
    outer loop
      vertex 233 41.628 0
      vertex 236.464 39.628 3
      vertex 233 41.628 3
    endloop
  endfacet
  facet normal -0.500011 -0.866019 -0
    outer loop
      vertex 236.464 39.628 3
      vertex 233 41.628 0
      vertex 236.464 39.628 0
    endloop
  endfacet
  facet normal 1 -0 0
    outer loop
      vertex 229.536 35.628 3
      vertex 229.536 39.628 0
      vertex 229.536 39.628 3
    endloop
  endfacet
  facet normal 1 0 0
    outer loop
      vertex 229.536 39.628 0
      vertex 229.536 35.628 3
      vertex 229.536 35.628 0
    endloop
  endfacet
  facet normal 0.500011 0.866019 -0
    outer loop
      vertex 233 33.628 0
      vertex 229.536 35.628 3
      vertex 233 33.628 3
    endloop
  endfacet
  facet normal 0.500011 0.866019 0
    outer loop
      vertex 229.536 35.628 3
      vertex 233 33.628 0
      vertex 229.536 35.628 0
    endloop
  endfacet
  facet normal -0.500011 0.866019 0
    outer loop
      vertex 246.964 35.628 0
      vertex 243.5 33.628 3
      vertex 246.964 35.628 3
    endloop
  endfacet
  facet normal -0.500011 0.866019 0
    outer loop
      vertex 243.5 33.628 3
      vertex 246.964 35.628 0
      vertex 243.5 33.628 0
    endloop
  endfacet
  facet normal -1 0 0
    outer loop
      vertex 246.964 35.628 0
      vertex 246.964 39.628 3
      vertex 246.964 39.628 0
    endloop
  endfacet
  facet normal -1 -0 0
    outer loop
      vertex 246.964 39.628 3
      vertex 246.964 35.628 0
      vertex 246.964 35.628 3
    endloop
  endfacet
  facet normal 0.500011 -0.866019 0
    outer loop
      vertex 240.036 39.628 0
      vertex 243.5 41.628 3
      vertex 240.036 39.628 3
    endloop
  endfacet
  facet normal 0.500011 -0.866019 0
    outer loop
      vertex 243.5 41.628 3
      vertex 240.036 39.628 0
      vertex 243.5 41.628 0
    endloop
  endfacet
  facet normal -0.500011 -0.866019 0
    outer loop
      vertex 243.5 41.628 0
      vertex 246.964 39.628 3
      vertex 243.5 41.628 3
    endloop
  endfacet
  facet normal -0.500011 -0.866019 -0
    outer loop
      vertex 246.964 39.628 3
      vertex 243.5 41.628 0
      vertex 246.964 39.628 0
    endloop
  endfacet
  facet normal 1 -0 0
    outer loop
      vertex 240.036 35.628 3
      vertex 240.036 39.628 0
      vertex 240.036 39.628 3
    endloop
  endfacet
  facet normal 1 0 0
    outer loop
      vertex 240.036 39.628 0
      vertex 240.036 35.628 3
      vertex 240.036 35.628 0
    endloop
  endfacet
  facet normal 0.500011 0.866019 -0
    outer loop
      vertex 243.5 33.628 0
      vertex 240.036 35.628 3
      vertex 243.5 33.628 3
    endloop
  endfacet
  facet normal 0.500011 0.866019 0
    outer loop
      vertex 240.036 35.628 3
      vertex 243.5 33.628 0
      vertex 240.036 35.628 0
    endloop
  endfacet
  facet normal -0.500011 0.866019 0
    outer loop
      vertex 257.464 35.628 0
      vertex 254 33.628 3
      vertex 257.464 35.628 3
    endloop
  endfacet
  facet normal -0.500011 0.866019 0
    outer loop
      vertex 254 33.628 3
      vertex 257.464 35.628 0
      vertex 254 33.628 0
    endloop
  endfacet
  facet normal -1 0 0
    outer loop
      vertex 257.464 35.628 0
      vertex 257.464 39.628 3
      vertex 257.464 39.628 0
    endloop
  endfacet
  facet normal -1 -0 0
    outer loop
      vertex 257.464 39.628 3
      vertex 257.464 35.628 0
      vertex 257.464 35.628 3
    endloop
  endfacet
  facet normal 0.500011 -0.866019 0
    outer loop
      vertex 250.536 39.628 0
      vertex 254 41.628 3
      vertex 250.536 39.628 3
    endloop
  endfacet
  facet normal 0.500011 -0.866019 0
    outer loop
      vertex 254 41.628 3
      vertex 250.536 39.628 0
      vertex 254 41.628 0
    endloop
  endfacet
  facet normal -0.500011 -0.866019 0
    outer loop
      vertex 254 41.628 0
      vertex 257.464 39.628 3
      vertex 254 41.628 3
    endloop
  endfacet
  facet normal -0.500011 -0.866019 -0
    outer loop
      vertex 257.464 39.628 3
      vertex 254 41.628 0
      vertex 257.464 39.628 0
    endloop
  endfacet
  facet normal 1 -0 0
    outer loop
      vertex 250.536 35.628 3
      vertex 250.536 39.628 0
      vertex 250.536 39.628 3
    endloop
  endfacet
  facet normal 1 0 0
    outer loop
      vertex 250.536 39.628 0
      vertex 250.536 35.628 3
      vertex 250.536 35.628 0
    endloop
  endfacet
  facet normal 0.500011 0.866019 -0
    outer loop
      vertex 254 33.628 0
      vertex 250.536 35.628 3
      vertex 254 33.628 3
    endloop
  endfacet
  facet normal 0.500011 0.866019 0
    outer loop
      vertex 250.536 35.628 3
      vertex 254 33.628 0
      vertex 250.536 35.628 0
    endloop
  endfacet
  facet normal -0.500011 0.866019 0
    outer loop
      vertex 267.964 35.628 0
      vertex 264.5 33.628 3
      vertex 267.964 35.628 3
    endloop
  endfacet
  facet normal -0.500011 0.866019 0
    outer loop
      vertex 264.5 33.628 3
      vertex 267.964 35.628 0
      vertex 264.5 33.628 0
    endloop
  endfacet
  facet normal -1 0 0
    outer loop
      vertex 267.964 35.628 0
      vertex 267.964 39.628 3
      vertex 267.964 39.628 0
    endloop
  endfacet
  facet normal -1 -0 0
    outer loop
      vertex 267.964 39.628 3
      vertex 267.964 35.628 0
      vertex 267.964 35.628 3
    endloop
  endfacet
  facet normal 0.500011 -0.866019 0
    outer loop
      vertex 261.036 39.628 0
      vertex 264.5 41.628 3
      vertex 261.036 39.628 3
    endloop
  endfacet
  facet normal 0.500011 -0.866019 0
    outer loop
      vertex 264.5 41.628 3
      vertex 261.036 39.628 0
      vertex 264.5 41.628 0
    endloop
  endfacet
  facet normal -0.500011 -0.866019 0
    outer loop
      vertex 264.5 41.628 0
      vertex 267.964 39.628 3
      vertex 264.5 41.628 3
    endloop
  endfacet
  facet normal -0.500011 -0.866019 -0
    outer loop
      vertex 267.964 39.628 3
      vertex 264.5 41.628 0
      vertex 267.964 39.628 0
    endloop
  endfacet
  facet normal 1 -0 0
    outer loop
      vertex 261.036 35.628 3
      vertex 261.036 39.628 0
      vertex 261.036 39.628 3
    endloop
  endfacet
  facet normal 1 0 0
    outer loop
      vertex 261.036 39.628 0
      vertex 261.036 35.628 3
      vertex 261.036 35.628 0
    endloop
  endfacet
  facet normal 0.500011 0.866019 -0
    outer loop
      vertex 264.5 33.628 0
      vertex 261.036 35.628 3
      vertex 264.5 33.628 3
    endloop
  endfacet
  facet normal 0.500011 0.866019 0
    outer loop
      vertex 261.036 35.628 3
      vertex 264.5 33.628 0
      vertex 261.036 35.628 0
    endloop
  endfacet
  facet normal -0.500011 0.866019 0
    outer loop
      vertex 278.464 35.628 0
      vertex 275 33.628 3
      vertex 278.464 35.628 3
    endloop
  endfacet
  facet normal -0.500011 0.866019 0
    outer loop
      vertex 275 33.628 3
      vertex 278.464 35.628 0
      vertex 275 33.628 0
    endloop
  endfacet
  facet normal -1 0 0
    outer loop
      vertex 278.464 35.628 0
      vertex 278.464 39.628 3
      vertex 278.464 39.628 0
    endloop
  endfacet
  facet normal -1 -0 0
    outer loop
      vertex 278.464 39.628 3
      vertex 278.464 35.628 0
      vertex 278.464 35.628 3
    endloop
  endfacet
  facet normal 0.500011 -0.866019 0
    outer loop
      vertex 271.536 39.628 0
      vertex 275 41.628 3
      vertex 271.536 39.628 3
    endloop
  endfacet
  facet normal 0.500011 -0.866019 0
    outer loop
      vertex 275 41.628 3
      vertex 271.536 39.628 0
      vertex 275 41.628 0
    endloop
  endfacet
  facet normal -0.500011 -0.866019 0
    outer loop
      vertex 275 41.628 0
      vertex 278.464 39.628 3
      vertex 275 41.628 3
    endloop
  endfacet
  facet normal -0.500011 -0.866019 -0
    outer loop
      vertex 278.464 39.628 3
      vertex 275 41.628 0
      vertex 278.464 39.628 0
    endloop
  endfacet
  facet normal 1 -0 0
    outer loop
      vertex 271.536 35.628 3
      vertex 271.536 39.628 0
      vertex 271.536 39.628 3
    endloop
  endfacet
  facet normal 1 0 0
    outer loop
      vertex 271.536 39.628 0
      vertex 271.536 35.628 3
      vertex 271.536 35.628 0
    endloop
  endfacet
  facet normal 0.500011 0.866019 -0
    outer loop
      vertex 275 33.628 0
      vertex 271.536 35.628 3
      vertex 275 33.628 3
    endloop
  endfacet
  facet normal 0.500011 0.866019 0
    outer loop
      vertex 271.536 35.628 3
      vertex 275 33.628 0
      vertex 271.536 35.628 0
    endloop
  endfacet
  facet normal -0.500032 0.866007 0
    outer loop
      vertex 286 33.9167 0
      vertex 285.5 33.628 3
      vertex 286 33.9167 3
    endloop
  endfacet
  facet normal -0.500032 0.866007 0
    outer loop
      vertex 285.5 33.628 3
      vertex 286 33.9167 0
      vertex 285.5 33.628 0
    endloop
  endfacet
  facet normal 0.500011 -0.866019 0
    outer loop
      vertex 282.036 39.628 0
      vertex 285.5 41.628 3
      vertex 282.036 39.628 3
    endloop
  endfacet
  facet normal 0.500011 -0.866019 0
    outer loop
      vertex 285.5 41.628 3
      vertex 282.036 39.628 0
      vertex 285.5 41.628 0
    endloop
  endfacet
  facet normal -0.500032 -0.866007 0
    outer loop
      vertex 285.5 41.628 0
      vertex 286 41.3393 3
      vertex 285.5 41.628 3
    endloop
  endfacet
  facet normal -0.500032 -0.866007 -0
    outer loop
      vertex 286 41.3393 3
      vertex 285.5 41.628 0
      vertex 286 41.3393 0
    endloop
  endfacet
  facet normal 1 -0 0
    outer loop
      vertex 282.036 35.628 3
      vertex 282.036 39.628 0
      vertex 282.036 39.628 3
    endloop
  endfacet
  facet normal 1 0 0
    outer loop
      vertex 282.036 39.628 0
      vertex 282.036 35.628 3
      vertex 282.036 35.628 0
    endloop
  endfacet
  facet normal 0.500011 0.866019 -0
    outer loop
      vertex 285.5 33.628 0
      vertex 282.036 35.628 3
      vertex 285.5 33.628 3
    endloop
  endfacet
  facet normal 0.500011 0.866019 0
    outer loop
      vertex 282.036 35.628 3
      vertex 285.5 33.628 0
      vertex 282.036 35.628 0
    endloop
  endfacet
  facet normal -0.500011 0.866019 0
    outer loop
      vertex 220.714 44.721 0
      vertex 217.25 42.721 3
      vertex 220.714 44.721 3
    endloop
  endfacet
  facet normal -0.500011 0.866019 0
    outer loop
      vertex 217.25 42.721 3
      vertex 220.714 44.721 0
      vertex 217.25 42.721 0
    endloop
  endfacet
  facet normal -1 0 0
    outer loop
      vertex 220.714 44.721 0
      vertex 220.714 48.721 3
      vertex 220.714 48.721 0
    endloop
  endfacet
  facet normal -1 -0 0
    outer loop
      vertex 220.714 48.721 3
      vertex 220.714 44.721 0
      vertex 220.714 44.721 3
    endloop
  endfacet
  facet normal 0.500006 -0.866022 0
    outer loop
      vertex 216 49.9993 0
      vertex 217.25 50.721 3
      vertex 216 49.9993 3
    endloop
  endfacet
  facet normal 0.500006 -0.866022 0
    outer loop
      vertex 217.25 50.721 3
      vertex 216 49.9993 0
      vertex 217.25 50.721 0
    endloop
  endfacet
  facet normal -0.500011 -0.866019 0
    outer loop
      vertex 217.25 50.721 0
      vertex 220.714 48.721 3
      vertex 217.25 50.721 3
    endloop
  endfacet
  facet normal -0.500011 -0.866019 -0
    outer loop
      vertex 220.714 48.721 3
      vertex 217.25 50.721 0
      vertex 220.714 48.721 0
    endloop
  endfacet
  facet normal 0.500006 0.866022 -0
    outer loop
      vertex 217.25 42.721 0
      vertex 216 43.4427 3
      vertex 217.25 42.721 3
    endloop
  endfacet
  facet normal 0.500006 0.866022 0
    outer loop
      vertex 216 43.4427 3
      vertex 217.25 42.721 0
      vertex 216 43.4427 0
    endloop
  endfacet
  facet normal -0.500011 0.866019 0
    outer loop
      vertex 231.214 44.721 0
      vertex 227.75 42.721 3
      vertex 231.214 44.721 3
    endloop
  endfacet
  facet normal -0.500011 0.866019 0
    outer loop
      vertex 227.75 42.721 3
      vertex 231.214 44.721 0
      vertex 227.75 42.721 0
    endloop
  endfacet
  facet normal -1 0 0
    outer loop
      vertex 231.214 44.721 0
      vertex 231.214 48.721 3
      vertex 231.214 48.721 0
    endloop
  endfacet
  facet normal -1 -0 0
    outer loop
      vertex 231.214 48.721 3
      vertex 231.214 44.721 0
      vertex 231.214 44.721 3
    endloop
  endfacet
  facet normal 0.500011 -0.866019 0
    outer loop
      vertex 224.286 48.721 0
      vertex 227.75 50.721 3
      vertex 224.286 48.721 3
    endloop
  endfacet
  facet normal 0.500011 -0.866019 0
    outer loop
      vertex 227.75 50.721 3
      vertex 224.286 48.721 0
      vertex 227.75 50.721 0
    endloop
  endfacet
  facet normal -0.500011 -0.866019 0
    outer loop
      vertex 227.75 50.721 0
      vertex 231.214 48.721 3
      vertex 227.75 50.721 3
    endloop
  endfacet
  facet normal -0.500011 -0.866019 -0
    outer loop
      vertex 231.214 48.721 3
      vertex 227.75 50.721 0
      vertex 231.214 48.721 0
    endloop
  endfacet
  facet normal 1 -0 0
    outer loop
      vertex 224.286 44.721 3
      vertex 224.286 48.721 0
      vertex 224.286 48.721 3
    endloop
  endfacet
  facet normal 1 0 0
    outer loop
      vertex 224.286 48.721 0
      vertex 224.286 44.721 3
      vertex 224.286 44.721 0
    endloop
  endfacet
  facet normal 0.500011 0.866019 -0
    outer loop
      vertex 227.75 42.721 0
      vertex 224.286 44.721 3
      vertex 227.75 42.721 3
    endloop
  endfacet
  facet normal 0.500011 0.866019 0
    outer loop
      vertex 224.286 44.721 3
      vertex 227.75 42.721 0
      vertex 224.286 44.721 0
    endloop
  endfacet
  facet normal -0.500011 0.866019 0
    outer loop
      vertex 241.714 44.721 0
      vertex 238.25 42.721 3
      vertex 241.714 44.721 3
    endloop
  endfacet
  facet normal -0.500011 0.866019 0
    outer loop
      vertex 238.25 42.721 3
      vertex 241.714 44.721 0
      vertex 238.25 42.721 0
    endloop
  endfacet
  facet normal -1 0 0
    outer loop
      vertex 241.714 44.721 0
      vertex 241.714 48.721 3
      vertex 241.714 48.721 0
    endloop
  endfacet
  facet normal -1 -0 0
    outer loop
      vertex 241.714 48.721 3
      vertex 241.714 44.721 0
      vertex 241.714 44.721 3
    endloop
  endfacet
  facet normal 0.500011 -0.866019 0
    outer loop
      vertex 234.786 48.721 0
      vertex 238.25 50.721 3
      vertex 234.786 48.721 3
    endloop
  endfacet
  facet normal 0.500011 -0.866019 0
    outer loop
      vertex 238.25 50.721 3
      vertex 234.786 48.721 0
      vertex 238.25 50.721 0
    endloop
  endfacet
  facet normal -0.500011 -0.866019 0
    outer loop
      vertex 238.25 50.721 0
      vertex 241.714 48.721 3
      vertex 238.25 50.721 3
    endloop
  endfacet
  facet normal -0.500011 -0.866019 -0
    outer loop
      vertex 241.714 48.721 3
      vertex 238.25 50.721 0
      vertex 241.714 48.721 0
    endloop
  endfacet
  facet normal 1 -0 0
    outer loop
      vertex 234.786 44.721 3
      vertex 234.786 48.721 0
      vertex 234.786 48.721 3
    endloop
  endfacet
  facet normal 1 0 0
    outer loop
      vertex 234.786 48.721 0
      vertex 234.786 44.721 3
      vertex 234.786 44.721 0
    endloop
  endfacet
  facet normal 0.500011 0.866019 -0
    outer loop
      vertex 238.25 42.721 0
      vertex 234.786 44.721 3
      vertex 238.25 42.721 3
    endloop
  endfacet
  facet normal 0.500011 0.866019 0
    outer loop
      vertex 234.786 44.721 3
      vertex 238.25 42.721 0
      vertex 234.786 44.721 0
    endloop
  endfacet
  facet normal -0.500011 0.866019 0
    outer loop
      vertex 252.214 44.721 0
      vertex 248.75 42.721 3
      vertex 252.214 44.721 3
    endloop
  endfacet
  facet normal -0.500011 0.866019 0
    outer loop
      vertex 248.75 42.721 3
      vertex 252.214 44.721 0
      vertex 248.75 42.721 0
    endloop
  endfacet
  facet normal -1 0 0
    outer loop
      vertex 252.214 44.721 0
      vertex 252.214 48.721 3
      vertex 252.214 48.721 0
    endloop
  endfacet
  facet normal -1 -0 0
    outer loop
      vertex 252.214 48.721 3
      vertex 252.214 44.721 0
      vertex 252.214 44.721 3
    endloop
  endfacet
  facet normal 0.500011 -0.866019 0
    outer loop
      vertex 245.286 48.721 0
      vertex 248.75 50.721 3
      vertex 245.286 48.721 3
    endloop
  endfacet
  facet normal 0.500011 -0.866019 0
    outer loop
      vertex 248.75 50.721 3
      vertex 245.286 48.721 0
      vertex 248.75 50.721 0
    endloop
  endfacet
  facet normal -0.500011 -0.866019 0
    outer loop
      vertex 248.75 50.721 0
      vertex 252.214 48.721 3
      vertex 248.75 50.721 3
    endloop
  endfacet
  facet normal -0.500011 -0.866019 -0
    outer loop
      vertex 252.214 48.721 3
      vertex 248.75 50.721 0
      vertex 252.214 48.721 0
    endloop
  endfacet
  facet normal 1 -0 0
    outer loop
      vertex 245.286 44.721 3
      vertex 245.286 48.721 0
      vertex 245.286 48.721 3
    endloop
  endfacet
  facet normal 1 0 0
    outer loop
      vertex 245.286 48.721 0
      vertex 245.286 44.721 3
      vertex 245.286 44.721 0
    endloop
  endfacet
  facet normal 0.500011 0.866019 -0
    outer loop
      vertex 248.75 42.721 0
      vertex 245.286 44.721 3
      vertex 248.75 42.721 3
    endloop
  endfacet
  facet normal 0.500011 0.866019 0
    outer loop
      vertex 245.286 44.721 3
      vertex 248.75 42.721 0
      vertex 245.286 44.721 0
    endloop
  endfacet
  facet normal -0.500011 0.866019 0
    outer loop
      vertex 262.714 44.721 0
      vertex 259.25 42.721 3
      vertex 262.714 44.721 3
    endloop
  endfacet
  facet normal -0.500011 0.866019 0
    outer loop
      vertex 259.25 42.721 3
      vertex 262.714 44.721 0
      vertex 259.25 42.721 0
    endloop
  endfacet
  facet normal -1 0 0
    outer loop
      vertex 262.714 44.721 0
      vertex 262.714 48.721 3
      vertex 262.714 48.721 0
    endloop
  endfacet
  facet normal -1 -0 0
    outer loop
      vertex 262.714 48.721 3
      vertex 262.714 44.721 0
      vertex 262.714 44.721 3
    endloop
  endfacet
  facet normal 0.500011 -0.866019 0
    outer loop
      vertex 255.786 48.721 0
      vertex 259.25 50.721 3
      vertex 255.786 48.721 3
    endloop
  endfacet
  facet normal 0.500011 -0.866019 0
    outer loop
      vertex 259.25 50.721 3
      vertex 255.786 48.721 0
      vertex 259.25 50.721 0
    endloop
  endfacet
  facet normal -0.500011 -0.866019 0
    outer loop
      vertex 259.25 50.721 0
      vertex 262.714 48.721 3
      vertex 259.25 50.721 3
    endloop
  endfacet
  facet normal -0.500011 -0.866019 -0
    outer loop
      vertex 262.714 48.721 3
      vertex 259.25 50.721 0
      vertex 262.714 48.721 0
    endloop
  endfacet
  facet normal 1 -0 0
    outer loop
      vertex 255.786 44.721 3
      vertex 255.786 48.721 0
      vertex 255.786 48.721 3
    endloop
  endfacet
  facet normal 1 0 0
    outer loop
      vertex 255.786 48.721 0
      vertex 255.786 44.721 3
      vertex 255.786 44.721 0
    endloop
  endfacet
  facet normal 0.500011 0.866019 -0
    outer loop
      vertex 259.25 42.721 0
      vertex 255.786 44.721 3
      vertex 259.25 42.721 3
    endloop
  endfacet
  facet normal 0.500011 0.866019 0
    outer loop
      vertex 255.786 44.721 3
      vertex 259.25 42.721 0
      vertex 255.786 44.721 0
    endloop
  endfacet
  facet normal -0.500011 0.866019 0
    outer loop
      vertex 273.214 44.721 0
      vertex 269.75 42.721 3
      vertex 273.214 44.721 3
    endloop
  endfacet
  facet normal -0.500011 0.866019 0
    outer loop
      vertex 269.75 42.721 3
      vertex 273.214 44.721 0
      vertex 269.75 42.721 0
    endloop
  endfacet
  facet normal -1 0 0
    outer loop
      vertex 273.214 44.721 0
      vertex 273.214 48.721 3
      vertex 273.214 48.721 0
    endloop
  endfacet
  facet normal -1 -0 0
    outer loop
      vertex 273.214 48.721 3
      vertex 273.214 44.721 0
      vertex 273.214 44.721 3
    endloop
  endfacet
  facet normal 0.500011 -0.866019 0
    outer loop
      vertex 266.286 48.721 0
      vertex 269.75 50.721 3
      vertex 266.286 48.721 3
    endloop
  endfacet
  facet normal 0.500011 -0.866019 0
    outer loop
      vertex 269.75 50.721 3
      vertex 266.286 48.721 0
      vertex 269.75 50.721 0
    endloop
  endfacet
  facet normal -0.500011 -0.866019 0
    outer loop
      vertex 269.75 50.721 0
      vertex 273.214 48.721 3
      vertex 269.75 50.721 3
    endloop
  endfacet
  facet normal -0.500011 -0.866019 -0
    outer loop
      vertex 273.214 48.721 3
      vertex 269.75 50.721 0
      vertex 273.214 48.721 0
    endloop
  endfacet
  facet normal 1 -0 0
    outer loop
      vertex 266.286 44.721 3
      vertex 266.286 48.721 0
      vertex 266.286 48.721 3
    endloop
  endfacet
  facet normal 1 0 0
    outer loop
      vertex 266.286 48.721 0
      vertex 266.286 44.721 3
      vertex 266.286 44.721 0
    endloop
  endfacet
  facet normal 0.500011 0.866019 -0
    outer loop
      vertex 269.75 42.721 0
      vertex 266.286 44.721 3
      vertex 269.75 42.721 3
    endloop
  endfacet
  facet normal 0.500011 0.866019 0
    outer loop
      vertex 266.286 44.721 3
      vertex 269.75 42.721 0
      vertex 266.286 44.721 0
    endloop
  endfacet
  facet normal -0.500011 0.866019 0
    outer loop
      vertex 283.714 44.721 0
      vertex 280.25 42.721 3
      vertex 283.714 44.721 3
    endloop
  endfacet
  facet normal -0.500011 0.866019 0
    outer loop
      vertex 280.25 42.721 3
      vertex 283.714 44.721 0
      vertex 280.25 42.721 0
    endloop
  endfacet
  facet normal -1 0 0
    outer loop
      vertex 283.714 44.721 0
      vertex 283.714 48.721 3
      vertex 283.714 48.721 0
    endloop
  endfacet
  facet normal -1 -0 0
    outer loop
      vertex 283.714 48.721 3
      vertex 283.714 44.721 0
      vertex 283.714 44.721 3
    endloop
  endfacet
  facet normal 0.500011 -0.866019 0
    outer loop
      vertex 276.786 48.721 0
      vertex 280.25 50.721 3
      vertex 276.786 48.721 3
    endloop
  endfacet
  facet normal 0.500011 -0.866019 0
    outer loop
      vertex 280.25 50.721 3
      vertex 276.786 48.721 0
      vertex 280.25 50.721 0
    endloop
  endfacet
  facet normal -0.500011 -0.866019 0
    outer loop
      vertex 280.25 50.721 0
      vertex 283.714 48.721 3
      vertex 280.25 50.721 3
    endloop
  endfacet
  facet normal -0.500011 -0.866019 -0
    outer loop
      vertex 283.714 48.721 3
      vertex 280.25 50.721 0
      vertex 283.714 48.721 0
    endloop
  endfacet
  facet normal 1 -0 0
    outer loop
      vertex 276.786 44.721 3
      vertex 276.786 48.721 0
      vertex 276.786 48.721 3
    endloop
  endfacet
  facet normal 1 0 0
    outer loop
      vertex 276.786 48.721 0
      vertex 276.786 44.721 3
      vertex 276.786 44.721 0
    endloop
  endfacet
  facet normal 0.500011 0.866019 -0
    outer loop
      vertex 280.25 42.721 0
      vertex 276.786 44.721 3
      vertex 280.25 42.721 3
    endloop
  endfacet
  facet normal 0.500011 0.866019 0
    outer loop
      vertex 276.786 44.721 3
      vertex 280.25 42.721 0
      vertex 276.786 44.721 0
    endloop
  endfacet
  facet normal -0.500011 0.866019 0
    outer loop
      vertex 225.964 53.814 0
      vertex 222.5 51.814 3
      vertex 225.964 53.814 3
    endloop
  endfacet
  facet normal -0.500011 0.866019 0
    outer loop
      vertex 222.5 51.814 3
      vertex 225.964 53.814 0
      vertex 222.5 51.814 0
    endloop
  endfacet
  facet normal -1 0 0
    outer loop
      vertex 225.964 53.814 0
      vertex 225.964 57.814 3
      vertex 225.964 57.814 0
    endloop
  endfacet
  facet normal -1 -0 0
    outer loop
      vertex 225.964 57.814 3
      vertex 225.964 53.814 0
      vertex 225.964 53.814 3
    endloop
  endfacet
  facet normal 0.500011 -0.866019 0
    outer loop
      vertex 219.036 57.814 0
      vertex 222.5 59.814 3
      vertex 219.036 57.814 3
    endloop
  endfacet
  facet normal 0.500011 -0.866019 0
    outer loop
      vertex 222.5 59.814 3
      vertex 219.036 57.814 0
      vertex 222.5 59.814 0
    endloop
  endfacet
  facet normal -0.500011 -0.866019 0
    outer loop
      vertex 222.5 59.814 0
      vertex 225.964 57.814 3
      vertex 222.5 59.814 3
    endloop
  endfacet
  facet normal -0.500011 -0.866019 -0
    outer loop
      vertex 225.964 57.814 3
      vertex 222.5 59.814 0
      vertex 225.964 57.814 0
    endloop
  endfacet
  facet normal 1 -0 0
    outer loop
      vertex 219.036 53.814 3
      vertex 219.036 57.814 0
      vertex 219.036 57.814 3
    endloop
  endfacet
  facet normal 1 0 0
    outer loop
      vertex 219.036 57.814 0
      vertex 219.036 53.814 3
      vertex 219.036 53.814 0
    endloop
  endfacet
  facet normal 0.500011 0.866019 -0
    outer loop
      vertex 222.5 51.814 0
      vertex 219.036 53.814 3
      vertex 222.5 51.814 3
    endloop
  endfacet
  facet normal 0.500011 0.866019 0
    outer loop
      vertex 219.036 53.814 3
      vertex 222.5 51.814 0
      vertex 219.036 53.814 0
    endloop
  endfacet
  facet normal -0.500011 0.866019 0
    outer loop
      vertex 236.464 53.814 0
      vertex 233 51.814 3
      vertex 236.464 53.814 3
    endloop
  endfacet
  facet normal -0.500011 0.866019 0
    outer loop
      vertex 233 51.814 3
      vertex 236.464 53.814 0
      vertex 233 51.814 0
    endloop
  endfacet
  facet normal -1 0 0
    outer loop
      vertex 236.464 53.814 0
      vertex 236.464 57.814 3
      vertex 236.464 57.814 0
    endloop
  endfacet
  facet normal -1 -0 0
    outer loop
      vertex 236.464 57.814 3
      vertex 236.464 53.814 0
      vertex 236.464 53.814 3
    endloop
  endfacet
  facet normal 0.500011 -0.866019 0
    outer loop
      vertex 229.536 57.814 0
      vertex 233 59.814 3
      vertex 229.536 57.814 3
    endloop
  endfacet
  facet normal 0.500011 -0.866019 0
    outer loop
      vertex 233 59.814 3
      vertex 229.536 57.814 0
      vertex 233 59.814 0
    endloop
  endfacet
  facet normal -0.500011 -0.866019 0
    outer loop
      vertex 233 59.814 0
      vertex 236.464 57.814 3
      vertex 233 59.814 3
    endloop
  endfacet
  facet normal -0.500011 -0.866019 -0
    outer loop
      vertex 236.464 57.814 3
      vertex 233 59.814 0
      vertex 236.464 57.814 0
    endloop
  endfacet
  facet normal 1 -0 0
    outer loop
      vertex 229.536 53.814 3
      vertex 229.536 57.814 0
      vertex 229.536 57.814 3
    endloop
  endfacet
  facet normal 1 0 0
    outer loop
      vertex 229.536 57.814 0
      vertex 229.536 53.814 3
      vertex 229.536 53.814 0
    endloop
  endfacet
  facet normal 0.500011 0.866019 -0
    outer loop
      vertex 233 51.814 0
      vertex 229.536 53.814 3
      vertex 233 51.814 3
    endloop
  endfacet
  facet normal 0.500011 0.866019 0
    outer loop
      vertex 229.536 53.814 3
      vertex 233 51.814 0
      vertex 229.536 53.814 0
    endloop
  endfacet
  facet normal -0.500011 0.866019 0
    outer loop
      vertex 246.964 53.814 0
      vertex 243.5 51.814 3
      vertex 246.964 53.814 3
    endloop
  endfacet
  facet normal -0.500011 0.866019 0
    outer loop
      vertex 243.5 51.814 3
      vertex 246.964 53.814 0
      vertex 243.5 51.814 0
    endloop
  endfacet
  facet normal -1 0 0
    outer loop
      vertex 246.964 53.814 0
      vertex 246.964 57.814 3
      vertex 246.964 57.814 0
    endloop
  endfacet
  facet normal -1 -0 0
    outer loop
      vertex 246.964 57.814 3
      vertex 246.964 53.814 0
      vertex 246.964 53.814 3
    endloop
  endfacet
  facet normal 0.500011 -0.866019 0
    outer loop
      vertex 240.036 57.814 0
      vertex 243.5 59.814 3
      vertex 240.036 57.814 3
    endloop
  endfacet
  facet normal 0.500011 -0.866019 0
    outer loop
      vertex 243.5 59.814 3
      vertex 240.036 57.814 0
      vertex 243.5 59.814 0
    endloop
  endfacet
  facet normal -0.500011 -0.866019 0
    outer loop
      vertex 243.5 59.814 0
      vertex 246.964 57.814 3
      vertex 243.5 59.814 3
    endloop
  endfacet
  facet normal -0.500011 -0.866019 -0
    outer loop
      vertex 246.964 57.814 3
      vertex 243.5 59.814 0
      vertex 246.964 57.814 0
    endloop
  endfacet
  facet normal 1 -0 0
    outer loop
      vertex 240.036 53.814 3
      vertex 240.036 57.814 0
      vertex 240.036 57.814 3
    endloop
  endfacet
  facet normal 1 0 0
    outer loop
      vertex 240.036 57.814 0
      vertex 240.036 53.814 3
      vertex 240.036 53.814 0
    endloop
  endfacet
  facet normal 0.500011 0.866019 -0
    outer loop
      vertex 243.5 51.814 0
      vertex 240.036 53.814 3
      vertex 243.5 51.814 3
    endloop
  endfacet
  facet normal 0.500011 0.866019 0
    outer loop
      vertex 240.036 53.814 3
      vertex 243.5 51.814 0
      vertex 240.036 53.814 0
    endloop
  endfacet
  facet normal -0.500011 0.866019 0
    outer loop
      vertex 257.464 53.814 0
      vertex 254 51.814 3
      vertex 257.464 53.814 3
    endloop
  endfacet
  facet normal -0.500011 0.866019 0
    outer loop
      vertex 254 51.814 3
      vertex 257.464 53.814 0
      vertex 254 51.814 0
    endloop
  endfacet
  facet normal -1 0 0
    outer loop
      vertex 257.464 53.814 0
      vertex 257.464 57.814 3
      vertex 257.464 57.814 0
    endloop
  endfacet
  facet normal -1 -0 0
    outer loop
      vertex 257.464 57.814 3
      vertex 257.464 53.814 0
      vertex 257.464 53.814 3
    endloop
  endfacet
  facet normal 0.500011 -0.866019 0
    outer loop
      vertex 250.536 57.814 0
      vertex 254 59.814 3
      vertex 250.536 57.814 3
    endloop
  endfacet
  facet normal 0.500011 -0.866019 0
    outer loop
      vertex 254 59.814 3
      vertex 250.536 57.814 0
      vertex 254 59.814 0
    endloop
  endfacet
  facet normal -0.500011 -0.866019 0
    outer loop
      vertex 254 59.814 0
      vertex 257.464 57.814 3
      vertex 254 59.814 3
    endloop
  endfacet
  facet normal -0.500011 -0.866019 -0
    outer loop
      vertex 257.464 57.814 3
      vertex 254 59.814 0
      vertex 257.464 57.814 0
    endloop
  endfacet
  facet normal 1 -0 0
    outer loop
      vertex 250.536 53.814 3
      vertex 250.536 57.814 0
      vertex 250.536 57.814 3
    endloop
  endfacet
  facet normal 1 0 0
    outer loop
      vertex 250.536 57.814 0
      vertex 250.536 53.814 3
      vertex 250.536 53.814 0
    endloop
  endfacet
  facet normal 0.500011 0.866019 -0
    outer loop
      vertex 254 51.814 0
      vertex 250.536 53.814 3
      vertex 254 51.814 3
    endloop
  endfacet
  facet normal 0.500011 0.866019 0
    outer loop
      vertex 250.536 53.814 3
      vertex 254 51.814 0
      vertex 250.536 53.814 0
    endloop
  endfacet
  facet normal -0.500011 0.866019 0
    outer loop
      vertex 267.964 53.814 0
      vertex 264.5 51.814 3
      vertex 267.964 53.814 3
    endloop
  endfacet
  facet normal -0.500011 0.866019 0
    outer loop
      vertex 264.5 51.814 3
      vertex 267.964 53.814 0
      vertex 264.5 51.814 0
    endloop
  endfacet
  facet normal -1 0 0
    outer loop
      vertex 267.964 53.814 0
      vertex 267.964 57.814 3
      vertex 267.964 57.814 0
    endloop
  endfacet
  facet normal -1 -0 0
    outer loop
      vertex 267.964 57.814 3
      vertex 267.964 53.814 0
      vertex 267.964 53.814 3
    endloop
  endfacet
  facet normal 0.500011 -0.866019 0
    outer loop
      vertex 261.036 57.814 0
      vertex 264.5 59.814 3
      vertex 261.036 57.814 3
    endloop
  endfacet
  facet normal 0.500011 -0.866019 0
    outer loop
      vertex 264.5 59.814 3
      vertex 261.036 57.814 0
      vertex 264.5 59.814 0
    endloop
  endfacet
  facet normal -0.500011 -0.866019 0
    outer loop
      vertex 264.5 59.814 0
      vertex 267.964 57.814 3
      vertex 264.5 59.814 3
    endloop
  endfacet
  facet normal -0.500011 -0.866019 -0
    outer loop
      vertex 267.964 57.814 3
      vertex 264.5 59.814 0
      vertex 267.964 57.814 0
    endloop
  endfacet
  facet normal 1 -0 0
    outer loop
      vertex 261.036 53.814 3
      vertex 261.036 57.814 0
      vertex 261.036 57.814 3
    endloop
  endfacet
  facet normal 1 0 0
    outer loop
      vertex 261.036 57.814 0
      vertex 261.036 53.814 3
      vertex 261.036 53.814 0
    endloop
  endfacet
  facet normal 0.500011 0.866019 -0
    outer loop
      vertex 264.5 51.814 0
      vertex 261.036 53.814 3
      vertex 264.5 51.814 3
    endloop
  endfacet
  facet normal 0.500011 0.866019 0
    outer loop
      vertex 261.036 53.814 3
      vertex 264.5 51.814 0
      vertex 261.036 53.814 0
    endloop
  endfacet
  facet normal -0.500011 0.866019 0
    outer loop
      vertex 278.464 53.814 0
      vertex 275 51.814 3
      vertex 278.464 53.814 3
    endloop
  endfacet
  facet normal -0.500011 0.866019 0
    outer loop
      vertex 275 51.814 3
      vertex 278.464 53.814 0
      vertex 275 51.814 0
    endloop
  endfacet
  facet normal -1 0 0
    outer loop
      vertex 278.464 53.814 0
      vertex 278.464 57.814 3
      vertex 278.464 57.814 0
    endloop
  endfacet
  facet normal -1 -0 0
    outer loop
      vertex 278.464 57.814 3
      vertex 278.464 53.814 0
      vertex 278.464 53.814 3
    endloop
  endfacet
  facet normal 0.500011 -0.866019 0
    outer loop
      vertex 271.536 57.814 0
      vertex 275 59.814 3
      vertex 271.536 57.814 3
    endloop
  endfacet
  facet normal 0.500011 -0.866019 0
    outer loop
      vertex 275 59.814 3
      vertex 271.536 57.814 0
      vertex 275 59.814 0
    endloop
  endfacet
  facet normal -0.500011 -0.866019 0
    outer loop
      vertex 275 59.814 0
      vertex 278.464 57.814 3
      vertex 275 59.814 3
    endloop
  endfacet
  facet normal -0.500011 -0.866019 -0
    outer loop
      vertex 278.464 57.814 3
      vertex 275 59.814 0
      vertex 278.464 57.814 0
    endloop
  endfacet
  facet normal 1 -0 0
    outer loop
      vertex 271.536 53.814 3
      vertex 271.536 57.814 0
      vertex 271.536 57.814 3
    endloop
  endfacet
  facet normal 1 0 0
    outer loop
      vertex 271.536 57.814 0
      vertex 271.536 53.814 3
      vertex 271.536 53.814 0
    endloop
  endfacet
  facet normal 0.500011 0.866019 -0
    outer loop
      vertex 275 51.814 0
      vertex 271.536 53.814 3
      vertex 275 51.814 3
    endloop
  endfacet
  facet normal 0.500011 0.866019 0
    outer loop
      vertex 271.536 53.814 3
      vertex 275 51.814 0
      vertex 271.536 53.814 0
    endloop
  endfacet
  facet normal -0.500032 0.866007 0
    outer loop
      vertex 286 52.1027 0
      vertex 285.5 51.814 3
      vertex 286 52.1027 3
    endloop
  endfacet
  facet normal -0.500032 0.866007 0
    outer loop
      vertex 285.5 51.814 3
      vertex 286 52.1027 0
      vertex 285.5 51.814 0
    endloop
  endfacet
  facet normal 0.500011 -0.866019 0
    outer loop
      vertex 282.036 57.814 0
      vertex 285.5 59.814 3
      vertex 282.036 57.814 3
    endloop
  endfacet
  facet normal 0.500011 -0.866019 0
    outer loop
      vertex 285.5 59.814 3
      vertex 282.036 57.814 0
      vertex 285.5 59.814 0
    endloop
  endfacet
  facet normal -0.500032 -0.866007 0
    outer loop
      vertex 285.5 59.814 0
      vertex 286 59.5253 3
      vertex 285.5 59.814 3
    endloop
  endfacet
  facet normal -0.500032 -0.866007 -0
    outer loop
      vertex 286 59.5253 3
      vertex 285.5 59.814 0
      vertex 286 59.5253 0
    endloop
  endfacet
  facet normal 1 -0 0
    outer loop
      vertex 282.036 53.814 3
      vertex 282.036 57.814 0
      vertex 282.036 57.814 3
    endloop
  endfacet
  facet normal 1 0 0
    outer loop
      vertex 282.036 57.814 0
      vertex 282.036 53.814 3
      vertex 282.036 53.814 0
    endloop
  endfacet
  facet normal 0.500011 0.866019 -0
    outer loop
      vertex 285.5 51.814 0
      vertex 282.036 53.814 3
      vertex 285.5 51.814 3
    endloop
  endfacet
  facet normal 0.500011 0.866019 0
    outer loop
      vertex 282.036 53.814 3
      vertex 285.5 51.814 0
      vertex 282.036 53.814 0
    endloop
  endfacet
  facet normal -0.500011 0.866019 0
    outer loop
      vertex 220.714 62.907 0
      vertex 217.25 60.907 3
      vertex 220.714 62.907 3
    endloop
  endfacet
  facet normal -0.500011 0.866019 0
    outer loop
      vertex 217.25 60.907 3
      vertex 220.714 62.907 0
      vertex 217.25 60.907 0
    endloop
  endfacet
  facet normal -1 0 0
    outer loop
      vertex 220.714 62.907 0
      vertex 220.714 66.907 3
      vertex 220.714 66.907 0
    endloop
  endfacet
  facet normal -1 -0 0
    outer loop
      vertex 220.714 66.907 3
      vertex 220.714 62.907 0
      vertex 220.714 62.907 3
    endloop
  endfacet
  facet normal 0.500006 -0.866022 0
    outer loop
      vertex 216 68.1853 0
      vertex 217.25 68.907 3
      vertex 216 68.1853 3
    endloop
  endfacet
  facet normal 0.500006 -0.866022 0
    outer loop
      vertex 217.25 68.907 3
      vertex 216 68.1853 0
      vertex 217.25 68.907 0
    endloop
  endfacet
  facet normal -0.500011 -0.866019 0
    outer loop
      vertex 217.25 68.907 0
      vertex 220.714 66.907 3
      vertex 217.25 68.907 3
    endloop
  endfacet
  facet normal -0.500011 -0.866019 -0
    outer loop
      vertex 220.714 66.907 3
      vertex 217.25 68.907 0
      vertex 220.714 66.907 0
    endloop
  endfacet
  facet normal 0.500006 0.866022 -0
    outer loop
      vertex 217.25 60.907 0
      vertex 216 61.6287 3
      vertex 217.25 60.907 3
    endloop
  endfacet
  facet normal 0.500006 0.866022 0
    outer loop
      vertex 216 61.6287 3
      vertex 217.25 60.907 0
      vertex 216 61.6287 0
    endloop
  endfacet
  facet normal -0.500011 0.866019 0
    outer loop
      vertex 231.214 62.907 0
      vertex 227.75 60.907 3
      vertex 231.214 62.907 3
    endloop
  endfacet
  facet normal -0.500011 0.866019 0
    outer loop
      vertex 227.75 60.907 3
      vertex 231.214 62.907 0
      vertex 227.75 60.907 0
    endloop
  endfacet
  facet normal -1 0 0
    outer loop
      vertex 231.214 62.907 0
      vertex 231.214 66.907 3
      vertex 231.214 66.907 0
    endloop
  endfacet
  facet normal -1 -0 0
    outer loop
      vertex 231.214 66.907 3
      vertex 231.214 62.907 0
      vertex 231.214 62.907 3
    endloop
  endfacet
  facet normal 0.500011 -0.866019 0
    outer loop
      vertex 224.286 66.907 0
      vertex 227.75 68.907 3
      vertex 224.286 66.907 3
    endloop
  endfacet
  facet normal 0.500011 -0.866019 0
    outer loop
      vertex 227.75 68.907 3
      vertex 224.286 66.907 0
      vertex 227.75 68.907 0
    endloop
  endfacet
  facet normal -0.500011 -0.866019 0
    outer loop
      vertex 227.75 68.907 0
      vertex 231.214 66.907 3
      vertex 227.75 68.907 3
    endloop
  endfacet
  facet normal -0.500011 -0.866019 -0
    outer loop
      vertex 231.214 66.907 3
      vertex 227.75 68.907 0
      vertex 231.214 66.907 0
    endloop
  endfacet
  facet normal 1 -0 0
    outer loop
      vertex 224.286 62.907 3
      vertex 224.286 66.907 0
      vertex 224.286 66.907 3
    endloop
  endfacet
  facet normal 1 0 0
    outer loop
      vertex 224.286 66.907 0
      vertex 224.286 62.907 3
      vertex 224.286 62.907 0
    endloop
  endfacet
  facet normal 0.500011 0.866019 -0
    outer loop
      vertex 227.75 60.907 0
      vertex 224.286 62.907 3
      vertex 227.75 60.907 3
    endloop
  endfacet
  facet normal 0.500011 0.866019 0
    outer loop
      vertex 224.286 62.907 3
      vertex 227.75 60.907 0
      vertex 224.286 62.907 0
    endloop
  endfacet
  facet normal -0.500011 0.866019 0
    outer loop
      vertex 241.714 62.907 0
      vertex 238.25 60.907 3
      vertex 241.714 62.907 3
    endloop
  endfacet
  facet normal -0.500011 0.866019 0
    outer loop
      vertex 238.25 60.907 3
      vertex 241.714 62.907 0
      vertex 238.25 60.907 0
    endloop
  endfacet
  facet normal -1 0 0
    outer loop
      vertex 241.714 62.907 0
      vertex 241.714 66.907 3
      vertex 241.714 66.907 0
    endloop
  endfacet
  facet normal -1 -0 0
    outer loop
      vertex 241.714 66.907 3
      vertex 241.714 62.907 0
      vertex 241.714 62.907 3
    endloop
  endfacet
  facet normal 0.500011 -0.866019 0
    outer loop
      vertex 234.786 66.907 0
      vertex 238.25 68.907 3
      vertex 234.786 66.907 3
    endloop
  endfacet
  facet normal 0.500011 -0.866019 0
    outer loop
      vertex 238.25 68.907 3
      vertex 234.786 66.907 0
      vertex 238.25 68.907 0
    endloop
  endfacet
  facet normal -0.500011 -0.866019 0
    outer loop
      vertex 238.25 68.907 0
      vertex 241.714 66.907 3
      vertex 238.25 68.907 3
    endloop
  endfacet
  facet normal -0.500011 -0.866019 -0
    outer loop
      vertex 241.714 66.907 3
      vertex 238.25 68.907 0
      vertex 241.714 66.907 0
    endloop
  endfacet
  facet normal 1 -0 0
    outer loop
      vertex 234.786 62.907 3
      vertex 234.786 66.907 0
      vertex 234.786 66.907 3
    endloop
  endfacet
  facet normal 1 0 0
    outer loop
      vertex 234.786 66.907 0
      vertex 234.786 62.907 3
      vertex 234.786 62.907 0
    endloop
  endfacet
  facet normal 0.500011 0.866019 -0
    outer loop
      vertex 238.25 60.907 0
      vertex 234.786 62.907 3
      vertex 238.25 60.907 3
    endloop
  endfacet
  facet normal 0.500011 0.866019 0
    outer loop
      vertex 234.786 62.907 3
      vertex 238.25 60.907 0
      vertex 234.786 62.907 0
    endloop
  endfacet
  facet normal -0.500011 0.866019 0
    outer loop
      vertex 252.214 62.907 0
      vertex 248.75 60.907 3
      vertex 252.214 62.907 3
    endloop
  endfacet
  facet normal -0.500011 0.866019 0
    outer loop
      vertex 248.75 60.907 3
      vertex 252.214 62.907 0
      vertex 248.75 60.907 0
    endloop
  endfacet
  facet normal -1 0 0
    outer loop
      vertex 252.214 62.907 0
      vertex 252.214 66.907 3
      vertex 252.214 66.907 0
    endloop
  endfacet
  facet normal -1 -0 0
    outer loop
      vertex 252.214 66.907 3
      vertex 252.214 62.907 0
      vertex 252.214 62.907 3
    endloop
  endfacet
  facet normal 0.500011 -0.866019 0
    outer loop
      vertex 245.286 66.907 0
      vertex 248.75 68.907 3
      vertex 245.286 66.907 3
    endloop
  endfacet
  facet normal 0.500011 -0.866019 0
    outer loop
      vertex 248.75 68.907 3
      vertex 245.286 66.907 0
      vertex 248.75 68.907 0
    endloop
  endfacet
  facet normal -0.500011 -0.866019 0
    outer loop
      vertex 248.75 68.907 0
      vertex 252.214 66.907 3
      vertex 248.75 68.907 3
    endloop
  endfacet
  facet normal -0.500011 -0.866019 -0
    outer loop
      vertex 252.214 66.907 3
      vertex 248.75 68.907 0
      vertex 252.214 66.907 0
    endloop
  endfacet
  facet normal 1 -0 0
    outer loop
      vertex 245.286 62.907 3
      vertex 245.286 66.907 0
      vertex 245.286 66.907 3
    endloop
  endfacet
  facet normal 1 0 0
    outer loop
      vertex 245.286 66.907 0
      vertex 245.286 62.907 3
      vertex 245.286 62.907 0
    endloop
  endfacet
  facet normal 0.500011 0.866019 -0
    outer loop
      vertex 248.75 60.907 0
      vertex 245.286 62.907 3
      vertex 248.75 60.907 3
    endloop
  endfacet
  facet normal 0.500011 0.866019 0
    outer loop
      vertex 245.286 62.907 3
      vertex 248.75 60.907 0
      vertex 245.286 62.907 0
    endloop
  endfacet
  facet normal -0.500011 0.866019 0
    outer loop
      vertex 262.714 62.907 0
      vertex 259.25 60.907 3
      vertex 262.714 62.907 3
    endloop
  endfacet
  facet normal -0.500011 0.866019 0
    outer loop
      vertex 259.25 60.907 3
      vertex 262.714 62.907 0
      vertex 259.25 60.907 0
    endloop
  endfacet
  facet normal -1 0 0
    outer loop
      vertex 262.714 62.907 0
      vertex 262.714 66.907 3
      vertex 262.714 66.907 0
    endloop
  endfacet
  facet normal -1 -0 0
    outer loop
      vertex 262.714 66.907 3
      vertex 262.714 62.907 0
      vertex 262.714 62.907 3
    endloop
  endfacet
  facet normal 0.500011 -0.866019 0
    outer loop
      vertex 255.786 66.907 0
      vertex 259.25 68.907 3
      vertex 255.786 66.907 3
    endloop
  endfacet
  facet normal 0.500011 -0.866019 0
    outer loop
      vertex 259.25 68.907 3
      vertex 255.786 66.907 0
      vertex 259.25 68.907 0
    endloop
  endfacet
  facet normal -0.500011 -0.866019 0
    outer loop
      vertex 259.25 68.907 0
      vertex 262.714 66.907 3
      vertex 259.25 68.907 3
    endloop
  endfacet
  facet normal -0.500011 -0.866019 -0
    outer loop
      vertex 262.714 66.907 3
      vertex 259.25 68.907 0
      vertex 262.714 66.907 0
    endloop
  endfacet
  facet normal 1 -0 0
    outer loop
      vertex 255.786 62.907 3
      vertex 255.786 66.907 0
      vertex 255.786 66.907 3
    endloop
  endfacet
  facet normal 1 0 0
    outer loop
      vertex 255.786 66.907 0
      vertex 255.786 62.907 3
      vertex 255.786 62.907 0
    endloop
  endfacet
  facet normal 0.500011 0.866019 -0
    outer loop
      vertex 259.25 60.907 0
      vertex 255.786 62.907 3
      vertex 259.25 60.907 3
    endloop
  endfacet
  facet normal 0.500011 0.866019 0
    outer loop
      vertex 255.786 62.907 3
      vertex 259.25 60.907 0
      vertex 255.786 62.907 0
    endloop
  endfacet
  facet normal -0.500011 0.866019 0
    outer loop
      vertex 273.214 62.907 0
      vertex 269.75 60.907 3
      vertex 273.214 62.907 3
    endloop
  endfacet
  facet normal -0.500011 0.866019 0
    outer loop
      vertex 269.75 60.907 3
      vertex 273.214 62.907 0
      vertex 269.75 60.907 0
    endloop
  endfacet
  facet normal -1 0 0
    outer loop
      vertex 273.214 62.907 0
      vertex 273.214 66.907 3
      vertex 273.214 66.907 0
    endloop
  endfacet
  facet normal -1 -0 0
    outer loop
      vertex 273.214 66.907 3
      vertex 273.214 62.907 0
      vertex 273.214 62.907 3
    endloop
  endfacet
  facet normal 0.500011 -0.866019 0
    outer loop
      vertex 266.286 66.907 0
      vertex 269.75 68.907 3
      vertex 266.286 66.907 3
    endloop
  endfacet
  facet normal 0.500011 -0.866019 0
    outer loop
      vertex 269.75 68.907 3
      vertex 266.286 66.907 0
      vertex 269.75 68.907 0
    endloop
  endfacet
  facet normal -0.500011 -0.866019 0
    outer loop
      vertex 269.75 68.907 0
      vertex 273.214 66.907 3
      vertex 269.75 68.907 3
    endloop
  endfacet
  facet normal -0.500011 -0.866019 -0
    outer loop
      vertex 273.214 66.907 3
      vertex 269.75 68.907 0
      vertex 273.214 66.907 0
    endloop
  endfacet
  facet normal 1 -0 0
    outer loop
      vertex 266.286 62.907 3
      vertex 266.286 66.907 0
      vertex 266.286 66.907 3
    endloop
  endfacet
  facet normal 1 0 0
    outer loop
      vertex 266.286 66.907 0
      vertex 266.286 62.907 3
      vertex 266.286 62.907 0
    endloop
  endfacet
  facet normal 0.500011 0.866019 -0
    outer loop
      vertex 269.75 60.907 0
      vertex 266.286 62.907 3
      vertex 269.75 60.907 3
    endloop
  endfacet
  facet normal 0.500011 0.866019 0
    outer loop
      vertex 266.286 62.907 3
      vertex 269.75 60.907 0
      vertex 266.286 62.907 0
    endloop
  endfacet
  facet normal -0.500011 0.866019 0
    outer loop
      vertex 283.714 62.907 0
      vertex 280.25 60.907 3
      vertex 283.714 62.907 3
    endloop
  endfacet
  facet normal -0.500011 0.866019 0
    outer loop
      vertex 280.25 60.907 3
      vertex 283.714 62.907 0
      vertex 280.25 60.907 0
    endloop
  endfacet
  facet normal -1 0 0
    outer loop
      vertex 283.714 62.907 0
      vertex 283.714 66.907 3
      vertex 283.714 66.907 0
    endloop
  endfacet
  facet normal -1 -0 0
    outer loop
      vertex 283.714 66.907 3
      vertex 283.714 62.907 0
      vertex 283.714 62.907 3
    endloop
  endfacet
  facet normal 0.500011 -0.866019 0
    outer loop
      vertex 276.786 66.907 0
      vertex 280.25 68.907 3
      vertex 276.786 66.907 3
    endloop
  endfacet
  facet normal 0.500011 -0.866019 0
    outer loop
      vertex 280.25 68.907 3
      vertex 276.786 66.907 0
      vertex 280.25 68.907 0
    endloop
  endfacet
  facet normal -0.500011 -0.866019 0
    outer loop
      vertex 280.25 68.907 0
      vertex 283.714 66.907 3
      vertex 280.25 68.907 3
    endloop
  endfacet
  facet normal -0.500011 -0.866019 -0
    outer loop
      vertex 283.714 66.907 3
      vertex 280.25 68.907 0
      vertex 283.714 66.907 0
    endloop
  endfacet
  facet normal 1 -0 0
    outer loop
      vertex 276.786 62.907 3
      vertex 276.786 66.907 0
      vertex 276.786 66.907 3
    endloop
  endfacet
  facet normal 1 0 0
    outer loop
      vertex 276.786 66.907 0
      vertex 276.786 62.907 3
      vertex 276.786 62.907 0
    endloop
  endfacet
  facet normal 0.500011 0.866019 -0
    outer loop
      vertex 280.25 60.907 0
      vertex 276.786 62.907 3
      vertex 280.25 60.907 3
    endloop
  endfacet
  facet normal 0.500011 0.866019 0
    outer loop
      vertex 276.786 62.907 3
      vertex 280.25 60.907 0
      vertex 276.786 62.907 0
    endloop
  endfacet
  facet normal -0.500011 0.866019 0
    outer loop
      vertex 225.964 72 0
      vertex 222.5 70 3
      vertex 225.964 72 3
    endloop
  endfacet
  facet normal -0.500011 0.866019 0
    outer loop
      vertex 222.5 70 3
      vertex 225.964 72 0
      vertex 222.5 70 0
    endloop
  endfacet
  facet normal -1 0 0
    outer loop
      vertex 225.964 72 0
      vertex 225.964 76 3
      vertex 225.964 76 0
    endloop
  endfacet
  facet normal -1 -0 0
    outer loop
      vertex 225.964 76 3
      vertex 225.964 72 0
      vertex 225.964 72 3
    endloop
  endfacet
  facet normal 0.500011 -0.866019 0
    outer loop
      vertex 219.036 76 0
      vertex 222.5 78 3
      vertex 219.036 76 3
    endloop
  endfacet
  facet normal 0.500011 -0.866019 0
    outer loop
      vertex 222.5 78 3
      vertex 219.036 76 0
      vertex 222.5 78 0
    endloop
  endfacet
  facet normal -0.500011 -0.866019 0
    outer loop
      vertex 222.5 78 0
      vertex 225.964 76 3
      vertex 222.5 78 3
    endloop
  endfacet
  facet normal -0.500011 -0.866019 -0
    outer loop
      vertex 225.964 76 3
      vertex 222.5 78 0
      vertex 225.964 76 0
    endloop
  endfacet
  facet normal 1 -0 0
    outer loop
      vertex 219.036 72 3
      vertex 219.036 76 0
      vertex 219.036 76 3
    endloop
  endfacet
  facet normal 1 0 0
    outer loop
      vertex 219.036 76 0
      vertex 219.036 72 3
      vertex 219.036 72 0
    endloop
  endfacet
  facet normal 0.500011 0.866019 -0
    outer loop
      vertex 222.5 70 0
      vertex 219.036 72 3
      vertex 222.5 70 3
    endloop
  endfacet
  facet normal 0.500011 0.866019 0
    outer loop
      vertex 219.036 72 3
      vertex 222.5 70 0
      vertex 219.036 72 0
    endloop
  endfacet
  facet normal -0.500011 0.866019 0
    outer loop
      vertex 236.464 72 0
      vertex 233 70 3
      vertex 236.464 72 3
    endloop
  endfacet
  facet normal -0.500011 0.866019 0
    outer loop
      vertex 233 70 3
      vertex 236.464 72 0
      vertex 233 70 0
    endloop
  endfacet
  facet normal -1 0 0
    outer loop
      vertex 236.464 72 0
      vertex 236.464 76 3
      vertex 236.464 76 0
    endloop
  endfacet
  facet normal -1 -0 0
    outer loop
      vertex 236.464 76 3
      vertex 236.464 72 0
      vertex 236.464 72 3
    endloop
  endfacet
  facet normal 0.500011 -0.866019 0
    outer loop
      vertex 229.536 76 0
      vertex 233 78 3
      vertex 229.536 76 3
    endloop
  endfacet
  facet normal 0.500011 -0.866019 0
    outer loop
      vertex 233 78 3
      vertex 229.536 76 0
      vertex 233 78 0
    endloop
  endfacet
  facet normal -0.500011 -0.866019 0
    outer loop
      vertex 233 78 0
      vertex 236.464 76 3
      vertex 233 78 3
    endloop
  endfacet
  facet normal -0.500011 -0.866019 -0
    outer loop
      vertex 236.464 76 3
      vertex 233 78 0
      vertex 236.464 76 0
    endloop
  endfacet
  facet normal 1 -0 0
    outer loop
      vertex 229.536 72 3
      vertex 229.536 76 0
      vertex 229.536 76 3
    endloop
  endfacet
  facet normal 1 0 0
    outer loop
      vertex 229.536 76 0
      vertex 229.536 72 3
      vertex 229.536 72 0
    endloop
  endfacet
  facet normal 0.500011 0.866019 -0
    outer loop
      vertex 233 70 0
      vertex 229.536 72 3
      vertex 233 70 3
    endloop
  endfacet
  facet normal 0.500011 0.866019 0
    outer loop
      vertex 229.536 72 3
      vertex 233 70 0
      vertex 229.536 72 0
    endloop
  endfacet
  facet normal -0.500011 0.866019 0
    outer loop
      vertex 246.964 72 0
      vertex 243.5 70 3
      vertex 246.964 72 3
    endloop
  endfacet
  facet normal -0.500011 0.866019 0
    outer loop
      vertex 243.5 70 3
      vertex 246.964 72 0
      vertex 243.5 70 0
    endloop
  endfacet
  facet normal -1 0 0
    outer loop
      vertex 246.964 72 0
      vertex 246.964 76 3
      vertex 246.964 76 0
    endloop
  endfacet
  facet normal -1 -0 0
    outer loop
      vertex 246.964 76 3
      vertex 246.964 72 0
      vertex 246.964 72 3
    endloop
  endfacet
  facet normal 0.500011 -0.866019 0
    outer loop
      vertex 240.036 76 0
      vertex 243.5 78 3
      vertex 240.036 76 3
    endloop
  endfacet
  facet normal 0.500011 -0.866019 0
    outer loop
      vertex 243.5 78 3
      vertex 240.036 76 0
      vertex 243.5 78 0
    endloop
  endfacet
  facet normal -0.500011 -0.866019 0
    outer loop
      vertex 243.5 78 0
      vertex 246.964 76 3
      vertex 243.5 78 3
    endloop
  endfacet
  facet normal -0.500011 -0.866019 -0
    outer loop
      vertex 246.964 76 3
      vertex 243.5 78 0
      vertex 246.964 76 0
    endloop
  endfacet
  facet normal 1 -0 0
    outer loop
      vertex 240.036 72 3
      vertex 240.036 76 0
      vertex 240.036 76 3
    endloop
  endfacet
  facet normal 1 0 0
    outer loop
      vertex 240.036 76 0
      vertex 240.036 72 3
      vertex 240.036 72 0
    endloop
  endfacet
  facet normal 0.500011 0.866019 -0
    outer loop
      vertex 243.5 70 0
      vertex 240.036 72 3
      vertex 243.5 70 3
    endloop
  endfacet
  facet normal 0.500011 0.866019 0
    outer loop
      vertex 240.036 72 3
      vertex 243.5 70 0
      vertex 240.036 72 0
    endloop
  endfacet
  facet normal -0.500011 0.866019 0
    outer loop
      vertex 257.464 72 0
      vertex 254 70 3
      vertex 257.464 72 3
    endloop
  endfacet
  facet normal -0.500011 0.866019 0
    outer loop
      vertex 254 70 3
      vertex 257.464 72 0
      vertex 254 70 0
    endloop
  endfacet
  facet normal -1 0 0
    outer loop
      vertex 257.464 72 0
      vertex 257.464 76 3
      vertex 257.464 76 0
    endloop
  endfacet
  facet normal -1 -0 0
    outer loop
      vertex 257.464 76 3
      vertex 257.464 72 0
      vertex 257.464 72 3
    endloop
  endfacet
  facet normal 0.500011 -0.866019 0
    outer loop
      vertex 250.536 76 0
      vertex 254 78 3
      vertex 250.536 76 3
    endloop
  endfacet
  facet normal 0.500011 -0.866019 0
    outer loop
      vertex 254 78 3
      vertex 250.536 76 0
      vertex 254 78 0
    endloop
  endfacet
  facet normal -0.500011 -0.866019 0
    outer loop
      vertex 254 78 0
      vertex 257.464 76 3
      vertex 254 78 3
    endloop
  endfacet
  facet normal -0.500011 -0.866019 -0
    outer loop
      vertex 257.464 76 3
      vertex 254 78 0
      vertex 257.464 76 0
    endloop
  endfacet
  facet normal 1 -0 0
    outer loop
      vertex 250.536 72 3
      vertex 250.536 76 0
      vertex 250.536 76 3
    endloop
  endfacet
  facet normal 1 0 0
    outer loop
      vertex 250.536 76 0
      vertex 250.536 72 3
      vertex 250.536 72 0
    endloop
  endfacet
  facet normal 0.500011 0.866019 -0
    outer loop
      vertex 254 70 0
      vertex 250.536 72 3
      vertex 254 70 3
    endloop
  endfacet
  facet normal 0.500011 0.866019 0
    outer loop
      vertex 250.536 72 3
      vertex 254 70 0
      vertex 250.536 72 0
    endloop
  endfacet
  facet normal -0.500011 0.866019 0
    outer loop
      vertex 267.964 72 0
      vertex 264.5 70 3
      vertex 267.964 72 3
    endloop
  endfacet
  facet normal -0.500011 0.866019 0
    outer loop
      vertex 264.5 70 3
      vertex 267.964 72 0
      vertex 264.5 70 0
    endloop
  endfacet
  facet normal -1 0 0
    outer loop
      vertex 267.964 72 0
      vertex 267.964 76 3
      vertex 267.964 76 0
    endloop
  endfacet
  facet normal -1 -0 0
    outer loop
      vertex 267.964 76 3
      vertex 267.964 72 0
      vertex 267.964 72 3
    endloop
  endfacet
  facet normal 0.500011 -0.866019 0
    outer loop
      vertex 261.036 76 0
      vertex 264.5 78 3
      vertex 261.036 76 3
    endloop
  endfacet
  facet normal 0.500011 -0.866019 0
    outer loop
      vertex 264.5 78 3
      vertex 261.036 76 0
      vertex 264.5 78 0
    endloop
  endfacet
  facet normal -0.500011 -0.866019 0
    outer loop
      vertex 264.5 78 0
      vertex 267.964 76 3
      vertex 264.5 78 3
    endloop
  endfacet
  facet normal -0.500011 -0.866019 -0
    outer loop
      vertex 267.964 76 3
      vertex 264.5 78 0
      vertex 267.964 76 0
    endloop
  endfacet
  facet normal 1 -0 0
    outer loop
      vertex 261.036 72 3
      vertex 261.036 76 0
      vertex 261.036 76 3
    endloop
  endfacet
  facet normal 1 0 0
    outer loop
      vertex 261.036 76 0
      vertex 261.036 72 3
      vertex 261.036 72 0
    endloop
  endfacet
  facet normal 0.500011 0.866019 -0
    outer loop
      vertex 264.5 70 0
      vertex 261.036 72 3
      vertex 264.5 70 3
    endloop
  endfacet
  facet normal 0.500011 0.866019 0
    outer loop
      vertex 261.036 72 3
      vertex 264.5 70 0
      vertex 261.036 72 0
    endloop
  endfacet
  facet normal -0.500011 0.866019 0
    outer loop
      vertex 278.464 72 0
      vertex 275 70 3
      vertex 278.464 72 3
    endloop
  endfacet
  facet normal -0.500011 0.866019 0
    outer loop
      vertex 275 70 3
      vertex 278.464 72 0
      vertex 275 70 0
    endloop
  endfacet
  facet normal -1 0 0
    outer loop
      vertex 278.464 72 0
      vertex 278.464 76 3
      vertex 278.464 76 0
    endloop
  endfacet
  facet normal -1 -0 0
    outer loop
      vertex 278.464 76 3
      vertex 278.464 72 0
      vertex 278.464 72 3
    endloop
  endfacet
  facet normal 0.500011 -0.866019 0
    outer loop
      vertex 271.536 76 0
      vertex 275 78 3
      vertex 271.536 76 3
    endloop
  endfacet
  facet normal 0.500011 -0.866019 0
    outer loop
      vertex 275 78 3
      vertex 271.536 76 0
      vertex 275 78 0
    endloop
  endfacet
  facet normal -0.500011 -0.866019 0
    outer loop
      vertex 275 78 0
      vertex 278.464 76 3
      vertex 275 78 3
    endloop
  endfacet
  facet normal -0.500011 -0.866019 -0
    outer loop
      vertex 278.464 76 3
      vertex 275 78 0
      vertex 278.464 76 0
    endloop
  endfacet
  facet normal 1 -0 0
    outer loop
      vertex 271.536 72 3
      vertex 271.536 76 0
      vertex 271.536 76 3
    endloop
  endfacet
  facet normal 1 0 0
    outer loop
      vertex 271.536 76 0
      vertex 271.536 72 3
      vertex 271.536 72 0
    endloop
  endfacet
  facet normal 0.500011 0.866019 -0
    outer loop
      vertex 275 70 0
      vertex 271.536 72 3
      vertex 275 70 3
    endloop
  endfacet
  facet normal 0.500011 0.866019 0
    outer loop
      vertex 271.536 72 3
      vertex 275 70 0
      vertex 271.536 72 0
    endloop
  endfacet
  facet normal -0.500032 0.866007 0
    outer loop
      vertex 286 70.2887 0
      vertex 285.5 70 3
      vertex 286 70.2887 3
    endloop
  endfacet
  facet normal -0.500032 0.866007 0
    outer loop
      vertex 285.5 70 3
      vertex 286 70.2887 0
      vertex 285.5 70 0
    endloop
  endfacet
  facet normal 0.500011 -0.866019 0
    outer loop
      vertex 282.036 76 0
      vertex 285.5 78 3
      vertex 282.036 76 3
    endloop
  endfacet
  facet normal 0.500011 -0.866019 0
    outer loop
      vertex 285.5 78 3
      vertex 282.036 76 0
      vertex 285.5 78 0
    endloop
  endfacet
  facet normal -0.500032 -0.866007 0
    outer loop
      vertex 285.5 78 0
      vertex 286 77.7113 3
      vertex 285.5 78 3
    endloop
  endfacet
  facet normal -0.500032 -0.866007 -0
    outer loop
      vertex 286 77.7113 3
      vertex 285.5 78 0
      vertex 286 77.7113 0
    endloop
  endfacet
  facet normal 1 -0 0
    outer loop
      vertex 282.036 72 3
      vertex 282.036 76 0
      vertex 282.036 76 3
    endloop
  endfacet
  facet normal 1 0 0
    outer loop
      vertex 282.036 76 0
      vertex 282.036 72 3
      vertex 282.036 72 0
    endloop
  endfacet
  facet normal 0.500011 0.866019 -0
    outer loop
      vertex 285.5 70 0
      vertex 282.036 72 3
      vertex 285.5 70 3
    endloop
  endfacet
  facet normal 0.500011 0.866019 0
    outer loop
      vertex 282.036 72 3
      vertex 285.5 70 0
      vertex 282.036 72 0
    endloop
  endfacet
  facet normal -0.500011 0.866019 0
    outer loop
      vertex 220.714 81.093 0
      vertex 217.25 79.093 3
      vertex 220.714 81.093 3
    endloop
  endfacet
  facet normal -0.500011 0.866019 0
    outer loop
      vertex 217.25 79.093 3
      vertex 220.714 81.093 0
      vertex 217.25 79.093 0
    endloop
  endfacet
  facet normal -1 0 0
    outer loop
      vertex 220.714 81.093 0
      vertex 220.714 85.093 3
      vertex 220.714 85.093 0
    endloop
  endfacet
  facet normal -1 -0 0
    outer loop
      vertex 220.714 85.093 3
      vertex 220.714 81.093 0
      vertex 220.714 81.093 3
    endloop
  endfacet
  facet normal 0.500006 -0.866022 0
    outer loop
      vertex 216 86.3713 0
      vertex 217.25 87.093 3
      vertex 216 86.3713 3
    endloop
  endfacet
  facet normal 0.500006 -0.866022 0
    outer loop
      vertex 217.25 87.093 3
      vertex 216 86.3713 0
      vertex 217.25 87.093 0
    endloop
  endfacet
  facet normal -0.500011 -0.866019 0
    outer loop
      vertex 217.25 87.093 0
      vertex 220.714 85.093 3
      vertex 217.25 87.093 3
    endloop
  endfacet
  facet normal -0.500011 -0.866019 -0
    outer loop
      vertex 220.714 85.093 3
      vertex 217.25 87.093 0
      vertex 220.714 85.093 0
    endloop
  endfacet
  facet normal 0.500006 0.866022 -0
    outer loop
      vertex 217.25 79.093 0
      vertex 216 79.8147 3
      vertex 217.25 79.093 3
    endloop
  endfacet
  facet normal 0.500006 0.866022 0
    outer loop
      vertex 216 79.8147 3
      vertex 217.25 79.093 0
      vertex 216 79.8147 0
    endloop
  endfacet
  facet normal -0.500011 0.866019 0
    outer loop
      vertex 231.214 81.093 0
      vertex 227.75 79.093 3
      vertex 231.214 81.093 3
    endloop
  endfacet
  facet normal -0.500011 0.866019 0
    outer loop
      vertex 227.75 79.093 3
      vertex 231.214 81.093 0
      vertex 227.75 79.093 0
    endloop
  endfacet
  facet normal -1 0 0
    outer loop
      vertex 231.214 81.093 0
      vertex 231.214 85.093 3
      vertex 231.214 85.093 0
    endloop
  endfacet
  facet normal -1 -0 0
    outer loop
      vertex 231.214 85.093 3
      vertex 231.214 81.093 0
      vertex 231.214 81.093 3
    endloop
  endfacet
  facet normal 0.500011 -0.866019 0
    outer loop
      vertex 224.286 85.093 0
      vertex 227.75 87.093 3
      vertex 224.286 85.093 3
    endloop
  endfacet
  facet normal 0.500011 -0.866019 0
    outer loop
      vertex 227.75 87.093 3
      vertex 224.286 85.093 0
      vertex 227.75 87.093 0
    endloop
  endfacet
  facet normal -0.500011 -0.866019 0
    outer loop
      vertex 227.75 87.093 0
      vertex 231.214 85.093 3
      vertex 227.75 87.093 3
    endloop
  endfacet
  facet normal -0.500011 -0.866019 -0
    outer loop
      vertex 231.214 85.093 3
      vertex 227.75 87.093 0
      vertex 231.214 85.093 0
    endloop
  endfacet
  facet normal 1 -0 0
    outer loop
      vertex 224.286 81.093 3
      vertex 224.286 85.093 0
      vertex 224.286 85.093 3
    endloop
  endfacet
  facet normal 1 0 0
    outer loop
      vertex 224.286 85.093 0
      vertex 224.286 81.093 3
      vertex 224.286 81.093 0
    endloop
  endfacet
  facet normal 0.500011 0.866019 -0
    outer loop
      vertex 227.75 79.093 0
      vertex 224.286 81.093 3
      vertex 227.75 79.093 3
    endloop
  endfacet
  facet normal 0.500011 0.866019 0
    outer loop
      vertex 224.286 81.093 3
      vertex 227.75 79.093 0
      vertex 224.286 81.093 0
    endloop
  endfacet
  facet normal -0.500011 0.866019 0
    outer loop
      vertex 241.714 81.093 0
      vertex 238.25 79.093 3
      vertex 241.714 81.093 3
    endloop
  endfacet
  facet normal -0.500011 0.866019 0
    outer loop
      vertex 238.25 79.093 3
      vertex 241.714 81.093 0
      vertex 238.25 79.093 0
    endloop
  endfacet
  facet normal -1 0 0
    outer loop
      vertex 241.714 81.093 0
      vertex 241.714 85.093 3
      vertex 241.714 85.093 0
    endloop
  endfacet
  facet normal -1 -0 0
    outer loop
      vertex 241.714 85.093 3
      vertex 241.714 81.093 0
      vertex 241.714 81.093 3
    endloop
  endfacet
  facet normal 0.500011 -0.866019 0
    outer loop
      vertex 234.786 85.093 0
      vertex 238.25 87.093 3
      vertex 234.786 85.093 3
    endloop
  endfacet
  facet normal 0.500011 -0.866019 0
    outer loop
      vertex 238.25 87.093 3
      vertex 234.786 85.093 0
      vertex 238.25 87.093 0
    endloop
  endfacet
  facet normal -0.500011 -0.866019 0
    outer loop
      vertex 238.25 87.093 0
      vertex 241.714 85.093 3
      vertex 238.25 87.093 3
    endloop
  endfacet
  facet normal -0.500011 -0.866019 -0
    outer loop
      vertex 241.714 85.093 3
      vertex 238.25 87.093 0
      vertex 241.714 85.093 0
    endloop
  endfacet
  facet normal 1 -0 0
    outer loop
      vertex 234.786 81.093 3
      vertex 234.786 85.093 0
      vertex 234.786 85.093 3
    endloop
  endfacet
  facet normal 1 0 0
    outer loop
      vertex 234.786 85.093 0
      vertex 234.786 81.093 3
      vertex 234.786 81.093 0
    endloop
  endfacet
  facet normal 0.500011 0.866019 -0
    outer loop
      vertex 238.25 79.093 0
      vertex 234.786 81.093 3
      vertex 238.25 79.093 3
    endloop
  endfacet
  facet normal 0.500011 0.866019 0
    outer loop
      vertex 234.786 81.093 3
      vertex 238.25 79.093 0
      vertex 234.786 81.093 0
    endloop
  endfacet
  facet normal -0.500011 0.866019 0
    outer loop
      vertex 252.214 81.093 0
      vertex 248.75 79.093 3
      vertex 252.214 81.093 3
    endloop
  endfacet
  facet normal -0.500011 0.866019 0
    outer loop
      vertex 248.75 79.093 3
      vertex 252.214 81.093 0
      vertex 248.75 79.093 0
    endloop
  endfacet
  facet normal -1 0 0
    outer loop
      vertex 252.214 81.093 0
      vertex 252.214 85.093 3
      vertex 252.214 85.093 0
    endloop
  endfacet
  facet normal -1 -0 0
    outer loop
      vertex 252.214 85.093 3
      vertex 252.214 81.093 0
      vertex 252.214 81.093 3
    endloop
  endfacet
  facet normal 0.500011 -0.866019 0
    outer loop
      vertex 245.286 85.093 0
      vertex 248.75 87.093 3
      vertex 245.286 85.093 3
    endloop
  endfacet
  facet normal 0.500011 -0.866019 0
    outer loop
      vertex 248.75 87.093 3
      vertex 245.286 85.093 0
      vertex 248.75 87.093 0
    endloop
  endfacet
  facet normal -0.500011 -0.866019 0
    outer loop
      vertex 248.75 87.093 0
      vertex 252.214 85.093 3
      vertex 248.75 87.093 3
    endloop
  endfacet
  facet normal -0.500011 -0.866019 -0
    outer loop
      vertex 252.214 85.093 3
      vertex 248.75 87.093 0
      vertex 252.214 85.093 0
    endloop
  endfacet
  facet normal 1 -0 0
    outer loop
      vertex 245.286 81.093 3
      vertex 245.286 85.093 0
      vertex 245.286 85.093 3
    endloop
  endfacet
  facet normal 1 0 0
    outer loop
      vertex 245.286 85.093 0
      vertex 245.286 81.093 3
      vertex 245.286 81.093 0
    endloop
  endfacet
  facet normal 0.500011 0.866019 -0
    outer loop
      vertex 248.75 79.093 0
      vertex 245.286 81.093 3
      vertex 248.75 79.093 3
    endloop
  endfacet
  facet normal 0.500011 0.866019 0
    outer loop
      vertex 245.286 81.093 3
      vertex 248.75 79.093 0
      vertex 245.286 81.093 0
    endloop
  endfacet
  facet normal -0.500011 0.866019 0
    outer loop
      vertex 262.714 81.093 0
      vertex 259.25 79.093 3
      vertex 262.714 81.093 3
    endloop
  endfacet
  facet normal -0.500011 0.866019 0
    outer loop
      vertex 259.25 79.093 3
      vertex 262.714 81.093 0
      vertex 259.25 79.093 0
    endloop
  endfacet
  facet normal -1 0 0
    outer loop
      vertex 262.714 81.093 0
      vertex 262.714 85.093 3
      vertex 262.714 85.093 0
    endloop
  endfacet
  facet normal -1 -0 0
    outer loop
      vertex 262.714 85.093 3
      vertex 262.714 81.093 0
      vertex 262.714 81.093 3
    endloop
  endfacet
  facet normal 0.500011 -0.866019 0
    outer loop
      vertex 255.786 85.093 0
      vertex 259.25 87.093 3
      vertex 255.786 85.093 3
    endloop
  endfacet
  facet normal 0.500011 -0.866019 0
    outer loop
      vertex 259.25 87.093 3
      vertex 255.786 85.093 0
      vertex 259.25 87.093 0
    endloop
  endfacet
  facet normal -0.500011 -0.866019 0
    outer loop
      vertex 259.25 87.093 0
      vertex 262.714 85.093 3
      vertex 259.25 87.093 3
    endloop
  endfacet
  facet normal -0.500011 -0.866019 -0
    outer loop
      vertex 262.714 85.093 3
      vertex 259.25 87.093 0
      vertex 262.714 85.093 0
    endloop
  endfacet
  facet normal 1 -0 0
    outer loop
      vertex 255.786 81.093 3
      vertex 255.786 85.093 0
      vertex 255.786 85.093 3
    endloop
  endfacet
  facet normal 1 0 0
    outer loop
      vertex 255.786 85.093 0
      vertex 255.786 81.093 3
      vertex 255.786 81.093 0
    endloop
  endfacet
  facet normal 0.500011 0.866019 -0
    outer loop
      vertex 259.25 79.093 0
      vertex 255.786 81.093 3
      vertex 259.25 79.093 3
    endloop
  endfacet
  facet normal 0.500011 0.866019 0
    outer loop
      vertex 255.786 81.093 3
      vertex 259.25 79.093 0
      vertex 255.786 81.093 0
    endloop
  endfacet
  facet normal -0.500011 0.866019 0
    outer loop
      vertex 273.214 81.093 0
      vertex 269.75 79.093 3
      vertex 273.214 81.093 3
    endloop
  endfacet
  facet normal -0.500011 0.866019 0
    outer loop
      vertex 269.75 79.093 3
      vertex 273.214 81.093 0
      vertex 269.75 79.093 0
    endloop
  endfacet
  facet normal -1 0 0
    outer loop
      vertex 273.214 81.093 0
      vertex 273.214 85.093 3
      vertex 273.214 85.093 0
    endloop
  endfacet
  facet normal -1 -0 0
    outer loop
      vertex 273.214 85.093 3
      vertex 273.214 81.093 0
      vertex 273.214 81.093 3
    endloop
  endfacet
  facet normal 0.500011 -0.866019 0
    outer loop
      vertex 266.286 85.093 0
      vertex 269.75 87.093 3
      vertex 266.286 85.093 3
    endloop
  endfacet
  facet normal 0.500011 -0.866019 0
    outer loop
      vertex 269.75 87.093 3
      vertex 266.286 85.093 0
      vertex 269.75 87.093 0
    endloop
  endfacet
  facet normal -0.500011 -0.866019 0
    outer loop
      vertex 269.75 87.093 0
      vertex 273.214 85.093 3
      vertex 269.75 87.093 3
    endloop
  endfacet
  facet normal -0.500011 -0.866019 -0
    outer loop
      vertex 273.214 85.093 3
      vertex 269.75 87.093 0
      vertex 273.214 85.093 0
    endloop
  endfacet
  facet normal 1 -0 0
    outer loop
      vertex 266.286 81.093 3
      vertex 266.286 85.093 0
      vertex 266.286 85.093 3
    endloop
  endfacet
  facet normal 1 0 0
    outer loop
      vertex 266.286 85.093 0
      vertex 266.286 81.093 3
      vertex 266.286 81.093 0
    endloop
  endfacet
  facet normal 0.500011 0.866019 -0
    outer loop
      vertex 269.75 79.093 0
      vertex 266.286 81.093 3
      vertex 269.75 79.093 3
    endloop
  endfacet
  facet normal 0.500011 0.866019 0
    outer loop
      vertex 266.286 81.093 3
      vertex 269.75 79.093 0
      vertex 266.286 81.093 0
    endloop
  endfacet
  facet normal -0.500011 0.866019 0
    outer loop
      vertex 283.714 81.093 0
      vertex 280.25 79.093 3
      vertex 283.714 81.093 3
    endloop
  endfacet
  facet normal -0.500011 0.866019 0
    outer loop
      vertex 280.25 79.093 3
      vertex 283.714 81.093 0
      vertex 280.25 79.093 0
    endloop
  endfacet
  facet normal -1 0 0
    outer loop
      vertex 283.714 81.093 0
      vertex 283.714 85.093 3
      vertex 283.714 85.093 0
    endloop
  endfacet
  facet normal -1 -0 0
    outer loop
      vertex 283.714 85.093 3
      vertex 283.714 81.093 0
      vertex 283.714 81.093 3
    endloop
  endfacet
  facet normal 0.500011 -0.866019 0
    outer loop
      vertex 276.786 85.093 0
      vertex 280.25 87.093 3
      vertex 276.786 85.093 3
    endloop
  endfacet
  facet normal 0.500011 -0.866019 0
    outer loop
      vertex 280.25 87.093 3
      vertex 276.786 85.093 0
      vertex 280.25 87.093 0
    endloop
  endfacet
  facet normal -0.500011 -0.866019 0
    outer loop
      vertex 280.25 87.093 0
      vertex 283.714 85.093 3
      vertex 280.25 87.093 3
    endloop
  endfacet
  facet normal -0.500011 -0.866019 -0
    outer loop
      vertex 283.714 85.093 3
      vertex 280.25 87.093 0
      vertex 283.714 85.093 0
    endloop
  endfacet
  facet normal 1 -0 0
    outer loop
      vertex 276.786 81.093 3
      vertex 276.786 85.093 0
      vertex 276.786 85.093 3
    endloop
  endfacet
  facet normal 1 0 0
    outer loop
      vertex 276.786 85.093 0
      vertex 276.786 81.093 3
      vertex 276.786 81.093 0
    endloop
  endfacet
  facet normal 0.500011 0.866019 -0
    outer loop
      vertex 280.25 79.093 0
      vertex 276.786 81.093 3
      vertex 280.25 79.093 3
    endloop
  endfacet
  facet normal 0.500011 0.866019 0
    outer loop
      vertex 276.786 81.093 3
      vertex 280.25 79.093 0
      vertex 276.786 81.093 0
    endloop
  endfacet
  facet normal -0.500011 0.866019 0
    outer loop
      vertex 225.964 90.186 0
      vertex 222.5 88.186 3
      vertex 225.964 90.186 3
    endloop
  endfacet
  facet normal -0.500011 0.866019 0
    outer loop
      vertex 222.5 88.186 3
      vertex 225.964 90.186 0
      vertex 222.5 88.186 0
    endloop
  endfacet
  facet normal -1 0 0
    outer loop
      vertex 225.964 90.186 0
      vertex 225.964 94.186 3
      vertex 225.964 94.186 0
    endloop
  endfacet
  facet normal -1 -0 0
    outer loop
      vertex 225.964 94.186 3
      vertex 225.964 90.186 0
      vertex 225.964 90.186 3
    endloop
  endfacet
  facet normal 0.500011 -0.866019 0
    outer loop
      vertex 219.036 94.186 0
      vertex 222.5 96.186 3
      vertex 219.036 94.186 3
    endloop
  endfacet
  facet normal 0.500011 -0.866019 0
    outer loop
      vertex 222.5 96.186 3
      vertex 219.036 94.186 0
      vertex 222.5 96.186 0
    endloop
  endfacet
  facet normal -0.500011 -0.866019 0
    outer loop
      vertex 222.5 96.186 0
      vertex 225.964 94.186 3
      vertex 222.5 96.186 3
    endloop
  endfacet
  facet normal -0.500011 -0.866019 -0
    outer loop
      vertex 225.964 94.186 3
      vertex 222.5 96.186 0
      vertex 225.964 94.186 0
    endloop
  endfacet
  facet normal 1 -0 0
    outer loop
      vertex 219.036 90.186 3
      vertex 219.036 94.186 0
      vertex 219.036 94.186 3
    endloop
  endfacet
  facet normal 1 0 0
    outer loop
      vertex 219.036 94.186 0
      vertex 219.036 90.186 3
      vertex 219.036 90.186 0
    endloop
  endfacet
  facet normal 0.500011 0.866019 -0
    outer loop
      vertex 222.5 88.186 0
      vertex 219.036 90.186 3
      vertex 222.5 88.186 3
    endloop
  endfacet
  facet normal 0.500011 0.866019 0
    outer loop
      vertex 219.036 90.186 3
      vertex 222.5 88.186 0
      vertex 219.036 90.186 0
    endloop
  endfacet
  facet normal -0.500011 0.866019 0
    outer loop
      vertex 236.464 90.186 0
      vertex 233 88.186 3
      vertex 236.464 90.186 3
    endloop
  endfacet
  facet normal -0.500011 0.866019 0
    outer loop
      vertex 233 88.186 3
      vertex 236.464 90.186 0
      vertex 233 88.186 0
    endloop
  endfacet
  facet normal -1 0 0
    outer loop
      vertex 236.464 90.186 0
      vertex 236.464 94.186 3
      vertex 236.464 94.186 0
    endloop
  endfacet
  facet normal -1 -0 0
    outer loop
      vertex 236.464 94.186 3
      vertex 236.464 90.186 0
      vertex 236.464 90.186 3
    endloop
  endfacet
  facet normal 0.500011 -0.866019 0
    outer loop
      vertex 229.536 94.186 0
      vertex 233 96.186 3
      vertex 229.536 94.186 3
    endloop
  endfacet
  facet normal 0.500011 -0.866019 0
    outer loop
      vertex 233 96.186 3
      vertex 229.536 94.186 0
      vertex 233 96.186 0
    endloop
  endfacet
  facet normal -0.500011 -0.866019 0
    outer loop
      vertex 233 96.186 0
      vertex 236.464 94.186 3
      vertex 233 96.186 3
    endloop
  endfacet
  facet normal -0.500011 -0.866019 -0
    outer loop
      vertex 236.464 94.186 3
      vertex 233 96.186 0
      vertex 236.464 94.186 0
    endloop
  endfacet
  facet normal 1 -0 0
    outer loop
      vertex 229.536 90.186 3
      vertex 229.536 94.186 0
      vertex 229.536 94.186 3
    endloop
  endfacet
  facet normal 1 0 0
    outer loop
      vertex 229.536 94.186 0
      vertex 229.536 90.186 3
      vertex 229.536 90.186 0
    endloop
  endfacet
  facet normal 0.500011 0.866019 -0
    outer loop
      vertex 233 88.186 0
      vertex 229.536 90.186 3
      vertex 233 88.186 3
    endloop
  endfacet
  facet normal 0.500011 0.866019 0
    outer loop
      vertex 229.536 90.186 3
      vertex 233 88.186 0
      vertex 229.536 90.186 0
    endloop
  endfacet
  facet normal -0.500011 0.866019 0
    outer loop
      vertex 246.964 90.186 0
      vertex 243.5 88.186 3
      vertex 246.964 90.186 3
    endloop
  endfacet
  facet normal -0.500011 0.866019 0
    outer loop
      vertex 243.5 88.186 3
      vertex 246.964 90.186 0
      vertex 243.5 88.186 0
    endloop
  endfacet
  facet normal -1 0 0
    outer loop
      vertex 246.964 90.186 0
      vertex 246.964 94.186 3
      vertex 246.964 94.186 0
    endloop
  endfacet
  facet normal -1 -0 0
    outer loop
      vertex 246.964 94.186 3
      vertex 246.964 90.186 0
      vertex 246.964 90.186 3
    endloop
  endfacet
  facet normal 0.500011 -0.866019 0
    outer loop
      vertex 240.036 94.186 0
      vertex 243.5 96.186 3
      vertex 240.036 94.186 3
    endloop
  endfacet
  facet normal 0.500011 -0.866019 0
    outer loop
      vertex 243.5 96.186 3
      vertex 240.036 94.186 0
      vertex 243.5 96.186 0
    endloop
  endfacet
  facet normal -0.500011 -0.866019 0
    outer loop
      vertex 243.5 96.186 0
      vertex 246.964 94.186 3
      vertex 243.5 96.186 3
    endloop
  endfacet
  facet normal -0.500011 -0.866019 -0
    outer loop
      vertex 246.964 94.186 3
      vertex 243.5 96.186 0
      vertex 246.964 94.186 0
    endloop
  endfacet
  facet normal 1 -0 0
    outer loop
      vertex 240.036 90.186 3
      vertex 240.036 94.186 0
      vertex 240.036 94.186 3
    endloop
  endfacet
  facet normal 1 0 0
    outer loop
      vertex 240.036 94.186 0
      vertex 240.036 90.186 3
      vertex 240.036 90.186 0
    endloop
  endfacet
  facet normal 0.500011 0.866019 -0
    outer loop
      vertex 243.5 88.186 0
      vertex 240.036 90.186 3
      vertex 243.5 88.186 3
    endloop
  endfacet
  facet normal 0.500011 0.866019 0
    outer loop
      vertex 240.036 90.186 3
      vertex 243.5 88.186 0
      vertex 240.036 90.186 0
    endloop
  endfacet
  facet normal -0.500011 0.866019 0
    outer loop
      vertex 257.464 90.186 0
      vertex 254 88.186 3
      vertex 257.464 90.186 3
    endloop
  endfacet
  facet normal -0.500011 0.866019 0
    outer loop
      vertex 254 88.186 3
      vertex 257.464 90.186 0
      vertex 254 88.186 0
    endloop
  endfacet
  facet normal -1 0 0
    outer loop
      vertex 257.464 90.186 0
      vertex 257.464 94.186 3
      vertex 257.464 94.186 0
    endloop
  endfacet
  facet normal -1 -0 0
    outer loop
      vertex 257.464 94.186 3
      vertex 257.464 90.186 0
      vertex 257.464 90.186 3
    endloop
  endfacet
  facet normal 0.500011 -0.866019 0
    outer loop
      vertex 250.536 94.186 0
      vertex 254 96.186 3
      vertex 250.536 94.186 3
    endloop
  endfacet
  facet normal 0.500011 -0.866019 0
    outer loop
      vertex 254 96.186 3
      vertex 250.536 94.186 0
      vertex 254 96.186 0
    endloop
  endfacet
  facet normal -0.500011 -0.866019 0
    outer loop
      vertex 254 96.186 0
      vertex 257.464 94.186 3
      vertex 254 96.186 3
    endloop
  endfacet
  facet normal -0.500011 -0.866019 -0
    outer loop
      vertex 257.464 94.186 3
      vertex 254 96.186 0
      vertex 257.464 94.186 0
    endloop
  endfacet
  facet normal 1 -0 0
    outer loop
      vertex 250.536 90.186 3
      vertex 250.536 94.186 0
      vertex 250.536 94.186 3
    endloop
  endfacet
  facet normal 1 0 0
    outer loop
      vertex 250.536 94.186 0
      vertex 250.536 90.186 3
      vertex 250.536 90.186 0
    endloop
  endfacet
  facet normal 0.500011 0.866019 -0
    outer loop
      vertex 254 88.186 0
      vertex 250.536 90.186 3
      vertex 254 88.186 3
    endloop
  endfacet
  facet normal 0.500011 0.866019 0
    outer loop
      vertex 250.536 90.186 3
      vertex 254 88.186 0
      vertex 250.536 90.186 0
    endloop
  endfacet
  facet normal -0.500011 0.866019 0
    outer loop
      vertex 267.964 90.186 0
      vertex 264.5 88.186 3
      vertex 267.964 90.186 3
    endloop
  endfacet
  facet normal -0.500011 0.866019 0
    outer loop
      vertex 264.5 88.186 3
      vertex 267.964 90.186 0
      vertex 264.5 88.186 0
    endloop
  endfacet
  facet normal -1 0 0
    outer loop
      vertex 267.964 90.186 0
      vertex 267.964 94.186 3
      vertex 267.964 94.186 0
    endloop
  endfacet
  facet normal -1 -0 0
    outer loop
      vertex 267.964 94.186 3
      vertex 267.964 90.186 0
      vertex 267.964 90.186 3
    endloop
  endfacet
  facet normal 0.500011 -0.866019 0
    outer loop
      vertex 261.036 94.186 0
      vertex 264.5 96.186 3
      vertex 261.036 94.186 3
    endloop
  endfacet
  facet normal 0.500011 -0.866019 0
    outer loop
      vertex 264.5 96.186 3
      vertex 261.036 94.186 0
      vertex 264.5 96.186 0
    endloop
  endfacet
  facet normal -0.500011 -0.866019 0
    outer loop
      vertex 264.5 96.186 0
      vertex 267.964 94.186 3
      vertex 264.5 96.186 3
    endloop
  endfacet
  facet normal -0.500011 -0.866019 -0
    outer loop
      vertex 267.964 94.186 3
      vertex 264.5 96.186 0
      vertex 267.964 94.186 0
    endloop
  endfacet
  facet normal 1 -0 0
    outer loop
      vertex 261.036 90.186 3
      vertex 261.036 94.186 0
      vertex 261.036 94.186 3
    endloop
  endfacet
  facet normal 1 0 0
    outer loop
      vertex 261.036 94.186 0
      vertex 261.036 90.186 3
      vertex 261.036 90.186 0
    endloop
  endfacet
  facet normal 0.500011 0.866019 -0
    outer loop
      vertex 264.5 88.186 0
      vertex 261.036 90.186 3
      vertex 264.5 88.186 3
    endloop
  endfacet
  facet normal 0.500011 0.866019 0
    outer loop
      vertex 261.036 90.186 3
      vertex 264.5 88.186 0
      vertex 261.036 90.186 0
    endloop
  endfacet
  facet normal -0.500011 0.866019 0
    outer loop
      vertex 278.464 90.186 0
      vertex 275 88.186 3
      vertex 278.464 90.186 3
    endloop
  endfacet
  facet normal -0.500011 0.866019 0
    outer loop
      vertex 275 88.186 3
      vertex 278.464 90.186 0
      vertex 275 88.186 0
    endloop
  endfacet
  facet normal -1 0 0
    outer loop
      vertex 278.464 90.186 0
      vertex 278.464 94.186 3
      vertex 278.464 94.186 0
    endloop
  endfacet
  facet normal -1 -0 0
    outer loop
      vertex 278.464 94.186 3
      vertex 278.464 90.186 0
      vertex 278.464 90.186 3
    endloop
  endfacet
  facet normal 0.500011 -0.866019 0
    outer loop
      vertex 271.536 94.186 0
      vertex 275 96.186 3
      vertex 271.536 94.186 3
    endloop
  endfacet
  facet normal 0.500011 -0.866019 0
    outer loop
      vertex 275 96.186 3
      vertex 271.536 94.186 0
      vertex 275 96.186 0
    endloop
  endfacet
  facet normal -0.500011 -0.866019 0
    outer loop
      vertex 275 96.186 0
      vertex 278.464 94.186 3
      vertex 275 96.186 3
    endloop
  endfacet
  facet normal -0.500011 -0.866019 -0
    outer loop
      vertex 278.464 94.186 3
      vertex 275 96.186 0
      vertex 278.464 94.186 0
    endloop
  endfacet
  facet normal 1 -0 0
    outer loop
      vertex 271.536 90.186 3
      vertex 271.536 94.186 0
      vertex 271.536 94.186 3
    endloop
  endfacet
  facet normal 1 0 0
    outer loop
      vertex 271.536 94.186 0
      vertex 271.536 90.186 3
      vertex 271.536 90.186 0
    endloop
  endfacet
  facet normal 0.500011 0.866019 -0
    outer loop
      vertex 275 88.186 0
      vertex 271.536 90.186 3
      vertex 275 88.186 3
    endloop
  endfacet
  facet normal 0.500011 0.866019 0
    outer loop
      vertex 271.536 90.186 3
      vertex 275 88.186 0
      vertex 271.536 90.186 0
    endloop
  endfacet
  facet normal -0.500032 0.866007 0
    outer loop
      vertex 286 88.4747 0
      vertex 285.5 88.186 3
      vertex 286 88.4747 3
    endloop
  endfacet
  facet normal -0.500032 0.866007 0
    outer loop
      vertex 285.5 88.186 3
      vertex 286 88.4747 0
      vertex 285.5 88.186 0
    endloop
  endfacet
  facet normal 0.500011 -0.866019 0
    outer loop
      vertex 282.036 94.186 0
      vertex 285.5 96.186 3
      vertex 282.036 94.186 3
    endloop
  endfacet
  facet normal 0.500011 -0.866019 0
    outer loop
      vertex 285.5 96.186 3
      vertex 282.036 94.186 0
      vertex 285.5 96.186 0
    endloop
  endfacet
  facet normal -0.500032 -0.866007 0
    outer loop
      vertex 285.5 96.186 0
      vertex 286 95.8973 3
      vertex 285.5 96.186 3
    endloop
  endfacet
  facet normal -0.500032 -0.866007 -0
    outer loop
      vertex 286 95.8973 3
      vertex 285.5 96.186 0
      vertex 286 95.8973 0
    endloop
  endfacet
  facet normal 1 -0 0
    outer loop
      vertex 282.036 90.186 3
      vertex 282.036 94.186 0
      vertex 282.036 94.186 3
    endloop
  endfacet
  facet normal 1 0 0
    outer loop
      vertex 282.036 94.186 0
      vertex 282.036 90.186 3
      vertex 282.036 90.186 0
    endloop
  endfacet
  facet normal 0.500011 0.866019 -0
    outer loop
      vertex 285.5 88.186 0
      vertex 282.036 90.186 3
      vertex 285.5 88.186 3
    endloop
  endfacet
  facet normal 0.500011 0.866019 0
    outer loop
      vertex 282.036 90.186 3
      vertex 285.5 88.186 0
      vertex 282.036 90.186 0
    endloop
  endfacet
  facet normal -0.500011 0.866019 0
    outer loop
      vertex 220.714 99.279 0
      vertex 217.25 97.279 3
      vertex 220.714 99.279 3
    endloop
  endfacet
  facet normal -0.500011 0.866019 0
    outer loop
      vertex 217.25 97.279 3
      vertex 220.714 99.279 0
      vertex 217.25 97.279 0
    endloop
  endfacet
  facet normal -1 0 0
    outer loop
      vertex 220.714 99.279 0
      vertex 220.714 103.279 3
      vertex 220.714 103.279 0
    endloop
  endfacet
  facet normal -1 -0 0
    outer loop
      vertex 220.714 103.279 3
      vertex 220.714 99.279 0
      vertex 220.714 99.279 3
    endloop
  endfacet
  facet normal 0.500162 -0.865932 0
    outer loop
      vertex 216 104.557 0
      vertex 217.25 105.279 3
      vertex 216 104.557 3
    endloop
  endfacet
  facet normal 0.500162 -0.865932 0
    outer loop
      vertex 217.25 105.279 3
      vertex 216 104.557 0
      vertex 217.25 105.279 0
    endloop
  endfacet
  facet normal -0.500011 -0.866019 0
    outer loop
      vertex 217.25 105.279 0
      vertex 220.714 103.279 3
      vertex 217.25 105.279 3
    endloop
  endfacet
  facet normal -0.500011 -0.866019 -0
    outer loop
      vertex 220.714 103.279 3
      vertex 217.25 105.279 0
      vertex 220.714 103.279 0
    endloop
  endfacet
  facet normal 0.500006 0.866022 -0
    outer loop
      vertex 217.25 97.279 0
      vertex 216 98.0007 3
      vertex 217.25 97.279 3
    endloop
  endfacet
  facet normal 0.500006 0.866022 0
    outer loop
      vertex 216 98.0007 3
      vertex 217.25 97.279 0
      vertex 216 98.0007 0
    endloop
  endfacet
  facet normal -0.500011 0.866019 0
    outer loop
      vertex 231.214 99.279 0
      vertex 227.75 97.279 3
      vertex 231.214 99.279 3
    endloop
  endfacet
  facet normal -0.500011 0.866019 0
    outer loop
      vertex 227.75 97.279 3
      vertex 231.214 99.279 0
      vertex 227.75 97.279 0
    endloop
  endfacet
  facet normal -1 0 0
    outer loop
      vertex 231.214 99.279 0
      vertex 231.214 103.279 3
      vertex 231.214 103.279 0
    endloop
  endfacet
  facet normal -1 -0 0
    outer loop
      vertex 231.214 103.279 3
      vertex 231.214 99.279 0
      vertex 231.214 99.279 3
    endloop
  endfacet
  facet normal 0.500011 -0.866019 0
    outer loop
      vertex 224.286 103.279 0
      vertex 227.75 105.279 3
      vertex 224.286 103.279 3
    endloop
  endfacet
  facet normal 0.500011 -0.866019 0
    outer loop
      vertex 227.75 105.279 3
      vertex 224.286 103.279 0
      vertex 227.75 105.279 0
    endloop
  endfacet
  facet normal -0.500011 -0.866019 0
    outer loop
      vertex 227.75 105.279 0
      vertex 231.214 103.279 3
      vertex 227.75 105.279 3
    endloop
  endfacet
  facet normal -0.500011 -0.866019 -0
    outer loop
      vertex 231.214 103.279 3
      vertex 227.75 105.279 0
      vertex 231.214 103.279 0
    endloop
  endfacet
  facet normal 1 -0 0
    outer loop
      vertex 224.286 99.279 3
      vertex 224.286 103.279 0
      vertex 224.286 103.279 3
    endloop
  endfacet
  facet normal 1 0 0
    outer loop
      vertex 224.286 103.279 0
      vertex 224.286 99.279 3
      vertex 224.286 99.279 0
    endloop
  endfacet
  facet normal 0.500011 0.866019 -0
    outer loop
      vertex 227.75 97.279 0
      vertex 224.286 99.279 3
      vertex 227.75 97.279 3
    endloop
  endfacet
  facet normal 0.500011 0.866019 0
    outer loop
      vertex 224.286 99.279 3
      vertex 227.75 97.279 0
      vertex 224.286 99.279 0
    endloop
  endfacet
  facet normal -0.500011 0.866019 0
    outer loop
      vertex 241.714 99.279 0
      vertex 238.25 97.279 3
      vertex 241.714 99.279 3
    endloop
  endfacet
  facet normal -0.500011 0.866019 0
    outer loop
      vertex 238.25 97.279 3
      vertex 241.714 99.279 0
      vertex 238.25 97.279 0
    endloop
  endfacet
  facet normal -1 0 0
    outer loop
      vertex 241.714 99.279 0
      vertex 241.714 103.279 3
      vertex 241.714 103.279 0
    endloop
  endfacet
  facet normal -1 -0 0
    outer loop
      vertex 241.714 103.279 3
      vertex 241.714 99.279 0
      vertex 241.714 99.279 3
    endloop
  endfacet
  facet normal 0.500011 -0.866019 0
    outer loop
      vertex 234.786 103.279 0
      vertex 238.25 105.279 3
      vertex 234.786 103.279 3
    endloop
  endfacet
  facet normal 0.500011 -0.866019 0
    outer loop
      vertex 238.25 105.279 3
      vertex 234.786 103.279 0
      vertex 238.25 105.279 0
    endloop
  endfacet
  facet normal -0.500011 -0.866019 0
    outer loop
      vertex 238.25 105.279 0
      vertex 241.714 103.279 3
      vertex 238.25 105.279 3
    endloop
  endfacet
  facet normal -0.500011 -0.866019 -0
    outer loop
      vertex 241.714 103.279 3
      vertex 238.25 105.279 0
      vertex 241.714 103.279 0
    endloop
  endfacet
  facet normal 1 -0 0
    outer loop
      vertex 234.786 99.279 3
      vertex 234.786 103.279 0
      vertex 234.786 103.279 3
    endloop
  endfacet
  facet normal 1 0 0
    outer loop
      vertex 234.786 103.279 0
      vertex 234.786 99.279 3
      vertex 234.786 99.279 0
    endloop
  endfacet
  facet normal 0.500011 0.866019 -0
    outer loop
      vertex 238.25 97.279 0
      vertex 234.786 99.279 3
      vertex 238.25 97.279 3
    endloop
  endfacet
  facet normal 0.500011 0.866019 0
    outer loop
      vertex 234.786 99.279 3
      vertex 238.25 97.279 0
      vertex 234.786 99.279 0
    endloop
  endfacet
  facet normal -0.500011 0.866019 0
    outer loop
      vertex 252.214 99.279 0
      vertex 248.75 97.279 3
      vertex 252.214 99.279 3
    endloop
  endfacet
  facet normal -0.500011 0.866019 0
    outer loop
      vertex 248.75 97.279 3
      vertex 252.214 99.279 0
      vertex 248.75 97.279 0
    endloop
  endfacet
  facet normal -1 0 0
    outer loop
      vertex 252.214 99.279 0
      vertex 252.214 103.279 3
      vertex 252.214 103.279 0
    endloop
  endfacet
  facet normal -1 -0 0
    outer loop
      vertex 252.214 103.279 3
      vertex 252.214 99.279 0
      vertex 252.214 99.279 3
    endloop
  endfacet
  facet normal 0.500011 -0.866019 0
    outer loop
      vertex 245.286 103.279 0
      vertex 248.75 105.279 3
      vertex 245.286 103.279 3
    endloop
  endfacet
  facet normal 0.500011 -0.866019 0
    outer loop
      vertex 248.75 105.279 3
      vertex 245.286 103.279 0
      vertex 248.75 105.279 0
    endloop
  endfacet
  facet normal -0.500011 -0.866019 0
    outer loop
      vertex 248.75 105.279 0
      vertex 252.214 103.279 3
      vertex 248.75 105.279 3
    endloop
  endfacet
  facet normal -0.500011 -0.866019 -0
    outer loop
      vertex 252.214 103.279 3
      vertex 248.75 105.279 0
      vertex 252.214 103.279 0
    endloop
  endfacet
  facet normal 1 -0 0
    outer loop
      vertex 245.286 99.279 3
      vertex 245.286 103.279 0
      vertex 245.286 103.279 3
    endloop
  endfacet
  facet normal 1 0 0
    outer loop
      vertex 245.286 103.279 0
      vertex 245.286 99.279 3
      vertex 245.286 99.279 0
    endloop
  endfacet
  facet normal 0.500011 0.866019 -0
    outer loop
      vertex 248.75 97.279 0
      vertex 245.286 99.279 3
      vertex 248.75 97.279 3
    endloop
  endfacet
  facet normal 0.500011 0.866019 0
    outer loop
      vertex 245.286 99.279 3
      vertex 248.75 97.279 0
      vertex 245.286 99.279 0
    endloop
  endfacet
  facet normal -0.500011 0.866019 0
    outer loop
      vertex 262.714 99.279 0
      vertex 259.25 97.279 3
      vertex 262.714 99.279 3
    endloop
  endfacet
  facet normal -0.500011 0.866019 0
    outer loop
      vertex 259.25 97.279 3
      vertex 262.714 99.279 0
      vertex 259.25 97.279 0
    endloop
  endfacet
  facet normal -1 0 0
    outer loop
      vertex 262.714 99.279 0
      vertex 262.714 103.279 3
      vertex 262.714 103.279 0
    endloop
  endfacet
  facet normal -1 -0 0
    outer loop
      vertex 262.714 103.279 3
      vertex 262.714 99.279 0
      vertex 262.714 99.279 3
    endloop
  endfacet
  facet normal 0.500011 -0.866019 0
    outer loop
      vertex 255.786 103.279 0
      vertex 259.25 105.279 3
      vertex 255.786 103.279 3
    endloop
  endfacet
  facet normal 0.500011 -0.866019 0
    outer loop
      vertex 259.25 105.279 3
      vertex 255.786 103.279 0
      vertex 259.25 105.279 0
    endloop
  endfacet
  facet normal -0.500011 -0.866019 0
    outer loop
      vertex 259.25 105.279 0
      vertex 262.714 103.279 3
      vertex 259.25 105.279 3
    endloop
  endfacet
  facet normal -0.500011 -0.866019 -0
    outer loop
      vertex 262.714 103.279 3
      vertex 259.25 105.279 0
      vertex 262.714 103.279 0
    endloop
  endfacet
  facet normal 1 -0 0
    outer loop
      vertex 255.786 99.279 3
      vertex 255.786 103.279 0
      vertex 255.786 103.279 3
    endloop
  endfacet
  facet normal 1 0 0
    outer loop
      vertex 255.786 103.279 0
      vertex 255.786 99.279 3
      vertex 255.786 99.279 0
    endloop
  endfacet
  facet normal 0.500011 0.866019 -0
    outer loop
      vertex 259.25 97.279 0
      vertex 255.786 99.279 3
      vertex 259.25 97.279 3
    endloop
  endfacet
  facet normal 0.500011 0.866019 0
    outer loop
      vertex 255.786 99.279 3
      vertex 259.25 97.279 0
      vertex 255.786 99.279 0
    endloop
  endfacet
  facet normal -0.500011 0.866019 0
    outer loop
      vertex 273.214 99.279 0
      vertex 269.75 97.279 3
      vertex 273.214 99.279 3
    endloop
  endfacet
  facet normal -0.500011 0.866019 0
    outer loop
      vertex 269.75 97.279 3
      vertex 273.214 99.279 0
      vertex 269.75 97.279 0
    endloop
  endfacet
  facet normal -1 0 0
    outer loop
      vertex 273.214 99.279 0
      vertex 273.214 103.279 3
      vertex 273.214 103.279 0
    endloop
  endfacet
  facet normal -1 -0 0
    outer loop
      vertex 273.214 103.279 3
      vertex 273.214 99.279 0
      vertex 273.214 99.279 3
    endloop
  endfacet
  facet normal 0.500011 -0.866019 0
    outer loop
      vertex 266.286 103.279 0
      vertex 269.75 105.279 3
      vertex 266.286 103.279 3
    endloop
  endfacet
  facet normal 0.500011 -0.866019 0
    outer loop
      vertex 269.75 105.279 3
      vertex 266.286 103.279 0
      vertex 269.75 105.279 0
    endloop
  endfacet
  facet normal -0.500011 -0.866019 0
    outer loop
      vertex 269.75 105.279 0
      vertex 273.214 103.279 3
      vertex 269.75 105.279 3
    endloop
  endfacet
  facet normal -0.500011 -0.866019 -0
    outer loop
      vertex 273.214 103.279 3
      vertex 269.75 105.279 0
      vertex 273.214 103.279 0
    endloop
  endfacet
  facet normal 1 -0 0
    outer loop
      vertex 266.286 99.279 3
      vertex 266.286 103.279 0
      vertex 266.286 103.279 3
    endloop
  endfacet
  facet normal 1 0 0
    outer loop
      vertex 266.286 103.279 0
      vertex 266.286 99.279 3
      vertex 266.286 99.279 0
    endloop
  endfacet
  facet normal 0.500011 0.866019 -0
    outer loop
      vertex 269.75 97.279 0
      vertex 266.286 99.279 3
      vertex 269.75 97.279 3
    endloop
  endfacet
  facet normal 0.500011 0.866019 0
    outer loop
      vertex 266.286 99.279 3
      vertex 269.75 97.279 0
      vertex 266.286 99.279 0
    endloop
  endfacet
  facet normal -0.500011 0.866019 0
    outer loop
      vertex 283.714 99.279 0
      vertex 280.25 97.279 3
      vertex 283.714 99.279 3
    endloop
  endfacet
  facet normal -0.500011 0.866019 0
    outer loop
      vertex 280.25 97.279 3
      vertex 283.714 99.279 0
      vertex 280.25 97.279 0
    endloop
  endfacet
  facet normal -1 0 0
    outer loop
      vertex 283.714 99.279 0
      vertex 283.714 103.279 3
      vertex 283.714 103.279 0
    endloop
  endfacet
  facet normal -1 -0 0
    outer loop
      vertex 283.714 103.279 3
      vertex 283.714 99.279 0
      vertex 283.714 99.279 3
    endloop
  endfacet
  facet normal 0.500011 -0.866019 0
    outer loop
      vertex 276.786 103.279 0
      vertex 280.25 105.279 3
      vertex 276.786 103.279 3
    endloop
  endfacet
  facet normal 0.500011 -0.866019 0
    outer loop
      vertex 280.25 105.279 3
      vertex 276.786 103.279 0
      vertex 280.25 105.279 0
    endloop
  endfacet
  facet normal -0.500011 -0.866019 0
    outer loop
      vertex 280.25 105.279 0
      vertex 283.714 103.279 3
      vertex 280.25 105.279 3
    endloop
  endfacet
  facet normal -0.500011 -0.866019 -0
    outer loop
      vertex 283.714 103.279 3
      vertex 280.25 105.279 0
      vertex 283.714 103.279 0
    endloop
  endfacet
  facet normal 1 -0 0
    outer loop
      vertex 276.786 99.279 3
      vertex 276.786 103.279 0
      vertex 276.786 103.279 3
    endloop
  endfacet
  facet normal 1 0 0
    outer loop
      vertex 276.786 103.279 0
      vertex 276.786 99.279 3
      vertex 276.786 99.279 0
    endloop
  endfacet
  facet normal 0.500011 0.866019 -0
    outer loop
      vertex 280.25 97.279 0
      vertex 276.786 99.279 3
      vertex 280.25 97.279 3
    endloop
  endfacet
  facet normal 0.500011 0.866019 0
    outer loop
      vertex 276.786 99.279 3
      vertex 280.25 97.279 0
      vertex 276.786 99.279 0
    endloop
  endfacet
  facet normal -0.500011 0.866019 0
    outer loop
      vertex 225.964 108.372 0
      vertex 222.5 106.372 3
      vertex 225.964 108.372 3
    endloop
  endfacet
  facet normal -0.500011 0.866019 0
    outer loop
      vertex 222.5 106.372 3
      vertex 225.964 108.372 0
      vertex 222.5 106.372 0
    endloop
  endfacet
  facet normal -1 0 0
    outer loop
      vertex 225.964 108.372 0
      vertex 225.964 112.372 3
      vertex 225.964 112.372 0
    endloop
  endfacet
  facet normal -1 -0 0
    outer loop
      vertex 225.964 112.372 3
      vertex 225.964 108.372 0
      vertex 225.964 108.372 3
    endloop
  endfacet
  facet normal 0.500011 -0.866019 0
    outer loop
      vertex 219.036 112.372 0
      vertex 222.5 114.372 3
      vertex 219.036 112.372 3
    endloop
  endfacet
  facet normal 0.500011 -0.866019 0
    outer loop
      vertex 222.5 114.372 3
      vertex 219.036 112.372 0
      vertex 222.5 114.372 0
    endloop
  endfacet
  facet normal -0.500011 -0.866019 0
    outer loop
      vertex 222.5 114.372 0
      vertex 225.964 112.372 3
      vertex 222.5 114.372 3
    endloop
  endfacet
  facet normal -0.500011 -0.866019 -0
    outer loop
      vertex 225.964 112.372 3
      vertex 222.5 114.372 0
      vertex 225.964 112.372 0
    endloop
  endfacet
  facet normal 1 -0 0
    outer loop
      vertex 219.036 108.372 3
      vertex 219.036 112.372 0
      vertex 219.036 112.372 3
    endloop
  endfacet
  facet normal 1 0 0
    outer loop
      vertex 219.036 112.372 0
      vertex 219.036 108.372 3
      vertex 219.036 108.372 0
    endloop
  endfacet
  facet normal 0.500011 0.866019 -0
    outer loop
      vertex 222.5 106.372 0
      vertex 219.036 108.372 3
      vertex 222.5 106.372 3
    endloop
  endfacet
  facet normal 0.500011 0.866019 0
    outer loop
      vertex 219.036 108.372 3
      vertex 222.5 106.372 0
      vertex 219.036 108.372 0
    endloop
  endfacet
  facet normal -0.500011 0.866019 0
    outer loop
      vertex 236.464 108.372 0
      vertex 233 106.372 3
      vertex 236.464 108.372 3
    endloop
  endfacet
  facet normal -0.500011 0.866019 0
    outer loop
      vertex 233 106.372 3
      vertex 236.464 108.372 0
      vertex 233 106.372 0
    endloop
  endfacet
  facet normal -1 0 0
    outer loop
      vertex 236.464 108.372 0
      vertex 236.464 112.372 3
      vertex 236.464 112.372 0
    endloop
  endfacet
  facet normal -1 -0 0
    outer loop
      vertex 236.464 112.372 3
      vertex 236.464 108.372 0
      vertex 236.464 108.372 3
    endloop
  endfacet
  facet normal 0.500011 -0.866019 0
    outer loop
      vertex 229.536 112.372 0
      vertex 233 114.372 3
      vertex 229.536 112.372 3
    endloop
  endfacet
  facet normal 0.500011 -0.866019 0
    outer loop
      vertex 233 114.372 3
      vertex 229.536 112.372 0
      vertex 233 114.372 0
    endloop
  endfacet
  facet normal -0.500011 -0.866019 0
    outer loop
      vertex 233 114.372 0
      vertex 236.464 112.372 3
      vertex 233 114.372 3
    endloop
  endfacet
  facet normal -0.500011 -0.866019 -0
    outer loop
      vertex 236.464 112.372 3
      vertex 233 114.372 0
      vertex 236.464 112.372 0
    endloop
  endfacet
  facet normal 1 -0 0
    outer loop
      vertex 229.536 108.372 3
      vertex 229.536 112.372 0
      vertex 229.536 112.372 3
    endloop
  endfacet
  facet normal 1 0 0
    outer loop
      vertex 229.536 112.372 0
      vertex 229.536 108.372 3
      vertex 229.536 108.372 0
    endloop
  endfacet
  facet normal 0.500011 0.866019 -0
    outer loop
      vertex 233 106.372 0
      vertex 229.536 108.372 3
      vertex 233 106.372 3
    endloop
  endfacet
  facet normal 0.500011 0.866019 0
    outer loop
      vertex 229.536 108.372 3
      vertex 233 106.372 0
      vertex 229.536 108.372 0
    endloop
  endfacet
  facet normal -0.500011 0.866019 0
    outer loop
      vertex 246.964 108.372 0
      vertex 243.5 106.372 3
      vertex 246.964 108.372 3
    endloop
  endfacet
  facet normal -0.500011 0.866019 0
    outer loop
      vertex 243.5 106.372 3
      vertex 246.964 108.372 0
      vertex 243.5 106.372 0
    endloop
  endfacet
  facet normal -1 0 0
    outer loop
      vertex 246.964 108.372 0
      vertex 246.964 112.372 3
      vertex 246.964 112.372 0
    endloop
  endfacet
  facet normal -1 -0 0
    outer loop
      vertex 246.964 112.372 3
      vertex 246.964 108.372 0
      vertex 246.964 108.372 3
    endloop
  endfacet
  facet normal 0.500011 -0.866019 0
    outer loop
      vertex 240.036 112.372 0
      vertex 243.5 114.372 3
      vertex 240.036 112.372 3
    endloop
  endfacet
  facet normal 0.500011 -0.866019 0
    outer loop
      vertex 243.5 114.372 3
      vertex 240.036 112.372 0
      vertex 243.5 114.372 0
    endloop
  endfacet
  facet normal -0.500011 -0.866019 0
    outer loop
      vertex 243.5 114.372 0
      vertex 246.964 112.372 3
      vertex 243.5 114.372 3
    endloop
  endfacet
  facet normal -0.500011 -0.866019 -0
    outer loop
      vertex 246.964 112.372 3
      vertex 243.5 114.372 0
      vertex 246.964 112.372 0
    endloop
  endfacet
  facet normal 1 -0 0
    outer loop
      vertex 240.036 108.372 3
      vertex 240.036 112.372 0
      vertex 240.036 112.372 3
    endloop
  endfacet
  facet normal 1 0 0
    outer loop
      vertex 240.036 112.372 0
      vertex 240.036 108.372 3
      vertex 240.036 108.372 0
    endloop
  endfacet
  facet normal 0.500011 0.866019 -0
    outer loop
      vertex 243.5 106.372 0
      vertex 240.036 108.372 3
      vertex 243.5 106.372 3
    endloop
  endfacet
  facet normal 0.500011 0.866019 0
    outer loop
      vertex 240.036 108.372 3
      vertex 243.5 106.372 0
      vertex 240.036 108.372 0
    endloop
  endfacet
  facet normal -0.500011 0.866019 0
    outer loop
      vertex 257.464 108.372 0
      vertex 254 106.372 3
      vertex 257.464 108.372 3
    endloop
  endfacet
  facet normal -0.500011 0.866019 0
    outer loop
      vertex 254 106.372 3
      vertex 257.464 108.372 0
      vertex 254 106.372 0
    endloop
  endfacet
  facet normal -1 0 0
    outer loop
      vertex 257.464 108.372 0
      vertex 257.464 112.372 3
      vertex 257.464 112.372 0
    endloop
  endfacet
  facet normal -1 -0 0
    outer loop
      vertex 257.464 112.372 3
      vertex 257.464 108.372 0
      vertex 257.464 108.372 3
    endloop
  endfacet
  facet normal 0.500011 -0.866019 0
    outer loop
      vertex 250.536 112.372 0
      vertex 254 114.372 3
      vertex 250.536 112.372 3
    endloop
  endfacet
  facet normal 0.500011 -0.866019 0
    outer loop
      vertex 254 114.372 3
      vertex 250.536 112.372 0
      vertex 254 114.372 0
    endloop
  endfacet
  facet normal -0.500011 -0.866019 0
    outer loop
      vertex 254 114.372 0
      vertex 257.464 112.372 3
      vertex 254 114.372 3
    endloop
  endfacet
  facet normal -0.500011 -0.866019 -0
    outer loop
      vertex 257.464 112.372 3
      vertex 254 114.372 0
      vertex 257.464 112.372 0
    endloop
  endfacet
  facet normal 1 -0 0
    outer loop
      vertex 250.536 108.372 3
      vertex 250.536 112.372 0
      vertex 250.536 112.372 3
    endloop
  endfacet
  facet normal 1 0 0
    outer loop
      vertex 250.536 112.372 0
      vertex 250.536 108.372 3
      vertex 250.536 108.372 0
    endloop
  endfacet
  facet normal 0.500011 0.866019 -0
    outer loop
      vertex 254 106.372 0
      vertex 250.536 108.372 3
      vertex 254 106.372 3
    endloop
  endfacet
  facet normal 0.500011 0.866019 0
    outer loop
      vertex 250.536 108.372 3
      vertex 254 106.372 0
      vertex 250.536 108.372 0
    endloop
  endfacet
  facet normal -0.500011 0.866019 0
    outer loop
      vertex 267.964 108.372 0
      vertex 264.5 106.372 3
      vertex 267.964 108.372 3
    endloop
  endfacet
  facet normal -0.500011 0.866019 0
    outer loop
      vertex 264.5 106.372 3
      vertex 267.964 108.372 0
      vertex 264.5 106.372 0
    endloop
  endfacet
  facet normal -1 0 0
    outer loop
      vertex 267.964 108.372 0
      vertex 267.964 112.372 3
      vertex 267.964 112.372 0
    endloop
  endfacet
  facet normal -1 -0 0
    outer loop
      vertex 267.964 112.372 3
      vertex 267.964 108.372 0
      vertex 267.964 108.372 3
    endloop
  endfacet
  facet normal 0.500011 -0.866019 0
    outer loop
      vertex 261.036 112.372 0
      vertex 264.5 114.372 3
      vertex 261.036 112.372 3
    endloop
  endfacet
  facet normal 0.500011 -0.866019 0
    outer loop
      vertex 264.5 114.372 3
      vertex 261.036 112.372 0
      vertex 264.5 114.372 0
    endloop
  endfacet
  facet normal -0.500011 -0.866019 0
    outer loop
      vertex 264.5 114.372 0
      vertex 267.964 112.372 3
      vertex 264.5 114.372 3
    endloop
  endfacet
  facet normal -0.500011 -0.866019 -0
    outer loop
      vertex 267.964 112.372 3
      vertex 264.5 114.372 0
      vertex 267.964 112.372 0
    endloop
  endfacet
  facet normal 1 -0 0
    outer loop
      vertex 261.036 108.372 3
      vertex 261.036 112.372 0
      vertex 261.036 112.372 3
    endloop
  endfacet
  facet normal 1 0 0
    outer loop
      vertex 261.036 112.372 0
      vertex 261.036 108.372 3
      vertex 261.036 108.372 0
    endloop
  endfacet
  facet normal 0.500011 0.866019 -0
    outer loop
      vertex 264.5 106.372 0
      vertex 261.036 108.372 3
      vertex 264.5 106.372 3
    endloop
  endfacet
  facet normal 0.500011 0.866019 0
    outer loop
      vertex 261.036 108.372 3
      vertex 264.5 106.372 0
      vertex 261.036 108.372 0
    endloop
  endfacet
  facet normal -0.500011 0.866019 0
    outer loop
      vertex 278.464 108.372 0
      vertex 275 106.372 3
      vertex 278.464 108.372 3
    endloop
  endfacet
  facet normal -0.500011 0.866019 0
    outer loop
      vertex 275 106.372 3
      vertex 278.464 108.372 0
      vertex 275 106.372 0
    endloop
  endfacet
  facet normal -1 0 0
    outer loop
      vertex 278.464 108.372 0
      vertex 278.464 112.372 3
      vertex 278.464 112.372 0
    endloop
  endfacet
  facet normal -1 -0 0
    outer loop
      vertex 278.464 112.372 3
      vertex 278.464 108.372 0
      vertex 278.464 108.372 3
    endloop
  endfacet
  facet normal 0.500011 -0.866019 0
    outer loop
      vertex 271.536 112.372 0
      vertex 275 114.372 3
      vertex 271.536 112.372 3
    endloop
  endfacet
  facet normal 0.500011 -0.866019 0
    outer loop
      vertex 275 114.372 3
      vertex 271.536 112.372 0
      vertex 275 114.372 0
    endloop
  endfacet
  facet normal -0.500011 -0.866019 0
    outer loop
      vertex 275 114.372 0
      vertex 278.464 112.372 3
      vertex 275 114.372 3
    endloop
  endfacet
  facet normal -0.500011 -0.866019 -0
    outer loop
      vertex 278.464 112.372 3
      vertex 275 114.372 0
      vertex 278.464 112.372 0
    endloop
  endfacet
  facet normal 1 -0 0
    outer loop
      vertex 271.536 108.372 3
      vertex 271.536 112.372 0
      vertex 271.536 112.372 3
    endloop
  endfacet
  facet normal 1 0 0
    outer loop
      vertex 271.536 112.372 0
      vertex 271.536 108.372 3
      vertex 271.536 108.372 0
    endloop
  endfacet
  facet normal 0.500011 0.866019 -0
    outer loop
      vertex 275 106.372 0
      vertex 271.536 108.372 3
      vertex 275 106.372 3
    endloop
  endfacet
  facet normal 0.500011 0.866019 0
    outer loop
      vertex 271.536 108.372 3
      vertex 275 106.372 0
      vertex 271.536 108.372 0
    endloop
  endfacet
  facet normal -0.500422 0.865782 0
    outer loop
      vertex 286 106.661 0
      vertex 285.5 106.372 3
      vertex 286 106.661 3
    endloop
  endfacet
  facet normal -0.500422 0.865782 0
    outer loop
      vertex 285.5 106.372 3
      vertex 286 106.661 0
      vertex 285.5 106.372 0
    endloop
  endfacet
  facet normal 0.500011 -0.866019 0
    outer loop
      vertex 282.036 112.372 0
      vertex 285.5 114.372 3
      vertex 282.036 112.372 3
    endloop
  endfacet
  facet normal 0.500011 -0.866019 0
    outer loop
      vertex 285.5 114.372 3
      vertex 282.036 112.372 0
      vertex 285.5 114.372 0
    endloop
  endfacet
  facet normal -0.500422 -0.865782 0
    outer loop
      vertex 285.5 114.372 0
      vertex 286 114.083 3
      vertex 285.5 114.372 3
    endloop
  endfacet
  facet normal -0.500422 -0.865782 -0
    outer loop
      vertex 286 114.083 3
      vertex 285.5 114.372 0
      vertex 286 114.083 0
    endloop
  endfacet
  facet normal 1 -0 0
    outer loop
      vertex 282.036 108.372 3
      vertex 282.036 112.372 0
      vertex 282.036 112.372 3
    endloop
  endfacet
  facet normal 1 0 0
    outer loop
      vertex 282.036 112.372 0
      vertex 282.036 108.372 3
      vertex 282.036 108.372 0
    endloop
  endfacet
  facet normal 0.500011 0.866019 -0
    outer loop
      vertex 285.5 106.372 0
      vertex 282.036 108.372 3
      vertex 285.5 106.372 3
    endloop
  endfacet
  facet normal 0.500011 0.866019 0
    outer loop
      vertex 282.036 108.372 3
      vertex 285.5 106.372 0
      vertex 282.036 108.372 0
    endloop
  endfacet
  facet normal -0.500011 0.866019 0
    outer loop
      vertex 220.714 117.465 0
      vertex 217.25 115.465 3
      vertex 220.714 117.465 3
    endloop
  endfacet
  facet normal -0.500011 0.866019 0
    outer loop
      vertex 217.25 115.465 3
      vertex 220.714 117.465 0
      vertex 217.25 115.465 0
    endloop
  endfacet
  facet normal -1 0 0
    outer loop
      vertex 220.714 117.465 0
      vertex 220.714 121.465 3
      vertex 220.714 121.465 0
    endloop
  endfacet
  facet normal -1 -0 0
    outer loop
      vertex 220.714 121.465 3
      vertex 220.714 117.465 0
      vertex 220.714 117.465 3
    endloop
  endfacet
  facet normal 0.500162 -0.865932 0
    outer loop
      vertex 216 122.743 0
      vertex 217.25 123.465 3
      vertex 216 122.743 3
    endloop
  endfacet
  facet normal 0.500162 -0.865932 0
    outer loop
      vertex 217.25 123.465 3
      vertex 216 122.743 0
      vertex 217.25 123.465 0
    endloop
  endfacet
  facet normal -0.500011 -0.866019 0
    outer loop
      vertex 217.25 123.465 0
      vertex 220.714 121.465 3
      vertex 217.25 123.465 3
    endloop
  endfacet
  facet normal -0.500011 -0.866019 -0
    outer loop
      vertex 220.714 121.465 3
      vertex 217.25 123.465 0
      vertex 220.714 121.465 0
    endloop
  endfacet
  facet normal 0.500162 0.865932 -0
    outer loop
      vertex 217.25 115.465 0
      vertex 216 116.187 3
      vertex 217.25 115.465 3
    endloop
  endfacet
  facet normal 0.500162 0.865932 0
    outer loop
      vertex 216 116.187 3
      vertex 217.25 115.465 0
      vertex 216 116.187 0
    endloop
  endfacet
  facet normal -0.500011 0.866019 0
    outer loop
      vertex 231.214 117.465 0
      vertex 227.75 115.465 3
      vertex 231.214 117.465 3
    endloop
  endfacet
  facet normal -0.500011 0.866019 0
    outer loop
      vertex 227.75 115.465 3
      vertex 231.214 117.465 0
      vertex 227.75 115.465 0
    endloop
  endfacet
  facet normal -1 0 0
    outer loop
      vertex 231.214 117.465 0
      vertex 231.214 121.465 3
      vertex 231.214 121.465 0
    endloop
  endfacet
  facet normal -1 -0 0
    outer loop
      vertex 231.214 121.465 3
      vertex 231.214 117.465 0
      vertex 231.214 117.465 3
    endloop
  endfacet
  facet normal 0.500011 -0.866019 0
    outer loop
      vertex 224.286 121.465 0
      vertex 227.75 123.465 3
      vertex 224.286 121.465 3
    endloop
  endfacet
  facet normal 0.500011 -0.866019 0
    outer loop
      vertex 227.75 123.465 3
      vertex 224.286 121.465 0
      vertex 227.75 123.465 0
    endloop
  endfacet
  facet normal -0.500011 -0.866019 0
    outer loop
      vertex 227.75 123.465 0
      vertex 231.214 121.465 3
      vertex 227.75 123.465 3
    endloop
  endfacet
  facet normal -0.500011 -0.866019 -0
    outer loop
      vertex 231.214 121.465 3
      vertex 227.75 123.465 0
      vertex 231.214 121.465 0
    endloop
  endfacet
  facet normal 1 -0 0
    outer loop
      vertex 224.286 117.465 3
      vertex 224.286 121.465 0
      vertex 224.286 121.465 3
    endloop
  endfacet
  facet normal 1 0 0
    outer loop
      vertex 224.286 121.465 0
      vertex 224.286 117.465 3
      vertex 224.286 117.465 0
    endloop
  endfacet
  facet normal 0.500011 0.866019 -0
    outer loop
      vertex 227.75 115.465 0
      vertex 224.286 117.465 3
      vertex 227.75 115.465 3
    endloop
  endfacet
  facet normal 0.500011 0.866019 0
    outer loop
      vertex 224.286 117.465 3
      vertex 227.75 115.465 0
      vertex 224.286 117.465 0
    endloop
  endfacet
  facet normal -0.500011 0.866019 0
    outer loop
      vertex 241.714 117.465 0
      vertex 238.25 115.465 3
      vertex 241.714 117.465 3
    endloop
  endfacet
  facet normal -0.500011 0.866019 0
    outer loop
      vertex 238.25 115.465 3
      vertex 241.714 117.465 0
      vertex 238.25 115.465 0
    endloop
  endfacet
  facet normal -1 0 0
    outer loop
      vertex 241.714 117.465 0
      vertex 241.714 121.465 3
      vertex 241.714 121.465 0
    endloop
  endfacet
  facet normal -1 -0 0
    outer loop
      vertex 241.714 121.465 3
      vertex 241.714 117.465 0
      vertex 241.714 117.465 3
    endloop
  endfacet
  facet normal 0.500011 -0.866019 0
    outer loop
      vertex 234.786 121.465 0
      vertex 238.25 123.465 3
      vertex 234.786 121.465 3
    endloop
  endfacet
  facet normal 0.500011 -0.866019 0
    outer loop
      vertex 238.25 123.465 3
      vertex 234.786 121.465 0
      vertex 238.25 123.465 0
    endloop
  endfacet
  facet normal -0.500011 -0.866019 0
    outer loop
      vertex 238.25 123.465 0
      vertex 241.714 121.465 3
      vertex 238.25 123.465 3
    endloop
  endfacet
  facet normal -0.500011 -0.866019 -0
    outer loop
      vertex 241.714 121.465 3
      vertex 238.25 123.465 0
      vertex 241.714 121.465 0
    endloop
  endfacet
  facet normal 1 -0 0
    outer loop
      vertex 234.786 117.465 3
      vertex 234.786 121.465 0
      vertex 234.786 121.465 3
    endloop
  endfacet
  facet normal 1 0 0
    outer loop
      vertex 234.786 121.465 0
      vertex 234.786 117.465 3
      vertex 234.786 117.465 0
    endloop
  endfacet
  facet normal 0.500011 0.866019 -0
    outer loop
      vertex 238.25 115.465 0
      vertex 234.786 117.465 3
      vertex 238.25 115.465 3
    endloop
  endfacet
  facet normal 0.500011 0.866019 0
    outer loop
      vertex 234.786 117.465 3
      vertex 238.25 115.465 0
      vertex 234.786 117.465 0
    endloop
  endfacet
  facet normal -0.500011 0.866019 0
    outer loop
      vertex 252.214 117.465 0
      vertex 248.75 115.465 3
      vertex 252.214 117.465 3
    endloop
  endfacet
  facet normal -0.500011 0.866019 0
    outer loop
      vertex 248.75 115.465 3
      vertex 252.214 117.465 0
      vertex 248.75 115.465 0
    endloop
  endfacet
  facet normal -1 0 0
    outer loop
      vertex 252.214 117.465 0
      vertex 252.214 121.465 3
      vertex 252.214 121.465 0
    endloop
  endfacet
  facet normal -1 -0 0
    outer loop
      vertex 252.214 121.465 3
      vertex 252.214 117.465 0
      vertex 252.214 117.465 3
    endloop
  endfacet
  facet normal 0.500011 -0.866019 0
    outer loop
      vertex 245.286 121.465 0
      vertex 248.75 123.465 3
      vertex 245.286 121.465 3
    endloop
  endfacet
  facet normal 0.500011 -0.866019 0
    outer loop
      vertex 248.75 123.465 3
      vertex 245.286 121.465 0
      vertex 248.75 123.465 0
    endloop
  endfacet
  facet normal -0.500011 -0.866019 0
    outer loop
      vertex 248.75 123.465 0
      vertex 252.214 121.465 3
      vertex 248.75 123.465 3
    endloop
  endfacet
  facet normal -0.500011 -0.866019 -0
    outer loop
      vertex 252.214 121.465 3
      vertex 248.75 123.465 0
      vertex 252.214 121.465 0
    endloop
  endfacet
  facet normal 1 -0 0
    outer loop
      vertex 245.286 117.465 3
      vertex 245.286 121.465 0
      vertex 245.286 121.465 3
    endloop
  endfacet
  facet normal 1 0 0
    outer loop
      vertex 245.286 121.465 0
      vertex 245.286 117.465 3
      vertex 245.286 117.465 0
    endloop
  endfacet
  facet normal 0.500011 0.866019 -0
    outer loop
      vertex 248.75 115.465 0
      vertex 245.286 117.465 3
      vertex 248.75 115.465 3
    endloop
  endfacet
  facet normal 0.500011 0.866019 0
    outer loop
      vertex 245.286 117.465 3
      vertex 248.75 115.465 0
      vertex 245.286 117.465 0
    endloop
  endfacet
  facet normal -0.500011 0.866019 0
    outer loop
      vertex 262.714 117.465 0
      vertex 259.25 115.465 3
      vertex 262.714 117.465 3
    endloop
  endfacet
  facet normal -0.500011 0.866019 0
    outer loop
      vertex 259.25 115.465 3
      vertex 262.714 117.465 0
      vertex 259.25 115.465 0
    endloop
  endfacet
  facet normal -1 0 0
    outer loop
      vertex 262.714 117.465 0
      vertex 262.714 121.465 3
      vertex 262.714 121.465 0
    endloop
  endfacet
  facet normal -1 -0 0
    outer loop
      vertex 262.714 121.465 3
      vertex 262.714 117.465 0
      vertex 262.714 117.465 3
    endloop
  endfacet
  facet normal 0.500011 -0.866019 0
    outer loop
      vertex 255.786 121.465 0
      vertex 259.25 123.465 3
      vertex 255.786 121.465 3
    endloop
  endfacet
  facet normal 0.500011 -0.866019 0
    outer loop
      vertex 259.25 123.465 3
      vertex 255.786 121.465 0
      vertex 259.25 123.465 0
    endloop
  endfacet
  facet normal -0.500011 -0.866019 0
    outer loop
      vertex 259.25 123.465 0
      vertex 262.714 121.465 3
      vertex 259.25 123.465 3
    endloop
  endfacet
  facet normal -0.500011 -0.866019 -0
    outer loop
      vertex 262.714 121.465 3
      vertex 259.25 123.465 0
      vertex 262.714 121.465 0
    endloop
  endfacet
  facet normal 1 -0 0
    outer loop
      vertex 255.786 117.465 3
      vertex 255.786 121.465 0
      vertex 255.786 121.465 3
    endloop
  endfacet
  facet normal 1 0 0
    outer loop
      vertex 255.786 121.465 0
      vertex 255.786 117.465 3
      vertex 255.786 117.465 0
    endloop
  endfacet
  facet normal 0.500011 0.866019 -0
    outer loop
      vertex 259.25 115.465 0
      vertex 255.786 117.465 3
      vertex 259.25 115.465 3
    endloop
  endfacet
  facet normal 0.500011 0.866019 0
    outer loop
      vertex 255.786 117.465 3
      vertex 259.25 115.465 0
      vertex 255.786 117.465 0
    endloop
  endfacet
  facet normal -0.500011 0.866019 0
    outer loop
      vertex 273.214 117.465 0
      vertex 269.75 115.465 3
      vertex 273.214 117.465 3
    endloop
  endfacet
  facet normal -0.500011 0.866019 0
    outer loop
      vertex 269.75 115.465 3
      vertex 273.214 117.465 0
      vertex 269.75 115.465 0
    endloop
  endfacet
  facet normal -1 0 0
    outer loop
      vertex 273.214 117.465 0
      vertex 273.214 121.465 3
      vertex 273.214 121.465 0
    endloop
  endfacet
  facet normal -1 -0 0
    outer loop
      vertex 273.214 121.465 3
      vertex 273.214 117.465 0
      vertex 273.214 117.465 3
    endloop
  endfacet
  facet normal 0.500011 -0.866019 0
    outer loop
      vertex 266.286 121.465 0
      vertex 269.75 123.465 3
      vertex 266.286 121.465 3
    endloop
  endfacet
  facet normal 0.500011 -0.866019 0
    outer loop
      vertex 269.75 123.465 3
      vertex 266.286 121.465 0
      vertex 269.75 123.465 0
    endloop
  endfacet
  facet normal -0.500011 -0.866019 0
    outer loop
      vertex 269.75 123.465 0
      vertex 273.214 121.465 3
      vertex 269.75 123.465 3
    endloop
  endfacet
  facet normal -0.500011 -0.866019 -0
    outer loop
      vertex 273.214 121.465 3
      vertex 269.75 123.465 0
      vertex 273.214 121.465 0
    endloop
  endfacet
  facet normal 1 -0 0
    outer loop
      vertex 266.286 117.465 3
      vertex 266.286 121.465 0
      vertex 266.286 121.465 3
    endloop
  endfacet
  facet normal 1 0 0
    outer loop
      vertex 266.286 121.465 0
      vertex 266.286 117.465 3
      vertex 266.286 117.465 0
    endloop
  endfacet
  facet normal 0.500011 0.866019 -0
    outer loop
      vertex 269.75 115.465 0
      vertex 266.286 117.465 3
      vertex 269.75 115.465 3
    endloop
  endfacet
  facet normal 0.500011 0.866019 0
    outer loop
      vertex 266.286 117.465 3
      vertex 269.75 115.465 0
      vertex 266.286 117.465 0
    endloop
  endfacet
  facet normal -0.500011 0.866019 0
    outer loop
      vertex 283.714 117.465 0
      vertex 280.25 115.465 3
      vertex 283.714 117.465 3
    endloop
  endfacet
  facet normal -0.500011 0.866019 0
    outer loop
      vertex 280.25 115.465 3
      vertex 283.714 117.465 0
      vertex 280.25 115.465 0
    endloop
  endfacet
  facet normal -1 0 0
    outer loop
      vertex 283.714 117.465 0
      vertex 283.714 121.465 3
      vertex 283.714 121.465 0
    endloop
  endfacet
  facet normal -1 -0 0
    outer loop
      vertex 283.714 121.465 3
      vertex 283.714 117.465 0
      vertex 283.714 117.465 3
    endloop
  endfacet
  facet normal 0.500011 -0.866019 0
    outer loop
      vertex 276.786 121.465 0
      vertex 280.25 123.465 3
      vertex 276.786 121.465 3
    endloop
  endfacet
  facet normal 0.500011 -0.866019 0
    outer loop
      vertex 280.25 123.465 3
      vertex 276.786 121.465 0
      vertex 280.25 123.465 0
    endloop
  endfacet
  facet normal -0.500011 -0.866019 0
    outer loop
      vertex 280.25 123.465 0
      vertex 283.714 121.465 3
      vertex 280.25 123.465 3
    endloop
  endfacet
  facet normal -0.500011 -0.866019 -0
    outer loop
      vertex 283.714 121.465 3
      vertex 280.25 123.465 0
      vertex 283.714 121.465 0
    endloop
  endfacet
  facet normal 1 -0 0
    outer loop
      vertex 276.786 117.465 3
      vertex 276.786 121.465 0
      vertex 276.786 121.465 3
    endloop
  endfacet
  facet normal 1 0 0
    outer loop
      vertex 276.786 121.465 0
      vertex 276.786 117.465 3
      vertex 276.786 117.465 0
    endloop
  endfacet
  facet normal 0.500011 0.866019 -0
    outer loop
      vertex 280.25 115.465 0
      vertex 276.786 117.465 3
      vertex 280.25 115.465 3
    endloop
  endfacet
  facet normal 0.500011 0.866019 0
    outer loop
      vertex 276.786 117.465 3
      vertex 280.25 115.465 0
      vertex 276.786 117.465 0
    endloop
  endfacet
  facet normal -0.500011 0.866019 0
    outer loop
      vertex 225.964 126.558 0
      vertex 222.5 124.558 3
      vertex 225.964 126.558 3
    endloop
  endfacet
  facet normal -0.500011 0.866019 0
    outer loop
      vertex 222.5 124.558 3
      vertex 225.964 126.558 0
      vertex 222.5 124.558 0
    endloop
  endfacet
  facet normal -1 0 0
    outer loop
      vertex 225.964 126.558 0
      vertex 225.964 130.558 3
      vertex 225.964 130.558 0
    endloop
  endfacet
  facet normal -1 -0 0
    outer loop
      vertex 225.964 130.558 3
      vertex 225.964 126.558 0
      vertex 225.964 126.558 3
    endloop
  endfacet
  facet normal 0.500011 -0.866019 0
    outer loop
      vertex 219.036 130.558 0
      vertex 222.5 132.558 3
      vertex 219.036 130.558 3
    endloop
  endfacet
  facet normal 0.500011 -0.866019 0
    outer loop
      vertex 222.5 132.558 3
      vertex 219.036 130.558 0
      vertex 222.5 132.558 0
    endloop
  endfacet
  facet normal -0.500011 -0.866019 0
    outer loop
      vertex 222.5 132.558 0
      vertex 225.964 130.558 3
      vertex 222.5 132.558 3
    endloop
  endfacet
  facet normal -0.500011 -0.866019 -0
    outer loop
      vertex 225.964 130.558 3
      vertex 222.5 132.558 0
      vertex 225.964 130.558 0
    endloop
  endfacet
  facet normal 1 -0 0
    outer loop
      vertex 219.036 126.558 3
      vertex 219.036 130.558 0
      vertex 219.036 130.558 3
    endloop
  endfacet
  facet normal 1 0 0
    outer loop
      vertex 219.036 130.558 0
      vertex 219.036 126.558 3
      vertex 219.036 126.558 0
    endloop
  endfacet
  facet normal 0.500011 0.866019 -0
    outer loop
      vertex 222.5 124.558 0
      vertex 219.036 126.558 3
      vertex 222.5 124.558 3
    endloop
  endfacet
  facet normal 0.500011 0.866019 0
    outer loop
      vertex 219.036 126.558 3
      vertex 222.5 124.558 0
      vertex 219.036 126.558 0
    endloop
  endfacet
  facet normal -0.500011 0.866019 0
    outer loop
      vertex 236.464 126.558 0
      vertex 233 124.558 3
      vertex 236.464 126.558 3
    endloop
  endfacet
  facet normal -0.500011 0.866019 0
    outer loop
      vertex 233 124.558 3
      vertex 236.464 126.558 0
      vertex 233 124.558 0
    endloop
  endfacet
  facet normal -1 0 0
    outer loop
      vertex 236.464 126.558 0
      vertex 236.464 130.558 3
      vertex 236.464 130.558 0
    endloop
  endfacet
  facet normal -1 -0 0
    outer loop
      vertex 236.464 130.558 3
      vertex 236.464 126.558 0
      vertex 236.464 126.558 3
    endloop
  endfacet
  facet normal 0.500011 -0.866019 0
    outer loop
      vertex 229.536 130.558 0
      vertex 233 132.558 3
      vertex 229.536 130.558 3
    endloop
  endfacet
  facet normal 0.500011 -0.866019 0
    outer loop
      vertex 233 132.558 3
      vertex 229.536 130.558 0
      vertex 233 132.558 0
    endloop
  endfacet
  facet normal -0.500011 -0.866019 0
    outer loop
      vertex 233 132.558 0
      vertex 236.464 130.558 3
      vertex 233 132.558 3
    endloop
  endfacet
  facet normal -0.500011 -0.866019 -0
    outer loop
      vertex 236.464 130.558 3
      vertex 233 132.558 0
      vertex 236.464 130.558 0
    endloop
  endfacet
  facet normal 1 -0 0
    outer loop
      vertex 229.536 126.558 3
      vertex 229.536 130.558 0
      vertex 229.536 130.558 3
    endloop
  endfacet
  facet normal 1 0 0
    outer loop
      vertex 229.536 130.558 0
      vertex 229.536 126.558 3
      vertex 229.536 126.558 0
    endloop
  endfacet
  facet normal 0.500011 0.866019 -0
    outer loop
      vertex 233 124.558 0
      vertex 229.536 126.558 3
      vertex 233 124.558 3
    endloop
  endfacet
  facet normal 0.500011 0.866019 0
    outer loop
      vertex 229.536 126.558 3
      vertex 233 124.558 0
      vertex 229.536 126.558 0
    endloop
  endfacet
  facet normal -0.500011 0.866019 0
    outer loop
      vertex 246.964 126.558 0
      vertex 243.5 124.558 3
      vertex 246.964 126.558 3
    endloop
  endfacet
  facet normal -0.500011 0.866019 0
    outer loop
      vertex 243.5 124.558 3
      vertex 246.964 126.558 0
      vertex 243.5 124.558 0
    endloop
  endfacet
  facet normal -1 0 0
    outer loop
      vertex 246.964 126.558 0
      vertex 246.964 130.558 3
      vertex 246.964 130.558 0
    endloop
  endfacet
  facet normal -1 -0 0
    outer loop
      vertex 246.964 130.558 3
      vertex 246.964 126.558 0
      vertex 246.964 126.558 3
    endloop
  endfacet
  facet normal 0.500011 -0.866019 0
    outer loop
      vertex 240.036 130.558 0
      vertex 243.5 132.558 3
      vertex 240.036 130.558 3
    endloop
  endfacet
  facet normal 0.500011 -0.866019 0
    outer loop
      vertex 243.5 132.558 3
      vertex 240.036 130.558 0
      vertex 243.5 132.558 0
    endloop
  endfacet
  facet normal -0.500011 -0.866019 0
    outer loop
      vertex 243.5 132.558 0
      vertex 246.964 130.558 3
      vertex 243.5 132.558 3
    endloop
  endfacet
  facet normal -0.500011 -0.866019 -0
    outer loop
      vertex 246.964 130.558 3
      vertex 243.5 132.558 0
      vertex 246.964 130.558 0
    endloop
  endfacet
  facet normal 1 -0 0
    outer loop
      vertex 240.036 126.558 3
      vertex 240.036 130.558 0
      vertex 240.036 130.558 3
    endloop
  endfacet
  facet normal 1 0 0
    outer loop
      vertex 240.036 130.558 0
      vertex 240.036 126.558 3
      vertex 240.036 126.558 0
    endloop
  endfacet
  facet normal 0.500011 0.866019 -0
    outer loop
      vertex 243.5 124.558 0
      vertex 240.036 126.558 3
      vertex 243.5 124.558 3
    endloop
  endfacet
  facet normal 0.500011 0.866019 0
    outer loop
      vertex 240.036 126.558 3
      vertex 243.5 124.558 0
      vertex 240.036 126.558 0
    endloop
  endfacet
  facet normal -0.500011 0.866019 0
    outer loop
      vertex 257.464 126.558 0
      vertex 254 124.558 3
      vertex 257.464 126.558 3
    endloop
  endfacet
  facet normal -0.500011 0.866019 0
    outer loop
      vertex 254 124.558 3
      vertex 257.464 126.558 0
      vertex 254 124.558 0
    endloop
  endfacet
  facet normal -1 0 0
    outer loop
      vertex 257.464 126.558 0
      vertex 257.464 130.558 3
      vertex 257.464 130.558 0
    endloop
  endfacet
  facet normal -1 -0 0
    outer loop
      vertex 257.464 130.558 3
      vertex 257.464 126.558 0
      vertex 257.464 126.558 3
    endloop
  endfacet
  facet normal 0.500011 -0.866019 0
    outer loop
      vertex 250.536 130.558 0
      vertex 254 132.558 3
      vertex 250.536 130.558 3
    endloop
  endfacet
  facet normal 0.500011 -0.866019 0
    outer loop
      vertex 254 132.558 3
      vertex 250.536 130.558 0
      vertex 254 132.558 0
    endloop
  endfacet
  facet normal -0.500011 -0.866019 0
    outer loop
      vertex 254 132.558 0
      vertex 257.464 130.558 3
      vertex 254 132.558 3
    endloop
  endfacet
  facet normal -0.500011 -0.866019 -0
    outer loop
      vertex 257.464 130.558 3
      vertex 254 132.558 0
      vertex 257.464 130.558 0
    endloop
  endfacet
  facet normal 1 -0 0
    outer loop
      vertex 250.536 126.558 3
      vertex 250.536 130.558 0
      vertex 250.536 130.558 3
    endloop
  endfacet
  facet normal 1 0 0
    outer loop
      vertex 250.536 130.558 0
      vertex 250.536 126.558 3
      vertex 250.536 126.558 0
    endloop
  endfacet
  facet normal 0.500011 0.866019 -0
    outer loop
      vertex 254 124.558 0
      vertex 250.536 126.558 3
      vertex 254 124.558 3
    endloop
  endfacet
  facet normal 0.500011 0.866019 0
    outer loop
      vertex 250.536 126.558 3
      vertex 254 124.558 0
      vertex 250.536 126.558 0
    endloop
  endfacet
  facet normal -0.500011 0.866019 0
    outer loop
      vertex 267.964 126.558 0
      vertex 264.5 124.558 3
      vertex 267.964 126.558 3
    endloop
  endfacet
  facet normal -0.500011 0.866019 0
    outer loop
      vertex 264.5 124.558 3
      vertex 267.964 126.558 0
      vertex 264.5 124.558 0
    endloop
  endfacet
  facet normal -1 0 0
    outer loop
      vertex 267.964 126.558 0
      vertex 267.964 130.558 3
      vertex 267.964 130.558 0
    endloop
  endfacet
  facet normal -1 -0 0
    outer loop
      vertex 267.964 130.558 3
      vertex 267.964 126.558 0
      vertex 267.964 126.558 3
    endloop
  endfacet
  facet normal 0.500011 -0.866019 0
    outer loop
      vertex 261.036 130.558 0
      vertex 264.5 132.558 3
      vertex 261.036 130.558 3
    endloop
  endfacet
  facet normal 0.500011 -0.866019 0
    outer loop
      vertex 264.5 132.558 3
      vertex 261.036 130.558 0
      vertex 264.5 132.558 0
    endloop
  endfacet
  facet normal -0.500011 -0.866019 0
    outer loop
      vertex 264.5 132.558 0
      vertex 267.964 130.558 3
      vertex 264.5 132.558 3
    endloop
  endfacet
  facet normal -0.500011 -0.866019 -0
    outer loop
      vertex 267.964 130.558 3
      vertex 264.5 132.558 0
      vertex 267.964 130.558 0
    endloop
  endfacet
  facet normal 1 -0 0
    outer loop
      vertex 261.036 126.558 3
      vertex 261.036 130.558 0
      vertex 261.036 130.558 3
    endloop
  endfacet
  facet normal 1 0 0
    outer loop
      vertex 261.036 130.558 0
      vertex 261.036 126.558 3
      vertex 261.036 126.558 0
    endloop
  endfacet
  facet normal 0.500011 0.866019 -0
    outer loop
      vertex 264.5 124.558 0
      vertex 261.036 126.558 3
      vertex 264.5 124.558 3
    endloop
  endfacet
  facet normal 0.500011 0.866019 0
    outer loop
      vertex 261.036 126.558 3
      vertex 264.5 124.558 0
      vertex 261.036 126.558 0
    endloop
  endfacet
  facet normal -0.499785 0.86615 0
    outer loop
      vertex 278.464 126.558 2.95
      vertex 278.464 126.558 0
      vertex 276.854 125.629 2.95
    endloop
  endfacet
  facet normal -0.500208 0.865906 0
    outer loop
      vertex 276.854 125.629 2.95
      vertex 275 124.558 3
      vertex 276.854 125.629 3
    endloop
  endfacet
  facet normal -0.500011 0.866019 -0.000164749
    outer loop
      vertex 275 124.558 0
      vertex 276.854 125.629 2.95
      vertex 278.464 126.558 0
    endloop
  endfacet
  facet normal -0.500208 0.865906 0
    outer loop
      vertex 276.854 125.629 2.95
      vertex 275 124.558 0
      vertex 275 124.558 3
    endloop
  endfacet
  facet normal -1 0 0
    outer loop
      vertex 278.464 126.558 0
      vertex 278.464 130.558 2.95
      vertex 278.464 130.558 0
    endloop
  endfacet
  facet normal -1 -0 0
    outer loop
      vertex 278.464 130.558 2.95
      vertex 278.464 126.558 0
      vertex 278.464 126.558 2.95
    endloop
  endfacet
  facet normal 0.500011 -0.866019 0
    outer loop
      vertex 271.536 130.558 0
      vertex 275 132.558 3
      vertex 271.536 130.558 3
    endloop
  endfacet
  facet normal 0.500011 -0.866019 0
    outer loop
      vertex 275 132.558 3
      vertex 271.536 130.558 0
      vertex 275 132.558 0
    endloop
  endfacet
  facet normal -0.500074 -0.865982 0
    outer loop
      vertex 275 132.558 3
      vertex 276.207 131.861 2.95
      vertex 276.207 131.861 3
    endloop
  endfacet
  facet normal -0.500074 -0.865982 0
    outer loop
      vertex 275 132.558 0
      vertex 276.207 131.861 2.95
      vertex 275 132.558 3
    endloop
  endfacet
  facet normal -0.500011 -0.866019 -3.4577e-05
    outer loop
      vertex 278.464 130.558 0
      vertex 276.207 131.861 2.95
      vertex 275 132.558 0
    endloop
  endfacet
  facet normal -0.499977 -0.866039 0
    outer loop
      vertex 276.207 131.861 2.95
      vertex 278.464 130.558 0
      vertex 278.464 130.558 2.95
    endloop
  endfacet
  facet normal 1 -0 0
    outer loop
      vertex 271.536 126.558 3
      vertex 271.536 130.558 0
      vertex 271.536 130.558 3
    endloop
  endfacet
  facet normal 1 0 0
    outer loop
      vertex 271.536 130.558 0
      vertex 271.536 126.558 3
      vertex 271.536 126.558 0
    endloop
  endfacet
  facet normal 0.500011 0.866019 -0
    outer loop
      vertex 275 124.558 0
      vertex 271.536 126.558 3
      vertex 275 124.558 3
    endloop
  endfacet
  facet normal 0.500011 0.866019 0
    outer loop
      vertex 271.536 126.558 3
      vertex 275 124.558 0
      vertex 271.536 126.558 0
    endloop
  endfacet
  facet normal -0.500422 0.865782 0
    outer loop
      vertex 286 124.847 0
      vertex 285.5 124.558 3
      vertex 286 124.847 3
    endloop
  endfacet
  facet normal -0.500422 0.865782 0
    outer loop
      vertex 285.5 124.558 3
      vertex 286 124.847 0
      vertex 285.5 124.558 0
    endloop
  endfacet
  facet normal 0.499821 -0.866129 0
    outer loop
      vertex 282.036 130.558 2.95
      vertex 282.036 130.558 0
      vertex 282.542 130.85 2.95
    endloop
  endfacet
  facet normal 0.500043 -0.866 0
    outer loop
      vertex 282.542 130.85 2.95
      vertex 285.5 132.558 3
      vertex 282.542 130.85 3
    endloop
  endfacet
  facet normal 0.500011 -0.866019 -4.33908e-05
    outer loop
      vertex 285.5 132.558 0
      vertex 282.542 130.85 2.95
      vertex 282.036 130.558 0
    endloop
  endfacet
  facet normal 0.500043 -0.866 0
    outer loop
      vertex 282.542 130.85 2.95
      vertex 285.5 132.558 0
      vertex 285.5 132.558 3
    endloop
  endfacet
  facet normal -0.500422 -0.865782 0
    outer loop
      vertex 285.5 132.558 0
      vertex 286 132.269 3
      vertex 285.5 132.558 3
    endloop
  endfacet
  facet normal -0.500422 -0.865782 -0
    outer loop
      vertex 286 132.269 3
      vertex 285.5 132.558 0
      vertex 286 132.269 0
    endloop
  endfacet
  facet normal 1 -0 0
    outer loop
      vertex 282.036 126.558 2.95
      vertex 282.036 130.558 0
      vertex 282.036 130.558 2.95
    endloop
  endfacet
  facet normal 1 0 0
    outer loop
      vertex 282.036 130.558 0
      vertex 282.036 126.558 2.95
      vertex 282.036 126.558 0
    endloop
  endfacet
  facet normal 0.499974 0.86604 0
    outer loop
      vertex 285.5 124.558 3
      vertex 282.124 126.507 2.95
      vertex 282.124 126.507 3
    endloop
  endfacet
  facet normal 0.499974 0.86604 -0
    outer loop
      vertex 285.5 124.558 0
      vertex 282.124 126.507 2.95
      vertex 285.5 124.558 3
    endloop
  endfacet
  facet normal 0.500011 0.866019 5.62724e-05
    outer loop
      vertex 282.036 126.558 0
      vertex 282.124 126.507 2.95
      vertex 285.5 124.558 0
    endloop
  endfacet
  facet normal 0.501424 0.865202 0
    outer loop
      vertex 282.124 126.507 2.95
      vertex 282.036 126.558 0
      vertex 282.036 126.558 2.95
    endloop
  endfacet
  facet normal -0.500011 0.866019 0
    outer loop
      vertex 220.714 135.651 0
      vertex 217.25 133.651 3
      vertex 220.714 135.651 3
    endloop
  endfacet
  facet normal -0.500011 0.866019 0
    outer loop
      vertex 217.25 133.651 3
      vertex 220.714 135.651 0
      vertex 217.25 133.651 0
    endloop
  endfacet
  facet normal -1 0 0
    outer loop
      vertex 220.714 135.651 0
      vertex 220.714 136 3
      vertex 220.714 136 0
    endloop
  endfacet
  facet normal -1 -0 0
    outer loop
      vertex 220.714 136 3
      vertex 220.714 135.651 0
      vertex 220.714 135.651 3
    endloop
  endfacet
  facet normal 0.500162 0.865932 -0
    outer loop
      vertex 217.25 133.651 0
      vertex 216 134.373 3
      vertex 217.25 133.651 3
    endloop
  endfacet
  facet normal 0.500162 0.865932 0
    outer loop
      vertex 216 134.373 3
      vertex 217.25 133.651 0
      vertex 216 134.373 0
    endloop
  endfacet
  facet normal -0.500011 0.866019 0
    outer loop
      vertex 231.214 135.651 0
      vertex 227.75 133.651 3
      vertex 231.214 135.651 3
    endloop
  endfacet
  facet normal -0.500011 0.866019 0
    outer loop
      vertex 227.75 133.651 3
      vertex 231.214 135.651 0
      vertex 227.75 133.651 0
    endloop
  endfacet
  facet normal -1 0 0
    outer loop
      vertex 231.214 135.651 0
      vertex 231.214 136 3
      vertex 231.214 136 0
    endloop
  endfacet
  facet normal -1 -0 0
    outer loop
      vertex 231.214 136 3
      vertex 231.214 135.651 0
      vertex 231.214 135.651 3
    endloop
  endfacet
  facet normal 1 -0 0
    outer loop
      vertex 224.286 135.651 3
      vertex 224.286 136 0
      vertex 224.286 136 3
    endloop
  endfacet
  facet normal 1 0 0
    outer loop
      vertex 224.286 136 0
      vertex 224.286 135.651 3
      vertex 224.286 135.651 0
    endloop
  endfacet
  facet normal 0.500011 0.866019 -0
    outer loop
      vertex 227.75 133.651 0
      vertex 224.286 135.651 3
      vertex 227.75 133.651 3
    endloop
  endfacet
  facet normal 0.500011 0.866019 0
    outer loop
      vertex 224.286 135.651 3
      vertex 227.75 133.651 0
      vertex 224.286 135.651 0
    endloop
  endfacet
  facet normal -0.500011 0.866019 0
    outer loop
      vertex 241.714 135.651 0
      vertex 238.25 133.651 3
      vertex 241.714 135.651 3
    endloop
  endfacet
  facet normal -0.500011 0.866019 0
    outer loop
      vertex 238.25 133.651 3
      vertex 241.714 135.651 0
      vertex 238.25 133.651 0
    endloop
  endfacet
  facet normal -1 0 0
    outer loop
      vertex 241.714 135.651 0
      vertex 241.714 136 3
      vertex 241.714 136 0
    endloop
  endfacet
  facet normal -1 -0 0
    outer loop
      vertex 241.714 136 3
      vertex 241.714 135.651 0
      vertex 241.714 135.651 3
    endloop
  endfacet
  facet normal 1 -0 0
    outer loop
      vertex 234.786 135.651 3
      vertex 234.786 136 0
      vertex 234.786 136 3
    endloop
  endfacet
  facet normal 1 0 0
    outer loop
      vertex 234.786 136 0
      vertex 234.786 135.651 3
      vertex 234.786 135.651 0
    endloop
  endfacet
  facet normal 0.500011 0.866019 -0
    outer loop
      vertex 238.25 133.651 0
      vertex 234.786 135.651 3
      vertex 238.25 133.651 3
    endloop
  endfacet
  facet normal 0.500011 0.866019 0
    outer loop
      vertex 234.786 135.651 3
      vertex 238.25 133.651 0
      vertex 234.786 135.651 0
    endloop
  endfacet
  facet normal -0.500011 0.866019 0
    outer loop
      vertex 252.214 135.651 0
      vertex 248.75 133.651 3
      vertex 252.214 135.651 3
    endloop
  endfacet
  facet normal -0.500011 0.866019 0
    outer loop
      vertex 248.75 133.651 3
      vertex 252.214 135.651 0
      vertex 248.75 133.651 0
    endloop
  endfacet
  facet normal -1 0 0
    outer loop
      vertex 252.214 135.651 0
      vertex 252.214 136 3
      vertex 252.214 136 0
    endloop
  endfacet
  facet normal -1 -0 0
    outer loop
      vertex 252.214 136 3
      vertex 252.214 135.651 0
      vertex 252.214 135.651 3
    endloop
  endfacet
  facet normal 1 -0 0
    outer loop
      vertex 245.286 135.651 3
      vertex 245.286 136 0
      vertex 245.286 136 3
    endloop
  endfacet
  facet normal 1 0 0
    outer loop
      vertex 245.286 136 0
      vertex 245.286 135.651 3
      vertex 245.286 135.651 0
    endloop
  endfacet
  facet normal 0.500011 0.866019 -0
    outer loop
      vertex 248.75 133.651 0
      vertex 245.286 135.651 3
      vertex 248.75 133.651 3
    endloop
  endfacet
  facet normal 0.500011 0.866019 0
    outer loop
      vertex 245.286 135.651 3
      vertex 248.75 133.651 0
      vertex 245.286 135.651 0
    endloop
  endfacet
  facet normal -0.500011 0.866019 0
    outer loop
      vertex 262.714 135.651 0
      vertex 259.25 133.651 3
      vertex 262.714 135.651 3
    endloop
  endfacet
  facet normal -0.500011 0.866019 0
    outer loop
      vertex 259.25 133.651 3
      vertex 262.714 135.651 0
      vertex 259.25 133.651 0
    endloop
  endfacet
  facet normal -1 0 0
    outer loop
      vertex 262.714 135.651 0
      vertex 262.714 136 3
      vertex 262.714 136 0
    endloop
  endfacet
  facet normal -1 -0 0
    outer loop
      vertex 262.714 136 3
      vertex 262.714 135.651 0
      vertex 262.714 135.651 3
    endloop
  endfacet
  facet normal 1 -0 0
    outer loop
      vertex 255.786 135.651 3
      vertex 255.786 136 0
      vertex 255.786 136 3
    endloop
  endfacet
  facet normal 1 0 0
    outer loop
      vertex 255.786 136 0
      vertex 255.786 135.651 3
      vertex 255.786 135.651 0
    endloop
  endfacet
  facet normal 0.500011 0.866019 -0
    outer loop
      vertex 259.25 133.651 0
      vertex 255.786 135.651 3
      vertex 259.25 133.651 3
    endloop
  endfacet
  facet normal 0.500011 0.866019 0
    outer loop
      vertex 255.786 135.651 3
      vertex 259.25 133.651 0
      vertex 255.786 135.651 0
    endloop
  endfacet
  facet normal -0.500011 0.866019 0
    outer loop
      vertex 273.214 135.651 0
      vertex 269.75 133.651 3
      vertex 273.214 135.651 3
    endloop
  endfacet
  facet normal -0.500011 0.866019 0
    outer loop
      vertex 269.75 133.651 3
      vertex 273.214 135.651 0
      vertex 269.75 133.651 0
    endloop
  endfacet
  facet normal -1 0 0
    outer loop
      vertex 273.214 135.651 0
      vertex 273.214 136 3
      vertex 273.214 136 0
    endloop
  endfacet
  facet normal -1 -0 0
    outer loop
      vertex 273.214 136 3
      vertex 273.214 135.651 0
      vertex 273.214 135.651 3
    endloop
  endfacet
  facet normal 1 -0 0
    outer loop
      vertex 266.286 135.651 3
      vertex 266.286 136 0
      vertex 266.286 136 3
    endloop
  endfacet
  facet normal 1 0 0
    outer loop
      vertex 266.286 136 0
      vertex 266.286 135.651 3
      vertex 266.286 135.651 0
    endloop
  endfacet
  facet normal 0.500011 0.866019 -0
    outer loop
      vertex 269.75 133.651 0
      vertex 266.286 135.651 3
      vertex 269.75 133.651 3
    endloop
  endfacet
  facet normal 0.500011 0.866019 0
    outer loop
      vertex 266.286 135.651 3
      vertex 269.75 133.651 0
      vertex 266.286 135.651 0
    endloop
  endfacet
  facet normal -0.500011 0.866019 0
    outer loop
      vertex 283.714 135.651 0
      vertex 280.25 133.651 3
      vertex 283.714 135.651 3
    endloop
  endfacet
  facet normal -0.500011 0.866019 0
    outer loop
      vertex 280.25 133.651 3
      vertex 283.714 135.651 0
      vertex 280.25 133.651 0
    endloop
  endfacet
  facet normal -1 0 0
    outer loop
      vertex 283.714 135.651 0
      vertex 283.714 136 3
      vertex 283.714 136 0
    endloop
  endfacet
  facet normal -1 -0 0
    outer loop
      vertex 283.714 136 3
      vertex 283.714 135.651 0
      vertex 283.714 135.651 3
    endloop
  endfacet
  facet normal 1 -0 0
    outer loop
      vertex 276.786 135.651 3
      vertex 276.786 136 0
      vertex 276.786 136 3
    endloop
  endfacet
  facet normal 1 0 0
    outer loop
      vertex 276.786 136 0
      vertex 276.786 135.651 3
      vertex 276.786 135.651 0
    endloop
  endfacet
  facet normal 0.500011 0.866019 -0
    outer loop
      vertex 280.25 133.651 0
      vertex 276.786 135.651 3
      vertex 280.25 133.651 3
    endloop
  endfacet
  facet normal 0.500011 0.866019 0
    outer loop
      vertex 276.786 135.651 3
      vertex 280.25 133.651 0
      vertex 276.786 135.651 0
    endloop
  endfacet
  facet normal -1 0 0
    outer loop
      vertex 286 33.9167 0
      vertex 286 41.3393 3
      vertex 286 41.3393 0
    endloop
  endfacet
  facet normal -1 -0 0
    outer loop
      vertex 286 41.3393 3
      vertex 286 33.9167 0
      vertex 286 33.9167 3
    endloop
  endfacet
  facet normal -1 0 0
    outer loop
      vertex 286 15.7307 0
      vertex 286 23.1533 3
      vertex 286 23.1533 0
    endloop
  endfacet
  facet normal -1 -0 0
    outer loop
      vertex 286 23.1533 3
      vertex 286 15.7307 0
      vertex 286 15.7307 3
    endloop
  endfacet
  facet normal -1 0 0
    outer loop
      vertex 286 88.4747 0
      vertex 286 95.8973 3
      vertex 286 95.8973 0
    endloop
  endfacet
  facet normal -1 -0 0
    outer loop
      vertex 286 95.8973 3
      vertex 286 88.4747 0
      vertex 286 88.4747 3
    endloop
  endfacet
  facet normal -1 0 0
    outer loop
      vertex 286 52.1027 0
      vertex 286 59.5253 3
      vertex 286 59.5253 0
    endloop
  endfacet
  facet normal -1 -0 0
    outer loop
      vertex 286 59.5253 3
      vertex 286 52.1027 0
      vertex 286 52.1027 3
    endloop
  endfacet
  facet normal -1 0 0
    outer loop
      vertex 286 124.847 0
      vertex 286 132.269 3
      vertex 286 132.269 0
    endloop
  endfacet
  facet normal -1 -0 0
    outer loop
      vertex 286 132.269 3
      vertex 286 124.847 0
      vertex 286 124.847 3
    endloop
  endfacet
  facet normal -1 0 0
    outer loop
      vertex 286 106.661 0
      vertex 286 114.083 3
      vertex 286 114.083 0
    endloop
  endfacet
  facet normal -1 -0 0
    outer loop
      vertex 286 114.083 3
      vertex 286 106.661 0
      vertex 286 106.661 3
    endloop
  endfacet
  facet normal -1 0 0
    outer loop
      vertex 286 70.2887 0
      vertex 286 77.7113 3
      vertex 286 77.7113 0
    endloop
  endfacet
  facet normal -1 -0 0
    outer loop
      vertex 286 77.7113 3
      vertex 286 70.2887 0
      vertex 286 70.2887 3
    endloop
  endfacet
  facet normal 0 -1 0
    outer loop
      vertex 216 136 0
      vertex 220.714 136 3
      vertex 216 136 3
    endloop
  endfacet
  facet normal 0 -1 -0
    outer loop
      vertex 220.714 136 3
      vertex 216 136 0
      vertex 220.714 136 0
    endloop
  endfacet
  facet normal 0 -1 0
    outer loop
      vertex 224.286 136 0
      vertex 231.214 136 3
      vertex 224.286 136 3
    endloop
  endfacet
  facet normal 0 -1 -0
    outer loop
      vertex 231.214 136 3
      vertex 224.286 136 0
      vertex 231.214 136 0
    endloop
  endfacet
  facet normal 0 -1 0
    outer loop
      vertex 234.786 136 0
      vertex 241.714 136 3
      vertex 234.786 136 3
    endloop
  endfacet
  facet normal 0 -1 -0
    outer loop
      vertex 241.714 136 3
      vertex 234.786 136 0
      vertex 241.714 136 0
    endloop
  endfacet
  facet normal 0 -1 0
    outer loop
      vertex 245.286 136 0
      vertex 252.214 136 3
      vertex 245.286 136 3
    endloop
  endfacet
  facet normal 0 -1 -0
    outer loop
      vertex 252.214 136 3
      vertex 245.286 136 0
      vertex 252.214 136 0
    endloop
  endfacet
  facet normal 0 -1 0
    outer loop
      vertex 255.786 136 0
      vertex 262.714 136 3
      vertex 255.786 136 3
    endloop
  endfacet
  facet normal 0 -1 -0
    outer loop
      vertex 262.714 136 3
      vertex 255.786 136 0
      vertex 262.714 136 0
    endloop
  endfacet
  facet normal 0 -1 0
    outer loop
      vertex 266.286 136 0
      vertex 273.214 136 3
      vertex 266.286 136 3
    endloop
  endfacet
  facet normal 0 -1 -0
    outer loop
      vertex 273.214 136 3
      vertex 266.286 136 0
      vertex 273.214 136 0
    endloop
  endfacet
  facet normal 0 -1 0
    outer loop
      vertex 276.786 136 0
      vertex 283.714 136 3
      vertex 276.786 136 3
    endloop
  endfacet
  facet normal 0 -1 -0
    outer loop
      vertex 283.714 136 3
      vertex 276.786 136 0
      vertex 283.714 136 0
    endloop
  endfacet
  facet normal 0 1 -0
    outer loop
      vertex 217.854 14 0
      vertex 216.646 14 3
      vertex 217.854 14 3
    endloop
  endfacet
  facet normal 0 1 0
    outer loop
      vertex 216.646 14 3
      vertex 217.854 14 0
      vertex 216.646 14 0
    endloop
  endfacet
  facet normal 0 1 -0
    outer loop
      vertex 228.354 14 0
      vertex 227.146 14 3
      vertex 228.354 14 3
    endloop
  endfacet
  facet normal 0 1 0
    outer loop
      vertex 227.146 14 3
      vertex 228.354 14 0
      vertex 227.146 14 0
    endloop
  endfacet
  facet normal 0 1 -0
    outer loop
      vertex 238.854 14 0
      vertex 237.646 14 3
      vertex 238.854 14 3
    endloop
  endfacet
  facet normal 0 1 0
    outer loop
      vertex 237.646 14 3
      vertex 238.854 14 0
      vertex 237.646 14 0
    endloop
  endfacet
  facet normal 0 1 -0
    outer loop
      vertex 249.354 14 0
      vertex 248.146 14 3
      vertex 249.354 14 3
    endloop
  endfacet
  facet normal 0 1 0
    outer loop
      vertex 248.146 14 3
      vertex 249.354 14 0
      vertex 248.146 14 0
    endloop
  endfacet
  facet normal 0 1 -0
    outer loop
      vertex 259.854 14 0
      vertex 258.646 14 3
      vertex 259.854 14 3
    endloop
  endfacet
  facet normal 0 1 0
    outer loop
      vertex 258.646 14 3
      vertex 259.854 14 0
      vertex 258.646 14 0
    endloop
  endfacet
  facet normal 0 1 -0
    outer loop
      vertex 270.354 14 0
      vertex 269.146 14 3
      vertex 270.354 14 3
    endloop
  endfacet
  facet normal 0 1 0
    outer loop
      vertex 269.146 14 3
      vertex 270.354 14 0
      vertex 269.146 14 0
    endloop
  endfacet
  facet normal 0 1 -0
    outer loop
      vertex 280.854 14 0
      vertex 279.646 14 3
      vertex 280.854 14 3
    endloop
  endfacet
  facet normal 0 1 0
    outer loop
      vertex 279.646 14 3
      vertex 280.854 14 0
      vertex 279.646 14 0
    endloop
  endfacet
  facet normal 0.675627 -0.737243 0
    outer loop
      vertex 287.285 10.7433 0
      vertex 288.314 11.6863 0.599999
      vertex 287.285 10.7433 0.599999
    endloop
  endfacet
  facet normal 0.675627 -0.737243 0
    outer loop
      vertex 288.314 11.6863 0.599999
      vertex 287.285 10.7433 0
      vertex 288.314 11.6863 0
    endloop
  endfacet
  facet normal 0.624695 0 0.780869
    outer loop
      vertex 290 124 3
      vertex 293 23 0.599999
      vertex 293 127 0.599999
    endloop
  endfacet
  facet normal 0.624695 0 0.780869
    outer loop
      vertex 293 23 0.599999
      vertex 290 124 3
      vertex 290 26 3
    endloop
  endfacet
  facet normal 0.999045 -0.0437015 0
    outer loop
      vertex 292.939 21.6055 0.599999
      vertex 293 23 0
      vertex 293 23 0.599999
    endloop
  endfacet
  facet normal 0.999045 -0.0437015 0
    outer loop
      vertex 293 23 0
      vertex 292.939 21.6055 0.599999
      vertex 292.939 21.6055 0
    endloop
  endfacet
  facet normal 0.793768 0.608221 0
    outer loop
      vertex 290.106 136.177 0.599999
      vertex 289.257 137.285 0
      vertex 289.257 137.285 0.599999
    endloop
  endfacet
  facet normal 0.793768 0.608221 0
    outer loop
      vertex 289.257 137.285 0
      vertex 290.106 136.177 0.599999
      vertex 290.106 136.177 0
    endloop
  endfacet
  facet normal 0.235697 0.452391 0.86011
    outer loop
      vertex 283.762 141.501 0.599999
      vertex 282 137.856 3
      vertex 285 140.856 0.599999
    endloop
  endfacet
  facet normal 0.235697 0.452391 0.86011
    outer loop
      vertex 282 137.856 3
      vertex 283.762 141.501 0.599999
      vertex 280.762 138.501 3
    endloop
  endfacet
  facet normal -0 0.624695 0.780869
    outer loop
      vertex 216 143 0.599999
      vertex 274 140 3
      vertex 277 143 0.599999
    endloop
  endfacet
  facet normal 0 0.624695 0.780869
    outer loop
      vertex 274 140 3
      vertex 216 143 0.599999
      vertex 216 140 3
    endloop
  endfacet
  facet normal 0.393309 -0.301534 0.868554
    outer loop
      vertex 286.257 15.7154 3
      vertex 290.106 13.8228 0.599999
      vertex 287.106 16.8228 3
    endloop
  endfacet
  facet normal 0.393309 -0.301534 0.868554
    outer loop
      vertex 290.106 13.8228 0.599999
      vertex 286.257 15.7154 3
      vertex 289.257 12.7154 0.599999
    endloop
  endfacet
  facet normal 0 -0.624695 0.780869
    outer loop
      vertex 216 7 0.599999
      vertex 274 10 3
      vertex 216 10 3
    endloop
  endfacet
  facet normal 0 -0.624695 0.780869
    outer loop
      vertex 274 10 3
      vertex 216 7 0.599999
      vertex 277 7 0.599999
    endloop
  endfacet
  facet normal 0.608221 0.793768 -0
    outer loop
      vertex 287.285 139.257 0
      vertex 286.177 140.106 0.599999
      vertex 287.285 139.257 0.599999
    endloop
  endfacet
  facet normal 0.608221 0.793768 0
    outer loop
      vertex 286.177 140.106 0.599999
      vertex 287.285 139.257 0
      vertex 286.177 140.106 0
    endloop
  endfacet
  facet normal 0.512751 -0.161775 0.843158
    outer loop
      vertex 289.035 20.5277 3
      vertex 292.455 18.8589 0.599999
      vertex 289.455 21.8589 3
    endloop
  endfacet
  facet normal 0.512751 -0.161775 0.843158
    outer loop
      vertex 292.455 18.8589 0.599999
      vertex 289.035 20.5277 3
      vertex 292.035 17.5277 0.599999
    endloop
  endfacet
  facet normal 0.0757715 -0.575596 0.814216
    outer loop
      vertex 276.778 10.2431 3
      vertex 278.394 7.06088 0.599999
      vertex 279.778 7.24307 0.599999
    endloop
  endfacet
  facet normal 0.0757755 -0.575594 0.814217
    outer loop
      vertex 278.394 7.06088 0.599999
      vertex 276.778 10.2431 3
      vertex 275.394 10.0609 3
    endloop
  endfacet
  facet normal 0.462052 0.886853 -0
    outer loop
      vertex 285 140.856 0
      vertex 283.762 141.501 0.599999
      vertex 285 140.856 0.599999
    endloop
  endfacet
  facet normal 0.462052 0.886853 0
    outer loop
      vertex 283.762 141.501 0.599999
      vertex 285 140.856 0
      vertex 283.762 141.501 0
    endloop
  endfacet
  facet normal 1 -0 0
    outer loop
      vertex 293 23 0.599999
      vertex 293 127 0
      vertex 293 127 0.599999
    endloop
  endfacet
  facet normal 1 0 0
    outer loop
      vertex 293 127 0
      vertex 293 23 0.599999
      vertex 293 23 0
    endloop
  endfacet
  facet normal 0.608119 -0.0266011 0.7934
    outer loop
      vertex 289.939 24.6055 3
      vertex 293 23 0.599999
      vertex 290 26 3
    endloop
  endfacet
  facet normal 0.608119 -0.0266011 0.7934
    outer loop
      vertex 293 23 0.599999
      vertex 289.939 24.6055 3
      vertex 292.939 21.6055 0.599999
    endloop
  endfacet
  facet normal 0 -1 0
    outer loop
      vertex 216 7 0
      vertex 277 7 0.599999
      vertex 216 7 0.599999
    endloop
  endfacet
  facet normal 0 -1 -0
    outer loop
      vertex 277 7 0.599999
      vertex 216 7 0
      vertex 277 7 0
    endloop
  endfacet
  facet normal 0.332895 -0.363255 0.870188
    outer loop
      vertex 285.314 14.6863 3
      vertex 287.285 10.7433 0.599999
      vertex 288.314 11.6863 0.599999
    endloop
  endfacet
  facet normal 0.332895 -0.363255 0.870188
    outer loop
      vertex 287.285 10.7433 0.599999
      vertex 285.314 14.6863 3
      vertex 284.285 13.7433 3
    endloop
  endfacet
  facet normal 0.953661 -0.300885 0
    outer loop
      vertex 292.035 17.5277 0.599999
      vertex 292.455 18.8589 0
      vertex 292.455 18.8589 0.599999
    endloop
  endfacet
  facet normal 0.953661 -0.300885 0
    outer loop
      vertex 292.455 18.8589 0
      vertex 292.035 17.5277 0.599999
      vertex 292.035 17.5277 0
    endloop
  endfacet
  facet normal 0.53737 -0.843347 0
    outer loop
      vertex 285 9.1436 0
      vertex 286.177 9.89357 0.599999
      vertex 285 9.1436 0.599999
    endloop
  endfacet
  facet normal 0.53737 -0.843347 0
    outer loop
      vertex 286.177 9.89357 0.599999
      vertex 285 9.1436 0
      vertex 286.177 9.89357 0
    endloop
  endfacet
  facet normal 0.0266104 0.608113 0.793404
    outer loop
      vertex 277 143 0.599999
      vertex 275.394 139.939 3
      vertex 278.394 142.939 0.599999
    endloop
  endfacet
  facet normal 0.0266104 0.608113 0.793404
    outer loop
      vertex 275.394 139.939 3
      vertex 277 143 0.599999
      vertex 274 140 3
    endloop
  endfacet
  facet normal 0.363272 -0.332878 0.870187
    outer loop
      vertex 285.314 14.6863 3
      vertex 289.257 12.7154 0.599999
      vertex 286.257 15.7154 3
    endloop
  endfacet
  facet normal 0.363272 -0.332878 0.870187
    outer loop
      vertex 289.257 12.7154 0.599999
      vertex 285.314 14.6863 3
      vertex 288.314 11.6863 0.599999
    endloop
  endfacet
  facet normal 0.42282 -0.269381 0.86525
    outer loop
      vertex 287.106 16.8228 3
      vertex 290.856 15 0.599999
      vertex 287.856 18 3
    endloop
  endfacet
  facet normal 0.42282 -0.269381 0.86525
    outer loop
      vertex 290.856 15 0.599999
      vertex 287.106 16.8228 3
      vertex 290.106 13.8228 0.599999
    endloop
  endfacet
  facet normal 0.26941 0.422794 0.865254
    outer loop
      vertex 285 140.856 0.599999
      vertex 283.177 137.106 3
      vertex 286.177 140.106 0.599999
    endloop
  endfacet
  facet normal 0.26941 0.422794 0.865254
    outer loop
      vertex 283.177 137.106 3
      vertex 285 140.856 0.599999
      vertex 282 137.856 3
    endloop
  endfacet
  facet normal 0.737243 0.675627 0
    outer loop
      vertex 289.257 137.285 0.599999
      vertex 288.314 138.314 0
      vertex 288.314 138.314 0.599999
    endloop
  endfacet
  facet normal 0.737243 0.675627 0
    outer loop
      vertex 288.314 138.314 0
      vertex 289.257 137.285 0.599999
      vertex 289.257 137.285 0
    endloop
  endfacet
  facet normal 0.216399 -0.976305 0
    outer loop
      vertex 279.778 7.24307 0
      vertex 281.141 7.54518 0.599999
      vertex 279.778 7.24307 0.599999
    endloop
  endfacet
  facet normal 0.216399 -0.976305 0
    outer loop
      vertex 281.141 7.54518 0.599999
      vertex 279.778 7.24307 0
      vertex 281.141 7.54518 0
    endloop
  endfacet
  facet normal 0 1 -0
    outer loop
      vertex 277 143 0
      vertex 216 143 0.599999
      vertex 277 143 0.599999
    endloop
  endfacet
  facet normal 0 1 0
    outer loop
      vertex 216 143 0.599999
      vertex 277 143 0
      vertex 216 143 0
    endloop
  endfacet
  facet normal 0.452403 -0.235684 0.860108
    outer loop
      vertex 287.856 18 3
      vertex 291.501 16.2381 0.599999
      vertex 288.501 19.2381 3
    endloop
  endfacet
  facet normal 0.452403 -0.235684 0.860108
    outer loop
      vertex 291.501 16.2381 0.599999
      vertex 287.856 18 3
      vertex 290.856 15 0.599999
    endloop
  endfacet
  facet normal 0.0437171 0.999044 -0
    outer loop
      vertex 278.394 142.939 0
      vertex 277 143 0.599999
      vertex 278.394 142.939 0.599999
    endloop
  endfacet
  facet normal 0.0437171 0.999044 0
    outer loop
      vertex 277 143 0.599999
      vertex 278.394 142.939 0
      vertex 277 143 0
    endloop
  endfacet
  facet normal 0.0265594 -0.608143 0.793383
    outer loop
      vertex 275.394 10.0609 3
      vertex 277 7 0.599999
      vertex 278.394 7.06088 0.599999
    endloop
  endfacet
  facet normal 0.026568 -0.60814 0.793385
    outer loop
      vertex 277 7 0.599999
      vertex 275.394 10.0609 3
      vertex 274 10 3
    endloop
  endfacet
  facet normal 0.482474 -0.199784 0.852822
    outer loop
      vertex 288.501 19.2381 3
      vertex 292.035 17.5277 0.599999
      vertex 289.035 20.5277 3
    endloop
  endfacet
  facet normal 0.482474 -0.199784 0.852822
    outer loop
      vertex 292.035 17.5277 0.599999
      vertex 288.501 19.2381 3
      vertex 291.501 16.2381 0.599999
    endloop
  endfacet
  facet normal 0.675627 0.737243 -0
    outer loop
      vertex 288.314 138.314 0
      vertex 287.285 139.257 0.599999
      vertex 288.314 138.314 0.599999
    endloop
  endfacet
  facet normal 0.675627 0.737243 0
    outer loop
      vertex 287.285 139.257 0.599999
      vertex 288.314 138.314 0
      vertex 287.285 139.257 0
    endloop
  endfacet
  facet normal 0.393398 0.301439 0.868546
    outer loop
      vertex 286.257 134.285 3
      vertex 290.106 136.177 0.599999
      vertex 289.257 137.285 0.599999
    endloop
  endfacet
  facet normal 0.393398 0.301439 0.868546
    outer loop
      vertex 290.106 136.177 0.599999
      vertex 286.257 134.285 3
      vertex 287.106 133.177 3
    endloop
  endfacet
  facet normal 0.999044 0.0437171 0
    outer loop
      vertex 293 127 0.599999
      vertex 292.939 128.394 0
      vertex 292.939 128.394 0.599999
    endloop
  endfacet
  facet normal 0.999044 0.0437171 0
    outer loop
      vertex 292.939 128.394 0
      vertex 293 127 0.599999
      vertex 293 127 0
    endloop
  endfacet
  facet normal 0.976322 0.216324 0
    outer loop
      vertex 292.757 129.778 0.599999
      vertex 292.455 131.141 0
      vertex 292.455 131.141 0.599999
    endloop
  endfacet
  facet normal 0.976322 0.216324 0
    outer loop
      vertex 292.455 131.141 0
      vertex 292.757 129.778 0.599999
      vertex 292.757 129.778 0
    endloop
  endfacet
  facet normal 0.452391 0.235697 0.86011
    outer loop
      vertex 287.856 132 3
      vertex 291.501 133.762 0.599999
      vertex 290.856 135 0.599999
    endloop
  endfacet
  facet normal 0.452391 0.235697 0.86011
    outer loop
      vertex 291.501 133.762 0.599999
      vertex 287.856 132 3
      vertex 288.501 130.762 3
    endloop
  endfacet
  facet normal 0.793609 -0.608429 0
    outer loop
      vertex 289.257 12.7154 0.599999
      vertex 290.106 13.8228 0
      vertex 290.106 13.8228 0.599999
    endloop
  endfacet
  facet normal 0.793609 -0.608429 0
    outer loop
      vertex 290.106 13.8228 0
      vertex 289.257 12.7154 0.599999
      vertex 289.257 12.7154 0
    endloop
  endfacet
  facet normal 0.886868 -0.462022 0
    outer loop
      vertex 290.856 15 0.599999
      vertex 291.501 16.2381 0
      vertex 291.501 16.2381 0.599999
    endloop
  endfacet
  facet normal 0.886868 -0.462022 0
    outer loop
      vertex 291.501 16.2381 0
      vertex 290.856 15 0.599999
      vertex 290.856 15 0
    endloop
  endfacet
  facet normal 0 0 -1
    outer loop
      vertex 219.036 130.558 0
      vertex 220.714 135.651 0
      vertex 222.5 132.558 0
    endloop
  endfacet
  facet normal 0 0 -1
    outer loop
      vertex 219.036 130.558 0
      vertex 217.25 133.651 0
      vertex 220.714 135.651 0
    endloop
  endfacet
  facet normal -0 0 -1
    outer loop
      vertex 219.036 126.558 0
      vertex 216 122.743 0
      vertex 219.036 130.558 0
    endloop
  endfacet
  facet normal 0 0 -1
    outer loop
      vertex 216 134.373 0
      vertex 219.036 130.558 0
      vertex 216 122.743 0
    endloop
  endfacet
  facet normal 0 0 -1
    outer loop
      vertex 219.036 130.558 0
      vertex 216 134.373 0
      vertex 217.25 133.651 0
    endloop
  endfacet
  facet normal 0 0 -1
    outer loop
      vertex 224.286 30.535 0
      vertex 220.714 30.535 0
      vertex 222.5 33.628 0
    endloop
  endfacet
  facet normal 0 0 -1
    outer loop
      vertex 220.714 30.535 0
      vertex 219.036 35.628 0
      vertex 222.5 33.628 0
    endloop
  endfacet
  facet normal 0 0 -1
    outer loop
      vertex 216 31.8133 0
      vertex 219.036 35.628 0
      vertex 217.25 32.535 0
    endloop
  endfacet
  facet normal 0 0 -1
    outer loop
      vertex 217.25 32.535 0
      vertex 219.036 35.628 0
      vertex 220.714 30.535 0
    endloop
  endfacet
  facet normal 0 0 -1
    outer loop
      vertex 224.286 48.721 0
      vertex 220.714 48.721 0
      vertex 222.5 51.814 0
    endloop
  endfacet
  facet normal 0 0 -1
    outer loop
      vertex 220.714 48.721 0
      vertex 219.036 53.814 0
      vertex 222.5 51.814 0
    endloop
  endfacet
  facet normal 0 0 -1
    outer loop
      vertex 216 49.9993 0
      vertex 219.036 53.814 0
      vertex 217.25 50.721 0
    endloop
  endfacet
  facet normal 0 0 -1
    outer loop
      vertex 217.25 50.721 0
      vertex 219.036 53.814 0
      vertex 220.714 48.721 0
    endloop
  endfacet
  facet normal 0 0 -1
    outer loop
      vertex 224.286 66.907 0
      vertex 220.714 66.907 0
      vertex 222.5 70 0
    endloop
  endfacet
  facet normal 0 0 -1
    outer loop
      vertex 220.714 66.907 0
      vertex 219.036 72 0
      vertex 222.5 70 0
    endloop
  endfacet
  facet normal 0 0 -1
    outer loop
      vertex 216 68.1853 0
      vertex 219.036 72 0
      vertex 217.25 68.907 0
    endloop
  endfacet
  facet normal 0 0 -1
    outer loop
      vertex 217.25 68.907 0
      vertex 219.036 72 0
      vertex 220.714 66.907 0
    endloop
  endfacet
  facet normal 0 0 -1
    outer loop
      vertex 224.286 85.093 0
      vertex 220.714 85.093 0
      vertex 222.5 88.186 0
    endloop
  endfacet
  facet normal 0 0 -1
    outer loop
      vertex 220.714 85.093 0
      vertex 219.036 90.186 0
      vertex 222.5 88.186 0
    endloop
  endfacet
  facet normal 0 0 -1
    outer loop
      vertex 216 86.3713 0
      vertex 219.036 90.186 0
      vertex 217.25 87.093 0
    endloop
  endfacet
  facet normal 0 0 -1
    outer loop
      vertex 217.25 87.093 0
      vertex 219.036 90.186 0
      vertex 220.714 85.093 0
    endloop
  endfacet
  facet normal 0 0 -1
    outer loop
      vertex 224.286 103.279 0
      vertex 220.714 103.279 0
      vertex 222.5 106.372 0
    endloop
  endfacet
  facet normal 0 0 -1
    outer loop
      vertex 220.714 103.279 0
      vertex 219.036 108.372 0
      vertex 222.5 106.372 0
    endloop
  endfacet
  facet normal 0 0 -1
    outer loop
      vertex 216 104.557 0
      vertex 219.036 108.372 0
      vertex 217.25 105.279 0
    endloop
  endfacet
  facet normal 0 0 -1
    outer loop
      vertex 217.25 105.279 0
      vertex 219.036 108.372 0
      vertex 220.714 103.279 0
    endloop
  endfacet
  facet normal 0 0 -1
    outer loop
      vertex 224.286 121.465 0
      vertex 220.714 121.465 0
      vertex 222.5 124.558 0
    endloop
  endfacet
  facet normal 0 0 -1
    outer loop
      vertex 220.714 121.465 0
      vertex 219.036 126.558 0
      vertex 222.5 124.558 0
    endloop
  endfacet
  facet normal 0 0 -1
    outer loop
      vertex 216 122.743 0
      vertex 219.036 126.558 0
      vertex 217.25 123.465 0
    endloop
  endfacet
  facet normal 0 0 -1
    outer loop
      vertex 217.25 123.465 0
      vertex 219.036 126.558 0
      vertex 220.714 121.465 0
    endloop
  endfacet
  facet normal 0 0 -1
    outer loop
      vertex 229.536 39.628 0
      vertex 225.964 39.628 0
      vertex 227.75 42.721 0
    endloop
  endfacet
  facet normal 0 0 -1
    outer loop
      vertex 225.964 39.628 0
      vertex 224.286 44.721 0
      vertex 227.75 42.721 0
    endloop
  endfacet
  facet normal 0 0 -1
    outer loop
      vertex 220.714 44.721 0
      vertex 224.286 44.721 0
      vertex 222.5 41.628 0
    endloop
  endfacet
  facet normal 0 0 -1
    outer loop
      vertex 222.5 41.628 0
      vertex 224.286 44.721 0
      vertex 225.964 39.628 0
    endloop
  endfacet
  facet normal 0 0 -1
    outer loop
      vertex 229.536 57.814 0
      vertex 225.964 57.814 0
      vertex 227.75 60.907 0
    endloop
  endfacet
  facet normal 0 0 -1
    outer loop
      vertex 225.964 57.814 0
      vertex 224.286 62.907 0
      vertex 227.75 60.907 0
    endloop
  endfacet
  facet normal 0 0 -1
    outer loop
      vertex 220.714 62.907 0
      vertex 224.286 62.907 0
      vertex 222.5 59.814 0
    endloop
  endfacet
  facet normal 0 0 -1
    outer loop
      vertex 222.5 59.814 0
      vertex 224.286 62.907 0
      vertex 225.964 57.814 0
    endloop
  endfacet
  facet normal 0 0 -1
    outer loop
      vertex 229.536 76 0
      vertex 225.964 76 0
      vertex 227.75 79.093 0
    endloop
  endfacet
  facet normal 0 0 -1
    outer loop
      vertex 225.964 76 0
      vertex 224.286 81.093 0
      vertex 227.75 79.093 0
    endloop
  endfacet
  facet normal 0 0 -1
    outer loop
      vertex 220.714 81.093 0
      vertex 224.286 81.093 0
      vertex 222.5 78 0
    endloop
  endfacet
  facet normal 0 0 -1
    outer loop
      vertex 222.5 78 0
      vertex 224.286 81.093 0
      vertex 225.964 76 0
    endloop
  endfacet
  facet normal 0 0 -1
    outer loop
      vertex 229.536 94.186 0
      vertex 225.964 94.186 0
      vertex 227.75 97.279 0
    endloop
  endfacet
  facet normal 0 0 -1
    outer loop
      vertex 225.964 94.186 0
      vertex 224.286 99.279 0
      vertex 227.75 97.279 0
    endloop
  endfacet
  facet normal 0 0 -1
    outer loop
      vertex 220.714 99.279 0
      vertex 224.286 99.279 0
      vertex 222.5 96.186 0
    endloop
  endfacet
  facet normal 0 0 -1
    outer loop
      vertex 222.5 96.186 0
      vertex 224.286 99.279 0
      vertex 225.964 94.186 0
    endloop
  endfacet
  facet normal 0 0 -1
    outer loop
      vertex 229.536 112.372 0
      vertex 225.964 112.372 0
      vertex 227.75 115.465 0
    endloop
  endfacet
  facet normal 0 0 -1
    outer loop
      vertex 225.964 112.372 0
      vertex 224.286 117.465 0
      vertex 227.75 115.465 0
    endloop
  endfacet
  facet normal 0 0 -1
    outer loop
      vertex 220.714 117.465 0
      vertex 224.286 117.465 0
      vertex 222.5 114.372 0
    endloop
  endfacet
  facet normal 0 0 -1
    outer loop
      vertex 222.5 114.372 0
      vertex 224.286 117.465 0
      vertex 225.964 112.372 0
    endloop
  endfacet
  facet normal 0 0 -1
    outer loop
      vertex 229.536 130.558 0
      vertex 225.964 130.558 0
      vertex 227.75 133.651 0
    endloop
  endfacet
  facet normal 0 0 -1
    outer loop
      vertex 225.964 130.558 0
      vertex 224.286 135.651 0
      vertex 227.75 133.651 0
    endloop
  endfacet
  facet normal 0 0 -1
    outer loop
      vertex 220.714 135.651 0
      vertex 224.286 135.651 0
      vertex 222.5 132.558 0
    endloop
  endfacet
  facet normal 0 0 -1
    outer loop
      vertex 222.5 132.558 0
      vertex 224.286 135.651 0
      vertex 225.964 130.558 0
    endloop
  endfacet
  facet normal 0 0 -1
    outer loop
      vertex 229.536 130.558 0
      vertex 231.214 135.651 0
      vertex 233 132.558 0
    endloop
  endfacet
  facet normal 0 0 -1
    outer loop
      vertex 229.536 130.558 0
      vertex 227.75 133.651 0
      vertex 231.214 135.651 0
    endloop
  endfacet
  facet normal 0 0 -1
    outer loop
      vertex 229.536 126.558 0
      vertex 225.964 126.558 0
      vertex 229.536 130.558 0
    endloop
  endfacet
  facet normal 0 0 -1
    outer loop
      vertex 225.964 130.558 0
      vertex 229.536 130.558 0
      vertex 225.964 126.558 0
    endloop
  endfacet
  facet normal 0 0 -1
    outer loop
      vertex 224.286 121.465 0
      vertex 225.964 126.558 0
      vertex 227.75 123.465 0
    endloop
  endfacet
  facet normal 0 0 -1
    outer loop
      vertex 224.286 121.465 0
      vertex 222.5 124.558 0
      vertex 225.964 126.558 0
    endloop
  endfacet
  facet normal 0 0 -1
    outer loop
      vertex 224.286 117.465 0
      vertex 220.714 117.465 0
      vertex 224.286 121.465 0
    endloop
  endfacet
  facet normal 0 0 -1
    outer loop
      vertex 220.714 121.465 0
      vertex 224.286 121.465 0
      vertex 220.714 117.465 0
    endloop
  endfacet
  facet normal 0 0 -1
    outer loop
      vertex 219.036 112.372 0
      vertex 220.714 117.465 0
      vertex 222.5 114.372 0
    endloop
  endfacet
  facet normal 0 0 -1
    outer loop
      vertex 219.036 112.372 0
      vertex 217.25 115.465 0
      vertex 220.714 117.465 0
    endloop
  endfacet
  facet normal -0 0 -1
    outer loop
      vertex 219.036 108.372 0
      vertex 216 104.557 0
      vertex 219.036 112.372 0
    endloop
  endfacet
  facet normal 0 0 -1
    outer loop
      vertex 216 116.187 0
      vertex 219.036 112.372 0
      vertex 216 104.557 0
    endloop
  endfacet
  facet normal 0 0 -1
    outer loop
      vertex 219.036 112.372 0
      vertex 216 116.187 0
      vertex 217.25 115.465 0
    endloop
  endfacet
  facet normal 0 0 -1
    outer loop
      vertex 234.786 30.535 0
      vertex 231.214 30.535 0
      vertex 233 33.628 0
    endloop
  endfacet
  facet normal 0 0 -1
    outer loop
      vertex 231.214 30.535 0
      vertex 229.536 35.628 0
      vertex 233 33.628 0
    endloop
  endfacet
  facet normal 0 0 -1
    outer loop
      vertex 225.964 35.628 0
      vertex 229.536 35.628 0
      vertex 227.75 32.535 0
    endloop
  endfacet
  facet normal 0 0 -1
    outer loop
      vertex 227.75 32.535 0
      vertex 229.536 35.628 0
      vertex 231.214 30.535 0
    endloop
  endfacet
  facet normal 0 0 -1
    outer loop
      vertex 234.786 48.721 0
      vertex 231.214 48.721 0
      vertex 233 51.814 0
    endloop
  endfacet
  facet normal 0 0 -1
    outer loop
      vertex 231.214 48.721 0
      vertex 229.536 53.814 0
      vertex 233 51.814 0
    endloop
  endfacet
  facet normal 0 0 -1
    outer loop
      vertex 225.964 53.814 0
      vertex 229.536 53.814 0
      vertex 227.75 50.721 0
    endloop
  endfacet
  facet normal 0 0 -1
    outer loop
      vertex 227.75 50.721 0
      vertex 229.536 53.814 0
      vertex 231.214 48.721 0
    endloop
  endfacet
  facet normal 0 0 -1
    outer loop
      vertex 234.786 66.907 0
      vertex 231.214 66.907 0
      vertex 233 70 0
    endloop
  endfacet
  facet normal 0 0 -1
    outer loop
      vertex 231.214 66.907 0
      vertex 229.536 72 0
      vertex 233 70 0
    endloop
  endfacet
  facet normal 0 0 -1
    outer loop
      vertex 225.964 72 0
      vertex 229.536 72 0
      vertex 227.75 68.907 0
    endloop
  endfacet
  facet normal 0 0 -1
    outer loop
      vertex 227.75 68.907 0
      vertex 229.536 72 0
      vertex 231.214 66.907 0
    endloop
  endfacet
  facet normal 0 0 -1
    outer loop
      vertex 234.786 85.093 0
      vertex 231.214 85.093 0
      vertex 233 88.186 0
    endloop
  endfacet
  facet normal 0 0 -1
    outer loop
      vertex 231.214 85.093 0
      vertex 229.536 90.186 0
      vertex 233 88.186 0
    endloop
  endfacet
  facet normal 0 0 -1
    outer loop
      vertex 225.964 90.186 0
      vertex 229.536 90.186 0
      vertex 227.75 87.093 0
    endloop
  endfacet
  facet normal 0 0 -1
    outer loop
      vertex 227.75 87.093 0
      vertex 229.536 90.186 0
      vertex 231.214 85.093 0
    endloop
  endfacet
  facet normal 0 0 -1
    outer loop
      vertex 234.786 103.279 0
      vertex 231.214 103.279 0
      vertex 233 106.372 0
    endloop
  endfacet
  facet normal 0 0 -1
    outer loop
      vertex 231.214 103.279 0
      vertex 229.536 108.372 0
      vertex 233 106.372 0
    endloop
  endfacet
  facet normal 0 0 -1
    outer loop
      vertex 225.964 108.372 0
      vertex 229.536 108.372 0
      vertex 227.75 105.279 0
    endloop
  endfacet
  facet normal 0 0 -1
    outer loop
      vertex 227.75 105.279 0
      vertex 229.536 108.372 0
      vertex 231.214 103.279 0
    endloop
  endfacet
  facet normal 0 0 -1
    outer loop
      vertex 234.786 121.465 0
      vertex 231.214 121.465 0
      vertex 233 124.558 0
    endloop
  endfacet
  facet normal 0 0 -1
    outer loop
      vertex 231.214 121.465 0
      vertex 229.536 126.558 0
      vertex 233 124.558 0
    endloop
  endfacet
  facet normal 0 0 -1
    outer loop
      vertex 225.964 126.558 0
      vertex 229.536 126.558 0
      vertex 227.75 123.465 0
    endloop
  endfacet
  facet normal 0 0 -1
    outer loop
      vertex 227.75 123.465 0
      vertex 229.536 126.558 0
      vertex 231.214 121.465 0
    endloop
  endfacet
  facet normal 0 0 -1
    outer loop
      vertex 240.036 39.628 0
      vertex 236.464 39.628 0
      vertex 238.25 42.721 0
    endloop
  endfacet
  facet normal 0 0 -1
    outer loop
      vertex 236.464 39.628 0
      vertex 234.786 44.721 0
      vertex 238.25 42.721 0
    endloop
  endfacet
  facet normal 0 0 -1
    outer loop
      vertex 231.214 44.721 0
      vertex 234.786 44.721 0
      vertex 233 41.628 0
    endloop
  endfacet
  facet normal 0 0 -1
    outer loop
      vertex 233 41.628 0
      vertex 234.786 44.721 0
      vertex 236.464 39.628 0
    endloop
  endfacet
  facet normal 0 0 -1
    outer loop
      vertex 240.036 57.814 0
      vertex 236.464 57.814 0
      vertex 238.25 60.907 0
    endloop
  endfacet
  facet normal 0 0 -1
    outer loop
      vertex 236.464 57.814 0
      vertex 234.786 62.907 0
      vertex 238.25 60.907 0
    endloop
  endfacet
  facet normal 0 0 -1
    outer loop
      vertex 231.214 62.907 0
      vertex 234.786 62.907 0
      vertex 233 59.814 0
    endloop
  endfacet
  facet normal 0 0 -1
    outer loop
      vertex 233 59.814 0
      vertex 234.786 62.907 0
      vertex 236.464 57.814 0
    endloop
  endfacet
  facet normal 0 0 -1
    outer loop
      vertex 240.036 76 0
      vertex 236.464 76 0
      vertex 238.25 79.093 0
    endloop
  endfacet
  facet normal 0 0 -1
    outer loop
      vertex 236.464 76 0
      vertex 234.786 81.093 0
      vertex 238.25 79.093 0
    endloop
  endfacet
  facet normal 0 0 -1
    outer loop
      vertex 231.214 81.093 0
      vertex 234.786 81.093 0
      vertex 233 78 0
    endloop
  endfacet
  facet normal 0 0 -1
    outer loop
      vertex 233 78 0
      vertex 234.786 81.093 0
      vertex 236.464 76 0
    endloop
  endfacet
  facet normal 0 0 -1
    outer loop
      vertex 240.036 94.186 0
      vertex 236.464 94.186 0
      vertex 238.25 97.279 0
    endloop
  endfacet
  facet normal 0 0 -1
    outer loop
      vertex 236.464 94.186 0
      vertex 234.786 99.279 0
      vertex 238.25 97.279 0
    endloop
  endfacet
  facet normal 0 0 -1
    outer loop
      vertex 231.214 99.279 0
      vertex 234.786 99.279 0
      vertex 233 96.186 0
    endloop
  endfacet
  facet normal 0 0 -1
    outer loop
      vertex 233 96.186 0
      vertex 234.786 99.279 0
      vertex 236.464 94.186 0
    endloop
  endfacet
  facet normal 0 0 -1
    outer loop
      vertex 240.036 112.372 0
      vertex 236.464 112.372 0
      vertex 238.25 115.465 0
    endloop
  endfacet
  facet normal 0 0 -1
    outer loop
      vertex 236.464 112.372 0
      vertex 234.786 117.465 0
      vertex 238.25 115.465 0
    endloop
  endfacet
  facet normal 0 0 -1
    outer loop
      vertex 231.214 117.465 0
      vertex 234.786 117.465 0
      vertex 233 114.372 0
    endloop
  endfacet
  facet normal 0 0 -1
    outer loop
      vertex 233 114.372 0
      vertex 234.786 117.465 0
      vertex 236.464 112.372 0
    endloop
  endfacet
  facet normal 0 0 -1
    outer loop
      vertex 240.036 130.558 0
      vertex 236.464 130.558 0
      vertex 238.25 133.651 0
    endloop
  endfacet
  facet normal 0 0 -1
    outer loop
      vertex 236.464 130.558 0
      vertex 234.786 135.651 0
      vertex 238.25 133.651 0
    endloop
  endfacet
  facet normal 0 0 -1
    outer loop
      vertex 231.214 135.651 0
      vertex 234.786 135.651 0
      vertex 233 132.558 0
    endloop
  endfacet
  facet normal 0 0 -1
    outer loop
      vertex 233 132.558 0
      vertex 234.786 135.651 0
      vertex 236.464 130.558 0
    endloop
  endfacet
  facet normal 0 0 -1
    outer loop
      vertex 240.036 130.558 0
      vertex 241.714 135.651 0
      vertex 243.5 132.558 0
    endloop
  endfacet
  facet normal 0 0 -1
    outer loop
      vertex 240.036 130.558 0
      vertex 238.25 133.651 0
      vertex 241.714 135.651 0
    endloop
  endfacet
  facet normal 0 0 -1
    outer loop
      vertex 240.036 126.558 0
      vertex 236.464 126.558 0
      vertex 240.036 130.558 0
    endloop
  endfacet
  facet normal 0 0 -1
    outer loop
      vertex 236.464 130.558 0
      vertex 240.036 130.558 0
      vertex 236.464 126.558 0
    endloop
  endfacet
  facet normal 0 0 -1
    outer loop
      vertex 234.786 121.465 0
      vertex 236.464 126.558 0
      vertex 238.25 123.465 0
    endloop
  endfacet
  facet normal 0 0 -1
    outer loop
      vertex 234.786 121.465 0
      vertex 233 124.558 0
      vertex 236.464 126.558 0
    endloop
  endfacet
  facet normal 0 0 -1
    outer loop
      vertex 234.786 117.465 0
      vertex 231.214 117.465 0
      vertex 234.786 121.465 0
    endloop
  endfacet
  facet normal 0 0 -1
    outer loop
      vertex 231.214 121.465 0
      vertex 234.786 121.465 0
      vertex 231.214 117.465 0
    endloop
  endfacet
  facet normal 0 0 -1
    outer loop
      vertex 229.536 112.372 0
      vertex 231.214 117.465 0
      vertex 233 114.372 0
    endloop
  endfacet
  facet normal 0 0 -1
    outer loop
      vertex 229.536 112.372 0
      vertex 227.75 115.465 0
      vertex 231.214 117.465 0
    endloop
  endfacet
  facet normal 0 0 -1
    outer loop
      vertex 229.536 108.372 0
      vertex 225.964 108.372 0
      vertex 229.536 112.372 0
    endloop
  endfacet
  facet normal 0 0 -1
    outer loop
      vertex 225.964 112.372 0
      vertex 229.536 112.372 0
      vertex 225.964 108.372 0
    endloop
  endfacet
  facet normal 0 0 -1
    outer loop
      vertex 224.286 103.279 0
      vertex 225.964 108.372 0
      vertex 227.75 105.279 0
    endloop
  endfacet
  facet normal 0 0 -1
    outer loop
      vertex 224.286 103.279 0
      vertex 222.5 106.372 0
      vertex 225.964 108.372 0
    endloop
  endfacet
  facet normal 0 0 -1
    outer loop
      vertex 224.286 99.279 0
      vertex 220.714 99.279 0
      vertex 224.286 103.279 0
    endloop
  endfacet
  facet normal 0 0 -1
    outer loop
      vertex 220.714 103.279 0
      vertex 224.286 103.279 0
      vertex 220.714 99.279 0
    endloop
  endfacet
  facet normal 0 0 -1
    outer loop
      vertex 219.036 94.186 0
      vertex 220.714 99.279 0
      vertex 222.5 96.186 0
    endloop
  endfacet
  facet normal 0 0 -1
    outer loop
      vertex 219.036 94.186 0
      vertex 217.25 97.279 0
      vertex 220.714 99.279 0
    endloop
  endfacet
  facet normal -0 0 -1
    outer loop
      vertex 219.036 90.186 0
      vertex 216 86.3713 0
      vertex 219.036 94.186 0
    endloop
  endfacet
  facet normal 0 0 -1
    outer loop
      vertex 216 98.0007 0
      vertex 219.036 94.186 0
      vertex 216 86.3713 0
    endloop
  endfacet
  facet normal 0 0 -1
    outer loop
      vertex 219.036 94.186 0
      vertex 216 98.0007 0
      vertex 217.25 97.279 0
    endloop
  endfacet
  facet normal 0 0 -1
    outer loop
      vertex 245.286 30.535 0
      vertex 241.714 30.535 0
      vertex 243.5 33.628 0
    endloop
  endfacet
  facet normal 0 0 -1
    outer loop
      vertex 241.714 30.535 0
      vertex 240.036 35.628 0
      vertex 243.5 33.628 0
    endloop
  endfacet
  facet normal 0 0 -1
    outer loop
      vertex 236.464 35.628 0
      vertex 240.036 35.628 0
      vertex 238.25 32.535 0
    endloop
  endfacet
  facet normal 0 0 -1
    outer loop
      vertex 238.25 32.535 0
      vertex 240.036 35.628 0
      vertex 241.714 30.535 0
    endloop
  endfacet
  facet normal 0 0 -1
    outer loop
      vertex 245.286 48.721 0
      vertex 241.714 48.721 0
      vertex 243.5 51.814 0
    endloop
  endfacet
  facet normal 0 0 -1
    outer loop
      vertex 241.714 48.721 0
      vertex 240.036 53.814 0
      vertex 243.5 51.814 0
    endloop
  endfacet
  facet normal 0 0 -1
    outer loop
      vertex 236.464 53.814 0
      vertex 240.036 53.814 0
      vertex 238.25 50.721 0
    endloop
  endfacet
  facet normal 0 0 -1
    outer loop
      vertex 238.25 50.721 0
      vertex 240.036 53.814 0
      vertex 241.714 48.721 0
    endloop
  endfacet
  facet normal 0 0 -1
    outer loop
      vertex 245.286 66.907 0
      vertex 241.714 66.907 0
      vertex 243.5 70 0
    endloop
  endfacet
  facet normal 0 0 -1
    outer loop
      vertex 241.714 66.907 0
      vertex 240.036 72 0
      vertex 243.5 70 0
    endloop
  endfacet
  facet normal 0 0 -1
    outer loop
      vertex 236.464 72 0
      vertex 240.036 72 0
      vertex 238.25 68.907 0
    endloop
  endfacet
  facet normal 0 0 -1
    outer loop
      vertex 238.25 68.907 0
      vertex 240.036 72 0
      vertex 241.714 66.907 0
    endloop
  endfacet
  facet normal 0 0 -1
    outer loop
      vertex 245.286 85.093 0
      vertex 241.714 85.093 0
      vertex 243.5 88.186 0
    endloop
  endfacet
  facet normal 0 0 -1
    outer loop
      vertex 241.714 85.093 0
      vertex 240.036 90.186 0
      vertex 243.5 88.186 0
    endloop
  endfacet
  facet normal 0 0 -1
    outer loop
      vertex 236.464 90.186 0
      vertex 240.036 90.186 0
      vertex 238.25 87.093 0
    endloop
  endfacet
  facet normal 0 0 -1
    outer loop
      vertex 238.25 87.093 0
      vertex 240.036 90.186 0
      vertex 241.714 85.093 0
    endloop
  endfacet
  facet normal 0 0 -1
    outer loop
      vertex 245.286 103.279 0
      vertex 241.714 103.279 0
      vertex 243.5 106.372 0
    endloop
  endfacet
  facet normal 0 0 -1
    outer loop
      vertex 241.714 103.279 0
      vertex 240.036 108.372 0
      vertex 243.5 106.372 0
    endloop
  endfacet
  facet normal 0 0 -1
    outer loop
      vertex 236.464 108.372 0
      vertex 240.036 108.372 0
      vertex 238.25 105.279 0
    endloop
  endfacet
  facet normal 0 0 -1
    outer loop
      vertex 238.25 105.279 0
      vertex 240.036 108.372 0
      vertex 241.714 103.279 0
    endloop
  endfacet
  facet normal 0 0 -1
    outer loop
      vertex 245.286 121.465 0
      vertex 241.714 121.465 0
      vertex 243.5 124.558 0
    endloop
  endfacet
  facet normal 0 0 -1
    outer loop
      vertex 241.714 121.465 0
      vertex 240.036 126.558 0
      vertex 243.5 124.558 0
    endloop
  endfacet
  facet normal 0 0 -1
    outer loop
      vertex 236.464 126.558 0
      vertex 240.036 126.558 0
      vertex 238.25 123.465 0
    endloop
  endfacet
  facet normal 0 0 -1
    outer loop
      vertex 238.25 123.465 0
      vertex 240.036 126.558 0
      vertex 241.714 121.465 0
    endloop
  endfacet
  facet normal 0 0 -1
    outer loop
      vertex 250.536 39.628 0
      vertex 246.964 39.628 0
      vertex 248.75 42.721 0
    endloop
  endfacet
  facet normal 0 0 -1
    outer loop
      vertex 246.964 39.628 0
      vertex 245.286 44.721 0
      vertex 248.75 42.721 0
    endloop
  endfacet
  facet normal 0 0 -1
    outer loop
      vertex 241.714 44.721 0
      vertex 245.286 44.721 0
      vertex 243.5 41.628 0
    endloop
  endfacet
  facet normal 0 0 -1
    outer loop
      vertex 243.5 41.628 0
      vertex 245.286 44.721 0
      vertex 246.964 39.628 0
    endloop
  endfacet
  facet normal 0 0 -1
    outer loop
      vertex 250.536 57.814 0
      vertex 246.964 57.814 0
      vertex 248.75 60.907 0
    endloop
  endfacet
  facet normal 0 0 -1
    outer loop
      vertex 246.964 57.814 0
      vertex 245.286 62.907 0
      vertex 248.75 60.907 0
    endloop
  endfacet
  facet normal 0 0 -1
    outer loop
      vertex 241.714 62.907 0
      vertex 245.286 62.907 0
      vertex 243.5 59.814 0
    endloop
  endfacet
  facet normal 0 0 -1
    outer loop
      vertex 243.5 59.814 0
      vertex 245.286 62.907 0
      vertex 246.964 57.814 0
    endloop
  endfacet
  facet normal 0 0 -1
    outer loop
      vertex 250.536 76 0
      vertex 246.964 76 0
      vertex 248.75 79.093 0
    endloop
  endfacet
  facet normal 0 0 -1
    outer loop
      vertex 246.964 76 0
      vertex 245.286 81.093 0
      vertex 248.75 79.093 0
    endloop
  endfacet
  facet normal 0 0 -1
    outer loop
      vertex 241.714 81.093 0
      vertex 245.286 81.093 0
      vertex 243.5 78 0
    endloop
  endfacet
  facet normal 0 0 -1
    outer loop
      vertex 243.5 78 0
      vertex 245.286 81.093 0
      vertex 246.964 76 0
    endloop
  endfacet
  facet normal 0 0 -1
    outer loop
      vertex 250.536 94.186 0
      vertex 246.964 94.186 0
      vertex 248.75 97.279 0
    endloop
  endfacet
  facet normal 0 0 -1
    outer loop
      vertex 246.964 94.186 0
      vertex 245.286 99.279 0
      vertex 248.75 97.279 0
    endloop
  endfacet
  facet normal 0 0 -1
    outer loop
      vertex 241.714 99.279 0
      vertex 245.286 99.279 0
      vertex 243.5 96.186 0
    endloop
  endfacet
  facet normal 0 0 -1
    outer loop
      vertex 243.5 96.186 0
      vertex 245.286 99.279 0
      vertex 246.964 94.186 0
    endloop
  endfacet
  facet normal 0 0 -1
    outer loop
      vertex 250.536 112.372 0
      vertex 246.964 112.372 0
      vertex 248.75 115.465 0
    endloop
  endfacet
  facet normal 0 0 -1
    outer loop
      vertex 246.964 112.372 0
      vertex 245.286 117.465 0
      vertex 248.75 115.465 0
    endloop
  endfacet
  facet normal 0 0 -1
    outer loop
      vertex 241.714 117.465 0
      vertex 245.286 117.465 0
      vertex 243.5 114.372 0
    endloop
  endfacet
  facet normal 0 0 -1
    outer loop
      vertex 243.5 114.372 0
      vertex 245.286 117.465 0
      vertex 246.964 112.372 0
    endloop
  endfacet
  facet normal 0 0 -1
    outer loop
      vertex 250.536 130.558 0
      vertex 246.964 130.558 0
      vertex 248.75 133.651 0
    endloop
  endfacet
  facet normal 0 0 -1
    outer loop
      vertex 246.964 130.558 0
      vertex 245.286 135.651 0
      vertex 248.75 133.651 0
    endloop
  endfacet
  facet normal 0 0 -1
    outer loop
      vertex 241.714 135.651 0
      vertex 245.286 135.651 0
      vertex 243.5 132.558 0
    endloop
  endfacet
  facet normal 0 0 -1
    outer loop
      vertex 243.5 132.558 0
      vertex 245.286 135.651 0
      vertex 246.964 130.558 0
    endloop
  endfacet
  facet normal 0 0 -1
    outer loop
      vertex 250.536 130.558 0
      vertex 252.214 135.651 0
      vertex 254 132.558 0
    endloop
  endfacet
  facet normal 0 0 -1
    outer loop
      vertex 250.536 130.558 0
      vertex 248.75 133.651 0
      vertex 252.214 135.651 0
    endloop
  endfacet
  facet normal 0 0 -1
    outer loop
      vertex 250.536 126.558 0
      vertex 246.964 126.558 0
      vertex 250.536 130.558 0
    endloop
  endfacet
  facet normal 0 0 -1
    outer loop
      vertex 246.964 130.558 0
      vertex 250.536 130.558 0
      vertex 246.964 126.558 0
    endloop
  endfacet
  facet normal 0 0 -1
    outer loop
      vertex 245.286 121.465 0
      vertex 246.964 126.558 0
      vertex 248.75 123.465 0
    endloop
  endfacet
  facet normal 0 0 -1
    outer loop
      vertex 245.286 121.465 0
      vertex 243.5 124.558 0
      vertex 246.964 126.558 0
    endloop
  endfacet
  facet normal 0 0 -1
    outer loop
      vertex 245.286 117.465 0
      vertex 241.714 117.465 0
      vertex 245.286 121.465 0
    endloop
  endfacet
  facet normal 0 0 -1
    outer loop
      vertex 241.714 121.465 0
      vertex 245.286 121.465 0
      vertex 241.714 117.465 0
    endloop
  endfacet
  facet normal 0 0 -1
    outer loop
      vertex 240.036 112.372 0
      vertex 241.714 117.465 0
      vertex 243.5 114.372 0
    endloop
  endfacet
  facet normal 0 0 -1
    outer loop
      vertex 240.036 112.372 0
      vertex 238.25 115.465 0
      vertex 241.714 117.465 0
    endloop
  endfacet
  facet normal 0 0 -1
    outer loop
      vertex 240.036 108.372 0
      vertex 236.464 108.372 0
      vertex 240.036 112.372 0
    endloop
  endfacet
  facet normal 0 0 -1
    outer loop
      vertex 236.464 112.372 0
      vertex 240.036 112.372 0
      vertex 236.464 108.372 0
    endloop
  endfacet
  facet normal 0 0 -1
    outer loop
      vertex 234.786 103.279 0
      vertex 236.464 108.372 0
      vertex 238.25 105.279 0
    endloop
  endfacet
  facet normal 0 0 -1
    outer loop
      vertex 234.786 103.279 0
      vertex 233 106.372 0
      vertex 236.464 108.372 0
    endloop
  endfacet
  facet normal 0 0 -1
    outer loop
      vertex 234.786 99.279 0
      vertex 231.214 99.279 0
      vertex 234.786 103.279 0
    endloop
  endfacet
  facet normal 0 0 -1
    outer loop
      vertex 231.214 103.279 0
      vertex 234.786 103.279 0
      vertex 231.214 99.279 0
    endloop
  endfacet
  facet normal 0 0 -1
    outer loop
      vertex 229.536 94.186 0
      vertex 231.214 99.279 0
      vertex 233 96.186 0
    endloop
  endfacet
  facet normal 0 0 -1
    outer loop
      vertex 229.536 94.186 0
      vertex 227.75 97.279 0
      vertex 231.214 99.279 0
    endloop
  endfacet
  facet normal 0 0 -1
    outer loop
      vertex 229.536 90.186 0
      vertex 225.964 90.186 0
      vertex 229.536 94.186 0
    endloop
  endfacet
  facet normal 0 0 -1
    outer loop
      vertex 225.964 94.186 0
      vertex 229.536 94.186 0
      vertex 225.964 90.186 0
    endloop
  endfacet
  facet normal 0 0 -1
    outer loop
      vertex 224.286 85.093 0
      vertex 225.964 90.186 0
      vertex 227.75 87.093 0
    endloop
  endfacet
  facet normal 0 0 -1
    outer loop
      vertex 224.286 85.093 0
      vertex 222.5 88.186 0
      vertex 225.964 90.186 0
    endloop
  endfacet
  facet normal 0 0 -1
    outer loop
      vertex 224.286 81.093 0
      vertex 220.714 81.093 0
      vertex 224.286 85.093 0
    endloop
  endfacet
  facet normal 0 0 -1
    outer loop
      vertex 220.714 85.093 0
      vertex 224.286 85.093 0
      vertex 220.714 81.093 0
    endloop
  endfacet
  facet normal 0 0 -1
    outer loop
      vertex 219.036 76 0
      vertex 220.714 81.093 0
      vertex 222.5 78 0
    endloop
  endfacet
  facet normal 0 0 -1
    outer loop
      vertex 219.036 76 0
      vertex 217.25 79.093 0
      vertex 220.714 81.093 0
    endloop
  endfacet
  facet normal -0 0 -1
    outer loop
      vertex 219.036 72 0
      vertex 216 68.1853 0
      vertex 219.036 76 0
    endloop
  endfacet
  facet normal 0 0 -1
    outer loop
      vertex 216 79.8147 0
      vertex 219.036 76 0
      vertex 216 68.1853 0
    endloop
  endfacet
  facet normal 0 0 -1
    outer loop
      vertex 219.036 76 0
      vertex 216 79.8147 0
      vertex 217.25 79.093 0
    endloop
  endfacet
  facet normal 0 0 -1
    outer loop
      vertex 255.786 30.535 0
      vertex 252.214 30.535 0
      vertex 254 33.628 0
    endloop
  endfacet
  facet normal 0 0 -1
    outer loop
      vertex 252.214 30.535 0
      vertex 250.536 35.628 0
      vertex 254 33.628 0
    endloop
  endfacet
  facet normal 0 0 -1
    outer loop
      vertex 246.964 35.628 0
      vertex 250.536 35.628 0
      vertex 248.75 32.535 0
    endloop
  endfacet
  facet normal 0 0 -1
    outer loop
      vertex 248.75 32.535 0
      vertex 250.536 35.628 0
      vertex 252.214 30.535 0
    endloop
  endfacet
  facet normal 0 0 -1
    outer loop
      vertex 255.786 48.721 0
      vertex 252.214 48.721 0
      vertex 254 51.814 0
    endloop
  endfacet
  facet normal 0 0 -1
    outer loop
      vertex 252.214 48.721 0
      vertex 250.536 53.814 0
      vertex 254 51.814 0
    endloop
  endfacet
  facet normal 0 0 -1
    outer loop
      vertex 246.964 53.814 0
      vertex 250.536 53.814 0
      vertex 248.75 50.721 0
    endloop
  endfacet
  facet normal 0 0 -1
    outer loop
      vertex 248.75 50.721 0
      vertex 250.536 53.814 0
      vertex 252.214 48.721 0
    endloop
  endfacet
  facet normal 0 0 -1
    outer loop
      vertex 255.786 66.907 0
      vertex 252.214 66.907 0
      vertex 254 70 0
    endloop
  endfacet
  facet normal 0 0 -1
    outer loop
      vertex 252.214 66.907 0
      vertex 250.536 72 0
      vertex 254 70 0
    endloop
  endfacet
  facet normal 0 0 -1
    outer loop
      vertex 246.964 72 0
      vertex 250.536 72 0
      vertex 248.75 68.907 0
    endloop
  endfacet
  facet normal 0 0 -1
    outer loop
      vertex 248.75 68.907 0
      vertex 250.536 72 0
      vertex 252.214 66.907 0
    endloop
  endfacet
  facet normal 0 0 -1
    outer loop
      vertex 255.786 85.093 0
      vertex 252.214 85.093 0
      vertex 254 88.186 0
    endloop
  endfacet
  facet normal 0 0 -1
    outer loop
      vertex 252.214 85.093 0
      vertex 250.536 90.186 0
      vertex 254 88.186 0
    endloop
  endfacet
  facet normal 0 0 -1
    outer loop
      vertex 246.964 90.186 0
      vertex 250.536 90.186 0
      vertex 248.75 87.093 0
    endloop
  endfacet
  facet normal 0 0 -1
    outer loop
      vertex 248.75 87.093 0
      vertex 250.536 90.186 0
      vertex 252.214 85.093 0
    endloop
  endfacet
  facet normal 0 0 -1
    outer loop
      vertex 255.786 103.279 0
      vertex 252.214 103.279 0
      vertex 254 106.372 0
    endloop
  endfacet
  facet normal 0 0 -1
    outer loop
      vertex 252.214 103.279 0
      vertex 250.536 108.372 0
      vertex 254 106.372 0
    endloop
  endfacet
  facet normal 0 0 -1
    outer loop
      vertex 246.964 108.372 0
      vertex 250.536 108.372 0
      vertex 248.75 105.279 0
    endloop
  endfacet
  facet normal 0 0 -1
    outer loop
      vertex 248.75 105.279 0
      vertex 250.536 108.372 0
      vertex 252.214 103.279 0
    endloop
  endfacet
  facet normal 0 0 -1
    outer loop
      vertex 255.786 121.465 0
      vertex 252.214 121.465 0
      vertex 254 124.558 0
    endloop
  endfacet
  facet normal 0 0 -1
    outer loop
      vertex 252.214 121.465 0
      vertex 250.536 126.558 0
      vertex 254 124.558 0
    endloop
  endfacet
  facet normal 0 0 -1
    outer loop
      vertex 246.964 126.558 0
      vertex 250.536 126.558 0
      vertex 248.75 123.465 0
    endloop
  endfacet
  facet normal 0 0 -1
    outer loop
      vertex 248.75 123.465 0
      vertex 250.536 126.558 0
      vertex 252.214 121.465 0
    endloop
  endfacet
  facet normal 0 0 -1
    outer loop
      vertex 261.036 39.628 0
      vertex 257.464 39.628 0
      vertex 259.25 42.721 0
    endloop
  endfacet
  facet normal 0 0 -1
    outer loop
      vertex 257.464 39.628 0
      vertex 255.786 44.721 0
      vertex 259.25 42.721 0
    endloop
  endfacet
  facet normal 0 0 -1
    outer loop
      vertex 252.214 44.721 0
      vertex 255.786 44.721 0
      vertex 254 41.628 0
    endloop
  endfacet
  facet normal 0 0 -1
    outer loop
      vertex 254 41.628 0
      vertex 255.786 44.721 0
      vertex 257.464 39.628 0
    endloop
  endfacet
  facet normal 0 0 -1
    outer loop
      vertex 261.036 57.814 0
      vertex 257.464 57.814 0
      vertex 259.25 60.907 0
    endloop
  endfacet
  facet normal 0 0 -1
    outer loop
      vertex 257.464 57.814 0
      vertex 255.786 62.907 0
      vertex 259.25 60.907 0
    endloop
  endfacet
  facet normal 0 0 -1
    outer loop
      vertex 252.214 62.907 0
      vertex 255.786 62.907 0
      vertex 254 59.814 0
    endloop
  endfacet
  facet normal 0 0 -1
    outer loop
      vertex 254 59.814 0
      vertex 255.786 62.907 0
      vertex 257.464 57.814 0
    endloop
  endfacet
  facet normal 0 0 -1
    outer loop
      vertex 261.036 76 0
      vertex 257.464 76 0
      vertex 259.25 79.093 0
    endloop
  endfacet
  facet normal 0 0 -1
    outer loop
      vertex 257.464 76 0
      vertex 255.786 81.093 0
      vertex 259.25 79.093 0
    endloop
  endfacet
  facet normal 0 0 -1
    outer loop
      vertex 252.214 81.093 0
      vertex 255.786 81.093 0
      vertex 254 78 0
    endloop
  endfacet
  facet normal 0 0 -1
    outer loop
      vertex 254 78 0
      vertex 255.786 81.093 0
      vertex 257.464 76 0
    endloop
  endfacet
  facet normal 0 0 -1
    outer loop
      vertex 261.036 94.186 0
      vertex 257.464 94.186 0
      vertex 259.25 97.279 0
    endloop
  endfacet
  facet normal 0 0 -1
    outer loop
      vertex 257.464 94.186 0
      vertex 255.786 99.279 0
      vertex 259.25 97.279 0
    endloop
  endfacet
  facet normal 0 0 -1
    outer loop
      vertex 252.214 99.279 0
      vertex 255.786 99.279 0
      vertex 254 96.186 0
    endloop
  endfacet
  facet normal 0 0 -1
    outer loop
      vertex 254 96.186 0
      vertex 255.786 99.279 0
      vertex 257.464 94.186 0
    endloop
  endfacet
  facet normal 0 0 -1
    outer loop
      vertex 261.036 112.372 0
      vertex 257.464 112.372 0
      vertex 259.25 115.465 0
    endloop
  endfacet
  facet normal 0 0 -1
    outer loop
      vertex 257.464 112.372 0
      vertex 255.786 117.465 0
      vertex 259.25 115.465 0
    endloop
  endfacet
  facet normal 0 0 -1
    outer loop
      vertex 252.214 117.465 0
      vertex 255.786 117.465 0
      vertex 254 114.372 0
    endloop
  endfacet
  facet normal 0 0 -1
    outer loop
      vertex 254 114.372 0
      vertex 255.786 117.465 0
      vertex 257.464 112.372 0
    endloop
  endfacet
  facet normal 0 0 -1
    outer loop
      vertex 261.036 130.558 0
      vertex 257.464 130.558 0
      vertex 259.25 133.651 0
    endloop
  endfacet
  facet normal 0 0 -1
    outer loop
      vertex 257.464 130.558 0
      vertex 255.786 135.651 0
      vertex 259.25 133.651 0
    endloop
  endfacet
  facet normal 0 0 -1
    outer loop
      vertex 252.214 135.651 0
      vertex 255.786 135.651 0
      vertex 254 132.558 0
    endloop
  endfacet
  facet normal 0 0 -1
    outer loop
      vertex 254 132.558 0
      vertex 255.786 135.651 0
      vertex 257.464 130.558 0
    endloop
  endfacet
  facet normal 0 0 -1
    outer loop
      vertex 261.036 130.558 0
      vertex 262.714 135.651 0
      vertex 264.5 132.558 0
    endloop
  endfacet
  facet normal 0 0 -1
    outer loop
      vertex 261.036 130.558 0
      vertex 259.25 133.651 0
      vertex 262.714 135.651 0
    endloop
  endfacet
  facet normal 0 0 -1
    outer loop
      vertex 261.036 126.558 0
      vertex 257.464 126.558 0
      vertex 261.036 130.558 0
    endloop
  endfacet
  facet normal 0 0 -1
    outer loop
      vertex 257.464 130.558 0
      vertex 261.036 130.558 0
      vertex 257.464 126.558 0
    endloop
  endfacet
  facet normal 0 0 -1
    outer loop
      vertex 255.786 121.465 0
      vertex 257.464 126.558 0
      vertex 259.25 123.465 0
    endloop
  endfacet
  facet normal 0 0 -1
    outer loop
      vertex 255.786 121.465 0
      vertex 254 124.558 0
      vertex 257.464 126.558 0
    endloop
  endfacet
  facet normal 0 0 -1
    outer loop
      vertex 255.786 117.465 0
      vertex 252.214 117.465 0
      vertex 255.786 121.465 0
    endloop
  endfacet
  facet normal 0 0 -1
    outer loop
      vertex 252.214 121.465 0
      vertex 255.786 121.465 0
      vertex 252.214 117.465 0
    endloop
  endfacet
  facet normal 0 0 -1
    outer loop
      vertex 250.536 112.372 0
      vertex 252.214 117.465 0
      vertex 254 114.372 0
    endloop
  endfacet
  facet normal 0 0 -1
    outer loop
      vertex 250.536 112.372 0
      vertex 248.75 115.465 0
      vertex 252.214 117.465 0
    endloop
  endfacet
  facet normal 0 0 -1
    outer loop
      vertex 250.536 108.372 0
      vertex 246.964 108.372 0
      vertex 250.536 112.372 0
    endloop
  endfacet
  facet normal 0 0 -1
    outer loop
      vertex 246.964 112.372 0
      vertex 250.536 112.372 0
      vertex 246.964 108.372 0
    endloop
  endfacet
  facet normal 0 0 -1
    outer loop
      vertex 245.286 103.279 0
      vertex 246.964 108.372 0
      vertex 248.75 105.279 0
    endloop
  endfacet
  facet normal 0 0 -1
    outer loop
      vertex 245.286 103.279 0
      vertex 243.5 106.372 0
      vertex 246.964 108.372 0
    endloop
  endfacet
  facet normal 0 0 -1
    outer loop
      vertex 245.286 99.279 0
      vertex 241.714 99.279 0
      vertex 245.286 103.279 0
    endloop
  endfacet
  facet normal 0 0 -1
    outer loop
      vertex 241.714 103.279 0
      vertex 245.286 103.279 0
      vertex 241.714 99.279 0
    endloop
  endfacet
  facet normal 0 0 -1
    outer loop
      vertex 240.036 94.186 0
      vertex 241.714 99.279 0
      vertex 243.5 96.186 0
    endloop
  endfacet
  facet normal 0 0 -1
    outer loop
      vertex 240.036 94.186 0
      vertex 238.25 97.279 0
      vertex 241.714 99.279 0
    endloop
  endfacet
  facet normal 0 0 -1
    outer loop
      vertex 240.036 90.186 0
      vertex 236.464 90.186 0
      vertex 240.036 94.186 0
    endloop
  endfacet
  facet normal 0 0 -1
    outer loop
      vertex 236.464 94.186 0
      vertex 240.036 94.186 0
      vertex 236.464 90.186 0
    endloop
  endfacet
  facet normal 0 0 -1
    outer loop
      vertex 234.786 85.093 0
      vertex 236.464 90.186 0
      vertex 238.25 87.093 0
    endloop
  endfacet
  facet normal 0 0 -1
    outer loop
      vertex 234.786 85.093 0
      vertex 233 88.186 0
      vertex 236.464 90.186 0
    endloop
  endfacet
  facet normal 0 0 -1
    outer loop
      vertex 234.786 81.093 0
      vertex 231.214 81.093 0
      vertex 234.786 85.093 0
    endloop
  endfacet
  facet normal 0 0 -1
    outer loop
      vertex 231.214 85.093 0
      vertex 234.786 85.093 0
      vertex 231.214 81.093 0
    endloop
  endfacet
  facet normal 0 0 -1
    outer loop
      vertex 229.536 76 0
      vertex 231.214 81.093 0
      vertex 233 78 0
    endloop
  endfacet
  facet normal 0 0 -1
    outer loop
      vertex 229.536 76 0
      vertex 227.75 79.093 0
      vertex 231.214 81.093 0
    endloop
  endfacet
  facet normal 0 0 -1
    outer loop
      vertex 229.536 72 0
      vertex 225.964 72 0
      vertex 229.536 76 0
    endloop
  endfacet
  facet normal 0 0 -1
    outer loop
      vertex 225.964 76 0
      vertex 229.536 76 0
      vertex 225.964 72 0
    endloop
  endfacet
  facet normal 0 0 -1
    outer loop
      vertex 224.286 66.907 0
      vertex 225.964 72 0
      vertex 227.75 68.907 0
    endloop
  endfacet
  facet normal 0 0 -1
    outer loop
      vertex 224.286 66.907 0
      vertex 222.5 70 0
      vertex 225.964 72 0
    endloop
  endfacet
  facet normal 0 0 -1
    outer loop
      vertex 224.286 62.907 0
      vertex 220.714 62.907 0
      vertex 224.286 66.907 0
    endloop
  endfacet
  facet normal 0 0 -1
    outer loop
      vertex 220.714 66.907 0
      vertex 224.286 66.907 0
      vertex 220.714 62.907 0
    endloop
  endfacet
  facet normal 0 0 -1
    outer loop
      vertex 219.036 57.814 0
      vertex 220.714 62.907 0
      vertex 222.5 59.814 0
    endloop
  endfacet
  facet normal 0 0 -1
    outer loop
      vertex 219.036 57.814 0
      vertex 217.25 60.907 0
      vertex 220.714 62.907 0
    endloop
  endfacet
  facet normal -0 0 -1
    outer loop
      vertex 219.036 53.814 0
      vertex 216 49.9993 0
      vertex 219.036 57.814 0
    endloop
  endfacet
  facet normal 0 0 -1
    outer loop
      vertex 216 61.6287 0
      vertex 219.036 57.814 0
      vertex 216 49.9993 0
    endloop
  endfacet
  facet normal 0 0 -1
    outer loop
      vertex 219.036 57.814 0
      vertex 216 61.6287 0
      vertex 217.25 60.907 0
    endloop
  endfacet
  facet normal 0 0 -1
    outer loop
      vertex 266.286 30.535 0
      vertex 262.714 30.535 0
      vertex 264.5 33.628 0
    endloop
  endfacet
  facet normal 0 0 -1
    outer loop
      vertex 262.714 30.535 0
      vertex 261.036 35.628 0
      vertex 264.5 33.628 0
    endloop
  endfacet
  facet normal 0 0 -1
    outer loop
      vertex 257.464 35.628 0
      vertex 261.036 35.628 0
      vertex 259.25 32.535 0
    endloop
  endfacet
  facet normal 0 0 -1
    outer loop
      vertex 259.25 32.535 0
      vertex 261.036 35.628 0
      vertex 262.714 30.535 0
    endloop
  endfacet
  facet normal 0 0 -1
    outer loop
      vertex 266.286 48.721 0
      vertex 262.714 48.721 0
      vertex 264.5 51.814 0
    endloop
  endfacet
  facet normal 0 0 -1
    outer loop
      vertex 262.714 48.721 0
      vertex 261.036 53.814 0
      vertex 264.5 51.814 0
    endloop
  endfacet
  facet normal 0 0 -1
    outer loop
      vertex 257.464 53.814 0
      vertex 261.036 53.814 0
      vertex 259.25 50.721 0
    endloop
  endfacet
  facet normal 0 0 -1
    outer loop
      vertex 259.25 50.721 0
      vertex 261.036 53.814 0
      vertex 262.714 48.721 0
    endloop
  endfacet
  facet normal 0 0 -1
    outer loop
      vertex 266.286 66.907 0
      vertex 262.714 66.907 0
      vertex 264.5 70 0
    endloop
  endfacet
  facet normal 0 0 -1
    outer loop
      vertex 262.714 66.907 0
      vertex 261.036 72 0
      vertex 264.5 70 0
    endloop
  endfacet
  facet normal 0 0 -1
    outer loop
      vertex 257.464 72 0
      vertex 261.036 72 0
      vertex 259.25 68.907 0
    endloop
  endfacet
  facet normal 0 0 -1
    outer loop
      vertex 259.25 68.907 0
      vertex 261.036 72 0
      vertex 262.714 66.907 0
    endloop
  endfacet
  facet normal 0 0 -1
    outer loop
      vertex 266.286 85.093 0
      vertex 262.714 85.093 0
      vertex 264.5 88.186 0
    endloop
  endfacet
  facet normal 0 0 -1
    outer loop
      vertex 262.714 85.093 0
      vertex 261.036 90.186 0
      vertex 264.5 88.186 0
    endloop
  endfacet
  facet normal 0 0 -1
    outer loop
      vertex 257.464 90.186 0
      vertex 261.036 90.186 0
      vertex 259.25 87.093 0
    endloop
  endfacet
  facet normal 0 0 -1
    outer loop
      vertex 259.25 87.093 0
      vertex 261.036 90.186 0
      vertex 262.714 85.093 0
    endloop
  endfacet
  facet normal 0 0 -1
    outer loop
      vertex 266.286 103.279 0
      vertex 262.714 103.279 0
      vertex 264.5 106.372 0
    endloop
  endfacet
  facet normal 0 0 -1
    outer loop
      vertex 262.714 103.279 0
      vertex 261.036 108.372 0
      vertex 264.5 106.372 0
    endloop
  endfacet
  facet normal 0 0 -1
    outer loop
      vertex 257.464 108.372 0
      vertex 261.036 108.372 0
      vertex 259.25 105.279 0
    endloop
  endfacet
  facet normal 0 0 -1
    outer loop
      vertex 259.25 105.279 0
      vertex 261.036 108.372 0
      vertex 262.714 103.279 0
    endloop
  endfacet
  facet normal 0 0 -1
    outer loop
      vertex 266.286 121.465 0
      vertex 262.714 121.465 0
      vertex 264.5 124.558 0
    endloop
  endfacet
  facet normal 0 0 -1
    outer loop
      vertex 262.714 121.465 0
      vertex 261.036 126.558 0
      vertex 264.5 124.558 0
    endloop
  endfacet
  facet normal 0 0 -1
    outer loop
      vertex 257.464 126.558 0
      vertex 261.036 126.558 0
      vertex 259.25 123.465 0
    endloop
  endfacet
  facet normal 0 0 -1
    outer loop
      vertex 259.25 123.465 0
      vertex 261.036 126.558 0
      vertex 262.714 121.465 0
    endloop
  endfacet
  facet normal 0 0 -1
    outer loop
      vertex 271.536 39.628 0
      vertex 267.964 39.628 0
      vertex 269.75 42.721 0
    endloop
  endfacet
  facet normal 0 0 -1
    outer loop
      vertex 267.964 39.628 0
      vertex 266.286 44.721 0
      vertex 269.75 42.721 0
    endloop
  endfacet
  facet normal 0 0 -1
    outer loop
      vertex 262.714 44.721 0
      vertex 266.286 44.721 0
      vertex 264.5 41.628 0
    endloop
  endfacet
  facet normal 0 0 -1
    outer loop
      vertex 264.5 41.628 0
      vertex 266.286 44.721 0
      vertex 267.964 39.628 0
    endloop
  endfacet
  facet normal 0 0 -1
    outer loop
      vertex 271.536 57.814 0
      vertex 267.964 57.814 0
      vertex 269.75 60.907 0
    endloop
  endfacet
  facet normal 0 0 -1
    outer loop
      vertex 267.964 57.814 0
      vertex 266.286 62.907 0
      vertex 269.75 60.907 0
    endloop
  endfacet
  facet normal 0 0 -1
    outer loop
      vertex 262.714 62.907 0
      vertex 266.286 62.907 0
      vertex 264.5 59.814 0
    endloop
  endfacet
  facet normal 0 0 -1
    outer loop
      vertex 264.5 59.814 0
      vertex 266.286 62.907 0
      vertex 267.964 57.814 0
    endloop
  endfacet
  facet normal 0 0 -1
    outer loop
      vertex 271.536 76 0
      vertex 267.964 76 0
      vertex 269.75 79.093 0
    endloop
  endfacet
  facet normal 0 0 -1
    outer loop
      vertex 267.964 76 0
      vertex 266.286 81.093 0
      vertex 269.75 79.093 0
    endloop
  endfacet
  facet normal 0 0 -1
    outer loop
      vertex 262.714 81.093 0
      vertex 266.286 81.093 0
      vertex 264.5 78 0
    endloop
  endfacet
  facet normal 0 0 -1
    outer loop
      vertex 264.5 78 0
      vertex 266.286 81.093 0
      vertex 267.964 76 0
    endloop
  endfacet
  facet normal 0 0 -1
    outer loop
      vertex 271.536 94.186 0
      vertex 267.964 94.186 0
      vertex 269.75 97.279 0
    endloop
  endfacet
  facet normal 0 0 -1
    outer loop
      vertex 267.964 94.186 0
      vertex 266.286 99.279 0
      vertex 269.75 97.279 0
    endloop
  endfacet
  facet normal 0 0 -1
    outer loop
      vertex 262.714 99.279 0
      vertex 266.286 99.279 0
      vertex 264.5 96.186 0
    endloop
  endfacet
  facet normal 0 0 -1
    outer loop
      vertex 264.5 96.186 0
      vertex 266.286 99.279 0
      vertex 267.964 94.186 0
    endloop
  endfacet
  facet normal 0 0 -1
    outer loop
      vertex 271.536 112.372 0
      vertex 267.964 112.372 0
      vertex 269.75 115.465 0
    endloop
  endfacet
  facet normal 0 0 -1
    outer loop
      vertex 267.964 112.372 0
      vertex 266.286 117.465 0
      vertex 269.75 115.465 0
    endloop
  endfacet
  facet normal 0 0 -1
    outer loop
      vertex 262.714 117.465 0
      vertex 266.286 117.465 0
      vertex 264.5 114.372 0
    endloop
  endfacet
  facet normal 0 0 -1
    outer loop
      vertex 264.5 114.372 0
      vertex 266.286 117.465 0
      vertex 267.964 112.372 0
    endloop
  endfacet
  facet normal 0 0 -1
    outer loop
      vertex 271.536 130.558 0
      vertex 267.964 130.558 0
      vertex 269.75 133.651 0
    endloop
  endfacet
  facet normal 0 0 -1
    outer loop
      vertex 267.964 130.558 0
      vertex 266.286 135.651 0
      vertex 269.75 133.651 0
    endloop
  endfacet
  facet normal 0 0 -1
    outer loop
      vertex 262.714 135.651 0
      vertex 266.286 135.651 0
      vertex 264.5 132.558 0
    endloop
  endfacet
  facet normal 0 0 -1
    outer loop
      vertex 264.5 132.558 0
      vertex 266.286 135.651 0
      vertex 267.964 130.558 0
    endloop
  endfacet
  facet normal 0 0 -1
    outer loop
      vertex 271.536 130.558 0
      vertex 273.214 135.651 0
      vertex 275 132.558 0
    endloop
  endfacet
  facet normal 0 0 -1
    outer loop
      vertex 271.536 130.558 0
      vertex 269.75 133.651 0
      vertex 273.214 135.651 0
    endloop
  endfacet
  facet normal 0 0 -1
    outer loop
      vertex 271.536 126.558 0
      vertex 267.964 126.558 0
      vertex 271.536 130.558 0
    endloop
  endfacet
  facet normal 0 0 -1
    outer loop
      vertex 267.964 130.558 0
      vertex 271.536 130.558 0
      vertex 267.964 126.558 0
    endloop
  endfacet
  facet normal 0 0 -1
    outer loop
      vertex 266.286 121.465 0
      vertex 267.964 126.558 0
      vertex 269.75 123.465 0
    endloop
  endfacet
  facet normal 0 0 -1
    outer loop
      vertex 266.286 121.465 0
      vertex 264.5 124.558 0
      vertex 267.964 126.558 0
    endloop
  endfacet
  facet normal 0 0 -1
    outer loop
      vertex 266.286 117.465 0
      vertex 262.714 117.465 0
      vertex 266.286 121.465 0
    endloop
  endfacet
  facet normal 0 0 -1
    outer loop
      vertex 262.714 121.465 0
      vertex 266.286 121.465 0
      vertex 262.714 117.465 0
    endloop
  endfacet
  facet normal 0 0 -1
    outer loop
      vertex 261.036 112.372 0
      vertex 262.714 117.465 0
      vertex 264.5 114.372 0
    endloop
  endfacet
  facet normal 0 0 -1
    outer loop
      vertex 261.036 112.372 0
      vertex 259.25 115.465 0
      vertex 262.714 117.465 0
    endloop
  endfacet
  facet normal 0 0 -1
    outer loop
      vertex 261.036 108.372 0
      vertex 257.464 108.372 0
      vertex 261.036 112.372 0
    endloop
  endfacet
  facet normal 0 0 -1
    outer loop
      vertex 257.464 112.372 0
      vertex 261.036 112.372 0
      vertex 257.464 108.372 0
    endloop
  endfacet
  facet normal 0 0 -1
    outer loop
      vertex 255.786 103.279 0
      vertex 257.464 108.372 0
      vertex 259.25 105.279 0
    endloop
  endfacet
  facet normal 0 0 -1
    outer loop
      vertex 255.786 103.279 0
      vertex 254 106.372 0
      vertex 257.464 108.372 0
    endloop
  endfacet
  facet normal 0 0 -1
    outer loop
      vertex 255.786 99.279 0
      vertex 252.214 99.279 0
      vertex 255.786 103.279 0
    endloop
  endfacet
  facet normal 0 0 -1
    outer loop
      vertex 252.214 103.279 0
      vertex 255.786 103.279 0
      vertex 252.214 99.279 0
    endloop
  endfacet
  facet normal 0 0 -1
    outer loop
      vertex 250.536 94.186 0
      vertex 252.214 99.279 0
      vertex 254 96.186 0
    endloop
  endfacet
  facet normal 0 0 -1
    outer loop
      vertex 250.536 94.186 0
      vertex 248.75 97.279 0
      vertex 252.214 99.279 0
    endloop
  endfacet
  facet normal 0 0 -1
    outer loop
      vertex 250.536 90.186 0
      vertex 246.964 90.186 0
      vertex 250.536 94.186 0
    endloop
  endfacet
  facet normal 0 0 -1
    outer loop
      vertex 246.964 94.186 0
      vertex 250.536 94.186 0
      vertex 246.964 90.186 0
    endloop
  endfacet
  facet normal 0 0 -1
    outer loop
      vertex 245.286 85.093 0
      vertex 246.964 90.186 0
      vertex 248.75 87.093 0
    endloop
  endfacet
  facet normal 0 0 -1
    outer loop
      vertex 245.286 85.093 0
      vertex 243.5 88.186 0
      vertex 246.964 90.186 0
    endloop
  endfacet
  facet normal 0 0 -1
    outer loop
      vertex 245.286 81.093 0
      vertex 241.714 81.093 0
      vertex 245.286 85.093 0
    endloop
  endfacet
  facet normal 0 0 -1
    outer loop
      vertex 241.714 85.093 0
      vertex 245.286 85.093 0
      vertex 241.714 81.093 0
    endloop
  endfacet
  facet normal 0 0 -1
    outer loop
      vertex 240.036 76 0
      vertex 241.714 81.093 0
      vertex 243.5 78 0
    endloop
  endfacet
  facet normal 0 0 -1
    outer loop
      vertex 240.036 76 0
      vertex 238.25 79.093 0
      vertex 241.714 81.093 0
    endloop
  endfacet
  facet normal 0 0 -1
    outer loop
      vertex 240.036 72 0
      vertex 236.464 72 0
      vertex 240.036 76 0
    endloop
  endfacet
  facet normal 0 0 -1
    outer loop
      vertex 236.464 76 0
      vertex 240.036 76 0
      vertex 236.464 72 0
    endloop
  endfacet
  facet normal 0 0 -1
    outer loop
      vertex 234.786 66.907 0
      vertex 236.464 72 0
      vertex 238.25 68.907 0
    endloop
  endfacet
  facet normal 0 0 -1
    outer loop
      vertex 234.786 66.907 0
      vertex 233 70 0
      vertex 236.464 72 0
    endloop
  endfacet
  facet normal 0 0 -1
    outer loop
      vertex 234.786 62.907 0
      vertex 231.214 62.907 0
      vertex 234.786 66.907 0
    endloop
  endfacet
  facet normal 0 0 -1
    outer loop
      vertex 231.214 66.907 0
      vertex 234.786 66.907 0
      vertex 231.214 62.907 0
    endloop
  endfacet
  facet normal 0 0 -1
    outer loop
      vertex 229.536 57.814 0
      vertex 231.214 62.907 0
      vertex 233 59.814 0
    endloop
  endfacet
  facet normal 0 0 -1
    outer loop
      vertex 229.536 57.814 0
      vertex 227.75 60.907 0
      vertex 231.214 62.907 0
    endloop
  endfacet
  facet normal 0 0 -1
    outer loop
      vertex 229.536 53.814 0
      vertex 225.964 53.814 0
      vertex 229.536 57.814 0
    endloop
  endfacet
  facet normal 0 0 -1
    outer loop
      vertex 225.964 57.814 0
      vertex 229.536 57.814 0
      vertex 225.964 53.814 0
    endloop
  endfacet
  facet normal 0 0 -1
    outer loop
      vertex 224.286 48.721 0
      vertex 225.964 53.814 0
      vertex 227.75 50.721 0
    endloop
  endfacet
  facet normal 0 0 -1
    outer loop
      vertex 224.286 48.721 0
      vertex 222.5 51.814 0
      vertex 225.964 53.814 0
    endloop
  endfacet
  facet normal 0 0 -1
    outer loop
      vertex 224.286 44.721 0
      vertex 220.714 44.721 0
      vertex 224.286 48.721 0
    endloop
  endfacet
  facet normal 0 0 -1
    outer loop
      vertex 220.714 48.721 0
      vertex 224.286 48.721 0
      vertex 220.714 44.721 0
    endloop
  endfacet
  facet normal 0 0 -1
    outer loop
      vertex 219.036 39.628 0
      vertex 220.714 44.721 0
      vertex 222.5 41.628 0
    endloop
  endfacet
  facet normal 0 0 -1
    outer loop
      vertex 219.036 39.628 0
      vertex 217.25 42.721 0
      vertex 220.714 44.721 0
    endloop
  endfacet
  facet normal -0 0 -1
    outer loop
      vertex 219.036 35.628 0
      vertex 216 31.8133 0
      vertex 219.036 39.628 0
    endloop
  endfacet
  facet normal 0 0 -1
    outer loop
      vertex 216 43.4427 0
      vertex 219.036 39.628 0
      vertex 216 31.8133 0
    endloop
  endfacet
  facet normal 0 0 -1
    outer loop
      vertex 219.036 39.628 0
      vertex 216 43.4427 0
      vertex 217.25 42.721 0
    endloop
  endfacet
  facet normal 0 0 -1
    outer loop
      vertex 276.786 30.535 0
      vertex 273.214 30.535 0
      vertex 275 33.628 0
    endloop
  endfacet
  facet normal 0 0 -1
    outer loop
      vertex 273.214 30.535 0
      vertex 271.536 35.628 0
      vertex 275 33.628 0
    endloop
  endfacet
  facet normal 0 0 -1
    outer loop
      vertex 267.964 35.628 0
      vertex 271.536 35.628 0
      vertex 269.75 32.535 0
    endloop
  endfacet
  facet normal 0 0 -1
    outer loop
      vertex 269.75 32.535 0
      vertex 271.536 35.628 0
      vertex 273.214 30.535 0
    endloop
  endfacet
  facet normal 0 0 -1
    outer loop
      vertex 276.786 48.721 0
      vertex 273.214 48.721 0
      vertex 275 51.814 0
    endloop
  endfacet
  facet normal 0 0 -1
    outer loop
      vertex 273.214 48.721 0
      vertex 271.536 53.814 0
      vertex 275 51.814 0
    endloop
  endfacet
  facet normal 0 0 -1
    outer loop
      vertex 267.964 53.814 0
      vertex 271.536 53.814 0
      vertex 269.75 50.721 0
    endloop
  endfacet
  facet normal 0 0 -1
    outer loop
      vertex 269.75 50.721 0
      vertex 271.536 53.814 0
      vertex 273.214 48.721 0
    endloop
  endfacet
  facet normal 0 0 -1
    outer loop
      vertex 276.786 66.907 0
      vertex 273.214 66.907 0
      vertex 275 70 0
    endloop
  endfacet
  facet normal 0 0 -1
    outer loop
      vertex 273.214 66.907 0
      vertex 271.536 72 0
      vertex 275 70 0
    endloop
  endfacet
  facet normal 0 0 -1
    outer loop
      vertex 267.964 72 0
      vertex 271.536 72 0
      vertex 269.75 68.907 0
    endloop
  endfacet
  facet normal 0 0 -1
    outer loop
      vertex 269.75 68.907 0
      vertex 271.536 72 0
      vertex 273.214 66.907 0
    endloop
  endfacet
  facet normal 0 0 -1
    outer loop
      vertex 276.786 85.093 0
      vertex 273.214 85.093 0
      vertex 275 88.186 0
    endloop
  endfacet
  facet normal 0 0 -1
    outer loop
      vertex 273.214 85.093 0
      vertex 271.536 90.186 0
      vertex 275 88.186 0
    endloop
  endfacet
  facet normal 0 0 -1
    outer loop
      vertex 267.964 90.186 0
      vertex 271.536 90.186 0
      vertex 269.75 87.093 0
    endloop
  endfacet
  facet normal 0 0 -1
    outer loop
      vertex 269.75 87.093 0
      vertex 271.536 90.186 0
      vertex 273.214 85.093 0
    endloop
  endfacet
  facet normal 0 0 -1
    outer loop
      vertex 276.786 103.279 0
      vertex 273.214 103.279 0
      vertex 275 106.372 0
    endloop
  endfacet
  facet normal 0 0 -1
    outer loop
      vertex 273.214 103.279 0
      vertex 271.536 108.372 0
      vertex 275 106.372 0
    endloop
  endfacet
  facet normal 0 0 -1
    outer loop
      vertex 267.964 108.372 0
      vertex 271.536 108.372 0
      vertex 269.75 105.279 0
    endloop
  endfacet
  facet normal 0 0 -1
    outer loop
      vertex 269.75 105.279 0
      vertex 271.536 108.372 0
      vertex 273.214 103.279 0
    endloop
  endfacet
  facet normal 0 0 -1
    outer loop
      vertex 276.786 121.465 0
      vertex 273.214 121.465 0
      vertex 275 124.558 0
    endloop
  endfacet
  facet normal 0 0 -1
    outer loop
      vertex 273.214 121.465 0
      vertex 271.536 126.558 0
      vertex 275 124.558 0
    endloop
  endfacet
  facet normal 0 0 -1
    outer loop
      vertex 267.964 126.558 0
      vertex 271.536 126.558 0
      vertex 269.75 123.465 0
    endloop
  endfacet
  facet normal 0 0 -1
    outer loop
      vertex 269.75 123.465 0
      vertex 271.536 126.558 0
      vertex 273.214 121.465 0
    endloop
  endfacet
  facet normal 0 0 -1
    outer loop
      vertex 279.646 14 0
      vertex 281.141 7.54518 0
      vertex 279.778 7.24307 0
    endloop
  endfacet
  facet normal 0 0 -1
    outer loop
      vertex 281.141 7.54518 0
      vertex 279.646 14 0
      vertex 280.854 14 0
    endloop
  endfacet
  facet normal 0 0 -1
    outer loop
      vertex 278.394 7.06088 0
      vertex 279.646 14 0
      vertex 279.778 7.24307 0
    endloop
  endfacet
  facet normal 0 0 -1
    outer loop
      vertex 277 7 0
      vertex 279.646 14 0
      vertex 278.394 7.06088 0
    endloop
  endfacet
  facet normal -0 0 -1
    outer loop
      vertex 279.646 14 0
      vertex 277 7 0
      vertex 275 15.442 0
    endloop
  endfacet
  facet normal 0 0 -1
    outer loop
      vertex 279.646 14 0
      vertex 275 15.442 0
      vertex 278.464 17.442 0
    endloop
  endfacet
  facet normal 0 0 -1
    outer loop
      vertex 270.354 14 0
      vertex 275 15.442 0
      vertex 277 7 0
    endloop
  endfacet
  facet normal 0 0 -1
    outer loop
      vertex 269.75 14.349 0
      vertex 271.536 17.442 0
      vertex 270.354 14 0
    endloop
  endfacet
  facet normal -0 0 -1
    outer loop
      vertex 275 15.442 0
      vertex 270.354 14 0
      vertex 271.536 17.442 0
    endloop
  endfacet
  facet normal 0 0 -1
    outer loop
      vertex 277 7 0
      vertex 269.146 14 0
      vertex 270.354 14 0
    endloop
  endfacet
  facet normal 0 0 -1
    outer loop
      vertex 269.146 14 0
      vertex 264.5 15.442 0
      vertex 267.964 17.442 0
    endloop
  endfacet
  facet normal 0 0 -1
    outer loop
      vertex 259.854 14 0
      vertex 269.146 14 0
      vertex 277 7 0
    endloop
  endfacet
  facet normal 0 0 -1
    outer loop
      vertex 269.146 14 0
      vertex 259.854 14 0
      vertex 264.5 15.442 0
    endloop
  endfacet
  facet normal 0 0 -1
    outer loop
      vertex 259.25 14.349 0
      vertex 261.036 17.442 0
      vertex 259.854 14 0
    endloop
  endfacet
  facet normal -0 0 -1
    outer loop
      vertex 264.5 15.442 0
      vertex 259.854 14 0
      vertex 261.036 17.442 0
    endloop
  endfacet
  facet normal 0 0 -1
    outer loop
      vertex 277 7 0
      vertex 258.646 14 0
      vertex 259.854 14 0
    endloop
  endfacet
  facet normal 0 0 -1
    outer loop
      vertex 258.646 14 0
      vertex 254 15.442 0
      vertex 257.464 17.442 0
    endloop
  endfacet
  facet normal 0 0 -1
    outer loop
      vertex 249.354 14 0
      vertex 258.646 14 0
      vertex 277 7 0
    endloop
  endfacet
  facet normal 0 0 -1
    outer loop
      vertex 248.75 14.349 0
      vertex 250.536 17.442 0
      vertex 249.354 14 0
    endloop
  endfacet
  facet normal -0 0 -1
    outer loop
      vertex 254 15.442 0
      vertex 249.354 14 0
      vertex 250.536 17.442 0
    endloop
  endfacet
  facet normal 0 0 -1
    outer loop
      vertex 258.646 14 0
      vertex 249.354 14 0
      vertex 254 15.442 0
    endloop
  endfacet
  facet normal 0 0 -1
    outer loop
      vertex 277 7 0
      vertex 248.146 14 0
      vertex 249.354 14 0
    endloop
  endfacet
  facet normal 0 0 -1
    outer loop
      vertex 248.146 14 0
      vertex 243.5 15.442 0
      vertex 246.964 17.442 0
    endloop
  endfacet
  facet normal 0 0 -1
    outer loop
      vertex 238.25 14.349 0
      vertex 240.036 17.442 0
      vertex 238.854 14 0
    endloop
  endfacet
  facet normal -0 0 -1
    outer loop
      vertex 243.5 15.442 0
      vertex 238.854 14 0
      vertex 240.036 17.442 0
    endloop
  endfacet
  facet normal 0 0 -1
    outer loop
      vertex 248.146 14 0
      vertex 238.854 14 0
      vertex 243.5 15.442 0
    endloop
  endfacet
  facet normal 0 0 -1
    outer loop
      vertex 216 7 0
      vertex 248.146 14 0
      vertex 277 7 0
    endloop
  endfacet
  facet normal -0 0 -1
    outer loop
      vertex 248.146 14 0
      vertex 216 7 0
      vertex 238.854 14 0
    endloop
  endfacet
  facet normal 0 0 -1
    outer loop
      vertex 237.646 14 0
      vertex 233 15.442 0
      vertex 236.464 17.442 0
    endloop
  endfacet
  facet normal 0 0 -1
    outer loop
      vertex 227.75 14.349 0
      vertex 229.536 17.442 0
      vertex 228.354 14 0
    endloop
  endfacet
  facet normal -0 0 -1
    outer loop
      vertex 233 15.442 0
      vertex 228.354 14 0
      vertex 229.536 17.442 0
    endloop
  endfacet
  facet normal 0 0 -1
    outer loop
      vertex 237.646 14 0
      vertex 228.354 14 0
      vertex 233 15.442 0
    endloop
  endfacet
  facet normal -0 0 -1
    outer loop
      vertex 238.854 14 0
      vertex 216 7 0
      vertex 237.646 14 0
    endloop
  endfacet
  facet normal -0 0 -1
    outer loop
      vertex 237.646 14 0
      vertex 216 7 0
      vertex 228.354 14 0
    endloop
  endfacet
  facet normal 0 0 -1
    outer loop
      vertex 227.146 14 0
      vertex 222.5 15.442 0
      vertex 225.964 17.442 0
    endloop
  endfacet
  facet normal 0 0 -1
    outer loop
      vertex 217.25 14.349 0
      vertex 219.036 17.442 0
      vertex 217.854 14 0
    endloop
  endfacet
  facet normal -0 0 -1
    outer loop
      vertex 222.5 15.442 0
      vertex 217.854 14 0
      vertex 219.036 17.442 0
    endloop
  endfacet
  facet normal 0 0 -1
    outer loop
      vertex 216 7 0
      vertex 222.5 15.442 0
      vertex 227.146 14 0
    endloop
  endfacet
  facet normal -0 0 -1
    outer loop
      vertex 228.354 14 0
      vertex 216 7 0
      vertex 227.146 14 0
    endloop
  endfacet
  facet normal 0 0 -1
    outer loop
      vertex 222.5 15.442 0
      vertex 216 7 0
      vertex 217.854 14 0
    endloop
  endfacet
  facet normal -0 0 -1
    outer loop
      vertex 217.854 14 0
      vertex 216 7 0
      vertex 216.646 14 0
    endloop
  endfacet
  facet normal 0 0 -1
    outer loop
      vertex 282.036 39.628 0
      vertex 278.464 39.628 0
      vertex 280.25 42.721 0
    endloop
  endfacet
  facet normal 0 0 -1
    outer loop
      vertex 278.464 39.628 0
      vertex 276.786 44.721 0
      vertex 280.25 42.721 0
    endloop
  endfacet
  facet normal 0 0 -1
    outer loop
      vertex 273.214 44.721 0
      vertex 276.786 44.721 0
      vertex 275 41.628 0
    endloop
  endfacet
  facet normal 0 0 -1
    outer loop
      vertex 275 41.628 0
      vertex 276.786 44.721 0
      vertex 278.464 39.628 0
    endloop
  endfacet
  facet normal 0 0 -1
    outer loop
      vertex 282.036 57.814 0
      vertex 278.464 57.814 0
      vertex 280.25 60.907 0
    endloop
  endfacet
  facet normal 0 0 -1
    outer loop
      vertex 278.464 57.814 0
      vertex 276.786 62.907 0
      vertex 280.25 60.907 0
    endloop
  endfacet
  facet normal 0 0 -1
    outer loop
      vertex 273.214 62.907 0
      vertex 276.786 62.907 0
      vertex 275 59.814 0
    endloop
  endfacet
  facet normal 0 0 -1
    outer loop
      vertex 275 59.814 0
      vertex 276.786 62.907 0
      vertex 278.464 57.814 0
    endloop
  endfacet
  facet normal 0 0 -1
    outer loop
      vertex 282.036 76 0
      vertex 278.464 76 0
      vertex 280.25 79.093 0
    endloop
  endfacet
  facet normal 0 0 -1
    outer loop
      vertex 278.464 76 0
      vertex 276.786 81.093 0
      vertex 280.25 79.093 0
    endloop
  endfacet
  facet normal 0 0 -1
    outer loop
      vertex 273.214 81.093 0
      vertex 276.786 81.093 0
      vertex 275 78 0
    endloop
  endfacet
  facet normal 0 0 -1
    outer loop
      vertex 275 78 0
      vertex 276.786 81.093 0
      vertex 278.464 76 0
    endloop
  endfacet
  facet normal 0 0 -1
    outer loop
      vertex 282.036 94.186 0
      vertex 278.464 94.186 0
      vertex 280.25 97.279 0
    endloop
  endfacet
  facet normal 0 0 -1
    outer loop
      vertex 278.464 94.186 0
      vertex 276.786 99.279 0
      vertex 280.25 97.279 0
    endloop
  endfacet
  facet normal 0 0 -1
    outer loop
      vertex 273.214 99.279 0
      vertex 276.786 99.279 0
      vertex 275 96.186 0
    endloop
  endfacet
  facet normal 0 0 -1
    outer loop
      vertex 275 96.186 0
      vertex 276.786 99.279 0
      vertex 278.464 94.186 0
    endloop
  endfacet
  facet normal 0 0 -1
    outer loop
      vertex 282.036 112.372 0
      vertex 278.464 112.372 0
      vertex 280.25 115.465 0
    endloop
  endfacet
  facet normal 0 0 -1
    outer loop
      vertex 278.464 112.372 0
      vertex 276.786 117.465 0
      vertex 280.25 115.465 0
    endloop
  endfacet
  facet normal 0 0 -1
    outer loop
      vertex 273.214 117.465 0
      vertex 276.786 117.465 0
      vertex 275 114.372 0
    endloop
  endfacet
  facet normal 0 0 -1
    outer loop
      vertex 275 114.372 0
      vertex 276.786 117.465 0
      vertex 278.464 112.372 0
    endloop
  endfacet
  facet normal 0 0 -1
    outer loop
      vertex 282.036 130.558 0
      vertex 278.464 130.558 0
      vertex 280.25 133.651 0
    endloop
  endfacet
  facet normal 0 0 -1
    outer loop
      vertex 278.464 130.558 0
      vertex 276.786 135.651 0
      vertex 280.25 133.651 0
    endloop
  endfacet
  facet normal 0 0 -1
    outer loop
      vertex 273.214 135.651 0
      vertex 276.786 135.651 0
      vertex 275 132.558 0
    endloop
  endfacet
  facet normal 0 0 -1
    outer loop
      vertex 275 132.558 0
      vertex 276.786 135.651 0
      vertex 278.464 130.558 0
    endloop
  endfacet
  facet normal 0 0 -1
    outer loop
      vertex 283.714 117.465 0
      vertex 286 114.083 0
      vertex 285.5 114.372 0
    endloop
  endfacet
  facet normal 0 0 -1
    outer loop
      vertex 286 114.083 0
      vertex 283.714 117.465 0
      vertex 286 124.847 0
    endloop
  endfacet
  facet normal 0 0 -1
    outer loop
      vertex 283.714 121.465 0
      vertex 286 124.847 0
      vertex 283.714 117.465 0
    endloop
  endfacet
  facet normal 0 0 -1
    outer loop
      vertex 282.036 112.372 0
      vertex 283.714 117.465 0
      vertex 285.5 114.372 0
    endloop
  endfacet
  facet normal 0 0 -1
    outer loop
      vertex 282.036 112.372 0
      vertex 280.25 115.465 0
      vertex 283.714 117.465 0
    endloop
  endfacet
  facet normal 0 0 -1
    outer loop
      vertex 282.036 108.372 0
      vertex 278.464 108.372 0
      vertex 282.036 112.372 0
    endloop
  endfacet
  facet normal 0 0 -1
    outer loop
      vertex 278.464 112.372 0
      vertex 282.036 112.372 0
      vertex 278.464 108.372 0
    endloop
  endfacet
  facet normal 0 0 -1
    outer loop
      vertex 276.786 103.279 0
      vertex 278.464 108.372 0
      vertex 280.25 105.279 0
    endloop
  endfacet
  facet normal 0 0 -1
    outer loop
      vertex 276.786 103.279 0
      vertex 275 106.372 0
      vertex 278.464 108.372 0
    endloop
  endfacet
  facet normal 0 0 -1
    outer loop
      vertex 276.786 99.279 0
      vertex 273.214 99.279 0
      vertex 276.786 103.279 0
    endloop
  endfacet
  facet normal 0 0 -1
    outer loop
      vertex 273.214 103.279 0
      vertex 276.786 103.279 0
      vertex 273.214 99.279 0
    endloop
  endfacet
  facet normal 0 0 -1
    outer loop
      vertex 271.536 94.186 0
      vertex 273.214 99.279 0
      vertex 275 96.186 0
    endloop
  endfacet
  facet normal 0 0 -1
    outer loop
      vertex 271.536 94.186 0
      vertex 269.75 97.279 0
      vertex 273.214 99.279 0
    endloop
  endfacet
  facet normal 0 0 -1
    outer loop
      vertex 271.536 90.186 0
      vertex 267.964 90.186 0
      vertex 271.536 94.186 0
    endloop
  endfacet
  facet normal 0 0 -1
    outer loop
      vertex 267.964 94.186 0
      vertex 271.536 94.186 0
      vertex 267.964 90.186 0
    endloop
  endfacet
  facet normal 0 0 -1
    outer loop
      vertex 266.286 85.093 0
      vertex 267.964 90.186 0
      vertex 269.75 87.093 0
    endloop
  endfacet
  facet normal 0 0 -1
    outer loop
      vertex 266.286 85.093 0
      vertex 264.5 88.186 0
      vertex 267.964 90.186 0
    endloop
  endfacet
  facet normal 0 0 -1
    outer loop
      vertex 266.286 81.093 0
      vertex 262.714 81.093 0
      vertex 266.286 85.093 0
    endloop
  endfacet
  facet normal 0 0 -1
    outer loop
      vertex 262.714 85.093 0
      vertex 266.286 85.093 0
      vertex 262.714 81.093 0
    endloop
  endfacet
  facet normal 0 0 -1
    outer loop
      vertex 261.036 76 0
      vertex 262.714 81.093 0
      vertex 264.5 78 0
    endloop
  endfacet
  facet normal 0 0 -1
    outer loop
      vertex 261.036 76 0
      vertex 259.25 79.093 0
      vertex 262.714 81.093 0
    endloop
  endfacet
  facet normal 0 0 -1
    outer loop
      vertex 261.036 72 0
      vertex 257.464 72 0
      vertex 261.036 76 0
    endloop
  endfacet
  facet normal 0 0 -1
    outer loop
      vertex 257.464 76 0
      vertex 261.036 76 0
      vertex 257.464 72 0
    endloop
  endfacet
  facet normal 0 0 -1
    outer loop
      vertex 255.786 66.907 0
      vertex 257.464 72 0
      vertex 259.25 68.907 0
    endloop
  endfacet
  facet normal 0 0 -1
    outer loop
      vertex 255.786 66.907 0
      vertex 254 70 0
      vertex 257.464 72 0
    endloop
  endfacet
  facet normal 0 0 -1
    outer loop
      vertex 255.786 62.907 0
      vertex 252.214 62.907 0
      vertex 255.786 66.907 0
    endloop
  endfacet
  facet normal 0 0 -1
    outer loop
      vertex 252.214 66.907 0
      vertex 255.786 66.907 0
      vertex 252.214 62.907 0
    endloop
  endfacet
  facet normal 0 0 -1
    outer loop
      vertex 250.536 57.814 0
      vertex 252.214 62.907 0
      vertex 254 59.814 0
    endloop
  endfacet
  facet normal 0 0 -1
    outer loop
      vertex 250.536 57.814 0
      vertex 248.75 60.907 0
      vertex 252.214 62.907 0
    endloop
  endfacet
  facet normal 0 0 -1
    outer loop
      vertex 250.536 53.814 0
      vertex 246.964 53.814 0
      vertex 250.536 57.814 0
    endloop
  endfacet
  facet normal 0 0 -1
    outer loop
      vertex 246.964 57.814 0
      vertex 250.536 57.814 0
      vertex 246.964 53.814 0
    endloop
  endfacet
  facet normal 0 0 -1
    outer loop
      vertex 245.286 48.721 0
      vertex 246.964 53.814 0
      vertex 248.75 50.721 0
    endloop
  endfacet
  facet normal 0 0 -1
    outer loop
      vertex 245.286 48.721 0
      vertex 243.5 51.814 0
      vertex 246.964 53.814 0
    endloop
  endfacet
  facet normal 0 0 -1
    outer loop
      vertex 245.286 44.721 0
      vertex 241.714 44.721 0
      vertex 245.286 48.721 0
    endloop
  endfacet
  facet normal 0 0 -1
    outer loop
      vertex 241.714 48.721 0
      vertex 245.286 48.721 0
      vertex 241.714 44.721 0
    endloop
  endfacet
  facet normal 0 0 -1
    outer loop
      vertex 240.036 39.628 0
      vertex 241.714 44.721 0
      vertex 243.5 41.628 0
    endloop
  endfacet
  facet normal 0 0 -1
    outer loop
      vertex 240.036 39.628 0
      vertex 238.25 42.721 0
      vertex 241.714 44.721 0
    endloop
  endfacet
  facet normal 0 0 -1
    outer loop
      vertex 240.036 35.628 0
      vertex 236.464 35.628 0
      vertex 240.036 39.628 0
    endloop
  endfacet
  facet normal 0 0 -1
    outer loop
      vertex 236.464 39.628 0
      vertex 240.036 39.628 0
      vertex 236.464 35.628 0
    endloop
  endfacet
  facet normal 0 0 -1
    outer loop
      vertex 234.786 30.535 0
      vertex 236.464 35.628 0
      vertex 238.25 32.535 0
    endloop
  endfacet
  facet normal 0 0 -1
    outer loop
      vertex 234.786 30.535 0
      vertex 233 33.628 0
      vertex 236.464 35.628 0
    endloop
  endfacet
  facet normal 0 0 -1
    outer loop
      vertex 234.786 26.535 0
      vertex 231.214 26.535 0
      vertex 234.786 30.535 0
    endloop
  endfacet
  facet normal 0 0 -1
    outer loop
      vertex 231.214 30.535 0
      vertex 234.786 30.535 0
      vertex 231.214 26.535 0
    endloop
  endfacet
  facet normal 0 0 -1
    outer loop
      vertex 229.536 21.442 0
      vertex 231.214 26.535 0
      vertex 233 23.442 0
    endloop
  endfacet
  facet normal 0 0 -1
    outer loop
      vertex 225.964 17.442 0
      vertex 229.536 17.442 0
      vertex 227.75 14.349 0
    endloop
  endfacet
  facet normal 0 0 -1
    outer loop
      vertex 229.536 21.442 0
      vertex 227.75 24.535 0
      vertex 231.214 26.535 0
    endloop
  endfacet
  facet normal 0 0 -1
    outer loop
      vertex 229.536 17.442 0
      vertex 225.964 17.442 0
      vertex 229.536 21.442 0
    endloop
  endfacet
  facet normal 0 0 -1
    outer loop
      vertex 225.964 17.442 0
      vertex 227.75 14.349 0
      vertex 227.146 14 0
    endloop
  endfacet
  facet normal 0 0 -1
    outer loop
      vertex 225.964 21.442 0
      vertex 229.536 21.442 0
      vertex 225.964 17.442 0
    endloop
  endfacet
  facet normal 0 0 -1
    outer loop
      vertex 229.536 21.442 0
      vertex 225.964 21.442 0
      vertex 227.75 24.535 0
    endloop
  endfacet
  facet normal 0 0 -1
    outer loop
      vertex 225.964 21.442 0
      vertex 224.286 26.535 0
      vertex 227.75 24.535 0
    endloop
  endfacet
  facet normal 0 0 -1
    outer loop
      vertex 220.714 26.535 0
      vertex 224.286 26.535 0
      vertex 222.5 23.442 0
    endloop
  endfacet
  facet normal 0 0 -1
    outer loop
      vertex 222.5 23.442 0
      vertex 224.286 26.535 0
      vertex 225.964 21.442 0
    endloop
  endfacet
  facet normal 0 0 -1
    outer loop
      vertex 283.714 99.279 0
      vertex 286 95.8973 0
      vertex 285.5 96.186 0
    endloop
  endfacet
  facet normal 0 0 -1
    outer loop
      vertex 286 95.8973 0
      vertex 283.714 99.279 0
      vertex 286 106.661 0
    endloop
  endfacet
  facet normal 0 0 -1
    outer loop
      vertex 283.714 103.279 0
      vertex 286 106.661 0
      vertex 283.714 99.279 0
    endloop
  endfacet
  facet normal 0 0 -1
    outer loop
      vertex 282.036 94.186 0
      vertex 283.714 99.279 0
      vertex 285.5 96.186 0
    endloop
  endfacet
  facet normal 0 0 -1
    outer loop
      vertex 282.036 94.186 0
      vertex 280.25 97.279 0
      vertex 283.714 99.279 0
    endloop
  endfacet
  facet normal 0 0 -1
    outer loop
      vertex 282.036 90.186 0
      vertex 278.464 90.186 0
      vertex 282.036 94.186 0
    endloop
  endfacet
  facet normal 0 0 -1
    outer loop
      vertex 278.464 94.186 0
      vertex 282.036 94.186 0
      vertex 278.464 90.186 0
    endloop
  endfacet
  facet normal 0 0 -1
    outer loop
      vertex 276.786 85.093 0
      vertex 278.464 90.186 0
      vertex 280.25 87.093 0
    endloop
  endfacet
  facet normal 0 0 -1
    outer loop
      vertex 276.786 85.093 0
      vertex 275 88.186 0
      vertex 278.464 90.186 0
    endloop
  endfacet
  facet normal 0 0 -1
    outer loop
      vertex 276.786 81.093 0
      vertex 273.214 81.093 0
      vertex 276.786 85.093 0
    endloop
  endfacet
  facet normal 0 0 -1
    outer loop
      vertex 273.214 85.093 0
      vertex 276.786 85.093 0
      vertex 273.214 81.093 0
    endloop
  endfacet
  facet normal 0 0 -1
    outer loop
      vertex 271.536 76 0
      vertex 273.214 81.093 0
      vertex 275 78 0
    endloop
  endfacet
  facet normal 0 0 -1
    outer loop
      vertex 271.536 76 0
      vertex 269.75 79.093 0
      vertex 273.214 81.093 0
    endloop
  endfacet
  facet normal 0 0 -1
    outer loop
      vertex 271.536 72 0
      vertex 267.964 72 0
      vertex 271.536 76 0
    endloop
  endfacet
  facet normal 0 0 -1
    outer loop
      vertex 267.964 76 0
      vertex 271.536 76 0
      vertex 267.964 72 0
    endloop
  endfacet
  facet normal 0 0 -1
    outer loop
      vertex 266.286 66.907 0
      vertex 267.964 72 0
      vertex 269.75 68.907 0
    endloop
  endfacet
  facet normal 0 0 -1
    outer loop
      vertex 266.286 66.907 0
      vertex 264.5 70 0
      vertex 267.964 72 0
    endloop
  endfacet
  facet normal 0 0 -1
    outer loop
      vertex 266.286 62.907 0
      vertex 262.714 62.907 0
      vertex 266.286 66.907 0
    endloop
  endfacet
  facet normal 0 0 -1
    outer loop
      vertex 262.714 66.907 0
      vertex 266.286 66.907 0
      vertex 262.714 62.907 0
    endloop
  endfacet
  facet normal 0 0 -1
    outer loop
      vertex 261.036 57.814 0
      vertex 262.714 62.907 0
      vertex 264.5 59.814 0
    endloop
  endfacet
  facet normal 0 0 -1
    outer loop
      vertex 261.036 57.814 0
      vertex 259.25 60.907 0
      vertex 262.714 62.907 0
    endloop
  endfacet
  facet normal 0 0 -1
    outer loop
      vertex 261.036 53.814 0
      vertex 257.464 53.814 0
      vertex 261.036 57.814 0
    endloop
  endfacet
  facet normal 0 0 -1
    outer loop
      vertex 257.464 57.814 0
      vertex 261.036 57.814 0
      vertex 257.464 53.814 0
    endloop
  endfacet
  facet normal 0 0 -1
    outer loop
      vertex 255.786 48.721 0
      vertex 257.464 53.814 0
      vertex 259.25 50.721 0
    endloop
  endfacet
  facet normal 0 0 -1
    outer loop
      vertex 255.786 48.721 0
      vertex 254 51.814 0
      vertex 257.464 53.814 0
    endloop
  endfacet
  facet normal 0 0 -1
    outer loop
      vertex 255.786 44.721 0
      vertex 252.214 44.721 0
      vertex 255.786 48.721 0
    endloop
  endfacet
  facet normal 0 0 -1
    outer loop
      vertex 252.214 48.721 0
      vertex 255.786 48.721 0
      vertex 252.214 44.721 0
    endloop
  endfacet
  facet normal 0 0 -1
    outer loop
      vertex 250.536 39.628 0
      vertex 252.214 44.721 0
      vertex 254 41.628 0
    endloop
  endfacet
  facet normal 0 0 -1
    outer loop
      vertex 250.536 39.628 0
      vertex 248.75 42.721 0
      vertex 252.214 44.721 0
    endloop
  endfacet
  facet normal 0 0 -1
    outer loop
      vertex 250.536 35.628 0
      vertex 246.964 35.628 0
      vertex 250.536 39.628 0
    endloop
  endfacet
  facet normal 0 0 -1
    outer loop
      vertex 246.964 39.628 0
      vertex 250.536 39.628 0
      vertex 246.964 35.628 0
    endloop
  endfacet
  facet normal 0 0 -1
    outer loop
      vertex 245.286 30.535 0
      vertex 246.964 35.628 0
      vertex 248.75 32.535 0
    endloop
  endfacet
  facet normal 0 0 -1
    outer loop
      vertex 245.286 30.535 0
      vertex 243.5 33.628 0
      vertex 246.964 35.628 0
    endloop
  endfacet
  facet normal 0 0 -1
    outer loop
      vertex 245.286 26.535 0
      vertex 241.714 26.535 0
      vertex 245.286 30.535 0
    endloop
  endfacet
  facet normal 0 0 -1
    outer loop
      vertex 241.714 30.535 0
      vertex 245.286 30.535 0
      vertex 241.714 26.535 0
    endloop
  endfacet
  facet normal 0 0 -1
    outer loop
      vertex 240.036 21.442 0
      vertex 241.714 26.535 0
      vertex 243.5 23.442 0
    endloop
  endfacet
  facet normal 0 0 -1
    outer loop
      vertex 236.464 17.442 0
      vertex 240.036 17.442 0
      vertex 238.25 14.349 0
    endloop
  endfacet
  facet normal 0 0 -1
    outer loop
      vertex 240.036 21.442 0
      vertex 238.25 24.535 0
      vertex 241.714 26.535 0
    endloop
  endfacet
  facet normal 0 0 -1
    outer loop
      vertex 240.036 17.442 0
      vertex 236.464 17.442 0
      vertex 240.036 21.442 0
    endloop
  endfacet
  facet normal 0 0 -1
    outer loop
      vertex 236.464 17.442 0
      vertex 238.25 14.349 0
      vertex 237.646 14 0
    endloop
  endfacet
  facet normal 0 0 -1
    outer loop
      vertex 236.464 21.442 0
      vertex 240.036 21.442 0
      vertex 236.464 17.442 0
    endloop
  endfacet
  facet normal 0 0 -1
    outer loop
      vertex 240.036 21.442 0
      vertex 236.464 21.442 0
      vertex 238.25 24.535 0
    endloop
  endfacet
  facet normal 0 0 -1
    outer loop
      vertex 236.464 21.442 0
      vertex 234.786 26.535 0
      vertex 238.25 24.535 0
    endloop
  endfacet
  facet normal 0 0 -1
    outer loop
      vertex 231.214 26.535 0
      vertex 234.786 26.535 0
      vertex 233 23.442 0
    endloop
  endfacet
  facet normal 0 0 -1
    outer loop
      vertex 233 23.442 0
      vertex 234.786 26.535 0
      vertex 236.464 21.442 0
    endloop
  endfacet
  facet normal 0 0 -1
    outer loop
      vertex 283.714 81.093 0
      vertex 286 77.7113 0
      vertex 285.5 78 0
    endloop
  endfacet
  facet normal 0 0 -1
    outer loop
      vertex 286 77.7113 0
      vertex 283.714 81.093 0
      vertex 286 88.4747 0
    endloop
  endfacet
  facet normal 0 0 -1
    outer loop
      vertex 283.714 85.093 0
      vertex 286 88.4747 0
      vertex 283.714 81.093 0
    endloop
  endfacet
  facet normal 0 0 -1
    outer loop
      vertex 282.036 76 0
      vertex 283.714 81.093 0
      vertex 285.5 78 0
    endloop
  endfacet
  facet normal 0 0 -1
    outer loop
      vertex 282.036 76 0
      vertex 280.25 79.093 0
      vertex 283.714 81.093 0
    endloop
  endfacet
  facet normal 0 0 -1
    outer loop
      vertex 282.036 72 0
      vertex 278.464 72 0
      vertex 282.036 76 0
    endloop
  endfacet
  facet normal 0 0 -1
    outer loop
      vertex 278.464 76 0
      vertex 282.036 76 0
      vertex 278.464 72 0
    endloop
  endfacet
  facet normal 0 0 -1
    outer loop
      vertex 276.786 66.907 0
      vertex 278.464 72 0
      vertex 280.25 68.907 0
    endloop
  endfacet
  facet normal 0 0 -1
    outer loop
      vertex 276.786 66.907 0
      vertex 275 70 0
      vertex 278.464 72 0
    endloop
  endfacet
  facet normal 0 0 -1
    outer loop
      vertex 276.786 62.907 0
      vertex 273.214 62.907 0
      vertex 276.786 66.907 0
    endloop
  endfacet
  facet normal 0 0 -1
    outer loop
      vertex 273.214 66.907 0
      vertex 276.786 66.907 0
      vertex 273.214 62.907 0
    endloop
  endfacet
  facet normal 0 0 -1
    outer loop
      vertex 271.536 57.814 0
      vertex 273.214 62.907 0
      vertex 275 59.814 0
    endloop
  endfacet
  facet normal 0 0 -1
    outer loop
      vertex 271.536 57.814 0
      vertex 269.75 60.907 0
      vertex 273.214 62.907 0
    endloop
  endfacet
  facet normal 0 0 -1
    outer loop
      vertex 271.536 53.814 0
      vertex 267.964 53.814 0
      vertex 271.536 57.814 0
    endloop
  endfacet
  facet normal 0 0 -1
    outer loop
      vertex 267.964 57.814 0
      vertex 271.536 57.814 0
      vertex 267.964 53.814 0
    endloop
  endfacet
  facet normal 0 0 -1
    outer loop
      vertex 266.286 48.721 0
      vertex 267.964 53.814 0
      vertex 269.75 50.721 0
    endloop
  endfacet
  facet normal 0 0 -1
    outer loop
      vertex 266.286 48.721 0
      vertex 264.5 51.814 0
      vertex 267.964 53.814 0
    endloop
  endfacet
  facet normal 0 0 -1
    outer loop
      vertex 266.286 44.721 0
      vertex 262.714 44.721 0
      vertex 266.286 48.721 0
    endloop
  endfacet
  facet normal 0 0 -1
    outer loop
      vertex 262.714 48.721 0
      vertex 266.286 48.721 0
      vertex 262.714 44.721 0
    endloop
  endfacet
  facet normal 0 0 -1
    outer loop
      vertex 261.036 39.628 0
      vertex 262.714 44.721 0
      vertex 264.5 41.628 0
    endloop
  endfacet
  facet normal 0 0 -1
    outer loop
      vertex 261.036 39.628 0
      vertex 259.25 42.721 0
      vertex 262.714 44.721 0
    endloop
  endfacet
  facet normal 0 0 -1
    outer loop
      vertex 261.036 35.628 0
      vertex 257.464 35.628 0
      vertex 261.036 39.628 0
    endloop
  endfacet
  facet normal 0 0 -1
    outer loop
      vertex 257.464 39.628 0
      vertex 261.036 39.628 0
      vertex 257.464 35.628 0
    endloop
  endfacet
  facet normal 0 0 -1
    outer loop
      vertex 255.786 30.535 0
      vertex 257.464 35.628 0
      vertex 259.25 32.535 0
    endloop
  endfacet
  facet normal 0 0 -1
    outer loop
      vertex 255.786 30.535 0
      vertex 254 33.628 0
      vertex 257.464 35.628 0
    endloop
  endfacet
  facet normal 0 0 -1
    outer loop
      vertex 255.786 26.535 0
      vertex 252.214 26.535 0
      vertex 255.786 30.535 0
    endloop
  endfacet
  facet normal 0 0 -1
    outer loop
      vertex 252.214 30.535 0
      vertex 255.786 30.535 0
      vertex 252.214 26.535 0
    endloop
  endfacet
  facet normal 0 0 -1
    outer loop
      vertex 250.536 21.442 0
      vertex 252.214 26.535 0
      vertex 254 23.442 0
    endloop
  endfacet
  facet normal 0 0 -1
    outer loop
      vertex 246.964 17.442 0
      vertex 250.536 17.442 0
      vertex 248.75 14.349 0
    endloop
  endfacet
  facet normal 0 0 -1
    outer loop
      vertex 250.536 21.442 0
      vertex 248.75 24.535 0
      vertex 252.214 26.535 0
    endloop
  endfacet
  facet normal 0 0 -1
    outer loop
      vertex 250.536 17.442 0
      vertex 246.964 17.442 0
      vertex 250.536 21.442 0
    endloop
  endfacet
  facet normal 0 0 -1
    outer loop
      vertex 246.964 17.442 0
      vertex 248.75 14.349 0
      vertex 248.146 14 0
    endloop
  endfacet
  facet normal 0 0 -1
    outer loop
      vertex 246.964 21.442 0
      vertex 250.536 21.442 0
      vertex 246.964 17.442 0
    endloop
  endfacet
  facet normal 0 0 -1
    outer loop
      vertex 250.536 21.442 0
      vertex 246.964 21.442 0
      vertex 248.75 24.535 0
    endloop
  endfacet
  facet normal 0 0 -1
    outer loop
      vertex 246.964 21.442 0
      vertex 245.286 26.535 0
      vertex 248.75 24.535 0
    endloop
  endfacet
  facet normal 0 0 -1
    outer loop
      vertex 241.714 26.535 0
      vertex 245.286 26.535 0
      vertex 243.5 23.442 0
    endloop
  endfacet
  facet normal 0 0 -1
    outer loop
      vertex 243.5 23.442 0
      vertex 245.286 26.535 0
      vertex 246.964 21.442 0
    endloop
  endfacet
  facet normal 0 0 -1
    outer loop
      vertex 283.714 62.907 0
      vertex 286 59.5253 0
      vertex 285.5 59.814 0
    endloop
  endfacet
  facet normal 0 0 -1
    outer loop
      vertex 286 59.5253 0
      vertex 283.714 62.907 0
      vertex 286 70.2887 0
    endloop
  endfacet
  facet normal 0 0 -1
    outer loop
      vertex 283.714 66.907 0
      vertex 286 70.2887 0
      vertex 283.714 62.907 0
    endloop
  endfacet
  facet normal 0 0 -1
    outer loop
      vertex 282.036 57.814 0
      vertex 283.714 62.907 0
      vertex 285.5 59.814 0
    endloop
  endfacet
  facet normal 0 0 -1
    outer loop
      vertex 282.036 57.814 0
      vertex 280.25 60.907 0
      vertex 283.714 62.907 0
    endloop
  endfacet
  facet normal 0 0 -1
    outer loop
      vertex 282.036 53.814 0
      vertex 278.464 53.814 0
      vertex 282.036 57.814 0
    endloop
  endfacet
  facet normal 0 0 -1
    outer loop
      vertex 278.464 57.814 0
      vertex 282.036 57.814 0
      vertex 278.464 53.814 0
    endloop
  endfacet
  facet normal 0 0 -1
    outer loop
      vertex 276.786 48.721 0
      vertex 278.464 53.814 0
      vertex 280.25 50.721 0
    endloop
  endfacet
  facet normal 0 0 -1
    outer loop
      vertex 276.786 48.721 0
      vertex 275 51.814 0
      vertex 278.464 53.814 0
    endloop
  endfacet
  facet normal 0 0 -1
    outer loop
      vertex 276.786 44.721 0
      vertex 273.214 44.721 0
      vertex 276.786 48.721 0
    endloop
  endfacet
  facet normal 0 0 -1
    outer loop
      vertex 273.214 48.721 0
      vertex 276.786 48.721 0
      vertex 273.214 44.721 0
    endloop
  endfacet
  facet normal 0 0 -1
    outer loop
      vertex 271.536 39.628 0
      vertex 273.214 44.721 0
      vertex 275 41.628 0
    endloop
  endfacet
  facet normal 0 0 -1
    outer loop
      vertex 271.536 39.628 0
      vertex 269.75 42.721 0
      vertex 273.214 44.721 0
    endloop
  endfacet
  facet normal 0 0 -1
    outer loop
      vertex 271.536 35.628 0
      vertex 267.964 35.628 0
      vertex 271.536 39.628 0
    endloop
  endfacet
  facet normal 0 0 -1
    outer loop
      vertex 267.964 39.628 0
      vertex 271.536 39.628 0
      vertex 267.964 35.628 0
    endloop
  endfacet
  facet normal 0 0 -1
    outer loop
      vertex 266.286 30.535 0
      vertex 267.964 35.628 0
      vertex 269.75 32.535 0
    endloop
  endfacet
  facet normal 0 0 -1
    outer loop
      vertex 266.286 30.535 0
      vertex 264.5 33.628 0
      vertex 267.964 35.628 0
    endloop
  endfacet
  facet normal 0 0 -1
    outer loop
      vertex 266.286 26.535 0
      vertex 262.714 26.535 0
      vertex 266.286 30.535 0
    endloop
  endfacet
  facet normal 0 0 -1
    outer loop
      vertex 262.714 30.535 0
      vertex 266.286 30.535 0
      vertex 262.714 26.535 0
    endloop
  endfacet
  facet normal 0 0 -1
    outer loop
      vertex 261.036 21.442 0
      vertex 262.714 26.535 0
      vertex 264.5 23.442 0
    endloop
  endfacet
  facet normal 0 0 -1
    outer loop
      vertex 257.464 17.442 0
      vertex 261.036 17.442 0
      vertex 259.25 14.349 0
    endloop
  endfacet
  facet normal 0 0 -1
    outer loop
      vertex 261.036 21.442 0
      vertex 259.25 24.535 0
      vertex 262.714 26.535 0
    endloop
  endfacet
  facet normal 0 0 -1
    outer loop
      vertex 261.036 17.442 0
      vertex 257.464 17.442 0
      vertex 261.036 21.442 0
    endloop
  endfacet
  facet normal 0 0 -1
    outer loop
      vertex 257.464 17.442 0
      vertex 259.25 14.349 0
      vertex 258.646 14 0
    endloop
  endfacet
  facet normal 0 0 -1
    outer loop
      vertex 257.464 21.442 0
      vertex 261.036 21.442 0
      vertex 257.464 17.442 0
    endloop
  endfacet
  facet normal 0 0 -1
    outer loop
      vertex 261.036 21.442 0
      vertex 257.464 21.442 0
      vertex 259.25 24.535 0
    endloop
  endfacet
  facet normal 0 0 -1
    outer loop
      vertex 257.464 21.442 0
      vertex 255.786 26.535 0
      vertex 259.25 24.535 0
    endloop
  endfacet
  facet normal 0 0 -1
    outer loop
      vertex 252.214 26.535 0
      vertex 255.786 26.535 0
      vertex 254 23.442 0
    endloop
  endfacet
  facet normal 0 0 -1
    outer loop
      vertex 254 23.442 0
      vertex 255.786 26.535 0
      vertex 257.464 21.442 0
    endloop
  endfacet
  facet normal 0 0 -1
    outer loop
      vertex 283.714 44.721 0
      vertex 286 41.3393 0
      vertex 285.5 41.628 0
    endloop
  endfacet
  facet normal 0 0 -1
    outer loop
      vertex 286 41.3393 0
      vertex 283.714 44.721 0
      vertex 286 52.1027 0
    endloop
  endfacet
  facet normal 0 0 -1
    outer loop
      vertex 283.714 48.721 0
      vertex 286 52.1027 0
      vertex 283.714 44.721 0
    endloop
  endfacet
  facet normal 0 0 -1
    outer loop
      vertex 282.036 39.628 0
      vertex 283.714 44.721 0
      vertex 285.5 41.628 0
    endloop
  endfacet
  facet normal 0 0 -1
    outer loop
      vertex 282.036 39.628 0
      vertex 280.25 42.721 0
      vertex 283.714 44.721 0
    endloop
  endfacet
  facet normal 0 0 -1
    outer loop
      vertex 282.036 35.628 0
      vertex 278.464 35.628 0
      vertex 282.036 39.628 0
    endloop
  endfacet
  facet normal 0 0 -1
    outer loop
      vertex 278.464 39.628 0
      vertex 282.036 39.628 0
      vertex 278.464 35.628 0
    endloop
  endfacet
  facet normal 0 0 -1
    outer loop
      vertex 276.786 30.535 0
      vertex 278.464 35.628 0
      vertex 280.25 32.535 0
    endloop
  endfacet
  facet normal 0 0 -1
    outer loop
      vertex 276.786 30.535 0
      vertex 275 33.628 0
      vertex 278.464 35.628 0
    endloop
  endfacet
  facet normal 0 0 -1
    outer loop
      vertex 276.786 26.535 0
      vertex 273.214 26.535 0
      vertex 276.786 30.535 0
    endloop
  endfacet
  facet normal 0 0 -1
    outer loop
      vertex 273.214 30.535 0
      vertex 276.786 30.535 0
      vertex 273.214 26.535 0
    endloop
  endfacet
  facet normal 0 0 -1
    outer loop
      vertex 271.536 21.442 0
      vertex 273.214 26.535 0
      vertex 275 23.442 0
    endloop
  endfacet
  facet normal 0 0 -1
    outer loop
      vertex 267.964 17.442 0
      vertex 271.536 17.442 0
      vertex 269.75 14.349 0
    endloop
  endfacet
  facet normal 0 0 -1
    outer loop
      vertex 271.536 21.442 0
      vertex 269.75 24.535 0
      vertex 273.214 26.535 0
    endloop
  endfacet
  facet normal 0 0 -1
    outer loop
      vertex 271.536 17.442 0
      vertex 267.964 17.442 0
      vertex 271.536 21.442 0
    endloop
  endfacet
  facet normal 0 0 -1
    outer loop
      vertex 267.964 17.442 0
      vertex 269.75 14.349 0
      vertex 269.146 14 0
    endloop
  endfacet
  facet normal 0 0 -1
    outer loop
      vertex 267.964 21.442 0
      vertex 271.536 21.442 0
      vertex 267.964 17.442 0
    endloop
  endfacet
  facet normal 0 0 -1
    outer loop
      vertex 271.536 21.442 0
      vertex 267.964 21.442 0
      vertex 269.75 24.535 0
    endloop
  endfacet
  facet normal 0 0 -1
    outer loop
      vertex 267.964 21.442 0
      vertex 266.286 26.535 0
      vertex 269.75 24.535 0
    endloop
  endfacet
  facet normal 0 0 -1
    outer loop
      vertex 262.714 26.535 0
      vertex 266.286 26.535 0
      vertex 264.5 23.442 0
    endloop
  endfacet
  facet normal 0 0 -1
    outer loop
      vertex 264.5 23.442 0
      vertex 266.286 26.535 0
      vertex 267.964 21.442 0
    endloop
  endfacet
  facet normal 0 0 -1
    outer loop
      vertex 283.714 26.535 0
      vertex 286 23.1533 0
      vertex 285.5 23.442 0
    endloop
  endfacet
  facet normal 0 0 -1
    outer loop
      vertex 286 23.1533 0
      vertex 283.714 26.535 0
      vertex 286 33.9167 0
    endloop
  endfacet
  facet normal 0 0 -1
    outer loop
      vertex 283.714 30.535 0
      vertex 286 33.9167 0
      vertex 283.714 26.535 0
    endloop
  endfacet
  facet normal 0 0 -1
    outer loop
      vertex 282.036 21.442 0
      vertex 283.714 26.535 0
      vertex 285.5 23.442 0
    endloop
  endfacet
  facet normal 0 0 -1
    outer loop
      vertex 280.25 14.349 0
      vertex 282.036 17.442 0
      vertex 280.854 14 0
    endloop
  endfacet
  facet normal 0 0 -1
    outer loop
      vertex 278.464 17.442 0
      vertex 282.036 17.442 0
      vertex 280.25 14.349 0
    endloop
  endfacet
  facet normal 0 0 -1
    outer loop
      vertex 282.036 21.442 0
      vertex 280.25 24.535 0
      vertex 283.714 26.535 0
    endloop
  endfacet
  facet normal 0 0 -1
    outer loop
      vertex 282.036 17.442 0
      vertex 278.464 17.442 0
      vertex 282.036 21.442 0
    endloop
  endfacet
  facet normal 0 0 -1
    outer loop
      vertex 278.464 17.442 0
      vertex 280.25 14.349 0
      vertex 279.646 14 0
    endloop
  endfacet
  facet normal 0 0 -1
    outer loop
      vertex 278.464 21.442 0
      vertex 282.036 21.442 0
      vertex 278.464 17.442 0
    endloop
  endfacet
  facet normal 0 0 -1
    outer loop
      vertex 282.036 21.442 0
      vertex 278.464 21.442 0
      vertex 280.25 24.535 0
    endloop
  endfacet
  facet normal 0 0 -1
    outer loop
      vertex 278.464 21.442 0
      vertex 276.786 26.535 0
      vertex 280.25 24.535 0
    endloop
  endfacet
  facet normal 0 0 -1
    outer loop
      vertex 273.214 26.535 0
      vertex 276.786 26.535 0
      vertex 275 23.442 0
    endloop
  endfacet
  facet normal 0 0 -1
    outer loop
      vertex 275 23.442 0
      vertex 276.786 26.535 0
      vertex 278.464 21.442 0
    endloop
  endfacet
  facet normal 0 0 -1
    outer loop
      vertex 286 23.1533 0
      vertex 293 23 0
      vertex 292.939 21.6055 0
    endloop
  endfacet
  facet normal 0 0 -1
    outer loop
      vertex 293 23 0
      vertex 286 70.2887 0
      vertex 293 127 0
    endloop
  endfacet
  facet normal 0 0 -1
    outer loop
      vertex 286 23.1533 0
      vertex 292.939 21.6055 0
      vertex 292.757 20.2216 0
    endloop
  endfacet
  facet normal 0 0 -1
    outer loop
      vertex 286 77.7113 0
      vertex 293 127 0
      vertex 286 70.2887 0
    endloop
  endfacet
  facet normal 0 0 -1
    outer loop
      vertex 286 23.1533 0
      vertex 292.757 20.2216 0
      vertex 292.455 18.8589 0
    endloop
  endfacet
  facet normal 0 0 -1
    outer loop
      vertex 286 88.4747 0
      vertex 293 127 0
      vertex 286 77.7113 0
    endloop
  endfacet
  facet normal 0 0 -1
    outer loop
      vertex 286 23.1533 0
      vertex 292.455 18.8589 0
      vertex 292.035 17.5277 0
    endloop
  endfacet
  facet normal 0 0 -1
    outer loop
      vertex 286 95.8973 0
      vertex 293 127 0
      vertex 286 88.4747 0
    endloop
  endfacet
  facet normal 0 0 -1
    outer loop
      vertex 286 15.7307 0
      vertex 292.035 17.5277 0
      vertex 291.501 16.2381 0
    endloop
  endfacet
  facet normal 0 0 -1
    outer loop
      vertex 286 106.661 0
      vertex 293 127 0
      vertex 286 95.8973 0
    endloop
  endfacet
  facet normal 0 0 -1
    outer loop
      vertex 286 15.7307 0
      vertex 291.501 16.2381 0
      vertex 290.856 15 0
    endloop
  endfacet
  facet normal 0 0 -1
    outer loop
      vertex 286 114.083 0
      vertex 293 127 0
      vertex 286 106.661 0
    endloop
  endfacet
  facet normal 0 0 -1
    outer loop
      vertex 286 15.7307 0
      vertex 290.856 15 0
      vertex 290.106 13.8228 0
    endloop
  endfacet
  facet normal 0 0 -1
    outer loop
      vertex 286 124.847 0
      vertex 293 127 0
      vertex 286 114.083 0
    endloop
  endfacet
  facet normal 0 0 -1
    outer loop
      vertex 286 15.7307 0
      vertex 290.106 13.8228 0
      vertex 289.257 12.7154 0
    endloop
  endfacet
  facet normal -0 0 -1
    outer loop
      vertex 293 127 0
      vertex 286 124.847 0
      vertex 292.939 128.394 0
    endloop
  endfacet
  facet normal 0 0 -1
    outer loop
      vertex 286 15.7307 0
      vertex 289.257 12.7154 0
      vertex 288.314 11.6863 0
    endloop
  endfacet
  facet normal -0 0 -1
    outer loop
      vertex 292.939 128.394 0
      vertex 286 124.847 0
      vertex 292.757 129.778 0
    endloop
  endfacet
  facet normal 0 0 -1
    outer loop
      vertex 285.5 15.442 0
      vertex 288.314 11.6863 0
      vertex 287.285 10.7433 0
    endloop
  endfacet
  facet normal 0 0 -1
    outer loop
      vertex 293 23 0
      vertex 286 59.5253 0
      vertex 286 70.2887 0
    endloop
  endfacet
  facet normal 0 0 -1
    outer loop
      vertex 285.5 15.442 0
      vertex 287.285 10.7433 0
      vertex 286.177 9.89357 0
    endloop
  endfacet
  facet normal 0 0 -1
    outer loop
      vertex 293 23 0
      vertex 286 33.9167 0
      vertex 286 41.3393 0
    endloop
  endfacet
  facet normal -0 0 -1
    outer loop
      vertex 292.035 17.5277 0
      vertex 286 15.7307 0
      vertex 286 23.1533 0
    endloop
  endfacet
  facet normal 0 0 -1
    outer loop
      vertex 288.314 11.6863 0
      vertex 285.5 15.442 0
      vertex 286 15.7307 0
    endloop
  endfacet
  facet normal 0 0 -1
    outer loop
      vertex 280.854 14 0
      vertex 286.177 9.89357 0
      vertex 285 9.1436 0
    endloop
  endfacet
  facet normal 0 0 -1
    outer loop
      vertex 280.854 14 0
      vertex 285 9.1436 0
      vertex 283.762 8.49907 0
    endloop
  endfacet
  facet normal 0 0 -1
    outer loop
      vertex 280.854 14 0
      vertex 283.762 8.49907 0
      vertex 282.472 7.96492 0
    endloop
  endfacet
  facet normal 0 0 -1
    outer loop
      vertex 286.177 9.89357 0
      vertex 280.854 14 0
      vertex 285.5 15.442 0
    endloop
  endfacet
  facet normal -0 0 -1
    outer loop
      vertex 285.5 15.442 0
      vertex 280.854 14 0
      vertex 282.036 17.442 0
    endloop
  endfacet
  facet normal 0 0 -1
    outer loop
      vertex 280.854 14 0
      vertex 282.472 7.96492 0
      vertex 281.141 7.54518 0
    endloop
  endfacet
  facet normal 0 0 -1
    outer loop
      vertex 293 23 0
      vertex 286 23.1533 0
      vertex 286 33.9167 0
    endloop
  endfacet
  facet normal 0 0 -1
    outer loop
      vertex 293 23 0
      vertex 286 41.3393 0
      vertex 286 52.1027 0
    endloop
  endfacet
  facet normal 0 0 -1
    outer loop
      vertex 293 23 0
      vertex 286 52.1027 0
      vertex 286 59.5253 0
    endloop
  endfacet
  facet normal 0 0 -1
    outer loop
      vertex 286 132.269 0
      vertex 292.757 129.778 0
      vertex 286 124.847 0
    endloop
  endfacet
  facet normal 0 0 -1
    outer loop
      vertex 292.757 129.778 0
      vertex 286 132.269 0
      vertex 292.455 131.141 0
    endloop
  endfacet
  facet normal 0 0 -1
    outer loop
      vertex 292.455 131.141 0
      vertex 286 132.269 0
      vertex 292.035 132.472 0
    endloop
  endfacet
  facet normal -0 0 -1
    outer loop
      vertex 292.035 132.472 0
      vertex 286 132.269 0
      vertex 291.501 133.762 0
    endloop
  endfacet
  facet normal -0 0 -1
    outer loop
      vertex 291.501 133.762 0
      vertex 286 132.269 0
      vertex 290.856 135 0
    endloop
  endfacet
  facet normal -0 0 -1
    outer loop
      vertex 290.856 135 0
      vertex 286 132.269 0
      vertex 290.106 136.177 0
    endloop
  endfacet
  facet normal -0 0 -1
    outer loop
      vertex 290.106 136.177 0
      vertex 286 132.269 0
      vertex 289.257 137.285 0
    endloop
  endfacet
  facet normal 0 0 -1
    outer loop
      vertex 285.5 132.558 0
      vertex 289.257 137.285 0
      vertex 286 132.269 0
    endloop
  endfacet
  facet normal 0 0 -1
    outer loop
      vertex 283.714 135.651 0
      vertex 289.257 137.285 0
      vertex 285.5 132.558 0
    endloop
  endfacet
  facet normal 0 0 -1
    outer loop
      vertex 283.714 136 0
      vertex 289.257 137.285 0
      vertex 283.714 135.651 0
    endloop
  endfacet
  facet normal -0 0 -1
    outer loop
      vertex 289.257 137.285 0
      vertex 283.714 136 0
      vertex 288.314 138.314 0
    endloop
  endfacet
  facet normal -0 0 -1
    outer loop
      vertex 287.285 139.257 0
      vertex 283.714 136 0
      vertex 286.177 140.106 0
    endloop
  endfacet
  facet normal -0 0 -1
    outer loop
      vertex 286.177 140.106 0
      vertex 283.714 136 0
      vertex 285 140.856 0
    endloop
  endfacet
  facet normal -0 0 -1
    outer loop
      vertex 288.314 138.314 0
      vertex 283.714 136 0
      vertex 287.285 139.257 0
    endloop
  endfacet
  facet normal 0 0 -1
    outer loop
      vertex 282.036 130.558 0
      vertex 283.714 135.651 0
      vertex 285.5 132.558 0
    endloop
  endfacet
  facet normal 0 0 -1
    outer loop
      vertex 282.036 130.558 0
      vertex 280.25 133.651 0
      vertex 283.714 135.651 0
    endloop
  endfacet
  facet normal 0 0 -1
    outer loop
      vertex 282.036 126.558 0
      vertex 278.464 126.558 0
      vertex 282.036 130.558 0
    endloop
  endfacet
  facet normal 0 0 -1
    outer loop
      vertex 278.464 130.558 0
      vertex 282.036 130.558 0
      vertex 278.464 126.558 0
    endloop
  endfacet
  facet normal 0 0 -1
    outer loop
      vertex 276.786 121.465 0
      vertex 278.464 126.558 0
      vertex 280.25 123.465 0
    endloop
  endfacet
  facet normal 0 0 -1
    outer loop
      vertex 276.786 121.465 0
      vertex 275 124.558 0
      vertex 278.464 126.558 0
    endloop
  endfacet
  facet normal 0 0 -1
    outer loop
      vertex 276.786 117.465 0
      vertex 273.214 117.465 0
      vertex 276.786 121.465 0
    endloop
  endfacet
  facet normal 0 0 -1
    outer loop
      vertex 273.214 121.465 0
      vertex 276.786 121.465 0
      vertex 273.214 117.465 0
    endloop
  endfacet
  facet normal 0 0 -1
    outer loop
      vertex 271.536 112.372 0
      vertex 273.214 117.465 0
      vertex 275 114.372 0
    endloop
  endfacet
  facet normal 0 0 -1
    outer loop
      vertex 271.536 112.372 0
      vertex 269.75 115.465 0
      vertex 273.214 117.465 0
    endloop
  endfacet
  facet normal 0 0 -1
    outer loop
      vertex 271.536 108.372 0
      vertex 267.964 108.372 0
      vertex 271.536 112.372 0
    endloop
  endfacet
  facet normal 0 0 -1
    outer loop
      vertex 267.964 112.372 0
      vertex 271.536 112.372 0
      vertex 267.964 108.372 0
    endloop
  endfacet
  facet normal 0 0 -1
    outer loop
      vertex 266.286 103.279 0
      vertex 267.964 108.372 0
      vertex 269.75 105.279 0
    endloop
  endfacet
  facet normal 0 0 -1
    outer loop
      vertex 266.286 103.279 0
      vertex 264.5 106.372 0
      vertex 267.964 108.372 0
    endloop
  endfacet
  facet normal 0 0 -1
    outer loop
      vertex 266.286 99.279 0
      vertex 262.714 99.279 0
      vertex 266.286 103.279 0
    endloop
  endfacet
  facet normal 0 0 -1
    outer loop
      vertex 262.714 103.279 0
      vertex 266.286 103.279 0
      vertex 262.714 99.279 0
    endloop
  endfacet
  facet normal 0 0 -1
    outer loop
      vertex 261.036 94.186 0
      vertex 262.714 99.279 0
      vertex 264.5 96.186 0
    endloop
  endfacet
  facet normal 0 0 -1
    outer loop
      vertex 261.036 94.186 0
      vertex 259.25 97.279 0
      vertex 262.714 99.279 0
    endloop
  endfacet
  facet normal 0 0 -1
    outer loop
      vertex 261.036 90.186 0
      vertex 257.464 90.186 0
      vertex 261.036 94.186 0
    endloop
  endfacet
  facet normal 0 0 -1
    outer loop
      vertex 257.464 94.186 0
      vertex 261.036 94.186 0
      vertex 257.464 90.186 0
    endloop
  endfacet
  facet normal 0 0 -1
    outer loop
      vertex 255.786 85.093 0
      vertex 257.464 90.186 0
      vertex 259.25 87.093 0
    endloop
  endfacet
  facet normal 0 0 -1
    outer loop
      vertex 255.786 85.093 0
      vertex 254 88.186 0
      vertex 257.464 90.186 0
    endloop
  endfacet
  facet normal 0 0 -1
    outer loop
      vertex 255.786 81.093 0
      vertex 252.214 81.093 0
      vertex 255.786 85.093 0
    endloop
  endfacet
  facet normal 0 0 -1
    outer loop
      vertex 252.214 85.093 0
      vertex 255.786 85.093 0
      vertex 252.214 81.093 0
    endloop
  endfacet
  facet normal 0 0 -1
    outer loop
      vertex 250.536 76 0
      vertex 252.214 81.093 0
      vertex 254 78 0
    endloop
  endfacet
  facet normal 0 0 -1
    outer loop
      vertex 250.536 76 0
      vertex 248.75 79.093 0
      vertex 252.214 81.093 0
    endloop
  endfacet
  facet normal 0 0 -1
    outer loop
      vertex 250.536 72 0
      vertex 246.964 72 0
      vertex 250.536 76 0
    endloop
  endfacet
  facet normal 0 0 -1
    outer loop
      vertex 246.964 76 0
      vertex 250.536 76 0
      vertex 246.964 72 0
    endloop
  endfacet
  facet normal 0 0 -1
    outer loop
      vertex 245.286 66.907 0
      vertex 246.964 72 0
      vertex 248.75 68.907 0
    endloop
  endfacet
  facet normal 0 0 -1
    outer loop
      vertex 245.286 66.907 0
      vertex 243.5 70 0
      vertex 246.964 72 0
    endloop
  endfacet
  facet normal 0 0 -1
    outer loop
      vertex 245.286 62.907 0
      vertex 241.714 62.907 0
      vertex 245.286 66.907 0
    endloop
  endfacet
  facet normal 0 0 -1
    outer loop
      vertex 241.714 66.907 0
      vertex 245.286 66.907 0
      vertex 241.714 62.907 0
    endloop
  endfacet
  facet normal 0 0 -1
    outer loop
      vertex 240.036 57.814 0
      vertex 241.714 62.907 0
      vertex 243.5 59.814 0
    endloop
  endfacet
  facet normal 0 0 -1
    outer loop
      vertex 240.036 57.814 0
      vertex 238.25 60.907 0
      vertex 241.714 62.907 0
    endloop
  endfacet
  facet normal 0 0 -1
    outer loop
      vertex 240.036 53.814 0
      vertex 236.464 53.814 0
      vertex 240.036 57.814 0
    endloop
  endfacet
  facet normal 0 0 -1
    outer loop
      vertex 236.464 57.814 0
      vertex 240.036 57.814 0
      vertex 236.464 53.814 0
    endloop
  endfacet
  facet normal 0 0 -1
    outer loop
      vertex 234.786 48.721 0
      vertex 236.464 53.814 0
      vertex 238.25 50.721 0
    endloop
  endfacet
  facet normal 0 0 -1
    outer loop
      vertex 234.786 48.721 0
      vertex 233 51.814 0
      vertex 236.464 53.814 0
    endloop
  endfacet
  facet normal 0 0 -1
    outer loop
      vertex 234.786 44.721 0
      vertex 231.214 44.721 0
      vertex 234.786 48.721 0
    endloop
  endfacet
  facet normal 0 0 -1
    outer loop
      vertex 231.214 48.721 0
      vertex 234.786 48.721 0
      vertex 231.214 44.721 0
    endloop
  endfacet
  facet normal 0 0 -1
    outer loop
      vertex 229.536 39.628 0
      vertex 231.214 44.721 0
      vertex 233 41.628 0
    endloop
  endfacet
  facet normal 0 0 -1
    outer loop
      vertex 229.536 39.628 0
      vertex 227.75 42.721 0
      vertex 231.214 44.721 0
    endloop
  endfacet
  facet normal 0 0 -1
    outer loop
      vertex 229.536 35.628 0
      vertex 225.964 35.628 0
      vertex 229.536 39.628 0
    endloop
  endfacet
  facet normal 0 0 -1
    outer loop
      vertex 225.964 39.628 0
      vertex 229.536 39.628 0
      vertex 225.964 35.628 0
    endloop
  endfacet
  facet normal 0 0 -1
    outer loop
      vertex 224.286 30.535 0
      vertex 225.964 35.628 0
      vertex 227.75 32.535 0
    endloop
  endfacet
  facet normal 0 0 -1
    outer loop
      vertex 224.286 30.535 0
      vertex 222.5 33.628 0
      vertex 225.964 35.628 0
    endloop
  endfacet
  facet normal 0 0 -1
    outer loop
      vertex 224.286 26.535 0
      vertex 220.714 26.535 0
      vertex 224.286 30.535 0
    endloop
  endfacet
  facet normal 0 0 -1
    outer loop
      vertex 220.714 30.535 0
      vertex 224.286 30.535 0
      vertex 220.714 26.535 0
    endloop
  endfacet
  facet normal 0 0 -1
    outer loop
      vertex 219.036 21.442 0
      vertex 220.714 26.535 0
      vertex 222.5 23.442 0
    endloop
  endfacet
  facet normal 0 0 -1
    outer loop
      vertex 216.646 14 0
      vertex 219.036 17.442 0
      vertex 217.25 14.349 0
    endloop
  endfacet
  facet normal 0 0 -1
    outer loop
      vertex 219.036 21.442 0
      vertex 217.25 24.535 0
      vertex 220.714 26.535 0
    endloop
  endfacet
  facet normal -0 0 -1
    outer loop
      vertex 219.036 17.442 0
      vertex 216.646 14 0
      vertex 219.036 21.442 0
    endloop
  endfacet
  facet normal 0 0 -1
    outer loop
      vertex 216 25.2567 0
      vertex 219.036 21.442 0
      vertex 216.646 14 0
    endloop
  endfacet
  facet normal 0 0 -1
    outer loop
      vertex 216 25.2567 0
      vertex 216.646 14 0
      vertex 216 7 0
    endloop
  endfacet
  facet normal 0 0 -1
    outer loop
      vertex 219.036 21.442 0
      vertex 216 25.2567 0
      vertex 217.25 24.535 0
    endloop
  endfacet
  facet normal 0 0 -1
    outer loop
      vertex 286 33.9167 0
      vertex 283.714 30.535 0
      vertex 285.5 33.628 0
    endloop
  endfacet
  facet normal 0 0 -1
    outer loop
      vertex 283.714 30.535 0
      vertex 282.036 35.628 0
      vertex 285.5 33.628 0
    endloop
  endfacet
  facet normal 0 0 -1
    outer loop
      vertex 278.464 35.628 0
      vertex 282.036 35.628 0
      vertex 280.25 32.535 0
    endloop
  endfacet
  facet normal 0 0 -1
    outer loop
      vertex 280.25 32.535 0
      vertex 282.036 35.628 0
      vertex 283.714 30.535 0
    endloop
  endfacet
  facet normal 0 0 -1
    outer loop
      vertex 286 52.1027 0
      vertex 283.714 48.721 0
      vertex 285.5 51.814 0
    endloop
  endfacet
  facet normal 0 0 -1
    outer loop
      vertex 283.714 48.721 0
      vertex 282.036 53.814 0
      vertex 285.5 51.814 0
    endloop
  endfacet
  facet normal 0 0 -1
    outer loop
      vertex 278.464 53.814 0
      vertex 282.036 53.814 0
      vertex 280.25 50.721 0
    endloop
  endfacet
  facet normal 0 0 -1
    outer loop
      vertex 280.25 50.721 0
      vertex 282.036 53.814 0
      vertex 283.714 48.721 0
    endloop
  endfacet
  facet normal 0 0 -1
    outer loop
      vertex 286 70.2887 0
      vertex 283.714 66.907 0
      vertex 285.5 70 0
    endloop
  endfacet
  facet normal 0 0 -1
    outer loop
      vertex 283.714 66.907 0
      vertex 282.036 72 0
      vertex 285.5 70 0
    endloop
  endfacet
  facet normal 0 0 -1
    outer loop
      vertex 278.464 72 0
      vertex 282.036 72 0
      vertex 280.25 68.907 0
    endloop
  endfacet
  facet normal 0 0 -1
    outer loop
      vertex 280.25 68.907 0
      vertex 282.036 72 0
      vertex 283.714 66.907 0
    endloop
  endfacet
  facet normal 0 0 -1
    outer loop
      vertex 286 88.4747 0
      vertex 283.714 85.093 0
      vertex 285.5 88.186 0
    endloop
  endfacet
  facet normal 0 0 -1
    outer loop
      vertex 283.714 85.093 0
      vertex 282.036 90.186 0
      vertex 285.5 88.186 0
    endloop
  endfacet
  facet normal 0 0 -1
    outer loop
      vertex 278.464 90.186 0
      vertex 282.036 90.186 0
      vertex 280.25 87.093 0
    endloop
  endfacet
  facet normal 0 0 -1
    outer loop
      vertex 280.25 87.093 0
      vertex 282.036 90.186 0
      vertex 283.714 85.093 0
    endloop
  endfacet
  facet normal 0 0 -1
    outer loop
      vertex 286 106.661 0
      vertex 283.714 103.279 0
      vertex 285.5 106.372 0
    endloop
  endfacet
  facet normal 0 0 -1
    outer loop
      vertex 283.714 103.279 0
      vertex 282.036 108.372 0
      vertex 285.5 106.372 0
    endloop
  endfacet
  facet normal 0 0 -1
    outer loop
      vertex 278.464 108.372 0
      vertex 282.036 108.372 0
      vertex 280.25 105.279 0
    endloop
  endfacet
  facet normal 0 0 -1
    outer loop
      vertex 280.25 105.279 0
      vertex 282.036 108.372 0
      vertex 283.714 103.279 0
    endloop
  endfacet
  facet normal 0 0 -1
    outer loop
      vertex 286 124.847 0
      vertex 283.714 121.465 0
      vertex 285.5 124.558 0
    endloop
  endfacet
  facet normal 0 0 -1
    outer loop
      vertex 283.714 121.465 0
      vertex 282.036 126.558 0
      vertex 285.5 124.558 0
    endloop
  endfacet
  facet normal 0 0 -1
    outer loop
      vertex 278.464 126.558 0
      vertex 282.036 126.558 0
      vertex 280.25 123.465 0
    endloop
  endfacet
  facet normal 0 0 -1
    outer loop
      vertex 280.25 123.465 0
      vertex 282.036 126.558 0
      vertex 283.714 121.465 0
    endloop
  endfacet
  facet normal -0 0 -1
    outer loop
      vertex 285 140.856 0
      vertex 283.714 136 0
      vertex 283.762 141.501 0
    endloop
  endfacet
  facet normal 0 0 -1
    outer loop
      vertex 283.714 136 0
      vertex 282.472 142.035 0
      vertex 283.762 141.501 0
    endloop
  endfacet
  facet normal 0 0 -1
    outer loop
      vertex 283.714 136 0
      vertex 281.141 142.455 0
      vertex 282.472 142.035 0
    endloop
  endfacet
  facet normal 0 0 -1
    outer loop
      vertex 276.786 136 0
      vertex 281.141 142.455 0
      vertex 283.714 136 0
    endloop
  endfacet
  facet normal -0 0 -1
    outer loop
      vertex 281.141 142.455 0
      vertex 276.786 136 0
      vertex 279.778 142.757 0
    endloop
  endfacet
  facet normal -0 0 -1
    outer loop
      vertex 279.778 142.757 0
      vertex 276.786 136 0
      vertex 278.394 142.939 0
    endloop
  endfacet
  facet normal -0 0 -1
    outer loop
      vertex 278.394 142.939 0
      vertex 276.786 136 0
      vertex 277 143 0
    endloop
  endfacet
  facet normal 0 0 -1
    outer loop
      vertex 276.786 135.651 0
      vertex 273.214 135.651 0
      vertex 276.786 136 0
    endloop
  endfacet
  facet normal -0 0 -1
    outer loop
      vertex 276.786 136 0
      vertex 273.214 135.651 0
      vertex 273.214 136 0
    endloop
  endfacet
  facet normal 0 0 -1
    outer loop
      vertex 276.786 136 0
      vertex 273.214 136 0
      vertex 277 143 0
    endloop
  endfacet
  facet normal 0 0 -1
    outer loop
      vertex 266.286 136 0
      vertex 277 143 0
      vertex 273.214 136 0
    endloop
  endfacet
  facet normal 0 0 -1
    outer loop
      vertex 266.286 135.651 0
      vertex 262.714 135.651 0
      vertex 266.286 136 0
    endloop
  endfacet
  facet normal 0 0 -1
    outer loop
      vertex 262.714 136 0
      vertex 266.286 136 0
      vertex 262.714 135.651 0
    endloop
  endfacet
  facet normal 0 0 -1
    outer loop
      vertex 266.286 136 0
      vertex 262.714 136 0
      vertex 277 143 0
    endloop
  endfacet
  facet normal 0 0 -1
    outer loop
      vertex 255.786 136 0
      vertex 277 143 0
      vertex 262.714 136 0
    endloop
  endfacet
  facet normal 0 0 -1
    outer loop
      vertex 255.786 135.651 0
      vertex 252.214 135.651 0
      vertex 255.786 136 0
    endloop
  endfacet
  facet normal 0 0 -1
    outer loop
      vertex 252.214 136 0
      vertex 255.786 136 0
      vertex 252.214 135.651 0
    endloop
  endfacet
  facet normal 0 0 -1
    outer loop
      vertex 255.786 136 0
      vertex 252.214 136 0
      vertex 277 143 0
    endloop
  endfacet
  facet normal 0 0 -1
    outer loop
      vertex 245.286 136 0
      vertex 277 143 0
      vertex 252.214 136 0
    endloop
  endfacet
  facet normal 0 0 -1
    outer loop
      vertex 245.286 135.651 0
      vertex 241.714 135.651 0
      vertex 245.286 136 0
    endloop
  endfacet
  facet normal 0 0 -1
    outer loop
      vertex 241.714 136 0
      vertex 245.286 136 0
      vertex 241.714 135.651 0
    endloop
  endfacet
  facet normal 0 0 -1
    outer loop
      vertex 216 143 0
      vertex 245.286 136 0
      vertex 241.714 136 0
    endloop
  endfacet
  facet normal 0 0 -1
    outer loop
      vertex 216 143 0
      vertex 241.714 136 0
      vertex 234.786 136 0
    endloop
  endfacet
  facet normal 0 0 -1
    outer loop
      vertex 234.786 135.651 0
      vertex 231.214 135.651 0
      vertex 234.786 136 0
    endloop
  endfacet
  facet normal 0 0 -1
    outer loop
      vertex 231.214 136 0
      vertex 234.786 136 0
      vertex 231.214 135.651 0
    endloop
  endfacet
  facet normal 0 0 -1
    outer loop
      vertex 216 143 0
      vertex 234.786 136 0
      vertex 231.214 136 0
    endloop
  endfacet
  facet normal 0 0 -1
    outer loop
      vertex 216 143 0
      vertex 231.214 136 0
      vertex 224.286 136 0
    endloop
  endfacet
  facet normal 0 0 -1
    outer loop
      vertex 224.286 135.651 0
      vertex 220.714 135.651 0
      vertex 224.286 136 0
    endloop
  endfacet
  facet normal 0 0 -1
    outer loop
      vertex 220.714 136 0
      vertex 224.286 136 0
      vertex 220.714 135.651 0
    endloop
  endfacet
  facet normal 0 0 -1
    outer loop
      vertex 216 143 0
      vertex 224.286 136 0
      vertex 220.714 136 0
    endloop
  endfacet
  facet normal 0 0 -1
    outer loop
      vertex 216 143 0
      vertex 220.714 136 0
      vertex 216 136 0
    endloop
  endfacet
  facet normal 0 0 -1
    outer loop
      vertex 245.286 136 0
      vertex 216 143 0
      vertex 277 143 0
    endloop
  endfacet
  facet normal 0.13038 0.991464 -0
    outer loop
      vertex 279.778 142.757 0
      vertex 278.394 142.939 0.599999
      vertex 279.778 142.757 0.599999
    endloop
  endfacet
  facet normal 0.13038 0.991464 0
    outer loop
      vertex 278.394 142.939 0.599999
      vertex 279.778 142.757 0
      vertex 278.394 142.939 0
    endloop
  endfacet
  facet normal 0.608113 0.0266104 0.793404
    outer loop
      vertex 289.939 125.394 3
      vertex 293 127 0.599999
      vertex 292.939 128.394 0.599999
    endloop
  endfacet
  facet normal 0.608113 0.0266104 0.793404
    outer loop
      vertex 293 127 0.599999
      vertex 289.939 125.394 3
      vertex 290 124 3
    endloop
  endfacet
  facet normal 0 0 1
    outer loop
      vertex 224.286 135.651 3
      vertex 220.714 135.651 3
      vertex 222.5 132.558 3
    endloop
  endfacet
  facet normal 0 0 1
    outer loop
      vertex 220.714 135.651 3
      vertex 219.036 130.558 3
      vertex 222.5 132.558 3
    endloop
  endfacet
  facet normal 0 0 1
    outer loop
      vertex 216 134.373 3
      vertex 219.036 130.558 3
      vertex 217.25 133.651 3
    endloop
  endfacet
  facet normal -0 0 1
    outer loop
      vertex 217.25 133.651 3
      vertex 219.036 130.558 3
      vertex 220.714 135.651 3
    endloop
  endfacet
  facet normal 0 0 1
    outer loop
      vertex 224.286 117.465 3
      vertex 220.714 117.465 3
      vertex 222.5 114.372 3
    endloop
  endfacet
  facet normal 0 0 1
    outer loop
      vertex 220.714 117.465 3
      vertex 219.036 112.372 3
      vertex 222.5 114.372 3
    endloop
  endfacet
  facet normal 0 0 1
    outer loop
      vertex 216 116.187 3
      vertex 219.036 112.372 3
      vertex 217.25 115.465 3
    endloop
  endfacet
  facet normal -0 0 1
    outer loop
      vertex 217.25 115.465 3
      vertex 219.036 112.372 3
      vertex 220.714 117.465 3
    endloop
  endfacet
  facet normal 0 0 1
    outer loop
      vertex 224.286 99.279 3
      vertex 220.714 99.279 3
      vertex 222.5 96.186 3
    endloop
  endfacet
  facet normal 0 0 1
    outer loop
      vertex 220.714 99.279 3
      vertex 219.036 94.186 3
      vertex 222.5 96.186 3
    endloop
  endfacet
  facet normal 0 0 1
    outer loop
      vertex 216 98.0007 3
      vertex 219.036 94.186 3
      vertex 217.25 97.279 3
    endloop
  endfacet
  facet normal -0 0 1
    outer loop
      vertex 217.25 97.279 3
      vertex 219.036 94.186 3
      vertex 220.714 99.279 3
    endloop
  endfacet
  facet normal 0 0 1
    outer loop
      vertex 224.286 81.093 3
      vertex 220.714 81.093 3
      vertex 222.5 78 3
    endloop
  endfacet
  facet normal 0 0 1
    outer loop
      vertex 220.714 81.093 3
      vertex 219.036 76 3
      vertex 222.5 78 3
    endloop
  endfacet
  facet normal 0 0 1
    outer loop
      vertex 216 79.8147 3
      vertex 219.036 76 3
      vertex 217.25 79.093 3
    endloop
  endfacet
  facet normal -0 0 1
    outer loop
      vertex 217.25 79.093 3
      vertex 219.036 76 3
      vertex 220.714 81.093 3
    endloop
  endfacet
  facet normal 0 0 1
    outer loop
      vertex 224.286 62.907 3
      vertex 220.714 62.907 3
      vertex 222.5 59.814 3
    endloop
  endfacet
  facet normal 0 0 1
    outer loop
      vertex 220.714 62.907 3
      vertex 219.036 57.814 3
      vertex 222.5 59.814 3
    endloop
  endfacet
  facet normal 0 0 1
    outer loop
      vertex 216 61.6287 3
      vertex 219.036 57.814 3
      vertex 217.25 60.907 3
    endloop
  endfacet
  facet normal -0 0 1
    outer loop
      vertex 217.25 60.907 3
      vertex 219.036 57.814 3
      vertex 220.714 62.907 3
    endloop
  endfacet
  facet normal 0 0 1
    outer loop
      vertex 224.286 44.721 3
      vertex 220.714 44.721 3
      vertex 222.5 41.628 3
    endloop
  endfacet
  facet normal 0 0 1
    outer loop
      vertex 220.714 44.721 3
      vertex 219.036 39.628 3
      vertex 222.5 41.628 3
    endloop
  endfacet
  facet normal 0 0 1
    outer loop
      vertex 216 43.4427 3
      vertex 219.036 39.628 3
      vertex 217.25 42.721 3
    endloop
  endfacet
  facet normal -0 0 1
    outer loop
      vertex 217.25 42.721 3
      vertex 219.036 39.628 3
      vertex 220.714 44.721 3
    endloop
  endfacet
  facet normal 0 0 1
    outer loop
      vertex 224.286 26.535 3
      vertex 220.714 26.535 3
      vertex 222.5 23.442 3
    endloop
  endfacet
  facet normal 0 0 1
    outer loop
      vertex 220.714 26.535 3
      vertex 219.036 21.442 3
      vertex 222.5 23.442 3
    endloop
  endfacet
  facet normal 0 0 1
    outer loop
      vertex 216.646 14 3
      vertex 219.036 17.442 3
      vertex 219.036 21.442 3
    endloop
  endfacet
  facet normal -0 0 1
    outer loop
      vertex 217.25 24.535 3
      vertex 219.036 21.442 3
      vertex 220.714 26.535 3
    endloop
  endfacet
  facet normal 0 0 1
    outer loop
      vertex 216 25.2567 3
      vertex 219.036 21.442 3
      vertex 217.25 24.535 3
    endloop
  endfacet
  facet normal 0 0 1
    outer loop
      vertex 219.036 17.442 3
      vertex 217.25 14.349 3
      vertex 217.854 14 3
    endloop
  endfacet
  facet normal 0 0 1
    outer loop
      vertex 219.036 17.442 3
      vertex 216.646 14 3
      vertex 217.25 14.349 3
    endloop
  endfacet
  facet normal 0 0 1
    outer loop
      vertex 219.036 21.442 3
      vertex 216 25.2567 3
      vertex 216.646 14 3
    endloop
  endfacet
  facet normal 0 0 1
    outer loop
      vertex 229.536 126.558 3
      vertex 225.964 126.558 3
      vertex 227.75 123.465 3
    endloop
  endfacet
  facet normal 0 0 1
    outer loop
      vertex 225.964 126.558 3
      vertex 224.286 121.465 3
      vertex 227.75 123.465 3
    endloop
  endfacet
  facet normal 0 0 1
    outer loop
      vertex 220.714 121.465 3
      vertex 224.286 121.465 3
      vertex 222.5 124.558 3
    endloop
  endfacet
  facet normal -0 0 1
    outer loop
      vertex 222.5 124.558 3
      vertex 224.286 121.465 3
      vertex 225.964 126.558 3
    endloop
  endfacet
  facet normal 0 0 1
    outer loop
      vertex 229.536 108.372 3
      vertex 225.964 108.372 3
      vertex 227.75 105.279 3
    endloop
  endfacet
  facet normal 0 0 1
    outer loop
      vertex 225.964 108.372 3
      vertex 224.286 103.279 3
      vertex 227.75 105.279 3
    endloop
  endfacet
  facet normal 0 0 1
    outer loop
      vertex 220.714 103.279 3
      vertex 224.286 103.279 3
      vertex 222.5 106.372 3
    endloop
  endfacet
  facet normal -0 0 1
    outer loop
      vertex 222.5 106.372 3
      vertex 224.286 103.279 3
      vertex 225.964 108.372 3
    endloop
  endfacet
  facet normal 0 0 1
    outer loop
      vertex 229.536 90.186 3
      vertex 225.964 90.186 3
      vertex 227.75 87.093 3
    endloop
  endfacet
  facet normal 0 0 1
    outer loop
      vertex 225.964 90.186 3
      vertex 224.286 85.093 3
      vertex 227.75 87.093 3
    endloop
  endfacet
  facet normal 0 0 1
    outer loop
      vertex 220.714 85.093 3
      vertex 224.286 85.093 3
      vertex 222.5 88.186 3
    endloop
  endfacet
  facet normal -0 0 1
    outer loop
      vertex 222.5 88.186 3
      vertex 224.286 85.093 3
      vertex 225.964 90.186 3
    endloop
  endfacet
  facet normal 0 0 1
    outer loop
      vertex 229.536 72 3
      vertex 225.964 72 3
      vertex 227.75 68.907 3
    endloop
  endfacet
  facet normal 0 0 1
    outer loop
      vertex 225.964 72 3
      vertex 224.286 66.907 3
      vertex 227.75 68.907 3
    endloop
  endfacet
  facet normal 0 0 1
    outer loop
      vertex 220.714 66.907 3
      vertex 224.286 66.907 3
      vertex 222.5 70 3
    endloop
  endfacet
  facet normal -0 0 1
    outer loop
      vertex 222.5 70 3
      vertex 224.286 66.907 3
      vertex 225.964 72 3
    endloop
  endfacet
  facet normal 0 0 1
    outer loop
      vertex 229.536 53.814 3
      vertex 225.964 53.814 3
      vertex 227.75 50.721 3
    endloop
  endfacet
  facet normal 0 0 1
    outer loop
      vertex 225.964 53.814 3
      vertex 224.286 48.721 3
      vertex 227.75 50.721 3
    endloop
  endfacet
  facet normal 0 0 1
    outer loop
      vertex 220.714 48.721 3
      vertex 224.286 48.721 3
      vertex 222.5 51.814 3
    endloop
  endfacet
  facet normal -0 0 1
    outer loop
      vertex 222.5 51.814 3
      vertex 224.286 48.721 3
      vertex 225.964 53.814 3
    endloop
  endfacet
  facet normal 0 0 1
    outer loop
      vertex 229.536 35.628 3
      vertex 225.964 35.628 3
      vertex 227.75 32.535 3
    endloop
  endfacet
  facet normal 0 0 1
    outer loop
      vertex 225.964 35.628 3
      vertex 224.286 30.535 3
      vertex 227.75 32.535 3
    endloop
  endfacet
  facet normal 0 0 1
    outer loop
      vertex 220.714 30.535 3
      vertex 224.286 30.535 3
      vertex 222.5 33.628 3
    endloop
  endfacet
  facet normal -0 0 1
    outer loop
      vertex 222.5 33.628 3
      vertex 224.286 30.535 3
      vertex 225.964 35.628 3
    endloop
  endfacet
  facet normal 0 0 1
    outer loop
      vertex 234.786 135.651 3
      vertex 231.214 135.651 3
      vertex 233 132.558 3
    endloop
  endfacet
  facet normal 0 0 1
    outer loop
      vertex 231.214 135.651 3
      vertex 229.536 130.558 3
      vertex 233 132.558 3
    endloop
  endfacet
  facet normal 0 0 1
    outer loop
      vertex 225.964 130.558 3
      vertex 229.536 130.558 3
      vertex 227.75 133.651 3
    endloop
  endfacet
  facet normal -0 0 1
    outer loop
      vertex 227.75 133.651 3
      vertex 229.536 130.558 3
      vertex 231.214 135.651 3
    endloop
  endfacet
  facet normal 0 0 1
    outer loop
      vertex 234.786 117.465 3
      vertex 231.214 117.465 3
      vertex 233 114.372 3
    endloop
  endfacet
  facet normal 0 0 1
    outer loop
      vertex 231.214 117.465 3
      vertex 229.536 112.372 3
      vertex 233 114.372 3
    endloop
  endfacet
  facet normal 0 0 1
    outer loop
      vertex 225.964 112.372 3
      vertex 229.536 112.372 3
      vertex 227.75 115.465 3
    endloop
  endfacet
  facet normal -0 0 1
    outer loop
      vertex 227.75 115.465 3
      vertex 229.536 112.372 3
      vertex 231.214 117.465 3
    endloop
  endfacet
  facet normal 0 0 1
    outer loop
      vertex 234.786 99.279 3
      vertex 231.214 99.279 3
      vertex 233 96.186 3
    endloop
  endfacet
  facet normal 0 0 1
    outer loop
      vertex 231.214 99.279 3
      vertex 229.536 94.186 3
      vertex 233 96.186 3
    endloop
  endfacet
  facet normal 0 0 1
    outer loop
      vertex 225.964 94.186 3
      vertex 229.536 94.186 3
      vertex 227.75 97.279 3
    endloop
  endfacet
  facet normal -0 0 1
    outer loop
      vertex 227.75 97.279 3
      vertex 229.536 94.186 3
      vertex 231.214 99.279 3
    endloop
  endfacet
  facet normal 0 0 1
    outer loop
      vertex 234.786 81.093 3
      vertex 231.214 81.093 3
      vertex 233 78 3
    endloop
  endfacet
  facet normal 0 0 1
    outer loop
      vertex 231.214 81.093 3
      vertex 229.536 76 3
      vertex 233 78 3
    endloop
  endfacet
  facet normal 0 0 1
    outer loop
      vertex 225.964 76 3
      vertex 229.536 76 3
      vertex 227.75 79.093 3
    endloop
  endfacet
  facet normal -0 0 1
    outer loop
      vertex 227.75 79.093 3
      vertex 229.536 76 3
      vertex 231.214 81.093 3
    endloop
  endfacet
  facet normal 0 0 1
    outer loop
      vertex 234.786 62.907 3
      vertex 231.214 62.907 3
      vertex 233 59.814 3
    endloop
  endfacet
  facet normal 0 0 1
    outer loop
      vertex 231.214 62.907 3
      vertex 229.536 57.814 3
      vertex 233 59.814 3
    endloop
  endfacet
  facet normal 0 0 1
    outer loop
      vertex 225.964 57.814 3
      vertex 229.536 57.814 3
      vertex 227.75 60.907 3
    endloop
  endfacet
  facet normal -0 0 1
    outer loop
      vertex 227.75 60.907 3
      vertex 229.536 57.814 3
      vertex 231.214 62.907 3
    endloop
  endfacet
  facet normal 0 0 1
    outer loop
      vertex 234.786 44.721 3
      vertex 231.214 44.721 3
      vertex 233 41.628 3
    endloop
  endfacet
  facet normal 0 0 1
    outer loop
      vertex 231.214 44.721 3
      vertex 229.536 39.628 3
      vertex 233 41.628 3
    endloop
  endfacet
  facet normal 0 0 1
    outer loop
      vertex 225.964 39.628 3
      vertex 229.536 39.628 3
      vertex 227.75 42.721 3
    endloop
  endfacet
  facet normal -0 0 1
    outer loop
      vertex 227.75 42.721 3
      vertex 229.536 39.628 3
      vertex 231.214 44.721 3
    endloop
  endfacet
  facet normal 0 0 1
    outer loop
      vertex 234.786 26.535 3
      vertex 231.214 26.535 3
      vertex 233 23.442 3
    endloop
  endfacet
  facet normal 0 0 1
    outer loop
      vertex 231.214 26.535 3
      vertex 229.536 21.442 3
      vertex 233 23.442 3
    endloop
  endfacet
  facet normal 0 0 1
    outer loop
      vertex 225.964 17.442 3
      vertex 229.536 17.442 3
      vertex 229.536 21.442 3
    endloop
  endfacet
  facet normal -0 0 1
    outer loop
      vertex 227.75 24.535 3
      vertex 229.536 21.442 3
      vertex 231.214 26.535 3
    endloop
  endfacet
  facet normal 0 0 1
    outer loop
      vertex 225.964 21.442 3
      vertex 229.536 21.442 3
      vertex 227.75 24.535 3
    endloop
  endfacet
  facet normal 0 0 1
    outer loop
      vertex 225.964 17.442 3
      vertex 229.536 21.442 3
      vertex 225.964 21.442 3
    endloop
  endfacet
  facet normal 0 0 1
    outer loop
      vertex 229.536 17.442 3
      vertex 227.75 14.349 3
      vertex 228.354 14 3
    endloop
  endfacet
  facet normal 0 0 1
    outer loop
      vertex 229.536 17.442 3
      vertex 225.964 17.442 3
      vertex 227.75 14.349 3
    endloop
  endfacet
  facet normal 0 0 1
    outer loop
      vertex 224.286 26.535 3
      vertex 225.964 21.442 3
      vertex 227.75 24.535 3
    endloop
  endfacet
  facet normal 0 0 1
    outer loop
      vertex 224.286 26.535 3
      vertex 222.5 23.442 3
      vertex 225.964 21.442 3
    endloop
  endfacet
  facet normal 0 0 1
    outer loop
      vertex 224.286 30.535 3
      vertex 220.714 30.535 3
      vertex 224.286 26.535 3
    endloop
  endfacet
  facet normal 0 0 1
    outer loop
      vertex 220.714 26.535 3
      vertex 224.286 26.535 3
      vertex 220.714 30.535 3
    endloop
  endfacet
  facet normal 0 0 1
    outer loop
      vertex 219.036 35.628 3
      vertex 220.714 30.535 3
      vertex 222.5 33.628 3
    endloop
  endfacet
  facet normal 0 0 1
    outer loop
      vertex 219.036 35.628 3
      vertex 217.25 32.535 3
      vertex 220.714 30.535 3
    endloop
  endfacet
  facet normal 0 0 1
    outer loop
      vertex 219.036 39.628 3
      vertex 216 43.4427 3
      vertex 219.036 35.628 3
    endloop
  endfacet
  facet normal 0 0 1
    outer loop
      vertex 216 31.8133 3
      vertex 219.036 35.628 3
      vertex 216 43.4427 3
    endloop
  endfacet
  facet normal 0 0 1
    outer loop
      vertex 219.036 35.628 3
      vertex 216 31.8133 3
      vertex 217.25 32.535 3
    endloop
  endfacet
  facet normal 0 0 1
    outer loop
      vertex 240.036 126.558 3
      vertex 236.464 126.558 3
      vertex 238.25 123.465 3
    endloop
  endfacet
  facet normal 0 0 1
    outer loop
      vertex 236.464 126.558 3
      vertex 234.786 121.465 3
      vertex 238.25 123.465 3
    endloop
  endfacet
  facet normal 0 0 1
    outer loop
      vertex 231.214 121.465 3
      vertex 234.786 121.465 3
      vertex 233 124.558 3
    endloop
  endfacet
  facet normal -0 0 1
    outer loop
      vertex 233 124.558 3
      vertex 234.786 121.465 3
      vertex 236.464 126.558 3
    endloop
  endfacet
  facet normal 0 0 1
    outer loop
      vertex 240.036 108.372 3
      vertex 236.464 108.372 3
      vertex 238.25 105.279 3
    endloop
  endfacet
  facet normal 0 0 1
    outer loop
      vertex 236.464 108.372 3
      vertex 234.786 103.279 3
      vertex 238.25 105.279 3
    endloop
  endfacet
  facet normal 0 0 1
    outer loop
      vertex 231.214 103.279 3
      vertex 234.786 103.279 3
      vertex 233 106.372 3
    endloop
  endfacet
  facet normal -0 0 1
    outer loop
      vertex 233 106.372 3
      vertex 234.786 103.279 3
      vertex 236.464 108.372 3
    endloop
  endfacet
  facet normal 0 0 1
    outer loop
      vertex 240.036 90.186 3
      vertex 236.464 90.186 3
      vertex 238.25 87.093 3
    endloop
  endfacet
  facet normal 0 0 1
    outer loop
      vertex 236.464 90.186 3
      vertex 234.786 85.093 3
      vertex 238.25 87.093 3
    endloop
  endfacet
  facet normal 0 0 1
    outer loop
      vertex 231.214 85.093 3
      vertex 234.786 85.093 3
      vertex 233 88.186 3
    endloop
  endfacet
  facet normal -0 0 1
    outer loop
      vertex 233 88.186 3
      vertex 234.786 85.093 3
      vertex 236.464 90.186 3
    endloop
  endfacet
  facet normal 0 0 1
    outer loop
      vertex 240.036 72 3
      vertex 236.464 72 3
      vertex 238.25 68.907 3
    endloop
  endfacet
  facet normal 0 0 1
    outer loop
      vertex 236.464 72 3
      vertex 234.786 66.907 3
      vertex 238.25 68.907 3
    endloop
  endfacet
  facet normal 0 0 1
    outer loop
      vertex 231.214 66.907 3
      vertex 234.786 66.907 3
      vertex 233 70 3
    endloop
  endfacet
  facet normal -0 0 1
    outer loop
      vertex 233 70 3
      vertex 234.786 66.907 3
      vertex 236.464 72 3
    endloop
  endfacet
  facet normal 0 0 1
    outer loop
      vertex 240.036 53.814 3
      vertex 236.464 53.814 3
      vertex 238.25 50.721 3
    endloop
  endfacet
  facet normal 0 0 1
    outer loop
      vertex 236.464 53.814 3
      vertex 234.786 48.721 3
      vertex 238.25 50.721 3
    endloop
  endfacet
  facet normal 0 0 1
    outer loop
      vertex 231.214 48.721 3
      vertex 234.786 48.721 3
      vertex 233 51.814 3
    endloop
  endfacet
  facet normal -0 0 1
    outer loop
      vertex 233 51.814 3
      vertex 234.786 48.721 3
      vertex 236.464 53.814 3
    endloop
  endfacet
  facet normal 0 0 1
    outer loop
      vertex 240.036 35.628 3
      vertex 236.464 35.628 3
      vertex 238.25 32.535 3
    endloop
  endfacet
  facet normal 0 0 1
    outer loop
      vertex 236.464 35.628 3
      vertex 234.786 30.535 3
      vertex 238.25 32.535 3
    endloop
  endfacet
  facet normal 0 0 1
    outer loop
      vertex 231.214 30.535 3
      vertex 234.786 30.535 3
      vertex 233 33.628 3
    endloop
  endfacet
  facet normal -0 0 1
    outer loop
      vertex 233 33.628 3
      vertex 234.786 30.535 3
      vertex 236.464 35.628 3
    endloop
  endfacet
  facet normal 0 0 1
    outer loop
      vertex 245.286 135.651 3
      vertex 241.714 135.651 3
      vertex 243.5 132.558 3
    endloop
  endfacet
  facet normal 0 0 1
    outer loop
      vertex 241.714 135.651 3
      vertex 240.036 130.558 3
      vertex 243.5 132.558 3
    endloop
  endfacet
  facet normal 0 0 1
    outer loop
      vertex 236.464 130.558 3
      vertex 240.036 130.558 3
      vertex 238.25 133.651 3
    endloop
  endfacet
  facet normal -0 0 1
    outer loop
      vertex 238.25 133.651 3
      vertex 240.036 130.558 3
      vertex 241.714 135.651 3
    endloop
  endfacet
  facet normal 0 0 1
    outer loop
      vertex 245.286 117.465 3
      vertex 241.714 117.465 3
      vertex 243.5 114.372 3
    endloop
  endfacet
  facet normal 0 0 1
    outer loop
      vertex 241.714 117.465 3
      vertex 240.036 112.372 3
      vertex 243.5 114.372 3
    endloop
  endfacet
  facet normal 0 0 1
    outer loop
      vertex 236.464 112.372 3
      vertex 240.036 112.372 3
      vertex 238.25 115.465 3
    endloop
  endfacet
  facet normal -0 0 1
    outer loop
      vertex 238.25 115.465 3
      vertex 240.036 112.372 3
      vertex 241.714 117.465 3
    endloop
  endfacet
  facet normal 0 0 1
    outer loop
      vertex 245.286 99.279 3
      vertex 241.714 99.279 3
      vertex 243.5 96.186 3
    endloop
  endfacet
  facet normal 0 0 1
    outer loop
      vertex 241.714 99.279 3
      vertex 240.036 94.186 3
      vertex 243.5 96.186 3
    endloop
  endfacet
  facet normal 0 0 1
    outer loop
      vertex 236.464 94.186 3
      vertex 240.036 94.186 3
      vertex 238.25 97.279 3
    endloop
  endfacet
  facet normal -0 0 1
    outer loop
      vertex 238.25 97.279 3
      vertex 240.036 94.186 3
      vertex 241.714 99.279 3
    endloop
  endfacet
  facet normal 0 0 1
    outer loop
      vertex 245.286 81.093 3
      vertex 241.714 81.093 3
      vertex 243.5 78 3
    endloop
  endfacet
  facet normal 0 0 1
    outer loop
      vertex 241.714 81.093 3
      vertex 240.036 76 3
      vertex 243.5 78 3
    endloop
  endfacet
  facet normal 0 0 1
    outer loop
      vertex 236.464 76 3
      vertex 240.036 76 3
      vertex 238.25 79.093 3
    endloop
  endfacet
  facet normal -0 0 1
    outer loop
      vertex 238.25 79.093 3
      vertex 240.036 76 3
      vertex 241.714 81.093 3
    endloop
  endfacet
  facet normal 0 0 1
    outer loop
      vertex 245.286 62.907 3
      vertex 241.714 62.907 3
      vertex 243.5 59.814 3
    endloop
  endfacet
  facet normal 0 0 1
    outer loop
      vertex 241.714 62.907 3
      vertex 240.036 57.814 3
      vertex 243.5 59.814 3
    endloop
  endfacet
  facet normal 0 0 1
    outer loop
      vertex 236.464 57.814 3
      vertex 240.036 57.814 3
      vertex 238.25 60.907 3
    endloop
  endfacet
  facet normal -0 0 1
    outer loop
      vertex 238.25 60.907 3
      vertex 240.036 57.814 3
      vertex 241.714 62.907 3
    endloop
  endfacet
  facet normal 0 0 1
    outer loop
      vertex 245.286 44.721 3
      vertex 241.714 44.721 3
      vertex 243.5 41.628 3
    endloop
  endfacet
  facet normal 0 0 1
    outer loop
      vertex 241.714 44.721 3
      vertex 240.036 39.628 3
      vertex 243.5 41.628 3
    endloop
  endfacet
  facet normal 0 0 1
    outer loop
      vertex 236.464 39.628 3
      vertex 240.036 39.628 3
      vertex 238.25 42.721 3
    endloop
  endfacet
  facet normal -0 0 1
    outer loop
      vertex 238.25 42.721 3
      vertex 240.036 39.628 3
      vertex 241.714 44.721 3
    endloop
  endfacet
  facet normal 0 0 1
    outer loop
      vertex 245.286 26.535 3
      vertex 241.714 26.535 3
      vertex 243.5 23.442 3
    endloop
  endfacet
  facet normal 0 0 1
    outer loop
      vertex 241.714 26.535 3
      vertex 240.036 21.442 3
      vertex 243.5 23.442 3
    endloop
  endfacet
  facet normal 0 0 1
    outer loop
      vertex 236.464 17.442 3
      vertex 240.036 17.442 3
      vertex 240.036 21.442 3
    endloop
  endfacet
  facet normal -0 0 1
    outer loop
      vertex 238.25 24.535 3
      vertex 240.036 21.442 3
      vertex 241.714 26.535 3
    endloop
  endfacet
  facet normal 0 0 1
    outer loop
      vertex 236.464 21.442 3
      vertex 240.036 21.442 3
      vertex 238.25 24.535 3
    endloop
  endfacet
  facet normal 0 0 1
    outer loop
      vertex 236.464 17.442 3
      vertex 240.036 21.442 3
      vertex 236.464 21.442 3
    endloop
  endfacet
  facet normal 0 0 1
    outer loop
      vertex 240.036 17.442 3
      vertex 238.25 14.349 3
      vertex 238.854 14 3
    endloop
  endfacet
  facet normal 0 0 1
    outer loop
      vertex 240.036 17.442 3
      vertex 236.464 17.442 3
      vertex 238.25 14.349 3
    endloop
  endfacet
  facet normal 0 0 1
    outer loop
      vertex 234.786 26.535 3
      vertex 236.464 21.442 3
      vertex 238.25 24.535 3
    endloop
  endfacet
  facet normal 0 0 1
    outer loop
      vertex 234.786 26.535 3
      vertex 233 23.442 3
      vertex 236.464 21.442 3
    endloop
  endfacet
  facet normal 0 0 1
    outer loop
      vertex 234.786 30.535 3
      vertex 231.214 30.535 3
      vertex 234.786 26.535 3
    endloop
  endfacet
  facet normal 0 0 1
    outer loop
      vertex 231.214 26.535 3
      vertex 234.786 26.535 3
      vertex 231.214 30.535 3
    endloop
  endfacet
  facet normal 0 0 1
    outer loop
      vertex 229.536 35.628 3
      vertex 231.214 30.535 3
      vertex 233 33.628 3
    endloop
  endfacet
  facet normal 0 0 1
    outer loop
      vertex 229.536 35.628 3
      vertex 227.75 32.535 3
      vertex 231.214 30.535 3
    endloop
  endfacet
  facet normal 0 0 1
    outer loop
      vertex 229.536 39.628 3
      vertex 225.964 39.628 3
      vertex 229.536 35.628 3
    endloop
  endfacet
  facet normal 0 0 1
    outer loop
      vertex 225.964 35.628 3
      vertex 229.536 35.628 3
      vertex 225.964 39.628 3
    endloop
  endfacet
  facet normal 0 0 1
    outer loop
      vertex 224.286 44.721 3
      vertex 225.964 39.628 3
      vertex 227.75 42.721 3
    endloop
  endfacet
  facet normal 0 0 1
    outer loop
      vertex 224.286 44.721 3
      vertex 222.5 41.628 3
      vertex 225.964 39.628 3
    endloop
  endfacet
  facet normal 0 0 1
    outer loop
      vertex 224.286 48.721 3
      vertex 220.714 48.721 3
      vertex 224.286 44.721 3
    endloop
  endfacet
  facet normal 0 0 1
    outer loop
      vertex 220.714 44.721 3
      vertex 224.286 44.721 3
      vertex 220.714 48.721 3
    endloop
  endfacet
  facet normal 0 0 1
    outer loop
      vertex 219.036 53.814 3
      vertex 220.714 48.721 3
      vertex 222.5 51.814 3
    endloop
  endfacet
  facet normal 0 0 1
    outer loop
      vertex 219.036 53.814 3
      vertex 217.25 50.721 3
      vertex 220.714 48.721 3
    endloop
  endfacet
  facet normal 0 0 1
    outer loop
      vertex 219.036 57.814 3
      vertex 216 61.6287 3
      vertex 219.036 53.814 3
    endloop
  endfacet
  facet normal 0 0 1
    outer loop
      vertex 216 49.9993 3
      vertex 219.036 53.814 3
      vertex 216 61.6287 3
    endloop
  endfacet
  facet normal 0 0 1
    outer loop
      vertex 219.036 53.814 3
      vertex 216 49.9993 3
      vertex 217.25 50.721 3
    endloop
  endfacet
  facet normal 0 0 1
    outer loop
      vertex 250.536 126.558 3
      vertex 246.964 126.558 3
      vertex 248.75 123.465 3
    endloop
  endfacet
  facet normal 0 0 1
    outer loop
      vertex 246.964 126.558 3
      vertex 245.286 121.465 3
      vertex 248.75 123.465 3
    endloop
  endfacet
  facet normal 0 0 1
    outer loop
      vertex 241.714 121.465 3
      vertex 245.286 121.465 3
      vertex 243.5 124.558 3
    endloop
  endfacet
  facet normal -0 0 1
    outer loop
      vertex 243.5 124.558 3
      vertex 245.286 121.465 3
      vertex 246.964 126.558 3
    endloop
  endfacet
  facet normal 0 0 1
    outer loop
      vertex 250.536 108.372 3
      vertex 246.964 108.372 3
      vertex 248.75 105.279 3
    endloop
  endfacet
  facet normal 0 0 1
    outer loop
      vertex 246.964 108.372 3
      vertex 245.286 103.279 3
      vertex 248.75 105.279 3
    endloop
  endfacet
  facet normal 0 0 1
    outer loop
      vertex 241.714 103.279 3
      vertex 245.286 103.279 3
      vertex 243.5 106.372 3
    endloop
  endfacet
  facet normal -0 0 1
    outer loop
      vertex 243.5 106.372 3
      vertex 245.286 103.279 3
      vertex 246.964 108.372 3
    endloop
  endfacet
  facet normal 0 0 1
    outer loop
      vertex 250.536 90.186 3
      vertex 246.964 90.186 3
      vertex 248.75 87.093 3
    endloop
  endfacet
  facet normal 0 0 1
    outer loop
      vertex 246.964 90.186 3
      vertex 245.286 85.093 3
      vertex 248.75 87.093 3
    endloop
  endfacet
  facet normal 0 0 1
    outer loop
      vertex 241.714 85.093 3
      vertex 245.286 85.093 3
      vertex 243.5 88.186 3
    endloop
  endfacet
  facet normal -0 0 1
    outer loop
      vertex 243.5 88.186 3
      vertex 245.286 85.093 3
      vertex 246.964 90.186 3
    endloop
  endfacet
  facet normal 0 0 1
    outer loop
      vertex 250.536 72 3
      vertex 246.964 72 3
      vertex 248.75 68.907 3
    endloop
  endfacet
  facet normal 0 0 1
    outer loop
      vertex 246.964 72 3
      vertex 245.286 66.907 3
      vertex 248.75 68.907 3
    endloop
  endfacet
  facet normal 0 0 1
    outer loop
      vertex 241.714 66.907 3
      vertex 245.286 66.907 3
      vertex 243.5 70 3
    endloop
  endfacet
  facet normal -0 0 1
    outer loop
      vertex 243.5 70 3
      vertex 245.286 66.907 3
      vertex 246.964 72 3
    endloop
  endfacet
  facet normal 0 0 1
    outer loop
      vertex 250.536 53.814 3
      vertex 246.964 53.814 3
      vertex 248.75 50.721 3
    endloop
  endfacet
  facet normal 0 0 1
    outer loop
      vertex 246.964 53.814 3
      vertex 245.286 48.721 3
      vertex 248.75 50.721 3
    endloop
  endfacet
  facet normal 0 0 1
    outer loop
      vertex 241.714 48.721 3
      vertex 245.286 48.721 3
      vertex 243.5 51.814 3
    endloop
  endfacet
  facet normal -0 0 1
    outer loop
      vertex 243.5 51.814 3
      vertex 245.286 48.721 3
      vertex 246.964 53.814 3
    endloop
  endfacet
  facet normal 0 0 1
    outer loop
      vertex 250.536 35.628 3
      vertex 246.964 35.628 3
      vertex 248.75 32.535 3
    endloop
  endfacet
  facet normal 0 0 1
    outer loop
      vertex 246.964 35.628 3
      vertex 245.286 30.535 3
      vertex 248.75 32.535 3
    endloop
  endfacet
  facet normal 0 0 1
    outer loop
      vertex 241.714 30.535 3
      vertex 245.286 30.535 3
      vertex 243.5 33.628 3
    endloop
  endfacet
  facet normal -0 0 1
    outer loop
      vertex 243.5 33.628 3
      vertex 245.286 30.535 3
      vertex 246.964 35.628 3
    endloop
  endfacet
  facet normal 0 0 1
    outer loop
      vertex 255.786 135.651 3
      vertex 252.214 135.651 3
      vertex 254 132.558 3
    endloop
  endfacet
  facet normal 0 0 1
    outer loop
      vertex 252.214 135.651 3
      vertex 250.536 130.558 3
      vertex 254 132.558 3
    endloop
  endfacet
  facet normal 0 0 1
    outer loop
      vertex 246.964 130.558 3
      vertex 250.536 130.558 3
      vertex 248.75 133.651 3
    endloop
  endfacet
  facet normal -0 0 1
    outer loop
      vertex 248.75 133.651 3
      vertex 250.536 130.558 3
      vertex 252.214 135.651 3
    endloop
  endfacet
  facet normal 0 0 1
    outer loop
      vertex 255.786 117.465 3
      vertex 252.214 117.465 3
      vertex 254 114.372 3
    endloop
  endfacet
  facet normal 0 0 1
    outer loop
      vertex 252.214 117.465 3
      vertex 250.536 112.372 3
      vertex 254 114.372 3
    endloop
  endfacet
  facet normal 0 0 1
    outer loop
      vertex 246.964 112.372 3
      vertex 250.536 112.372 3
      vertex 248.75 115.465 3
    endloop
  endfacet
  facet normal -0 0 1
    outer loop
      vertex 248.75 115.465 3
      vertex 250.536 112.372 3
      vertex 252.214 117.465 3
    endloop
  endfacet
  facet normal 0 0 1
    outer loop
      vertex 255.786 99.279 3
      vertex 252.214 99.279 3
      vertex 254 96.186 3
    endloop
  endfacet
  facet normal 0 0 1
    outer loop
      vertex 252.214 99.279 3
      vertex 250.536 94.186 3
      vertex 254 96.186 3
    endloop
  endfacet
  facet normal 0 0 1
    outer loop
      vertex 246.964 94.186 3
      vertex 250.536 94.186 3
      vertex 248.75 97.279 3
    endloop
  endfacet
  facet normal -0 0 1
    outer loop
      vertex 248.75 97.279 3
      vertex 250.536 94.186 3
      vertex 252.214 99.279 3
    endloop
  endfacet
  facet normal 0 0 1
    outer loop
      vertex 255.786 81.093 3
      vertex 252.214 81.093 3
      vertex 254 78 3
    endloop
  endfacet
  facet normal 0 0 1
    outer loop
      vertex 252.214 81.093 3
      vertex 250.536 76 3
      vertex 254 78 3
    endloop
  endfacet
  facet normal 0 0 1
    outer loop
      vertex 246.964 76 3
      vertex 250.536 76 3
      vertex 248.75 79.093 3
    endloop
  endfacet
  facet normal -0 0 1
    outer loop
      vertex 248.75 79.093 3
      vertex 250.536 76 3
      vertex 252.214 81.093 3
    endloop
  endfacet
  facet normal 0 0 1
    outer loop
      vertex 255.786 62.907 3
      vertex 252.214 62.907 3
      vertex 254 59.814 3
    endloop
  endfacet
  facet normal 0 0 1
    outer loop
      vertex 252.214 62.907 3
      vertex 250.536 57.814 3
      vertex 254 59.814 3
    endloop
  endfacet
  facet normal 0 0 1
    outer loop
      vertex 246.964 57.814 3
      vertex 250.536 57.814 3
      vertex 248.75 60.907 3
    endloop
  endfacet
  facet normal -0 0 1
    outer loop
      vertex 248.75 60.907 3
      vertex 250.536 57.814 3
      vertex 252.214 62.907 3
    endloop
  endfacet
  facet normal 0 0 1
    outer loop
      vertex 255.786 44.721 3
      vertex 252.214 44.721 3
      vertex 254 41.628 3
    endloop
  endfacet
  facet normal 0 0 1
    outer loop
      vertex 252.214 44.721 3
      vertex 250.536 39.628 3
      vertex 254 41.628 3
    endloop
  endfacet
  facet normal 0 0 1
    outer loop
      vertex 246.964 39.628 3
      vertex 250.536 39.628 3
      vertex 248.75 42.721 3
    endloop
  endfacet
  facet normal -0 0 1
    outer loop
      vertex 248.75 42.721 3
      vertex 250.536 39.628 3
      vertex 252.214 44.721 3
    endloop
  endfacet
  facet normal 0 0 1
    outer loop
      vertex 255.786 26.535 3
      vertex 252.214 26.535 3
      vertex 254 23.442 3
    endloop
  endfacet
  facet normal 0 0 1
    outer loop
      vertex 252.214 26.535 3
      vertex 250.536 21.442 3
      vertex 254 23.442 3
    endloop
  endfacet
  facet normal 0 0 1
    outer loop
      vertex 246.964 17.442 3
      vertex 250.536 17.442 3
      vertex 250.536 21.442 3
    endloop
  endfacet
  facet normal -0 0 1
    outer loop
      vertex 248.75 24.535 3
      vertex 250.536 21.442 3
      vertex 252.214 26.535 3
    endloop
  endfacet
  facet normal 0 0 1
    outer loop
      vertex 246.964 21.442 3
      vertex 250.536 21.442 3
      vertex 248.75 24.535 3
    endloop
  endfacet
  facet normal 0 0 1
    outer loop
      vertex 246.964 17.442 3
      vertex 250.536 21.442 3
      vertex 246.964 21.442 3
    endloop
  endfacet
  facet normal 0 0 1
    outer loop
      vertex 250.536 17.442 3
      vertex 248.75 14.349 3
      vertex 249.354 14 3
    endloop
  endfacet
  facet normal 0 0 1
    outer loop
      vertex 250.536 17.442 3
      vertex 246.964 17.442 3
      vertex 248.75 14.349 3
    endloop
  endfacet
  facet normal 0 0 1
    outer loop
      vertex 245.286 26.535 3
      vertex 246.964 21.442 3
      vertex 248.75 24.535 3
    endloop
  endfacet
  facet normal 0 0 1
    outer loop
      vertex 245.286 26.535 3
      vertex 243.5 23.442 3
      vertex 246.964 21.442 3
    endloop
  endfacet
  facet normal 0 0 1
    outer loop
      vertex 245.286 30.535 3
      vertex 241.714 30.535 3
      vertex 245.286 26.535 3
    endloop
  endfacet
  facet normal 0 0 1
    outer loop
      vertex 241.714 26.535 3
      vertex 245.286 26.535 3
      vertex 241.714 30.535 3
    endloop
  endfacet
  facet normal 0 0 1
    outer loop
      vertex 240.036 35.628 3
      vertex 241.714 30.535 3
      vertex 243.5 33.628 3
    endloop
  endfacet
  facet normal 0 0 1
    outer loop
      vertex 240.036 35.628 3
      vertex 238.25 32.535 3
      vertex 241.714 30.535 3
    endloop
  endfacet
  facet normal 0 0 1
    outer loop
      vertex 240.036 39.628 3
      vertex 236.464 39.628 3
      vertex 240.036 35.628 3
    endloop
  endfacet
  facet normal 0 0 1
    outer loop
      vertex 236.464 35.628 3
      vertex 240.036 35.628 3
      vertex 236.464 39.628 3
    endloop
  endfacet
  facet normal 0 0 1
    outer loop
      vertex 234.786 44.721 3
      vertex 236.464 39.628 3
      vertex 238.25 42.721 3
    endloop
  endfacet
  facet normal 0 0 1
    outer loop
      vertex 234.786 44.721 3
      vertex 233 41.628 3
      vertex 236.464 39.628 3
    endloop
  endfacet
  facet normal 0 0 1
    outer loop
      vertex 234.786 48.721 3
      vertex 231.214 48.721 3
      vertex 234.786 44.721 3
    endloop
  endfacet
  facet normal 0 0 1
    outer loop
      vertex 231.214 44.721 3
      vertex 234.786 44.721 3
      vertex 231.214 48.721 3
    endloop
  endfacet
  facet normal 0 0 1
    outer loop
      vertex 229.536 53.814 3
      vertex 231.214 48.721 3
      vertex 233 51.814 3
    endloop
  endfacet
  facet normal 0 0 1
    outer loop
      vertex 229.536 53.814 3
      vertex 227.75 50.721 3
      vertex 231.214 48.721 3
    endloop
  endfacet
  facet normal 0 0 1
    outer loop
      vertex 229.536 57.814 3
      vertex 225.964 57.814 3
      vertex 229.536 53.814 3
    endloop
  endfacet
  facet normal 0 0 1
    outer loop
      vertex 225.964 53.814 3
      vertex 229.536 53.814 3
      vertex 225.964 57.814 3
    endloop
  endfacet
  facet normal 0 0 1
    outer loop
      vertex 224.286 62.907 3
      vertex 225.964 57.814 3
      vertex 227.75 60.907 3
    endloop
  endfacet
  facet normal 0 0 1
    outer loop
      vertex 224.286 62.907 3
      vertex 222.5 59.814 3
      vertex 225.964 57.814 3
    endloop
  endfacet
  facet normal 0 0 1
    outer loop
      vertex 224.286 66.907 3
      vertex 220.714 66.907 3
      vertex 224.286 62.907 3
    endloop
  endfacet
  facet normal 0 0 1
    outer loop
      vertex 220.714 62.907 3
      vertex 224.286 62.907 3
      vertex 220.714 66.907 3
    endloop
  endfacet
  facet normal 0 0 1
    outer loop
      vertex 219.036 72 3
      vertex 220.714 66.907 3
      vertex 222.5 70 3
    endloop
  endfacet
  facet normal 0 0 1
    outer loop
      vertex 219.036 72 3
      vertex 217.25 68.907 3
      vertex 220.714 66.907 3
    endloop
  endfacet
  facet normal 0 0 1
    outer loop
      vertex 219.036 76 3
      vertex 216 79.8147 3
      vertex 219.036 72 3
    endloop
  endfacet
  facet normal 0 0 1
    outer loop
      vertex 216 68.1853 3
      vertex 219.036 72 3
      vertex 216 79.8147 3
    endloop
  endfacet
  facet normal 0 0 1
    outer loop
      vertex 219.036 72 3
      vertex 216 68.1853 3
      vertex 217.25 68.907 3
    endloop
  endfacet
  facet normal 0 0 1
    outer loop
      vertex 261.036 126.558 3
      vertex 257.464 126.558 3
      vertex 259.25 123.465 3
    endloop
  endfacet
  facet normal 0 0 1
    outer loop
      vertex 257.464 126.558 3
      vertex 255.786 121.465 3
      vertex 259.25 123.465 3
    endloop
  endfacet
  facet normal 0 0 1
    outer loop
      vertex 252.214 121.465 3
      vertex 255.786 121.465 3
      vertex 254 124.558 3
    endloop
  endfacet
  facet normal -0 0 1
    outer loop
      vertex 254 124.558 3
      vertex 255.786 121.465 3
      vertex 257.464 126.558 3
    endloop
  endfacet
  facet normal 0 0 1
    outer loop
      vertex 261.036 108.372 3
      vertex 257.464 108.372 3
      vertex 259.25 105.279 3
    endloop
  endfacet
  facet normal 0 0 1
    outer loop
      vertex 257.464 108.372 3
      vertex 255.786 103.279 3
      vertex 259.25 105.279 3
    endloop
  endfacet
  facet normal 0 0 1
    outer loop
      vertex 252.214 103.279 3
      vertex 255.786 103.279 3
      vertex 254 106.372 3
    endloop
  endfacet
  facet normal -0 0 1
    outer loop
      vertex 254 106.372 3
      vertex 255.786 103.279 3
      vertex 257.464 108.372 3
    endloop
  endfacet
  facet normal 0 0 1
    outer loop
      vertex 261.036 90.186 3
      vertex 257.464 90.186 3
      vertex 259.25 87.093 3
    endloop
  endfacet
  facet normal 0 0 1
    outer loop
      vertex 257.464 90.186 3
      vertex 255.786 85.093 3
      vertex 259.25 87.093 3
    endloop
  endfacet
  facet normal 0 0 1
    outer loop
      vertex 252.214 85.093 3
      vertex 255.786 85.093 3
      vertex 254 88.186 3
    endloop
  endfacet
  facet normal -0 0 1
    outer loop
      vertex 254 88.186 3
      vertex 255.786 85.093 3
      vertex 257.464 90.186 3
    endloop
  endfacet
  facet normal 0 0 1
    outer loop
      vertex 261.036 72 3
      vertex 257.464 72 3
      vertex 259.25 68.907 3
    endloop
  endfacet
  facet normal 0 0 1
    outer loop
      vertex 257.464 72 3
      vertex 255.786 66.907 3
      vertex 259.25 68.907 3
    endloop
  endfacet
  facet normal 0 0 1
    outer loop
      vertex 252.214 66.907 3
      vertex 255.786 66.907 3
      vertex 254 70 3
    endloop
  endfacet
  facet normal -0 0 1
    outer loop
      vertex 254 70 3
      vertex 255.786 66.907 3
      vertex 257.464 72 3
    endloop
  endfacet
  facet normal 0 0 1
    outer loop
      vertex 261.036 53.814 3
      vertex 257.464 53.814 3
      vertex 259.25 50.721 3
    endloop
  endfacet
  facet normal 0 0 1
    outer loop
      vertex 257.464 53.814 3
      vertex 255.786 48.721 3
      vertex 259.25 50.721 3
    endloop
  endfacet
  facet normal 0 0 1
    outer loop
      vertex 252.214 48.721 3
      vertex 255.786 48.721 3
      vertex 254 51.814 3
    endloop
  endfacet
  facet normal -0 0 1
    outer loop
      vertex 254 51.814 3
      vertex 255.786 48.721 3
      vertex 257.464 53.814 3
    endloop
  endfacet
  facet normal 0 0 1
    outer loop
      vertex 261.036 35.628 3
      vertex 257.464 35.628 3
      vertex 259.25 32.535 3
    endloop
  endfacet
  facet normal 0 0 1
    outer loop
      vertex 257.464 35.628 3
      vertex 255.786 30.535 3
      vertex 259.25 32.535 3
    endloop
  endfacet
  facet normal 0 0 1
    outer loop
      vertex 252.214 30.535 3
      vertex 255.786 30.535 3
      vertex 254 33.628 3
    endloop
  endfacet
  facet normal -0 0 1
    outer loop
      vertex 254 33.628 3
      vertex 255.786 30.535 3
      vertex 257.464 35.628 3
    endloop
  endfacet
  facet normal 0 0 1
    outer loop
      vertex 266.286 135.651 3
      vertex 262.714 135.651 3
      vertex 264.5 132.558 3
    endloop
  endfacet
  facet normal 0 0 1
    outer loop
      vertex 262.714 135.651 3
      vertex 261.036 130.558 3
      vertex 264.5 132.558 3
    endloop
  endfacet
  facet normal 0 0 1
    outer loop
      vertex 257.464 130.558 3
      vertex 261.036 130.558 3
      vertex 259.25 133.651 3
    endloop
  endfacet
  facet normal -0 0 1
    outer loop
      vertex 259.25 133.651 3
      vertex 261.036 130.558 3
      vertex 262.714 135.651 3
    endloop
  endfacet
  facet normal 0 0 1
    outer loop
      vertex 266.286 117.465 3
      vertex 262.714 117.465 3
      vertex 264.5 114.372 3
    endloop
  endfacet
  facet normal 0 0 1
    outer loop
      vertex 262.714 117.465 3
      vertex 261.036 112.372 3
      vertex 264.5 114.372 3
    endloop
  endfacet
  facet normal 0 0 1
    outer loop
      vertex 257.464 112.372 3
      vertex 261.036 112.372 3
      vertex 259.25 115.465 3
    endloop
  endfacet
  facet normal -0 0 1
    outer loop
      vertex 259.25 115.465 3
      vertex 261.036 112.372 3
      vertex 262.714 117.465 3
    endloop
  endfacet
  facet normal 0 0 1
    outer loop
      vertex 266.286 99.279 3
      vertex 262.714 99.279 3
      vertex 264.5 96.186 3
    endloop
  endfacet
  facet normal 0 0 1
    outer loop
      vertex 262.714 99.279 3
      vertex 261.036 94.186 3
      vertex 264.5 96.186 3
    endloop
  endfacet
  facet normal 0 0 1
    outer loop
      vertex 257.464 94.186 3
      vertex 261.036 94.186 3
      vertex 259.25 97.279 3
    endloop
  endfacet
  facet normal -0 0 1
    outer loop
      vertex 259.25 97.279 3
      vertex 261.036 94.186 3
      vertex 262.714 99.279 3
    endloop
  endfacet
  facet normal 0 0 1
    outer loop
      vertex 266.286 81.093 3
      vertex 262.714 81.093 3
      vertex 264.5 78 3
    endloop
  endfacet
  facet normal 0 0 1
    outer loop
      vertex 262.714 81.093 3
      vertex 261.036 76 3
      vertex 264.5 78 3
    endloop
  endfacet
  facet normal 0 0 1
    outer loop
      vertex 257.464 76 3
      vertex 261.036 76 3
      vertex 259.25 79.093 3
    endloop
  endfacet
  facet normal -0 0 1
    outer loop
      vertex 259.25 79.093 3
      vertex 261.036 76 3
      vertex 262.714 81.093 3
    endloop
  endfacet
  facet normal 0 0 1
    outer loop
      vertex 266.286 62.907 3
      vertex 262.714 62.907 3
      vertex 264.5 59.814 3
    endloop
  endfacet
  facet normal 0 0 1
    outer loop
      vertex 262.714 62.907 3
      vertex 261.036 57.814 3
      vertex 264.5 59.814 3
    endloop
  endfacet
  facet normal 0 0 1
    outer loop
      vertex 257.464 57.814 3
      vertex 261.036 57.814 3
      vertex 259.25 60.907 3
    endloop
  endfacet
  facet normal -0 0 1
    outer loop
      vertex 259.25 60.907 3
      vertex 261.036 57.814 3
      vertex 262.714 62.907 3
    endloop
  endfacet
  facet normal 0 0 1
    outer loop
      vertex 266.286 44.721 3
      vertex 262.714 44.721 3
      vertex 264.5 41.628 3
    endloop
  endfacet
  facet normal 0 0 1
    outer loop
      vertex 262.714 44.721 3
      vertex 261.036 39.628 3
      vertex 264.5 41.628 3
    endloop
  endfacet
  facet normal 0 0 1
    outer loop
      vertex 257.464 39.628 3
      vertex 261.036 39.628 3
      vertex 259.25 42.721 3
    endloop
  endfacet
  facet normal -0 0 1
    outer loop
      vertex 259.25 42.721 3
      vertex 261.036 39.628 3
      vertex 262.714 44.721 3
    endloop
  endfacet
  facet normal 0 0 1
    outer loop
      vertex 266.286 26.535 3
      vertex 262.714 26.535 3
      vertex 264.5 23.442 3
    endloop
  endfacet
  facet normal 0 0 1
    outer loop
      vertex 262.714 26.535 3
      vertex 261.036 21.442 3
      vertex 264.5 23.442 3
    endloop
  endfacet
  facet normal 0 0 1
    outer loop
      vertex 257.464 17.442 3
      vertex 261.036 17.442 3
      vertex 261.036 21.442 3
    endloop
  endfacet
  facet normal -0 0 1
    outer loop
      vertex 259.25 24.535 3
      vertex 261.036 21.442 3
      vertex 262.714 26.535 3
    endloop
  endfacet
  facet normal 0 0 1
    outer loop
      vertex 257.464 21.442 3
      vertex 261.036 21.442 3
      vertex 259.25 24.535 3
    endloop
  endfacet
  facet normal 0 0 1
    outer loop
      vertex 257.464 17.442 3
      vertex 261.036 21.442 3
      vertex 257.464 21.442 3
    endloop
  endfacet
  facet normal 0 0 1
    outer loop
      vertex 261.036 17.442 3
      vertex 259.25 14.349 3
      vertex 259.854 14 3
    endloop
  endfacet
  facet normal 0 0 1
    outer loop
      vertex 261.036 17.442 3
      vertex 257.464 17.442 3
      vertex 259.25 14.349 3
    endloop
  endfacet
  facet normal 0 0 1
    outer loop
      vertex 255.786 26.535 3
      vertex 257.464 21.442 3
      vertex 259.25 24.535 3
    endloop
  endfacet
  facet normal 0 0 1
    outer loop
      vertex 255.786 26.535 3
      vertex 254 23.442 3
      vertex 257.464 21.442 3
    endloop
  endfacet
  facet normal 0 0 1
    outer loop
      vertex 255.786 30.535 3
      vertex 252.214 30.535 3
      vertex 255.786 26.535 3
    endloop
  endfacet
  facet normal 0 0 1
    outer loop
      vertex 252.214 26.535 3
      vertex 255.786 26.535 3
      vertex 252.214 30.535 3
    endloop
  endfacet
  facet normal 0 0 1
    outer loop
      vertex 250.536 35.628 3
      vertex 252.214 30.535 3
      vertex 254 33.628 3
    endloop
  endfacet
  facet normal 0 0 1
    outer loop
      vertex 250.536 35.628 3
      vertex 248.75 32.535 3
      vertex 252.214 30.535 3
    endloop
  endfacet
  facet normal 0 0 1
    outer loop
      vertex 250.536 39.628 3
      vertex 246.964 39.628 3
      vertex 250.536 35.628 3
    endloop
  endfacet
  facet normal 0 0 1
    outer loop
      vertex 246.964 35.628 3
      vertex 250.536 35.628 3
      vertex 246.964 39.628 3
    endloop
  endfacet
  facet normal 0 0 1
    outer loop
      vertex 245.286 44.721 3
      vertex 246.964 39.628 3
      vertex 248.75 42.721 3
    endloop
  endfacet
  facet normal 0 0 1
    outer loop
      vertex 245.286 44.721 3
      vertex 243.5 41.628 3
      vertex 246.964 39.628 3
    endloop
  endfacet
  facet normal 0 0 1
    outer loop
      vertex 245.286 48.721 3
      vertex 241.714 48.721 3
      vertex 245.286 44.721 3
    endloop
  endfacet
  facet normal 0 0 1
    outer loop
      vertex 241.714 44.721 3
      vertex 245.286 44.721 3
      vertex 241.714 48.721 3
    endloop
  endfacet
  facet normal 0 0 1
    outer loop
      vertex 240.036 53.814 3
      vertex 241.714 48.721 3
      vertex 243.5 51.814 3
    endloop
  endfacet
  facet normal 0 0 1
    outer loop
      vertex 240.036 53.814 3
      vertex 238.25 50.721 3
      vertex 241.714 48.721 3
    endloop
  endfacet
  facet normal 0 0 1
    outer loop
      vertex 240.036 57.814 3
      vertex 236.464 57.814 3
      vertex 240.036 53.814 3
    endloop
  endfacet
  facet normal 0 0 1
    outer loop
      vertex 236.464 53.814 3
      vertex 240.036 53.814 3
      vertex 236.464 57.814 3
    endloop
  endfacet
  facet normal 0 0 1
    outer loop
      vertex 234.786 62.907 3
      vertex 236.464 57.814 3
      vertex 238.25 60.907 3
    endloop
  endfacet
  facet normal 0 0 1
    outer loop
      vertex 234.786 62.907 3
      vertex 233 59.814 3
      vertex 236.464 57.814 3
    endloop
  endfacet
  facet normal 0 0 1
    outer loop
      vertex 234.786 66.907 3
      vertex 231.214 66.907 3
      vertex 234.786 62.907 3
    endloop
  endfacet
  facet normal 0 0 1
    outer loop
      vertex 231.214 62.907 3
      vertex 234.786 62.907 3
      vertex 231.214 66.907 3
    endloop
  endfacet
  facet normal 0 0 1
    outer loop
      vertex 229.536 72 3
      vertex 231.214 66.907 3
      vertex 233 70 3
    endloop
  endfacet
  facet normal 0 0 1
    outer loop
      vertex 229.536 72 3
      vertex 227.75 68.907 3
      vertex 231.214 66.907 3
    endloop
  endfacet
  facet normal 0 0 1
    outer loop
      vertex 229.536 76 3
      vertex 225.964 76 3
      vertex 229.536 72 3
    endloop
  endfacet
  facet normal 0 0 1
    outer loop
      vertex 225.964 72 3
      vertex 229.536 72 3
      vertex 225.964 76 3
    endloop
  endfacet
  facet normal 0 0 1
    outer loop
      vertex 224.286 81.093 3
      vertex 225.964 76 3
      vertex 227.75 79.093 3
    endloop
  endfacet
  facet normal 0 0 1
    outer loop
      vertex 224.286 81.093 3
      vertex 222.5 78 3
      vertex 225.964 76 3
    endloop
  endfacet
  facet normal 0 0 1
    outer loop
      vertex 224.286 85.093 3
      vertex 220.714 85.093 3
      vertex 224.286 81.093 3
    endloop
  endfacet
  facet normal 0 0 1
    outer loop
      vertex 220.714 81.093 3
      vertex 224.286 81.093 3
      vertex 220.714 85.093 3
    endloop
  endfacet
  facet normal 0 0 1
    outer loop
      vertex 219.036 90.186 3
      vertex 220.714 85.093 3
      vertex 222.5 88.186 3
    endloop
  endfacet
  facet normal 0 0 1
    outer loop
      vertex 219.036 90.186 3
      vertex 217.25 87.093 3
      vertex 220.714 85.093 3
    endloop
  endfacet
  facet normal 0 0 1
    outer loop
      vertex 219.036 94.186 3
      vertex 216 98.0007 3
      vertex 219.036 90.186 3
    endloop
  endfacet
  facet normal 0 0 1
    outer loop
      vertex 216 86.3713 3
      vertex 219.036 90.186 3
      vertex 216 98.0007 3
    endloop
  endfacet
  facet normal 0 0 1
    outer loop
      vertex 219.036 90.186 3
      vertex 216 86.3713 3
      vertex 217.25 87.093 3
    endloop
  endfacet
  facet normal 0 0 1
    outer loop
      vertex 271.536 126.558 3
      vertex 267.964 126.558 3
      vertex 269.75 123.465 3
    endloop
  endfacet
  facet normal 0 0 1
    outer loop
      vertex 267.964 126.558 3
      vertex 266.286 121.465 3
      vertex 269.75 123.465 3
    endloop
  endfacet
  facet normal 0 0 1
    outer loop
      vertex 262.714 121.465 3
      vertex 266.286 121.465 3
      vertex 264.5 124.558 3
    endloop
  endfacet
  facet normal -0 0 1
    outer loop
      vertex 264.5 124.558 3
      vertex 266.286 121.465 3
      vertex 267.964 126.558 3
    endloop
  endfacet
  facet normal 0 0 1
    outer loop
      vertex 271.536 108.372 3
      vertex 267.964 108.372 3
      vertex 269.75 105.279 3
    endloop
  endfacet
  facet normal 0 0 1
    outer loop
      vertex 267.964 108.372 3
      vertex 266.286 103.279 3
      vertex 269.75 105.279 3
    endloop
  endfacet
  facet normal 0 0 1
    outer loop
      vertex 262.714 103.279 3
      vertex 266.286 103.279 3
      vertex 264.5 106.372 3
    endloop
  endfacet
  facet normal -0 0 1
    outer loop
      vertex 264.5 106.372 3
      vertex 266.286 103.279 3
      vertex 267.964 108.372 3
    endloop
  endfacet
  facet normal 0 0 1
    outer loop
      vertex 271.536 90.186 3
      vertex 267.964 90.186 3
      vertex 269.75 87.093 3
    endloop
  endfacet
  facet normal 0 0 1
    outer loop
      vertex 267.964 90.186 3
      vertex 266.286 85.093 3
      vertex 269.75 87.093 3
    endloop
  endfacet
  facet normal 0 0 1
    outer loop
      vertex 262.714 85.093 3
      vertex 266.286 85.093 3
      vertex 264.5 88.186 3
    endloop
  endfacet
  facet normal -0 0 1
    outer loop
      vertex 264.5 88.186 3
      vertex 266.286 85.093 3
      vertex 267.964 90.186 3
    endloop
  endfacet
  facet normal 0 0 1
    outer loop
      vertex 271.536 72 3
      vertex 267.964 72 3
      vertex 269.75 68.907 3
    endloop
  endfacet
  facet normal 0 0 1
    outer loop
      vertex 267.964 72 3
      vertex 266.286 66.907 3
      vertex 269.75 68.907 3
    endloop
  endfacet
  facet normal 0 0 1
    outer loop
      vertex 262.714 66.907 3
      vertex 266.286 66.907 3
      vertex 264.5 70 3
    endloop
  endfacet
  facet normal -0 0 1
    outer loop
      vertex 264.5 70 3
      vertex 266.286 66.907 3
      vertex 267.964 72 3
    endloop
  endfacet
  facet normal 0 0 1
    outer loop
      vertex 271.536 53.814 3
      vertex 267.964 53.814 3
      vertex 269.75 50.721 3
    endloop
  endfacet
  facet normal 0 0 1
    outer loop
      vertex 267.964 53.814 3
      vertex 266.286 48.721 3
      vertex 269.75 50.721 3
    endloop
  endfacet
  facet normal 0 0 1
    outer loop
      vertex 262.714 48.721 3
      vertex 266.286 48.721 3
      vertex 264.5 51.814 3
    endloop
  endfacet
  facet normal -0 0 1
    outer loop
      vertex 264.5 51.814 3
      vertex 266.286 48.721 3
      vertex 267.964 53.814 3
    endloop
  endfacet
  facet normal 0 0 1
    outer loop
      vertex 271.536 35.628 3
      vertex 267.964 35.628 3
      vertex 269.75 32.535 3
    endloop
  endfacet
  facet normal 0 0 1
    outer loop
      vertex 267.964 35.628 3
      vertex 266.286 30.535 3
      vertex 269.75 32.535 3
    endloop
  endfacet
  facet normal 0 0 1
    outer loop
      vertex 262.714 30.535 3
      vertex 266.286 30.535 3
      vertex 264.5 33.628 3
    endloop
  endfacet
  facet normal -0 0 1
    outer loop
      vertex 264.5 33.628 3
      vertex 266.286 30.535 3
      vertex 267.964 35.628 3
    endloop
  endfacet
  facet normal 0 0 1
    outer loop
      vertex 274 140 3
      vertex 266.286 136 3
      vertex 273.214 136 3
    endloop
  endfacet
  facet normal -0 0 1
    outer loop
      vertex 262.714 136 3
      vertex 266.286 135.651 3
      vertex 266.286 136 3
    endloop
  endfacet
  facet normal 0 0 1
    outer loop
      vertex 262.714 135.651 3
      vertex 266.286 135.651 3
      vertex 262.714 136 3
    endloop
  endfacet
  facet normal 0 0 1
    outer loop
      vertex 274 140 3
      vertex 262.714 136 3
      vertex 266.286 136 3
    endloop
  endfacet
  facet normal 0 0 1
    outer loop
      vertex 274 140 3
      vertex 255.786 136 3
      vertex 262.714 136 3
    endloop
  endfacet
  facet normal -0 0 1
    outer loop
      vertex 252.214 136 3
      vertex 255.786 135.651 3
      vertex 255.786 136 3
    endloop
  endfacet
  facet normal 0 0 1
    outer loop
      vertex 252.214 135.651 3
      vertex 255.786 135.651 3
      vertex 252.214 136 3
    endloop
  endfacet
  facet normal 0 0 1
    outer loop
      vertex 274 140 3
      vertex 252.214 136 3
      vertex 255.786 136 3
    endloop
  endfacet
  facet normal 0 0 1
    outer loop
      vertex 274 140 3
      vertex 245.286 136 3
      vertex 252.214 136 3
    endloop
  endfacet
  facet normal -0 0 1
    outer loop
      vertex 241.714 136 3
      vertex 245.286 135.651 3
      vertex 245.286 136 3
    endloop
  endfacet
  facet normal 0 0 1
    outer loop
      vertex 241.714 135.651 3
      vertex 245.286 135.651 3
      vertex 241.714 136 3
    endloop
  endfacet
  facet normal -0 0 1
    outer loop
      vertex 216 140 3
      vertex 245.286 136 3
      vertex 274 140 3
    endloop
  endfacet
  facet normal 0 0 1
    outer loop
      vertex 245.286 136 3
      vertex 216 140 3
      vertex 241.714 136 3
    endloop
  endfacet
  facet normal -0 0 1
    outer loop
      vertex 231.214 136 3
      vertex 234.786 135.651 3
      vertex 234.786 136 3
    endloop
  endfacet
  facet normal 0 0 1
    outer loop
      vertex 231.214 135.651 3
      vertex 234.786 135.651 3
      vertex 231.214 136 3
    endloop
  endfacet
  facet normal 0 0 1
    outer loop
      vertex 241.714 136 3
      vertex 216 140 3
      vertex 234.786 136 3
    endloop
  endfacet
  facet normal 0 0 1
    outer loop
      vertex 234.786 136 3
      vertex 216 140 3
      vertex 231.214 136 3
    endloop
  endfacet
  facet normal -0 0 1
    outer loop
      vertex 220.714 136 3
      vertex 224.286 135.651 3
      vertex 224.286 136 3
    endloop
  endfacet
  facet normal 0 0 1
    outer loop
      vertex 220.714 135.651 3
      vertex 224.286 135.651 3
      vertex 220.714 136 3
    endloop
  endfacet
  facet normal 0 0 1
    outer loop
      vertex 231.214 136 3
      vertex 216 140 3
      vertex 224.286 136 3
    endloop
  endfacet
  facet normal 0 0 1
    outer loop
      vertex 224.286 136 3
      vertex 216 140 3
      vertex 220.714 136 3
    endloop
  endfacet
  facet normal 0 0 1
    outer loop
      vertex 220.714 136 3
      vertex 216 140 3
      vertex 216 136 3
    endloop
  endfacet
  facet normal 0 0 1
    outer loop
      vertex 276.786 117.465 3
      vertex 273.214 117.465 3
      vertex 275 114.372 3
    endloop
  endfacet
  facet normal 0 0 1
    outer loop
      vertex 273.214 117.465 3
      vertex 271.536 112.372 3
      vertex 275 114.372 3
    endloop
  endfacet
  facet normal 0 0 1
    outer loop
      vertex 267.964 112.372 3
      vertex 271.536 112.372 3
      vertex 269.75 115.465 3
    endloop
  endfacet
  facet normal -0 0 1
    outer loop
      vertex 269.75 115.465 3
      vertex 271.536 112.372 3
      vertex 273.214 117.465 3
    endloop
  endfacet
  facet normal 0 0 1
    outer loop
      vertex 276.786 99.279 3
      vertex 273.214 99.279 3
      vertex 275 96.186 3
    endloop
  endfacet
  facet normal 0 0 1
    outer loop
      vertex 273.214 99.279 3
      vertex 271.536 94.186 3
      vertex 275 96.186 3
    endloop
  endfacet
  facet normal 0 0 1
    outer loop
      vertex 267.964 94.186 3
      vertex 271.536 94.186 3
      vertex 269.75 97.279 3
    endloop
  endfacet
  facet normal -0 0 1
    outer loop
      vertex 269.75 97.279 3
      vertex 271.536 94.186 3
      vertex 273.214 99.279 3
    endloop
  endfacet
  facet normal 0 0 1
    outer loop
      vertex 276.786 81.093 3
      vertex 273.214 81.093 3
      vertex 275 78 3
    endloop
  endfacet
  facet normal 0 0 1
    outer loop
      vertex 273.214 81.093 3
      vertex 271.536 76 3
      vertex 275 78 3
    endloop
  endfacet
  facet normal 0 0 1
    outer loop
      vertex 267.964 76 3
      vertex 271.536 76 3
      vertex 269.75 79.093 3
    endloop
  endfacet
  facet normal -0 0 1
    outer loop
      vertex 269.75 79.093 3
      vertex 271.536 76 3
      vertex 273.214 81.093 3
    endloop
  endfacet
  facet normal 0 0 1
    outer loop
      vertex 276.786 62.907 3
      vertex 273.214 62.907 3
      vertex 275 59.814 3
    endloop
  endfacet
  facet normal 0 0 1
    outer loop
      vertex 273.214 62.907 3
      vertex 271.536 57.814 3
      vertex 275 59.814 3
    endloop
  endfacet
  facet normal 0 0 1
    outer loop
      vertex 267.964 57.814 3
      vertex 271.536 57.814 3
      vertex 269.75 60.907 3
    endloop
  endfacet
  facet normal -0 0 1
    outer loop
      vertex 269.75 60.907 3
      vertex 271.536 57.814 3
      vertex 273.214 62.907 3
    endloop
  endfacet
  facet normal 0 0 1
    outer loop
      vertex 276.786 44.721 3
      vertex 273.214 44.721 3
      vertex 275 41.628 3
    endloop
  endfacet
  facet normal 0 0 1
    outer loop
      vertex 273.214 44.721 3
      vertex 271.536 39.628 3
      vertex 275 41.628 3
    endloop
  endfacet
  facet normal 0 0 1
    outer loop
      vertex 267.964 39.628 3
      vertex 271.536 39.628 3
      vertex 269.75 42.721 3
    endloop
  endfacet
  facet normal -0 0 1
    outer loop
      vertex 269.75 42.721 3
      vertex 271.536 39.628 3
      vertex 273.214 44.721 3
    endloop
  endfacet
  facet normal 0 0 1
    outer loop
      vertex 276.786 26.535 3
      vertex 273.214 26.535 3
      vertex 275 23.442 3
    endloop
  endfacet
  facet normal 0 0 1
    outer loop
      vertex 273.214 26.535 3
      vertex 271.536 21.442 3
      vertex 275 23.442 3
    endloop
  endfacet
  facet normal 0 0 1
    outer loop
      vertex 267.964 17.442 3
      vertex 271.536 17.442 3
      vertex 271.536 21.442 3
    endloop
  endfacet
  facet normal -0 0 1
    outer loop
      vertex 269.75 24.535 3
      vertex 271.536 21.442 3
      vertex 273.214 26.535 3
    endloop
  endfacet
  facet normal 0 0 1
    outer loop
      vertex 267.964 21.442 3
      vertex 271.536 21.442 3
      vertex 269.75 24.535 3
    endloop
  endfacet
  facet normal 0 0 1
    outer loop
      vertex 267.964 17.442 3
      vertex 271.536 21.442 3
      vertex 267.964 21.442 3
    endloop
  endfacet
  facet normal 0 0 1
    outer loop
      vertex 271.536 17.442 3
      vertex 269.75 14.349 3
      vertex 270.354 14 3
    endloop
  endfacet
  facet normal 0 0 1
    outer loop
      vertex 271.536 17.442 3
      vertex 267.964 17.442 3
      vertex 269.75 14.349 3
    endloop
  endfacet
  facet normal 0 0 1
    outer loop
      vertex 266.286 26.535 3
      vertex 267.964 21.442 3
      vertex 269.75 24.535 3
    endloop
  endfacet
  facet normal 0 0 1
    outer loop
      vertex 266.286 26.535 3
      vertex 264.5 23.442 3
      vertex 267.964 21.442 3
    endloop
  endfacet
  facet normal 0 0 1
    outer loop
      vertex 266.286 30.535 3
      vertex 262.714 30.535 3
      vertex 266.286 26.535 3
    endloop
  endfacet
  facet normal 0 0 1
    outer loop
      vertex 262.714 26.535 3
      vertex 266.286 26.535 3
      vertex 262.714 30.535 3
    endloop
  endfacet
  facet normal 0 0 1
    outer loop
      vertex 261.036 35.628 3
      vertex 262.714 30.535 3
      vertex 264.5 33.628 3
    endloop
  endfacet
  facet normal 0 0 1
    outer loop
      vertex 261.036 35.628 3
      vertex 259.25 32.535 3
      vertex 262.714 30.535 3
    endloop
  endfacet
  facet normal 0 0 1
    outer loop
      vertex 261.036 39.628 3
      vertex 257.464 39.628 3
      vertex 261.036 35.628 3
    endloop
  endfacet
  facet normal 0 0 1
    outer loop
      vertex 257.464 35.628 3
      vertex 261.036 35.628 3
      vertex 257.464 39.628 3
    endloop
  endfacet
  facet normal 0 0 1
    outer loop
      vertex 255.786 44.721 3
      vertex 257.464 39.628 3
      vertex 259.25 42.721 3
    endloop
  endfacet
  facet normal 0 0 1
    outer loop
      vertex 255.786 44.721 3
      vertex 254 41.628 3
      vertex 257.464 39.628 3
    endloop
  endfacet
  facet normal 0 0 1
    outer loop
      vertex 255.786 48.721 3
      vertex 252.214 48.721 3
      vertex 255.786 44.721 3
    endloop
  endfacet
  facet normal 0 0 1
    outer loop
      vertex 252.214 44.721 3
      vertex 255.786 44.721 3
      vertex 252.214 48.721 3
    endloop
  endfacet
  facet normal 0 0 1
    outer loop
      vertex 250.536 53.814 3
      vertex 252.214 48.721 3
      vertex 254 51.814 3
    endloop
  endfacet
  facet normal 0 0 1
    outer loop
      vertex 250.536 53.814 3
      vertex 248.75 50.721 3
      vertex 252.214 48.721 3
    endloop
  endfacet
  facet normal 0 0 1
    outer loop
      vertex 250.536 57.814 3
      vertex 246.964 57.814 3
      vertex 250.536 53.814 3
    endloop
  endfacet
  facet normal 0 0 1
    outer loop
      vertex 246.964 53.814 3
      vertex 250.536 53.814 3
      vertex 246.964 57.814 3
    endloop
  endfacet
  facet normal 0 0 1
    outer loop
      vertex 245.286 62.907 3
      vertex 246.964 57.814 3
      vertex 248.75 60.907 3
    endloop
  endfacet
  facet normal 0 0 1
    outer loop
      vertex 245.286 62.907 3
      vertex 243.5 59.814 3
      vertex 246.964 57.814 3
    endloop
  endfacet
  facet normal 0 0 1
    outer loop
      vertex 245.286 66.907 3
      vertex 241.714 66.907 3
      vertex 245.286 62.907 3
    endloop
  endfacet
  facet normal 0 0 1
    outer loop
      vertex 241.714 62.907 3
      vertex 245.286 62.907 3
      vertex 241.714 66.907 3
    endloop
  endfacet
  facet normal 0 0 1
    outer loop
      vertex 240.036 72 3
      vertex 241.714 66.907 3
      vertex 243.5 70 3
    endloop
  endfacet
  facet normal 0 0 1
    outer loop
      vertex 240.036 72 3
      vertex 238.25 68.907 3
      vertex 241.714 66.907 3
    endloop
  endfacet
  facet normal 0 0 1
    outer loop
      vertex 240.036 76 3
      vertex 236.464 76 3
      vertex 240.036 72 3
    endloop
  endfacet
  facet normal 0 0 1
    outer loop
      vertex 236.464 72 3
      vertex 240.036 72 3
      vertex 236.464 76 3
    endloop
  endfacet
  facet normal 0 0 1
    outer loop
      vertex 234.786 81.093 3
      vertex 236.464 76 3
      vertex 238.25 79.093 3
    endloop
  endfacet
  facet normal 0 0 1
    outer loop
      vertex 234.786 81.093 3
      vertex 233 78 3
      vertex 236.464 76 3
    endloop
  endfacet
  facet normal 0 0 1
    outer loop
      vertex 234.786 85.093 3
      vertex 231.214 85.093 3
      vertex 234.786 81.093 3
    endloop
  endfacet
  facet normal 0 0 1
    outer loop
      vertex 231.214 81.093 3
      vertex 234.786 81.093 3
      vertex 231.214 85.093 3
    endloop
  endfacet
  facet normal 0 0 1
    outer loop
      vertex 229.536 90.186 3
      vertex 231.214 85.093 3
      vertex 233 88.186 3
    endloop
  endfacet
  facet normal 0 0 1
    outer loop
      vertex 229.536 90.186 3
      vertex 227.75 87.093 3
      vertex 231.214 85.093 3
    endloop
  endfacet
  facet normal 0 0 1
    outer loop
      vertex 229.536 94.186 3
      vertex 225.964 94.186 3
      vertex 229.536 90.186 3
    endloop
  endfacet
  facet normal 0 0 1
    outer loop
      vertex 225.964 90.186 3
      vertex 229.536 90.186 3
      vertex 225.964 94.186 3
    endloop
  endfacet
  facet normal 0 0 1
    outer loop
      vertex 224.286 99.279 3
      vertex 225.964 94.186 3
      vertex 227.75 97.279 3
    endloop
  endfacet
  facet normal 0 0 1
    outer loop
      vertex 224.286 99.279 3
      vertex 222.5 96.186 3
      vertex 225.964 94.186 3
    endloop
  endfacet
  facet normal 0 0 1
    outer loop
      vertex 224.286 103.279 3
      vertex 220.714 103.279 3
      vertex 224.286 99.279 3
    endloop
  endfacet
  facet normal 0 0 1
    outer loop
      vertex 220.714 99.279 3
      vertex 224.286 99.279 3
      vertex 220.714 103.279 3
    endloop
  endfacet
  facet normal 0 0 1
    outer loop
      vertex 219.036 108.372 3
      vertex 220.714 103.279 3
      vertex 222.5 106.372 3
    endloop
  endfacet
  facet normal 0 0 1
    outer loop
      vertex 219.036 108.372 3
      vertex 217.25 105.279 3
      vertex 220.714 103.279 3
    endloop
  endfacet
  facet normal 0 0 1
    outer loop
      vertex 219.036 112.372 3
      vertex 216 116.187 3
      vertex 219.036 108.372 3
    endloop
  endfacet
  facet normal 0 0 1
    outer loop
      vertex 216 104.557 3
      vertex 219.036 108.372 3
      vertex 216 116.187 3
    endloop
  endfacet
  facet normal 0 0 1
    outer loop
      vertex 219.036 108.372 3
      vertex 216 104.557 3
      vertex 217.25 105.279 3
    endloop
  endfacet
  facet normal -0 0 1
    outer loop
      vertex 280.69 15.3748 3
      vertex 280.854 14 3
      vertex 281 15.5359 3
    endloop
  endfacet
  facet normal 0 0 1
    outer loop
      vertex 280.25 14.349 3
      vertex 280.69 15.3748 3
      vertex 280.368 15.2412 3
    endloop
  endfacet
  facet normal 0 0 1
    outer loop
      vertex 280.69 15.3748 3
      vertex 280.25 14.349 3
      vertex 280.854 14 3
    endloop
  endfacet
  facet normal -0 0 1
    outer loop
      vertex 280.035 15.1363 3
      vertex 280.25 14.349 3
      vertex 280.368 15.2412 3
    endloop
  endfacet
  facet normal -0 0 1
    outer loop
      vertex 279.695 15.0608 3
      vertex 280.25 14.349 3
      vertex 280.035 15.1363 3
    endloop
  endfacet
  facet normal 0 0 1
    outer loop
      vertex 279.695 15.0608 3
      vertex 279.646 14 3
      vertex 280.25 14.349 3
    endloop
  endfacet
  facet normal -0 0 1
    outer loop
      vertex 279.349 15.0152 3
      vertex 279.646 14 3
      vertex 279.695 15.0608 3
    endloop
  endfacet
  facet normal -0 0 1
    outer loop
      vertex 279 15 3
      vertex 279.646 14 3
      vertex 279.349 15.0152 3
    endloop
  endfacet
  facet normal 0 0 1
    outer loop
      vertex 278.651 15.0152 3
      vertex 279.646 14 3
      vertex 279 15 3
    endloop
  endfacet
  facet normal 0 0 1
    outer loop
      vertex 278.305 15.0608 3
      vertex 279.646 14 3
      vertex 278.651 15.0152 3
    endloop
  endfacet
  facet normal 0 0 1
    outer loop
      vertex 278.141 10.5452 3
      vertex 279.646 14 3
      vertex 278.305 15.0608 3
    endloop
  endfacet
  facet normal 0 0 1
    outer loop
      vertex 279.646 14 3
      vertex 278.141 10.5452 3
      vertex 279.472 10.9649 3
    endloop
  endfacet
  facet normal 0 0 1
    outer loop
      vertex 277.965 15.1363 3
      vertex 278.141 10.5452 3
      vertex 278.305 15.0608 3
    endloop
  endfacet
  facet normal 0 0 1
    outer loop
      vertex 277.632 15.2412 3
      vertex 278.141 10.5452 3
      vertex 277.965 15.1363 3
    endloop
  endfacet
  facet normal 0 0 1
    outer loop
      vertex 276.778 10.2431 3
      vertex 277.632 15.2412 3
      vertex 277.31 15.3748 3
    endloop
  endfacet
  facet normal -0 0 1
    outer loop
      vertex 275 15.442 3
      vertex 277.31 15.3748 3
      vertex 277 15.5359 3
    endloop
  endfacet
  facet normal 0 0 1
    outer loop
      vertex 277.632 15.2412 3
      vertex 276.778 10.2431 3
      vertex 278.141 10.5452 3
    endloop
  endfacet
  facet normal 0 0 1
    outer loop
      vertex 275 15.442 3
      vertex 277 15.5359 3
      vertex 276.706 15.7234 3
    endloop
  endfacet
  facet normal 0 0 1
    outer loop
      vertex 275 15.442 3
      vertex 276.706 15.7234 3
      vertex 276.429 15.9358 3
    endloop
  endfacet
  facet normal 0 0 1
    outer loop
      vertex 275 15.442 3
      vertex 276.429 15.9358 3
      vertex 276.207 16.139 3
    endloop
  endfacet
  facet normal 0 0 1
    outer loop
      vertex 277.31 15.3748 3
      vertex 275 15.442 3
      vertex 276.778 10.2431 3
    endloop
  endfacet
  facet normal 0 0 1
    outer loop
      vertex 276.778 10.2431 3
      vertex 275 15.442 3
      vertex 275.394 10.0609 3
    endloop
  endfacet
  facet normal 0 0 1
    outer loop
      vertex 275 15.442 3
      vertex 274 10 3
      vertex 275.394 10.0609 3
    endloop
  endfacet
  facet normal 0 0 1
    outer loop
      vertex 270.354 14 3
      vertex 275 15.442 3
      vertex 271.536 17.442 3
    endloop
  endfacet
  facet normal 0 0 1
    outer loop
      vertex 275 15.442 3
      vertex 270.354 14 3
      vertex 274 10 3
    endloop
  endfacet
  facet normal -0 0 1
    outer loop
      vertex 269.146 14 3
      vertex 274 10 3
      vertex 270.354 14 3
    endloop
  endfacet
  facet normal 0 0 1
    outer loop
      vertex 269.75 14.349 3
      vertex 267.964 17.442 3
      vertex 269.146 14 3
    endloop
  endfacet
  facet normal -0 0 1
    outer loop
      vertex 264.5 15.442 3
      vertex 269.146 14 3
      vertex 267.964 17.442 3
    endloop
  endfacet
  facet normal 0 0 1
    outer loop
      vertex 259.854 14 3
      vertex 269.146 14 3
      vertex 264.5 15.442 3
    endloop
  endfacet
  facet normal 0 0 1
    outer loop
      vertex 259.854 14 3
      vertex 264.5 15.442 3
      vertex 261.036 17.442 3
    endloop
  endfacet
  facet normal 0 0 1
    outer loop
      vertex 269.146 14 3
      vertex 259.854 14 3
      vertex 274 10 3
    endloop
  endfacet
  facet normal -0 0 1
    outer loop
      vertex 258.646 14 3
      vertex 274 10 3
      vertex 259.854 14 3
    endloop
  endfacet
  facet normal 0 0 1
    outer loop
      vertex 259.25 14.349 3
      vertex 257.464 17.442 3
      vertex 258.646 14 3
    endloop
  endfacet
  facet normal -0 0 1
    outer loop
      vertex 254 15.442 3
      vertex 258.646 14 3
      vertex 257.464 17.442 3
    endloop
  endfacet
  facet normal 0 0 1
    outer loop
      vertex 249.354 14 3
      vertex 254 15.442 3
      vertex 250.536 17.442 3
    endloop
  endfacet
  facet normal 0 0 1
    outer loop
      vertex 249.354 14 3
      vertex 258.646 14 3
      vertex 254 15.442 3
    endloop
  endfacet
  facet normal -0 0 1
    outer loop
      vertex 249.354 14 3
      vertex 274 10 3
      vertex 258.646 14 3
    endloop
  endfacet
  facet normal -0 0 1
    outer loop
      vertex 248.146 14 3
      vertex 274 10 3
      vertex 249.354 14 3
    endloop
  endfacet
  facet normal 0 0 1
    outer loop
      vertex 248.75 14.349 3
      vertex 246.964 17.442 3
      vertex 248.146 14 3
    endloop
  endfacet
  facet normal -0 0 1
    outer loop
      vertex 243.5 15.442 3
      vertex 248.146 14 3
      vertex 246.964 17.442 3
    endloop
  endfacet
  facet normal 0 0 1
    outer loop
      vertex 238.854 14 3
      vertex 243.5 15.442 3
      vertex 240.036 17.442 3
    endloop
  endfacet
  facet normal 0 0 1
    outer loop
      vertex 238.854 14 3
      vertex 248.146 14 3
      vertex 243.5 15.442 3
    endloop
  endfacet
  facet normal 0 0 1
    outer loop
      vertex 216 10 3
      vertex 248.146 14 3
      vertex 238.854 14 3
    endloop
  endfacet
  facet normal 0 0 1
    outer loop
      vertex 216 10 3
      vertex 238.854 14 3
      vertex 237.646 14 3
    endloop
  endfacet
  facet normal 0 0 1
    outer loop
      vertex 238.25 14.349 3
      vertex 236.464 17.442 3
      vertex 237.646 14 3
    endloop
  endfacet
  facet normal -0 0 1
    outer loop
      vertex 233 15.442 3
      vertex 237.646 14 3
      vertex 236.464 17.442 3
    endloop
  endfacet
  facet normal 0 0 1
    outer loop
      vertex 228.354 14 3
      vertex 233 15.442 3
      vertex 229.536 17.442 3
    endloop
  endfacet
  facet normal 0 0 1
    outer loop
      vertex 228.354 14 3
      vertex 237.646 14 3
      vertex 233 15.442 3
    endloop
  endfacet
  facet normal 0 0 1
    outer loop
      vertex 216 10 3
      vertex 237.646 14 3
      vertex 228.354 14 3
    endloop
  endfacet
  facet normal 0 0 1
    outer loop
      vertex 216 10 3
      vertex 228.354 14 3
      vertex 227.146 14 3
    endloop
  endfacet
  facet normal 0 0 1
    outer loop
      vertex 227.75 14.349 3
      vertex 225.964 17.442 3
      vertex 227.146 14 3
    endloop
  endfacet
  facet normal -0 0 1
    outer loop
      vertex 222.5 15.442 3
      vertex 227.146 14 3
      vertex 225.964 17.442 3
    endloop
  endfacet
  facet normal 0 0 1
    outer loop
      vertex 217.854 14 3
      vertex 222.5 15.442 3
      vertex 219.036 17.442 3
    endloop
  endfacet
  facet normal 0 0 1
    outer loop
      vertex 216 10 3
      vertex 222.5 15.442 3
      vertex 217.854 14 3
    endloop
  endfacet
  facet normal 0 0 1
    outer loop
      vertex 222.5 15.442 3
      vertex 216 10 3
      vertex 227.146 14 3
    endloop
  endfacet
  facet normal 0 0 1
    outer loop
      vertex 216 10 3
      vertex 217.854 14 3
      vertex 216.646 14 3
    endloop
  endfacet
  facet normal 0 0 1
    outer loop
      vertex 248.146 14 3
      vertex 216 10 3
      vertex 274 10 3
    endloop
  endfacet
  facet normal 0 0 1
    outer loop
      vertex 216 10 3
      vertex 216.646 14 3
      vertex 216 25.2567 3
    endloop
  endfacet
  facet normal 0 0 1
    outer loop
      vertex 282.036 108.372 3
      vertex 278.464 108.372 3
      vertex 280.25 105.279 3
    endloop
  endfacet
  facet normal 0 0 1
    outer loop
      vertex 278.464 108.372 3
      vertex 276.786 103.279 3
      vertex 280.25 105.279 3
    endloop
  endfacet
  facet normal 0 0 1
    outer loop
      vertex 273.214 103.279 3
      vertex 276.786 103.279 3
      vertex 275 106.372 3
    endloop
  endfacet
  facet normal -0 0 1
    outer loop
      vertex 275 106.372 3
      vertex 276.786 103.279 3
      vertex 278.464 108.372 3
    endloop
  endfacet
  facet normal 0 0 1
    outer loop
      vertex 282.036 90.186 3
      vertex 278.464 90.186 3
      vertex 280.25 87.093 3
    endloop
  endfacet
  facet normal 0 0 1
    outer loop
      vertex 278.464 90.186 3
      vertex 276.786 85.093 3
      vertex 280.25 87.093 3
    endloop
  endfacet
  facet normal 0 0 1
    outer loop
      vertex 273.214 85.093 3
      vertex 276.786 85.093 3
      vertex 275 88.186 3
    endloop
  endfacet
  facet normal -0 0 1
    outer loop
      vertex 275 88.186 3
      vertex 276.786 85.093 3
      vertex 278.464 90.186 3
    endloop
  endfacet
  facet normal 0 0 1
    outer loop
      vertex 282.036 72 3
      vertex 278.464 72 3
      vertex 280.25 68.907 3
    endloop
  endfacet
  facet normal 0 0 1
    outer loop
      vertex 278.464 72 3
      vertex 276.786 66.907 3
      vertex 280.25 68.907 3
    endloop
  endfacet
  facet normal 0 0 1
    outer loop
      vertex 273.214 66.907 3
      vertex 276.786 66.907 3
      vertex 275 70 3
    endloop
  endfacet
  facet normal -0 0 1
    outer loop
      vertex 275 70 3
      vertex 276.786 66.907 3
      vertex 278.464 72 3
    endloop
  endfacet
  facet normal 0 0 1
    outer loop
      vertex 282.036 53.814 3
      vertex 278.464 53.814 3
      vertex 280.25 50.721 3
    endloop
  endfacet
  facet normal 0 0 1
    outer loop
      vertex 278.464 53.814 3
      vertex 276.786 48.721 3
      vertex 280.25 50.721 3
    endloop
  endfacet
  facet normal 0 0 1
    outer loop
      vertex 273.214 48.721 3
      vertex 276.786 48.721 3
      vertex 275 51.814 3
    endloop
  endfacet
  facet normal -0 0 1
    outer loop
      vertex 275 51.814 3
      vertex 276.786 48.721 3
      vertex 278.464 53.814 3
    endloop
  endfacet
  facet normal 0 0 1
    outer loop
      vertex 282.036 35.628 3
      vertex 278.464 35.628 3
      vertex 280.25 32.535 3
    endloop
  endfacet
  facet normal 0 0 1
    outer loop
      vertex 278.464 35.628 3
      vertex 276.786 30.535 3
      vertex 280.25 32.535 3
    endloop
  endfacet
  facet normal 0 0 1
    outer loop
      vertex 273.214 30.535 3
      vertex 276.786 30.535 3
      vertex 275 33.628 3
    endloop
  endfacet
  facet normal -0 0 1
    outer loop
      vertex 275 33.628 3
      vertex 276.786 30.535 3
      vertex 278.464 35.628 3
    endloop
  endfacet
  facet normal 0 0 1
    outer loop
      vertex 283.177 137.106 3
      vertex 283.714 136 3
      vertex 284.285 136.257 3
    endloop
  endfacet
  facet normal 0 0 1
    outer loop
      vertex 282 137.856 3
      vertex 283.714 136 3
      vertex 283.177 137.106 3
    endloop
  endfacet
  facet normal 0 0 1
    outer loop
      vertex 276.786 136 3
      vertex 282 137.856 3
      vertex 280.762 138.501 3
    endloop
  endfacet
  facet normal 0 0 1
    outer loop
      vertex 276.786 136 3
      vertex 280.762 138.501 3
      vertex 279.472 139.035 3
    endloop
  endfacet
  facet normal 0 0 1
    outer loop
      vertex 276.786 136 3
      vertex 279.472 139.035 3
      vertex 278.141 139.455 3
    endloop
  endfacet
  facet normal 0 0 1
    outer loop
      vertex 282 137.856 3
      vertex 276.786 136 3
      vertex 283.714 136 3
    endloop
  endfacet
  facet normal 0 0 1
    outer loop
      vertex 275.394 139.939 3
      vertex 276.786 136 3
      vertex 276.778 139.757 3
    endloop
  endfacet
  facet normal 0 0 1
    outer loop
      vertex 276.778 139.757 3
      vertex 276.786 136 3
      vertex 278.141 139.455 3
    endloop
  endfacet
  facet normal 0 0 1
    outer loop
      vertex 286 33.9167 3
      vertex 283.714 30.535 3
      vertex 290 26 3
    endloop
  endfacet
  facet normal -0 0 1
    outer loop
      vertex 283.714 26.535 3
      vertex 290 26 3
      vertex 283.714 30.535 3
    endloop
  endfacet
  facet normal 0 -0 1
    outer loop
      vertex 285.5 23.442 3
      vertex 290 26 3
      vertex 283.714 26.535 3
    endloop
  endfacet
  facet normal 0 0 1
    outer loop
      vertex 282.036 35.628 3
      vertex 283.714 30.535 3
      vertex 285.5 33.628 3
    endloop
  endfacet
  facet normal 0 0 1
    outer loop
      vertex 282.036 35.628 3
      vertex 280.25 32.535 3
      vertex 283.714 30.535 3
    endloop
  endfacet
  facet normal 0 0 1
    outer loop
      vertex 282.036 39.628 3
      vertex 278.464 39.628 3
      vertex 282.036 35.628 3
    endloop
  endfacet
  facet normal 0 0 1
    outer loop
      vertex 278.464 35.628 3
      vertex 282.036 35.628 3
      vertex 278.464 39.628 3
    endloop
  endfacet
  facet normal 0 0 1
    outer loop
      vertex 276.786 44.721 3
      vertex 278.464 39.628 3
      vertex 280.25 42.721 3
    endloop
  endfacet
  facet normal 0 0 1
    outer loop
      vertex 276.786 44.721 3
      vertex 275 41.628 3
      vertex 278.464 39.628 3
    endloop
  endfacet
  facet normal 0 0 1
    outer loop
      vertex 276.786 48.721 3
      vertex 273.214 48.721 3
      vertex 276.786 44.721 3
    endloop
  endfacet
  facet normal 0 0 1
    outer loop
      vertex 273.214 44.721 3
      vertex 276.786 44.721 3
      vertex 273.214 48.721 3
    endloop
  endfacet
  facet normal 0 0 1
    outer loop
      vertex 271.536 53.814 3
      vertex 273.214 48.721 3
      vertex 275 51.814 3
    endloop
  endfacet
  facet normal 0 0 1
    outer loop
      vertex 271.536 53.814 3
      vertex 269.75 50.721 3
      vertex 273.214 48.721 3
    endloop
  endfacet
  facet normal 0 0 1
    outer loop
      vertex 271.536 57.814 3
      vertex 267.964 57.814 3
      vertex 271.536 53.814 3
    endloop
  endfacet
  facet normal 0 0 1
    outer loop
      vertex 267.964 53.814 3
      vertex 271.536 53.814 3
      vertex 267.964 57.814 3
    endloop
  endfacet
  facet normal 0 0 1
    outer loop
      vertex 266.286 62.907 3
      vertex 267.964 57.814 3
      vertex 269.75 60.907 3
    endloop
  endfacet
  facet normal 0 0 1
    outer loop
      vertex 266.286 62.907 3
      vertex 264.5 59.814 3
      vertex 267.964 57.814 3
    endloop
  endfacet
  facet normal 0 0 1
    outer loop
      vertex 266.286 66.907 3
      vertex 262.714 66.907 3
      vertex 266.286 62.907 3
    endloop
  endfacet
  facet normal 0 0 1
    outer loop
      vertex 262.714 62.907 3
      vertex 266.286 62.907 3
      vertex 262.714 66.907 3
    endloop
  endfacet
  facet normal 0 0 1
    outer loop
      vertex 261.036 72 3
      vertex 262.714 66.907 3
      vertex 264.5 70 3
    endloop
  endfacet
  facet normal 0 0 1
    outer loop
      vertex 261.036 72 3
      vertex 259.25 68.907 3
      vertex 262.714 66.907 3
    endloop
  endfacet
  facet normal 0 0 1
    outer loop
      vertex 261.036 76 3
      vertex 257.464 76 3
      vertex 261.036 72 3
    endloop
  endfacet
  facet normal 0 0 1
    outer loop
      vertex 257.464 72 3
      vertex 261.036 72 3
      vertex 257.464 76 3
    endloop
  endfacet
  facet normal 0 0 1
    outer loop
      vertex 255.786 81.093 3
      vertex 257.464 76 3
      vertex 259.25 79.093 3
    endloop
  endfacet
  facet normal 0 0 1
    outer loop
      vertex 255.786 81.093 3
      vertex 254 78 3
      vertex 257.464 76 3
    endloop
  endfacet
  facet normal 0 0 1
    outer loop
      vertex 255.786 85.093 3
      vertex 252.214 85.093 3
      vertex 255.786 81.093 3
    endloop
  endfacet
  facet normal 0 0 1
    outer loop
      vertex 252.214 81.093 3
      vertex 255.786 81.093 3
      vertex 252.214 85.093 3
    endloop
  endfacet
  facet normal 0 0 1
    outer loop
      vertex 250.536 90.186 3
      vertex 252.214 85.093 3
      vertex 254 88.186 3
    endloop
  endfacet
  facet normal 0 0 1
    outer loop
      vertex 250.536 90.186 3
      vertex 248.75 87.093 3
      vertex 252.214 85.093 3
    endloop
  endfacet
  facet normal 0 0 1
    outer loop
      vertex 250.536 94.186 3
      vertex 246.964 94.186 3
      vertex 250.536 90.186 3
    endloop
  endfacet
  facet normal 0 0 1
    outer loop
      vertex 246.964 90.186 3
      vertex 250.536 90.186 3
      vertex 246.964 94.186 3
    endloop
  endfacet
  facet normal 0 0 1
    outer loop
      vertex 245.286 99.279 3
      vertex 246.964 94.186 3
      vertex 248.75 97.279 3
    endloop
  endfacet
  facet normal 0 0 1
    outer loop
      vertex 245.286 99.279 3
      vertex 243.5 96.186 3
      vertex 246.964 94.186 3
    endloop
  endfacet
  facet normal 0 0 1
    outer loop
      vertex 245.286 103.279 3
      vertex 241.714 103.279 3
      vertex 245.286 99.279 3
    endloop
  endfacet
  facet normal 0 0 1
    outer loop
      vertex 241.714 99.279 3
      vertex 245.286 99.279 3
      vertex 241.714 103.279 3
    endloop
  endfacet
  facet normal 0 0 1
    outer loop
      vertex 240.036 108.372 3
      vertex 241.714 103.279 3
      vertex 243.5 106.372 3
    endloop
  endfacet
  facet normal 0 0 1
    outer loop
      vertex 240.036 108.372 3
      vertex 238.25 105.279 3
      vertex 241.714 103.279 3
    endloop
  endfacet
  facet normal 0 0 1
    outer loop
      vertex 240.036 112.372 3
      vertex 236.464 112.372 3
      vertex 240.036 108.372 3
    endloop
  endfacet
  facet normal 0 0 1
    outer loop
      vertex 236.464 108.372 3
      vertex 240.036 108.372 3
      vertex 236.464 112.372 3
    endloop
  endfacet
  facet normal 0 0 1
    outer loop
      vertex 234.786 117.465 3
      vertex 236.464 112.372 3
      vertex 238.25 115.465 3
    endloop
  endfacet
  facet normal 0 0 1
    outer loop
      vertex 234.786 117.465 3
      vertex 233 114.372 3
      vertex 236.464 112.372 3
    endloop
  endfacet
  facet normal 0 0 1
    outer loop
      vertex 234.786 121.465 3
      vertex 231.214 121.465 3
      vertex 234.786 117.465 3
    endloop
  endfacet
  facet normal 0 0 1
    outer loop
      vertex 231.214 117.465 3
      vertex 234.786 117.465 3
      vertex 231.214 121.465 3
    endloop
  endfacet
  facet normal 0 0 1
    outer loop
      vertex 229.536 126.558 3
      vertex 231.214 121.465 3
      vertex 233 124.558 3
    endloop
  endfacet
  facet normal 0 0 1
    outer loop
      vertex 229.536 126.558 3
      vertex 227.75 123.465 3
      vertex 231.214 121.465 3
    endloop
  endfacet
  facet normal 0 0 1
    outer loop
      vertex 229.536 130.558 3
      vertex 225.964 130.558 3
      vertex 229.536 126.558 3
    endloop
  endfacet
  facet normal 0 0 1
    outer loop
      vertex 225.964 126.558 3
      vertex 229.536 126.558 3
      vertex 225.964 130.558 3
    endloop
  endfacet
  facet normal 0 0 1
    outer loop
      vertex 224.286 135.651 3
      vertex 225.964 130.558 3
      vertex 227.75 133.651 3
    endloop
  endfacet
  facet normal 0 0 1
    outer loop
      vertex 225.964 130.558 3
      vertex 224.286 135.651 3
      vertex 222.5 132.558 3
    endloop
  endfacet
  facet normal 0 0 1
    outer loop
      vertex 283.714 48.721 3
      vertex 286 52.1027 3
      vertex 285.5 51.814 3
    endloop
  endfacet
  facet normal 0 0 1
    outer loop
      vertex 286 52.1027 3
      vertex 283.714 48.721 3
      vertex 286 41.3393 3
    endloop
  endfacet
  facet normal -0 0 1
    outer loop
      vertex 283.714 44.721 3
      vertex 286 41.3393 3
      vertex 283.714 48.721 3
    endloop
  endfacet
  facet normal 0 0 1
    outer loop
      vertex 282.036 53.814 3
      vertex 283.714 48.721 3
      vertex 285.5 51.814 3
    endloop
  endfacet
  facet normal 0 0 1
    outer loop
      vertex 282.036 53.814 3
      vertex 280.25 50.721 3
      vertex 283.714 48.721 3
    endloop
  endfacet
  facet normal 0 0 1
    outer loop
      vertex 282.036 57.814 3
      vertex 278.464 57.814 3
      vertex 282.036 53.814 3
    endloop
  endfacet
  facet normal 0 0 1
    outer loop
      vertex 278.464 53.814 3
      vertex 282.036 53.814 3
      vertex 278.464 57.814 3
    endloop
  endfacet
  facet normal 0 0 1
    outer loop
      vertex 276.786 62.907 3
      vertex 278.464 57.814 3
      vertex 280.25 60.907 3
    endloop
  endfacet
  facet normal 0 0 1
    outer loop
      vertex 276.786 62.907 3
      vertex 275 59.814 3
      vertex 278.464 57.814 3
    endloop
  endfacet
  facet normal 0 0 1
    outer loop
      vertex 276.786 66.907 3
      vertex 273.214 66.907 3
      vertex 276.786 62.907 3
    endloop
  endfacet
  facet normal 0 0 1
    outer loop
      vertex 273.214 62.907 3
      vertex 276.786 62.907 3
      vertex 273.214 66.907 3
    endloop
  endfacet
  facet normal 0 0 1
    outer loop
      vertex 271.536 72 3
      vertex 273.214 66.907 3
      vertex 275 70 3
    endloop
  endfacet
  facet normal 0 0 1
    outer loop
      vertex 271.536 72 3
      vertex 269.75 68.907 3
      vertex 273.214 66.907 3
    endloop
  endfacet
  facet normal 0 0 1
    outer loop
      vertex 271.536 76 3
      vertex 267.964 76 3
      vertex 271.536 72 3
    endloop
  endfacet
  facet normal 0 0 1
    outer loop
      vertex 267.964 72 3
      vertex 271.536 72 3
      vertex 267.964 76 3
    endloop
  endfacet
  facet normal 0 0 1
    outer loop
      vertex 266.286 81.093 3
      vertex 267.964 76 3
      vertex 269.75 79.093 3
    endloop
  endfacet
  facet normal 0 0 1
    outer loop
      vertex 266.286 81.093 3
      vertex 264.5 78 3
      vertex 267.964 76 3
    endloop
  endfacet
  facet normal 0 0 1
    outer loop
      vertex 266.286 85.093 3
      vertex 262.714 85.093 3
      vertex 266.286 81.093 3
    endloop
  endfacet
  facet normal 0 0 1
    outer loop
      vertex 262.714 81.093 3
      vertex 266.286 81.093 3
      vertex 262.714 85.093 3
    endloop
  endfacet
  facet normal 0 0 1
    outer loop
      vertex 261.036 90.186 3
      vertex 262.714 85.093 3
      vertex 264.5 88.186 3
    endloop
  endfacet
  facet normal 0 0 1
    outer loop
      vertex 261.036 90.186 3
      vertex 259.25 87.093 3
      vertex 262.714 85.093 3
    endloop
  endfacet
  facet normal 0 0 1
    outer loop
      vertex 261.036 94.186 3
      vertex 257.464 94.186 3
      vertex 261.036 90.186 3
    endloop
  endfacet
  facet normal 0 0 1
    outer loop
      vertex 257.464 90.186 3
      vertex 261.036 90.186 3
      vertex 257.464 94.186 3
    endloop
  endfacet
  facet normal 0 0 1
    outer loop
      vertex 255.786 99.279 3
      vertex 257.464 94.186 3
      vertex 259.25 97.279 3
    endloop
  endfacet
  facet normal 0 0 1
    outer loop
      vertex 255.786 99.279 3
      vertex 254 96.186 3
      vertex 257.464 94.186 3
    endloop
  endfacet
  facet normal 0 0 1
    outer loop
      vertex 255.786 103.279 3
      vertex 252.214 103.279 3
      vertex 255.786 99.279 3
    endloop
  endfacet
  facet normal 0 0 1
    outer loop
      vertex 252.214 99.279 3
      vertex 255.786 99.279 3
      vertex 252.214 103.279 3
    endloop
  endfacet
  facet normal 0 0 1
    outer loop
      vertex 250.536 108.372 3
      vertex 252.214 103.279 3
      vertex 254 106.372 3
    endloop
  endfacet
  facet normal 0 0 1
    outer loop
      vertex 250.536 108.372 3
      vertex 248.75 105.279 3
      vertex 252.214 103.279 3
    endloop
  endfacet
  facet normal 0 0 1
    outer loop
      vertex 250.536 112.372 3
      vertex 246.964 112.372 3
      vertex 250.536 108.372 3
    endloop
  endfacet
  facet normal 0 0 1
    outer loop
      vertex 246.964 108.372 3
      vertex 250.536 108.372 3
      vertex 246.964 112.372 3
    endloop
  endfacet
  facet normal 0 0 1
    outer loop
      vertex 245.286 117.465 3
      vertex 246.964 112.372 3
      vertex 248.75 115.465 3
    endloop
  endfacet
  facet normal 0 0 1
    outer loop
      vertex 245.286 117.465 3
      vertex 243.5 114.372 3
      vertex 246.964 112.372 3
    endloop
  endfacet
  facet normal 0 0 1
    outer loop
      vertex 245.286 121.465 3
      vertex 241.714 121.465 3
      vertex 245.286 117.465 3
    endloop
  endfacet
  facet normal 0 0 1
    outer loop
      vertex 241.714 117.465 3
      vertex 245.286 117.465 3
      vertex 241.714 121.465 3
    endloop
  endfacet
  facet normal 0 0 1
    outer loop
      vertex 240.036 126.558 3
      vertex 241.714 121.465 3
      vertex 243.5 124.558 3
    endloop
  endfacet
  facet normal 0 0 1
    outer loop
      vertex 240.036 126.558 3
      vertex 238.25 123.465 3
      vertex 241.714 121.465 3
    endloop
  endfacet
  facet normal 0 0 1
    outer loop
      vertex 240.036 130.558 3
      vertex 236.464 130.558 3
      vertex 240.036 126.558 3
    endloop
  endfacet
  facet normal 0 0 1
    outer loop
      vertex 236.464 126.558 3
      vertex 240.036 126.558 3
      vertex 236.464 130.558 3
    endloop
  endfacet
  facet normal 0 0 1
    outer loop
      vertex 234.786 135.651 3
      vertex 236.464 130.558 3
      vertex 238.25 133.651 3
    endloop
  endfacet
  facet normal 0 0 1
    outer loop
      vertex 236.464 130.558 3
      vertex 234.786 135.651 3
      vertex 233 132.558 3
    endloop
  endfacet
  facet normal 0 0 1
    outer loop
      vertex 283.714 66.907 3
      vertex 286 70.2887 3
      vertex 285.5 70 3
    endloop
  endfacet
  facet normal 0 0 1
    outer loop
      vertex 286 70.2887 3
      vertex 283.714 66.907 3
      vertex 286 59.5253 3
    endloop
  endfacet
  facet normal -0 0 1
    outer loop
      vertex 283.714 62.907 3
      vertex 286 59.5253 3
      vertex 283.714 66.907 3
    endloop
  endfacet
  facet normal 0 0 1
    outer loop
      vertex 282.036 72 3
      vertex 283.714 66.907 3
      vertex 285.5 70 3
    endloop
  endfacet
  facet normal 0 0 1
    outer loop
      vertex 282.036 72 3
      vertex 280.25 68.907 3
      vertex 283.714 66.907 3
    endloop
  endfacet
  facet normal 0 0 1
    outer loop
      vertex 282.036 76 3
      vertex 278.464 76 3
      vertex 282.036 72 3
    endloop
  endfacet
  facet normal 0 0 1
    outer loop
      vertex 278.464 72 3
      vertex 282.036 72 3
      vertex 278.464 76 3
    endloop
  endfacet
  facet normal 0 0 1
    outer loop
      vertex 276.786 81.093 3
      vertex 278.464 76 3
      vertex 280.25 79.093 3
    endloop
  endfacet
  facet normal 0 0 1
    outer loop
      vertex 276.786 81.093 3
      vertex 275 78 3
      vertex 278.464 76 3
    endloop
  endfacet
  facet normal 0 0 1
    outer loop
      vertex 276.786 85.093 3
      vertex 273.214 85.093 3
      vertex 276.786 81.093 3
    endloop
  endfacet
  facet normal 0 0 1
    outer loop
      vertex 273.214 81.093 3
      vertex 276.786 81.093 3
      vertex 273.214 85.093 3
    endloop
  endfacet
  facet normal 0 0 1
    outer loop
      vertex 271.536 90.186 3
      vertex 273.214 85.093 3
      vertex 275 88.186 3
    endloop
  endfacet
  facet normal 0 0 1
    outer loop
      vertex 271.536 90.186 3
      vertex 269.75 87.093 3
      vertex 273.214 85.093 3
    endloop
  endfacet
  facet normal 0 0 1
    outer loop
      vertex 271.536 94.186 3
      vertex 267.964 94.186 3
      vertex 271.536 90.186 3
    endloop
  endfacet
  facet normal 0 0 1
    outer loop
      vertex 267.964 90.186 3
      vertex 271.536 90.186 3
      vertex 267.964 94.186 3
    endloop
  endfacet
  facet normal 0 0 1
    outer loop
      vertex 266.286 99.279 3
      vertex 267.964 94.186 3
      vertex 269.75 97.279 3
    endloop
  endfacet
  facet normal 0 0 1
    outer loop
      vertex 266.286 99.279 3
      vertex 264.5 96.186 3
      vertex 267.964 94.186 3
    endloop
  endfacet
  facet normal 0 0 1
    outer loop
      vertex 266.286 103.279 3
      vertex 262.714 103.279 3
      vertex 266.286 99.279 3
    endloop
  endfacet
  facet normal 0 0 1
    outer loop
      vertex 262.714 99.279 3
      vertex 266.286 99.279 3
      vertex 262.714 103.279 3
    endloop
  endfacet
  facet normal 0 0 1
    outer loop
      vertex 261.036 108.372 3
      vertex 262.714 103.279 3
      vertex 264.5 106.372 3
    endloop
  endfacet
  facet normal 0 0 1
    outer loop
      vertex 261.036 108.372 3
      vertex 259.25 105.279 3
      vertex 262.714 103.279 3
    endloop
  endfacet
  facet normal 0 0 1
    outer loop
      vertex 261.036 112.372 3
      vertex 257.464 112.372 3
      vertex 261.036 108.372 3
    endloop
  endfacet
  facet normal 0 0 1
    outer loop
      vertex 257.464 108.372 3
      vertex 261.036 108.372 3
      vertex 257.464 112.372 3
    endloop
  endfacet
  facet normal 0 0 1
    outer loop
      vertex 255.786 117.465 3
      vertex 257.464 112.372 3
      vertex 259.25 115.465 3
    endloop
  endfacet
  facet normal 0 0 1
    outer loop
      vertex 255.786 117.465 3
      vertex 254 114.372 3
      vertex 257.464 112.372 3
    endloop
  endfacet
  facet normal 0 0 1
    outer loop
      vertex 255.786 121.465 3
      vertex 252.214 121.465 3
      vertex 255.786 117.465 3
    endloop
  endfacet
  facet normal 0 0 1
    outer loop
      vertex 252.214 117.465 3
      vertex 255.786 117.465 3
      vertex 252.214 121.465 3
    endloop
  endfacet
  facet normal 0 0 1
    outer loop
      vertex 250.536 126.558 3
      vertex 252.214 121.465 3
      vertex 254 124.558 3
    endloop
  endfacet
  facet normal 0 0 1
    outer loop
      vertex 250.536 126.558 3
      vertex 248.75 123.465 3
      vertex 252.214 121.465 3
    endloop
  endfacet
  facet normal 0 0 1
    outer loop
      vertex 250.536 130.558 3
      vertex 246.964 130.558 3
      vertex 250.536 126.558 3
    endloop
  endfacet
  facet normal 0 0 1
    outer loop
      vertex 246.964 126.558 3
      vertex 250.536 126.558 3
      vertex 246.964 130.558 3
    endloop
  endfacet
  facet normal 0 0 1
    outer loop
      vertex 245.286 135.651 3
      vertex 246.964 130.558 3
      vertex 248.75 133.651 3
    endloop
  endfacet
  facet normal 0 0 1
    outer loop
      vertex 246.964 130.558 3
      vertex 245.286 135.651 3
      vertex 243.5 132.558 3
    endloop
  endfacet
  facet normal 0 0 1
    outer loop
      vertex 283.714 85.093 3
      vertex 286 88.4747 3
      vertex 285.5 88.186 3
    endloop
  endfacet
  facet normal 0 0 1
    outer loop
      vertex 286 88.4747 3
      vertex 283.714 85.093 3
      vertex 286 77.7113 3
    endloop
  endfacet
  facet normal -0 0 1
    outer loop
      vertex 283.714 81.093 3
      vertex 286 77.7113 3
      vertex 283.714 85.093 3
    endloop
  endfacet
  facet normal 0 0 1
    outer loop
      vertex 282.036 90.186 3
      vertex 283.714 85.093 3
      vertex 285.5 88.186 3
    endloop
  endfacet
  facet normal 0 0 1
    outer loop
      vertex 282.036 90.186 3
      vertex 280.25 87.093 3
      vertex 283.714 85.093 3
    endloop
  endfacet
  facet normal 0 0 1
    outer loop
      vertex 282.036 94.186 3
      vertex 278.464 94.186 3
      vertex 282.036 90.186 3
    endloop
  endfacet
  facet normal 0 0 1
    outer loop
      vertex 278.464 90.186 3
      vertex 282.036 90.186 3
      vertex 278.464 94.186 3
    endloop
  endfacet
  facet normal 0 0 1
    outer loop
      vertex 276.786 99.279 3
      vertex 278.464 94.186 3
      vertex 280.25 97.279 3
    endloop
  endfacet
  facet normal 0 0 1
    outer loop
      vertex 276.786 99.279 3
      vertex 275 96.186 3
      vertex 278.464 94.186 3
    endloop
  endfacet
  facet normal 0 0 1
    outer loop
      vertex 276.786 103.279 3
      vertex 273.214 103.279 3
      vertex 276.786 99.279 3
    endloop
  endfacet
  facet normal 0 0 1
    outer loop
      vertex 273.214 99.279 3
      vertex 276.786 99.279 3
      vertex 273.214 103.279 3
    endloop
  endfacet
  facet normal 0 0 1
    outer loop
      vertex 271.536 108.372 3
      vertex 273.214 103.279 3
      vertex 275 106.372 3
    endloop
  endfacet
  facet normal 0 0 1
    outer loop
      vertex 271.536 108.372 3
      vertex 269.75 105.279 3
      vertex 273.214 103.279 3
    endloop
  endfacet
  facet normal 0 0 1
    outer loop
      vertex 271.536 112.372 3
      vertex 267.964 112.372 3
      vertex 271.536 108.372 3
    endloop
  endfacet
  facet normal 0 0 1
    outer loop
      vertex 267.964 108.372 3
      vertex 271.536 108.372 3
      vertex 267.964 112.372 3
    endloop
  endfacet
  facet normal 0 0 1
    outer loop
      vertex 266.286 117.465 3
      vertex 267.964 112.372 3
      vertex 269.75 115.465 3
    endloop
  endfacet
  facet normal 0 0 1
    outer loop
      vertex 266.286 117.465 3
      vertex 264.5 114.372 3
      vertex 267.964 112.372 3
    endloop
  endfacet
  facet normal 0 0 1
    outer loop
      vertex 266.286 121.465 3
      vertex 262.714 121.465 3
      vertex 266.286 117.465 3
    endloop
  endfacet
  facet normal 0 0 1
    outer loop
      vertex 262.714 117.465 3
      vertex 266.286 117.465 3
      vertex 262.714 121.465 3
    endloop
  endfacet
  facet normal 0 0 1
    outer loop
      vertex 261.036 126.558 3
      vertex 262.714 121.465 3
      vertex 264.5 124.558 3
    endloop
  endfacet
  facet normal 0 0 1
    outer loop
      vertex 261.036 126.558 3
      vertex 259.25 123.465 3
      vertex 262.714 121.465 3
    endloop
  endfacet
  facet normal 0 0 1
    outer loop
      vertex 261.036 130.558 3
      vertex 257.464 130.558 3
      vertex 261.036 126.558 3
    endloop
  endfacet
  facet normal 0 0 1
    outer loop
      vertex 257.464 126.558 3
      vertex 261.036 126.558 3
      vertex 257.464 130.558 3
    endloop
  endfacet
  facet normal 0 0 1
    outer loop
      vertex 255.786 135.651 3
      vertex 257.464 130.558 3
      vertex 259.25 133.651 3
    endloop
  endfacet
  facet normal 0 0 1
    outer loop
      vertex 257.464 130.558 3
      vertex 255.786 135.651 3
      vertex 254 132.558 3
    endloop
  endfacet
  facet normal 0 0 1
    outer loop
      vertex 283.714 103.279 3
      vertex 286 106.661 3
      vertex 285.5 106.372 3
    endloop
  endfacet
  facet normal 0 0 1
    outer loop
      vertex 286 106.661 3
      vertex 283.714 103.279 3
      vertex 286 95.8973 3
    endloop
  endfacet
  facet normal -0 0 1
    outer loop
      vertex 283.714 99.279 3
      vertex 286 95.8973 3
      vertex 283.714 103.279 3
    endloop
  endfacet
  facet normal 0 0 1
    outer loop
      vertex 282.036 108.372 3
      vertex 283.714 103.279 3
      vertex 285.5 106.372 3
    endloop
  endfacet
  facet normal 0 0 1
    outer loop
      vertex 282.036 108.372 3
      vertex 280.25 105.279 3
      vertex 283.714 103.279 3
    endloop
  endfacet
  facet normal 0 0 1
    outer loop
      vertex 282.036 112.372 3
      vertex 278.464 112.372 3
      vertex 282.036 108.372 3
    endloop
  endfacet
  facet normal 0 0 1
    outer loop
      vertex 278.464 108.372 3
      vertex 282.036 108.372 3
      vertex 278.464 112.372 3
    endloop
  endfacet
  facet normal 0 0 1
    outer loop
      vertex 276.786 117.465 3
      vertex 278.464 112.372 3
      vertex 280.25 115.465 3
    endloop
  endfacet
  facet normal 0 0 1
    outer loop
      vertex 276.786 117.465 3
      vertex 275 114.372 3
      vertex 278.464 112.372 3
    endloop
  endfacet
  facet normal 0 0 1
    outer loop
      vertex 276.786 121.465 3
      vertex 273.214 121.465 3
      vertex 276.786 117.465 3
    endloop
  endfacet
  facet normal 0 0 1
    outer loop
      vertex 273.214 117.465 3
      vertex 276.786 117.465 3
      vertex 273.214 121.465 3
    endloop
  endfacet
  facet normal 0 0 1
    outer loop
      vertex 271.536 126.558 3
      vertex 273.214 121.465 3
      vertex 275 124.558 3
    endloop
  endfacet
  facet normal 0 0 1
    outer loop
      vertex 271.536 126.558 3
      vertex 269.75 123.465 3
      vertex 273.214 121.465 3
    endloop
  endfacet
  facet normal 0 0 1
    outer loop
      vertex 271.536 130.558 3
      vertex 267.964 130.558 3
      vertex 271.536 126.558 3
    endloop
  endfacet
  facet normal 0 0 1
    outer loop
      vertex 267.964 126.558 3
      vertex 271.536 126.558 3
      vertex 267.964 130.558 3
    endloop
  endfacet
  facet normal 0 0 1
    outer loop
      vertex 266.286 135.651 3
      vertex 267.964 130.558 3
      vertex 269.75 133.651 3
    endloop
  endfacet
  facet normal 0 0 1
    outer loop
      vertex 267.964 130.558 3
      vertex 266.286 135.651 3
      vertex 264.5 132.558 3
    endloop
  endfacet
  facet normal 0 0 1
    outer loop
      vertex 283.714 121.465 3
      vertex 290 124 3
      vertex 285.5 124.558 3
    endloop
  endfacet
  facet normal 0 0 1
    outer loop
      vertex 283.714 117.465 3
      vertex 290 124 3
      vertex 283.714 121.465 3
    endloop
  endfacet
  facet normal 0 0 1
    outer loop
      vertex 290 124 3
      vertex 283.714 117.465 3
      vertex 286 114.083 3
    endloop
  endfacet
  facet normal -0 0 1
    outer loop
      vertex 282.064 126.429 3
      vertex 285.5 124.558 3
      vertex 282.124 126.507 3
    endloop
  endfacet
  facet normal -0 0 1
    outer loop
      vertex 281.828 126.172 3
      vertex 285.5 124.558 3
      vertex 282.064 126.429 3
    endloop
  endfacet
  facet normal -0 0 1
    outer loop
      vertex 281.571 125.936 3
      vertex 285.5 124.558 3
      vertex 281.828 126.172 3
    endloop
  endfacet
  facet normal 0 0 1
    outer loop
      vertex 285.5 124.558 3
      vertex 281.571 125.936 3
      vertex 283.714 121.465 3
    endloop
  endfacet
  facet normal -0 0 1
    outer loop
      vertex 281.294 125.723 3
      vertex 283.714 121.465 3
      vertex 281.571 125.936 3
    endloop
  endfacet
  facet normal 0 0 1
    outer loop
      vertex 280.25 123.465 3
      vertex 281.294 125.723 3
      vertex 281 125.536 3
    endloop
  endfacet
  facet normal 0 0 1
    outer loop
      vertex 280.25 123.465 3
      vertex 281 125.536 3
      vertex 280.69 125.375 3
    endloop
  endfacet
  facet normal 0 0 1
    outer loop
      vertex 280.25 123.465 3
      vertex 280.69 125.375 3
      vertex 280.368 125.241 3
    endloop
  endfacet
  facet normal 0 0 1
    outer loop
      vertex 281.294 125.723 3
      vertex 280.25 123.465 3
      vertex 283.714 121.465 3
    endloop
  endfacet
  facet normal -0 0 1
    outer loop
      vertex 280.035 125.136 3
      vertex 280.25 123.465 3
      vertex 280.368 125.241 3
    endloop
  endfacet
  facet normal -0 0 1
    outer loop
      vertex 279.695 125.061 3
      vertex 280.25 123.465 3
      vertex 280.035 125.136 3
    endloop
  endfacet
  facet normal -0 0 1
    outer loop
      vertex 279.349 125.015 3
      vertex 280.25 123.465 3
      vertex 279.695 125.061 3
    endloop
  endfacet
  facet normal -0 0 1
    outer loop
      vertex 279 125 3
      vertex 280.25 123.465 3
      vertex 279.349 125.015 3
    endloop
  endfacet
  facet normal 0 0 1
    outer loop
      vertex 278.651 125.015 3
      vertex 280.25 123.465 3
      vertex 279 125 3
    endloop
  endfacet
  facet normal 0 0 1
    outer loop
      vertex 278.305 125.061 3
      vertex 280.25 123.465 3
      vertex 278.651 125.015 3
    endloop
  endfacet
  facet normal 0 0 1
    outer loop
      vertex 276.786 121.465 3
      vertex 278.305 125.061 3
      vertex 277.965 125.136 3
    endloop
  endfacet
  facet normal 0 0 1
    outer loop
      vertex 276.786 121.465 3
      vertex 277.965 125.136 3
      vertex 277.632 125.241 3
    endloop
  endfacet
  facet normal 0 0 1
    outer loop
      vertex 276.786 121.465 3
      vertex 277.632 125.241 3
      vertex 277.31 125.375 3
    endloop
  endfacet
  facet normal 0 0 1
    outer loop
      vertex 275 124.558 3
      vertex 277.31 125.375 3
      vertex 277 125.536 3
    endloop
  endfacet
  facet normal 0 0 1
    outer loop
      vertex 275 124.558 3
      vertex 277 125.536 3
      vertex 276.854 125.629 3
    endloop
  endfacet
  facet normal 0 0 1
    outer loop
      vertex 278.305 125.061 3
      vertex 276.786 121.465 3
      vertex 280.25 123.465 3
    endloop
  endfacet
  facet normal 0 0 1
    outer loop
      vertex 273.214 121.465 3
      vertex 276.786 121.465 3
      vertex 275 124.558 3
    endloop
  endfacet
  facet normal 0 0 1
    outer loop
      vertex 277.31 125.375 3
      vertex 275 124.558 3
      vertex 276.786 121.465 3
    endloop
  endfacet
  facet normal -0 0 1
    outer loop
      vertex 286 124.847 3
      vertex 290 124 3
      vertex 289.939 125.394 3
    endloop
  endfacet
  facet normal 0 0 1
    outer loop
      vertex 290 124 3
      vertex 286 77.7113 3
      vertex 290 26 3
    endloop
  endfacet
  facet normal 0 0 1
    outer loop
      vertex 286 124.847 3
      vertex 289.939 125.394 3
      vertex 289.757 126.778 3
    endloop
  endfacet
  facet normal -0 0 1
    outer loop
      vertex 286 70.2887 3
      vertex 290 26 3
      vertex 286 77.7113 3
    endloop
  endfacet
  facet normal 0 0 1
    outer loop
      vertex 286 124.847 3
      vertex 289.757 126.778 3
      vertex 289.455 128.141 3
    endloop
  endfacet
  facet normal -0 0 1
    outer loop
      vertex 286 59.5253 3
      vertex 290 26 3
      vertex 286 70.2887 3
    endloop
  endfacet
  facet normal 0 0 1
    outer loop
      vertex 286 124.847 3
      vertex 289.455 128.141 3
      vertex 289.035 129.472 3
    endloop
  endfacet
  facet normal -0 0 1
    outer loop
      vertex 286 52.1027 3
      vertex 290 26 3
      vertex 286 59.5253 3
    endloop
  endfacet
  facet normal 0 0 1
    outer loop
      vertex 286 132.269 3
      vertex 289.035 129.472 3
      vertex 288.501 130.762 3
    endloop
  endfacet
  facet normal -0 0 1
    outer loop
      vertex 286 41.3393 3
      vertex 290 26 3
      vertex 286 52.1027 3
    endloop
  endfacet
  facet normal 0 0 1
    outer loop
      vertex 286 132.269 3
      vertex 288.501 130.762 3
      vertex 287.856 132 3
    endloop
  endfacet
  facet normal -0 0 1
    outer loop
      vertex 286 33.9167 3
      vertex 290 26 3
      vertex 286 41.3393 3
    endloop
  endfacet
  facet normal -0 0 1
    outer loop
      vertex 286 132.269 3
      vertex 287.856 132 3
      vertex 287.106 133.177 3
    endloop
  endfacet
  facet normal 0 0 1
    outer loop
      vertex 290 124 3
      vertex 286 88.4747 3
      vertex 286 77.7113 3
    endloop
  endfacet
  facet normal 0 0 1
    outer loop
      vertex 285.5 132.558 3
      vertex 287.106 133.177 3
      vertex 286.257 134.285 3
    endloop
  endfacet
  facet normal 0 0 1
    outer loop
      vertex 290 124 3
      vertex 286 114.083 3
      vertex 286 106.661 3
    endloop
  endfacet
  facet normal 0 0 1
    outer loop
      vertex 289.035 129.472 3
      vertex 286 132.269 3
      vertex 286 124.847 3
    endloop
  endfacet
  facet normal 0 0 1
    outer loop
      vertex 287.106 133.177 3
      vertex 285.5 132.558 3
      vertex 286 132.269 3
    endloop
  endfacet
  facet normal 0 0 1
    outer loop
      vertex 285.314 135.314 3
      vertex 285.5 132.558 3
      vertex 286.257 134.285 3
    endloop
  endfacet
  facet normal -0 0 1
    outer loop
      vertex 283.714 135.651 3
      vertex 285.314 135.314 3
      vertex 284.285 136.257 3
    endloop
  endfacet
  facet normal 0 0 1
    outer loop
      vertex 283.714 135.651 3
      vertex 284.285 136.257 3
      vertex 283.714 136 3
    endloop
  endfacet
  facet normal 0 0 1
    outer loop
      vertex 285.314 135.314 3
      vertex 283.714 135.651 3
      vertex 285.5 132.558 3
    endloop
  endfacet
  facet normal 0 0 1
    outer loop
      vertex 281.828 131.828 3
      vertex 285.5 132.558 3
      vertex 283.714 135.651 3
    endloop
  endfacet
  facet normal 0 0 1
    outer loop
      vertex 285.5 132.558 3
      vertex 282.464 131 3
      vertex 282.542 130.85 3
    endloop
  endfacet
  facet normal 0 0 1
    outer loop
      vertex 285.5 132.558 3
      vertex 282.277 131.294 3
      vertex 282.464 131 3
    endloop
  endfacet
  facet normal 0 0 1
    outer loop
      vertex 285.5 132.558 3
      vertex 282.064 131.571 3
      vertex 282.277 131.294 3
    endloop
  endfacet
  facet normal 0 0 1
    outer loop
      vertex 285.5 132.558 3
      vertex 281.828 131.828 3
      vertex 282.064 131.571 3
    endloop
  endfacet
  facet normal 0 0 1
    outer loop
      vertex 283.714 135.651 3
      vertex 281.571 132.064 3
      vertex 281.828 131.828 3
    endloop
  endfacet
  facet normal 0 0 1
    outer loop
      vertex 283.714 135.651 3
      vertex 281.294 132.277 3
      vertex 281.571 132.064 3
    endloop
  endfacet
  facet normal -0 0 1
    outer loop
      vertex 280.25 133.651 3
      vertex 281.294 132.277 3
      vertex 283.714 135.651 3
    endloop
  endfacet
  facet normal 0 0 1
    outer loop
      vertex 281.294 132.277 3
      vertex 280.25 133.651 3
      vertex 281 132.464 3
    endloop
  endfacet
  facet normal 0 0 1
    outer loop
      vertex 281 132.464 3
      vertex 280.25 133.651 3
      vertex 280.69 132.625 3
    endloop
  endfacet
  facet normal 0 0 1
    outer loop
      vertex 280.69 132.625 3
      vertex 280.25 133.651 3
      vertex 280.368 132.759 3
    endloop
  endfacet
  facet normal 0 0 1
    outer loop
      vertex 280.25 133.651 3
      vertex 280.035 132.864 3
      vertex 280.368 132.759 3
    endloop
  endfacet
  facet normal 0 0 1
    outer loop
      vertex 280.25 133.651 3
      vertex 279.695 132.939 3
      vertex 280.035 132.864 3
    endloop
  endfacet
  facet normal 0 0 1
    outer loop
      vertex 280.25 133.651 3
      vertex 279.349 132.985 3
      vertex 279.695 132.939 3
    endloop
  endfacet
  facet normal 0 0 1
    outer loop
      vertex 280.25 133.651 3
      vertex 279 133 3
      vertex 279.349 132.985 3
    endloop
  endfacet
  facet normal 0 0 1
    outer loop
      vertex 280.25 133.651 3
      vertex 278.651 132.985 3
      vertex 279 133 3
    endloop
  endfacet
  facet normal 0 0 1
    outer loop
      vertex 276.786 135.651 3
      vertex 278.651 132.985 3
      vertex 280.25 133.651 3
    endloop
  endfacet
  facet normal 0 0 1
    outer loop
      vertex 278.651 132.985 3
      vertex 276.786 135.651 3
      vertex 278.305 132.939 3
    endloop
  endfacet
  facet normal 0 0 1
    outer loop
      vertex 278.305 132.939 3
      vertex 276.786 135.651 3
      vertex 277.965 132.864 3
    endloop
  endfacet
  facet normal 0 0 1
    outer loop
      vertex 277.965 132.864 3
      vertex 276.786 135.651 3
      vertex 277.632 132.759 3
    endloop
  endfacet
  facet normal 0 0 1
    outer loop
      vertex 276.786 135.651 3
      vertex 277.31 132.625 3
      vertex 277.632 132.759 3
    endloop
  endfacet
  facet normal 0 0 1
    outer loop
      vertex 276.786 135.651 3
      vertex 277 132.464 3
      vertex 277.31 132.625 3
    endloop
  endfacet
  facet normal -0 0 1
    outer loop
      vertex 275 132.558 3
      vertex 277 132.464 3
      vertex 276.786 135.651 3
    endloop
  endfacet
  facet normal 0 0 1
    outer loop
      vertex 273.214 136 3
      vertex 276.786 136 3
      vertex 275.394 139.939 3
    endloop
  endfacet
  facet normal 0 0 1
    outer loop
      vertex 273.214 135.651 3
      vertex 276.786 135.651 3
      vertex 273.214 136 3
    endloop
  endfacet
  facet normal 0 -0 1
    outer loop
      vertex 275 132.558 3
      vertex 276.786 135.651 3
      vertex 273.214 135.651 3
    endloop
  endfacet
  facet normal 0 0 1
    outer loop
      vertex 276.786 136 3
      vertex 273.214 136 3
      vertex 276.786 135.651 3
    endloop
  endfacet
  facet normal 0 0 1
    outer loop
      vertex 276.429 132.064 3
      vertex 275 132.558 3
      vertex 276.207 131.861 3
    endloop
  endfacet
  facet normal 0 0 1
    outer loop
      vertex 273.214 136 3
      vertex 275.394 139.939 3
      vertex 274 140 3
    endloop
  endfacet
  facet normal 0 0 1
    outer loop
      vertex 277 132.464 3
      vertex 275 132.558 3
      vertex 276.706 132.277 3
    endloop
  endfacet
  facet normal 0 0 1
    outer loop
      vertex 276.706 132.277 3
      vertex 275 132.558 3
      vertex 276.429 132.064 3
    endloop
  endfacet
  facet normal 0 0 1
    outer loop
      vertex 273.214 135.651 3
      vertex 271.536 130.558 3
      vertex 275 132.558 3
    endloop
  endfacet
  facet normal 0 0 1
    outer loop
      vertex 267.964 130.558 3
      vertex 271.536 130.558 3
      vertex 269.75 133.651 3
    endloop
  endfacet
  facet normal -0 0 1
    outer loop
      vertex 269.75 133.651 3
      vertex 271.536 130.558 3
      vertex 273.214 135.651 3
    endloop
  endfacet
  facet normal -0 0 1
    outer loop
      vertex 285.5 124.558 3
      vertex 290 124 3
      vertex 286 124.847 3
    endloop
  endfacet
  facet normal 0 0 1
    outer loop
      vertex 290 124 3
      vertex 286 106.661 3
      vertex 286 95.8973 3
    endloop
  endfacet
  facet normal 0 0 1
    outer loop
      vertex 290 124 3
      vertex 286 95.8973 3
      vertex 286 88.4747 3
    endloop
  endfacet
  facet normal 0 0 1
    outer loop
      vertex 283.714 30.535 3
      vertex 286 33.9167 3
      vertex 285.5 33.628 3
    endloop
  endfacet
  facet normal 0 0 1
    outer loop
      vertex 290 26 3
      vertex 286 23.1533 3
      vertex 289.939 24.6055 3
    endloop
  endfacet
  facet normal 0 0 1
    outer loop
      vertex 289.939 24.6055 3
      vertex 286 23.1533 3
      vertex 289.757 23.2216 3
    endloop
  endfacet
  facet normal 0 0 1
    outer loop
      vertex 289.757 23.2216 3
      vertex 286 23.1533 3
      vertex 289.455 21.8589 3
    endloop
  endfacet
  facet normal 0 0 1
    outer loop
      vertex 289.455 21.8589 3
      vertex 286 23.1533 3
      vertex 289.035 20.5277 3
    endloop
  endfacet
  facet normal 0 0 1
    outer loop
      vertex 289.035 20.5277 3
      vertex 286 23.1533 3
      vertex 288.501 19.2381 3
    endloop
  endfacet
  facet normal 0 0 1
    outer loop
      vertex 288.501 19.2381 3
      vertex 286 23.1533 3
      vertex 287.856 18 3
    endloop
  endfacet
  facet normal 0 0 1
    outer loop
      vertex 287.856 18 3
      vertex 286 23.1533 3
      vertex 287.106 16.8228 3
    endloop
  endfacet
  facet normal 0 0 1
    outer loop
      vertex 286 15.7307 3
      vertex 287.106 16.8228 3
      vertex 286 23.1533 3
    endloop
  endfacet
  facet normal 0 0 1
    outer loop
      vertex 287.106 16.8228 3
      vertex 286 15.7307 3
      vertex 286.257 15.7154 3
    endloop
  endfacet
  facet normal 0 0 1
    outer loop
      vertex 285.5 15.442 3
      vertex 286.257 15.7154 3
      vertex 286 15.7307 3
    endloop
  endfacet
  facet normal -0 0 1
    outer loop
      vertex 285.5 15.442 3
      vertex 285.314 14.6863 3
      vertex 286.257 15.7154 3
    endloop
  endfacet
  facet normal 0 0 1
    outer loop
      vertex 282.277 16.7057 3
      vertex 285.314 14.6863 3
      vertex 285.5 15.442 3
    endloop
  endfacet
  facet normal 0 0 1
    outer loop
      vertex 285.314 14.6863 3
      vertex 282.277 16.7057 3
      vertex 284.285 13.7433 3
    endloop
  endfacet
  facet normal -0 0 1
    outer loop
      vertex 282.464 17 3
      vertex 285.5 15.442 3
      vertex 282.542 17.1498 3
    endloop
  endfacet
  facet normal -0 0 1
    outer loop
      vertex 282.277 16.7057 3
      vertex 285.5 15.442 3
      vertex 282.464 17 3
    endloop
  endfacet
  facet normal 0 0 1
    outer loop
      vertex 284.285 13.7433 3
      vertex 282.277 16.7057 3
      vertex 282.064 16.4289 3
    endloop
  endfacet
  facet normal -0 0 1
    outer loop
      vertex 281.828 16.1716 3
      vertex 284.285 13.7433 3
      vertex 282.064 16.4289 3
    endloop
  endfacet
  facet normal -0 0 1
    outer loop
      vertex 281.571 15.9358 3
      vertex 284.285 13.7433 3
      vertex 281.828 16.1716 3
    endloop
  endfacet
  facet normal 0 0 1
    outer loop
      vertex 284.285 13.7433 3
      vertex 281.571 15.9358 3
      vertex 283.177 12.8936 3
    endloop
  endfacet
  facet normal -0 0 1
    outer loop
      vertex 280.854 14 3
      vertex 283.177 12.8936 3
      vertex 281.571 15.9358 3
    endloop
  endfacet
  facet normal 0 0 1
    outer loop
      vertex 280.854 14 3
      vertex 281.571 15.9358 3
      vertex 281.294 15.7234 3
    endloop
  endfacet
  facet normal 0 0 1
    outer loop
      vertex 280.854 14 3
      vertex 281.294 15.7234 3
      vertex 281 15.5359 3
    endloop
  endfacet
  facet normal 0 0 1
    outer loop
      vertex 283.177 12.8936 3
      vertex 280.854 14 3
      vertex 282 12.1436 3
    endloop
  endfacet
  facet normal 0 0 1
    outer loop
      vertex 280.854 14 3
      vertex 280.762 11.4991 3
      vertex 282 12.1436 3
    endloop
  endfacet
  facet normal -0 0 1
    outer loop
      vertex 279.646 14 3
      vertex 280.762 11.4991 3
      vertex 280.854 14 3
    endloop
  endfacet
  facet normal 0 0 1
    outer loop
      vertex 280.762 11.4991 3
      vertex 279.646 14 3
      vertex 279.472 10.9649 3
    endloop
  endfacet
  facet normal 0 0 1
    outer loop
      vertex 286 114.083 3
      vertex 283.714 117.465 3
      vertex 285.5 114.372 3
    endloop
  endfacet
  facet normal 0 0 1
    outer loop
      vertex 283.714 117.465 3
      vertex 282.036 112.372 3
      vertex 285.5 114.372 3
    endloop
  endfacet
  facet normal 0 0 1
    outer loop
      vertex 278.464 112.372 3
      vertex 282.036 112.372 3
      vertex 280.25 115.465 3
    endloop
  endfacet
  facet normal -0 0 1
    outer loop
      vertex 280.25 115.465 3
      vertex 282.036 112.372 3
      vertex 283.714 117.465 3
    endloop
  endfacet
  facet normal 0 0 1
    outer loop
      vertex 286 95.8973 3
      vertex 283.714 99.279 3
      vertex 285.5 96.186 3
    endloop
  endfacet
  facet normal 0 0 1
    outer loop
      vertex 283.714 99.279 3
      vertex 282.036 94.186 3
      vertex 285.5 96.186 3
    endloop
  endfacet
  facet normal 0 0 1
    outer loop
      vertex 278.464 94.186 3
      vertex 282.036 94.186 3
      vertex 280.25 97.279 3
    endloop
  endfacet
  facet normal -0 0 1
    outer loop
      vertex 280.25 97.279 3
      vertex 282.036 94.186 3
      vertex 283.714 99.279 3
    endloop
  endfacet
  facet normal 0 0 1
    outer loop
      vertex 286 77.7113 3
      vertex 283.714 81.093 3
      vertex 285.5 78 3
    endloop
  endfacet
  facet normal 0 0 1
    outer loop
      vertex 283.714 81.093 3
      vertex 282.036 76 3
      vertex 285.5 78 3
    endloop
  endfacet
  facet normal 0 0 1
    outer loop
      vertex 278.464 76 3
      vertex 282.036 76 3
      vertex 280.25 79.093 3
    endloop
  endfacet
  facet normal -0 0 1
    outer loop
      vertex 280.25 79.093 3
      vertex 282.036 76 3
      vertex 283.714 81.093 3
    endloop
  endfacet
  facet normal 0 0 1
    outer loop
      vertex 286 59.5253 3
      vertex 283.714 62.907 3
      vertex 285.5 59.814 3
    endloop
  endfacet
  facet normal 0 0 1
    outer loop
      vertex 283.714 62.907 3
      vertex 282.036 57.814 3
      vertex 285.5 59.814 3
    endloop
  endfacet
  facet normal 0 0 1
    outer loop
      vertex 278.464 57.814 3
      vertex 282.036 57.814 3
      vertex 280.25 60.907 3
    endloop
  endfacet
  facet normal -0 0 1
    outer loop
      vertex 280.25 60.907 3
      vertex 282.036 57.814 3
      vertex 283.714 62.907 3
    endloop
  endfacet
  facet normal 0 0 1
    outer loop
      vertex 286 41.3393 3
      vertex 283.714 44.721 3
      vertex 285.5 41.628 3
    endloop
  endfacet
  facet normal 0 0 1
    outer loop
      vertex 283.714 44.721 3
      vertex 282.036 39.628 3
      vertex 285.5 41.628 3
    endloop
  endfacet
  facet normal 0 0 1
    outer loop
      vertex 278.464 39.628 3
      vertex 282.036 39.628 3
      vertex 280.25 42.721 3
    endloop
  endfacet
  facet normal -0 0 1
    outer loop
      vertex 280.25 42.721 3
      vertex 282.036 39.628 3
      vertex 283.714 44.721 3
    endloop
  endfacet
  facet normal 0 0 1
    outer loop
      vertex 290 26 3
      vertex 285.5 23.442 3
      vertex 286 23.1533 3
    endloop
  endfacet
  facet normal 0 0 1
    outer loop
      vertex 281.571 22.0642 3
      vertex 285.5 23.442 3
      vertex 283.714 26.535 3
    endloop
  endfacet
  facet normal 0 0 1
    outer loop
      vertex 285.5 23.442 3
      vertex 282.064 21.5711 3
      vertex 282.124 21.493 3
    endloop
  endfacet
  facet normal 0 0 1
    outer loop
      vertex 285.5 23.442 3
      vertex 281.828 21.8284 3
      vertex 282.064 21.5711 3
    endloop
  endfacet
  facet normal 0 0 1
    outer loop
      vertex 285.5 23.442 3
      vertex 281.571 22.0642 3
      vertex 281.828 21.8284 3
    endloop
  endfacet
  facet normal 0 0 1
    outer loop
      vertex 283.714 26.535 3
      vertex 281.294 22.2766 3
      vertex 281.571 22.0642 3
    endloop
  endfacet
  facet normal -0 0 1
    outer loop
      vertex 280.25 24.535 3
      vertex 281.294 22.2766 3
      vertex 283.714 26.535 3
    endloop
  endfacet
  facet normal 0 0 1
    outer loop
      vertex 281.294 22.2766 3
      vertex 280.25 24.535 3
      vertex 281 22.4641 3
    endloop
  endfacet
  facet normal 0 0 1
    outer loop
      vertex 281 22.4641 3
      vertex 280.25 24.535 3
      vertex 280.69 22.6252 3
    endloop
  endfacet
  facet normal 0 0 1
    outer loop
      vertex 280.69 22.6252 3
      vertex 280.25 24.535 3
      vertex 280.368 22.7588 3
    endloop
  endfacet
  facet normal 0 0 1
    outer loop
      vertex 280.25 24.535 3
      vertex 280.035 22.8637 3
      vertex 280.368 22.7588 3
    endloop
  endfacet
  facet normal 0 0 1
    outer loop
      vertex 280.25 24.535 3
      vertex 279.695 22.9392 3
      vertex 280.035 22.8637 3
    endloop
  endfacet
  facet normal 0 0 1
    outer loop
      vertex 280.25 24.535 3
      vertex 279.349 22.9848 3
      vertex 279.695 22.9392 3
    endloop
  endfacet
  facet normal 0 0 1
    outer loop
      vertex 280.25 24.535 3
      vertex 279 23 3
      vertex 279.349 22.9848 3
    endloop
  endfacet
  facet normal 0 0 1
    outer loop
      vertex 280.25 24.535 3
      vertex 278.651 22.9848 3
      vertex 279 23 3
    endloop
  endfacet
  facet normal 0 0 1
    outer loop
      vertex 280.25 24.535 3
      vertex 278.305 22.9392 3
      vertex 278.651 22.9848 3
    endloop
  endfacet
  facet normal 0 0 1
    outer loop
      vertex 276.786 26.535 3
      vertex 278.305 22.9392 3
      vertex 280.25 24.535 3
    endloop
  endfacet
  facet normal 0 0 1
    outer loop
      vertex 278.305 22.9392 3
      vertex 276.786 26.535 3
      vertex 277.965 22.8637 3
    endloop
  endfacet
  facet normal 0 0 1
    outer loop
      vertex 277.965 22.8637 3
      vertex 276.786 26.535 3
      vertex 277.632 22.7588 3
    endloop
  endfacet
  facet normal 0 0 1
    outer loop
      vertex 277.632 22.7588 3
      vertex 276.786 26.535 3
      vertex 277.31 22.6252 3
    endloop
  endfacet
  facet normal -0 0 1
    outer loop
      vertex 275 23.442 3
      vertex 277.31 22.6252 3
      vertex 276.786 26.535 3
    endloop
  endfacet
  facet normal 0 0 1
    outer loop
      vertex 277.31 22.6252 3
      vertex 275 23.442 3
      vertex 277 22.4641 3
    endloop
  endfacet
  facet normal 0 0 1
    outer loop
      vertex 276.786 30.535 3
      vertex 273.214 30.535 3
      vertex 276.786 26.535 3
    endloop
  endfacet
  facet normal 0 0 1
    outer loop
      vertex 273.214 26.535 3
      vertex 276.786 26.535 3
      vertex 273.214 30.535 3
    endloop
  endfacet
  facet normal 0 0 1
    outer loop
      vertex 277 22.4641 3
      vertex 275 23.442 3
      vertex 276.854 22.3714 3
    endloop
  endfacet
  facet normal 0 0 1
    outer loop
      vertex 271.536 35.628 3
      vertex 273.214 30.535 3
      vertex 275 33.628 3
    endloop
  endfacet
  facet normal 0 0 1
    outer loop
      vertex 271.536 35.628 3
      vertex 269.75 32.535 3
      vertex 273.214 30.535 3
    endloop
  endfacet
  facet normal 0 0 1
    outer loop
      vertex 271.536 39.628 3
      vertex 267.964 39.628 3
      vertex 271.536 35.628 3
    endloop
  endfacet
  facet normal 0 0 1
    outer loop
      vertex 267.964 35.628 3
      vertex 271.536 35.628 3
      vertex 267.964 39.628 3
    endloop
  endfacet
  facet normal 0 0 1
    outer loop
      vertex 266.286 44.721 3
      vertex 267.964 39.628 3
      vertex 269.75 42.721 3
    endloop
  endfacet
  facet normal 0 0 1
    outer loop
      vertex 266.286 44.721 3
      vertex 264.5 41.628 3
      vertex 267.964 39.628 3
    endloop
  endfacet
  facet normal 0 0 1
    outer loop
      vertex 266.286 48.721 3
      vertex 262.714 48.721 3
      vertex 266.286 44.721 3
    endloop
  endfacet
  facet normal 0 0 1
    outer loop
      vertex 262.714 44.721 3
      vertex 266.286 44.721 3
      vertex 262.714 48.721 3
    endloop
  endfacet
  facet normal 0 0 1
    outer loop
      vertex 261.036 53.814 3
      vertex 262.714 48.721 3
      vertex 264.5 51.814 3
    endloop
  endfacet
  facet normal 0 0 1
    outer loop
      vertex 261.036 53.814 3
      vertex 259.25 50.721 3
      vertex 262.714 48.721 3
    endloop
  endfacet
  facet normal 0 0 1
    outer loop
      vertex 261.036 57.814 3
      vertex 257.464 57.814 3
      vertex 261.036 53.814 3
    endloop
  endfacet
  facet normal 0 0 1
    outer loop
      vertex 257.464 53.814 3
      vertex 261.036 53.814 3
      vertex 257.464 57.814 3
    endloop
  endfacet
  facet normal 0 0 1
    outer loop
      vertex 255.786 62.907 3
      vertex 257.464 57.814 3
      vertex 259.25 60.907 3
    endloop
  endfacet
  facet normal 0 0 1
    outer loop
      vertex 255.786 62.907 3
      vertex 254 59.814 3
      vertex 257.464 57.814 3
    endloop
  endfacet
  facet normal 0 0 1
    outer loop
      vertex 255.786 66.907 3
      vertex 252.214 66.907 3
      vertex 255.786 62.907 3
    endloop
  endfacet
  facet normal 0 0 1
    outer loop
      vertex 252.214 62.907 3
      vertex 255.786 62.907 3
      vertex 252.214 66.907 3
    endloop
  endfacet
  facet normal 0 0 1
    outer loop
      vertex 250.536 72 3
      vertex 252.214 66.907 3
      vertex 254 70 3
    endloop
  endfacet
  facet normal 0 0 1
    outer loop
      vertex 250.536 72 3
      vertex 248.75 68.907 3
      vertex 252.214 66.907 3
    endloop
  endfacet
  facet normal 0 0 1
    outer loop
      vertex 250.536 76 3
      vertex 246.964 76 3
      vertex 250.536 72 3
    endloop
  endfacet
  facet normal 0 0 1
    outer loop
      vertex 246.964 72 3
      vertex 250.536 72 3
      vertex 246.964 76 3
    endloop
  endfacet
  facet normal 0 0 1
    outer loop
      vertex 245.286 81.093 3
      vertex 246.964 76 3
      vertex 248.75 79.093 3
    endloop
  endfacet
  facet normal 0 0 1
    outer loop
      vertex 245.286 81.093 3
      vertex 243.5 78 3
      vertex 246.964 76 3
    endloop
  endfacet
  facet normal 0 0 1
    outer loop
      vertex 245.286 85.093 3
      vertex 241.714 85.093 3
      vertex 245.286 81.093 3
    endloop
  endfacet
  facet normal 0 0 1
    outer loop
      vertex 241.714 81.093 3
      vertex 245.286 81.093 3
      vertex 241.714 85.093 3
    endloop
  endfacet
  facet normal 0 0 1
    outer loop
      vertex 240.036 90.186 3
      vertex 241.714 85.093 3
      vertex 243.5 88.186 3
    endloop
  endfacet
  facet normal 0 0 1
    outer loop
      vertex 240.036 90.186 3
      vertex 238.25 87.093 3
      vertex 241.714 85.093 3
    endloop
  endfacet
  facet normal 0 0 1
    outer loop
      vertex 240.036 94.186 3
      vertex 236.464 94.186 3
      vertex 240.036 90.186 3
    endloop
  endfacet
  facet normal 0 0 1
    outer loop
      vertex 236.464 90.186 3
      vertex 240.036 90.186 3
      vertex 236.464 94.186 3
    endloop
  endfacet
  facet normal 0 0 1
    outer loop
      vertex 234.786 99.279 3
      vertex 236.464 94.186 3
      vertex 238.25 97.279 3
    endloop
  endfacet
  facet normal 0 0 1
    outer loop
      vertex 234.786 99.279 3
      vertex 233 96.186 3
      vertex 236.464 94.186 3
    endloop
  endfacet
  facet normal 0 0 1
    outer loop
      vertex 234.786 103.279 3
      vertex 231.214 103.279 3
      vertex 234.786 99.279 3
    endloop
  endfacet
  facet normal 0 0 1
    outer loop
      vertex 231.214 99.279 3
      vertex 234.786 99.279 3
      vertex 231.214 103.279 3
    endloop
  endfacet
  facet normal 0 0 1
    outer loop
      vertex 229.536 108.372 3
      vertex 231.214 103.279 3
      vertex 233 106.372 3
    endloop
  endfacet
  facet normal 0 0 1
    outer loop
      vertex 229.536 108.372 3
      vertex 227.75 105.279 3
      vertex 231.214 103.279 3
    endloop
  endfacet
  facet normal 0 0 1
    outer loop
      vertex 229.536 112.372 3
      vertex 225.964 112.372 3
      vertex 229.536 108.372 3
    endloop
  endfacet
  facet normal 0 0 1
    outer loop
      vertex 225.964 108.372 3
      vertex 229.536 108.372 3
      vertex 225.964 112.372 3
    endloop
  endfacet
  facet normal 0 0 1
    outer loop
      vertex 224.286 117.465 3
      vertex 225.964 112.372 3
      vertex 227.75 115.465 3
    endloop
  endfacet
  facet normal 0 0 1
    outer loop
      vertex 224.286 117.465 3
      vertex 222.5 114.372 3
      vertex 225.964 112.372 3
    endloop
  endfacet
  facet normal 0 0 1
    outer loop
      vertex 224.286 121.465 3
      vertex 220.714 121.465 3
      vertex 224.286 117.465 3
    endloop
  endfacet
  facet normal 0 0 1
    outer loop
      vertex 220.714 117.465 3
      vertex 224.286 117.465 3
      vertex 220.714 121.465 3
    endloop
  endfacet
  facet normal 0 0 1
    outer loop
      vertex 219.036 126.558 3
      vertex 220.714 121.465 3
      vertex 222.5 124.558 3
    endloop
  endfacet
  facet normal 0 0 1
    outer loop
      vertex 219.036 126.558 3
      vertex 217.25 123.465 3
      vertex 220.714 121.465 3
    endloop
  endfacet
  facet normal 0 0 1
    outer loop
      vertex 219.036 130.558 3
      vertex 216 134.373 3
      vertex 219.036 126.558 3
    endloop
  endfacet
  facet normal 0 0 1
    outer loop
      vertex 216 122.743 3
      vertex 219.036 126.558 3
      vertex 216 134.373 3
    endloop
  endfacet
  facet normal 0 0 1
    outer loop
      vertex 219.036 126.558 3
      vertex 216 122.743 3
      vertex 217.25 123.465 3
    endloop
  endfacet
  facet normal 0.30159 -0.393256 0.868558
    outer loop
      vertex 284.285 13.7433 3
      vertex 286.177 9.89357 0.599999
      vertex 287.285 10.7433 0.599999
    endloop
  endfacet
  facet normal 0.301583 -0.393261 0.868559
    outer loop
      vertex 286.177 9.89357 0.599999
      vertex 284.285 13.7433 3
      vertex 283.177 12.8936 3
    endloop
  endfacet
  facet normal 0.575649 0.0756995 0.814185
    outer loop
      vertex 289.757 126.778 3
      vertex 292.939 128.394 0.599999
      vertex 292.757 129.778 0.599999
    endloop
  endfacet
  facet normal 0.575649 0.0756995 0.814185
    outer loop
      vertex 292.939 128.394 0.599999
      vertex 289.757 126.778 3
      vertex 289.939 125.394 3
    endloop
  endfacet
  facet normal 0.543871 0.120506 0.830471
    outer loop
      vertex 289.455 128.141 3
      vertex 292.757 129.778 0.599999
      vertex 292.455 131.141 0.599999
    endloop
  endfacet
  facet normal 0.543871 0.120506 0.830471
    outer loop
      vertex 292.757 129.778 0.599999
      vertex 289.455 128.141 3
      vertex 289.757 126.778 3
    endloop
  endfacet
  facet normal 0.923964 0.382478 0
    outer loop
      vertex 292.035 132.472 0.599999
      vertex 291.501 133.762 0
      vertex 291.501 133.762 0.599999
    endloop
  endfacet
  facet normal 0.923964 0.382478 0
    outer loop
      vertex 291.501 133.762 0
      vertex 292.035 132.472 0.599999
      vertex 292.035 132.472 0
    endloop
  endfacet
  facet normal 0.130514 -0.991446 0
    outer loop
      vertex 278.394 7.06088 0
      vertex 279.778 7.24307 0.599999
      vertex 278.394 7.06088 0.599999
    endloop
  endfacet
  facet normal 0.130514 -0.991446 0
    outer loop
      vertex 279.778 7.24307 0.599999
      vertex 278.394 7.06088 0
      vertex 279.778 7.24307 0
    endloop
  endfacet
  facet normal 0.0436313 -0.999048 0
    outer loop
      vertex 277 7 0
      vertex 278.394 7.06088 0.599999
      vertex 277 7 0.599999
    endloop
  endfacet
  facet normal 0.0436313 -0.999048 0
    outer loop
      vertex 278.394 7.06088 0.599999
      vertex 277 7 0
      vertex 278.394 7.06088 0
    endloop
  endfacet
  facet normal 0.120543 -0.543842 0.830485
    outer loop
      vertex 278.141 10.5452 3
      vertex 279.778 7.24307 0.599999
      vertex 281.141 7.54518 0.599999
    endloop
  endfacet
  facet normal 0.120539 -0.543843 0.830485
    outer loop
      vertex 279.778 7.24307 0.599999
      vertex 278.141 10.5452 3
      vertex 276.778 10.2431 3
    endloop
  endfacet
  facet normal 0.199737 0.482512 0.852811
    outer loop
      vertex 282.472 142.035 0.599999
      vertex 280.762 138.501 3
      vertex 283.762 141.501 0.599999
    endloop
  endfacet
  facet normal 0.199737 0.482512 0.852811
    outer loop
      vertex 280.762 138.501 3
      vertex 282.472 142.035 0.599999
      vertex 279.472 139.035 3
    endloop
  endfacet
  facet normal 0.737276 -0.675592 0
    outer loop
      vertex 288.314 11.6863 0.599999
      vertex 289.257 12.7154 0
      vertex 289.257 12.7154 0.599999
    endloop
  endfacet
  facet normal 0.737276 -0.675592 0
    outer loop
      vertex 289.257 12.7154 0
      vertex 288.314 11.6863 0.599999
      vertex 288.314 11.6863 0
    endloop
  endfacet
  facet normal 0.269402 -0.422798 0.865254
    outer loop
      vertex 283.177 12.8936 3
      vertex 285 9.1436 0.599999
      vertex 286.177 9.89357 0.599999
    endloop
  endfacet
  facet normal 0.26941 -0.422794 0.865254
    outer loop
      vertex 285 9.1436 0.599999
      vertex 283.177 12.8936 3
      vertex 282 12.1436 3
    endloop
  endfacet
  facet normal 0.422794 0.26941 0.865254
    outer loop
      vertex 287.106 133.177 3
      vertex 290.856 135 0.599999
      vertex 290.106 136.177 0.599999
    endloop
  endfacet
  facet normal 0.422794 0.26941 0.865254
    outer loop
      vertex 290.856 135 0.599999
      vertex 287.106 133.177 3
      vertex 287.856 132 3
    endloop
  endfacet
  facet normal 0.843337 0.537385 0
    outer loop
      vertex 290.856 135 0.599999
      vertex 290.106 136.177 0
      vertex 290.106 136.177 0.599999
    endloop
  endfacet
  facet normal 0.843337 0.537385 0
    outer loop
      vertex 290.106 136.177 0
      vertex 290.856 135 0.599999
      vertex 290.856 135 0
    endloop
  endfacet
  facet normal 0.216324 0.976322 -0
    outer loop
      vertex 281.141 142.455 0
      vertex 279.778 142.757 0.599999
      vertex 281.141 142.455 0.599999
    endloop
  endfacet
  facet normal 0.216324 0.976322 0
    outer loop
      vertex 279.778 142.757 0.599999
      vertex 281.141 142.455 0
      vertex 279.778 142.757 0
    endloop
  endfacet
  facet normal 0.537385 0.843337 -0
    outer loop
      vertex 286.177 140.106 0
      vertex 285 140.856 0.599999
      vertex 286.177 140.106 0.599999
    endloop
  endfacet
  facet normal 0.537385 0.843337 0
    outer loop
      vertex 285 140.856 0.599999
      vertex 286.177 140.106 0
      vertex 285 140.856 0
    endloop
  endfacet
  facet normal 0.161795 0.512736 0.843163
    outer loop
      vertex 281.141 142.455 0.599999
      vertex 279.472 139.035 3
      vertex 282.472 142.035 0.599999
    endloop
  endfacet
  facet normal 0.161795 0.512736 0.843163
    outer loop
      vertex 279.472 139.035 3
      vertex 281.141 142.455 0.599999
      vertex 278.141 139.455 3
    endloop
  endfacet
  facet normal 0.382478 0.923964 -0
    outer loop
      vertex 283.762 141.501 0
      vertex 282.472 142.035 0.599999
      vertex 283.762 141.501 0.599999
    endloop
  endfacet
  facet normal 0.382478 0.923964 0
    outer loop
      vertex 282.472 142.035 0.599999
      vertex 283.762 141.501 0
      vertex 282.472 142.035 0
    endloop
  endfacet
  facet normal 0.886853 0.462052 0
    outer loop
      vertex 291.501 133.762 0.599999
      vertex 290.856 135 0
      vertex 290.856 135 0.599999
    endloop
  endfacet
  facet normal 0.886853 0.462052 0
    outer loop
      vertex 290.856 135 0
      vertex 291.501 133.762 0.599999
      vertex 291.501 133.762 0
    endloop
  endfacet
  facet normal 0.991464 0.13038 0
    outer loop
      vertex 292.939 128.394 0.599999
      vertex 292.757 129.778 0
      vertex 292.757 129.778 0.599999
    endloop
  endfacet
  facet normal 0.991464 0.13038 0
    outer loop
      vertex 292.757 129.778 0
      vertex 292.939 128.394 0.599999
      vertex 292.939 128.394 0
    endloop
  endfacet
  facet normal 0.923923 -0.38258 0
    outer loop
      vertex 291.501 16.2381 0.599999
      vertex 292.035 17.5277 0
      vertex 292.035 17.5277 0.599999
    endloop
  endfacet
  facet normal 0.923923 -0.38258 0
    outer loop
      vertex 292.035 17.5277 0
      vertex 291.501 16.2381 0.599999
      vertex 291.501 16.2381 0
    endloop
  endfacet
  facet normal 0.38257 -0.923926 0
    outer loop
      vertex 282.472 7.96492 0
      vertex 283.762 8.49907 0.599999
      vertex 282.472 7.96492 0.599999
    endloop
  endfacet
  facet normal 0.38257 -0.923926 0
    outer loop
      vertex 283.762 8.49907 0.599999
      vertex 282.472 7.96492 0
      vertex 283.762 8.49907 0
    endloop
  endfacet
  facet normal 0.332895 0.363255 0.870188
    outer loop
      vertex 287.285 139.257 0.599999
      vertex 285.314 135.314 3
      vertex 288.314 138.314 0.599999
    endloop
  endfacet
  facet normal 0.332895 0.363255 0.870188
    outer loop
      vertex 285.314 135.314 3
      vertex 287.285 139.257 0.599999
      vertex 284.285 136.257 3
    endloop
  endfacet
  facet normal 0.301439 0.393398 0.868546
    outer loop
      vertex 286.177 140.106 0.599999
      vertex 284.285 136.257 3
      vertex 287.285 139.257 0.599999
    endloop
  endfacet
  facet normal 0.301439 0.393398 0.868546
    outer loop
      vertex 284.285 136.257 3
      vertex 286.177 140.106 0.599999
      vertex 283.177 137.106 3
    endloop
  endfacet
  facet normal 0.575646 -0.0757045 0.814187
    outer loop
      vertex 289.757 23.2216 3
      vertex 292.939 21.6055 0.599999
      vertex 289.939 24.6055 3
    endloop
  endfacet
  facet normal 0.575646 -0.0757045 0.814187
    outer loop
      vertex 292.939 21.6055 0.599999
      vertex 289.757 23.2216 3
      vertex 292.757 20.2216 0.599999
    endloop
  endfacet
  facet normal 0.991463 -0.13039 0
    outer loop
      vertex 292.757 20.2216 0.599999
      vertex 292.939 21.6055 0
      vertex 292.939 21.6055 0.599999
    endloop
  endfacet
  facet normal 0.991463 -0.13039 0
    outer loop
      vertex 292.939 21.6055 0
      vertex 292.757 20.2216 0.599999
      vertex 292.757 20.2216 0
    endloop
  endfacet
  facet normal 0.120506 0.543871 0.830471
    outer loop
      vertex 279.778 142.757 0.599999
      vertex 278.141 139.455 3
      vertex 281.141 142.455 0.599999
    endloop
  endfacet
  facet normal 0.120506 0.543871 0.830471
    outer loop
      vertex 278.141 139.455 3
      vertex 279.778 142.757 0.599999
      vertex 276.778 139.757 3
    endloop
  endfacet
  facet normal 0.235578 -0.452493 0.860089
    outer loop
      vertex 282 12.1436 3
      vertex 283.762 8.49907 0.599999
      vertex 285 9.1436 0.599999
    endloop
  endfacet
  facet normal 0.235569 -0.452498 0.860089
    outer loop
      vertex 283.762 8.49907 0.599999
      vertex 282 12.1436 3
      vertex 280.762 11.4991 3
    endloop
  endfacet
  facet normal 0.543855 -0.120528 0.830479
    outer loop
      vertex 289.455 21.8589 3
      vertex 292.757 20.2216 0.599999
      vertex 289.757 23.2216 3
    endloop
  endfacet
  facet normal 0.543855 -0.120528 0.830479
    outer loop
      vertex 292.757 20.2216 0.599999
      vertex 289.455 21.8589 3
      vertex 292.455 18.8589 0.599999
    endloop
  endfacet
  facet normal 0.300756 -0.953701 0
    outer loop
      vertex 281.141 7.54518 0
      vertex 282.472 7.96492 0.599999
      vertex 281.141 7.54518 0.599999
    endloop
  endfacet
  facet normal 0.300756 -0.953701 0
    outer loop
      vertex 282.472 7.96492 0.599999
      vertex 281.141 7.54518 0
      vertex 282.472 7.96492 0
    endloop
  endfacet
  facet normal 0.953648 0.300926 0
    outer loop
      vertex 292.455 131.141 0.599999
      vertex 292.035 132.472 0
      vertex 292.035 132.472 0.599999
    endloop
  endfacet
  facet normal 0.953648 0.300926 0
    outer loop
      vertex 292.035 132.472 0
      vertex 292.455 131.141 0.599999
      vertex 292.455 131.141 0
    endloop
  endfacet
  facet normal 0.0756995 0.575649 0.814185
    outer loop
      vertex 278.394 142.939 0.599999
      vertex 276.778 139.757 3
      vertex 279.778 142.757 0.599999
    endloop
  endfacet
  facet normal 0.0756995 0.575649 0.814185
    outer loop
      vertex 276.778 139.757 3
      vertex 278.394 142.939 0.599999
      vertex 275.394 139.939 3
    endloop
  endfacet
  facet normal 0.461787 -0.886991 0
    outer loop
      vertex 283.762 8.49907 0
      vertex 285 9.1436 0.599999
      vertex 283.762 8.49907 0.599999
    endloop
  endfacet
  facet normal 0.461787 -0.886991 0
    outer loop
      vertex 285 9.1436 0.599999
      vertex 283.762 8.49907 0
      vertex 285 9.1436 0
    endloop
  endfacet
  facet normal 0.363255 0.332895 0.870188
    outer loop
      vertex 285.314 135.314 3
      vertex 289.257 137.285 0.599999
      vertex 288.314 138.314 0.599999
    endloop
  endfacet
  facet normal 0.363255 0.332895 0.870188
    outer loop
      vertex 289.257 137.285 0.599999
      vertex 285.314 135.314 3
      vertex 286.257 134.285 3
    endloop
  endfacet
  facet normal 0.300926 0.953648 -0
    outer loop
      vertex 282.472 142.035 0
      vertex 281.141 142.455 0.599999
      vertex 282.472 142.035 0.599999
    endloop
  endfacet
  facet normal 0.300926 0.953648 0
    outer loop
      vertex 281.141 142.455 0.599999
      vertex 282.472 142.035 0
      vertex 281.141 142.455 0
    endloop
  endfacet
  facet normal 0.60855 -0.793515 0
    outer loop
      vertex 286.177 9.89357 0
      vertex 287.285 10.7433 0.599999
      vertex 286.177 9.89357 0.599999
    endloop
  endfacet
  facet normal 0.60855 -0.793515 0
    outer loop
      vertex 287.285 10.7433 0.599999
      vertex 286.177 9.89357 0
      vertex 287.285 10.7433 0
    endloop
  endfacet
  facet normal 0.976312 -0.216369 0
    outer loop
      vertex 292.455 18.8589 0.599999
      vertex 292.757 20.2216 0
      vertex 292.757 20.2216 0.599999
    endloop
  endfacet
  facet normal 0.976312 -0.216369 0
    outer loop
      vertex 292.757 20.2216 0
      vertex 292.455 18.8589 0.599999
      vertex 292.455 18.8589 0
    endloop
  endfacet
  facet normal 0.843378 -0.53732 0
    outer loop
      vertex 290.106 13.8228 0.599999
      vertex 290.856 15 0
      vertex 290.856 15 0.599999
    endloop
  endfacet
  facet normal 0.843378 -0.53732 0
    outer loop
      vertex 290.856 15 0
      vertex 290.106 13.8228 0.599999
      vertex 290.106 13.8228 0
    endloop
  endfacet
  facet normal 0.199778 -0.482475 0.852823
    outer loop
      vertex 280.762 11.4991 3
      vertex 282.472 7.96492 0.599999
      vertex 283.762 8.49907 0.599999
    endloop
  endfacet
  facet normal 0.199794 -0.482468 0.852823
    outer loop
      vertex 282.472 7.96492 0.599999
      vertex 280.762 11.4991 3
      vertex 279.472 10.9649 3
    endloop
  endfacet
  facet normal 0.161715 -0.5128 0.843139
    outer loop
      vertex 279.472 10.9649 3
      vertex 281.141 7.54518 0.599999
      vertex 282.472 7.96492 0.599999
    endloop
  endfacet
  facet normal 0.161702 -0.512806 0.843138
    outer loop
      vertex 281.141 7.54518 0.599999
      vertex 279.472 10.9649 3
      vertex 278.141 10.5452 3
    endloop
  endfacet
  facet normal 0.482512 0.199737 0.852811
    outer loop
      vertex 288.501 130.762 3
      vertex 292.035 132.472 0.599999
      vertex 291.501 133.762 0.599999
    endloop
  endfacet
  facet normal 0.482512 0.199737 0.852811
    outer loop
      vertex 292.035 132.472 0.599999
      vertex 288.501 130.762 3
      vertex 289.035 129.472 3
    endloop
  endfacet
  facet normal 0.512736 0.161795 0.843163
    outer loop
      vertex 289.035 129.472 3
      vertex 292.455 131.141 0.599999
      vertex 292.035 132.472 0.599999
    endloop
  endfacet
  facet normal 0.512736 0.161795 0.843163
    outer loop
      vertex 292.455 131.141 0.599999
      vertex 289.035 129.472 3
      vertex 289.455 128.141 3
    endloop
  endfacet
  facet normal 0.976617 -0.214988 0
    outer loop
      vertex 282.864 17.9647 7.95
      vertex 282.939 18.3054 2.95
      vertex 282.939 18.3054 7.95
    endloop
  endfacet
  facet normal 0.976617 -0.214988 0
    outer loop
      vertex 282.939 18.3054 2.95
      vertex 282.864 17.9647 7.95
      vertex 282.864 17.9647 2.95
    endloop
  endfacet
  facet normal 0.0435118 -0.999053 0
    outer loop
      vertex 279 15 3
      vertex 279.349 15.0152 7.95
      vertex 279 15 7.95
    endloop
  endfacet
  facet normal 0.0435118 -0.999053 0
    outer loop
      vertex 279.349 15.0152 7.95
      vertex 279 15 3
      vertex 279.349 15.0152 3
    endloop
  endfacet
  facet normal 0.676062 0.736845 -0
    outer loop
      vertex 281.828 21.8284 3
      vertex 281.571 22.0642 7.95
      vertex 281.828 21.8284 7.95
    endloop
  endfacet
  facet normal 0.676062 0.736845 0
    outer loop
      vertex 281.571 22.0642 7.95
      vertex 281.828 21.8284 3
      vertex 281.571 22.0642 3
    endloop
  endfacet
  facet normal -0.999076 -0.0429895 0
    outer loop
      vertex 275.015 18.6514 2.95
      vertex 275 19 7.95
      vertex 275 19 2.95
    endloop
  endfacet
  facet normal -0.999076 -0.0429895 0
    outer loop
      vertex 275 19 7.95
      vertex 275.015 18.6514 2.95
      vertex 275.015 18.6514 7.95
    endloop
  endfacet
  facet normal -0.130662 0.991427 0
    outer loop
      vertex 278.651 22.9848 3
      vertex 278.305 22.9392 7.95
      vertex 278.651 22.9848 7.95
    endloop
  endfacet
  facet normal -0.130662 0.991427 0
    outer loop
      vertex 278.305 22.9392 7.95
      vertex 278.651 22.9848 3
      vertex 278.305 22.9392 3
    endloop
  endfacet
  facet normal -0.608492 -0.79356 0
    outer loop
      vertex 276.429 15.9358 3
      vertex 276.706 15.7234 7.95
      vertex 276.429 15.9358 7.95
    endloop
  endfacet
  facet normal -0.608492 -0.79356 -0
    outer loop
      vertex 276.706 15.7234 7.95
      vertex 276.429 15.9358 3
      vertex 276.706 15.7234 3
    endloop
  endfacet
  facet normal -0.991278 0.131788 0
    outer loop
      vertex 275.015 19.3486 2.95
      vertex 275.061 19.6946 7.95
      vertex 275.061 19.6946 2.95
    endloop
  endfacet
  facet normal -0.991278 0.131788 0
    outer loop
      vertex 275.061 19.6946 7.95
      vertex 275.015 19.3486 2.95
      vertex 275.015 19.3486 7.95
    endloop
  endfacet
  facet normal 0.30046 0.953795 -0
    outer loop
      vertex 280.368 22.7588 3
      vertex 280.035 22.8637 7.95
      vertex 280.368 22.7588 7.95
    endloop
  endfacet
  facet normal 0.30046 0.953795 0
    outer loop
      vertex 280.035 22.8637 7.95
      vertex 280.368 22.7588 3
      vertex 280.035 22.8637 3
    endloop
  endfacet
  facet normal -0.887146 -0.461488 0
    outer loop
      vertex 275.536 17 2.95
      vertex 275.375 17.3095 7.95
      vertex 275.375 17.3095 2.95
    endloop
  endfacet
  facet normal -0.887146 -0.461488 0
    outer loop
      vertex 275.375 17.3095 7.95
      vertex 275.536 17 2.95
      vertex 275.536 17 7.95
    endloop
  endfacet
  facet normal -0.38323 0.923653 0
    outer loop
      vertex 277.632 22.7588 3
      vertex 277.31 22.6252 7.95
      vertex 277.632 22.7588 7.95
    endloop
  endfacet
  facet normal -0.38323 0.923653 0
    outer loop
      vertex 277.31 22.6252 7.95
      vertex 277.632 22.7588 3
      vertex 277.31 22.6252 3
    endloop
  endfacet
  facet normal 0.953661 0.300885 0
    outer loop
      vertex 282.864 20.0353 7.95
      vertex 282.759 20.3681 2.95
      vertex 282.759 20.3681 7.95
    endloop
  endfacet
  facet normal 0.953661 0.300885 0
    outer loop
      vertex 282.759 20.3681 2.95
      vertex 282.864 20.0353 7.95
      vertex 282.864 20.0353 2.95
    endloop
  endfacet
  facet normal 0.461127 0.887334 -0
    outer loop
      vertex 281 22.4641 3
      vertex 280.69 22.6252 7.95
      vertex 281 22.4641 7.95
    endloop
  endfacet
  facet normal 0.461127 0.887334 0
    outer loop
      vertex 280.69 22.6252 7.95
      vertex 281 22.4641 3
      vertex 280.69 22.6252 3
    endloop
  endfacet
  facet normal 0.999076 -0.0429895 0
    outer loop
      vertex 282.985 18.6514 7.95
      vertex 283 19 2.95
      vertex 283 19 7.95
    endloop
  endfacet
  facet normal 0.999076 -0.0429895 0
    outer loop
      vertex 283 19 2.95
      vertex 282.985 18.6514 7.95
      vertex 282.985 18.6514 2.95
    endloop
  endfacet
  facet normal -0.999076 0.0429895 0
    outer loop
      vertex 275 19 2.95
      vertex 275.015 19.3486 7.95
      vertex 275.015 19.3486 2.95
    endloop
  endfacet
  facet normal -0.999076 0.0429895 0
    outer loop
      vertex 275.015 19.3486 7.95
      vertex 275 19 2.95
      vertex 275 19 7.95
    endloop
  endfacet
  facet normal 0.991278 0.131788 0
    outer loop
      vertex 282.985 19.3486 7.95
      vertex 282.939 19.6946 2.95
      vertex 282.939 19.6946 7.95
    endloop
  endfacet
  facet normal 0.991278 0.131788 0
    outer loop
      vertex 282.939 19.6946 2.95
      vertex 282.985 19.3486 7.95
      vertex 282.985 19.3486 2.95
    endloop
  endfacet
  facet normal 0.216778 0.976221 -0
    outer loop
      vertex 280.035 22.8637 3
      vertex 279.695 22.9392 7.95
      vertex 280.035 22.8637 7.95
    endloop
  endfacet
  facet normal 0.216778 0.976221 0
    outer loop
      vertex 279.695 22.9392 7.95
      vertex 280.035 22.8637 3
      vertex 279.695 22.9392 3
    endloop
  endfacet
  facet normal 0.999076 0.0429895 0
    outer loop
      vertex 283 19 7.95
      vertex 282.985 19.3486 2.95
      vertex 282.985 19.3486 7.95
    endloop
  endfacet
  facet normal 0.999076 0.0429895 0
    outer loop
      vertex 282.985 19.3486 2.95
      vertex 283 19 7.95
      vertex 283 19 2.95
    endloop
  endfacet
  facet normal -0.676062 -0.736845 7.25174e-05
    outer loop
      vertex 276.172 16.1716 7.95
      vertex 276.207 16.139 3
      vertex 276.429 15.9358 7.95
    endloop
  endfacet
  facet normal -0.681573 -0.73175 0
    outer loop
      vertex 276.172 16.1716 2.95
      vertex 276.207 16.139 3
      vertex 276.172 16.1716 7.95
    endloop
  endfacet
  facet normal -0.681573 -0.73175 -0
    outer loop
      vertex 276.207 16.139 3
      vertex 276.172 16.1716 2.95
      vertex 276.207 16.139 2.95
    endloop
  endfacet
  facet normal -0.675183 -0.73765 -0
    outer loop
      vertex 276.429 15.9358 7.95
      vertex 276.207 16.139 3
      vertex 276.429 15.9358 3
    endloop
  endfacet
  facet normal -0.216778 0.976221 0
    outer loop
      vertex 278.305 22.9392 3
      vertex 277.965 22.8637 7.95
      vertex 278.305 22.9392 7.95
    endloop
  endfacet
  facet normal -0.216778 0.976221 0
    outer loop
      vertex 277.965 22.8637 7.95
      vertex 278.305 22.9392 3
      vertex 277.965 22.8637 3
    endloop
  endfacet
  facet normal 0.792518 -0.609849 0
    outer loop
      vertex 282.064 16.4289 7.95
      vertex 282.277 16.7057 3
      vertex 282.277 16.7057 7.95
    endloop
  endfacet
  facet normal 0.792518 -0.609849 0
    outer loop
      vertex 282.277 16.7057 3
      vertex 282.064 16.4289 7.95
      vertex 282.064 16.4289 3
    endloop
  endfacet
  facet normal -0.953661 0.300885 0
    outer loop
      vertex 275.136 20.0353 2.95
      vertex 275.241 20.3681 7.95
      vertex 275.241 20.3681 2.95
    endloop
  endfacet
  facet normal -0.953661 0.300885 0
    outer loop
      vertex 275.241 20.3681 7.95
      vertex 275.136 20.0353 2.95
      vertex 275.136 20.0353 7.95
    endloop
  endfacet
  facet normal 0.53771 -0.84313 0
    outer loop
      vertex 281 15.5359 3
      vertex 281.294 15.7234 7.95
      vertex 281 15.5359 7.95
    endloop
  endfacet
  facet normal 0.53771 -0.84313 0
    outer loop
      vertex 281.294 15.7234 7.95
      vertex 281 15.5359 3
      vertex 281.294 15.7234 3
    endloop
  endfacet
  facet normal 0.953661 -0.300885 0
    outer loop
      vertex 282.759 17.6319 7.95
      vertex 282.864 17.9647 2.95
      vertex 282.864 17.9647 7.95
    endloop
  endfacet
  facet normal 0.953661 -0.300885 0
    outer loop
      vertex 282.864 17.9647 2.95
      vertex 282.759 17.6319 7.95
      vertex 282.759 17.6319 2.95
    endloop
  endfacet
  facet normal 0.976617 0.214988 0
    outer loop
      vertex 282.939 19.6946 7.95
      vertex 282.864 20.0353 2.95
      vertex 282.864 20.0353 7.95
    endloop
  endfacet
  facet normal 0.976617 0.214988 0
    outer loop
      vertex 282.864 20.0353 2.95
      vertex 282.939 19.6946 7.95
      vertex 282.939 19.6946 2.95
    endloop
  endfacet
  facet normal -0.130662 -0.991427 0
    outer loop
      vertex 278.305 15.0608 3
      vertex 278.651 15.0152 7.95
      vertex 278.305 15.0608 7.95
    endloop
  endfacet
  facet normal -0.130662 -0.991427 -0
    outer loop
      vertex 278.651 15.0152 7.95
      vertex 278.305 15.0608 3
      vertex 278.651 15.0152 3
    endloop
  endfacet
  facet normal -0.844027 -0.5363 0
    outer loop
      vertex 275.723 16.7057 2.95
      vertex 275.536 17 7.95
      vertex 275.536 17 2.95
    endloop
  endfacet
  facet normal -0.844027 -0.5363 0
    outer loop
      vertex 275.536 17 7.95
      vertex 275.723 16.7057 2.95
      vertex 275.723 16.7057 7.95
    endloop
  endfacet
  facet normal -0.923416 0.383802 0
    outer loop
      vertex 275.241 20.3681 2.95
      vertex 275.375 20.6905 7.95
      vertex 275.375 20.6905 2.95
    endloop
  endfacet
  facet normal -0.923416 0.383802 0
    outer loop
      vertex 275.375 20.6905 7.95
      vertex 275.241 20.3681 2.95
      vertex 275.241 20.3681 7.95
    endloop
  endfacet
  facet normal 0.461127 -0.887334 0
    outer loop
      vertex 280.69 15.3748 3
      vertex 281 15.5359 7.95
      vertex 280.69 15.3748 7.95
    endloop
  endfacet
  facet normal 0.461127 -0.887334 0
    outer loop
      vertex 281 15.5359 7.95
      vertex 280.69 15.3748 3
      vertex 281 15.5359 3
    endloop
  endfacet
  facet normal -0.792518 0.609849 0
    outer loop
      vertex 275.723 21.2943 2.95
      vertex 275.936 21.5711 7.95
      vertex 275.936 21.5711 2.95
    endloop
  endfacet
  facet normal -0.792518 0.609849 0
    outer loop
      vertex 275.936 21.5711 7.95
      vertex 275.723 21.2943 2.95
      vertex 275.723 21.2943 7.95
    endloop
  endfacet
  facet normal 0.216778 -0.976221 0
    outer loop
      vertex 279.695 15.0608 3
      vertex 280.035 15.1363 7.95
      vertex 279.695 15.0608 7.95
    endloop
  endfacet
  facet normal 0.216778 -0.976221 0
    outer loop
      vertex 280.035 15.1363 7.95
      vertex 279.695 15.0608 3
      vertex 280.035 15.1363 3
    endloop
  endfacet
  facet normal -0.991278 -0.131788 0
    outer loop
      vertex 275.061 18.3054 2.95
      vertex 275.015 18.6514 7.95
      vertex 275.015 18.6514 2.95
    endloop
  endfacet
  facet normal -0.991278 -0.131788 0
    outer loop
      vertex 275.015 18.6514 7.95
      vertex 275.061 18.3054 2.95
      vertex 275.061 18.3054 7.95
    endloop
  endfacet
  facet normal 0 0 -1
    outer loop
      vertex 275.136 20.0353 2.95
      vertex 278.464 21.442 2.95
      vertex 278.464 17.442 2.95
    endloop
  endfacet
  facet normal 0 0 -1
    outer loop
      vertex 278.464 21.442 2.95
      vertex 276.706 22.2766 2.95
      vertex 276.854 22.3714 2.95
    endloop
  endfacet
  facet normal 0 0 -1
    outer loop
      vertex 278.464 21.442 2.95
      vertex 276.429 22.0642 2.95
      vertex 276.706 22.2766 2.95
    endloop
  endfacet
  facet normal 0 0 -1
    outer loop
      vertex 276.172 16.1716 2.95
      vertex 278.464 17.442 2.95
      vertex 276.207 16.139 2.95
    endloop
  endfacet
  facet normal 0 0 -1
    outer loop
      vertex 278.464 17.442 2.95
      vertex 276.172 16.1716 2.95
      vertex 275.936 16.4289 2.95
    endloop
  endfacet
  facet normal 0 0 -1
    outer loop
      vertex 278.464 21.442 2.95
      vertex 276.172 21.8284 2.95
      vertex 276.429 22.0642 2.95
    endloop
  endfacet
  facet normal 0 0 -1
    outer loop
      vertex 275.723 16.7057 2.95
      vertex 278.464 17.442 2.95
      vertex 275.936 16.4289 2.95
    endloop
  endfacet
  facet normal 0 0 -1
    outer loop
      vertex 278.464 21.442 2.95
      vertex 275.936 21.5711 2.95
      vertex 276.172 21.8284 2.95
    endloop
  endfacet
  facet normal 0 0 -1
    outer loop
      vertex 275.536 17 2.95
      vertex 278.464 17.442 2.95
      vertex 275.723 16.7057 2.95
    endloop
  endfacet
  facet normal -0 0 -1
    outer loop
      vertex 278.464 21.442 2.95
      vertex 275.723 21.2943 2.95
      vertex 275.936 21.5711 2.95
    endloop
  endfacet
  facet normal 0 0 -1
    outer loop
      vertex 275.375 17.3095 2.95
      vertex 278.464 17.442 2.95
      vertex 275.536 17 2.95
    endloop
  endfacet
  facet normal 0 0 -1
    outer loop
      vertex 278.464 21.442 2.95
      vertex 275.536 21 2.95
      vertex 275.723 21.2943 2.95
    endloop
  endfacet
  facet normal 0 0 -1
    outer loop
      vertex 275.241 17.6319 2.95
      vertex 278.464 17.442 2.95
      vertex 275.375 17.3095 2.95
    endloop
  endfacet
  facet normal 0 0 -1
    outer loop
      vertex 278.464 21.442 2.95
      vertex 275.375 20.6905 2.95
      vertex 275.536 21 2.95
    endloop
  endfacet
  facet normal 0 0 -1
    outer loop
      vertex 275.136 17.9647 2.95
      vertex 278.464 17.442 2.95
      vertex 275.241 17.6319 2.95
    endloop
  endfacet
  facet normal 0 0 -1
    outer loop
      vertex 278.464 21.442 2.95
      vertex 275.241 20.3681 2.95
      vertex 275.375 20.6905 2.95
    endloop
  endfacet
  facet normal 0 0 -1
    outer loop
      vertex 275.061 18.3054 2.95
      vertex 278.464 17.442 2.95
      vertex 275.136 17.9647 2.95
    endloop
  endfacet
  facet normal 0 0 -1
    outer loop
      vertex 278.464 21.442 2.95
      vertex 275.136 20.0353 2.95
      vertex 275.241 20.3681 2.95
    endloop
  endfacet
  facet normal 0 0 -1
    outer loop
      vertex 275.015 18.6514 2.95
      vertex 278.464 17.442 2.95
      vertex 275.061 18.3054 2.95
    endloop
  endfacet
  facet normal 0 0 -1
    outer loop
      vertex 278.464 17.442 2.95
      vertex 275.061 19.6946 2.95
      vertex 275.136 20.0353 2.95
    endloop
  endfacet
  facet normal 0 0 -1
    outer loop
      vertex 275 19 2.95
      vertex 278.464 17.442 2.95
      vertex 275.015 18.6514 2.95
    endloop
  endfacet
  facet normal 0 0 -1
    outer loop
      vertex 278.464 17.442 2.95
      vertex 275.015 19.3486 2.95
      vertex 275.061 19.6946 2.95
    endloop
  endfacet
  facet normal 0 0 -1
    outer loop
      vertex 278.464 17.442 2.95
      vertex 275 19 2.95
      vertex 275.015 19.3486 2.95
    endloop
  endfacet
  facet normal 0 0 -1
    outer loop
      vertex 282.036 17.442 2.95
      vertex 283 19 2.95
      vertex 282.985 18.6514 2.95
    endloop
  endfacet
  facet normal 0 0 -1
    outer loop
      vertex 282.036 17.442 2.95
      vertex 282.985 18.6514 2.95
      vertex 282.939 18.3054 2.95
    endloop
  endfacet
  facet normal -0 0 -1
    outer loop
      vertex 283 19 2.95
      vertex 282.036 17.442 2.95
      vertex 282.985 19.3486 2.95
    endloop
  endfacet
  facet normal 0 0 -1
    outer loop
      vertex 282.036 17.442 2.95
      vertex 282.939 18.3054 2.95
      vertex 282.864 17.9647 2.95
    endloop
  endfacet
  facet normal -0 0 -1
    outer loop
      vertex 282.985 19.3486 2.95
      vertex 282.036 17.442 2.95
      vertex 282.939 19.6946 2.95
    endloop
  endfacet
  facet normal 0 0 -1
    outer loop
      vertex 282.036 17.442 2.95
      vertex 282.864 17.9647 2.95
      vertex 282.759 17.6319 2.95
    endloop
  endfacet
  facet normal -0 0 -1
    outer loop
      vertex 282.939 19.6946 2.95
      vertex 282.036 17.442 2.95
      vertex 282.864 20.0353 2.95
    endloop
  endfacet
  facet normal 0 0 -1
    outer loop
      vertex 282.036 17.442 2.95
      vertex 282.759 17.6319 2.95
      vertex 282.625 17.3095 2.95
    endloop
  endfacet
  facet normal -0 0 -1
    outer loop
      vertex 282.864 20.0353 2.95
      vertex 282.036 17.442 2.95
      vertex 282.759 20.3681 2.95
    endloop
  endfacet
  facet normal 0 0 -1
    outer loop
      vertex 282.036 17.442 2.95
      vertex 282.625 17.3095 2.95
      vertex 282.542 17.1498 2.95
    endloop
  endfacet
  facet normal 0 0 -1
    outer loop
      vertex 282.036 21.442 2.95
      vertex 282.759 20.3681 2.95
      vertex 282.036 17.442 2.95
    endloop
  endfacet
  facet normal 0 0 -1
    outer loop
      vertex 282.759 20.3681 2.95
      vertex 282.036 21.442 2.95
      vertex 282.625 20.6905 2.95
    endloop
  endfacet
  facet normal 0 0 -1
    outer loop
      vertex 282.625 20.6905 2.95
      vertex 282.036 21.442 2.95
      vertex 282.464 21 2.95
    endloop
  endfacet
  facet normal 0 0 -1
    outer loop
      vertex 282.464 21 2.95
      vertex 282.036 21.442 2.95
      vertex 282.277 21.2943 2.95
    endloop
  endfacet
  facet normal 0 0 -1
    outer loop
      vertex 282.277 21.2943 2.95
      vertex 282.036 21.442 2.95
      vertex 282.124 21.493 2.95
    endloop
  endfacet
  facet normal 0.38323 -0.923653 0
    outer loop
      vertex 280.368 15.2412 3
      vertex 280.69 15.3748 7.95
      vertex 280.368 15.2412 7.95
    endloop
  endfacet
  facet normal 0.38323 -0.923653 0
    outer loop
      vertex 280.69 15.3748 7.95
      vertex 280.368 15.2412 3
      vertex 280.69 15.3748 3
    endloop
  endfacet
  facet normal 0.736952 0.675945 0
    outer loop
      vertex 282.064 21.5711 7.95
      vertex 281.828 21.8284 3
      vertex 281.828 21.8284 7.95
    endloop
  endfacet
  facet normal 0.736952 0.675945 0
    outer loop
      vertex 281.828 21.8284 3
      vertex 282.064 21.5711 7.95
      vertex 282.064 21.5711 3
    endloop
  endfacet
  facet normal -0.923416 -0.383802 0
    outer loop
      vertex 275.375 17.3095 2.95
      vertex 275.241 17.6319 7.95
      vertex 275.241 17.6319 2.95
    endloop
  endfacet
  facet normal -0.923416 -0.383802 0
    outer loop
      vertex 275.241 17.6319 7.95
      vertex 275.375 17.3095 2.95
      vertex 275.375 17.3095 7.95
    endloop
  endfacet
  facet normal 0.608492 0.79356 -0
    outer loop
      vertex 281.571 22.0642 3
      vertex 281.294 22.2766 7.95
      vertex 281.571 22.0642 7.95
    endloop
  endfacet
  facet normal 0.608492 0.79356 0
    outer loop
      vertex 281.294 22.2766 7.95
      vertex 281.571 22.0642 3
      vertex 281.294 22.2766 3
    endloop
  endfacet
  facet normal -0.30046 -0.953795 0
    outer loop
      vertex 277.632 15.2412 3
      vertex 277.965 15.1363 7.95
      vertex 277.632 15.2412 7.95
    endloop
  endfacet
  facet normal -0.30046 -0.953795 -0
    outer loop
      vertex 277.965 15.1363 7.95
      vertex 277.632 15.2412 3
      vertex 277.965 15.1363 3
    endloop
  endfacet
  facet normal 0.130662 0.991427 -0
    outer loop
      vertex 279.695 22.9392 3
      vertex 279.349 22.9848 7.95
      vertex 279.695 22.9392 7.95
    endloop
  endfacet
  facet normal 0.130662 0.991427 0
    outer loop
      vertex 279.349 22.9848 7.95
      vertex 279.695 22.9392 3
      vertex 279.349 22.9848 3
    endloop
  endfacet
  facet normal 0.887146 0.461488 0
    outer loop
      vertex 282.625 20.6905 7.95
      vertex 282.464 21 2.95
      vertex 282.464 21 7.95
    endloop
  endfacet
  facet normal 0.887146 0.461488 0
    outer loop
      vertex 282.464 21 2.95
      vertex 282.625 20.6905 7.95
      vertex 282.625 20.6905 2.95
    endloop
  endfacet
  facet normal -0.461127 -0.887334 0
    outer loop
      vertex 277 15.5359 3
      vertex 277.31 15.3748 7.95
      vertex 277 15.5359 7.95
    endloop
  endfacet
  facet normal -0.461127 -0.887334 -0
    outer loop
      vertex 277.31 15.3748 7.95
      vertex 277 15.5359 3
      vertex 277.31 15.3748 3
    endloop
  endfacet
  facet normal 0.38323 0.923653 -0
    outer loop
      vertex 280.69 22.6252 3
      vertex 280.368 22.7588 7.95
      vertex 280.69 22.6252 7.95
    endloop
  endfacet
  facet normal 0.38323 0.923653 0
    outer loop
      vertex 280.368 22.7588 7.95
      vertex 280.69 22.6252 3
      vertex 280.368 22.7588 3
    endloop
  endfacet
  facet normal 0.53771 0.84313 -0
    outer loop
      vertex 281.294 22.2766 3
      vertex 281 22.4641 7.95
      vertex 281.294 22.2766 7.95
    endloop
  endfacet
  facet normal 0.53771 0.84313 0
    outer loop
      vertex 281 22.4641 7.95
      vertex 281.294 22.2766 3
      vertex 281 22.4641 3
    endloop
  endfacet
  facet normal 0.130662 -0.991427 0
    outer loop
      vertex 279.349 15.0152 3
      vertex 279.695 15.0608 7.95
      vertex 279.349 15.0152 7.95
    endloop
  endfacet
  facet normal 0.130662 -0.991427 0
    outer loop
      vertex 279.695 15.0608 7.95
      vertex 279.349 15.0152 3
      vertex 279.695 15.0608 3
    endloop
  endfacet
  facet normal 0.991278 -0.131788 0
    outer loop
      vertex 282.939 18.3054 7.95
      vertex 282.985 18.6514 2.95
      vertex 282.985 18.6514 7.95
    endloop
  endfacet
  facet normal 0.991278 -0.131788 0
    outer loop
      vertex 282.985 18.6514 2.95
      vertex 282.939 18.3054 7.95
      vertex 282.939 18.3054 2.95
    endloop
  endfacet
  facet normal 0.923416 0.383802 0
    outer loop
      vertex 282.759 20.3681 7.95
      vertex 282.625 20.6905 2.95
      vertex 282.625 20.6905 7.95
    endloop
  endfacet
  facet normal 0.923416 0.383802 0
    outer loop
      vertex 282.625 20.6905 2.95
      vertex 282.759 20.3681 7.95
      vertex 282.759 20.3681 2.95
    endloop
  endfacet
  facet normal -0.53771 -0.84313 0
    outer loop
      vertex 276.706 15.7234 3
      vertex 277 15.5359 7.95
      vertex 276.706 15.7234 7.95
    endloop
  endfacet
  facet normal -0.53771 -0.84313 -0
    outer loop
      vertex 277 15.5359 7.95
      vertex 276.706 15.7234 3
      vertex 277 15.5359 3
    endloop
  endfacet
  facet normal -0.887146 0.461488 0
    outer loop
      vertex 275.375 20.6905 2.95
      vertex 275.536 21 7.95
      vertex 275.536 21 2.95
    endloop
  endfacet
  facet normal -0.887146 0.461488 0
    outer loop
      vertex 275.536 21 7.95
      vertex 275.375 20.6905 2.95
      vertex 275.375 20.6905 7.95
    endloop
  endfacet
  facet normal -0.676062 0.736845 0
    outer loop
      vertex 276.429 22.0642 2.95
      vertex 276.172 21.8284 7.95
      vertex 276.429 22.0642 7.95
    endloop
  endfacet
  facet normal -0.676062 0.736845 0
    outer loop
      vertex 276.172 21.8284 7.95
      vertex 276.429 22.0642 2.95
      vertex 276.172 21.8284 2.95
    endloop
  endfacet
  facet normal -0.608492 0.79356 0
    outer loop
      vertex 276.706 22.2766 2.95
      vertex 276.429 22.0642 7.95
      vertex 276.706 22.2766 7.95
    endloop
  endfacet
  facet normal -0.608492 0.79356 0
    outer loop
      vertex 276.429 22.0642 7.95
      vertex 276.706 22.2766 2.95
      vertex 276.429 22.0642 2.95
    endloop
  endfacet
  facet normal 0.0435118 0.999053 -0
    outer loop
      vertex 279.349 22.9848 3
      vertex 279 23 7.95
      vertex 279.349 22.9848 7.95
    endloop
  endfacet
  facet normal 0.0435118 0.999053 0
    outer loop
      vertex 279 23 7.95
      vertex 279.349 22.9848 3
      vertex 279 23 3
    endloop
  endfacet
  facet normal -0.216778 -0.976221 0
    outer loop
      vertex 277.965 15.1363 3
      vertex 278.305 15.0608 7.95
      vertex 277.965 15.1363 7.95
    endloop
  endfacet
  facet normal -0.216778 -0.976221 -0
    outer loop
      vertex 278.305 15.0608 7.95
      vertex 277.965 15.1363 3
      vertex 278.305 15.0608 3
    endloop
  endfacet
  facet normal 0.923416 -0.383802 0
    outer loop
      vertex 282.625 17.3095 7.95
      vertex 282.759 17.6319 2.95
      vertex 282.759 17.6319 7.95
    endloop
  endfacet
  facet normal 0.923416 -0.383802 0
    outer loop
      vertex 282.759 17.6319 2.95
      vertex 282.625 17.3095 7.95
      vertex 282.625 17.3095 2.95
    endloop
  endfacet
  facet normal 0.844027 0.5363 0
    outer loop
      vertex 282.464 21 7.95
      vertex 282.277 21.2943 2.95
      vertex 282.277 21.2943 7.95
    endloop
  endfacet
  facet normal 0.844027 0.5363 0
    outer loop
      vertex 282.277 21.2943 2.95
      vertex 282.464 21 7.95
      vertex 282.464 21 2.95
    endloop
  endfacet
  facet normal 0.793001 0.60922 0
    outer loop
      vertex 282.064 21.5711 7.95
      vertex 282.124 21.493 3
      vertex 282.064 21.5711 3
    endloop
  endfacet
  facet normal 0.792518 0.609849 -1.57907e-05
    outer loop
      vertex 282.277 21.2943 7.95
      vertex 282.124 21.493 3
      vertex 282.064 21.5711 7.95
    endloop
  endfacet
  facet normal 0.792327 0.610096 -0
    outer loop
      vertex 282.277 21.2943 2.95
      vertex 282.124 21.493 3
      vertex 282.277 21.2943 7.95
    endloop
  endfacet
  facet normal 0.792327 0.610096 0
    outer loop
      vertex 282.124 21.493 3
      vertex 282.277 21.2943 2.95
      vertex 282.124 21.493 2.95
    endloop
  endfacet
  facet normal -0.0435118 0.999053 0
    outer loop
      vertex 279 23 3
      vertex 278.651 22.9848 7.95
      vertex 279 23 7.95
    endloop
  endfacet
  facet normal -0.0435118 0.999053 0
    outer loop
      vertex 278.651 22.9848 7.95
      vertex 279 23 3
      vertex 278.651 22.9848 3
    endloop
  endfacet
  facet normal 0.608492 -0.79356 0
    outer loop
      vertex 281.294 15.7234 3
      vertex 281.571 15.9358 7.95
      vertex 281.294 15.7234 7.95
    endloop
  endfacet
  facet normal 0.608492 -0.79356 0
    outer loop
      vertex 281.571 15.9358 7.95
      vertex 281.294 15.7234 3
      vertex 281.571 15.9358 3
    endloop
  endfacet
  facet normal -0.736952 -0.675945 0
    outer loop
      vertex 276.172 16.1716 2.95
      vertex 275.936 16.4289 7.95
      vertex 275.936 16.4289 2.95
    endloop
  endfacet
  facet normal -0.736952 -0.675945 0
    outer loop
      vertex 275.936 16.4289 7.95
      vertex 276.172 16.1716 2.95
      vertex 276.172 16.1716 7.95
    endloop
  endfacet
  facet normal -0.792518 -0.609849 0
    outer loop
      vertex 275.936 16.4289 2.95
      vertex 275.723 16.7057 7.95
      vertex 275.723 16.7057 2.95
    endloop
  endfacet
  facet normal -0.792518 -0.609849 0
    outer loop
      vertex 275.723 16.7057 7.95
      vertex 275.936 16.4289 2.95
      vertex 275.936 16.4289 7.95
    endloop
  endfacet
  facet normal -0.844027 0.5363 0
    outer loop
      vertex 275.536 21 2.95
      vertex 275.723 21.2943 7.95
      vertex 275.723 21.2943 2.95
    endloop
  endfacet
  facet normal -0.844027 0.5363 0
    outer loop
      vertex 275.723 21.2943 7.95
      vertex 275.536 21 2.95
      vertex 275.536 21 7.95
    endloop
  endfacet
  facet normal -0.976617 0.214988 0
    outer loop
      vertex 275.061 19.6946 2.95
      vertex 275.136 20.0353 7.95
      vertex 275.136 20.0353 2.95
    endloop
  endfacet
  facet normal -0.976617 0.214988 0
    outer loop
      vertex 275.136 20.0353 7.95
      vertex 275.061 19.6946 2.95
      vertex 275.061 19.6946 7.95
    endloop
  endfacet
  facet normal 0.844027 -0.5363 0
    outer loop
      vertex 282.277 16.7057 7.95
      vertex 282.464 17 3
      vertex 282.464 17 7.95
    endloop
  endfacet
  facet normal 0.844027 -0.5363 0
    outer loop
      vertex 282.464 17 3
      vertex 282.277 16.7057 7.95
      vertex 282.277 16.7057 3
    endloop
  endfacet
  facet normal -0.461127 0.887334 0
    outer loop
      vertex 277.31 22.6252 3
      vertex 277 22.4641 7.95
      vertex 277.31 22.6252 7.95
    endloop
  endfacet
  facet normal -0.461127 0.887334 0
    outer loop
      vertex 277 22.4641 7.95
      vertex 277.31 22.6252 3
      vertex 277 22.4641 3
    endloop
  endfacet
  facet normal -0.536015 0.844209 0
    outer loop
      vertex 276.854 22.3714 3
      vertex 277 22.4641 7.95
      vertex 277 22.4641 3
    endloop
  endfacet
  facet normal -0.53771 0.84313 7.02174e-05
    outer loop
      vertex 277 22.4641 7.95
      vertex 276.854 22.3714 3
      vertex 276.706 22.2766 7.95
    endloop
  endfacet
  facet normal -0.539377 0.842065 0
    outer loop
      vertex 276.706 22.2766 2.95
      vertex 276.854 22.3714 3
      vertex 276.854 22.3714 2.95
    endloop
  endfacet
  facet normal -0.539377 0.842065 0
    outer loop
      vertex 276.854 22.3714 3
      vertex 276.706 22.2766 2.95
      vertex 276.706 22.2766 7.95
    endloop
  endfacet
  facet normal -0.38323 -0.923653 0
    outer loop
      vertex 277.31 15.3748 3
      vertex 277.632 15.2412 7.95
      vertex 277.31 15.3748 7.95
    endloop
  endfacet
  facet normal -0.38323 -0.923653 -0
    outer loop
      vertex 277.632 15.2412 7.95
      vertex 277.31 15.3748 3
      vertex 277.632 15.2412 3
    endloop
  endfacet
  facet normal -0.0435118 -0.999053 0
    outer loop
      vertex 278.651 15.0152 3
      vertex 279 15 7.95
      vertex 278.651 15.0152 7.95
    endloop
  endfacet
  facet normal -0.0435118 -0.999053 -0
    outer loop
      vertex 279 15 7.95
      vertex 278.651 15.0152 3
      vertex 279 15 3
    endloop
  endfacet
  facet normal 0.676062 -0.736845 0
    outer loop
      vertex 281.571 15.9358 3
      vertex 281.828 16.1716 7.95
      vertex 281.571 15.9358 7.95
    endloop
  endfacet
  facet normal 0.676062 -0.736845 0
    outer loop
      vertex 281.828 16.1716 7.95
      vertex 281.571 15.9358 3
      vertex 281.828 16.1716 3
    endloop
  endfacet
  facet normal 0.887317 -0.46116 0
    outer loop
      vertex 282.625 17.3095 7.95
      vertex 282.542 17.1498 3
      vertex 282.625 17.3095 2.95
    endloop
  endfacet
  facet normal 0.887146 -0.461488 1.34344e-05
    outer loop
      vertex 282.464 17 7.95
      vertex 282.542 17.1498 3
      vertex 282.625 17.3095 7.95
    endloop
  endfacet
  facet normal 0.886965 -0.461837 0
    outer loop
      vertex 282.542 17.1498 3
      vertex 282.464 17 7.95
      vertex 282.464 17 3
    endloop
  endfacet
  facet normal 0.887317 -0.46116 0
    outer loop
      vertex 282.625 17.3095 2.95
      vertex 282.542 17.1498 3
      vertex 282.542 17.1498 2.95
    endloop
  endfacet
  facet normal -0.30046 0.953795 0
    outer loop
      vertex 277.965 22.8637 3
      vertex 277.632 22.7588 7.95
      vertex 277.965 22.8637 7.95
    endloop
  endfacet
  facet normal -0.30046 0.953795 0
    outer loop
      vertex 277.632 22.7588 7.95
      vertex 277.965 22.8637 3
      vertex 277.632 22.7588 3
    endloop
  endfacet
  facet normal -0.976617 -0.214988 0
    outer loop
      vertex 275.136 17.9647 2.95
      vertex 275.061 18.3054 7.95
      vertex 275.061 18.3054 2.95
    endloop
  endfacet
  facet normal -0.976617 -0.214988 0
    outer loop
      vertex 275.061 18.3054 7.95
      vertex 275.136 17.9647 2.95
      vertex 275.136 17.9647 7.95
    endloop
  endfacet
  facet normal 0.736952 -0.675945 0
    outer loop
      vertex 281.828 16.1716 7.95
      vertex 282.064 16.4289 3
      vertex 282.064 16.4289 7.95
    endloop
  endfacet
  facet normal 0.736952 -0.675945 0
    outer loop
      vertex 282.064 16.4289 3
      vertex 281.828 16.1716 7.95
      vertex 281.828 16.1716 3
    endloop
  endfacet
  facet normal -0.736952 0.675945 0
    outer loop
      vertex 275.936 21.5711 2.95
      vertex 276.172 21.8284 7.95
      vertex 276.172 21.8284 2.95
    endloop
  endfacet
  facet normal -0.736952 0.675945 0
    outer loop
      vertex 276.172 21.8284 7.95
      vertex 275.936 21.5711 2.95
      vertex 275.936 21.5711 7.95
    endloop
  endfacet
  facet normal 0.30046 -0.953795 0
    outer loop
      vertex 280.035 15.1363 3
      vertex 280.368 15.2412 7.95
      vertex 280.035 15.1363 7.95
    endloop
  endfacet
  facet normal 0.30046 -0.953795 0
    outer loop
      vertex 280.368 15.2412 7.95
      vertex 280.035 15.1363 3
      vertex 280.368 15.2412 3
    endloop
  endfacet
  facet normal -0.953661 -0.300885 0
    outer loop
      vertex 275.241 17.6319 2.95
      vertex 275.136 17.9647 7.95
      vertex 275.136 17.9647 2.95
    endloop
  endfacet
  facet normal -0.953661 -0.300885 0
    outer loop
      vertex 275.136 17.9647 7.95
      vertex 275.241 17.6319 2.95
      vertex 275.241 17.6319 7.95
    endloop
  endfacet
  facet normal 0 0 1
    outer loop
      vertex 282.985 19.3486 7.95
      vertex 282.985 18.6514 7.95
      vertex 283 19 7.95
    endloop
  endfacet
  facet normal 0 0 1
    outer loop
      vertex 282.939 19.6946 7.95
      vertex 282.985 18.6514 7.95
      vertex 282.985 19.3486 7.95
    endloop
  endfacet
  facet normal 0 0 1
    outer loop
      vertex 282.939 19.6946 7.95
      vertex 282.939 18.3054 7.95
      vertex 282.985 18.6514 7.95
    endloop
  endfacet
  facet normal 0 0 1
    outer loop
      vertex 282.864 20.0353 7.95
      vertex 282.939 18.3054 7.95
      vertex 282.939 19.6946 7.95
    endloop
  endfacet
  facet normal 0 0 1
    outer loop
      vertex 282.864 20.0353 7.95
      vertex 282.864 17.9647 7.95
      vertex 282.939 18.3054 7.95
    endloop
  endfacet
  facet normal 0 0 1
    outer loop
      vertex 282.759 20.3681 7.95
      vertex 282.864 17.9647 7.95
      vertex 282.864 20.0353 7.95
    endloop
  endfacet
  facet normal 0 0 1
    outer loop
      vertex 282.759 20.3681 7.95
      vertex 282.759 17.6319 7.95
      vertex 282.864 17.9647 7.95
    endloop
  endfacet
  facet normal 0 0 1
    outer loop
      vertex 282.625 20.6905 7.95
      vertex 282.759 17.6319 7.95
      vertex 282.759 20.3681 7.95
    endloop
  endfacet
  facet normal 0 0 1
    outer loop
      vertex 282.625 20.6905 7.95
      vertex 282.625 17.3095 7.95
      vertex 282.759 17.6319 7.95
    endloop
  endfacet
  facet normal 0 0 1
    outer loop
      vertex 282.464 21 7.95
      vertex 282.625 17.3095 7.95
      vertex 282.625 20.6905 7.95
    endloop
  endfacet
  facet normal 0 0 1
    outer loop
      vertex 282.464 21 7.95
      vertex 282.464 17 7.95
      vertex 282.625 17.3095 7.95
    endloop
  endfacet
  facet normal 0 0 1
    outer loop
      vertex 282.277 21.2943 7.95
      vertex 282.464 17 7.95
      vertex 282.464 21 7.95
    endloop
  endfacet
  facet normal 0 0 1
    outer loop
      vertex 282.277 21.2943 7.95
      vertex 282.277 16.7057 7.95
      vertex 282.464 17 7.95
    endloop
  endfacet
  facet normal 0 0 1
    outer loop
      vertex 282.064 21.5711 7.95
      vertex 282.277 16.7057 7.95
      vertex 282.277 21.2943 7.95
    endloop
  endfacet
  facet normal 0 0 1
    outer loop
      vertex 282.064 21.5711 7.95
      vertex 282.064 16.4289 7.95
      vertex 282.277 16.7057 7.95
    endloop
  endfacet
  facet normal 0 0 1
    outer loop
      vertex 281.828 21.8284 7.95
      vertex 282.064 16.4289 7.95
      vertex 282.064 21.5711 7.95
    endloop
  endfacet
  facet normal 0 0 1
    outer loop
      vertex 281.828 21.8284 7.95
      vertex 281.828 16.1716 7.95
      vertex 282.064 16.4289 7.95
    endloop
  endfacet
  facet normal 0 0 1
    outer loop
      vertex 281.571 22.0642 7.95
      vertex 281.828 16.1716 7.95
      vertex 281.828 21.8284 7.95
    endloop
  endfacet
  facet normal 0 0 1
    outer loop
      vertex 281.571 22.0642 7.95
      vertex 281.571 15.9358 7.95
      vertex 281.828 16.1716 7.95
    endloop
  endfacet
  facet normal 0 0 1
    outer loop
      vertex 281.294 22.2766 7.95
      vertex 281.571 15.9358 7.95
      vertex 281.571 22.0642 7.95
    endloop
  endfacet
  facet normal 0 0 1
    outer loop
      vertex 281.294 22.2766 7.95
      vertex 281.294 15.7234 7.95
      vertex 281.571 15.9358 7.95
    endloop
  endfacet
  facet normal 0 0 1
    outer loop
      vertex 281 22.4641 7.95
      vertex 281.294 15.7234 7.95
      vertex 281.294 22.2766 7.95
    endloop
  endfacet
  facet normal 0 0 1
    outer loop
      vertex 281 22.4641 7.95
      vertex 281 15.5359 7.95
      vertex 281.294 15.7234 7.95
    endloop
  endfacet
  facet normal 0 0 1
    outer loop
      vertex 280.69 22.6252 7.95
      vertex 281 15.5359 7.95
      vertex 281 22.4641 7.95
    endloop
  endfacet
  facet normal 0 0 1
    outer loop
      vertex 280.69 22.6252 7.95
      vertex 280.69 15.3748 7.95
      vertex 281 15.5359 7.95
    endloop
  endfacet
  facet normal 0 0 1
    outer loop
      vertex 280.368 22.7588 7.95
      vertex 280.69 15.3748 7.95
      vertex 280.69 22.6252 7.95
    endloop
  endfacet
  facet normal 0 0 1
    outer loop
      vertex 280.368 22.7588 7.95
      vertex 280.368 15.2412 7.95
      vertex 280.69 15.3748 7.95
    endloop
  endfacet
  facet normal 0 0 1
    outer loop
      vertex 280.035 22.8637 7.95
      vertex 280.368 15.2412 7.95
      vertex 280.368 22.7588 7.95
    endloop
  endfacet
  facet normal 0 0 1
    outer loop
      vertex 280.035 22.8637 7.95
      vertex 280.035 15.1363 7.95
      vertex 280.368 15.2412 7.95
    endloop
  endfacet
  facet normal 0 0 1
    outer loop
      vertex 279.695 22.9392 7.95
      vertex 280.035 15.1363 7.95
      vertex 280.035 22.8637 7.95
    endloop
  endfacet
  facet normal 0 0 1
    outer loop
      vertex 279.695 22.9392 7.95
      vertex 279.695 15.0608 7.95
      vertex 280.035 15.1363 7.95
    endloop
  endfacet
  facet normal 0 0 1
    outer loop
      vertex 279.349 22.9848 7.95
      vertex 279.695 15.0608 7.95
      vertex 279.695 22.9392 7.95
    endloop
  endfacet
  facet normal 0 0 1
    outer loop
      vertex 279.349 22.9848 7.95
      vertex 279.349 15.0152 7.95
      vertex 279.695 15.0608 7.95
    endloop
  endfacet
  facet normal 0 0 1
    outer loop
      vertex 279 23 7.95
      vertex 279.349 15.0152 7.95
      vertex 279.349 22.9848 7.95
    endloop
  endfacet
  facet normal 0 0 1
    outer loop
      vertex 279 23 7.95
      vertex 279 15 7.95
      vertex 279.349 15.0152 7.95
    endloop
  endfacet
  facet normal -0 0 1
    outer loop
      vertex 278.651 22.9848 7.95
      vertex 279 15 7.95
      vertex 279 23 7.95
    endloop
  endfacet
  facet normal 0 0 1
    outer loop
      vertex 278.651 22.9848 7.95
      vertex 278.651 15.0152 7.95
      vertex 279 15 7.95
    endloop
  endfacet
  facet normal -0 0 1
    outer loop
      vertex 278.305 22.9392 7.95
      vertex 278.651 15.0152 7.95
      vertex 278.651 22.9848 7.95
    endloop
  endfacet
  facet normal 0 0 1
    outer loop
      vertex 278.305 22.9392 7.95
      vertex 278.305 15.0608 7.95
      vertex 278.651 15.0152 7.95
    endloop
  endfacet
  facet normal -0 0 1
    outer loop
      vertex 277.965 22.8637 7.95
      vertex 278.305 15.0608 7.95
      vertex 278.305 22.9392 7.95
    endloop
  endfacet
  facet normal 0 0 1
    outer loop
      vertex 277.965 22.8637 7.95
      vertex 277.965 15.1363 7.95
      vertex 278.305 15.0608 7.95
    endloop
  endfacet
  facet normal -0 0 1
    outer loop
      vertex 277.632 22.7588 7.95
      vertex 277.965 15.1363 7.95
      vertex 277.965 22.8637 7.95
    endloop
  endfacet
  facet normal 0 0 1
    outer loop
      vertex 277.632 22.7588 7.95
      vertex 277.632 15.2412 7.95
      vertex 277.965 15.1363 7.95
    endloop
  endfacet
  facet normal -0 0 1
    outer loop
      vertex 277.31 22.6252 7.95
      vertex 277.632 15.2412 7.95
      vertex 277.632 22.7588 7.95
    endloop
  endfacet
  facet normal 0 0 1
    outer loop
      vertex 277.31 22.6252 7.95
      vertex 277.31 15.3748 7.95
      vertex 277.632 15.2412 7.95
    endloop
  endfacet
  facet normal -0 0 1
    outer loop
      vertex 277 22.4641 7.95
      vertex 277.31 15.3748 7.95
      vertex 277.31 22.6252 7.95
    endloop
  endfacet
  facet normal 0 0 1
    outer loop
      vertex 277 22.4641 7.95
      vertex 277 15.5359 7.95
      vertex 277.31 15.3748 7.95
    endloop
  endfacet
  facet normal -0 0 1
    outer loop
      vertex 276.706 22.2766 7.95
      vertex 277 15.5359 7.95
      vertex 277 22.4641 7.95
    endloop
  endfacet
  facet normal 0 0 1
    outer loop
      vertex 276.706 22.2766 7.95
      vertex 276.706 15.7234 7.95
      vertex 277 15.5359 7.95
    endloop
  endfacet
  facet normal -0 0 1
    outer loop
      vertex 276.429 22.0642 7.95
      vertex 276.706 15.7234 7.95
      vertex 276.706 22.2766 7.95
    endloop
  endfacet
  facet normal 0 0 1
    outer loop
      vertex 276.429 22.0642 7.95
      vertex 276.429 15.9358 7.95
      vertex 276.706 15.7234 7.95
    endloop
  endfacet
  facet normal -0 0 1
    outer loop
      vertex 276.172 21.8284 7.95
      vertex 276.429 15.9358 7.95
      vertex 276.429 22.0642 7.95
    endloop
  endfacet
  facet normal 0 0 1
    outer loop
      vertex 276.172 21.8284 7.95
      vertex 276.172 16.1716 7.95
      vertex 276.429 15.9358 7.95
    endloop
  endfacet
  facet normal -0 0 1
    outer loop
      vertex 275.936 21.5711 7.95
      vertex 276.172 16.1716 7.95
      vertex 276.172 21.8284 7.95
    endloop
  endfacet
  facet normal 0 0 1
    outer loop
      vertex 275.936 21.5711 7.95
      vertex 275.936 16.4289 7.95
      vertex 276.172 16.1716 7.95
    endloop
  endfacet
  facet normal -0 0 1
    outer loop
      vertex 275.723 21.2943 7.95
      vertex 275.936 16.4289 7.95
      vertex 275.936 21.5711 7.95
    endloop
  endfacet
  facet normal 0 0 1
    outer loop
      vertex 275.723 21.2943 7.95
      vertex 275.723 16.7057 7.95
      vertex 275.936 16.4289 7.95
    endloop
  endfacet
  facet normal -0 0 1
    outer loop
      vertex 275.536 21 7.95
      vertex 275.723 16.7057 7.95
      vertex 275.723 21.2943 7.95
    endloop
  endfacet
  facet normal 0 0 1
    outer loop
      vertex 275.536 21 7.95
      vertex 275.536 17 7.95
      vertex 275.723 16.7057 7.95
    endloop
  endfacet
  facet normal -0 0 1
    outer loop
      vertex 275.375 20.6905 7.95
      vertex 275.536 17 7.95
      vertex 275.536 21 7.95
    endloop
  endfacet
  facet normal 0 0 1
    outer loop
      vertex 275.375 20.6905 7.95
      vertex 275.375 17.3095 7.95
      vertex 275.536 17 7.95
    endloop
  endfacet
  facet normal -0 0 1
    outer loop
      vertex 275.241 20.3681 7.95
      vertex 275.375 17.3095 7.95
      vertex 275.375 20.6905 7.95
    endloop
  endfacet
  facet normal 0 0 1
    outer loop
      vertex 275.241 20.3681 7.95
      vertex 275.241 17.6319 7.95
      vertex 275.375 17.3095 7.95
    endloop
  endfacet
  facet normal -0 0 1
    outer loop
      vertex 275.136 20.0353 7.95
      vertex 275.241 17.6319 7.95
      vertex 275.241 20.3681 7.95
    endloop
  endfacet
  facet normal 0 0 1
    outer loop
      vertex 275.136 20.0353 7.95
      vertex 275.136 17.9647 7.95
      vertex 275.241 17.6319 7.95
    endloop
  endfacet
  facet normal -0 0 1
    outer loop
      vertex 275.061 19.6946 7.95
      vertex 275.136 17.9647 7.95
      vertex 275.136 20.0353 7.95
    endloop
  endfacet
  facet normal 0 0 1
    outer loop
      vertex 275.061 19.6946 7.95
      vertex 275.061 18.3054 7.95
      vertex 275.136 17.9647 7.95
    endloop
  endfacet
  facet normal -0 0 1
    outer loop
      vertex 275.015 19.3486 7.95
      vertex 275.061 18.3054 7.95
      vertex 275.061 19.6946 7.95
    endloop
  endfacet
  facet normal 0 0 1
    outer loop
      vertex 275.015 19.3486 7.95
      vertex 275.015 18.6514 7.95
      vertex 275.061 18.3054 7.95
    endloop
  endfacet
  facet normal 0 -0 1
    outer loop
      vertex 275.015 18.6514 7.95
      vertex 275.015 19.3486 7.95
      vertex 275 19 7.95
    endloop
  endfacet
  facet normal 0.0429403 0.999078 -0
    outer loop
      vertex 279.349 132.985 3
      vertex 279 133 7.95
      vertex 279.349 132.985 7.95
    endloop
  endfacet
  facet normal 0.0429403 0.999078 0
    outer loop
      vertex 279 133 7.95
      vertex 279.349 132.985 3
      vertex 279 133 3
    endloop
  endfacet
  facet normal 0.991278 0.131788 0
    outer loop
      vertex 282.985 129.349 7.95
      vertex 282.939 129.695 2.95
      vertex 282.939 129.695 7.95
    endloop
  endfacet
  facet normal 0.991278 0.131788 0
    outer loop
      vertex 282.939 129.695 2.95
      vertex 282.985 129.349 7.95
      vertex 282.985 129.349 2.95
    endloop
  endfacet
  facet normal 0.131788 -0.991278 0
    outer loop
      vertex 279.349 125.015 3
      vertex 279.695 125.061 7.95
      vertex 279.349 125.015 7.95
    endloop
  endfacet
  facet normal 0.131788 -0.991278 0
    outer loop
      vertex 279.695 125.061 7.95
      vertex 279.349 125.015 3
      vertex 279.695 125.061 3
    endloop
  endfacet
  facet normal -0.79273 -0.609572 0
    outer loop
      vertex 275.936 126.429 2.95
      vertex 275.723 126.706 7.95
      vertex 275.723 126.706 2.95
    endloop
  endfacet
  facet normal -0.79273 -0.609572 0
    outer loop
      vertex 275.723 126.706 7.95
      vertex 275.936 126.429 2.95
      vertex 275.936 126.429 7.95
    endloop
  endfacet
  facet normal 0.953712 0.30072 0
    outer loop
      vertex 282.864 130.035 7.95
      vertex 282.759 130.368 2.95
      vertex 282.759 130.368 7.95
    endloop
  endfacet
  facet normal 0.953712 0.30072 0
    outer loop
      vertex 282.759 130.368 2.95
      vertex 282.864 130.035 7.95
      vertex 282.864 130.035 2.95
    endloop
  endfacet
  facet normal -0.999078 -0.0429403 0
    outer loop
      vertex 275.015 128.651 2.95
      vertex 275 129 7.95
      vertex 275 129 2.95
    endloop
  endfacet
  facet normal -0.999078 -0.0429403 0
    outer loop
      vertex 275 129 7.95
      vertex 275.015 128.651 2.95
      vertex 275.015 128.651 7.95
    endloop
  endfacet
  facet normal 0.976524 -0.21541 0
    outer loop
      vertex 282.864 127.965 7.95
      vertex 282.939 128.305 2.95
      vertex 282.939 128.305 7.95
    endloop
  endfacet
  facet normal 0.976524 -0.21541 0
    outer loop
      vertex 282.939 128.305 2.95
      vertex 282.864 127.965 7.95
      vertex 282.864 127.965 2.95
    endloop
  endfacet
  facet normal 0.792772 -0.609518 0
    outer loop
      vertex 282.277 126.706 7.95
      vertex 282.124 126.507 3
      vertex 282.277 126.706 2.95
    endloop
  endfacet
  facet normal 0.79273 -0.609572 3.4689e-06
    outer loop
      vertex 282.064 126.429 7.95
      vertex 282.124 126.507 3
      vertex 282.277 126.706 7.95
    endloop
  endfacet
  facet normal 0.792624 -0.609711 0
    outer loop
      vertex 282.124 126.507 3
      vertex 282.064 126.429 7.95
      vertex 282.064 126.429 3
    endloop
  endfacet
  facet normal 0.792772 -0.609518 0
    outer loop
      vertex 282.277 126.706 2.95
      vertex 282.124 126.507 3
      vertex 282.124 126.507 2.95
    endloop
  endfacet
  facet normal 0.999078 0.0429403 0
    outer loop
      vertex 283 129 7.95
      vertex 282.985 129.349 2.95
      vertex 282.985 129.349 7.95
    endloop
  endfacet
  facet normal 0.999078 0.0429403 0
    outer loop
      vertex 282.985 129.349 2.95
      vertex 283 129 7.95
      vertex 283 129 2.95
    endloop
  endfacet
  facet normal 0.923246 -0.384208 0
    outer loop
      vertex 282.625 127.31 7.95
      vertex 282.759 127.632 2.95
      vertex 282.759 127.632 7.95
    endloop
  endfacet
  facet normal 0.923246 -0.384208 0
    outer loop
      vertex 282.759 127.632 2.95
      vertex 282.625 127.31 7.95
      vertex 282.625 127.31 2.95
    endloop
  endfacet
  facet normal 0.30072 -0.953712 0
    outer loop
      vertex 280.035 125.136 3
      vertex 280.368 125.241 7.95
      vertex 280.035 125.136 7.95
    endloop
  endfacet
  facet normal 0.30072 -0.953712 0
    outer loop
      vertex 280.368 125.241 7.95
      vertex 280.035 125.136 3
      vertex 280.368 125.241 3
    endloop
  endfacet
  facet normal 0.976524 0.21541 0
    outer loop
      vertex 282.939 129.695 7.95
      vertex 282.864 130.035 2.95
      vertex 282.864 130.035 7.95
    endloop
  endfacet
  facet normal 0.976524 0.21541 0
    outer loop
      vertex 282.864 130.035 2.95
      vertex 282.939 129.695 7.95
      vertex 282.939 129.695 2.95
    endloop
  endfacet
  facet normal -0.609572 0.79273 0
    outer loop
      vertex 276.706 132.277 3
      vertex 276.429 132.064 7.95
      vertex 276.706 132.277 7.95
    endloop
  endfacet
  facet normal -0.609572 0.79273 0
    outer loop
      vertex 276.429 132.064 7.95
      vertex 276.706 132.277 3
      vertex 276.429 132.064 3
    endloop
  endfacet
  facet normal -0.923246 -0.384208 0
    outer loop
      vertex 275.375 127.31 2.95
      vertex 275.241 127.632 7.95
      vertex 275.241 127.632 2.95
    endloop
  endfacet
  facet normal -0.923246 -0.384208 0
    outer loop
      vertex 275.241 127.632 7.95
      vertex 275.375 127.31 2.95
      vertex 275.375 127.31 7.95
    endloop
  endfacet
  facet normal -0.991278 0.131788 0
    outer loop
      vertex 275.015 129.349 2.95
      vertex 275.061 129.695 7.95
      vertex 275.061 129.695 2.95
    endloop
  endfacet
  facet normal -0.991278 0.131788 0
    outer loop
      vertex 275.061 129.695 7.95
      vertex 275.015 129.349 2.95
      vertex 275.015 129.349 7.95
    endloop
  endfacet
  facet normal -0.84378 0.53669 0
    outer loop
      vertex 275.536 131 2.95
      vertex 275.723 131.294 7.95
      vertex 275.723 131.294 2.95
    endloop
  endfacet
  facet normal -0.84378 0.53669 0
    outer loop
      vertex 275.723 131.294 7.95
      vertex 275.536 131 2.95
      vertex 275.536 131 7.95
    endloop
  endfacet
  facet normal -0.30072 0.953712 0
    outer loop
      vertex 277.965 132.864 3
      vertex 277.632 132.759 7.95
      vertex 277.965 132.864 7.95
    endloop
  endfacet
  facet normal -0.30072 0.953712 0
    outer loop
      vertex 277.632 132.759 7.95
      vertex 277.965 132.864 3
      vertex 277.632 132.759 3
    endloop
  endfacet
  facet normal -0.0429403 -0.999078 0
    outer loop
      vertex 278.651 125.015 3
      vertex 279 125 7.95
      vertex 278.651 125.015 7.95
    endloop
  endfacet
  facet normal -0.0429403 -0.999078 -0
    outer loop
      vertex 279 125 7.95
      vertex 278.651 125.015 3
      vertex 279 125 3
    endloop
  endfacet
  facet normal -0.736559 -0.676373 0
    outer loop
      vertex 276.172 126.172 2.95
      vertex 275.936 126.429 7.95
      vertex 275.936 126.429 2.95
    endloop
  endfacet
  facet normal -0.736559 -0.676373 0
    outer loop
      vertex 275.936 126.429 7.95
      vertex 276.172 126.172 2.95
      vertex 276.172 126.172 7.95
    endloop
  endfacet
  facet normal 0.609572 -0.79273 0
    outer loop
      vertex 281.294 125.723 3
      vertex 281.571 125.936 7.95
      vertex 281.294 125.723 7.95
    endloop
  endfacet
  facet normal 0.609572 -0.79273 0
    outer loop
      vertex 281.571 125.936 7.95
      vertex 281.294 125.723 3
      vertex 281.571 125.936 3
    endloop
  endfacet
  facet normal 0.991278 -0.131788 0
    outer loop
      vertex 282.939 128.305 7.95
      vertex 282.985 128.651 2.95
      vertex 282.985 128.651 7.95
    endloop
  endfacet
  facet normal 0.991278 -0.131788 0
    outer loop
      vertex 282.985 128.651 2.95
      vertex 282.939 128.305 7.95
      vertex 282.939 128.305 2.95
    endloop
  endfacet
  facet normal 0.384208 0.923246 -0
    outer loop
      vertex 280.69 132.625 3
      vertex 280.368 132.759 7.95
      vertex 280.69 132.625 7.95
    endloop
  endfacet
  facet normal 0.384208 0.923246 0
    outer loop
      vertex 280.368 132.759 7.95
      vertex 280.69 132.625 3
      vertex 280.368 132.759 3
    endloop
  endfacet
  facet normal 0.999078 -0.0429403 0
    outer loop
      vertex 282.985 128.651 7.95
      vertex 283 129 2.95
      vertex 283 129 7.95
    endloop
  endfacet
  facet normal 0.999078 -0.0429403 0
    outer loop
      vertex 283 129 2.95
      vertex 282.985 128.651 7.95
      vertex 282.985 128.651 2.95
    endloop
  endfacet
  facet normal -0.53669 0.84378 0
    outer loop
      vertex 277 132.464 3
      vertex 276.706 132.277 7.95
      vertex 277 132.464 7.95
    endloop
  endfacet
  facet normal -0.53669 0.84378 0
    outer loop
      vertex 276.706 132.277 7.95
      vertex 277 132.464 3
      vertex 276.706 132.277 3
    endloop
  endfacet
  facet normal -0.976524 -0.21541 0
    outer loop
      vertex 275.136 127.965 2.95
      vertex 275.061 128.305 7.95
      vertex 275.061 128.305 2.95
    endloop
  endfacet
  facet normal -0.976524 -0.21541 0
    outer loop
      vertex 275.061 128.305 7.95
      vertex 275.136 127.965 2.95
      vertex 275.136 127.965 7.95
    endloop
  endfacet
  facet normal 0.887451 -0.460902 0
    outer loop
      vertex 282.464 127 7.95
      vertex 282.625 127.31 2.95
      vertex 282.625 127.31 7.95
    endloop
  endfacet
  facet normal 0.887451 -0.460902 0
    outer loop
      vertex 282.625 127.31 2.95
      vertex 282.464 127 7.95
      vertex 282.464 127 2.95
    endloop
  endfacet
  facet normal 0.131788 0.991278 -0
    outer loop
      vertex 279.695 132.939 3
      vertex 279.349 132.985 7.95
      vertex 279.695 132.939 7.95
    endloop
  endfacet
  facet normal 0.131788 0.991278 0
    outer loop
      vertex 279.349 132.985 7.95
      vertex 279.695 132.939 3
      vertex 279.349 132.985 3
    endloop
  endfacet
  facet normal 0.923246 0.384208 0
    outer loop
      vertex 282.759 130.368 7.95
      vertex 282.625 130.69 2.95
      vertex 282.625 130.69 7.95
    endloop
  endfacet
  facet normal 0.923246 0.384208 0
    outer loop
      vertex 282.625 130.69 2.95
      vertex 282.759 130.368 7.95
      vertex 282.759 130.368 2.95
    endloop
  endfacet
  facet normal 0.0429403 -0.999078 0
    outer loop
      vertex 279 125 3
      vertex 279.349 125.015 7.95
      vertex 279 125 7.95
    endloop
  endfacet
  facet normal 0.0429403 -0.999078 0
    outer loop
      vertex 279.349 125.015 7.95
      vertex 279 125 3
      vertex 279.349 125.015 3
    endloop
  endfacet
  facet normal 0.736559 -0.676373 0
    outer loop
      vertex 281.828 126.172 7.95
      vertex 282.064 126.429 3
      vertex 282.064 126.429 7.95
    endloop
  endfacet
  facet normal 0.736559 -0.676373 0
    outer loop
      vertex 282.064 126.429 3
      vertex 281.828 126.172 7.95
      vertex 281.828 126.172 3
    endloop
  endfacet
  facet normal 0.609572 0.79273 -0
    outer loop
      vertex 281.571 132.064 3
      vertex 281.294 132.277 7.95
      vertex 281.571 132.064 7.95
    endloop
  endfacet
  facet normal 0.609572 0.79273 0
    outer loop
      vertex 281.294 132.277 7.95
      vertex 281.571 132.064 3
      vertex 281.294 132.277 3
    endloop
  endfacet
  facet normal -0.676373 -0.736559 0
    outer loop
      vertex 276.172 126.172 2.95
      vertex 276.429 125.936 7.95
      vertex 276.172 126.172 7.95
    endloop
  endfacet
  facet normal -0.676373 -0.736559 -0
    outer loop
      vertex 276.429 125.936 7.95
      vertex 276.172 126.172 2.95
      vertex 276.429 125.936 2.95
    endloop
  endfacet
  facet normal 0.21541 0.976524 -0
    outer loop
      vertex 280.035 132.864 3
      vertex 279.695 132.939 7.95
      vertex 280.035 132.864 7.95
    endloop
  endfacet
  facet normal 0.21541 0.976524 0
    outer loop
      vertex 279.695 132.939 7.95
      vertex 280.035 132.864 3
      vertex 279.695 132.939 3
    endloop
  endfacet
  facet normal 0 0 1
    outer loop
      vertex 282.985 129.349 7.95
      vertex 282.985 128.651 7.95
      vertex 283 129 7.95
    endloop
  endfacet
  facet normal 0 0 1
    outer loop
      vertex 282.939 129.695 7.95
      vertex 282.985 128.651 7.95
      vertex 282.985 129.349 7.95
    endloop
  endfacet
  facet normal 0 0 1
    outer loop
      vertex 282.939 129.695 7.95
      vertex 282.939 128.305 7.95
      vertex 282.985 128.651 7.95
    endloop
  endfacet
  facet normal 0 0 1
    outer loop
      vertex 282.864 130.035 7.95
      vertex 282.939 128.305 7.95
      vertex 282.939 129.695 7.95
    endloop
  endfacet
  facet normal 0 0 1
    outer loop
      vertex 282.864 130.035 7.95
      vertex 282.864 127.965 7.95
      vertex 282.939 128.305 7.95
    endloop
  endfacet
  facet normal 0 0 1
    outer loop
      vertex 282.759 130.368 7.95
      vertex 282.864 127.965 7.95
      vertex 282.864 130.035 7.95
    endloop
  endfacet
  facet normal 0 0 1
    outer loop
      vertex 282.759 130.368 7.95
      vertex 282.759 127.632 7.95
      vertex 282.864 127.965 7.95
    endloop
  endfacet
  facet normal 0 0 1
    outer loop
      vertex 282.625 130.69 7.95
      vertex 282.759 127.632 7.95
      vertex 282.759 130.368 7.95
    endloop
  endfacet
  facet normal 0 0 1
    outer loop
      vertex 282.625 130.69 7.95
      vertex 282.625 127.31 7.95
      vertex 282.759 127.632 7.95
    endloop
  endfacet
  facet normal 0 0 1
    outer loop
      vertex 282.464 131 7.95
      vertex 282.625 127.31 7.95
      vertex 282.625 130.69 7.95
    endloop
  endfacet
  facet normal 0 0 1
    outer loop
      vertex 282.464 131 7.95
      vertex 282.464 127 7.95
      vertex 282.625 127.31 7.95
    endloop
  endfacet
  facet normal 0 0 1
    outer loop
      vertex 282.277 131.294 7.95
      vertex 282.464 127 7.95
      vertex 282.464 131 7.95
    endloop
  endfacet
  facet normal 0 0 1
    outer loop
      vertex 282.277 131.294 7.95
      vertex 282.277 126.706 7.95
      vertex 282.464 127 7.95
    endloop
  endfacet
  facet normal 0 0 1
    outer loop
      vertex 282.064 131.571 7.95
      vertex 282.277 126.706 7.95
      vertex 282.277 131.294 7.95
    endloop
  endfacet
  facet normal 0 0 1
    outer loop
      vertex 282.064 131.571 7.95
      vertex 282.064 126.429 7.95
      vertex 282.277 126.706 7.95
    endloop
  endfacet
  facet normal 0 0 1
    outer loop
      vertex 281.828 131.828 7.95
      vertex 282.064 126.429 7.95
      vertex 282.064 131.571 7.95
    endloop
  endfacet
  facet normal 0 0 1
    outer loop
      vertex 281.828 131.828 7.95
      vertex 281.828 126.172 7.95
      vertex 282.064 126.429 7.95
    endloop
  endfacet
  facet normal 0 0 1
    outer loop
      vertex 281.571 132.064 7.95
      vertex 281.828 126.172 7.95
      vertex 281.828 131.828 7.95
    endloop
  endfacet
  facet normal 0 0 1
    outer loop
      vertex 281.571 132.064 7.95
      vertex 281.571 125.936 7.95
      vertex 281.828 126.172 7.95
    endloop
  endfacet
  facet normal 0 0 1
    outer loop
      vertex 281.294 132.277 7.95
      vertex 281.571 125.936 7.95
      vertex 281.571 132.064 7.95
    endloop
  endfacet
  facet normal 0 0 1
    outer loop
      vertex 281.294 132.277 7.95
      vertex 281.294 125.723 7.95
      vertex 281.571 125.936 7.95
    endloop
  endfacet
  facet normal 0 0 1
    outer loop
      vertex 281 132.464 7.95
      vertex 281.294 125.723 7.95
      vertex 281.294 132.277 7.95
    endloop
  endfacet
  facet normal 0 0 1
    outer loop
      vertex 281 132.464 7.95
      vertex 281 125.536 7.95
      vertex 281.294 125.723 7.95
    endloop
  endfacet
  facet normal 0 0 1
    outer loop
      vertex 280.69 132.625 7.95
      vertex 281 125.536 7.95
      vertex 281 132.464 7.95
    endloop
  endfacet
  facet normal 0 0 1
    outer loop
      vertex 280.69 132.625 7.95
      vertex 280.69 125.375 7.95
      vertex 281 125.536 7.95
    endloop
  endfacet
  facet normal 0 0 1
    outer loop
      vertex 280.368 132.759 7.95
      vertex 280.69 125.375 7.95
      vertex 280.69 132.625 7.95
    endloop
  endfacet
  facet normal 0 0 1
    outer loop
      vertex 280.368 132.759 7.95
      vertex 280.368 125.241 7.95
      vertex 280.69 125.375 7.95
    endloop
  endfacet
  facet normal 0 0 1
    outer loop
      vertex 280.035 132.864 7.95
      vertex 280.368 125.241 7.95
      vertex 280.368 132.759 7.95
    endloop
  endfacet
  facet normal 0 0 1
    outer loop
      vertex 280.035 132.864 7.95
      vertex 280.035 125.136 7.95
      vertex 280.368 125.241 7.95
    endloop
  endfacet
  facet normal 0 0 1
    outer loop
      vertex 279.695 132.939 7.95
      vertex 280.035 125.136 7.95
      vertex 280.035 132.864 7.95
    endloop
  endfacet
  facet normal 0 0 1
    outer loop
      vertex 279.695 132.939 7.95
      vertex 279.695 125.061 7.95
      vertex 280.035 125.136 7.95
    endloop
  endfacet
  facet normal 0 0 1
    outer loop
      vertex 279.349 132.985 7.95
      vertex 279.695 125.061 7.95
      vertex 279.695 132.939 7.95
    endloop
  endfacet
  facet normal 0 0 1
    outer loop
      vertex 279.349 132.985 7.95
      vertex 279.349 125.015 7.95
      vertex 279.695 125.061 7.95
    endloop
  endfacet
  facet normal 0 0 1
    outer loop
      vertex 279 133 7.95
      vertex 279.349 125.015 7.95
      vertex 279.349 132.985 7.95
    endloop
  endfacet
  facet normal 0 0 1
    outer loop
      vertex 279 133 7.95
      vertex 279 125 7.95
      vertex 279.349 125.015 7.95
    endloop
  endfacet
  facet normal -0 0 1
    outer loop
      vertex 278.651 132.985 7.95
      vertex 279 125 7.95
      vertex 279 133 7.95
    endloop
  endfacet
  facet normal 0 0 1
    outer loop
      vertex 278.651 132.985 7.95
      vertex 278.651 125.015 7.95
      vertex 279 125 7.95
    endloop
  endfacet
  facet normal -0 0 1
    outer loop
      vertex 278.305 132.939 7.95
      vertex 278.651 125.015 7.95
      vertex 278.651 132.985 7.95
    endloop
  endfacet
  facet normal 0 0 1
    outer loop
      vertex 278.305 132.939 7.95
      vertex 278.305 125.061 7.95
      vertex 278.651 125.015 7.95
    endloop
  endfacet
  facet normal -0 0 1
    outer loop
      vertex 277.965 132.864 7.95
      vertex 278.305 125.061 7.95
      vertex 278.305 132.939 7.95
    endloop
  endfacet
  facet normal 0 0 1
    outer loop
      vertex 277.965 132.864 7.95
      vertex 277.965 125.136 7.95
      vertex 278.305 125.061 7.95
    endloop
  endfacet
  facet normal -0 0 1
    outer loop
      vertex 277.632 132.759 7.95
      vertex 277.965 125.136 7.95
      vertex 277.965 132.864 7.95
    endloop
  endfacet
  facet normal 0 0 1
    outer loop
      vertex 277.632 132.759 7.95
      vertex 277.632 125.241 7.95
      vertex 277.965 125.136 7.95
    endloop
  endfacet
  facet normal -0 0 1
    outer loop
      vertex 277.31 132.625 7.95
      vertex 277.632 125.241 7.95
      vertex 277.632 132.759 7.95
    endloop
  endfacet
  facet normal 0 0 1
    outer loop
      vertex 277.31 132.625 7.95
      vertex 277.31 125.375 7.95
      vertex 277.632 125.241 7.95
    endloop
  endfacet
  facet normal -0 0 1
    outer loop
      vertex 277 132.464 7.95
      vertex 277.31 125.375 7.95
      vertex 277.31 132.625 7.95
    endloop
  endfacet
  facet normal 0 0 1
    outer loop
      vertex 277 132.464 7.95
      vertex 277 125.536 7.95
      vertex 277.31 125.375 7.95
    endloop
  endfacet
  facet normal -0 0 1
    outer loop
      vertex 276.706 132.277 7.95
      vertex 277 125.536 7.95
      vertex 277 132.464 7.95
    endloop
  endfacet
  facet normal 0 0 1
    outer loop
      vertex 276.706 132.277 7.95
      vertex 276.706 125.723 7.95
      vertex 277 125.536 7.95
    endloop
  endfacet
  facet normal -0 0 1
    outer loop
      vertex 276.429 132.064 7.95
      vertex 276.706 125.723 7.95
      vertex 276.706 132.277 7.95
    endloop
  endfacet
  facet normal 0 0 1
    outer loop
      vertex 276.429 132.064 7.95
      vertex 276.429 125.936 7.95
      vertex 276.706 125.723 7.95
    endloop
  endfacet
  facet normal -0 0 1
    outer loop
      vertex 276.172 131.828 7.95
      vertex 276.429 125.936 7.95
      vertex 276.429 132.064 7.95
    endloop
  endfacet
  facet normal 0 0 1
    outer loop
      vertex 276.172 131.828 7.95
      vertex 276.172 126.172 7.95
      vertex 276.429 125.936 7.95
    endloop
  endfacet
  facet normal -0 0 1
    outer loop
      vertex 275.936 131.571 7.95
      vertex 276.172 126.172 7.95
      vertex 276.172 131.828 7.95
    endloop
  endfacet
  facet normal 0 0 1
    outer loop
      vertex 275.936 131.571 7.95
      vertex 275.936 126.429 7.95
      vertex 276.172 126.172 7.95
    endloop
  endfacet
  facet normal -0 0 1
    outer loop
      vertex 275.723 131.294 7.95
      vertex 275.936 126.429 7.95
      vertex 275.936 131.571 7.95
    endloop
  endfacet
  facet normal 0 0 1
    outer loop
      vertex 275.723 131.294 7.95
      vertex 275.723 126.706 7.95
      vertex 275.936 126.429 7.95
    endloop
  endfacet
  facet normal -0 0 1
    outer loop
      vertex 275.536 131 7.95
      vertex 275.723 126.706 7.95
      vertex 275.723 131.294 7.95
    endloop
  endfacet
  facet normal 0 0 1
    outer loop
      vertex 275.536 131 7.95
      vertex 275.536 127 7.95
      vertex 275.723 126.706 7.95
    endloop
  endfacet
  facet normal -0 0 1
    outer loop
      vertex 275.375 130.69 7.95
      vertex 275.536 127 7.95
      vertex 275.536 131 7.95
    endloop
  endfacet
  facet normal 0 0 1
    outer loop
      vertex 275.375 130.69 7.95
      vertex 275.375 127.31 7.95
      vertex 275.536 127 7.95
    endloop
  endfacet
  facet normal -0 0 1
    outer loop
      vertex 275.241 130.368 7.95
      vertex 275.375 127.31 7.95
      vertex 275.375 130.69 7.95
    endloop
  endfacet
  facet normal 0 0 1
    outer loop
      vertex 275.241 130.368 7.95
      vertex 275.241 127.632 7.95
      vertex 275.375 127.31 7.95
    endloop
  endfacet
  facet normal -0 0 1
    outer loop
      vertex 275.136 130.035 7.95
      vertex 275.241 127.632 7.95
      vertex 275.241 130.368 7.95
    endloop
  endfacet
  facet normal 0 0 1
    outer loop
      vertex 275.136 130.035 7.95
      vertex 275.136 127.965 7.95
      vertex 275.241 127.632 7.95
    endloop
  endfacet
  facet normal -0 0 1
    outer loop
      vertex 275.061 129.695 7.95
      vertex 275.136 127.965 7.95
      vertex 275.136 130.035 7.95
    endloop
  endfacet
  facet normal 0 0 1
    outer loop
      vertex 275.061 129.695 7.95
      vertex 275.061 128.305 7.95
      vertex 275.136 127.965 7.95
    endloop
  endfacet
  facet normal -0 0 1
    outer loop
      vertex 275.015 129.349 7.95
      vertex 275.061 128.305 7.95
      vertex 275.061 129.695 7.95
    endloop
  endfacet
  facet normal 0 0 1
    outer loop
      vertex 275.015 129.349 7.95
      vertex 275.015 128.651 7.95
      vertex 275.061 128.305 7.95
    endloop
  endfacet
  facet normal 0 -0 1
    outer loop
      vertex 275.015 128.651 7.95
      vertex 275.015 129.349 7.95
      vertex 275 129 7.95
    endloop
  endfacet
  facet normal 0.887217 0.461353 0
    outer loop
      vertex 282.464 131 7.95
      vertex 282.542 130.85 3
      vertex 282.464 131 3
    endloop
  endfacet
  facet normal 0.887451 0.460902 1.735e-05
    outer loop
      vertex 282.625 130.69 7.95
      vertex 282.542 130.85 3
      vertex 282.464 131 7.95
    endloop
  endfacet
  facet normal 0.887671 0.460479 -0
    outer loop
      vertex 282.625 130.69 2.95
      vertex 282.542 130.85 3
      vertex 282.625 130.69 7.95
    endloop
  endfacet
  facet normal 0.887671 0.460479 0
    outer loop
      vertex 282.542 130.85 3
      vertex 282.625 130.69 2.95
      vertex 282.542 130.85 2.95
    endloop
  endfacet
  facet normal 0.676373 -0.736559 0
    outer loop
      vertex 281.571 125.936 3
      vertex 281.828 126.172 7.95
      vertex 281.571 125.936 7.95
    endloop
  endfacet
  facet normal 0.676373 -0.736559 0
    outer loop
      vertex 281.828 126.172 7.95
      vertex 281.571 125.936 3
      vertex 281.828 126.172 3
    endloop
  endfacet
  facet normal 0.953712 -0.30072 0
    outer loop
      vertex 282.759 127.632 7.95
      vertex 282.864 127.965 2.95
      vertex 282.864 127.965 7.95
    endloop
  endfacet
  facet normal 0.953712 -0.30072 0
    outer loop
      vertex 282.864 127.965 2.95
      vertex 282.759 127.632 7.95
      vertex 282.759 127.632 2.95
    endloop
  endfacet
  facet normal -0.30072 -0.953712 0
    outer loop
      vertex 277.632 125.241 3
      vertex 277.965 125.136 7.95
      vertex 277.632 125.241 7.95
    endloop
  endfacet
  facet normal -0.30072 -0.953712 -0
    outer loop
      vertex 277.965 125.136 7.95
      vertex 277.632 125.241 3
      vertex 277.965 125.136 3
    endloop
  endfacet
  facet normal 0.79273 0.609572 0
    outer loop
      vertex 282.277 131.294 7.95
      vertex 282.064 131.571 3
      vertex 282.064 131.571 7.95
    endloop
  endfacet
  facet normal 0.79273 0.609572 0
    outer loop
      vertex 282.064 131.571 3
      vertex 282.277 131.294 7.95
      vertex 282.277 131.294 3
    endloop
  endfacet
  facet normal -0.991278 -0.131788 0
    outer loop
      vertex 275.061 128.305 2.95
      vertex 275.015 128.651 7.95
      vertex 275.015 128.651 2.95
    endloop
  endfacet
  facet normal -0.991278 -0.131788 0
    outer loop
      vertex 275.015 128.651 7.95
      vertex 275.061 128.305 2.95
      vertex 275.061 128.305 7.95
    endloop
  endfacet
  facet normal -0.460902 0.887451 0
    outer loop
      vertex 277.31 132.625 3
      vertex 277 132.464 7.95
      vertex 277.31 132.625 7.95
    endloop
  endfacet
  facet normal -0.460902 0.887451 0
    outer loop
      vertex 277 132.464 7.95
      vertex 277.31 132.625 3
      vertex 277 132.464 3
    endloop
  endfacet
  facet normal 0.676373 0.736559 -0
    outer loop
      vertex 281.828 131.828 3
      vertex 281.571 132.064 7.95
      vertex 281.828 131.828 7.95
    endloop
  endfacet
  facet normal 0.676373 0.736559 0
    outer loop
      vertex 281.571 132.064 7.95
      vertex 281.828 131.828 3
      vertex 281.571 132.064 3
    endloop
  endfacet
  facet normal 0.460902 0.887451 -0
    outer loop
      vertex 281 132.464 3
      vertex 280.69 132.625 7.95
      vertex 281 132.464 7.95
    endloop
  endfacet
  facet normal 0.460902 0.887451 0
    outer loop
      vertex 280.69 132.625 7.95
      vertex 281 132.464 3
      vertex 280.69 132.625 3
    endloop
  endfacet
  facet normal -0.131788 0.991278 0
    outer loop
      vertex 278.651 132.985 3
      vertex 278.305 132.939 7.95
      vertex 278.651 132.985 7.95
    endloop
  endfacet
  facet normal -0.131788 0.991278 0
    outer loop
      vertex 278.305 132.939 7.95
      vertex 278.651 132.985 3
      vertex 278.305 132.939 3
    endloop
  endfacet
  facet normal -0.999078 0.0429403 0
    outer loop
      vertex 275 129 2.95
      vertex 275.015 129.349 7.95
      vertex 275.015 129.349 2.95
    endloop
  endfacet
  facet normal -0.999078 0.0429403 0
    outer loop
      vertex 275.015 129.349 7.95
      vertex 275 129 2.95
      vertex 275 129 7.95
    endloop
  endfacet
  facet normal 0.53669 0.84378 -0
    outer loop
      vertex 281.294 132.277 3
      vertex 281 132.464 7.95
      vertex 281.294 132.277 7.95
    endloop
  endfacet
  facet normal 0.53669 0.84378 0
    outer loop
      vertex 281 132.464 7.95
      vertex 281.294 132.277 3
      vertex 281 132.464 3
    endloop
  endfacet
  facet normal -0.676373 0.736559 0
    outer loop
      vertex 276.429 132.064 3
      vertex 276.172 131.828 7.95
      vertex 276.429 132.064 7.95
    endloop
  endfacet
  facet normal -0.674821 0.737982 0.000148416
    outer loop
      vertex 276.207 131.861 3
      vertex 276.172 131.828 7.95
      vertex 276.429 132.064 3
    endloop
  endfacet
  facet normal -0.686013 0.727589 0
    outer loop
      vertex 276.172 131.828 2.95
      vertex 276.207 131.861 3
      vertex 276.207 131.861 2.95
    endloop
  endfacet
  facet normal -0.686013 0.727589 0
    outer loop
      vertex 276.207 131.861 3
      vertex 276.172 131.828 2.95
      vertex 276.172 131.828 7.95
    endloop
  endfacet
  facet normal 0.736559 0.676373 0
    outer loop
      vertex 282.064 131.571 7.95
      vertex 281.828 131.828 3
      vertex 281.828 131.828 7.95
    endloop
  endfacet
  facet normal 0.736559 0.676373 0
    outer loop
      vertex 281.828 131.828 3
      vertex 282.064 131.571 7.95
      vertex 282.064 131.571 3
    endloop
  endfacet
  facet normal -0.384208 0.923246 0
    outer loop
      vertex 277.632 132.759 3
      vertex 277.31 132.625 7.95
      vertex 277.632 132.759 7.95
    endloop
  endfacet
  facet normal -0.384208 0.923246 0
    outer loop
      vertex 277.31 132.625 7.95
      vertex 277.632 132.759 3
      vertex 277.31 132.625 3
    endloop
  endfacet
  facet normal -0.21541 -0.976524 0
    outer loop
      vertex 277.965 125.136 3
      vertex 278.305 125.061 7.95
      vertex 277.965 125.136 7.95
    endloop
  endfacet
  facet normal -0.21541 -0.976524 -0
    outer loop
      vertex 278.305 125.061 7.95
      vertex 277.965 125.136 3
      vertex 278.305 125.061 3
    endloop
  endfacet
  facet normal -0.0429403 0.999078 0
    outer loop
      vertex 279 133 3
      vertex 278.651 132.985 7.95
      vertex 279 133 7.95
    endloop
  endfacet
  facet normal -0.0429403 0.999078 0
    outer loop
      vertex 278.651 132.985 7.95
      vertex 279 133 3
      vertex 278.651 132.985 3
    endloop
  endfacet
  facet normal -0.736559 0.676373 0
    outer loop
      vertex 275.936 131.571 2.95
      vertex 276.172 131.828 7.95
      vertex 276.172 131.828 2.95
    endloop
  endfacet
  facet normal -0.736559 0.676373 0
    outer loop
      vertex 276.172 131.828 7.95
      vertex 275.936 131.571 2.95
      vertex 275.936 131.571 7.95
    endloop
  endfacet
  facet normal 0.84378 0.53669 0
    outer loop
      vertex 282.464 131 7.95
      vertex 282.277 131.294 3
      vertex 282.277 131.294 7.95
    endloop
  endfacet
  facet normal 0.84378 0.53669 0
    outer loop
      vertex 282.277 131.294 3
      vertex 282.464 131 7.95
      vertex 282.464 131 3
    endloop
  endfacet
  facet normal -0.79273 0.609572 0
    outer loop
      vertex 275.723 131.294 2.95
      vertex 275.936 131.571 7.95
      vertex 275.936 131.571 2.95
    endloop
  endfacet
  facet normal -0.79273 0.609572 0
    outer loop
      vertex 275.936 131.571 7.95
      vertex 275.723 131.294 2.95
      vertex 275.723 131.294 7.95
    endloop
  endfacet
  facet normal 0.84378 -0.53669 0
    outer loop
      vertex 282.277 126.706 7.95
      vertex 282.464 127 2.95
      vertex 282.464 127 7.95
    endloop
  endfacet
  facet normal 0.84378 -0.53669 0
    outer loop
      vertex 282.464 127 2.95
      vertex 282.277 126.706 7.95
      vertex 282.277 126.706 2.95
    endloop
  endfacet
  facet normal 0.53669 -0.84378 0
    outer loop
      vertex 281 125.536 3
      vertex 281.294 125.723 7.95
      vertex 281 125.536 7.95
    endloop
  endfacet
  facet normal 0.53669 -0.84378 0
    outer loop
      vertex 281.294 125.723 7.95
      vertex 281 125.536 3
      vertex 281.294 125.723 3
    endloop
  endfacet
  facet normal 0.384208 -0.923246 0
    outer loop
      vertex 280.368 125.241 3
      vertex 280.69 125.375 7.95
      vertex 280.368 125.241 7.95
    endloop
  endfacet
  facet normal 0.384208 -0.923246 0
    outer loop
      vertex 280.69 125.375 7.95
      vertex 280.368 125.241 3
      vertex 280.69 125.375 3
    endloop
  endfacet
  facet normal 0.460902 -0.887451 0
    outer loop
      vertex 280.69 125.375 3
      vertex 281 125.536 7.95
      vertex 280.69 125.375 7.95
    endloop
  endfacet
  facet normal 0.460902 -0.887451 0
    outer loop
      vertex 281 125.536 7.95
      vertex 280.69 125.375 3
      vertex 281 125.536 3
    endloop
  endfacet
  facet normal -0.460902 -0.887451 0
    outer loop
      vertex 277 125.536 3
      vertex 277.31 125.375 7.95
      vertex 277 125.536 7.95
    endloop
  endfacet
  facet normal -0.460902 -0.887451 -0
    outer loop
      vertex 277.31 125.375 7.95
      vertex 277 125.536 3
      vertex 277.31 125.375 3
    endloop
  endfacet
  facet normal -0.84378 -0.53669 0
    outer loop
      vertex 275.723 126.706 2.95
      vertex 275.536 127 7.95
      vertex 275.536 127 2.95
    endloop
  endfacet
  facet normal -0.84378 -0.53669 0
    outer loop
      vertex 275.536 127 7.95
      vertex 275.723 126.706 2.95
      vertex 275.723 126.706 7.95
    endloop
  endfacet
  facet normal 0.30072 0.953712 -0
    outer loop
      vertex 280.368 132.759 3
      vertex 280.035 132.864 7.95
      vertex 280.368 132.759 7.95
    endloop
  endfacet
  facet normal 0.30072 0.953712 0
    outer loop
      vertex 280.035 132.864 7.95
      vertex 280.368 132.759 3
      vertex 280.035 132.864 3
    endloop
  endfacet
  facet normal -0.131788 -0.991278 0
    outer loop
      vertex 278.305 125.061 3
      vertex 278.651 125.015 7.95
      vertex 278.305 125.061 7.95
    endloop
  endfacet
  facet normal -0.131788 -0.991278 -0
    outer loop
      vertex 278.651 125.015 7.95
      vertex 278.305 125.061 3
      vertex 278.651 125.015 3
    endloop
  endfacet
  facet normal -0.21541 0.976524 0
    outer loop
      vertex 278.305 132.939 3
      vertex 277.965 132.864 7.95
      vertex 278.305 132.939 7.95
    endloop
  endfacet
  facet normal -0.21541 0.976524 0
    outer loop
      vertex 277.965 132.864 7.95
      vertex 278.305 132.939 3
      vertex 277.965 132.864 3
    endloop
  endfacet
  facet normal 0 0 -1
    outer loop
      vertex 282.036 130.558 2.95
      vertex 283 129 2.95
      vertex 282.985 128.651 2.95
    endloop
  endfacet
  facet normal 0 0 -1
    outer loop
      vertex 282.036 130.558 2.95
      vertex 282.985 128.651 2.95
      vertex 282.939 128.305 2.95
    endloop
  endfacet
  facet normal 0 0 -1
    outer loop
      vertex 283 129 2.95
      vertex 282.036 130.558 2.95
      vertex 282.985 129.349 2.95
    endloop
  endfacet
  facet normal 0 0 -1
    outer loop
      vertex 282.036 130.558 2.95
      vertex 282.939 128.305 2.95
      vertex 282.864 127.965 2.95
    endloop
  endfacet
  facet normal 0 0 -1
    outer loop
      vertex 282.985 129.349 2.95
      vertex 282.036 130.558 2.95
      vertex 282.939 129.695 2.95
    endloop
  endfacet
  facet normal 0 0 -1
    outer loop
      vertex 282.036 130.558 2.95
      vertex 282.864 127.965 2.95
      vertex 282.759 127.632 2.95
    endloop
  endfacet
  facet normal 0 0 -1
    outer loop
      vertex 282.939 129.695 2.95
      vertex 282.036 130.558 2.95
      vertex 282.864 130.035 2.95
    endloop
  endfacet
  facet normal 0 0 -1
    outer loop
      vertex 282.036 126.558 2.95
      vertex 282.759 127.632 2.95
      vertex 282.625 127.31 2.95
    endloop
  endfacet
  facet normal 0 0 -1
    outer loop
      vertex 282.864 130.035 2.95
      vertex 282.036 130.558 2.95
      vertex 282.759 130.368 2.95
    endloop
  endfacet
  facet normal 0 0 -1
    outer loop
      vertex 282.759 130.368 2.95
      vertex 282.036 130.558 2.95
      vertex 282.625 130.69 2.95
    endloop
  endfacet
  facet normal 0 0 -1
    outer loop
      vertex 282.036 126.558 2.95
      vertex 282.625 127.31 2.95
      vertex 282.464 127 2.95
    endloop
  endfacet
  facet normal 0 0 -1
    outer loop
      vertex 282.036 126.558 2.95
      vertex 282.464 127 2.95
      vertex 282.277 126.706 2.95
    endloop
  endfacet
  facet normal 0 0 -1
    outer loop
      vertex 282.036 126.558 2.95
      vertex 282.277 126.706 2.95
      vertex 282.124 126.507 2.95
    endloop
  endfacet
  facet normal -0 0 -1
    outer loop
      vertex 282.759 127.632 2.95
      vertex 282.036 126.558 2.95
      vertex 282.036 130.558 2.95
    endloop
  endfacet
  facet normal -0 0 -1
    outer loop
      vertex 282.625 130.69 2.95
      vertex 282.036 130.558 2.95
      vertex 282.542 130.85 2.95
    endloop
  endfacet
  facet normal 0 0 -1
    outer loop
      vertex 276.706 125.723 2.95
      vertex 278.464 126.558 2.95
      vertex 276.854 125.629 2.95
    endloop
  endfacet
  facet normal 0 0 -1
    outer loop
      vertex 276.429 125.936 2.95
      vertex 278.464 126.558 2.95
      vertex 276.706 125.723 2.95
    endloop
  endfacet
  facet normal 0 0 -1
    outer loop
      vertex 276.172 126.172 2.95
      vertex 278.464 126.558 2.95
      vertex 276.429 125.936 2.95
    endloop
  endfacet
  facet normal 0 0 -1
    outer loop
      vertex 275.936 126.429 2.95
      vertex 278.464 126.558 2.95
      vertex 276.172 126.172 2.95
    endloop
  endfacet
  facet normal 0 0 -1
    outer loop
      vertex 275.723 126.706 2.95
      vertex 278.464 126.558 2.95
      vertex 275.936 126.429 2.95
    endloop
  endfacet
  facet normal 0 0 -1
    outer loop
      vertex 275.536 127 2.95
      vertex 278.464 126.558 2.95
      vertex 275.723 126.706 2.95
    endloop
  endfacet
  facet normal 0 -0 -1
    outer loop
      vertex 276.172 131.828 2.95
      vertex 278.464 130.558 2.95
      vertex 275.936 131.571 2.95
    endloop
  endfacet
  facet normal 0 0 -1
    outer loop
      vertex 278.464 130.558 2.95
      vertex 276.172 131.828 2.95
      vertex 276.207 131.861 2.95
    endloop
  endfacet
  facet normal 0 0 -1
    outer loop
      vertex 275.375 127.31 2.95
      vertex 278.464 126.558 2.95
      vertex 275.536 127 2.95
    endloop
  endfacet
  facet normal 0 0 -1
    outer loop
      vertex 278.464 130.558 2.95
      vertex 275.723 131.294 2.95
      vertex 275.936 131.571 2.95
    endloop
  endfacet
  facet normal 0 0 -1
    outer loop
      vertex 275.241 127.632 2.95
      vertex 278.464 126.558 2.95
      vertex 275.375 127.31 2.95
    endloop
  endfacet
  facet normal 0 0 -1
    outer loop
      vertex 278.464 130.558 2.95
      vertex 275.536 131 2.95
      vertex 275.723 131.294 2.95
    endloop
  endfacet
  facet normal 0 0 -1
    outer loop
      vertex 275.136 127.965 2.95
      vertex 278.464 126.558 2.95
      vertex 275.241 127.632 2.95
    endloop
  endfacet
  facet normal 0 0 -1
    outer loop
      vertex 278.464 130.558 2.95
      vertex 275.375 130.69 2.95
      vertex 275.536 131 2.95
    endloop
  endfacet
  facet normal 0 0 -1
    outer loop
      vertex 278.464 126.558 2.95
      vertex 275.136 127.965 2.95
      vertex 278.464 130.558 2.95
    endloop
  endfacet
  facet normal -0 0 -1
    outer loop
      vertex 278.464 130.558 2.95
      vertex 275.241 130.368 2.95
      vertex 275.375 130.69 2.95
    endloop
  endfacet
  facet normal 0 0 -1
    outer loop
      vertex 275.061 128.305 2.95
      vertex 278.464 130.558 2.95
      vertex 275.136 127.965 2.95
    endloop
  endfacet
  facet normal 0 0 -1
    outer loop
      vertex 278.464 130.558 2.95
      vertex 275.136 130.035 2.95
      vertex 275.241 130.368 2.95
    endloop
  endfacet
  facet normal 0 0 -1
    outer loop
      vertex 275.015 128.651 2.95
      vertex 278.464 130.558 2.95
      vertex 275.061 128.305 2.95
    endloop
  endfacet
  facet normal 0 0 -1
    outer loop
      vertex 278.464 130.558 2.95
      vertex 275.061 129.695 2.95
      vertex 275.136 130.035 2.95
    endloop
  endfacet
  facet normal 0 0 -1
    outer loop
      vertex 275 129 2.95
      vertex 278.464 130.558 2.95
      vertex 275.015 128.651 2.95
    endloop
  endfacet
  facet normal 0 0 -1
    outer loop
      vertex 278.464 130.558 2.95
      vertex 275.015 129.349 2.95
      vertex 275.061 129.695 2.95
    endloop
  endfacet
  facet normal 0 0 -1
    outer loop
      vertex 278.464 130.558 2.95
      vertex 275 129 2.95
      vertex 275.015 129.349 2.95
    endloop
  endfacet
  facet normal -0.953712 0.30072 0
    outer loop
      vertex 275.136 130.035 2.95
      vertex 275.241 130.368 7.95
      vertex 275.241 130.368 2.95
    endloop
  endfacet
  facet normal -0.953712 0.30072 0
    outer loop
      vertex 275.241 130.368 7.95
      vertex 275.136 130.035 2.95
      vertex 275.136 130.035 7.95
    endloop
  endfacet
  facet normal -0.887451 -0.460902 0
    outer loop
      vertex 275.536 127 2.95
      vertex 275.375 127.31 7.95
      vertex 275.375 127.31 2.95
    endloop
  endfacet
  facet normal -0.887451 -0.460902 0
    outer loop
      vertex 275.375 127.31 7.95
      vertex 275.536 127 2.95
      vertex 275.536 127 7.95
    endloop
  endfacet
  facet normal -0.923246 0.384208 0
    outer loop
      vertex 275.241 130.368 2.95
      vertex 275.375 130.69 7.95
      vertex 275.375 130.69 2.95
    endloop
  endfacet
  facet normal -0.923246 0.384208 0
    outer loop
      vertex 275.375 130.69 7.95
      vertex 275.241 130.368 2.95
      vertex 275.241 130.368 7.95
    endloop
  endfacet
  facet normal -0.887451 0.460902 0
    outer loop
      vertex 275.375 130.69 2.95
      vertex 275.536 131 7.95
      vertex 275.536 131 2.95
    endloop
  endfacet
  facet normal -0.887451 0.460902 0
    outer loop
      vertex 275.536 131 7.95
      vertex 275.375 130.69 2.95
      vertex 275.375 130.69 7.95
    endloop
  endfacet
  facet normal -0.384208 -0.923246 0
    outer loop
      vertex 277.31 125.375 3
      vertex 277.632 125.241 7.95
      vertex 277.31 125.375 7.95
    endloop
  endfacet
  facet normal -0.384208 -0.923246 -0
    outer loop
      vertex 277.632 125.241 7.95
      vertex 277.31 125.375 3
      vertex 277.632 125.241 3
    endloop
  endfacet
  facet normal -0.609572 -0.79273 0
    outer loop
      vertex 276.429 125.936 2.95
      vertex 276.706 125.723 7.95
      vertex 276.429 125.936 7.95
    endloop
  endfacet
  facet normal -0.609572 -0.79273 -0
    outer loop
      vertex 276.706 125.723 7.95
      vertex 276.429 125.936 2.95
      vertex 276.706 125.723 2.95
    endloop
  endfacet
  facet normal -0.953712 -0.30072 0
    outer loop
      vertex 275.241 127.632 2.95
      vertex 275.136 127.965 7.95
      vertex 275.136 127.965 2.95
    endloop
  endfacet
  facet normal -0.953712 -0.30072 0
    outer loop
      vertex 275.136 127.965 7.95
      vertex 275.241 127.632 2.95
      vertex 275.241 127.632 7.95
    endloop
  endfacet
  facet normal 0.21541 -0.976524 0
    outer loop
      vertex 279.695 125.061 3
      vertex 280.035 125.136 7.95
      vertex 279.695 125.061 7.95
    endloop
  endfacet
  facet normal 0.21541 -0.976524 0
    outer loop
      vertex 280.035 125.136 7.95
      vertex 279.695 125.061 3
      vertex 280.035 125.136 3
    endloop
  endfacet
  facet normal -0.976524 0.21541 0
    outer loop
      vertex 275.061 129.695 2.95
      vertex 275.136 130.035 7.95
      vertex 275.136 130.035 2.95
    endloop
  endfacet
  facet normal -0.976524 0.21541 0
    outer loop
      vertex 275.136 130.035 7.95
      vertex 275.061 129.695 2.95
      vertex 275.061 129.695 7.95
    endloop
  endfacet
  facet normal -0.53669 -0.84378 -2.31919e-05
    outer loop
      vertex 276.706 125.723 7.95
      vertex 276.854 125.629 3
      vertex 277 125.536 7.95
    endloop
  endfacet
  facet normal -0.536137 -0.844131 0
    outer loop
      vertex 276.706 125.723 2.95
      vertex 276.854 125.629 3
      vertex 276.706 125.723 7.95
    endloop
  endfacet
  facet normal -0.536137 -0.844131 -0
    outer loop
      vertex 276.854 125.629 3
      vertex 276.706 125.723 2.95
      vertex 276.854 125.629 2.95
    endloop
  endfacet
  facet normal -0.537249 -0.843424 -0
    outer loop
      vertex 277 125.536 7.95
      vertex 276.854 125.629 3
      vertex 277 125.536 3
    endloop
  endfacet
  facet normal -1 0 0
    outer loop
      vertex 216 25.2567 0
      vertex 216 10 3
      vertex 216 25.2567 3
    endloop
  endfacet
  facet normal -1 0 0
    outer loop
      vertex 216 7 0
      vertex 216 10 3
      vertex 216 25.2567 0
    endloop
  endfacet
  facet normal -1 0 0
    outer loop
      vertex 216 10 3
      vertex 216 7 0
      vertex 216 7 0.599999
    endloop
  endfacet
  facet normal -1 0 0
    outer loop
      vertex 216 143 0
      vertex 216 140 3
      vertex 216 143 0.599999
    endloop
  endfacet
  facet normal -1 0 0
    outer loop
      vertex 216 136 0
      vertex 216 140 3
      vertex 216 143 0
    endloop
  endfacet
  facet normal -1 -0 0
    outer loop
      vertex 216 140 3
      vertex 216 136 0
      vertex 216 136 3
    endloop
  endfacet
  facet normal -1 0 0
    outer loop
      vertex 216 122.743 0
      vertex 216 134.373 3
      vertex 216 134.373 0
    endloop
  endfacet
  facet normal -1 -0 0
    outer loop
      vertex 216 134.373 3
      vertex 216 122.743 0
      vertex 216 122.743 3
    endloop
  endfacet
  facet normal -1 0 0
    outer loop
      vertex 216 68.1853 0
      vertex 216 79.8147 3
      vertex 216 79.8147 0
    endloop
  endfacet
  facet normal -1 -0 0
    outer loop
      vertex 216 79.8147 3
      vertex 216 68.1853 0
      vertex 216 68.1853 3
    endloop
  endfacet
  facet normal -1 0 0
    outer loop
      vertex 216 86.3713 0
      vertex 216 98.0007 3
      vertex 216 98.0007 0
    endloop
  endfacet
  facet normal -1 -0 0
    outer loop
      vertex 216 98.0007 3
      vertex 216 86.3713 0
      vertex 216 86.3713 3
    endloop
  endfacet
  facet normal -1 0 0
    outer loop
      vertex 216 49.9993 0
      vertex 216 61.6287 3
      vertex 216 61.6287 0
    endloop
  endfacet
  facet normal -1 -0 0
    outer loop
      vertex 216 61.6287 3
      vertex 216 49.9993 0
      vertex 216 49.9993 3
    endloop
  endfacet
  facet normal -1 0 0
    outer loop
      vertex 216 31.8133 0
      vertex 216 43.4427 3
      vertex 216 43.4427 0
    endloop
  endfacet
  facet normal -1 -0 0
    outer loop
      vertex 216 43.4427 3
      vertex 216 31.8133 0
      vertex 216 31.8133 3
    endloop
  endfacet
  facet normal -1 0 0
    outer loop
      vertex 216 104.557 0
      vertex 216 116.187 3
      vertex 216 116.187 0
    endloop
  endfacet
  facet normal -1 -0 0
    outer loop
      vertex 216 116.187 3
      vertex 216 104.557 0
      vertex 216 104.557 3
    endloop
  endfacet
endsolid OpenSCAD_Model
