solid OpenSCAD_Model
  facet normal 0.499991 -0.866031 0
    outer loop
      vertex 20.6455 14 0
      vertex 21.25 14.349 3
      vertex 20.6455 14 3
    endloop
  endfacet
  facet normal 0.499991 -0.866031 0
    outer loop
      vertex 21.25 14.349 3
      vertex 20.6455 14 0
      vertex 21.25 14.349 0
    endloop
  endfacet
  facet normal -0.499991 -0.866031 0
    outer loop
      vertex 21.25 14.349 0
      vertex 21.8545 14 3
      vertex 21.25 14.349 3
    endloop
  endfacet
  facet normal -0.499991 -0.866031 -0
    outer loop
      vertex 21.8545 14 3
      vertex 21.25 14.349 0
      vertex 21.8545 14 0
    endloop
  endfacet
  facet normal 0.499991 -0.866031 0
    outer loop
      vertex 31.1455 14 0
      vertex 31.75 14.349 3
      vertex 31.1455 14 3
    endloop
  endfacet
  facet normal 0.499991 -0.866031 0
    outer loop
      vertex 31.75 14.349 3
      vertex 31.1455 14 0
      vertex 31.75 14.349 0
    endloop
  endfacet
  facet normal -0.499991 -0.866031 0
    outer loop
      vertex 31.75 14.349 0
      vertex 32.3545 14 3
      vertex 31.75 14.349 3
    endloop
  endfacet
  facet normal -0.499991 -0.866031 -0
    outer loop
      vertex 32.3545 14 3
      vertex 31.75 14.349 0
      vertex 32.3545 14 0
    endloop
  endfacet
  facet normal 0.499991 -0.866031 0
    outer loop
      vertex 41.6455 14 0
      vertex 42.25 14.349 3
      vertex 41.6455 14 3
    endloop
  endfacet
  facet normal 0.499991 -0.866031 0
    outer loop
      vertex 42.25 14.349 3
      vertex 41.6455 14 0
      vertex 42.25 14.349 0
    endloop
  endfacet
  facet normal -0.499991 -0.866031 0
    outer loop
      vertex 42.25 14.349 0
      vertex 42.8545 14 3
      vertex 42.25 14.349 3
    endloop
  endfacet
  facet normal -0.499991 -0.866031 -0
    outer loop
      vertex 42.8545 14 3
      vertex 42.25 14.349 0
      vertex 42.8545 14 0
    endloop
  endfacet
  facet normal 0.499991 -0.866031 0
    outer loop
      vertex 52.1455 14 0
      vertex 52.75 14.349 3
      vertex 52.1455 14 3
    endloop
  endfacet
  facet normal 0.499991 -0.866031 0
    outer loop
      vertex 52.75 14.349 3
      vertex 52.1455 14 0
      vertex 52.75 14.349 0
    endloop
  endfacet
  facet normal -0.499991 -0.866031 0
    outer loop
      vertex 52.75 14.349 0
      vertex 53.3545 14 3
      vertex 52.75 14.349 3
    endloop
  endfacet
  facet normal -0.499991 -0.866031 -0
    outer loop
      vertex 53.3545 14 3
      vertex 52.75 14.349 0
      vertex 53.3545 14 0
    endloop
  endfacet
  facet normal 0.499991 -0.866031 0
    outer loop
      vertex 62.6455 14 0
      vertex 63.25 14.349 3
      vertex 62.6455 14 3
    endloop
  endfacet
  facet normal 0.499991 -0.866031 0
    outer loop
      vertex 63.25 14.349 3
      vertex 62.6455 14 0
      vertex 63.25 14.349 0
    endloop
  endfacet
  facet normal -0.499991 -0.866031 0
    outer loop
      vertex 63.25 14.349 0
      vertex 63.8545 14 3
      vertex 63.25 14.349 3
    endloop
  endfacet
  facet normal -0.499991 -0.866031 -0
    outer loop
      vertex 63.8545 14 3
      vertex 63.25 14.349 0
      vertex 63.8545 14 0
    endloop
  endfacet
  facet normal 0.499991 -0.866031 0
    outer loop
      vertex 73.1455 14 0
      vertex 73.75 14.349 3
      vertex 73.1455 14 3
    endloop
  endfacet
  facet normal 0.499991 -0.866031 0
    outer loop
      vertex 73.75 14.349 3
      vertex 73.1455 14 0
      vertex 73.75 14.349 0
    endloop
  endfacet
  facet normal -0.499991 -0.866031 0
    outer loop
      vertex 73.75 14.349 0
      vertex 74.3545 14 3
      vertex 73.75 14.349 3
    endloop
  endfacet
  facet normal -0.499991 -0.866031 -0
    outer loop
      vertex 74.3545 14 3
      vertex 73.75 14.349 0
      vertex 74.3545 14 0
    endloop
  endfacet
  facet normal 0.499991 -0.866031 0
    outer loop
      vertex 83.6455 14 0
      vertex 84.25 14.349 3
      vertex 83.6455 14 3
    endloop
  endfacet
  facet normal 0.499991 -0.866031 0
    outer loop
      vertex 84.25 14.349 3
      vertex 83.6455 14 0
      vertex 84.25 14.349 0
    endloop
  endfacet
  facet normal -0.499991 -0.866031 0
    outer loop
      vertex 84.25 14.349 0
      vertex 84.8545 14 3
      vertex 84.25 14.349 3
    endloop
  endfacet
  facet normal -0.499991 -0.866031 -0
    outer loop
      vertex 84.8545 14 3
      vertex 84.25 14.349 0
      vertex 84.8545 14 0
    endloop
  endfacet
  facet normal 0.499991 -0.866031 0
    outer loop
      vertex 94.1455 14 0
      vertex 94.75 14.349 3
      vertex 94.1455 14 3
    endloop
  endfacet
  facet normal 0.499991 -0.866031 0
    outer loop
      vertex 94.75 14.349 3
      vertex 94.1455 14 0
      vertex 94.75 14.349 0
    endloop
  endfacet
  facet normal -0.499991 -0.866031 0
    outer loop
      vertex 94.75 14.349 0
      vertex 95.3545 14 3
      vertex 94.75 14.349 3
    endloop
  endfacet
  facet normal -0.499991 -0.866031 -0
    outer loop
      vertex 95.3545 14 3
      vertex 94.75 14.349 0
      vertex 95.3545 14 0
    endloop
  endfacet
  facet normal -0.500009 0.86602 0
    outer loop
      vertex 19.4641 17.442 2.95
      vertex 19.4641 17.442 0
      vertex 16.612 15.7953 2.95
    endloop
  endfacet
  facet normal -0.499959 0.866049 0
    outer loop
      vertex 16.612 15.7953 2.95
      vertex 16 15.442 3
      vertex 16.612 15.7953 3
    endloop
  endfacet
  facet normal -0.5 0.866025 1.1311e-05
    outer loop
      vertex 16 15.442 0
      vertex 16.612 15.7953 2.95
      vertex 19.4641 17.442 0
    endloop
  endfacet
  facet normal -0.499959 0.866049 0
    outer loop
      vertex 16.612 15.7953 2.95
      vertex 16 15.442 0
      vertex 16 15.442 3
    endloop
  endfacet
  facet normal -1 0 0
    outer loop
      vertex 19.4641 17.442 0
      vertex 19.4641 21.442 2.95
      vertex 19.4641 21.442 0
    endloop
  endfacet
  facet normal -1 -0 0
    outer loop
      vertex 19.4641 21.442 2.95
      vertex 19.4641 17.442 0
      vertex 19.4641 17.442 2.95
    endloop
  endfacet
  facet normal 0.5 -0.866026 0
    outer loop
      vertex 14 22.2873 0
      vertex 16 23.442 3
      vertex 14 22.2873 3
    endloop
  endfacet
  facet normal 0.5 -0.866026 0
    outer loop
      vertex 16 23.442 3
      vertex 14 22.2873 0
      vertex 16 23.442 0
    endloop
  endfacet
  facet normal -0.499985 -0.866034 0
    outer loop
      vertex 16 23.442 3
      vertex 17.3708 22.6506 2.95
      vertex 17.3708 22.6506 3
    endloop
  endfacet
  facet normal -0.499985 -0.866034 0
    outer loop
      vertex 16 23.442 0
      vertex 17.3708 22.6506 2.95
      vertex 16 23.442 3
    endloop
  endfacet
  facet normal -0.5 -0.866025 9.42882e-06
    outer loop
      vertex 19.4641 21.442 0
      vertex 17.3708 22.6506 2.95
      vertex 16 23.442 0
    endloop
  endfacet
  facet normal -0.50001 -0.86602 0
    outer loop
      vertex 17.3708 22.6506 2.95
      vertex 19.4641 21.442 0
      vertex 19.4641 21.442 2.95
    endloop
  endfacet
  facet normal 0.5 0.866026 -0
    outer loop
      vertex 16 15.442 0
      vertex 14 16.5967 3
      vertex 16 15.442 3
    endloop
  endfacet
  facet normal 0.5 0.866026 0
    outer loop
      vertex 14 16.5967 3
      vertex 16 15.442 0
      vertex 14 16.5967 0
    endloop
  endfacet
  facet normal -0.5 0.866025 0
    outer loop
      vertex 29.9641 17.442 0
      vertex 26.5 15.442 3
      vertex 29.9641 17.442 3
    endloop
  endfacet
  facet normal -0.5 0.866025 0
    outer loop
      vertex 26.5 15.442 3
      vertex 29.9641 17.442 0
      vertex 26.5 15.442 0
    endloop
  endfacet
  facet normal -1 0 0
    outer loop
      vertex 29.9641 17.442 0
      vertex 29.9641 21.442 3
      vertex 29.9641 21.442 0
    endloop
  endfacet
  facet normal -1 -0 0
    outer loop
      vertex 29.9641 21.442 3
      vertex 29.9641 17.442 0
      vertex 29.9641 17.442 3
    endloop
  endfacet
  facet normal 0.5 -0.866025 0
    outer loop
      vertex 23.0359 21.442 0
      vertex 26.5 23.442 3
      vertex 23.0359 21.442 3
    endloop
  endfacet
  facet normal 0.5 -0.866025 0
    outer loop
      vertex 26.5 23.442 3
      vertex 23.0359 21.442 0
      vertex 26.5 23.442 0
    endloop
  endfacet
  facet normal -0.5 -0.866025 0
    outer loop
      vertex 26.5 23.442 0
      vertex 29.9641 21.442 3
      vertex 26.5 23.442 3
    endloop
  endfacet
  facet normal -0.5 -0.866025 -0
    outer loop
      vertex 29.9641 21.442 3
      vertex 26.5 23.442 0
      vertex 29.9641 21.442 0
    endloop
  endfacet
  facet normal 1 -0 0
    outer loop
      vertex 23.0359 17.442 3
      vertex 23.0359 21.442 0
      vertex 23.0359 21.442 3
    endloop
  endfacet
  facet normal 1 0 0
    outer loop
      vertex 23.0359 21.442 0
      vertex 23.0359 17.442 3
      vertex 23.0359 17.442 0
    endloop
  endfacet
  facet normal 0.5 0.866025 -0
    outer loop
      vertex 26.5 15.442 0
      vertex 23.0359 17.442 3
      vertex 26.5 15.442 3
    endloop
  endfacet
  facet normal 0.5 0.866025 0
    outer loop
      vertex 23.0359 17.442 3
      vertex 26.5 15.442 0
      vertex 23.0359 17.442 0
    endloop
  endfacet
  facet normal -0.5 0.866025 0
    outer loop
      vertex 40.4641 17.442 0
      vertex 37 15.442 3
      vertex 40.4641 17.442 3
    endloop
  endfacet
  facet normal -0.5 0.866025 0
    outer loop
      vertex 37 15.442 3
      vertex 40.4641 17.442 0
      vertex 37 15.442 0
    endloop
  endfacet
  facet normal -1 0 0
    outer loop
      vertex 40.4641 17.442 0
      vertex 40.4641 21.442 3
      vertex 40.4641 21.442 0
    endloop
  endfacet
  facet normal -1 -0 0
    outer loop
      vertex 40.4641 21.442 3
      vertex 40.4641 17.442 0
      vertex 40.4641 17.442 3
    endloop
  endfacet
  facet normal 0.5 -0.866025 0
    outer loop
      vertex 33.5359 21.442 0
      vertex 37 23.442 3
      vertex 33.5359 21.442 3
    endloop
  endfacet
  facet normal 0.5 -0.866025 0
    outer loop
      vertex 37 23.442 3
      vertex 33.5359 21.442 0
      vertex 37 23.442 0
    endloop
  endfacet
  facet normal -0.5 -0.866025 0
    outer loop
      vertex 37 23.442 0
      vertex 40.4641 21.442 3
      vertex 37 23.442 3
    endloop
  endfacet
  facet normal -0.5 -0.866025 -0
    outer loop
      vertex 40.4641 21.442 3
      vertex 37 23.442 0
      vertex 40.4641 21.442 0
    endloop
  endfacet
  facet normal 1 -0 0
    outer loop
      vertex 33.5359 17.442 3
      vertex 33.5359 21.442 0
      vertex 33.5359 21.442 3
    endloop
  endfacet
  facet normal 1 0 0
    outer loop
      vertex 33.5359 21.442 0
      vertex 33.5359 17.442 3
      vertex 33.5359 17.442 0
    endloop
  endfacet
  facet normal 0.5 0.866025 -0
    outer loop
      vertex 37 15.442 0
      vertex 33.5359 17.442 3
      vertex 37 15.442 3
    endloop
  endfacet
  facet normal 0.5 0.866025 0
    outer loop
      vertex 33.5359 17.442 3
      vertex 37 15.442 0
      vertex 33.5359 17.442 0
    endloop
  endfacet
  facet normal -0.5 0.866025 0
    outer loop
      vertex 50.9641 17.442 0
      vertex 47.5 15.442 3
      vertex 50.9641 17.442 3
    endloop
  endfacet
  facet normal -0.5 0.866025 0
    outer loop
      vertex 47.5 15.442 3
      vertex 50.9641 17.442 0
      vertex 47.5 15.442 0
    endloop
  endfacet
  facet normal -1 0 0
    outer loop
      vertex 50.9641 17.442 0
      vertex 50.9641 21.442 3
      vertex 50.9641 21.442 0
    endloop
  endfacet
  facet normal -1 -0 0
    outer loop
      vertex 50.9641 21.442 3
      vertex 50.9641 17.442 0
      vertex 50.9641 17.442 3
    endloop
  endfacet
  facet normal 0.5 -0.866025 0
    outer loop
      vertex 44.0359 21.442 0
      vertex 47.5 23.442 3
      vertex 44.0359 21.442 3
    endloop
  endfacet
  facet normal 0.5 -0.866025 0
    outer loop
      vertex 47.5 23.442 3
      vertex 44.0359 21.442 0
      vertex 47.5 23.442 0
    endloop
  endfacet
  facet normal -0.5 -0.866025 0
    outer loop
      vertex 47.5 23.442 0
      vertex 50.9641 21.442 3
      vertex 47.5 23.442 3
    endloop
  endfacet
  facet normal -0.5 -0.866025 -0
    outer loop
      vertex 50.9641 21.442 3
      vertex 47.5 23.442 0
      vertex 50.9641 21.442 0
    endloop
  endfacet
  facet normal 1 -0 0
    outer loop
      vertex 44.0359 17.442 3
      vertex 44.0359 21.442 0
      vertex 44.0359 21.442 3
    endloop
  endfacet
  facet normal 1 0 0
    outer loop
      vertex 44.0359 21.442 0
      vertex 44.0359 17.442 3
      vertex 44.0359 17.442 0
    endloop
  endfacet
  facet normal 0.5 0.866025 -0
    outer loop
      vertex 47.5 15.442 0
      vertex 44.0359 17.442 3
      vertex 47.5 15.442 3
    endloop
  endfacet
  facet normal 0.5 0.866025 0
    outer loop
      vertex 44.0359 17.442 3
      vertex 47.5 15.442 0
      vertex 44.0359 17.442 0
    endloop
  endfacet
  facet normal -0.5 0.866025 0
    outer loop
      vertex 61.4641 17.442 0
      vertex 58 15.442 3
      vertex 61.4641 17.442 3
    endloop
  endfacet
  facet normal -0.5 0.866025 0
    outer loop
      vertex 58 15.442 3
      vertex 61.4641 17.442 0
      vertex 58 15.442 0
    endloop
  endfacet
  facet normal -1 0 0
    outer loop
      vertex 61.4641 17.442 0
      vertex 61.4641 21.442 3
      vertex 61.4641 21.442 0
    endloop
  endfacet
  facet normal -1 -0 0
    outer loop
      vertex 61.4641 21.442 3
      vertex 61.4641 17.442 0
      vertex 61.4641 17.442 3
    endloop
  endfacet
  facet normal 0.5 -0.866025 0
    outer loop
      vertex 54.5359 21.442 0
      vertex 58 23.442 3
      vertex 54.5359 21.442 3
    endloop
  endfacet
  facet normal 0.5 -0.866025 0
    outer loop
      vertex 58 23.442 3
      vertex 54.5359 21.442 0
      vertex 58 23.442 0
    endloop
  endfacet
  facet normal -0.5 -0.866025 0
    outer loop
      vertex 58 23.442 0
      vertex 61.4641 21.442 3
      vertex 58 23.442 3
    endloop
  endfacet
  facet normal -0.5 -0.866025 -0
    outer loop
      vertex 61.4641 21.442 3
      vertex 58 23.442 0
      vertex 61.4641 21.442 0
    endloop
  endfacet
  facet normal 1 -0 0
    outer loop
      vertex 54.5359 17.442 3
      vertex 54.5359 21.442 0
      vertex 54.5359 21.442 3
    endloop
  endfacet
  facet normal 1 0 0
    outer loop
      vertex 54.5359 21.442 0
      vertex 54.5359 17.442 3
      vertex 54.5359 17.442 0
    endloop
  endfacet
  facet normal 0.5 0.866025 -0
    outer loop
      vertex 58 15.442 0
      vertex 54.5359 17.442 3
      vertex 58 15.442 3
    endloop
  endfacet
  facet normal 0.5 0.866025 0
    outer loop
      vertex 54.5359 17.442 3
      vertex 58 15.442 0
      vertex 54.5359 17.442 0
    endloop
  endfacet
  facet normal -0.5 0.866025 0
    outer loop
      vertex 71.9641 17.442 0
      vertex 68.5 15.442 3
      vertex 71.9641 17.442 3
    endloop
  endfacet
  facet normal -0.5 0.866025 0
    outer loop
      vertex 68.5 15.442 3
      vertex 71.9641 17.442 0
      vertex 68.5 15.442 0
    endloop
  endfacet
  facet normal -1 0 0
    outer loop
      vertex 71.9641 17.442 0
      vertex 71.9641 21.442 3
      vertex 71.9641 21.442 0
    endloop
  endfacet
  facet normal -1 -0 0
    outer loop
      vertex 71.9641 21.442 3
      vertex 71.9641 17.442 0
      vertex 71.9641 17.442 3
    endloop
  endfacet
  facet normal 0.5 -0.866025 0
    outer loop
      vertex 65.0359 21.442 0
      vertex 68.5 23.442 3
      vertex 65.0359 21.442 3
    endloop
  endfacet
  facet normal 0.5 -0.866025 0
    outer loop
      vertex 68.5 23.442 3
      vertex 65.0359 21.442 0
      vertex 68.5 23.442 0
    endloop
  endfacet
  facet normal -0.5 -0.866025 0
    outer loop
      vertex 68.5 23.442 0
      vertex 71.9641 21.442 3
      vertex 68.5 23.442 3
    endloop
  endfacet
  facet normal -0.5 -0.866025 -0
    outer loop
      vertex 71.9641 21.442 3
      vertex 68.5 23.442 0
      vertex 71.9641 21.442 0
    endloop
  endfacet
  facet normal 1 -0 0
    outer loop
      vertex 65.0359 17.442 3
      vertex 65.0359 21.442 0
      vertex 65.0359 21.442 3
    endloop
  endfacet
  facet normal 1 0 0
    outer loop
      vertex 65.0359 21.442 0
      vertex 65.0359 17.442 3
      vertex 65.0359 17.442 0
    endloop
  endfacet
  facet normal 0.5 0.866025 -0
    outer loop
      vertex 68.5 15.442 0
      vertex 65.0359 17.442 3
      vertex 68.5 15.442 3
    endloop
  endfacet
  facet normal 0.5 0.866025 0
    outer loop
      vertex 65.0359 17.442 3
      vertex 68.5 15.442 0
      vertex 65.0359 17.442 0
    endloop
  endfacet
  facet normal -0.5 0.866025 0
    outer loop
      vertex 82.4641 17.442 0
      vertex 79 15.442 3
      vertex 82.4641 17.442 3
    endloop
  endfacet
  facet normal -0.5 0.866025 0
    outer loop
      vertex 79 15.442 3
      vertex 82.4641 17.442 0
      vertex 79 15.442 0
    endloop
  endfacet
  facet normal -1 0 0
    outer loop
      vertex 82.4641 17.442 0
      vertex 82.4641 21.442 3
      vertex 82.4641 21.442 0
    endloop
  endfacet
  facet normal -1 -0 0
    outer loop
      vertex 82.4641 21.442 3
      vertex 82.4641 17.442 0
      vertex 82.4641 17.442 3
    endloop
  endfacet
  facet normal 0.5 -0.866025 0
    outer loop
      vertex 75.5359 21.442 0
      vertex 79 23.442 3
      vertex 75.5359 21.442 3
    endloop
  endfacet
  facet normal 0.5 -0.866025 0
    outer loop
      vertex 79 23.442 3
      vertex 75.5359 21.442 0
      vertex 79 23.442 0
    endloop
  endfacet
  facet normal -0.5 -0.866025 0
    outer loop
      vertex 79 23.442 0
      vertex 82.4641 21.442 3
      vertex 79 23.442 3
    endloop
  endfacet
  facet normal -0.5 -0.866025 -0
    outer loop
      vertex 82.4641 21.442 3
      vertex 79 23.442 0
      vertex 82.4641 21.442 0
    endloop
  endfacet
  facet normal 1 -0 0
    outer loop
      vertex 75.5359 17.442 3
      vertex 75.5359 21.442 0
      vertex 75.5359 21.442 3
    endloop
  endfacet
  facet normal 1 0 0
    outer loop
      vertex 75.5359 21.442 0
      vertex 75.5359 17.442 3
      vertex 75.5359 17.442 0
    endloop
  endfacet
  facet normal 0.5 0.866025 -0
    outer loop
      vertex 79 15.442 0
      vertex 75.5359 17.442 3
      vertex 79 15.442 3
    endloop
  endfacet
  facet normal 0.5 0.866025 0
    outer loop
      vertex 75.5359 17.442 3
      vertex 79 15.442 0
      vertex 75.5359 17.442 0
    endloop
  endfacet
  facet normal -0.5 0.866025 0
    outer loop
      vertex 92.9641 17.442 0
      vertex 89.5 15.442 3
      vertex 92.9641 17.442 3
    endloop
  endfacet
  facet normal -0.5 0.866025 0
    outer loop
      vertex 89.5 15.442 3
      vertex 92.9641 17.442 0
      vertex 89.5 15.442 0
    endloop
  endfacet
  facet normal -1 0 0
    outer loop
      vertex 92.9641 17.442 0
      vertex 92.9641 21.442 3
      vertex 92.9641 21.442 0
    endloop
  endfacet
  facet normal -1 -0 0
    outer loop
      vertex 92.9641 21.442 3
      vertex 92.9641 17.442 0
      vertex 92.9641 17.442 3
    endloop
  endfacet
  facet normal 0.5 -0.866025 0
    outer loop
      vertex 86.0359 21.442 0
      vertex 89.5 23.442 3
      vertex 86.0359 21.442 3
    endloop
  endfacet
  facet normal 0.5 -0.866025 0
    outer loop
      vertex 89.5 23.442 3
      vertex 86.0359 21.442 0
      vertex 89.5 23.442 0
    endloop
  endfacet
  facet normal -0.5 -0.866025 0
    outer loop
      vertex 89.5 23.442 0
      vertex 92.9641 21.442 3
      vertex 89.5 23.442 3
    endloop
  endfacet
  facet normal -0.5 -0.866025 -0
    outer loop
      vertex 92.9641 21.442 3
      vertex 89.5 23.442 0
      vertex 92.9641 21.442 0
    endloop
  endfacet
  facet normal 1 -0 0
    outer loop
      vertex 86.0359 17.442 3
      vertex 86.0359 21.442 0
      vertex 86.0359 21.442 3
    endloop
  endfacet
  facet normal 1 0 0
    outer loop
      vertex 86.0359 21.442 0
      vertex 86.0359 17.442 3
      vertex 86.0359 17.442 0
    endloop
  endfacet
  facet normal 0.5 0.866025 -0
    outer loop
      vertex 89.5 15.442 0
      vertex 86.0359 17.442 3
      vertex 89.5 15.442 3
    endloop
  endfacet
  facet normal 0.5 0.866025 0
    outer loop
      vertex 86.0359 17.442 3
      vertex 89.5 15.442 0
      vertex 86.0359 17.442 0
    endloop
  endfacet
  facet normal 0.500001 -0.866025 0
    outer loop
      vertex 96.5359 21.442 0
      vertex 99.7 23.2688 3
      vertex 96.5359 21.442 3
    endloop
  endfacet
  facet normal 0.500001 -0.866025 0
    outer loop
      vertex 99.7 23.2688 3
      vertex 96.5359 21.442 0
      vertex 99.7 23.2688 0
    endloop
  endfacet
  facet normal 1 -0 0
    outer loop
      vertex 96.5359 17.442 3
      vertex 96.5359 21.442 0
      vertex 96.5359 21.442 3
    endloop
  endfacet
  facet normal 1 0 0
    outer loop
      vertex 96.5359 21.442 0
      vertex 96.5359 17.442 3
      vertex 96.5359 17.442 0
    endloop
  endfacet
  facet normal 0.500001 0.866025 -0
    outer loop
      vertex 99.7 15.6152 0
      vertex 96.5359 17.442 3
      vertex 99.7 15.6152 3
    endloop
  endfacet
  facet normal 0.500001 0.866025 0
    outer loop
      vertex 96.5359 17.442 3
      vertex 99.7 15.6152 0
      vertex 96.5359 17.442 0
    endloop
  endfacet
  facet normal -0.499968 0.866044 0
    outer loop
      vertex 14.2141 26.535 0
      vertex 14 26.4114 3
      vertex 14.2141 26.535 3
    endloop
  endfacet
  facet normal -0.499968 0.866044 0
    outer loop
      vertex 14 26.4114 3
      vertex 14.2141 26.535 0
      vertex 14 26.4114 0
    endloop
  endfacet
  facet normal -1 0 0
    outer loop
      vertex 14.2141 26.535 0
      vertex 14.2141 30.535 3
      vertex 14.2141 30.535 0
    endloop
  endfacet
  facet normal -1 -0 0
    outer loop
      vertex 14.2141 30.535 3
      vertex 14.2141 26.535 0
      vertex 14.2141 26.535 3
    endloop
  endfacet
  facet normal -0.499968 -0.866044 0
    outer loop
      vertex 14 30.6586 0
      vertex 14.2141 30.535 3
      vertex 14 30.6586 3
    endloop
  endfacet
  facet normal -0.499968 -0.866044 -0
    outer loop
      vertex 14.2141 30.535 3
      vertex 14 30.6586 0
      vertex 14.2141 30.535 0
    endloop
  endfacet
  facet normal -0.5 0.866025 0
    outer loop
      vertex 24.7141 26.535 0
      vertex 21.25 24.535 3
      vertex 24.7141 26.535 3
    endloop
  endfacet
  facet normal -0.5 0.866025 0
    outer loop
      vertex 21.25 24.535 3
      vertex 24.7141 26.535 0
      vertex 21.25 24.535 0
    endloop
  endfacet
  facet normal -1 0 0
    outer loop
      vertex 24.7141 26.535 0
      vertex 24.7141 30.535 3
      vertex 24.7141 30.535 0
    endloop
  endfacet
  facet normal -1 -0 0
    outer loop
      vertex 24.7141 30.535 3
      vertex 24.7141 26.535 0
      vertex 24.7141 26.535 3
    endloop
  endfacet
  facet normal 0.5 -0.866025 0
    outer loop
      vertex 17.7859 30.535 0
      vertex 21.25 32.535 3
      vertex 17.7859 30.535 3
    endloop
  endfacet
  facet normal 0.5 -0.866025 0
    outer loop
      vertex 21.25 32.535 3
      vertex 17.7859 30.535 0
      vertex 21.25 32.535 0
    endloop
  endfacet
  facet normal -0.5 -0.866025 0
    outer loop
      vertex 21.25 32.535 0
      vertex 24.7141 30.535 3
      vertex 21.25 32.535 3
    endloop
  endfacet
  facet normal -0.5 -0.866025 -0
    outer loop
      vertex 24.7141 30.535 3
      vertex 21.25 32.535 0
      vertex 24.7141 30.535 0
    endloop
  endfacet
  facet normal 1 -0 0
    outer loop
      vertex 17.7859 26.535 3
      vertex 17.7859 30.535 0
      vertex 17.7859 30.535 3
    endloop
  endfacet
  facet normal 1 0 0
    outer loop
      vertex 17.7859 30.535 0
      vertex 17.7859 26.535 3
      vertex 17.7859 26.535 0
    endloop
  endfacet
  facet normal 0.5 0.866025 -0
    outer loop
      vertex 21.25 24.535 0
      vertex 17.7859 26.535 3
      vertex 21.25 24.535 3
    endloop
  endfacet
  facet normal 0.5 0.866025 0
    outer loop
      vertex 17.7859 26.535 3
      vertex 21.25 24.535 0
      vertex 17.7859 26.535 0
    endloop
  endfacet
  facet normal -0.5 0.866025 0
    outer loop
      vertex 35.2141 26.535 0
      vertex 31.75 24.535 3
      vertex 35.2141 26.535 3
    endloop
  endfacet
  facet normal -0.5 0.866025 0
    outer loop
      vertex 31.75 24.535 3
      vertex 35.2141 26.535 0
      vertex 31.75 24.535 0
    endloop
  endfacet
  facet normal -1 0 0
    outer loop
      vertex 35.2141 26.535 0
      vertex 35.2141 30.535 3
      vertex 35.2141 30.535 0
    endloop
  endfacet
  facet normal -1 -0 0
    outer loop
      vertex 35.2141 30.535 3
      vertex 35.2141 26.535 0
      vertex 35.2141 26.535 3
    endloop
  endfacet
  facet normal 0.5 -0.866025 0
    outer loop
      vertex 28.2859 30.535 0
      vertex 31.75 32.535 3
      vertex 28.2859 30.535 3
    endloop
  endfacet
  facet normal 0.5 -0.866025 0
    outer loop
      vertex 31.75 32.535 3
      vertex 28.2859 30.535 0
      vertex 31.75 32.535 0
    endloop
  endfacet
  facet normal -0.5 -0.866025 0
    outer loop
      vertex 31.75 32.535 0
      vertex 35.2141 30.535 3
      vertex 31.75 32.535 3
    endloop
  endfacet
  facet normal -0.5 -0.866025 -0
    outer loop
      vertex 35.2141 30.535 3
      vertex 31.75 32.535 0
      vertex 35.2141 30.535 0
    endloop
  endfacet
  facet normal 1 -0 0
    outer loop
      vertex 28.2859 26.535 3
      vertex 28.2859 30.535 0
      vertex 28.2859 30.535 3
    endloop
  endfacet
  facet normal 1 0 0
    outer loop
      vertex 28.2859 30.535 0
      vertex 28.2859 26.535 3
      vertex 28.2859 26.535 0
    endloop
  endfacet
  facet normal 0.5 0.866025 -0
    outer loop
      vertex 31.75 24.535 0
      vertex 28.2859 26.535 3
      vertex 31.75 24.535 3
    endloop
  endfacet
  facet normal 0.5 0.866025 0
    outer loop
      vertex 28.2859 26.535 3
      vertex 31.75 24.535 0
      vertex 28.2859 26.535 0
    endloop
  endfacet
  facet normal -0.5 0.866025 0
    outer loop
      vertex 45.7141 26.535 0
      vertex 42.25 24.535 3
      vertex 45.7141 26.535 3
    endloop
  endfacet
  facet normal -0.5 0.866025 0
    outer loop
      vertex 42.25 24.535 3
      vertex 45.7141 26.535 0
      vertex 42.25 24.535 0
    endloop
  endfacet
  facet normal -1 0 0
    outer loop
      vertex 45.7141 26.535 0
      vertex 45.7141 30.535 3
      vertex 45.7141 30.535 0
    endloop
  endfacet
  facet normal -1 -0 0
    outer loop
      vertex 45.7141 30.535 3
      vertex 45.7141 26.535 0
      vertex 45.7141 26.535 3
    endloop
  endfacet
  facet normal 0.5 -0.866025 0
    outer loop
      vertex 38.7859 30.535 0
      vertex 42.25 32.535 3
      vertex 38.7859 30.535 3
    endloop
  endfacet
  facet normal 0.5 -0.866025 0
    outer loop
      vertex 42.25 32.535 3
      vertex 38.7859 30.535 0
      vertex 42.25 32.535 0
    endloop
  endfacet
  facet normal -0.5 -0.866025 0
    outer loop
      vertex 42.25 32.535 0
      vertex 45.7141 30.535 3
      vertex 42.25 32.535 3
    endloop
  endfacet
  facet normal -0.5 -0.866025 -0
    outer loop
      vertex 45.7141 30.535 3
      vertex 42.25 32.535 0
      vertex 45.7141 30.535 0
    endloop
  endfacet
  facet normal 1 -0 0
    outer loop
      vertex 38.7859 26.535 3
      vertex 38.7859 30.535 0
      vertex 38.7859 30.535 3
    endloop
  endfacet
  facet normal 1 0 0
    outer loop
      vertex 38.7859 30.535 0
      vertex 38.7859 26.535 3
      vertex 38.7859 26.535 0
    endloop
  endfacet
  facet normal 0.5 0.866025 -0
    outer loop
      vertex 42.25 24.535 0
      vertex 38.7859 26.535 3
      vertex 42.25 24.535 3
    endloop
  endfacet
  facet normal 0.5 0.866025 0
    outer loop
      vertex 38.7859 26.535 3
      vertex 42.25 24.535 0
      vertex 38.7859 26.535 0
    endloop
  endfacet
  facet normal -0.5 0.866025 0
    outer loop
      vertex 56.2141 26.535 0
      vertex 52.75 24.535 3
      vertex 56.2141 26.535 3
    endloop
  endfacet
  facet normal -0.5 0.866025 0
    outer loop
      vertex 52.75 24.535 3
      vertex 56.2141 26.535 0
      vertex 52.75 24.535 0
    endloop
  endfacet
  facet normal -1 0 0
    outer loop
      vertex 56.2141 26.535 0
      vertex 56.2141 30.535 3
      vertex 56.2141 30.535 0
    endloop
  endfacet
  facet normal -1 -0 0
    outer loop
      vertex 56.2141 30.535 3
      vertex 56.2141 26.535 0
      vertex 56.2141 26.535 3
    endloop
  endfacet
  facet normal 0.5 -0.866025 0
    outer loop
      vertex 49.2859 30.535 0
      vertex 52.75 32.535 3
      vertex 49.2859 30.535 3
    endloop
  endfacet
  facet normal 0.5 -0.866025 0
    outer loop
      vertex 52.75 32.535 3
      vertex 49.2859 30.535 0
      vertex 52.75 32.535 0
    endloop
  endfacet
  facet normal -0.5 -0.866025 0
    outer loop
      vertex 52.75 32.535 0
      vertex 56.2141 30.535 3
      vertex 52.75 32.535 3
    endloop
  endfacet
  facet normal -0.5 -0.866025 -0
    outer loop
      vertex 56.2141 30.535 3
      vertex 52.75 32.535 0
      vertex 56.2141 30.535 0
    endloop
  endfacet
  facet normal 1 -0 0
    outer loop
      vertex 49.2859 26.535 3
      vertex 49.2859 30.535 0
      vertex 49.2859 30.535 3
    endloop
  endfacet
  facet normal 1 0 0
    outer loop
      vertex 49.2859 30.535 0
      vertex 49.2859 26.535 3
      vertex 49.2859 26.535 0
    endloop
  endfacet
  facet normal 0.5 0.866025 -0
    outer loop
      vertex 52.75 24.535 0
      vertex 49.2859 26.535 3
      vertex 52.75 24.535 3
    endloop
  endfacet
  facet normal 0.5 0.866025 0
    outer loop
      vertex 49.2859 26.535 3
      vertex 52.75 24.535 0
      vertex 49.2859 26.535 0
    endloop
  endfacet
  facet normal -0.5 0.866025 0
    outer loop
      vertex 66.7141 26.535 0
      vertex 63.25 24.535 3
      vertex 66.7141 26.535 3
    endloop
  endfacet
  facet normal -0.5 0.866025 0
    outer loop
      vertex 63.25 24.535 3
      vertex 66.7141 26.535 0
      vertex 63.25 24.535 0
    endloop
  endfacet
  facet normal -1 0 0
    outer loop
      vertex 66.7141 26.535 0
      vertex 66.7141 30.535 3
      vertex 66.7141 30.535 0
    endloop
  endfacet
  facet normal -1 -0 0
    outer loop
      vertex 66.7141 30.535 3
      vertex 66.7141 26.535 0
      vertex 66.7141 26.535 3
    endloop
  endfacet
  facet normal 0.5 -0.866025 0
    outer loop
      vertex 59.7859 30.535 0
      vertex 63.25 32.535 3
      vertex 59.7859 30.535 3
    endloop
  endfacet
  facet normal 0.5 -0.866025 0
    outer loop
      vertex 63.25 32.535 3
      vertex 59.7859 30.535 0
      vertex 63.25 32.535 0
    endloop
  endfacet
  facet normal -0.5 -0.866025 0
    outer loop
      vertex 63.25 32.535 0
      vertex 66.7141 30.535 3
      vertex 63.25 32.535 3
    endloop
  endfacet
  facet normal -0.5 -0.866025 -0
    outer loop
      vertex 66.7141 30.535 3
      vertex 63.25 32.535 0
      vertex 66.7141 30.535 0
    endloop
  endfacet
  facet normal 1 -0 0
    outer loop
      vertex 59.7859 26.535 3
      vertex 59.7859 30.535 0
      vertex 59.7859 30.535 3
    endloop
  endfacet
  facet normal 1 0 0
    outer loop
      vertex 59.7859 30.535 0
      vertex 59.7859 26.535 3
      vertex 59.7859 26.535 0
    endloop
  endfacet
  facet normal 0.5 0.866025 -0
    outer loop
      vertex 63.25 24.535 0
      vertex 59.7859 26.535 3
      vertex 63.25 24.535 3
    endloop
  endfacet
  facet normal 0.5 0.866025 0
    outer loop
      vertex 59.7859 26.535 3
      vertex 63.25 24.535 0
      vertex 59.7859 26.535 0
    endloop
  endfacet
  facet normal -0.5 0.866025 0
    outer loop
      vertex 77.2141 26.535 0
      vertex 73.75 24.535 3
      vertex 77.2141 26.535 3
    endloop
  endfacet
  facet normal -0.5 0.866025 0
    outer loop
      vertex 73.75 24.535 3
      vertex 77.2141 26.535 0
      vertex 73.75 24.535 0
    endloop
  endfacet
  facet normal -1 0 0
    outer loop
      vertex 77.2141 26.535 0
      vertex 77.2141 30.535 3
      vertex 77.2141 30.535 0
    endloop
  endfacet
  facet normal -1 -0 0
    outer loop
      vertex 77.2141 30.535 3
      vertex 77.2141 26.535 0
      vertex 77.2141 26.535 3
    endloop
  endfacet
  facet normal 0.5 -0.866025 0
    outer loop
      vertex 70.2859 30.535 0
      vertex 73.75 32.535 3
      vertex 70.2859 30.535 3
    endloop
  endfacet
  facet normal 0.5 -0.866025 0
    outer loop
      vertex 73.75 32.535 3
      vertex 70.2859 30.535 0
      vertex 73.75 32.535 0
    endloop
  endfacet
  facet normal -0.5 -0.866025 0
    outer loop
      vertex 73.75 32.535 0
      vertex 77.2141 30.535 3
      vertex 73.75 32.535 3
    endloop
  endfacet
  facet normal -0.5 -0.866025 -0
    outer loop
      vertex 77.2141 30.535 3
      vertex 73.75 32.535 0
      vertex 77.2141 30.535 0
    endloop
  endfacet
  facet normal 1 -0 0
    outer loop
      vertex 70.2859 26.535 3
      vertex 70.2859 30.535 0
      vertex 70.2859 30.535 3
    endloop
  endfacet
  facet normal 1 0 0
    outer loop
      vertex 70.2859 30.535 0
      vertex 70.2859 26.535 3
      vertex 70.2859 26.535 0
    endloop
  endfacet
  facet normal 0.5 0.866025 -0
    outer loop
      vertex 73.75 24.535 0
      vertex 70.2859 26.535 3
      vertex 73.75 24.535 3
    endloop
  endfacet
  facet normal 0.5 0.866025 0
    outer loop
      vertex 70.2859 26.535 3
      vertex 73.75 24.535 0
      vertex 70.2859 26.535 0
    endloop
  endfacet
  facet normal -0.5 0.866025 0
    outer loop
      vertex 87.7141 26.535 0
      vertex 84.25 24.535 3
      vertex 87.7141 26.535 3
    endloop
  endfacet
  facet normal -0.5 0.866025 0
    outer loop
      vertex 84.25 24.535 3
      vertex 87.7141 26.535 0
      vertex 84.25 24.535 0
    endloop
  endfacet
  facet normal -1 0 0
    outer loop
      vertex 87.7141 26.535 0
      vertex 87.7141 30.535 3
      vertex 87.7141 30.535 0
    endloop
  endfacet
  facet normal -1 -0 0
    outer loop
      vertex 87.7141 30.535 3
      vertex 87.7141 26.535 0
      vertex 87.7141 26.535 3
    endloop
  endfacet
  facet normal 0.5 -0.866025 0
    outer loop
      vertex 80.7859 30.535 0
      vertex 84.25 32.535 3
      vertex 80.7859 30.535 3
    endloop
  endfacet
  facet normal 0.5 -0.866025 0
    outer loop
      vertex 84.25 32.535 3
      vertex 80.7859 30.535 0
      vertex 84.25 32.535 0
    endloop
  endfacet
  facet normal -0.5 -0.866025 0
    outer loop
      vertex 84.25 32.535 0
      vertex 87.7141 30.535 3
      vertex 84.25 32.535 3
    endloop
  endfacet
  facet normal -0.5 -0.866025 -0
    outer loop
      vertex 87.7141 30.535 3
      vertex 84.25 32.535 0
      vertex 87.7141 30.535 0
    endloop
  endfacet
  facet normal 1 -0 0
    outer loop
      vertex 80.7859 26.535 3
      vertex 80.7859 30.535 0
      vertex 80.7859 30.535 3
    endloop
  endfacet
  facet normal 1 0 0
    outer loop
      vertex 80.7859 30.535 0
      vertex 80.7859 26.535 3
      vertex 80.7859 26.535 0
    endloop
  endfacet
  facet normal 0.5 0.866025 -0
    outer loop
      vertex 84.25 24.535 0
      vertex 80.7859 26.535 3
      vertex 84.25 24.535 3
    endloop
  endfacet
  facet normal 0.5 0.866025 0
    outer loop
      vertex 80.7859 26.535 3
      vertex 84.25 24.535 0
      vertex 80.7859 26.535 0
    endloop
  endfacet
  facet normal -0.5 0.866025 0
    outer loop
      vertex 98.2141 26.535 0
      vertex 94.75 24.535 3
      vertex 98.2141 26.535 3
    endloop
  endfacet
  facet normal -0.5 0.866025 0
    outer loop
      vertex 94.75 24.535 3
      vertex 98.2141 26.535 0
      vertex 94.75 24.535 0
    endloop
  endfacet
  facet normal -1 0 0
    outer loop
      vertex 98.2141 26.535 0
      vertex 98.2141 30.535 3
      vertex 98.2141 30.535 0
    endloop
  endfacet
  facet normal -1 -0 0
    outer loop
      vertex 98.2141 30.535 3
      vertex 98.2141 26.535 0
      vertex 98.2141 26.535 3
    endloop
  endfacet
  facet normal 0.5 -0.866025 0
    outer loop
      vertex 91.2859 30.535 0
      vertex 94.75 32.535 3
      vertex 91.2859 30.535 3
    endloop
  endfacet
  facet normal 0.5 -0.866025 0
    outer loop
      vertex 94.75 32.535 3
      vertex 91.2859 30.535 0
      vertex 94.75 32.535 0
    endloop
  endfacet
  facet normal -0.5 -0.866025 0
    outer loop
      vertex 94.75 32.535 0
      vertex 98.2141 30.535 3
      vertex 94.75 32.535 3
    endloop
  endfacet
  facet normal -0.5 -0.866025 -0
    outer loop
      vertex 98.2141 30.535 3
      vertex 94.75 32.535 0
      vertex 98.2141 30.535 0
    endloop
  endfacet
  facet normal 1 -0 0
    outer loop
      vertex 91.2859 26.535 3
      vertex 91.2859 30.535 0
      vertex 91.2859 30.535 3
    endloop
  endfacet
  facet normal 1 0 0
    outer loop
      vertex 91.2859 30.535 0
      vertex 91.2859 26.535 3
      vertex 91.2859 26.535 0
    endloop
  endfacet
  facet normal 0.5 0.866025 -0
    outer loop
      vertex 94.75 24.535 0
      vertex 91.2859 26.535 3
      vertex 94.75 24.535 3
    endloop
  endfacet
  facet normal 0.5 0.866025 0
    outer loop
      vertex 91.2859 26.535 3
      vertex 94.75 24.535 0
      vertex 91.2859 26.535 0
    endloop
  endfacet
  facet normal -0.5 0.866025 0
    outer loop
      vertex 19.4641 35.628 0
      vertex 16 33.628 3
      vertex 19.4641 35.628 3
    endloop
  endfacet
  facet normal -0.5 0.866025 0
    outer loop
      vertex 16 33.628 3
      vertex 19.4641 35.628 0
      vertex 16 33.628 0
    endloop
  endfacet
  facet normal -1 0 0
    outer loop
      vertex 19.4641 35.628 0
      vertex 19.4641 39.628 3
      vertex 19.4641 39.628 0
    endloop
  endfacet
  facet normal -1 -0 0
    outer loop
      vertex 19.4641 39.628 3
      vertex 19.4641 35.628 0
      vertex 19.4641 35.628 3
    endloop
  endfacet
  facet normal 0.5 -0.866026 0
    outer loop
      vertex 14 40.4733 0
      vertex 16 41.628 3
      vertex 14 40.4733 3
    endloop
  endfacet
  facet normal 0.5 -0.866026 0
    outer loop
      vertex 16 41.628 3
      vertex 14 40.4733 0
      vertex 16 41.628 0
    endloop
  endfacet
  facet normal -0.5 -0.866025 0
    outer loop
      vertex 16 41.628 0
      vertex 19.4641 39.628 3
      vertex 16 41.628 3
    endloop
  endfacet
  facet normal -0.5 -0.866025 -0
    outer loop
      vertex 19.4641 39.628 3
      vertex 16 41.628 0
      vertex 19.4641 39.628 0
    endloop
  endfacet
  facet normal 0.5 0.866026 -0
    outer loop
      vertex 16 33.628 0
      vertex 14 34.7827 3
      vertex 16 33.628 3
    endloop
  endfacet
  facet normal 0.5 0.866026 0
    outer loop
      vertex 14 34.7827 3
      vertex 16 33.628 0
      vertex 14 34.7827 0
    endloop
  endfacet
  facet normal -0.5 0.866025 0
    outer loop
      vertex 29.9641 35.628 0
      vertex 26.5 33.628 3
      vertex 29.9641 35.628 3
    endloop
  endfacet
  facet normal -0.5 0.866025 0
    outer loop
      vertex 26.5 33.628 3
      vertex 29.9641 35.628 0
      vertex 26.5 33.628 0
    endloop
  endfacet
  facet normal -1 0 0
    outer loop
      vertex 29.9641 35.628 0
      vertex 29.9641 39.628 3
      vertex 29.9641 39.628 0
    endloop
  endfacet
  facet normal -1 -0 0
    outer loop
      vertex 29.9641 39.628 3
      vertex 29.9641 35.628 0
      vertex 29.9641 35.628 3
    endloop
  endfacet
  facet normal 0.5 -0.866025 0
    outer loop
      vertex 23.0359 39.628 0
      vertex 26.5 41.628 3
      vertex 23.0359 39.628 3
    endloop
  endfacet
  facet normal 0.5 -0.866025 0
    outer loop
      vertex 26.5 41.628 3
      vertex 23.0359 39.628 0
      vertex 26.5 41.628 0
    endloop
  endfacet
  facet normal -0.5 -0.866025 0
    outer loop
      vertex 26.5 41.628 0
      vertex 29.9641 39.628 3
      vertex 26.5 41.628 3
    endloop
  endfacet
  facet normal -0.5 -0.866025 -0
    outer loop
      vertex 29.9641 39.628 3
      vertex 26.5 41.628 0
      vertex 29.9641 39.628 0
    endloop
  endfacet
  facet normal 1 -0 0
    outer loop
      vertex 23.0359 35.628 3
      vertex 23.0359 39.628 0
      vertex 23.0359 39.628 3
    endloop
  endfacet
  facet normal 1 0 0
    outer loop
      vertex 23.0359 39.628 0
      vertex 23.0359 35.628 3
      vertex 23.0359 35.628 0
    endloop
  endfacet
  facet normal 0.5 0.866025 -0
    outer loop
      vertex 26.5 33.628 0
      vertex 23.0359 35.628 3
      vertex 26.5 33.628 3
    endloop
  endfacet
  facet normal 0.5 0.866025 0
    outer loop
      vertex 23.0359 35.628 3
      vertex 26.5 33.628 0
      vertex 23.0359 35.628 0
    endloop
  endfacet
  facet normal -0.5 0.866025 0
    outer loop
      vertex 40.4641 35.628 0
      vertex 37 33.628 3
      vertex 40.4641 35.628 3
    endloop
  endfacet
  facet normal -0.5 0.866025 0
    outer loop
      vertex 37 33.628 3
      vertex 40.4641 35.628 0
      vertex 37 33.628 0
    endloop
  endfacet
  facet normal -1 0 0
    outer loop
      vertex 40.4641 35.628 0
      vertex 40.4641 39.628 3
      vertex 40.4641 39.628 0
    endloop
  endfacet
  facet normal -1 -0 0
    outer loop
      vertex 40.4641 39.628 3
      vertex 40.4641 35.628 0
      vertex 40.4641 35.628 3
    endloop
  endfacet
  facet normal 0.5 -0.866025 0
    outer loop
      vertex 33.5359 39.628 0
      vertex 37 41.628 3
      vertex 33.5359 39.628 3
    endloop
  endfacet
  facet normal 0.5 -0.866025 0
    outer loop
      vertex 37 41.628 3
      vertex 33.5359 39.628 0
      vertex 37 41.628 0
    endloop
  endfacet
  facet normal -0.5 -0.866025 0
    outer loop
      vertex 37 41.628 0
      vertex 40.4641 39.628 3
      vertex 37 41.628 3
    endloop
  endfacet
  facet normal -0.5 -0.866025 -0
    outer loop
      vertex 40.4641 39.628 3
      vertex 37 41.628 0
      vertex 40.4641 39.628 0
    endloop
  endfacet
  facet normal 1 -0 0
    outer loop
      vertex 33.5359 35.628 3
      vertex 33.5359 39.628 0
      vertex 33.5359 39.628 3
    endloop
  endfacet
  facet normal 1 0 0
    outer loop
      vertex 33.5359 39.628 0
      vertex 33.5359 35.628 3
      vertex 33.5359 35.628 0
    endloop
  endfacet
  facet normal 0.5 0.866025 -0
    outer loop
      vertex 37 33.628 0
      vertex 33.5359 35.628 3
      vertex 37 33.628 3
    endloop
  endfacet
  facet normal 0.5 0.866025 0
    outer loop
      vertex 33.5359 35.628 3
      vertex 37 33.628 0
      vertex 33.5359 35.628 0
    endloop
  endfacet
  facet normal -0.5 0.866025 0
    outer loop
      vertex 50.9641 35.628 0
      vertex 47.5 33.628 3
      vertex 50.9641 35.628 3
    endloop
  endfacet
  facet normal -0.5 0.866025 0
    outer loop
      vertex 47.5 33.628 3
      vertex 50.9641 35.628 0
      vertex 47.5 33.628 0
    endloop
  endfacet
  facet normal -1 0 0
    outer loop
      vertex 50.9641 35.628 0
      vertex 50.9641 39.628 3
      vertex 50.9641 39.628 0
    endloop
  endfacet
  facet normal -1 -0 0
    outer loop
      vertex 50.9641 39.628 3
      vertex 50.9641 35.628 0
      vertex 50.9641 35.628 3
    endloop
  endfacet
  facet normal 0.5 -0.866025 0
    outer loop
      vertex 44.0359 39.628 0
      vertex 47.5 41.628 3
      vertex 44.0359 39.628 3
    endloop
  endfacet
  facet normal 0.5 -0.866025 0
    outer loop
      vertex 47.5 41.628 3
      vertex 44.0359 39.628 0
      vertex 47.5 41.628 0
    endloop
  endfacet
  facet normal -0.5 -0.866025 0
    outer loop
      vertex 47.5 41.628 0
      vertex 50.9641 39.628 3
      vertex 47.5 41.628 3
    endloop
  endfacet
  facet normal -0.5 -0.866025 -0
    outer loop
      vertex 50.9641 39.628 3
      vertex 47.5 41.628 0
      vertex 50.9641 39.628 0
    endloop
  endfacet
  facet normal 1 -0 0
    outer loop
      vertex 44.0359 35.628 3
      vertex 44.0359 39.628 0
      vertex 44.0359 39.628 3
    endloop
  endfacet
  facet normal 1 0 0
    outer loop
      vertex 44.0359 39.628 0
      vertex 44.0359 35.628 3
      vertex 44.0359 35.628 0
    endloop
  endfacet
  facet normal 0.5 0.866025 -0
    outer loop
      vertex 47.5 33.628 0
      vertex 44.0359 35.628 3
      vertex 47.5 33.628 3
    endloop
  endfacet
  facet normal 0.5 0.866025 0
    outer loop
      vertex 44.0359 35.628 3
      vertex 47.5 33.628 0
      vertex 44.0359 35.628 0
    endloop
  endfacet
  facet normal -0.5 0.866025 0
    outer loop
      vertex 61.4641 35.628 0
      vertex 58 33.628 3
      vertex 61.4641 35.628 3
    endloop
  endfacet
  facet normal -0.5 0.866025 0
    outer loop
      vertex 58 33.628 3
      vertex 61.4641 35.628 0
      vertex 58 33.628 0
    endloop
  endfacet
  facet normal -1 0 0
    outer loop
      vertex 61.4641 35.628 0
      vertex 61.4641 39.628 3
      vertex 61.4641 39.628 0
    endloop
  endfacet
  facet normal -1 -0 0
    outer loop
      vertex 61.4641 39.628 3
      vertex 61.4641 35.628 0
      vertex 61.4641 35.628 3
    endloop
  endfacet
  facet normal 0.5 -0.866025 0
    outer loop
      vertex 54.5359 39.628 0
      vertex 58 41.628 3
      vertex 54.5359 39.628 3
    endloop
  endfacet
  facet normal 0.5 -0.866025 0
    outer loop
      vertex 58 41.628 3
      vertex 54.5359 39.628 0
      vertex 58 41.628 0
    endloop
  endfacet
  facet normal -0.5 -0.866025 0
    outer loop
      vertex 58 41.628 0
      vertex 61.4641 39.628 3
      vertex 58 41.628 3
    endloop
  endfacet
  facet normal -0.5 -0.866025 -0
    outer loop
      vertex 61.4641 39.628 3
      vertex 58 41.628 0
      vertex 61.4641 39.628 0
    endloop
  endfacet
  facet normal 1 -0 0
    outer loop
      vertex 54.5359 35.628 3
      vertex 54.5359 39.628 0
      vertex 54.5359 39.628 3
    endloop
  endfacet
  facet normal 1 0 0
    outer loop
      vertex 54.5359 39.628 0
      vertex 54.5359 35.628 3
      vertex 54.5359 35.628 0
    endloop
  endfacet
  facet normal 0.5 0.866025 -0
    outer loop
      vertex 58 33.628 0
      vertex 54.5359 35.628 3
      vertex 58 33.628 3
    endloop
  endfacet
  facet normal 0.5 0.866025 0
    outer loop
      vertex 54.5359 35.628 3
      vertex 58 33.628 0
      vertex 54.5359 35.628 0
    endloop
  endfacet
  facet normal -0.5 0.866025 0
    outer loop
      vertex 71.9641 35.628 0
      vertex 68.5 33.628 3
      vertex 71.9641 35.628 3
    endloop
  endfacet
  facet normal -0.5 0.866025 0
    outer loop
      vertex 68.5 33.628 3
      vertex 71.9641 35.628 0
      vertex 68.5 33.628 0
    endloop
  endfacet
  facet normal -1 0 0
    outer loop
      vertex 71.9641 35.628 0
      vertex 71.9641 39.628 3
      vertex 71.9641 39.628 0
    endloop
  endfacet
  facet normal -1 -0 0
    outer loop
      vertex 71.9641 39.628 3
      vertex 71.9641 35.628 0
      vertex 71.9641 35.628 3
    endloop
  endfacet
  facet normal 0.5 -0.866025 0
    outer loop
      vertex 65.0359 39.628 0
      vertex 68.5 41.628 3
      vertex 65.0359 39.628 3
    endloop
  endfacet
  facet normal 0.5 -0.866025 0
    outer loop
      vertex 68.5 41.628 3
      vertex 65.0359 39.628 0
      vertex 68.5 41.628 0
    endloop
  endfacet
  facet normal -0.5 -0.866025 0
    outer loop
      vertex 68.5 41.628 0
      vertex 71.9641 39.628 3
      vertex 68.5 41.628 3
    endloop
  endfacet
  facet normal -0.5 -0.866025 -0
    outer loop
      vertex 71.9641 39.628 3
      vertex 68.5 41.628 0
      vertex 71.9641 39.628 0
    endloop
  endfacet
  facet normal 1 -0 0
    outer loop
      vertex 65.0359 35.628 3
      vertex 65.0359 39.628 0
      vertex 65.0359 39.628 3
    endloop
  endfacet
  facet normal 1 0 0
    outer loop
      vertex 65.0359 39.628 0
      vertex 65.0359 35.628 3
      vertex 65.0359 35.628 0
    endloop
  endfacet
  facet normal 0.5 0.866025 -0
    outer loop
      vertex 68.5 33.628 0
      vertex 65.0359 35.628 3
      vertex 68.5 33.628 3
    endloop
  endfacet
  facet normal 0.5 0.866025 0
    outer loop
      vertex 65.0359 35.628 3
      vertex 68.5 33.628 0
      vertex 65.0359 35.628 0
    endloop
  endfacet
  facet normal -0.5 0.866025 0
    outer loop
      vertex 82.4641 35.628 0
      vertex 79 33.628 3
      vertex 82.4641 35.628 3
    endloop
  endfacet
  facet normal -0.5 0.866025 0
    outer loop
      vertex 79 33.628 3
      vertex 82.4641 35.628 0
      vertex 79 33.628 0
    endloop
  endfacet
  facet normal -1 0 0
    outer loop
      vertex 82.4641 35.628 0
      vertex 82.4641 39.628 3
      vertex 82.4641 39.628 0
    endloop
  endfacet
  facet normal -1 -0 0
    outer loop
      vertex 82.4641 39.628 3
      vertex 82.4641 35.628 0
      vertex 82.4641 35.628 3
    endloop
  endfacet
  facet normal 0.5 -0.866025 0
    outer loop
      vertex 75.5359 39.628 0
      vertex 79 41.628 3
      vertex 75.5359 39.628 3
    endloop
  endfacet
  facet normal 0.5 -0.866025 0
    outer loop
      vertex 79 41.628 3
      vertex 75.5359 39.628 0
      vertex 79 41.628 0
    endloop
  endfacet
  facet normal -0.5 -0.866025 0
    outer loop
      vertex 79 41.628 0
      vertex 82.4641 39.628 3
      vertex 79 41.628 3
    endloop
  endfacet
  facet normal -0.5 -0.866025 -0
    outer loop
      vertex 82.4641 39.628 3
      vertex 79 41.628 0
      vertex 82.4641 39.628 0
    endloop
  endfacet
  facet normal 1 -0 0
    outer loop
      vertex 75.5359 35.628 3
      vertex 75.5359 39.628 0
      vertex 75.5359 39.628 3
    endloop
  endfacet
  facet normal 1 0 0
    outer loop
      vertex 75.5359 39.628 0
      vertex 75.5359 35.628 3
      vertex 75.5359 35.628 0
    endloop
  endfacet
  facet normal 0.5 0.866025 -0
    outer loop
      vertex 79 33.628 0
      vertex 75.5359 35.628 3
      vertex 79 33.628 3
    endloop
  endfacet
  facet normal 0.5 0.866025 0
    outer loop
      vertex 75.5359 35.628 3
      vertex 79 33.628 0
      vertex 75.5359 35.628 0
    endloop
  endfacet
  facet normal -0.5 0.866025 0
    outer loop
      vertex 92.9641 35.628 0
      vertex 89.5 33.628 3
      vertex 92.9641 35.628 3
    endloop
  endfacet
  facet normal -0.5 0.866025 0
    outer loop
      vertex 89.5 33.628 3
      vertex 92.9641 35.628 0
      vertex 89.5 33.628 0
    endloop
  endfacet
  facet normal -1 0 0
    outer loop
      vertex 92.9641 35.628 0
      vertex 92.9641 39.628 3
      vertex 92.9641 39.628 0
    endloop
  endfacet
  facet normal -1 -0 0
    outer loop
      vertex 92.9641 39.628 3
      vertex 92.9641 35.628 0
      vertex 92.9641 35.628 3
    endloop
  endfacet
  facet normal 0.5 -0.866025 0
    outer loop
      vertex 86.0359 39.628 0
      vertex 89.5 41.628 3
      vertex 86.0359 39.628 3
    endloop
  endfacet
  facet normal 0.5 -0.866025 0
    outer loop
      vertex 89.5 41.628 3
      vertex 86.0359 39.628 0
      vertex 89.5 41.628 0
    endloop
  endfacet
  facet normal -0.5 -0.866025 0
    outer loop
      vertex 89.5 41.628 0
      vertex 92.9641 39.628 3
      vertex 89.5 41.628 3
    endloop
  endfacet
  facet normal -0.5 -0.866025 -0
    outer loop
      vertex 92.9641 39.628 3
      vertex 89.5 41.628 0
      vertex 92.9641 39.628 0
    endloop
  endfacet
  facet normal 1 -0 0
    outer loop
      vertex 86.0359 35.628 3
      vertex 86.0359 39.628 0
      vertex 86.0359 39.628 3
    endloop
  endfacet
  facet normal 1 0 0
    outer loop
      vertex 86.0359 39.628 0
      vertex 86.0359 35.628 3
      vertex 86.0359 35.628 0
    endloop
  endfacet
  facet normal 0.5 0.866025 -0
    outer loop
      vertex 89.5 33.628 0
      vertex 86.0359 35.628 3
      vertex 89.5 33.628 3
    endloop
  endfacet
  facet normal 0.5 0.866025 0
    outer loop
      vertex 86.0359 35.628 3
      vertex 89.5 33.628 0
      vertex 86.0359 35.628 0
    endloop
  endfacet
  facet normal 0.500001 -0.866025 0
    outer loop
      vertex 96.5359 39.628 0
      vertex 99.7 41.4548 3
      vertex 96.5359 39.628 3
    endloop
  endfacet
  facet normal 0.500001 -0.866025 0
    outer loop
      vertex 99.7 41.4548 3
      vertex 96.5359 39.628 0
      vertex 99.7 41.4548 0
    endloop
  endfacet
  facet normal 1 -0 0
    outer loop
      vertex 96.5359 35.628 3
      vertex 96.5359 39.628 0
      vertex 96.5359 39.628 3
    endloop
  endfacet
  facet normal 1 0 0
    outer loop
      vertex 96.5359 39.628 0
      vertex 96.5359 35.628 3
      vertex 96.5359 35.628 0
    endloop
  endfacet
  facet normal 0.500001 0.866025 -0
    outer loop
      vertex 99.7 33.8012 0
      vertex 96.5359 35.628 3
      vertex 99.7 33.8012 3
    endloop
  endfacet
  facet normal 0.500001 0.866025 0
    outer loop
      vertex 96.5359 35.628 3
      vertex 99.7 33.8012 0
      vertex 96.5359 35.628 0
    endloop
  endfacet
  facet normal -0.499968 0.866044 0
    outer loop
      vertex 14.2141 44.721 0
      vertex 14 44.5974 3
      vertex 14.2141 44.721 3
    endloop
  endfacet
  facet normal -0.499968 0.866044 0
    outer loop
      vertex 14 44.5974 3
      vertex 14.2141 44.721 0
      vertex 14 44.5974 0
    endloop
  endfacet
  facet normal -1 0 0
    outer loop
      vertex 14.2141 44.721 0
      vertex 14.2141 48.721 3
      vertex 14.2141 48.721 0
    endloop
  endfacet
  facet normal -1 -0 0
    outer loop
      vertex 14.2141 48.721 3
      vertex 14.2141 44.721 0
      vertex 14.2141 44.721 3
    endloop
  endfacet
  facet normal -0.499968 -0.866044 0
    outer loop
      vertex 14 48.8446 0
      vertex 14.2141 48.721 3
      vertex 14 48.8446 3
    endloop
  endfacet
  facet normal -0.499968 -0.866044 -0
    outer loop
      vertex 14.2141 48.721 3
      vertex 14 48.8446 0
      vertex 14.2141 48.721 0
    endloop
  endfacet
  facet normal -0.5 0.866025 0
    outer loop
      vertex 24.7141 44.721 0
      vertex 21.25 42.721 3
      vertex 24.7141 44.721 3
    endloop
  endfacet
  facet normal -0.5 0.866025 0
    outer loop
      vertex 21.25 42.721 3
      vertex 24.7141 44.721 0
      vertex 21.25 42.721 0
    endloop
  endfacet
  facet normal -1 0 0
    outer loop
      vertex 24.7141 44.721 0
      vertex 24.7141 48.721 3
      vertex 24.7141 48.721 0
    endloop
  endfacet
  facet normal -1 -0 0
    outer loop
      vertex 24.7141 48.721 3
      vertex 24.7141 44.721 0
      vertex 24.7141 44.721 3
    endloop
  endfacet
  facet normal 0.5 -0.866025 0
    outer loop
      vertex 17.7859 48.721 0
      vertex 21.25 50.721 3
      vertex 17.7859 48.721 3
    endloop
  endfacet
  facet normal 0.5 -0.866025 0
    outer loop
      vertex 21.25 50.721 3
      vertex 17.7859 48.721 0
      vertex 21.25 50.721 0
    endloop
  endfacet
  facet normal -0.5 -0.866025 0
    outer loop
      vertex 21.25 50.721 0
      vertex 24.7141 48.721 3
      vertex 21.25 50.721 3
    endloop
  endfacet
  facet normal -0.5 -0.866025 -0
    outer loop
      vertex 24.7141 48.721 3
      vertex 21.25 50.721 0
      vertex 24.7141 48.721 0
    endloop
  endfacet
  facet normal 1 -0 0
    outer loop
      vertex 17.7859 44.721 3
      vertex 17.7859 48.721 0
      vertex 17.7859 48.721 3
    endloop
  endfacet
  facet normal 1 0 0
    outer loop
      vertex 17.7859 48.721 0
      vertex 17.7859 44.721 3
      vertex 17.7859 44.721 0
    endloop
  endfacet
  facet normal 0.5 0.866025 -0
    outer loop
      vertex 21.25 42.721 0
      vertex 17.7859 44.721 3
      vertex 21.25 42.721 3
    endloop
  endfacet
  facet normal 0.5 0.866025 0
    outer loop
      vertex 17.7859 44.721 3
      vertex 21.25 42.721 0
      vertex 17.7859 44.721 0
    endloop
  endfacet
  facet normal -0.5 0.866025 0
    outer loop
      vertex 35.2141 44.721 0
      vertex 31.75 42.721 3
      vertex 35.2141 44.721 3
    endloop
  endfacet
  facet normal -0.5 0.866025 0
    outer loop
      vertex 31.75 42.721 3
      vertex 35.2141 44.721 0
      vertex 31.75 42.721 0
    endloop
  endfacet
  facet normal -1 0 0
    outer loop
      vertex 35.2141 44.721 0
      vertex 35.2141 48.721 3
      vertex 35.2141 48.721 0
    endloop
  endfacet
  facet normal -1 -0 0
    outer loop
      vertex 35.2141 48.721 3
      vertex 35.2141 44.721 0
      vertex 35.2141 44.721 3
    endloop
  endfacet
  facet normal 0.5 -0.866025 0
    outer loop
      vertex 28.2859 48.721 0
      vertex 31.75 50.721 3
      vertex 28.2859 48.721 3
    endloop
  endfacet
  facet normal 0.5 -0.866025 0
    outer loop
      vertex 31.75 50.721 3
      vertex 28.2859 48.721 0
      vertex 31.75 50.721 0
    endloop
  endfacet
  facet normal -0.5 -0.866025 0
    outer loop
      vertex 31.75 50.721 0
      vertex 35.2141 48.721 3
      vertex 31.75 50.721 3
    endloop
  endfacet
  facet normal -0.5 -0.866025 -0
    outer loop
      vertex 35.2141 48.721 3
      vertex 31.75 50.721 0
      vertex 35.2141 48.721 0
    endloop
  endfacet
  facet normal 1 -0 0
    outer loop
      vertex 28.2859 44.721 3
      vertex 28.2859 48.721 0
      vertex 28.2859 48.721 3
    endloop
  endfacet
  facet normal 1 0 0
    outer loop
      vertex 28.2859 48.721 0
      vertex 28.2859 44.721 3
      vertex 28.2859 44.721 0
    endloop
  endfacet
  facet normal 0.5 0.866025 -0
    outer loop
      vertex 31.75 42.721 0
      vertex 28.2859 44.721 3
      vertex 31.75 42.721 3
    endloop
  endfacet
  facet normal 0.5 0.866025 0
    outer loop
      vertex 28.2859 44.721 3
      vertex 31.75 42.721 0
      vertex 28.2859 44.721 0
    endloop
  endfacet
  facet normal -0.5 0.866025 0
    outer loop
      vertex 45.7141 44.721 0
      vertex 42.25 42.721 3
      vertex 45.7141 44.721 3
    endloop
  endfacet
  facet normal -0.5 0.866025 0
    outer loop
      vertex 42.25 42.721 3
      vertex 45.7141 44.721 0
      vertex 42.25 42.721 0
    endloop
  endfacet
  facet normal -1 0 0
    outer loop
      vertex 45.7141 44.721 0
      vertex 45.7141 48.721 3
      vertex 45.7141 48.721 0
    endloop
  endfacet
  facet normal -1 -0 0
    outer loop
      vertex 45.7141 48.721 3
      vertex 45.7141 44.721 0
      vertex 45.7141 44.721 3
    endloop
  endfacet
  facet normal 0.5 -0.866025 0
    outer loop
      vertex 38.7859 48.721 0
      vertex 42.25 50.721 3
      vertex 38.7859 48.721 3
    endloop
  endfacet
  facet normal 0.5 -0.866025 0
    outer loop
      vertex 42.25 50.721 3
      vertex 38.7859 48.721 0
      vertex 42.25 50.721 0
    endloop
  endfacet
  facet normal -0.5 -0.866025 0
    outer loop
      vertex 42.25 50.721 0
      vertex 45.7141 48.721 3
      vertex 42.25 50.721 3
    endloop
  endfacet
  facet normal -0.5 -0.866025 -0
    outer loop
      vertex 45.7141 48.721 3
      vertex 42.25 50.721 0
      vertex 45.7141 48.721 0
    endloop
  endfacet
  facet normal 1 -0 0
    outer loop
      vertex 38.7859 44.721 3
      vertex 38.7859 48.721 0
      vertex 38.7859 48.721 3
    endloop
  endfacet
  facet normal 1 0 0
    outer loop
      vertex 38.7859 48.721 0
      vertex 38.7859 44.721 3
      vertex 38.7859 44.721 0
    endloop
  endfacet
  facet normal 0.5 0.866025 -0
    outer loop
      vertex 42.25 42.721 0
      vertex 38.7859 44.721 3
      vertex 42.25 42.721 3
    endloop
  endfacet
  facet normal 0.5 0.866025 0
    outer loop
      vertex 38.7859 44.721 3
      vertex 42.25 42.721 0
      vertex 38.7859 44.721 0
    endloop
  endfacet
  facet normal -0.5 0.866025 0
    outer loop
      vertex 56.2141 44.721 0
      vertex 52.75 42.721 3
      vertex 56.2141 44.721 3
    endloop
  endfacet
  facet normal -0.5 0.866025 0
    outer loop
      vertex 52.75 42.721 3
      vertex 56.2141 44.721 0
      vertex 52.75 42.721 0
    endloop
  endfacet
  facet normal -1 0 0
    outer loop
      vertex 56.2141 44.721 0
      vertex 56.2141 48.721 3
      vertex 56.2141 48.721 0
    endloop
  endfacet
  facet normal -1 -0 0
    outer loop
      vertex 56.2141 48.721 3
      vertex 56.2141 44.721 0
      vertex 56.2141 44.721 3
    endloop
  endfacet
  facet normal 0.5 -0.866025 0
    outer loop
      vertex 49.2859 48.721 0
      vertex 52.75 50.721 3
      vertex 49.2859 48.721 3
    endloop
  endfacet
  facet normal 0.5 -0.866025 0
    outer loop
      vertex 52.75 50.721 3
      vertex 49.2859 48.721 0
      vertex 52.75 50.721 0
    endloop
  endfacet
  facet normal -0.5 -0.866025 0
    outer loop
      vertex 52.75 50.721 0
      vertex 56.2141 48.721 3
      vertex 52.75 50.721 3
    endloop
  endfacet
  facet normal -0.5 -0.866025 -0
    outer loop
      vertex 56.2141 48.721 3
      vertex 52.75 50.721 0
      vertex 56.2141 48.721 0
    endloop
  endfacet
  facet normal 1 -0 0
    outer loop
      vertex 49.2859 44.721 3
      vertex 49.2859 48.721 0
      vertex 49.2859 48.721 3
    endloop
  endfacet
  facet normal 1 0 0
    outer loop
      vertex 49.2859 48.721 0
      vertex 49.2859 44.721 3
      vertex 49.2859 44.721 0
    endloop
  endfacet
  facet normal 0.5 0.866025 -0
    outer loop
      vertex 52.75 42.721 0
      vertex 49.2859 44.721 3
      vertex 52.75 42.721 3
    endloop
  endfacet
  facet normal 0.5 0.866025 0
    outer loop
      vertex 49.2859 44.721 3
      vertex 52.75 42.721 0
      vertex 49.2859 44.721 0
    endloop
  endfacet
  facet normal -0.5 0.866025 0
    outer loop
      vertex 66.7141 44.721 0
      vertex 63.25 42.721 3
      vertex 66.7141 44.721 3
    endloop
  endfacet
  facet normal -0.5 0.866025 0
    outer loop
      vertex 63.25 42.721 3
      vertex 66.7141 44.721 0
      vertex 63.25 42.721 0
    endloop
  endfacet
  facet normal -1 0 0
    outer loop
      vertex 66.7141 44.721 0
      vertex 66.7141 48.721 3
      vertex 66.7141 48.721 0
    endloop
  endfacet
  facet normal -1 -0 0
    outer loop
      vertex 66.7141 48.721 3
      vertex 66.7141 44.721 0
      vertex 66.7141 44.721 3
    endloop
  endfacet
  facet normal 0.5 -0.866025 0
    outer loop
      vertex 59.7859 48.721 0
      vertex 63.25 50.721 3
      vertex 59.7859 48.721 3
    endloop
  endfacet
  facet normal 0.5 -0.866025 0
    outer loop
      vertex 63.25 50.721 3
      vertex 59.7859 48.721 0
      vertex 63.25 50.721 0
    endloop
  endfacet
  facet normal -0.5 -0.866025 0
    outer loop
      vertex 63.25 50.721 0
      vertex 66.7141 48.721 3
      vertex 63.25 50.721 3
    endloop
  endfacet
  facet normal -0.5 -0.866025 -0
    outer loop
      vertex 66.7141 48.721 3
      vertex 63.25 50.721 0
      vertex 66.7141 48.721 0
    endloop
  endfacet
  facet normal 1 -0 0
    outer loop
      vertex 59.7859 44.721 3
      vertex 59.7859 48.721 0
      vertex 59.7859 48.721 3
    endloop
  endfacet
  facet normal 1 0 0
    outer loop
      vertex 59.7859 48.721 0
      vertex 59.7859 44.721 3
      vertex 59.7859 44.721 0
    endloop
  endfacet
  facet normal 0.5 0.866025 -0
    outer loop
      vertex 63.25 42.721 0
      vertex 59.7859 44.721 3
      vertex 63.25 42.721 3
    endloop
  endfacet
  facet normal 0.5 0.866025 0
    outer loop
      vertex 59.7859 44.721 3
      vertex 63.25 42.721 0
      vertex 59.7859 44.721 0
    endloop
  endfacet
  facet normal -0.5 0.866025 0
    outer loop
      vertex 77.2141 44.721 0
      vertex 73.75 42.721 3
      vertex 77.2141 44.721 3
    endloop
  endfacet
  facet normal -0.5 0.866025 0
    outer loop
      vertex 73.75 42.721 3
      vertex 77.2141 44.721 0
      vertex 73.75 42.721 0
    endloop
  endfacet
  facet normal -1 0 0
    outer loop
      vertex 77.2141 44.721 0
      vertex 77.2141 48.721 3
      vertex 77.2141 48.721 0
    endloop
  endfacet
  facet normal -1 -0 0
    outer loop
      vertex 77.2141 48.721 3
      vertex 77.2141 44.721 0
      vertex 77.2141 44.721 3
    endloop
  endfacet
  facet normal 0.5 -0.866025 0
    outer loop
      vertex 70.2859 48.721 0
      vertex 73.75 50.721 3
      vertex 70.2859 48.721 3
    endloop
  endfacet
  facet normal 0.5 -0.866025 0
    outer loop
      vertex 73.75 50.721 3
      vertex 70.2859 48.721 0
      vertex 73.75 50.721 0
    endloop
  endfacet
  facet normal -0.5 -0.866025 0
    outer loop
      vertex 73.75 50.721 0
      vertex 77.2141 48.721 3
      vertex 73.75 50.721 3
    endloop
  endfacet
  facet normal -0.5 -0.866025 -0
    outer loop
      vertex 77.2141 48.721 3
      vertex 73.75 50.721 0
      vertex 77.2141 48.721 0
    endloop
  endfacet
  facet normal 1 -0 0
    outer loop
      vertex 70.2859 44.721 3
      vertex 70.2859 48.721 0
      vertex 70.2859 48.721 3
    endloop
  endfacet
  facet normal 1 0 0
    outer loop
      vertex 70.2859 48.721 0
      vertex 70.2859 44.721 3
      vertex 70.2859 44.721 0
    endloop
  endfacet
  facet normal 0.5 0.866025 -0
    outer loop
      vertex 73.75 42.721 0
      vertex 70.2859 44.721 3
      vertex 73.75 42.721 3
    endloop
  endfacet
  facet normal 0.5 0.866025 0
    outer loop
      vertex 70.2859 44.721 3
      vertex 73.75 42.721 0
      vertex 70.2859 44.721 0
    endloop
  endfacet
  facet normal -0.5 0.866025 0
    outer loop
      vertex 87.7141 44.721 0
      vertex 84.25 42.721 3
      vertex 87.7141 44.721 3
    endloop
  endfacet
  facet normal -0.5 0.866025 0
    outer loop
      vertex 84.25 42.721 3
      vertex 87.7141 44.721 0
      vertex 84.25 42.721 0
    endloop
  endfacet
  facet normal -1 0 0
    outer loop
      vertex 87.7141 44.721 0
      vertex 87.7141 48.721 3
      vertex 87.7141 48.721 0
    endloop
  endfacet
  facet normal -1 -0 0
    outer loop
      vertex 87.7141 48.721 3
      vertex 87.7141 44.721 0
      vertex 87.7141 44.721 3
    endloop
  endfacet
  facet normal 0.5 -0.866025 0
    outer loop
      vertex 80.7859 48.721 0
      vertex 84.25 50.721 3
      vertex 80.7859 48.721 3
    endloop
  endfacet
  facet normal 0.5 -0.866025 0
    outer loop
      vertex 84.25 50.721 3
      vertex 80.7859 48.721 0
      vertex 84.25 50.721 0
    endloop
  endfacet
  facet normal -0.5 -0.866025 0
    outer loop
      vertex 84.25 50.721 0
      vertex 87.7141 48.721 3
      vertex 84.25 50.721 3
    endloop
  endfacet
  facet normal -0.5 -0.866025 -0
    outer loop
      vertex 87.7141 48.721 3
      vertex 84.25 50.721 0
      vertex 87.7141 48.721 0
    endloop
  endfacet
  facet normal 1 -0 0
    outer loop
      vertex 80.7859 44.721 3
      vertex 80.7859 48.721 0
      vertex 80.7859 48.721 3
    endloop
  endfacet
  facet normal 1 0 0
    outer loop
      vertex 80.7859 48.721 0
      vertex 80.7859 44.721 3
      vertex 80.7859 44.721 0
    endloop
  endfacet
  facet normal 0.5 0.866025 -0
    outer loop
      vertex 84.25 42.721 0
      vertex 80.7859 44.721 3
      vertex 84.25 42.721 3
    endloop
  endfacet
  facet normal 0.5 0.866025 0
    outer loop
      vertex 80.7859 44.721 3
      vertex 84.25 42.721 0
      vertex 80.7859 44.721 0
    endloop
  endfacet
  facet normal -0.5 0.866025 0
    outer loop
      vertex 98.2141 44.721 0
      vertex 94.75 42.721 3
      vertex 98.2141 44.721 3
    endloop
  endfacet
  facet normal -0.5 0.866025 0
    outer loop
      vertex 94.75 42.721 3
      vertex 98.2141 44.721 0
      vertex 94.75 42.721 0
    endloop
  endfacet
  facet normal -1 0 0
    outer loop
      vertex 98.2141 44.721 0
      vertex 98.2141 48.721 3
      vertex 98.2141 48.721 0
    endloop
  endfacet
  facet normal -1 -0 0
    outer loop
      vertex 98.2141 48.721 3
      vertex 98.2141 44.721 0
      vertex 98.2141 44.721 3
    endloop
  endfacet
  facet normal 0.5 -0.866025 0
    outer loop
      vertex 91.2859 48.721 0
      vertex 94.75 50.721 3
      vertex 91.2859 48.721 3
    endloop
  endfacet
  facet normal 0.5 -0.866025 0
    outer loop
      vertex 94.75 50.721 3
      vertex 91.2859 48.721 0
      vertex 94.75 50.721 0
    endloop
  endfacet
  facet normal -0.5 -0.866025 0
    outer loop
      vertex 94.75 50.721 0
      vertex 98.2141 48.721 3
      vertex 94.75 50.721 3
    endloop
  endfacet
  facet normal -0.5 -0.866025 -0
    outer loop
      vertex 98.2141 48.721 3
      vertex 94.75 50.721 0
      vertex 98.2141 48.721 0
    endloop
  endfacet
  facet normal 1 -0 0
    outer loop
      vertex 91.2859 44.721 3
      vertex 91.2859 48.721 0
      vertex 91.2859 48.721 3
    endloop
  endfacet
  facet normal 1 0 0
    outer loop
      vertex 91.2859 48.721 0
      vertex 91.2859 44.721 3
      vertex 91.2859 44.721 0
    endloop
  endfacet
  facet normal 0.5 0.866025 -0
    outer loop
      vertex 94.75 42.721 0
      vertex 91.2859 44.721 3
      vertex 94.75 42.721 3
    endloop
  endfacet
  facet normal 0.5 0.866025 0
    outer loop
      vertex 91.2859 44.721 3
      vertex 94.75 42.721 0
      vertex 91.2859 44.721 0
    endloop
  endfacet
  facet normal -0.5 0.866025 0
    outer loop
      vertex 19.4641 53.814 0
      vertex 16 51.814 3
      vertex 19.4641 53.814 3
    endloop
  endfacet
  facet normal -0.5 0.866025 0
    outer loop
      vertex 16 51.814 3
      vertex 19.4641 53.814 0
      vertex 16 51.814 0
    endloop
  endfacet
  facet normal -1 0 0
    outer loop
      vertex 19.4641 53.814 0
      vertex 19.4641 57.814 3
      vertex 19.4641 57.814 0
    endloop
  endfacet
  facet normal -1 -0 0
    outer loop
      vertex 19.4641 57.814 3
      vertex 19.4641 53.814 0
      vertex 19.4641 53.814 3
    endloop
  endfacet
  facet normal 0.5 -0.866026 0
    outer loop
      vertex 14 58.6593 0
      vertex 16 59.814 3
      vertex 14 58.6593 3
    endloop
  endfacet
  facet normal 0.5 -0.866026 0
    outer loop
      vertex 16 59.814 3
      vertex 14 58.6593 0
      vertex 16 59.814 0
    endloop
  endfacet
  facet normal -0.5 -0.866025 0
    outer loop
      vertex 16 59.814 0
      vertex 19.4641 57.814 3
      vertex 16 59.814 3
    endloop
  endfacet
  facet normal -0.5 -0.866025 -0
    outer loop
      vertex 19.4641 57.814 3
      vertex 16 59.814 0
      vertex 19.4641 57.814 0
    endloop
  endfacet
  facet normal 0.5 0.866026 -0
    outer loop
      vertex 16 51.814 0
      vertex 14 52.9687 3
      vertex 16 51.814 3
    endloop
  endfacet
  facet normal 0.5 0.866026 0
    outer loop
      vertex 14 52.9687 3
      vertex 16 51.814 0
      vertex 14 52.9687 0
    endloop
  endfacet
  facet normal -0.5 0.866025 0
    outer loop
      vertex 29.9641 53.814 0
      vertex 26.5 51.814 3
      vertex 29.9641 53.814 3
    endloop
  endfacet
  facet normal -0.5 0.866025 0
    outer loop
      vertex 26.5 51.814 3
      vertex 29.9641 53.814 0
      vertex 26.5 51.814 0
    endloop
  endfacet
  facet normal -1 0 0
    outer loop
      vertex 29.9641 53.814 0
      vertex 29.9641 57.814 3
      vertex 29.9641 57.814 0
    endloop
  endfacet
  facet normal -1 -0 0
    outer loop
      vertex 29.9641 57.814 3
      vertex 29.9641 53.814 0
      vertex 29.9641 53.814 3
    endloop
  endfacet
  facet normal 0.5 -0.866025 0
    outer loop
      vertex 23.0359 57.814 0
      vertex 26.5 59.814 3
      vertex 23.0359 57.814 3
    endloop
  endfacet
  facet normal 0.5 -0.866025 0
    outer loop
      vertex 26.5 59.814 3
      vertex 23.0359 57.814 0
      vertex 26.5 59.814 0
    endloop
  endfacet
  facet normal -0.5 -0.866025 0
    outer loop
      vertex 26.5 59.814 0
      vertex 29.9641 57.814 3
      vertex 26.5 59.814 3
    endloop
  endfacet
  facet normal -0.5 -0.866025 -0
    outer loop
      vertex 29.9641 57.814 3
      vertex 26.5 59.814 0
      vertex 29.9641 57.814 0
    endloop
  endfacet
  facet normal 1 -0 0
    outer loop
      vertex 23.0359 53.814 3
      vertex 23.0359 57.814 0
      vertex 23.0359 57.814 3
    endloop
  endfacet
  facet normal 1 0 0
    outer loop
      vertex 23.0359 57.814 0
      vertex 23.0359 53.814 3
      vertex 23.0359 53.814 0
    endloop
  endfacet
  facet normal 0.5 0.866025 -0
    outer loop
      vertex 26.5 51.814 0
      vertex 23.0359 53.814 3
      vertex 26.5 51.814 3
    endloop
  endfacet
  facet normal 0.5 0.866025 0
    outer loop
      vertex 23.0359 53.814 3
      vertex 26.5 51.814 0
      vertex 23.0359 53.814 0
    endloop
  endfacet
  facet normal -0.5 0.866025 0
    outer loop
      vertex 40.4641 53.814 0
      vertex 37 51.814 3
      vertex 40.4641 53.814 3
    endloop
  endfacet
  facet normal -0.5 0.866025 0
    outer loop
      vertex 37 51.814 3
      vertex 40.4641 53.814 0
      vertex 37 51.814 0
    endloop
  endfacet
  facet normal -1 0 0
    outer loop
      vertex 40.4641 53.814 0
      vertex 40.4641 57.814 3
      vertex 40.4641 57.814 0
    endloop
  endfacet
  facet normal -1 -0 0
    outer loop
      vertex 40.4641 57.814 3
      vertex 40.4641 53.814 0
      vertex 40.4641 53.814 3
    endloop
  endfacet
  facet normal 0.5 -0.866025 0
    outer loop
      vertex 33.5359 57.814 0
      vertex 37 59.814 3
      vertex 33.5359 57.814 3
    endloop
  endfacet
  facet normal 0.5 -0.866025 0
    outer loop
      vertex 37 59.814 3
      vertex 33.5359 57.814 0
      vertex 37 59.814 0
    endloop
  endfacet
  facet normal -0.5 -0.866025 0
    outer loop
      vertex 37 59.814 0
      vertex 40.4641 57.814 3
      vertex 37 59.814 3
    endloop
  endfacet
  facet normal -0.5 -0.866025 -0
    outer loop
      vertex 40.4641 57.814 3
      vertex 37 59.814 0
      vertex 40.4641 57.814 0
    endloop
  endfacet
  facet normal 1 -0 0
    outer loop
      vertex 33.5359 53.814 3
      vertex 33.5359 57.814 0
      vertex 33.5359 57.814 3
    endloop
  endfacet
  facet normal 1 0 0
    outer loop
      vertex 33.5359 57.814 0
      vertex 33.5359 53.814 3
      vertex 33.5359 53.814 0
    endloop
  endfacet
  facet normal 0.5 0.866025 -0
    outer loop
      vertex 37 51.814 0
      vertex 33.5359 53.814 3
      vertex 37 51.814 3
    endloop
  endfacet
  facet normal 0.5 0.866025 0
    outer loop
      vertex 33.5359 53.814 3
      vertex 37 51.814 0
      vertex 33.5359 53.814 0
    endloop
  endfacet
  facet normal -0.5 0.866025 0
    outer loop
      vertex 50.9641 53.814 0
      vertex 47.5 51.814 3
      vertex 50.9641 53.814 3
    endloop
  endfacet
  facet normal -0.5 0.866025 0
    outer loop
      vertex 47.5 51.814 3
      vertex 50.9641 53.814 0
      vertex 47.5 51.814 0
    endloop
  endfacet
  facet normal -1 0 0
    outer loop
      vertex 50.9641 53.814 0
      vertex 50.9641 57.814 3
      vertex 50.9641 57.814 0
    endloop
  endfacet
  facet normal -1 -0 0
    outer loop
      vertex 50.9641 57.814 3
      vertex 50.9641 53.814 0
      vertex 50.9641 53.814 3
    endloop
  endfacet
  facet normal 0.5 -0.866025 0
    outer loop
      vertex 44.0359 57.814 0
      vertex 47.5 59.814 3
      vertex 44.0359 57.814 3
    endloop
  endfacet
  facet normal 0.5 -0.866025 0
    outer loop
      vertex 47.5 59.814 3
      vertex 44.0359 57.814 0
      vertex 47.5 59.814 0
    endloop
  endfacet
  facet normal -0.5 -0.866025 0
    outer loop
      vertex 47.5 59.814 0
      vertex 50.9641 57.814 3
      vertex 47.5 59.814 3
    endloop
  endfacet
  facet normal -0.5 -0.866025 -0
    outer loop
      vertex 50.9641 57.814 3
      vertex 47.5 59.814 0
      vertex 50.9641 57.814 0
    endloop
  endfacet
  facet normal 1 -0 0
    outer loop
      vertex 44.0359 53.814 3
      vertex 44.0359 57.814 0
      vertex 44.0359 57.814 3
    endloop
  endfacet
  facet normal 1 0 0
    outer loop
      vertex 44.0359 57.814 0
      vertex 44.0359 53.814 3
      vertex 44.0359 53.814 0
    endloop
  endfacet
  facet normal 0.5 0.866025 -0
    outer loop
      vertex 47.5 51.814 0
      vertex 44.0359 53.814 3
      vertex 47.5 51.814 3
    endloop
  endfacet
  facet normal 0.5 0.866025 0
    outer loop
      vertex 44.0359 53.814 3
      vertex 47.5 51.814 0
      vertex 44.0359 53.814 0
    endloop
  endfacet
  facet normal -0.5 0.866025 0
    outer loop
      vertex 61.4641 53.814 0
      vertex 58 51.814 3
      vertex 61.4641 53.814 3
    endloop
  endfacet
  facet normal -0.5 0.866025 0
    outer loop
      vertex 58 51.814 3
      vertex 61.4641 53.814 0
      vertex 58 51.814 0
    endloop
  endfacet
  facet normal -1 0 0
    outer loop
      vertex 61.4641 53.814 0
      vertex 61.4641 57.814 3
      vertex 61.4641 57.814 0
    endloop
  endfacet
  facet normal -1 -0 0
    outer loop
      vertex 61.4641 57.814 3
      vertex 61.4641 53.814 0
      vertex 61.4641 53.814 3
    endloop
  endfacet
  facet normal 0.5 -0.866025 0
    outer loop
      vertex 54.5359 57.814 0
      vertex 58 59.814 3
      vertex 54.5359 57.814 3
    endloop
  endfacet
  facet normal 0.5 -0.866025 0
    outer loop
      vertex 58 59.814 3
      vertex 54.5359 57.814 0
      vertex 58 59.814 0
    endloop
  endfacet
  facet normal -0.5 -0.866025 0
    outer loop
      vertex 58 59.814 0
      vertex 61.4641 57.814 3
      vertex 58 59.814 3
    endloop
  endfacet
  facet normal -0.5 -0.866025 -0
    outer loop
      vertex 61.4641 57.814 3
      vertex 58 59.814 0
      vertex 61.4641 57.814 0
    endloop
  endfacet
  facet normal 1 -0 0
    outer loop
      vertex 54.5359 53.814 3
      vertex 54.5359 57.814 0
      vertex 54.5359 57.814 3
    endloop
  endfacet
  facet normal 1 0 0
    outer loop
      vertex 54.5359 57.814 0
      vertex 54.5359 53.814 3
      vertex 54.5359 53.814 0
    endloop
  endfacet
  facet normal 0.5 0.866025 -0
    outer loop
      vertex 58 51.814 0
      vertex 54.5359 53.814 3
      vertex 58 51.814 3
    endloop
  endfacet
  facet normal 0.5 0.866025 0
    outer loop
      vertex 54.5359 53.814 3
      vertex 58 51.814 0
      vertex 54.5359 53.814 0
    endloop
  endfacet
  facet normal -0.5 0.866025 0
    outer loop
      vertex 71.9641 53.814 0
      vertex 68.5 51.814 3
      vertex 71.9641 53.814 3
    endloop
  endfacet
  facet normal -0.5 0.866025 0
    outer loop
      vertex 68.5 51.814 3
      vertex 71.9641 53.814 0
      vertex 68.5 51.814 0
    endloop
  endfacet
  facet normal -1 0 0
    outer loop
      vertex 71.9641 53.814 0
      vertex 71.9641 57.814 3
      vertex 71.9641 57.814 0
    endloop
  endfacet
  facet normal -1 -0 0
    outer loop
      vertex 71.9641 57.814 3
      vertex 71.9641 53.814 0
      vertex 71.9641 53.814 3
    endloop
  endfacet
  facet normal 0.5 -0.866025 0
    outer loop
      vertex 65.0359 57.814 0
      vertex 68.5 59.814 3
      vertex 65.0359 57.814 3
    endloop
  endfacet
  facet normal 0.5 -0.866025 0
    outer loop
      vertex 68.5 59.814 3
      vertex 65.0359 57.814 0
      vertex 68.5 59.814 0
    endloop
  endfacet
  facet normal -0.5 -0.866025 0
    outer loop
      vertex 68.5 59.814 0
      vertex 71.9641 57.814 3
      vertex 68.5 59.814 3
    endloop
  endfacet
  facet normal -0.5 -0.866025 -0
    outer loop
      vertex 71.9641 57.814 3
      vertex 68.5 59.814 0
      vertex 71.9641 57.814 0
    endloop
  endfacet
  facet normal 1 -0 0
    outer loop
      vertex 65.0359 53.814 3
      vertex 65.0359 57.814 0
      vertex 65.0359 57.814 3
    endloop
  endfacet
  facet normal 1 0 0
    outer loop
      vertex 65.0359 57.814 0
      vertex 65.0359 53.814 3
      vertex 65.0359 53.814 0
    endloop
  endfacet
  facet normal 0.5 0.866025 -0
    outer loop
      vertex 68.5 51.814 0
      vertex 65.0359 53.814 3
      vertex 68.5 51.814 3
    endloop
  endfacet
  facet normal 0.5 0.866025 0
    outer loop
      vertex 65.0359 53.814 3
      vertex 68.5 51.814 0
      vertex 65.0359 53.814 0
    endloop
  endfacet
  facet normal -0.5 0.866025 0
    outer loop
      vertex 82.4641 53.814 0
      vertex 79 51.814 3
      vertex 82.4641 53.814 3
    endloop
  endfacet
  facet normal -0.5 0.866025 0
    outer loop
      vertex 79 51.814 3
      vertex 82.4641 53.814 0
      vertex 79 51.814 0
    endloop
  endfacet
  facet normal -1 0 0
    outer loop
      vertex 82.4641 53.814 0
      vertex 82.4641 57.814 3
      vertex 82.4641 57.814 0
    endloop
  endfacet
  facet normal -1 -0 0
    outer loop
      vertex 82.4641 57.814 3
      vertex 82.4641 53.814 0
      vertex 82.4641 53.814 3
    endloop
  endfacet
  facet normal 0.5 -0.866025 0
    outer loop
      vertex 75.5359 57.814 0
      vertex 79 59.814 3
      vertex 75.5359 57.814 3
    endloop
  endfacet
  facet normal 0.5 -0.866025 0
    outer loop
      vertex 79 59.814 3
      vertex 75.5359 57.814 0
      vertex 79 59.814 0
    endloop
  endfacet
  facet normal -0.5 -0.866025 0
    outer loop
      vertex 79 59.814 0
      vertex 82.4641 57.814 3
      vertex 79 59.814 3
    endloop
  endfacet
  facet normal -0.5 -0.866025 -0
    outer loop
      vertex 82.4641 57.814 3
      vertex 79 59.814 0
      vertex 82.4641 57.814 0
    endloop
  endfacet
  facet normal 1 -0 0
    outer loop
      vertex 75.5359 53.814 3
      vertex 75.5359 57.814 0
      vertex 75.5359 57.814 3
    endloop
  endfacet
  facet normal 1 0 0
    outer loop
      vertex 75.5359 57.814 0
      vertex 75.5359 53.814 3
      vertex 75.5359 53.814 0
    endloop
  endfacet
  facet normal 0.5 0.866025 -0
    outer loop
      vertex 79 51.814 0
      vertex 75.5359 53.814 3
      vertex 79 51.814 3
    endloop
  endfacet
  facet normal 0.5 0.866025 0
    outer loop
      vertex 75.5359 53.814 3
      vertex 79 51.814 0
      vertex 75.5359 53.814 0
    endloop
  endfacet
  facet normal -0.5 0.866025 0
    outer loop
      vertex 92.9641 53.814 0
      vertex 89.5 51.814 3
      vertex 92.9641 53.814 3
    endloop
  endfacet
  facet normal -0.5 0.866025 0
    outer loop
      vertex 89.5 51.814 3
      vertex 92.9641 53.814 0
      vertex 89.5 51.814 0
    endloop
  endfacet
  facet normal -1 0 0
    outer loop
      vertex 92.9641 53.814 0
      vertex 92.9641 57.814 3
      vertex 92.9641 57.814 0
    endloop
  endfacet
  facet normal -1 -0 0
    outer loop
      vertex 92.9641 57.814 3
      vertex 92.9641 53.814 0
      vertex 92.9641 53.814 3
    endloop
  endfacet
  facet normal 0.5 -0.866025 0
    outer loop
      vertex 86.0359 57.814 0
      vertex 89.5 59.814 3
      vertex 86.0359 57.814 3
    endloop
  endfacet
  facet normal 0.5 -0.866025 0
    outer loop
      vertex 89.5 59.814 3
      vertex 86.0359 57.814 0
      vertex 89.5 59.814 0
    endloop
  endfacet
  facet normal -0.5 -0.866025 0
    outer loop
      vertex 89.5 59.814 0
      vertex 92.9641 57.814 3
      vertex 89.5 59.814 3
    endloop
  endfacet
  facet normal -0.5 -0.866025 -0
    outer loop
      vertex 92.9641 57.814 3
      vertex 89.5 59.814 0
      vertex 92.9641 57.814 0
    endloop
  endfacet
  facet normal 1 -0 0
    outer loop
      vertex 86.0359 53.814 3
      vertex 86.0359 57.814 0
      vertex 86.0359 57.814 3
    endloop
  endfacet
  facet normal 1 0 0
    outer loop
      vertex 86.0359 57.814 0
      vertex 86.0359 53.814 3
      vertex 86.0359 53.814 0
    endloop
  endfacet
  facet normal 0.5 0.866025 -0
    outer loop
      vertex 89.5 51.814 0
      vertex 86.0359 53.814 3
      vertex 89.5 51.814 3
    endloop
  endfacet
  facet normal 0.5 0.866025 0
    outer loop
      vertex 86.0359 53.814 3
      vertex 89.5 51.814 0
      vertex 86.0359 53.814 0
    endloop
  endfacet
  facet normal 0.500001 -0.866025 0
    outer loop
      vertex 96.5359 57.814 0
      vertex 99.7 59.6408 3
      vertex 96.5359 57.814 3
    endloop
  endfacet
  facet normal 0.500001 -0.866025 0
    outer loop
      vertex 99.7 59.6408 3
      vertex 96.5359 57.814 0
      vertex 99.7 59.6408 0
    endloop
  endfacet
  facet normal 1 -0 0
    outer loop
      vertex 96.5359 53.814 3
      vertex 96.5359 57.814 0
      vertex 96.5359 57.814 3
    endloop
  endfacet
  facet normal 1 0 0
    outer loop
      vertex 96.5359 57.814 0
      vertex 96.5359 53.814 3
      vertex 96.5359 53.814 0
    endloop
  endfacet
  facet normal 0.500001 0.866025 -0
    outer loop
      vertex 99.7 51.9872 0
      vertex 96.5359 53.814 3
      vertex 99.7 51.9872 3
    endloop
  endfacet
  facet normal 0.500001 0.866025 0
    outer loop
      vertex 96.5359 53.814 3
      vertex 99.7 51.9872 0
      vertex 96.5359 53.814 0
    endloop
  endfacet
  facet normal -0.499968 0.866044 0
    outer loop
      vertex 14.2141 62.907 0
      vertex 14 62.7834 3
      vertex 14.2141 62.907 3
    endloop
  endfacet
  facet normal -0.499968 0.866044 0
    outer loop
      vertex 14 62.7834 3
      vertex 14.2141 62.907 0
      vertex 14 62.7834 0
    endloop
  endfacet
  facet normal -1 0 0
    outer loop
      vertex 14.2141 62.907 0
      vertex 14.2141 66.907 3
      vertex 14.2141 66.907 0
    endloop
  endfacet
  facet normal -1 -0 0
    outer loop
      vertex 14.2141 66.907 3
      vertex 14.2141 62.907 0
      vertex 14.2141 62.907 3
    endloop
  endfacet
  facet normal -0.499968 -0.866044 0
    outer loop
      vertex 14 67.0306 0
      vertex 14.2141 66.907 3
      vertex 14 67.0306 3
    endloop
  endfacet
  facet normal -0.499968 -0.866044 -0
    outer loop
      vertex 14.2141 66.907 3
      vertex 14 67.0306 0
      vertex 14.2141 66.907 0
    endloop
  endfacet
  facet normal -0.5 0.866025 0
    outer loop
      vertex 24.7141 62.907 0
      vertex 21.25 60.907 3
      vertex 24.7141 62.907 3
    endloop
  endfacet
  facet normal -0.5 0.866025 0
    outer loop
      vertex 21.25 60.907 3
      vertex 24.7141 62.907 0
      vertex 21.25 60.907 0
    endloop
  endfacet
  facet normal -1 0 0
    outer loop
      vertex 24.7141 62.907 0
      vertex 24.7141 66.907 3
      vertex 24.7141 66.907 0
    endloop
  endfacet
  facet normal -1 -0 0
    outer loop
      vertex 24.7141 66.907 3
      vertex 24.7141 62.907 0
      vertex 24.7141 62.907 3
    endloop
  endfacet
  facet normal 0.5 -0.866025 0
    outer loop
      vertex 17.7859 66.907 0
      vertex 21.25 68.907 3
      vertex 17.7859 66.907 3
    endloop
  endfacet
  facet normal 0.5 -0.866025 0
    outer loop
      vertex 21.25 68.907 3
      vertex 17.7859 66.907 0
      vertex 21.25 68.907 0
    endloop
  endfacet
  facet normal -0.5 -0.866025 0
    outer loop
      vertex 21.25 68.907 0
      vertex 24.7141 66.907 3
      vertex 21.25 68.907 3
    endloop
  endfacet
  facet normal -0.5 -0.866025 -0
    outer loop
      vertex 24.7141 66.907 3
      vertex 21.25 68.907 0
      vertex 24.7141 66.907 0
    endloop
  endfacet
  facet normal 1 -0 0
    outer loop
      vertex 17.7859 62.907 3
      vertex 17.7859 66.907 0
      vertex 17.7859 66.907 3
    endloop
  endfacet
  facet normal 1 0 0
    outer loop
      vertex 17.7859 66.907 0
      vertex 17.7859 62.907 3
      vertex 17.7859 62.907 0
    endloop
  endfacet
  facet normal 0.5 0.866025 -0
    outer loop
      vertex 21.25 60.907 0
      vertex 17.7859 62.907 3
      vertex 21.25 60.907 3
    endloop
  endfacet
  facet normal 0.5 0.866025 0
    outer loop
      vertex 17.7859 62.907 3
      vertex 21.25 60.907 0
      vertex 17.7859 62.907 0
    endloop
  endfacet
  facet normal -0.5 0.866025 0
    outer loop
      vertex 35.2141 62.907 0
      vertex 31.75 60.907 3
      vertex 35.2141 62.907 3
    endloop
  endfacet
  facet normal -0.5 0.866025 0
    outer loop
      vertex 31.75 60.907 3
      vertex 35.2141 62.907 0
      vertex 31.75 60.907 0
    endloop
  endfacet
  facet normal -1 0 0
    outer loop
      vertex 35.2141 62.907 0
      vertex 35.2141 66.907 3
      vertex 35.2141 66.907 0
    endloop
  endfacet
  facet normal -1 -0 0
    outer loop
      vertex 35.2141 66.907 3
      vertex 35.2141 62.907 0
      vertex 35.2141 62.907 3
    endloop
  endfacet
  facet normal 0.5 -0.866025 0
    outer loop
      vertex 28.2859 66.907 0
      vertex 31.75 68.907 3
      vertex 28.2859 66.907 3
    endloop
  endfacet
  facet normal 0.5 -0.866025 0
    outer loop
      vertex 31.75 68.907 3
      vertex 28.2859 66.907 0
      vertex 31.75 68.907 0
    endloop
  endfacet
  facet normal -0.5 -0.866025 0
    outer loop
      vertex 31.75 68.907 0
      vertex 35.2141 66.907 3
      vertex 31.75 68.907 3
    endloop
  endfacet
  facet normal -0.5 -0.866025 -0
    outer loop
      vertex 35.2141 66.907 3
      vertex 31.75 68.907 0
      vertex 35.2141 66.907 0
    endloop
  endfacet
  facet normal 1 -0 0
    outer loop
      vertex 28.2859 62.907 3
      vertex 28.2859 66.907 0
      vertex 28.2859 66.907 3
    endloop
  endfacet
  facet normal 1 0 0
    outer loop
      vertex 28.2859 66.907 0
      vertex 28.2859 62.907 3
      vertex 28.2859 62.907 0
    endloop
  endfacet
  facet normal 0.5 0.866025 -0
    outer loop
      vertex 31.75 60.907 0
      vertex 28.2859 62.907 3
      vertex 31.75 60.907 3
    endloop
  endfacet
  facet normal 0.5 0.866025 0
    outer loop
      vertex 28.2859 62.907 3
      vertex 31.75 60.907 0
      vertex 28.2859 62.907 0
    endloop
  endfacet
  facet normal -0.5 0.866025 0
    outer loop
      vertex 45.7141 62.907 0
      vertex 42.25 60.907 3
      vertex 45.7141 62.907 3
    endloop
  endfacet
  facet normal -0.5 0.866025 0
    outer loop
      vertex 42.25 60.907 3
      vertex 45.7141 62.907 0
      vertex 42.25 60.907 0
    endloop
  endfacet
  facet normal -1 0 0
    outer loop
      vertex 45.7141 62.907 0
      vertex 45.7141 66.907 3
      vertex 45.7141 66.907 0
    endloop
  endfacet
  facet normal -1 -0 0
    outer loop
      vertex 45.7141 66.907 3
      vertex 45.7141 62.907 0
      vertex 45.7141 62.907 3
    endloop
  endfacet
  facet normal 0.5 -0.866025 0
    outer loop
      vertex 38.7859 66.907 0
      vertex 42.25 68.907 3
      vertex 38.7859 66.907 3
    endloop
  endfacet
  facet normal 0.5 -0.866025 0
    outer loop
      vertex 42.25 68.907 3
      vertex 38.7859 66.907 0
      vertex 42.25 68.907 0
    endloop
  endfacet
  facet normal -0.5 -0.866025 0
    outer loop
      vertex 42.25 68.907 0
      vertex 45.7141 66.907 3
      vertex 42.25 68.907 3
    endloop
  endfacet
  facet normal -0.5 -0.866025 -0
    outer loop
      vertex 45.7141 66.907 3
      vertex 42.25 68.907 0
      vertex 45.7141 66.907 0
    endloop
  endfacet
  facet normal 1 -0 0
    outer loop
      vertex 38.7859 62.907 3
      vertex 38.7859 66.907 0
      vertex 38.7859 66.907 3
    endloop
  endfacet
  facet normal 1 0 0
    outer loop
      vertex 38.7859 66.907 0
      vertex 38.7859 62.907 3
      vertex 38.7859 62.907 0
    endloop
  endfacet
  facet normal 0.5 0.866025 -0
    outer loop
      vertex 42.25 60.907 0
      vertex 38.7859 62.907 3
      vertex 42.25 60.907 3
    endloop
  endfacet
  facet normal 0.5 0.866025 0
    outer loop
      vertex 38.7859 62.907 3
      vertex 42.25 60.907 0
      vertex 38.7859 62.907 0
    endloop
  endfacet
  facet normal -0.5 0.866025 0
    outer loop
      vertex 56.2141 62.907 0
      vertex 52.75 60.907 3
      vertex 56.2141 62.907 3
    endloop
  endfacet
  facet normal -0.5 0.866025 0
    outer loop
      vertex 52.75 60.907 3
      vertex 56.2141 62.907 0
      vertex 52.75 60.907 0
    endloop
  endfacet
  facet normal -1 0 0
    outer loop
      vertex 56.2141 62.907 0
      vertex 56.2141 66.907 3
      vertex 56.2141 66.907 0
    endloop
  endfacet
  facet normal -1 -0 0
    outer loop
      vertex 56.2141 66.907 3
      vertex 56.2141 62.907 0
      vertex 56.2141 62.907 3
    endloop
  endfacet
  facet normal 0.5 -0.866025 0
    outer loop
      vertex 49.2859 66.907 0
      vertex 52.75 68.907 3
      vertex 49.2859 66.907 3
    endloop
  endfacet
  facet normal 0.5 -0.866025 0
    outer loop
      vertex 52.75 68.907 3
      vertex 49.2859 66.907 0
      vertex 52.75 68.907 0
    endloop
  endfacet
  facet normal -0.5 -0.866025 0
    outer loop
      vertex 52.75 68.907 0
      vertex 56.2141 66.907 3
      vertex 52.75 68.907 3
    endloop
  endfacet
  facet normal -0.5 -0.866025 -0
    outer loop
      vertex 56.2141 66.907 3
      vertex 52.75 68.907 0
      vertex 56.2141 66.907 0
    endloop
  endfacet
  facet normal 1 -0 0
    outer loop
      vertex 49.2859 62.907 3
      vertex 49.2859 66.907 0
      vertex 49.2859 66.907 3
    endloop
  endfacet
  facet normal 1 0 0
    outer loop
      vertex 49.2859 66.907 0
      vertex 49.2859 62.907 3
      vertex 49.2859 62.907 0
    endloop
  endfacet
  facet normal 0.5 0.866025 -0
    outer loop
      vertex 52.75 60.907 0
      vertex 49.2859 62.907 3
      vertex 52.75 60.907 3
    endloop
  endfacet
  facet normal 0.5 0.866025 0
    outer loop
      vertex 49.2859 62.907 3
      vertex 52.75 60.907 0
      vertex 49.2859 62.907 0
    endloop
  endfacet
  facet normal -0.5 0.866025 0
    outer loop
      vertex 66.7141 62.907 0
      vertex 63.25 60.907 3
      vertex 66.7141 62.907 3
    endloop
  endfacet
  facet normal -0.5 0.866025 0
    outer loop
      vertex 63.25 60.907 3
      vertex 66.7141 62.907 0
      vertex 63.25 60.907 0
    endloop
  endfacet
  facet normal -1 0 0
    outer loop
      vertex 66.7141 62.907 0
      vertex 66.7141 66.907 3
      vertex 66.7141 66.907 0
    endloop
  endfacet
  facet normal -1 -0 0
    outer loop
      vertex 66.7141 66.907 3
      vertex 66.7141 62.907 0
      vertex 66.7141 62.907 3
    endloop
  endfacet
  facet normal 0.5 -0.866025 0
    outer loop
      vertex 59.7859 66.907 0
      vertex 63.25 68.907 3
      vertex 59.7859 66.907 3
    endloop
  endfacet
  facet normal 0.5 -0.866025 0
    outer loop
      vertex 63.25 68.907 3
      vertex 59.7859 66.907 0
      vertex 63.25 68.907 0
    endloop
  endfacet
  facet normal -0.5 -0.866025 0
    outer loop
      vertex 63.25 68.907 0
      vertex 66.7141 66.907 3
      vertex 63.25 68.907 3
    endloop
  endfacet
  facet normal -0.5 -0.866025 -0
    outer loop
      vertex 66.7141 66.907 3
      vertex 63.25 68.907 0
      vertex 66.7141 66.907 0
    endloop
  endfacet
  facet normal 1 -0 0
    outer loop
      vertex 59.7859 62.907 3
      vertex 59.7859 66.907 0
      vertex 59.7859 66.907 3
    endloop
  endfacet
  facet normal 1 0 0
    outer loop
      vertex 59.7859 66.907 0
      vertex 59.7859 62.907 3
      vertex 59.7859 62.907 0
    endloop
  endfacet
  facet normal 0.5 0.866025 -0
    outer loop
      vertex 63.25 60.907 0
      vertex 59.7859 62.907 3
      vertex 63.25 60.907 3
    endloop
  endfacet
  facet normal 0.5 0.866025 0
    outer loop
      vertex 59.7859 62.907 3
      vertex 63.25 60.907 0
      vertex 59.7859 62.907 0
    endloop
  endfacet
  facet normal -0.5 0.866025 0
    outer loop
      vertex 77.2141 62.907 0
      vertex 73.75 60.907 3
      vertex 77.2141 62.907 3
    endloop
  endfacet
  facet normal -0.5 0.866025 0
    outer loop
      vertex 73.75 60.907 3
      vertex 77.2141 62.907 0
      vertex 73.75 60.907 0
    endloop
  endfacet
  facet normal -1 0 0
    outer loop
      vertex 77.2141 62.907 0
      vertex 77.2141 66.907 3
      vertex 77.2141 66.907 0
    endloop
  endfacet
  facet normal -1 -0 0
    outer loop
      vertex 77.2141 66.907 3
      vertex 77.2141 62.907 0
      vertex 77.2141 62.907 3
    endloop
  endfacet
  facet normal 0.5 -0.866025 0
    outer loop
      vertex 70.2859 66.907 0
      vertex 73.75 68.907 3
      vertex 70.2859 66.907 3
    endloop
  endfacet
  facet normal 0.5 -0.866025 0
    outer loop
      vertex 73.75 68.907 3
      vertex 70.2859 66.907 0
      vertex 73.75 68.907 0
    endloop
  endfacet
  facet normal -0.5 -0.866025 0
    outer loop
      vertex 73.75 68.907 0
      vertex 77.2141 66.907 3
      vertex 73.75 68.907 3
    endloop
  endfacet
  facet normal -0.5 -0.866025 -0
    outer loop
      vertex 77.2141 66.907 3
      vertex 73.75 68.907 0
      vertex 77.2141 66.907 0
    endloop
  endfacet
  facet normal 1 -0 0
    outer loop
      vertex 70.2859 62.907 3
      vertex 70.2859 66.907 0
      vertex 70.2859 66.907 3
    endloop
  endfacet
  facet normal 1 0 0
    outer loop
      vertex 70.2859 66.907 0
      vertex 70.2859 62.907 3
      vertex 70.2859 62.907 0
    endloop
  endfacet
  facet normal 0.5 0.866025 -0
    outer loop
      vertex 73.75 60.907 0
      vertex 70.2859 62.907 3
      vertex 73.75 60.907 3
    endloop
  endfacet
  facet normal 0.5 0.866025 0
    outer loop
      vertex 70.2859 62.907 3
      vertex 73.75 60.907 0
      vertex 70.2859 62.907 0
    endloop
  endfacet
  facet normal -0.5 0.866025 0
    outer loop
      vertex 87.7141 62.907 0
      vertex 84.25 60.907 3
      vertex 87.7141 62.907 3
    endloop
  endfacet
  facet normal -0.5 0.866025 0
    outer loop
      vertex 84.25 60.907 3
      vertex 87.7141 62.907 0
      vertex 84.25 60.907 0
    endloop
  endfacet
  facet normal -1 0 0
    outer loop
      vertex 87.7141 62.907 0
      vertex 87.7141 66.907 3
      vertex 87.7141 66.907 0
    endloop
  endfacet
  facet normal -1 -0 0
    outer loop
      vertex 87.7141 66.907 3
      vertex 87.7141 62.907 0
      vertex 87.7141 62.907 3
    endloop
  endfacet
  facet normal 0.5 -0.866025 0
    outer loop
      vertex 80.7859 66.907 0
      vertex 84.25 68.907 3
      vertex 80.7859 66.907 3
    endloop
  endfacet
  facet normal 0.5 -0.866025 0
    outer loop
      vertex 84.25 68.907 3
      vertex 80.7859 66.907 0
      vertex 84.25 68.907 0
    endloop
  endfacet
  facet normal -0.5 -0.866025 0
    outer loop
      vertex 84.25 68.907 0
      vertex 87.7141 66.907 3
      vertex 84.25 68.907 3
    endloop
  endfacet
  facet normal -0.5 -0.866025 -0
    outer loop
      vertex 87.7141 66.907 3
      vertex 84.25 68.907 0
      vertex 87.7141 66.907 0
    endloop
  endfacet
  facet normal 1 -0 0
    outer loop
      vertex 80.7859 62.907 3
      vertex 80.7859 66.907 0
      vertex 80.7859 66.907 3
    endloop
  endfacet
  facet normal 1 0 0
    outer loop
      vertex 80.7859 66.907 0
      vertex 80.7859 62.907 3
      vertex 80.7859 62.907 0
    endloop
  endfacet
  facet normal 0.5 0.866025 -0
    outer loop
      vertex 84.25 60.907 0
      vertex 80.7859 62.907 3
      vertex 84.25 60.907 3
    endloop
  endfacet
  facet normal 0.5 0.866025 0
    outer loop
      vertex 80.7859 62.907 3
      vertex 84.25 60.907 0
      vertex 80.7859 62.907 0
    endloop
  endfacet
  facet normal -0.5 0.866025 0
    outer loop
      vertex 98.2141 62.907 0
      vertex 94.75 60.907 3
      vertex 98.2141 62.907 3
    endloop
  endfacet
  facet normal -0.5 0.866025 0
    outer loop
      vertex 94.75 60.907 3
      vertex 98.2141 62.907 0
      vertex 94.75 60.907 0
    endloop
  endfacet
  facet normal -1 0 0
    outer loop
      vertex 98.2141 62.907 0
      vertex 98.2141 66.907 3
      vertex 98.2141 66.907 0
    endloop
  endfacet
  facet normal -1 -0 0
    outer loop
      vertex 98.2141 66.907 3
      vertex 98.2141 62.907 0
      vertex 98.2141 62.907 3
    endloop
  endfacet
  facet normal 0.5 -0.866025 0
    outer loop
      vertex 91.2859 66.907 0
      vertex 94.75 68.907 3
      vertex 91.2859 66.907 3
    endloop
  endfacet
  facet normal 0.5 -0.866025 0
    outer loop
      vertex 94.75 68.907 3
      vertex 91.2859 66.907 0
      vertex 94.75 68.907 0
    endloop
  endfacet
  facet normal -0.5 -0.866025 0
    outer loop
      vertex 94.75 68.907 0
      vertex 98.2141 66.907 3
      vertex 94.75 68.907 3
    endloop
  endfacet
  facet normal -0.5 -0.866025 -0
    outer loop
      vertex 98.2141 66.907 3
      vertex 94.75 68.907 0
      vertex 98.2141 66.907 0
    endloop
  endfacet
  facet normal 1 -0 0
    outer loop
      vertex 91.2859 62.907 3
      vertex 91.2859 66.907 0
      vertex 91.2859 66.907 3
    endloop
  endfacet
  facet normal 1 0 0
    outer loop
      vertex 91.2859 66.907 0
      vertex 91.2859 62.907 3
      vertex 91.2859 62.907 0
    endloop
  endfacet
  facet normal 0.5 0.866025 -0
    outer loop
      vertex 94.75 60.907 0
      vertex 91.2859 62.907 3
      vertex 94.75 60.907 3
    endloop
  endfacet
  facet normal 0.5 0.866025 0
    outer loop
      vertex 91.2859 62.907 3
      vertex 94.75 60.907 0
      vertex 91.2859 62.907 0
    endloop
  endfacet
  facet normal -0.5 0.866025 0
    outer loop
      vertex 19.4641 72 0
      vertex 16 70 3
      vertex 19.4641 72 3
    endloop
  endfacet
  facet normal -0.5 0.866025 0
    outer loop
      vertex 16 70 3
      vertex 19.4641 72 0
      vertex 16 70 0
    endloop
  endfacet
  facet normal -1 0 0
    outer loop
      vertex 19.4641 72 0
      vertex 19.4641 76 3
      vertex 19.4641 76 0
    endloop
  endfacet
  facet normal -1 -0 0
    outer loop
      vertex 19.4641 76 3
      vertex 19.4641 72 0
      vertex 19.4641 72 3
    endloop
  endfacet
  facet normal 0.5 -0.866026 0
    outer loop
      vertex 14 76.8453 0
      vertex 16 78 3
      vertex 14 76.8453 3
    endloop
  endfacet
  facet normal 0.5 -0.866026 0
    outer loop
      vertex 16 78 3
      vertex 14 76.8453 0
      vertex 16 78 0
    endloop
  endfacet
  facet normal -0.5 -0.866025 0
    outer loop
      vertex 16 78 0
      vertex 19.4641 76 3
      vertex 16 78 3
    endloop
  endfacet
  facet normal -0.5 -0.866025 -0
    outer loop
      vertex 19.4641 76 3
      vertex 16 78 0
      vertex 19.4641 76 0
    endloop
  endfacet
  facet normal 0.5 0.866026 -0
    outer loop
      vertex 16 70 0
      vertex 14 71.1547 3
      vertex 16 70 3
    endloop
  endfacet
  facet normal 0.5 0.866026 0
    outer loop
      vertex 14 71.1547 3
      vertex 16 70 0
      vertex 14 71.1547 0
    endloop
  endfacet
  facet normal -0.5 0.866025 0
    outer loop
      vertex 29.9641 72 0
      vertex 26.5 70 3
      vertex 29.9641 72 3
    endloop
  endfacet
  facet normal -0.5 0.866025 0
    outer loop
      vertex 26.5 70 3
      vertex 29.9641 72 0
      vertex 26.5 70 0
    endloop
  endfacet
  facet normal -1 0 0
    outer loop
      vertex 29.9641 72 0
      vertex 29.9641 76 3
      vertex 29.9641 76 0
    endloop
  endfacet
  facet normal -1 -0 0
    outer loop
      vertex 29.9641 76 3
      vertex 29.9641 72 0
      vertex 29.9641 72 3
    endloop
  endfacet
  facet normal 0.5 -0.866025 0
    outer loop
      vertex 23.0359 76 0
      vertex 26.5 78 3
      vertex 23.0359 76 3
    endloop
  endfacet
  facet normal 0.5 -0.866025 0
    outer loop
      vertex 26.5 78 3
      vertex 23.0359 76 0
      vertex 26.5 78 0
    endloop
  endfacet
  facet normal -0.5 -0.866025 0
    outer loop
      vertex 26.5 78 0
      vertex 29.9641 76 3
      vertex 26.5 78 3
    endloop
  endfacet
  facet normal -0.5 -0.866025 -0
    outer loop
      vertex 29.9641 76 3
      vertex 26.5 78 0
      vertex 29.9641 76 0
    endloop
  endfacet
  facet normal 1 -0 0
    outer loop
      vertex 23.0359 72 3
      vertex 23.0359 76 0
      vertex 23.0359 76 3
    endloop
  endfacet
  facet normal 1 0 0
    outer loop
      vertex 23.0359 76 0
      vertex 23.0359 72 3
      vertex 23.0359 72 0
    endloop
  endfacet
  facet normal 0.5 0.866025 -0
    outer loop
      vertex 26.5 70 0
      vertex 23.0359 72 3
      vertex 26.5 70 3
    endloop
  endfacet
  facet normal 0.5 0.866025 0
    outer loop
      vertex 23.0359 72 3
      vertex 26.5 70 0
      vertex 23.0359 72 0
    endloop
  endfacet
  facet normal -0.5 0.866025 0
    outer loop
      vertex 40.4641 72 0
      vertex 37 70 3
      vertex 40.4641 72 3
    endloop
  endfacet
  facet normal -0.5 0.866025 0
    outer loop
      vertex 37 70 3
      vertex 40.4641 72 0
      vertex 37 70 0
    endloop
  endfacet
  facet normal -1 0 0
    outer loop
      vertex 40.4641 72 0
      vertex 40.4641 76 3
      vertex 40.4641 76 0
    endloop
  endfacet
  facet normal -1 -0 0
    outer loop
      vertex 40.4641 76 3
      vertex 40.4641 72 0
      vertex 40.4641 72 3
    endloop
  endfacet
  facet normal 0.5 -0.866025 0
    outer loop
      vertex 33.5359 76 0
      vertex 37 78 3
      vertex 33.5359 76 3
    endloop
  endfacet
  facet normal 0.5 -0.866025 0
    outer loop
      vertex 37 78 3
      vertex 33.5359 76 0
      vertex 37 78 0
    endloop
  endfacet
  facet normal -0.5 -0.866025 0
    outer loop
      vertex 37 78 0
      vertex 40.4641 76 3
      vertex 37 78 3
    endloop
  endfacet
  facet normal -0.5 -0.866025 -0
    outer loop
      vertex 40.4641 76 3
      vertex 37 78 0
      vertex 40.4641 76 0
    endloop
  endfacet
  facet normal 1 -0 0
    outer loop
      vertex 33.5359 72 3
      vertex 33.5359 76 0
      vertex 33.5359 76 3
    endloop
  endfacet
  facet normal 1 0 0
    outer loop
      vertex 33.5359 76 0
      vertex 33.5359 72 3
      vertex 33.5359 72 0
    endloop
  endfacet
  facet normal 0.5 0.866025 -0
    outer loop
      vertex 37 70 0
      vertex 33.5359 72 3
      vertex 37 70 3
    endloop
  endfacet
  facet normal 0.5 0.866025 0
    outer loop
      vertex 33.5359 72 3
      vertex 37 70 0
      vertex 33.5359 72 0
    endloop
  endfacet
  facet normal -0.5 0.866025 0
    outer loop
      vertex 50.9641 72 0
      vertex 47.5 70 3
      vertex 50.9641 72 3
    endloop
  endfacet
  facet normal -0.5 0.866025 0
    outer loop
      vertex 47.5 70 3
      vertex 50.9641 72 0
      vertex 47.5 70 0
    endloop
  endfacet
  facet normal -1 0 0
    outer loop
      vertex 50.9641 72 0
      vertex 50.9641 76 3
      vertex 50.9641 76 0
    endloop
  endfacet
  facet normal -1 -0 0
    outer loop
      vertex 50.9641 76 3
      vertex 50.9641 72 0
      vertex 50.9641 72 3
    endloop
  endfacet
  facet normal 0.5 -0.866025 0
    outer loop
      vertex 44.0359 76 0
      vertex 47.5 78 3
      vertex 44.0359 76 3
    endloop
  endfacet
  facet normal 0.5 -0.866025 0
    outer loop
      vertex 47.5 78 3
      vertex 44.0359 76 0
      vertex 47.5 78 0
    endloop
  endfacet
  facet normal -0.5 -0.866025 0
    outer loop
      vertex 47.5 78 0
      vertex 50.9641 76 3
      vertex 47.5 78 3
    endloop
  endfacet
  facet normal -0.5 -0.866025 -0
    outer loop
      vertex 50.9641 76 3
      vertex 47.5 78 0
      vertex 50.9641 76 0
    endloop
  endfacet
  facet normal 1 -0 0
    outer loop
      vertex 44.0359 72 3
      vertex 44.0359 76 0
      vertex 44.0359 76 3
    endloop
  endfacet
  facet normal 1 0 0
    outer loop
      vertex 44.0359 76 0
      vertex 44.0359 72 3
      vertex 44.0359 72 0
    endloop
  endfacet
  facet normal 0.5 0.866025 -0
    outer loop
      vertex 47.5 70 0
      vertex 44.0359 72 3
      vertex 47.5 70 3
    endloop
  endfacet
  facet normal 0.5 0.866025 0
    outer loop
      vertex 44.0359 72 3
      vertex 47.5 70 0
      vertex 44.0359 72 0
    endloop
  endfacet
  facet normal -0.5 0.866025 0
    outer loop
      vertex 61.4641 72 0
      vertex 58 70 3
      vertex 61.4641 72 3
    endloop
  endfacet
  facet normal -0.5 0.866025 0
    outer loop
      vertex 58 70 3
      vertex 61.4641 72 0
      vertex 58 70 0
    endloop
  endfacet
  facet normal -1 0 0
    outer loop
      vertex 61.4641 72 0
      vertex 61.4641 76 3
      vertex 61.4641 76 0
    endloop
  endfacet
  facet normal -1 -0 0
    outer loop
      vertex 61.4641 76 3
      vertex 61.4641 72 0
      vertex 61.4641 72 3
    endloop
  endfacet
  facet normal 0.5 -0.866025 0
    outer loop
      vertex 54.5359 76 0
      vertex 58 78 3
      vertex 54.5359 76 3
    endloop
  endfacet
  facet normal 0.5 -0.866025 0
    outer loop
      vertex 58 78 3
      vertex 54.5359 76 0
      vertex 58 78 0
    endloop
  endfacet
  facet normal -0.5 -0.866025 0
    outer loop
      vertex 58 78 0
      vertex 61.4641 76 3
      vertex 58 78 3
    endloop
  endfacet
  facet normal -0.5 -0.866025 -0
    outer loop
      vertex 61.4641 76 3
      vertex 58 78 0
      vertex 61.4641 76 0
    endloop
  endfacet
  facet normal 1 -0 0
    outer loop
      vertex 54.5359 72 3
      vertex 54.5359 76 0
      vertex 54.5359 76 3
    endloop
  endfacet
  facet normal 1 0 0
    outer loop
      vertex 54.5359 76 0
      vertex 54.5359 72 3
      vertex 54.5359 72 0
    endloop
  endfacet
  facet normal 0.5 0.866025 -0
    outer loop
      vertex 58 70 0
      vertex 54.5359 72 3
      vertex 58 70 3
    endloop
  endfacet
  facet normal 0.5 0.866025 0
    outer loop
      vertex 54.5359 72 3
      vertex 58 70 0
      vertex 54.5359 72 0
    endloop
  endfacet
  facet normal -0.5 0.866025 0
    outer loop
      vertex 71.9641 72 0
      vertex 68.5 70 3
      vertex 71.9641 72 3
    endloop
  endfacet
  facet normal -0.5 0.866025 0
    outer loop
      vertex 68.5 70 3
      vertex 71.9641 72 0
      vertex 68.5 70 0
    endloop
  endfacet
  facet normal -1 0 0
    outer loop
      vertex 71.9641 72 0
      vertex 71.9641 76 3
      vertex 71.9641 76 0
    endloop
  endfacet
  facet normal -1 -0 0
    outer loop
      vertex 71.9641 76 3
      vertex 71.9641 72 0
      vertex 71.9641 72 3
    endloop
  endfacet
  facet normal 0.5 -0.866025 0
    outer loop
      vertex 65.0359 76 0
      vertex 68.5 78 3
      vertex 65.0359 76 3
    endloop
  endfacet
  facet normal 0.5 -0.866025 0
    outer loop
      vertex 68.5 78 3
      vertex 65.0359 76 0
      vertex 68.5 78 0
    endloop
  endfacet
  facet normal -0.5 -0.866025 0
    outer loop
      vertex 68.5 78 0
      vertex 71.9641 76 3
      vertex 68.5 78 3
    endloop
  endfacet
  facet normal -0.5 -0.866025 -0
    outer loop
      vertex 71.9641 76 3
      vertex 68.5 78 0
      vertex 71.9641 76 0
    endloop
  endfacet
  facet normal 1 -0 0
    outer loop
      vertex 65.0359 72 3
      vertex 65.0359 76 0
      vertex 65.0359 76 3
    endloop
  endfacet
  facet normal 1 0 0
    outer loop
      vertex 65.0359 76 0
      vertex 65.0359 72 3
      vertex 65.0359 72 0
    endloop
  endfacet
  facet normal 0.5 0.866025 -0
    outer loop
      vertex 68.5 70 0
      vertex 65.0359 72 3
      vertex 68.5 70 3
    endloop
  endfacet
  facet normal 0.5 0.866025 0
    outer loop
      vertex 65.0359 72 3
      vertex 68.5 70 0
      vertex 65.0359 72 0
    endloop
  endfacet
  facet normal -0.5 0.866025 0
    outer loop
      vertex 82.4641 72 0
      vertex 79 70 3
      vertex 82.4641 72 3
    endloop
  endfacet
  facet normal -0.5 0.866025 0
    outer loop
      vertex 79 70 3
      vertex 82.4641 72 0
      vertex 79 70 0
    endloop
  endfacet
  facet normal -1 0 0
    outer loop
      vertex 82.4641 72 0
      vertex 82.4641 76 3
      vertex 82.4641 76 0
    endloop
  endfacet
  facet normal -1 -0 0
    outer loop
      vertex 82.4641 76 3
      vertex 82.4641 72 0
      vertex 82.4641 72 3
    endloop
  endfacet
  facet normal 0.5 -0.866025 0
    outer loop
      vertex 75.5359 76 0
      vertex 79 78 3
      vertex 75.5359 76 3
    endloop
  endfacet
  facet normal 0.5 -0.866025 0
    outer loop
      vertex 79 78 3
      vertex 75.5359 76 0
      vertex 79 78 0
    endloop
  endfacet
  facet normal -0.5 -0.866025 0
    outer loop
      vertex 79 78 0
      vertex 82.4641 76 3
      vertex 79 78 3
    endloop
  endfacet
  facet normal -0.5 -0.866025 -0
    outer loop
      vertex 82.4641 76 3
      vertex 79 78 0
      vertex 82.4641 76 0
    endloop
  endfacet
  facet normal 1 -0 0
    outer loop
      vertex 75.5359 72 3
      vertex 75.5359 76 0
      vertex 75.5359 76 3
    endloop
  endfacet
  facet normal 1 0 0
    outer loop
      vertex 75.5359 76 0
      vertex 75.5359 72 3
      vertex 75.5359 72 0
    endloop
  endfacet
  facet normal 0.5 0.866025 -0
    outer loop
      vertex 79 70 0
      vertex 75.5359 72 3
      vertex 79 70 3
    endloop
  endfacet
  facet normal 0.5 0.866025 0
    outer loop
      vertex 75.5359 72 3
      vertex 79 70 0
      vertex 75.5359 72 0
    endloop
  endfacet
  facet normal -0.5 0.866025 0
    outer loop
      vertex 92.9641 72 0
      vertex 89.5 70 3
      vertex 92.9641 72 3
    endloop
  endfacet
  facet normal -0.5 0.866025 0
    outer loop
      vertex 89.5 70 3
      vertex 92.9641 72 0
      vertex 89.5 70 0
    endloop
  endfacet
  facet normal -1 0 0
    outer loop
      vertex 92.9641 72 0
      vertex 92.9641 76 3
      vertex 92.9641 76 0
    endloop
  endfacet
  facet normal -1 -0 0
    outer loop
      vertex 92.9641 76 3
      vertex 92.9641 72 0
      vertex 92.9641 72 3
    endloop
  endfacet
  facet normal 0.5 -0.866025 0
    outer loop
      vertex 86.0359 76 0
      vertex 89.5 78 3
      vertex 86.0359 76 3
    endloop
  endfacet
  facet normal 0.5 -0.866025 0
    outer loop
      vertex 89.5 78 3
      vertex 86.0359 76 0
      vertex 89.5 78 0
    endloop
  endfacet
  facet normal -0.5 -0.866025 0
    outer loop
      vertex 89.5 78 0
      vertex 92.9641 76 3
      vertex 89.5 78 3
    endloop
  endfacet
  facet normal -0.5 -0.866025 -0
    outer loop
      vertex 92.9641 76 3
      vertex 89.5 78 0
      vertex 92.9641 76 0
    endloop
  endfacet
  facet normal 1 -0 0
    outer loop
      vertex 86.0359 72 3
      vertex 86.0359 76 0
      vertex 86.0359 76 3
    endloop
  endfacet
  facet normal 1 0 0
    outer loop
      vertex 86.0359 76 0
      vertex 86.0359 72 3
      vertex 86.0359 72 0
    endloop
  endfacet
  facet normal 0.5 0.866025 -0
    outer loop
      vertex 89.5 70 0
      vertex 86.0359 72 3
      vertex 89.5 70 3
    endloop
  endfacet
  facet normal 0.5 0.866025 0
    outer loop
      vertex 86.0359 72 3
      vertex 89.5 70 0
      vertex 86.0359 72 0
    endloop
  endfacet
  facet normal 0.500001 -0.866025 0
    outer loop
      vertex 96.5359 76 0
      vertex 99.7 77.8268 3
      vertex 96.5359 76 3
    endloop
  endfacet
  facet normal 0.500001 -0.866025 0
    outer loop
      vertex 99.7 77.8268 3
      vertex 96.5359 76 0
      vertex 99.7 77.8268 0
    endloop
  endfacet
  facet normal 1 -0 0
    outer loop
      vertex 96.5359 72 3
      vertex 96.5359 76 0
      vertex 96.5359 76 3
    endloop
  endfacet
  facet normal 1 0 0
    outer loop
      vertex 96.5359 76 0
      vertex 96.5359 72 3
      vertex 96.5359 72 0
    endloop
  endfacet
  facet normal 0.500001 0.866025 -0
    outer loop
      vertex 99.7 70.1732 0
      vertex 96.5359 72 3
      vertex 99.7 70.1732 3
    endloop
  endfacet
  facet normal 0.500001 0.866025 0
    outer loop
      vertex 96.5359 72 3
      vertex 99.7 70.1732 0
      vertex 96.5359 72 0
    endloop
  endfacet
  facet normal -0.499968 0.866044 0
    outer loop
      vertex 14.2141 81.093 0
      vertex 14 80.9694 3
      vertex 14.2141 81.093 3
    endloop
  endfacet
  facet normal -0.499968 0.866044 0
    outer loop
      vertex 14 80.9694 3
      vertex 14.2141 81.093 0
      vertex 14 80.9694 0
    endloop
  endfacet
  facet normal -1 0 0
    outer loop
      vertex 14.2141 81.093 0
      vertex 14.2141 85.093 3
      vertex 14.2141 85.093 0
    endloop
  endfacet
  facet normal -1 -0 0
    outer loop
      vertex 14.2141 85.093 3
      vertex 14.2141 81.093 0
      vertex 14.2141 81.093 3
    endloop
  endfacet
  facet normal -0.499968 -0.866044 0
    outer loop
      vertex 14 85.2166 0
      vertex 14.2141 85.093 3
      vertex 14 85.2166 3
    endloop
  endfacet
  facet normal -0.499968 -0.866044 -0
    outer loop
      vertex 14.2141 85.093 3
      vertex 14 85.2166 0
      vertex 14.2141 85.093 0
    endloop
  endfacet
  facet normal -0.5 0.866025 0
    outer loop
      vertex 24.7141 81.093 0
      vertex 21.25 79.093 3
      vertex 24.7141 81.093 3
    endloop
  endfacet
  facet normal -0.5 0.866025 0
    outer loop
      vertex 21.25 79.093 3
      vertex 24.7141 81.093 0
      vertex 21.25 79.093 0
    endloop
  endfacet
  facet normal -1 0 0
    outer loop
      vertex 24.7141 81.093 0
      vertex 24.7141 85.093 3
      vertex 24.7141 85.093 0
    endloop
  endfacet
  facet normal -1 -0 0
    outer loop
      vertex 24.7141 85.093 3
      vertex 24.7141 81.093 0
      vertex 24.7141 81.093 3
    endloop
  endfacet
  facet normal 0.5 -0.866025 0
    outer loop
      vertex 17.7859 85.093 0
      vertex 21.25 87.093 3
      vertex 17.7859 85.093 3
    endloop
  endfacet
  facet normal 0.5 -0.866025 0
    outer loop
      vertex 21.25 87.093 3
      vertex 17.7859 85.093 0
      vertex 21.25 87.093 0
    endloop
  endfacet
  facet normal -0.5 -0.866025 0
    outer loop
      vertex 21.25 87.093 0
      vertex 24.7141 85.093 3
      vertex 21.25 87.093 3
    endloop
  endfacet
  facet normal -0.5 -0.866025 -0
    outer loop
      vertex 24.7141 85.093 3
      vertex 21.25 87.093 0
      vertex 24.7141 85.093 0
    endloop
  endfacet
  facet normal 1 -0 0
    outer loop
      vertex 17.7859 81.093 3
      vertex 17.7859 85.093 0
      vertex 17.7859 85.093 3
    endloop
  endfacet
  facet normal 1 0 0
    outer loop
      vertex 17.7859 85.093 0
      vertex 17.7859 81.093 3
      vertex 17.7859 81.093 0
    endloop
  endfacet
  facet normal 0.5 0.866025 -0
    outer loop
      vertex 21.25 79.093 0
      vertex 17.7859 81.093 3
      vertex 21.25 79.093 3
    endloop
  endfacet
  facet normal 0.5 0.866025 0
    outer loop
      vertex 17.7859 81.093 3
      vertex 21.25 79.093 0
      vertex 17.7859 81.093 0
    endloop
  endfacet
  facet normal -0.5 0.866025 0
    outer loop
      vertex 35.2141 81.093 0
      vertex 31.75 79.093 3
      vertex 35.2141 81.093 3
    endloop
  endfacet
  facet normal -0.5 0.866025 0
    outer loop
      vertex 31.75 79.093 3
      vertex 35.2141 81.093 0
      vertex 31.75 79.093 0
    endloop
  endfacet
  facet normal -1 0 0
    outer loop
      vertex 35.2141 81.093 0
      vertex 35.2141 85.093 3
      vertex 35.2141 85.093 0
    endloop
  endfacet
  facet normal -1 -0 0
    outer loop
      vertex 35.2141 85.093 3
      vertex 35.2141 81.093 0
      vertex 35.2141 81.093 3
    endloop
  endfacet
  facet normal 0.5 -0.866025 0
    outer loop
      vertex 28.2859 85.093 0
      vertex 31.75 87.093 3
      vertex 28.2859 85.093 3
    endloop
  endfacet
  facet normal 0.5 -0.866025 0
    outer loop
      vertex 31.75 87.093 3
      vertex 28.2859 85.093 0
      vertex 31.75 87.093 0
    endloop
  endfacet
  facet normal -0.5 -0.866025 0
    outer loop
      vertex 31.75 87.093 0
      vertex 35.2141 85.093 3
      vertex 31.75 87.093 3
    endloop
  endfacet
  facet normal -0.5 -0.866025 -0
    outer loop
      vertex 35.2141 85.093 3
      vertex 31.75 87.093 0
      vertex 35.2141 85.093 0
    endloop
  endfacet
  facet normal 1 -0 0
    outer loop
      vertex 28.2859 81.093 3
      vertex 28.2859 85.093 0
      vertex 28.2859 85.093 3
    endloop
  endfacet
  facet normal 1 0 0
    outer loop
      vertex 28.2859 85.093 0
      vertex 28.2859 81.093 3
      vertex 28.2859 81.093 0
    endloop
  endfacet
  facet normal 0.5 0.866025 -0
    outer loop
      vertex 31.75 79.093 0
      vertex 28.2859 81.093 3
      vertex 31.75 79.093 3
    endloop
  endfacet
  facet normal 0.5 0.866025 0
    outer loop
      vertex 28.2859 81.093 3
      vertex 31.75 79.093 0
      vertex 28.2859 81.093 0
    endloop
  endfacet
  facet normal -0.5 0.866025 0
    outer loop
      vertex 45.7141 81.093 0
      vertex 42.25 79.093 3
      vertex 45.7141 81.093 3
    endloop
  endfacet
  facet normal -0.5 0.866025 0
    outer loop
      vertex 42.25 79.093 3
      vertex 45.7141 81.093 0
      vertex 42.25 79.093 0
    endloop
  endfacet
  facet normal -1 0 0
    outer loop
      vertex 45.7141 81.093 0
      vertex 45.7141 85.093 3
      vertex 45.7141 85.093 0
    endloop
  endfacet
  facet normal -1 -0 0
    outer loop
      vertex 45.7141 85.093 3
      vertex 45.7141 81.093 0
      vertex 45.7141 81.093 3
    endloop
  endfacet
  facet normal 0.5 -0.866025 0
    outer loop
      vertex 38.7859 85.093 0
      vertex 42.25 87.093 3
      vertex 38.7859 85.093 3
    endloop
  endfacet
  facet normal 0.5 -0.866025 0
    outer loop
      vertex 42.25 87.093 3
      vertex 38.7859 85.093 0
      vertex 42.25 87.093 0
    endloop
  endfacet
  facet normal -0.5 -0.866025 0
    outer loop
      vertex 42.25 87.093 0
      vertex 45.7141 85.093 3
      vertex 42.25 87.093 3
    endloop
  endfacet
  facet normal -0.5 -0.866025 -0
    outer loop
      vertex 45.7141 85.093 3
      vertex 42.25 87.093 0
      vertex 45.7141 85.093 0
    endloop
  endfacet
  facet normal 1 -0 0
    outer loop
      vertex 38.7859 81.093 3
      vertex 38.7859 85.093 0
      vertex 38.7859 85.093 3
    endloop
  endfacet
  facet normal 1 0 0
    outer loop
      vertex 38.7859 85.093 0
      vertex 38.7859 81.093 3
      vertex 38.7859 81.093 0
    endloop
  endfacet
  facet normal 0.5 0.866025 -0
    outer loop
      vertex 42.25 79.093 0
      vertex 38.7859 81.093 3
      vertex 42.25 79.093 3
    endloop
  endfacet
  facet normal 0.5 0.866025 0
    outer loop
      vertex 38.7859 81.093 3
      vertex 42.25 79.093 0
      vertex 38.7859 81.093 0
    endloop
  endfacet
  facet normal -0.5 0.866025 0
    outer loop
      vertex 56.2141 81.093 0
      vertex 52.75 79.093 3
      vertex 56.2141 81.093 3
    endloop
  endfacet
  facet normal -0.5 0.866025 0
    outer loop
      vertex 52.75 79.093 3
      vertex 56.2141 81.093 0
      vertex 52.75 79.093 0
    endloop
  endfacet
  facet normal -1 0 0
    outer loop
      vertex 56.2141 81.093 0
      vertex 56.2141 85.093 3
      vertex 56.2141 85.093 0
    endloop
  endfacet
  facet normal -1 -0 0
    outer loop
      vertex 56.2141 85.093 3
      vertex 56.2141 81.093 0
      vertex 56.2141 81.093 3
    endloop
  endfacet
  facet normal 0.5 -0.866025 0
    outer loop
      vertex 49.2859 85.093 0
      vertex 52.75 87.093 3
      vertex 49.2859 85.093 3
    endloop
  endfacet
  facet normal 0.5 -0.866025 0
    outer loop
      vertex 52.75 87.093 3
      vertex 49.2859 85.093 0
      vertex 52.75 87.093 0
    endloop
  endfacet
  facet normal -0.5 -0.866025 0
    outer loop
      vertex 52.75 87.093 0
      vertex 56.2141 85.093 3
      vertex 52.75 87.093 3
    endloop
  endfacet
  facet normal -0.5 -0.866025 -0
    outer loop
      vertex 56.2141 85.093 3
      vertex 52.75 87.093 0
      vertex 56.2141 85.093 0
    endloop
  endfacet
  facet normal 1 -0 0
    outer loop
      vertex 49.2859 81.093 3
      vertex 49.2859 85.093 0
      vertex 49.2859 85.093 3
    endloop
  endfacet
  facet normal 1 0 0
    outer loop
      vertex 49.2859 85.093 0
      vertex 49.2859 81.093 3
      vertex 49.2859 81.093 0
    endloop
  endfacet
  facet normal 0.5 0.866025 -0
    outer loop
      vertex 52.75 79.093 0
      vertex 49.2859 81.093 3
      vertex 52.75 79.093 3
    endloop
  endfacet
  facet normal 0.5 0.866025 0
    outer loop
      vertex 49.2859 81.093 3
      vertex 52.75 79.093 0
      vertex 49.2859 81.093 0
    endloop
  endfacet
  facet normal -0.5 0.866025 0
    outer loop
      vertex 66.7141 81.093 0
      vertex 63.25 79.093 3
      vertex 66.7141 81.093 3
    endloop
  endfacet
  facet normal -0.5 0.866025 0
    outer loop
      vertex 63.25 79.093 3
      vertex 66.7141 81.093 0
      vertex 63.25 79.093 0
    endloop
  endfacet
  facet normal -1 0 0
    outer loop
      vertex 66.7141 81.093 0
      vertex 66.7141 85.093 3
      vertex 66.7141 85.093 0
    endloop
  endfacet
  facet normal -1 -0 0
    outer loop
      vertex 66.7141 85.093 3
      vertex 66.7141 81.093 0
      vertex 66.7141 81.093 3
    endloop
  endfacet
  facet normal 0.5 -0.866025 0
    outer loop
      vertex 59.7859 85.093 0
      vertex 63.25 87.093 3
      vertex 59.7859 85.093 3
    endloop
  endfacet
  facet normal 0.5 -0.866025 0
    outer loop
      vertex 63.25 87.093 3
      vertex 59.7859 85.093 0
      vertex 63.25 87.093 0
    endloop
  endfacet
  facet normal -0.5 -0.866025 0
    outer loop
      vertex 63.25 87.093 0
      vertex 66.7141 85.093 3
      vertex 63.25 87.093 3
    endloop
  endfacet
  facet normal -0.5 -0.866025 -0
    outer loop
      vertex 66.7141 85.093 3
      vertex 63.25 87.093 0
      vertex 66.7141 85.093 0
    endloop
  endfacet
  facet normal 1 -0 0
    outer loop
      vertex 59.7859 81.093 3
      vertex 59.7859 85.093 0
      vertex 59.7859 85.093 3
    endloop
  endfacet
  facet normal 1 0 0
    outer loop
      vertex 59.7859 85.093 0
      vertex 59.7859 81.093 3
      vertex 59.7859 81.093 0
    endloop
  endfacet
  facet normal 0.5 0.866025 -0
    outer loop
      vertex 63.25 79.093 0
      vertex 59.7859 81.093 3
      vertex 63.25 79.093 3
    endloop
  endfacet
  facet normal 0.5 0.866025 0
    outer loop
      vertex 59.7859 81.093 3
      vertex 63.25 79.093 0
      vertex 59.7859 81.093 0
    endloop
  endfacet
  facet normal -0.5 0.866025 0
    outer loop
      vertex 77.2141 81.093 0
      vertex 73.75 79.093 3
      vertex 77.2141 81.093 3
    endloop
  endfacet
  facet normal -0.5 0.866025 0
    outer loop
      vertex 73.75 79.093 3
      vertex 77.2141 81.093 0
      vertex 73.75 79.093 0
    endloop
  endfacet
  facet normal -1 0 0
    outer loop
      vertex 77.2141 81.093 0
      vertex 77.2141 85.093 3
      vertex 77.2141 85.093 0
    endloop
  endfacet
  facet normal -1 -0 0
    outer loop
      vertex 77.2141 85.093 3
      vertex 77.2141 81.093 0
      vertex 77.2141 81.093 3
    endloop
  endfacet
  facet normal 0.5 -0.866025 0
    outer loop
      vertex 70.2859 85.093 0
      vertex 73.75 87.093 3
      vertex 70.2859 85.093 3
    endloop
  endfacet
  facet normal 0.5 -0.866025 0
    outer loop
      vertex 73.75 87.093 3
      vertex 70.2859 85.093 0
      vertex 73.75 87.093 0
    endloop
  endfacet
  facet normal -0.5 -0.866025 0
    outer loop
      vertex 73.75 87.093 0
      vertex 77.2141 85.093 3
      vertex 73.75 87.093 3
    endloop
  endfacet
  facet normal -0.5 -0.866025 -0
    outer loop
      vertex 77.2141 85.093 3
      vertex 73.75 87.093 0
      vertex 77.2141 85.093 0
    endloop
  endfacet
  facet normal 1 -0 0
    outer loop
      vertex 70.2859 81.093 3
      vertex 70.2859 85.093 0
      vertex 70.2859 85.093 3
    endloop
  endfacet
  facet normal 1 0 0
    outer loop
      vertex 70.2859 85.093 0
      vertex 70.2859 81.093 3
      vertex 70.2859 81.093 0
    endloop
  endfacet
  facet normal 0.5 0.866025 -0
    outer loop
      vertex 73.75 79.093 0
      vertex 70.2859 81.093 3
      vertex 73.75 79.093 3
    endloop
  endfacet
  facet normal 0.5 0.866025 0
    outer loop
      vertex 70.2859 81.093 3
      vertex 73.75 79.093 0
      vertex 70.2859 81.093 0
    endloop
  endfacet
  facet normal -0.5 0.866025 0
    outer loop
      vertex 87.7141 81.093 0
      vertex 84.25 79.093 3
      vertex 87.7141 81.093 3
    endloop
  endfacet
  facet normal -0.5 0.866025 0
    outer loop
      vertex 84.25 79.093 3
      vertex 87.7141 81.093 0
      vertex 84.25 79.093 0
    endloop
  endfacet
  facet normal -1 0 0
    outer loop
      vertex 87.7141 81.093 0
      vertex 87.7141 85.093 3
      vertex 87.7141 85.093 0
    endloop
  endfacet
  facet normal -1 -0 0
    outer loop
      vertex 87.7141 85.093 3
      vertex 87.7141 81.093 0
      vertex 87.7141 81.093 3
    endloop
  endfacet
  facet normal 0.5 -0.866025 0
    outer loop
      vertex 80.7859 85.093 0
      vertex 84.25 87.093 3
      vertex 80.7859 85.093 3
    endloop
  endfacet
  facet normal 0.5 -0.866025 0
    outer loop
      vertex 84.25 87.093 3
      vertex 80.7859 85.093 0
      vertex 84.25 87.093 0
    endloop
  endfacet
  facet normal -0.5 -0.866025 0
    outer loop
      vertex 84.25 87.093 0
      vertex 87.7141 85.093 3
      vertex 84.25 87.093 3
    endloop
  endfacet
  facet normal -0.5 -0.866025 -0
    outer loop
      vertex 87.7141 85.093 3
      vertex 84.25 87.093 0
      vertex 87.7141 85.093 0
    endloop
  endfacet
  facet normal 1 -0 0
    outer loop
      vertex 80.7859 81.093 3
      vertex 80.7859 85.093 0
      vertex 80.7859 85.093 3
    endloop
  endfacet
  facet normal 1 0 0
    outer loop
      vertex 80.7859 85.093 0
      vertex 80.7859 81.093 3
      vertex 80.7859 81.093 0
    endloop
  endfacet
  facet normal 0.5 0.866025 -0
    outer loop
      vertex 84.25 79.093 0
      vertex 80.7859 81.093 3
      vertex 84.25 79.093 3
    endloop
  endfacet
  facet normal 0.5 0.866025 0
    outer loop
      vertex 80.7859 81.093 3
      vertex 84.25 79.093 0
      vertex 80.7859 81.093 0
    endloop
  endfacet
  facet normal -0.5 0.866025 0
    outer loop
      vertex 98.2141 81.093 0
      vertex 94.75 79.093 3
      vertex 98.2141 81.093 3
    endloop
  endfacet
  facet normal -0.5 0.866025 0
    outer loop
      vertex 94.75 79.093 3
      vertex 98.2141 81.093 0
      vertex 94.75 79.093 0
    endloop
  endfacet
  facet normal -1 0 0
    outer loop
      vertex 98.2141 81.093 0
      vertex 98.2141 85.093 3
      vertex 98.2141 85.093 0
    endloop
  endfacet
  facet normal -1 -0 0
    outer loop
      vertex 98.2141 85.093 3
      vertex 98.2141 81.093 0
      vertex 98.2141 81.093 3
    endloop
  endfacet
  facet normal 0.5 -0.866025 0
    outer loop
      vertex 91.2859 85.093 0
      vertex 94.75 87.093 3
      vertex 91.2859 85.093 3
    endloop
  endfacet
  facet normal 0.5 -0.866025 0
    outer loop
      vertex 94.75 87.093 3
      vertex 91.2859 85.093 0
      vertex 94.75 87.093 0
    endloop
  endfacet
  facet normal -0.5 -0.866025 0
    outer loop
      vertex 94.75 87.093 0
      vertex 98.2141 85.093 3
      vertex 94.75 87.093 3
    endloop
  endfacet
  facet normal -0.5 -0.866025 -0
    outer loop
      vertex 98.2141 85.093 3
      vertex 94.75 87.093 0
      vertex 98.2141 85.093 0
    endloop
  endfacet
  facet normal 1 -0 0
    outer loop
      vertex 91.2859 81.093 3
      vertex 91.2859 85.093 0
      vertex 91.2859 85.093 3
    endloop
  endfacet
  facet normal 1 0 0
    outer loop
      vertex 91.2859 85.093 0
      vertex 91.2859 81.093 3
      vertex 91.2859 81.093 0
    endloop
  endfacet
  facet normal 0.5 0.866025 -0
    outer loop
      vertex 94.75 79.093 0
      vertex 91.2859 81.093 3
      vertex 94.75 79.093 3
    endloop
  endfacet
  facet normal 0.5 0.866025 0
    outer loop
      vertex 91.2859 81.093 3
      vertex 94.75 79.093 0
      vertex 91.2859 81.093 0
    endloop
  endfacet
  facet normal -0.5 0.866025 0
    outer loop
      vertex 19.4641 90.186 0
      vertex 16 88.186 3
      vertex 19.4641 90.186 3
    endloop
  endfacet
  facet normal -0.5 0.866025 0
    outer loop
      vertex 16 88.186 3
      vertex 19.4641 90.186 0
      vertex 16 88.186 0
    endloop
  endfacet
  facet normal -1 0 0
    outer loop
      vertex 19.4641 90.186 0
      vertex 19.4641 94.186 3
      vertex 19.4641 94.186 0
    endloop
  endfacet
  facet normal -1 -0 0
    outer loop
      vertex 19.4641 94.186 3
      vertex 19.4641 90.186 0
      vertex 19.4641 90.186 3
    endloop
  endfacet
  facet normal 0.5 -0.866026 0
    outer loop
      vertex 14 95.0313 0
      vertex 16 96.186 3
      vertex 14 95.0313 3
    endloop
  endfacet
  facet normal 0.5 -0.866026 0
    outer loop
      vertex 16 96.186 3
      vertex 14 95.0313 0
      vertex 16 96.186 0
    endloop
  endfacet
  facet normal -0.5 -0.866025 0
    outer loop
      vertex 16 96.186 0
      vertex 19.4641 94.186 3
      vertex 16 96.186 3
    endloop
  endfacet
  facet normal -0.5 -0.866025 -0
    outer loop
      vertex 19.4641 94.186 3
      vertex 16 96.186 0
      vertex 19.4641 94.186 0
    endloop
  endfacet
  facet normal 0.5 0.866026 -0
    outer loop
      vertex 16 88.186 0
      vertex 14 89.3407 3
      vertex 16 88.186 3
    endloop
  endfacet
  facet normal 0.5 0.866026 0
    outer loop
      vertex 14 89.3407 3
      vertex 16 88.186 0
      vertex 14 89.3407 0
    endloop
  endfacet
  facet normal -0.5 0.866025 0
    outer loop
      vertex 29.9641 90.186 0
      vertex 26.5 88.186 3
      vertex 29.9641 90.186 3
    endloop
  endfacet
  facet normal -0.5 0.866025 0
    outer loop
      vertex 26.5 88.186 3
      vertex 29.9641 90.186 0
      vertex 26.5 88.186 0
    endloop
  endfacet
  facet normal -1 0 0
    outer loop
      vertex 29.9641 90.186 0
      vertex 29.9641 94.186 3
      vertex 29.9641 94.186 0
    endloop
  endfacet
  facet normal -1 -0 0
    outer loop
      vertex 29.9641 94.186 3
      vertex 29.9641 90.186 0
      vertex 29.9641 90.186 3
    endloop
  endfacet
  facet normal 0.5 -0.866025 0
    outer loop
      vertex 23.0359 94.186 0
      vertex 26.5 96.186 3
      vertex 23.0359 94.186 3
    endloop
  endfacet
  facet normal 0.5 -0.866025 0
    outer loop
      vertex 26.5 96.186 3
      vertex 23.0359 94.186 0
      vertex 26.5 96.186 0
    endloop
  endfacet
  facet normal -0.5 -0.866025 0
    outer loop
      vertex 26.5 96.186 0
      vertex 29.9641 94.186 3
      vertex 26.5 96.186 3
    endloop
  endfacet
  facet normal -0.5 -0.866025 -0
    outer loop
      vertex 29.9641 94.186 3
      vertex 26.5 96.186 0
      vertex 29.9641 94.186 0
    endloop
  endfacet
  facet normal 1 -0 0
    outer loop
      vertex 23.0359 90.186 3
      vertex 23.0359 94.186 0
      vertex 23.0359 94.186 3
    endloop
  endfacet
  facet normal 1 0 0
    outer loop
      vertex 23.0359 94.186 0
      vertex 23.0359 90.186 3
      vertex 23.0359 90.186 0
    endloop
  endfacet
  facet normal 0.5 0.866025 -0
    outer loop
      vertex 26.5 88.186 0
      vertex 23.0359 90.186 3
      vertex 26.5 88.186 3
    endloop
  endfacet
  facet normal 0.5 0.866025 0
    outer loop
      vertex 23.0359 90.186 3
      vertex 26.5 88.186 0
      vertex 23.0359 90.186 0
    endloop
  endfacet
  facet normal -0.5 0.866025 0
    outer loop
      vertex 40.4641 90.186 0
      vertex 37 88.186 3
      vertex 40.4641 90.186 3
    endloop
  endfacet
  facet normal -0.5 0.866025 0
    outer loop
      vertex 37 88.186 3
      vertex 40.4641 90.186 0
      vertex 37 88.186 0
    endloop
  endfacet
  facet normal -1 0 0
    outer loop
      vertex 40.4641 90.186 0
      vertex 40.4641 94.186 3
      vertex 40.4641 94.186 0
    endloop
  endfacet
  facet normal -1 -0 0
    outer loop
      vertex 40.4641 94.186 3
      vertex 40.4641 90.186 0
      vertex 40.4641 90.186 3
    endloop
  endfacet
  facet normal 0.5 -0.866025 0
    outer loop
      vertex 33.5359 94.186 0
      vertex 37 96.186 3
      vertex 33.5359 94.186 3
    endloop
  endfacet
  facet normal 0.5 -0.866025 0
    outer loop
      vertex 37 96.186 3
      vertex 33.5359 94.186 0
      vertex 37 96.186 0
    endloop
  endfacet
  facet normal -0.5 -0.866025 0
    outer loop
      vertex 37 96.186 0
      vertex 40.4641 94.186 3
      vertex 37 96.186 3
    endloop
  endfacet
  facet normal -0.5 -0.866025 -0
    outer loop
      vertex 40.4641 94.186 3
      vertex 37 96.186 0
      vertex 40.4641 94.186 0
    endloop
  endfacet
  facet normal 1 -0 0
    outer loop
      vertex 33.5359 90.186 3
      vertex 33.5359 94.186 0
      vertex 33.5359 94.186 3
    endloop
  endfacet
  facet normal 1 0 0
    outer loop
      vertex 33.5359 94.186 0
      vertex 33.5359 90.186 3
      vertex 33.5359 90.186 0
    endloop
  endfacet
  facet normal 0.5 0.866025 -0
    outer loop
      vertex 37 88.186 0
      vertex 33.5359 90.186 3
      vertex 37 88.186 3
    endloop
  endfacet
  facet normal 0.5 0.866025 0
    outer loop
      vertex 33.5359 90.186 3
      vertex 37 88.186 0
      vertex 33.5359 90.186 0
    endloop
  endfacet
  facet normal -0.5 0.866025 0
    outer loop
      vertex 50.9641 90.186 0
      vertex 47.5 88.186 3
      vertex 50.9641 90.186 3
    endloop
  endfacet
  facet normal -0.5 0.866025 0
    outer loop
      vertex 47.5 88.186 3
      vertex 50.9641 90.186 0
      vertex 47.5 88.186 0
    endloop
  endfacet
  facet normal -1 0 0
    outer loop
      vertex 50.9641 90.186 0
      vertex 50.9641 94.186 3
      vertex 50.9641 94.186 0
    endloop
  endfacet
  facet normal -1 -0 0
    outer loop
      vertex 50.9641 94.186 3
      vertex 50.9641 90.186 0
      vertex 50.9641 90.186 3
    endloop
  endfacet
  facet normal 0.5 -0.866025 0
    outer loop
      vertex 44.0359 94.186 0
      vertex 47.5 96.186 3
      vertex 44.0359 94.186 3
    endloop
  endfacet
  facet normal 0.5 -0.866025 0
    outer loop
      vertex 47.5 96.186 3
      vertex 44.0359 94.186 0
      vertex 47.5 96.186 0
    endloop
  endfacet
  facet normal -0.5 -0.866025 0
    outer loop
      vertex 47.5 96.186 0
      vertex 50.9641 94.186 3
      vertex 47.5 96.186 3
    endloop
  endfacet
  facet normal -0.5 -0.866025 -0
    outer loop
      vertex 50.9641 94.186 3
      vertex 47.5 96.186 0
      vertex 50.9641 94.186 0
    endloop
  endfacet
  facet normal 1 -0 0
    outer loop
      vertex 44.0359 90.186 3
      vertex 44.0359 94.186 0
      vertex 44.0359 94.186 3
    endloop
  endfacet
  facet normal 1 0 0
    outer loop
      vertex 44.0359 94.186 0
      vertex 44.0359 90.186 3
      vertex 44.0359 90.186 0
    endloop
  endfacet
  facet normal 0.5 0.866025 -0
    outer loop
      vertex 47.5 88.186 0
      vertex 44.0359 90.186 3
      vertex 47.5 88.186 3
    endloop
  endfacet
  facet normal 0.5 0.866025 0
    outer loop
      vertex 44.0359 90.186 3
      vertex 47.5 88.186 0
      vertex 44.0359 90.186 0
    endloop
  endfacet
  facet normal -0.5 0.866025 0
    outer loop
      vertex 61.4641 90.186 0
      vertex 58 88.186 3
      vertex 61.4641 90.186 3
    endloop
  endfacet
  facet normal -0.5 0.866025 0
    outer loop
      vertex 58 88.186 3
      vertex 61.4641 90.186 0
      vertex 58 88.186 0
    endloop
  endfacet
  facet normal -1 0 0
    outer loop
      vertex 61.4641 90.186 0
      vertex 61.4641 94.186 3
      vertex 61.4641 94.186 0
    endloop
  endfacet
  facet normal -1 -0 0
    outer loop
      vertex 61.4641 94.186 3
      vertex 61.4641 90.186 0
      vertex 61.4641 90.186 3
    endloop
  endfacet
  facet normal 0.5 -0.866025 0
    outer loop
      vertex 54.5359 94.186 0
      vertex 58 96.186 3
      vertex 54.5359 94.186 3
    endloop
  endfacet
  facet normal 0.5 -0.866025 0
    outer loop
      vertex 58 96.186 3
      vertex 54.5359 94.186 0
      vertex 58 96.186 0
    endloop
  endfacet
  facet normal -0.5 -0.866025 0
    outer loop
      vertex 58 96.186 0
      vertex 61.4641 94.186 3
      vertex 58 96.186 3
    endloop
  endfacet
  facet normal -0.5 -0.866025 -0
    outer loop
      vertex 61.4641 94.186 3
      vertex 58 96.186 0
      vertex 61.4641 94.186 0
    endloop
  endfacet
  facet normal 1 -0 0
    outer loop
      vertex 54.5359 90.186 3
      vertex 54.5359 94.186 0
      vertex 54.5359 94.186 3
    endloop
  endfacet
  facet normal 1 0 0
    outer loop
      vertex 54.5359 94.186 0
      vertex 54.5359 90.186 3
      vertex 54.5359 90.186 0
    endloop
  endfacet
  facet normal 0.5 0.866025 -0
    outer loop
      vertex 58 88.186 0
      vertex 54.5359 90.186 3
      vertex 58 88.186 3
    endloop
  endfacet
  facet normal 0.5 0.866025 0
    outer loop
      vertex 54.5359 90.186 3
      vertex 58 88.186 0
      vertex 54.5359 90.186 0
    endloop
  endfacet
  facet normal -0.5 0.866025 0
    outer loop
      vertex 71.9641 90.186 0
      vertex 68.5 88.186 3
      vertex 71.9641 90.186 3
    endloop
  endfacet
  facet normal -0.5 0.866025 0
    outer loop
      vertex 68.5 88.186 3
      vertex 71.9641 90.186 0
      vertex 68.5 88.186 0
    endloop
  endfacet
  facet normal -1 0 0
    outer loop
      vertex 71.9641 90.186 0
      vertex 71.9641 94.186 3
      vertex 71.9641 94.186 0
    endloop
  endfacet
  facet normal -1 -0 0
    outer loop
      vertex 71.9641 94.186 3
      vertex 71.9641 90.186 0
      vertex 71.9641 90.186 3
    endloop
  endfacet
  facet normal 0.5 -0.866025 0
    outer loop
      vertex 65.0359 94.186 0
      vertex 68.5 96.186 3
      vertex 65.0359 94.186 3
    endloop
  endfacet
  facet normal 0.5 -0.866025 0
    outer loop
      vertex 68.5 96.186 3
      vertex 65.0359 94.186 0
      vertex 68.5 96.186 0
    endloop
  endfacet
  facet normal -0.5 -0.866025 0
    outer loop
      vertex 68.5 96.186 0
      vertex 71.9641 94.186 3
      vertex 68.5 96.186 3
    endloop
  endfacet
  facet normal -0.5 -0.866025 -0
    outer loop
      vertex 71.9641 94.186 3
      vertex 68.5 96.186 0
      vertex 71.9641 94.186 0
    endloop
  endfacet
  facet normal 1 -0 0
    outer loop
      vertex 65.0359 90.186 3
      vertex 65.0359 94.186 0
      vertex 65.0359 94.186 3
    endloop
  endfacet
  facet normal 1 0 0
    outer loop
      vertex 65.0359 94.186 0
      vertex 65.0359 90.186 3
      vertex 65.0359 90.186 0
    endloop
  endfacet
  facet normal 0.5 0.866025 -0
    outer loop
      vertex 68.5 88.186 0
      vertex 65.0359 90.186 3
      vertex 68.5 88.186 3
    endloop
  endfacet
  facet normal 0.5 0.866025 0
    outer loop
      vertex 65.0359 90.186 3
      vertex 68.5 88.186 0
      vertex 65.0359 90.186 0
    endloop
  endfacet
  facet normal -0.5 0.866025 0
    outer loop
      vertex 82.4641 90.186 0
      vertex 79 88.186 3
      vertex 82.4641 90.186 3
    endloop
  endfacet
  facet normal -0.5 0.866025 0
    outer loop
      vertex 79 88.186 3
      vertex 82.4641 90.186 0
      vertex 79 88.186 0
    endloop
  endfacet
  facet normal -1 0 0
    outer loop
      vertex 82.4641 90.186 0
      vertex 82.4641 94.186 3
      vertex 82.4641 94.186 0
    endloop
  endfacet
  facet normal -1 -0 0
    outer loop
      vertex 82.4641 94.186 3
      vertex 82.4641 90.186 0
      vertex 82.4641 90.186 3
    endloop
  endfacet
  facet normal 0.5 -0.866025 0
    outer loop
      vertex 75.5359 94.186 0
      vertex 79 96.186 3
      vertex 75.5359 94.186 3
    endloop
  endfacet
  facet normal 0.5 -0.866025 0
    outer loop
      vertex 79 96.186 3
      vertex 75.5359 94.186 0
      vertex 79 96.186 0
    endloop
  endfacet
  facet normal -0.5 -0.866025 0
    outer loop
      vertex 79 96.186 0
      vertex 82.4641 94.186 3
      vertex 79 96.186 3
    endloop
  endfacet
  facet normal -0.5 -0.866025 -0
    outer loop
      vertex 82.4641 94.186 3
      vertex 79 96.186 0
      vertex 82.4641 94.186 0
    endloop
  endfacet
  facet normal 1 -0 0
    outer loop
      vertex 75.5359 90.186 3
      vertex 75.5359 94.186 0
      vertex 75.5359 94.186 3
    endloop
  endfacet
  facet normal 1 0 0
    outer loop
      vertex 75.5359 94.186 0
      vertex 75.5359 90.186 3
      vertex 75.5359 90.186 0
    endloop
  endfacet
  facet normal 0.5 0.866025 -0
    outer loop
      vertex 79 88.186 0
      vertex 75.5359 90.186 3
      vertex 79 88.186 3
    endloop
  endfacet
  facet normal 0.5 0.866025 0
    outer loop
      vertex 75.5359 90.186 3
      vertex 79 88.186 0
      vertex 75.5359 90.186 0
    endloop
  endfacet
  facet normal -0.5 0.866025 0
    outer loop
      vertex 92.9641 90.186 0
      vertex 89.5 88.186 3
      vertex 92.9641 90.186 3
    endloop
  endfacet
  facet normal -0.5 0.866025 0
    outer loop
      vertex 89.5 88.186 3
      vertex 92.9641 90.186 0
      vertex 89.5 88.186 0
    endloop
  endfacet
  facet normal -1 0 0
    outer loop
      vertex 92.9641 90.186 0
      vertex 92.9641 94.186 3
      vertex 92.9641 94.186 0
    endloop
  endfacet
  facet normal -1 -0 0
    outer loop
      vertex 92.9641 94.186 3
      vertex 92.9641 90.186 0
      vertex 92.9641 90.186 3
    endloop
  endfacet
  facet normal 0.5 -0.866025 0
    outer loop
      vertex 86.0359 94.186 0
      vertex 89.5 96.186 3
      vertex 86.0359 94.186 3
    endloop
  endfacet
  facet normal 0.5 -0.866025 0
    outer loop
      vertex 89.5 96.186 3
      vertex 86.0359 94.186 0
      vertex 89.5 96.186 0
    endloop
  endfacet
  facet normal -0.5 -0.866025 0
    outer loop
      vertex 89.5 96.186 0
      vertex 92.9641 94.186 3
      vertex 89.5 96.186 3
    endloop
  endfacet
  facet normal -0.5 -0.866025 -0
    outer loop
      vertex 92.9641 94.186 3
      vertex 89.5 96.186 0
      vertex 92.9641 94.186 0
    endloop
  endfacet
  facet normal 1 -0 0
    outer loop
      vertex 86.0359 90.186 3
      vertex 86.0359 94.186 0
      vertex 86.0359 94.186 3
    endloop
  endfacet
  facet normal 1 0 0
    outer loop
      vertex 86.0359 94.186 0
      vertex 86.0359 90.186 3
      vertex 86.0359 90.186 0
    endloop
  endfacet
  facet normal 0.5 0.866025 -0
    outer loop
      vertex 89.5 88.186 0
      vertex 86.0359 90.186 3
      vertex 89.5 88.186 3
    endloop
  endfacet
  facet normal 0.5 0.866025 0
    outer loop
      vertex 86.0359 90.186 3
      vertex 89.5 88.186 0
      vertex 86.0359 90.186 0
    endloop
  endfacet
  facet normal 0.500001 -0.866025 0
    outer loop
      vertex 96.5359 94.186 0
      vertex 99.7 96.0128 3
      vertex 96.5359 94.186 3
    endloop
  endfacet
  facet normal 0.500001 -0.866025 0
    outer loop
      vertex 99.7 96.0128 3
      vertex 96.5359 94.186 0
      vertex 99.7 96.0128 0
    endloop
  endfacet
  facet normal 1 -0 0
    outer loop
      vertex 96.5359 90.186 3
      vertex 96.5359 94.186 0
      vertex 96.5359 94.186 3
    endloop
  endfacet
  facet normal 1 0 0
    outer loop
      vertex 96.5359 94.186 0
      vertex 96.5359 90.186 3
      vertex 96.5359 90.186 0
    endloop
  endfacet
  facet normal 0.500001 0.866025 -0
    outer loop
      vertex 99.7 88.3592 0
      vertex 96.5359 90.186 3
      vertex 99.7 88.3592 3
    endloop
  endfacet
  facet normal 0.500001 0.866025 0
    outer loop
      vertex 96.5359 90.186 3
      vertex 99.7 88.3592 0
      vertex 96.5359 90.186 0
    endloop
  endfacet
  facet normal -0.499968 0.866044 0
    outer loop
      vertex 14.2141 99.279 0
      vertex 14 99.1554 3
      vertex 14.2141 99.279 3
    endloop
  endfacet
  facet normal -0.499968 0.866044 0
    outer loop
      vertex 14 99.1554 3
      vertex 14.2141 99.279 0
      vertex 14 99.1554 0
    endloop
  endfacet
  facet normal -1 0 0
    outer loop
      vertex 14.2141 99.279 0
      vertex 14.2141 103.279 3
      vertex 14.2141 103.279 0
    endloop
  endfacet
  facet normal -1 -0 0
    outer loop
      vertex 14.2141 103.279 3
      vertex 14.2141 99.279 0
      vertex 14.2141 99.279 3
    endloop
  endfacet
  facet normal -0.50118 -0.865343 0
    outer loop
      vertex 14 103.403 0
      vertex 14.2141 103.279 3
      vertex 14 103.403 3
    endloop
  endfacet
  facet normal -0.50118 -0.865343 -0
    outer loop
      vertex 14.2141 103.279 3
      vertex 14 103.403 0
      vertex 14.2141 103.279 0
    endloop
  endfacet
  facet normal -0.5 0.866025 0
    outer loop
      vertex 24.7141 99.279 0
      vertex 21.25 97.279 3
      vertex 24.7141 99.279 3
    endloop
  endfacet
  facet normal -0.5 0.866025 0
    outer loop
      vertex 21.25 97.279 3
      vertex 24.7141 99.279 0
      vertex 21.25 97.279 0
    endloop
  endfacet
  facet normal -1 0 0
    outer loop
      vertex 24.7141 99.279 0
      vertex 24.7141 103.279 3
      vertex 24.7141 103.279 0
    endloop
  endfacet
  facet normal -1 -0 0
    outer loop
      vertex 24.7141 103.279 3
      vertex 24.7141 99.279 0
      vertex 24.7141 99.279 3
    endloop
  endfacet
  facet normal 0.5 -0.866025 0
    outer loop
      vertex 17.7859 103.279 0
      vertex 21.25 105.279 3
      vertex 17.7859 103.279 3
    endloop
  endfacet
  facet normal 0.5 -0.866025 0
    outer loop
      vertex 21.25 105.279 3
      vertex 17.7859 103.279 0
      vertex 21.25 105.279 0
    endloop
  endfacet
  facet normal -0.5 -0.866025 0
    outer loop
      vertex 21.25 105.279 0
      vertex 24.7141 103.279 3
      vertex 21.25 105.279 3
    endloop
  endfacet
  facet normal -0.5 -0.866025 -0
    outer loop
      vertex 24.7141 103.279 3
      vertex 21.25 105.279 0
      vertex 24.7141 103.279 0
    endloop
  endfacet
  facet normal 1 -0 0
    outer loop
      vertex 17.7859 99.279 3
      vertex 17.7859 103.279 0
      vertex 17.7859 103.279 3
    endloop
  endfacet
  facet normal 1 0 0
    outer loop
      vertex 17.7859 103.279 0
      vertex 17.7859 99.279 3
      vertex 17.7859 99.279 0
    endloop
  endfacet
  facet normal 0.5 0.866025 -0
    outer loop
      vertex 21.25 97.279 0
      vertex 17.7859 99.279 3
      vertex 21.25 97.279 3
    endloop
  endfacet
  facet normal 0.5 0.866025 0
    outer loop
      vertex 17.7859 99.279 3
      vertex 21.25 97.279 0
      vertex 17.7859 99.279 0
    endloop
  endfacet
  facet normal -0.5 0.866025 0
    outer loop
      vertex 35.2141 99.279 0
      vertex 31.75 97.279 3
      vertex 35.2141 99.279 3
    endloop
  endfacet
  facet normal -0.5 0.866025 0
    outer loop
      vertex 31.75 97.279 3
      vertex 35.2141 99.279 0
      vertex 31.75 97.279 0
    endloop
  endfacet
  facet normal -1 0 0
    outer loop
      vertex 35.2141 99.279 0
      vertex 35.2141 103.279 3
      vertex 35.2141 103.279 0
    endloop
  endfacet
  facet normal -1 -0 0
    outer loop
      vertex 35.2141 103.279 3
      vertex 35.2141 99.279 0
      vertex 35.2141 99.279 3
    endloop
  endfacet
  facet normal 0.5 -0.866025 0
    outer loop
      vertex 28.2859 103.279 0
      vertex 31.75 105.279 3
      vertex 28.2859 103.279 3
    endloop
  endfacet
  facet normal 0.5 -0.866025 0
    outer loop
      vertex 31.75 105.279 3
      vertex 28.2859 103.279 0
      vertex 31.75 105.279 0
    endloop
  endfacet
  facet normal -0.5 -0.866025 0
    outer loop
      vertex 31.75 105.279 0
      vertex 35.2141 103.279 3
      vertex 31.75 105.279 3
    endloop
  endfacet
  facet normal -0.5 -0.866025 -0
    outer loop
      vertex 35.2141 103.279 3
      vertex 31.75 105.279 0
      vertex 35.2141 103.279 0
    endloop
  endfacet
  facet normal 1 -0 0
    outer loop
      vertex 28.2859 99.279 3
      vertex 28.2859 103.279 0
      vertex 28.2859 103.279 3
    endloop
  endfacet
  facet normal 1 0 0
    outer loop
      vertex 28.2859 103.279 0
      vertex 28.2859 99.279 3
      vertex 28.2859 99.279 0
    endloop
  endfacet
  facet normal 0.5 0.866025 -0
    outer loop
      vertex 31.75 97.279 0
      vertex 28.2859 99.279 3
      vertex 31.75 97.279 3
    endloop
  endfacet
  facet normal 0.5 0.866025 0
    outer loop
      vertex 28.2859 99.279 3
      vertex 31.75 97.279 0
      vertex 28.2859 99.279 0
    endloop
  endfacet
  facet normal -0.5 0.866025 0
    outer loop
      vertex 45.7141 99.279 0
      vertex 42.25 97.279 3
      vertex 45.7141 99.279 3
    endloop
  endfacet
  facet normal -0.5 0.866025 0
    outer loop
      vertex 42.25 97.279 3
      vertex 45.7141 99.279 0
      vertex 42.25 97.279 0
    endloop
  endfacet
  facet normal -1 0 0
    outer loop
      vertex 45.7141 99.279 0
      vertex 45.7141 103.279 3
      vertex 45.7141 103.279 0
    endloop
  endfacet
  facet normal -1 -0 0
    outer loop
      vertex 45.7141 103.279 3
      vertex 45.7141 99.279 0
      vertex 45.7141 99.279 3
    endloop
  endfacet
  facet normal 0.5 -0.866025 0
    outer loop
      vertex 38.7859 103.279 0
      vertex 42.25 105.279 3
      vertex 38.7859 103.279 3
    endloop
  endfacet
  facet normal 0.5 -0.866025 0
    outer loop
      vertex 42.25 105.279 3
      vertex 38.7859 103.279 0
      vertex 42.25 105.279 0
    endloop
  endfacet
  facet normal -0.5 -0.866025 0
    outer loop
      vertex 42.25 105.279 0
      vertex 45.7141 103.279 3
      vertex 42.25 105.279 3
    endloop
  endfacet
  facet normal -0.5 -0.866025 -0
    outer loop
      vertex 45.7141 103.279 3
      vertex 42.25 105.279 0
      vertex 45.7141 103.279 0
    endloop
  endfacet
  facet normal 1 -0 0
    outer loop
      vertex 38.7859 99.279 3
      vertex 38.7859 103.279 0
      vertex 38.7859 103.279 3
    endloop
  endfacet
  facet normal 1 0 0
    outer loop
      vertex 38.7859 103.279 0
      vertex 38.7859 99.279 3
      vertex 38.7859 99.279 0
    endloop
  endfacet
  facet normal 0.5 0.866025 -0
    outer loop
      vertex 42.25 97.279 0
      vertex 38.7859 99.279 3
      vertex 42.25 97.279 3
    endloop
  endfacet
  facet normal 0.5 0.866025 0
    outer loop
      vertex 38.7859 99.279 3
      vertex 42.25 97.279 0
      vertex 38.7859 99.279 0
    endloop
  endfacet
  facet normal -0.5 0.866025 0
    outer loop
      vertex 56.2141 99.279 0
      vertex 52.75 97.279 3
      vertex 56.2141 99.279 3
    endloop
  endfacet
  facet normal -0.5 0.866025 0
    outer loop
      vertex 52.75 97.279 3
      vertex 56.2141 99.279 0
      vertex 52.75 97.279 0
    endloop
  endfacet
  facet normal -1 0 0
    outer loop
      vertex 56.2141 99.279 0
      vertex 56.2141 103.279 3
      vertex 56.2141 103.279 0
    endloop
  endfacet
  facet normal -1 -0 0
    outer loop
      vertex 56.2141 103.279 3
      vertex 56.2141 99.279 0
      vertex 56.2141 99.279 3
    endloop
  endfacet
  facet normal 0.5 -0.866025 0
    outer loop
      vertex 49.2859 103.279 0
      vertex 52.75 105.279 3
      vertex 49.2859 103.279 3
    endloop
  endfacet
  facet normal 0.5 -0.866025 0
    outer loop
      vertex 52.75 105.279 3
      vertex 49.2859 103.279 0
      vertex 52.75 105.279 0
    endloop
  endfacet
  facet normal -0.5 -0.866025 0
    outer loop
      vertex 52.75 105.279 0
      vertex 56.2141 103.279 3
      vertex 52.75 105.279 3
    endloop
  endfacet
  facet normal -0.5 -0.866025 -0
    outer loop
      vertex 56.2141 103.279 3
      vertex 52.75 105.279 0
      vertex 56.2141 103.279 0
    endloop
  endfacet
  facet normal 1 -0 0
    outer loop
      vertex 49.2859 99.279 3
      vertex 49.2859 103.279 0
      vertex 49.2859 103.279 3
    endloop
  endfacet
  facet normal 1 0 0
    outer loop
      vertex 49.2859 103.279 0
      vertex 49.2859 99.279 3
      vertex 49.2859 99.279 0
    endloop
  endfacet
  facet normal 0.5 0.866025 -0
    outer loop
      vertex 52.75 97.279 0
      vertex 49.2859 99.279 3
      vertex 52.75 97.279 3
    endloop
  endfacet
  facet normal 0.5 0.866025 0
    outer loop
      vertex 49.2859 99.279 3
      vertex 52.75 97.279 0
      vertex 49.2859 99.279 0
    endloop
  endfacet
  facet normal -0.5 0.866025 0
    outer loop
      vertex 66.7141 99.279 0
      vertex 63.25 97.279 3
      vertex 66.7141 99.279 3
    endloop
  endfacet
  facet normal -0.5 0.866025 0
    outer loop
      vertex 63.25 97.279 3
      vertex 66.7141 99.279 0
      vertex 63.25 97.279 0
    endloop
  endfacet
  facet normal -1 0 0
    outer loop
      vertex 66.7141 99.279 0
      vertex 66.7141 103.279 3
      vertex 66.7141 103.279 0
    endloop
  endfacet
  facet normal -1 -0 0
    outer loop
      vertex 66.7141 103.279 3
      vertex 66.7141 99.279 0
      vertex 66.7141 99.279 3
    endloop
  endfacet
  facet normal 0.5 -0.866025 0
    outer loop
      vertex 59.7859 103.279 0
      vertex 63.25 105.279 3
      vertex 59.7859 103.279 3
    endloop
  endfacet
  facet normal 0.5 -0.866025 0
    outer loop
      vertex 63.25 105.279 3
      vertex 59.7859 103.279 0
      vertex 63.25 105.279 0
    endloop
  endfacet
  facet normal -0.5 -0.866025 0
    outer loop
      vertex 63.25 105.279 0
      vertex 66.7141 103.279 3
      vertex 63.25 105.279 3
    endloop
  endfacet
  facet normal -0.5 -0.866025 -0
    outer loop
      vertex 66.7141 103.279 3
      vertex 63.25 105.279 0
      vertex 66.7141 103.279 0
    endloop
  endfacet
  facet normal 1 -0 0
    outer loop
      vertex 59.7859 99.279 3
      vertex 59.7859 103.279 0
      vertex 59.7859 103.279 3
    endloop
  endfacet
  facet normal 1 0 0
    outer loop
      vertex 59.7859 103.279 0
      vertex 59.7859 99.279 3
      vertex 59.7859 99.279 0
    endloop
  endfacet
  facet normal 0.5 0.866025 -0
    outer loop
      vertex 63.25 97.279 0
      vertex 59.7859 99.279 3
      vertex 63.25 97.279 3
    endloop
  endfacet
  facet normal 0.5 0.866025 0
    outer loop
      vertex 59.7859 99.279 3
      vertex 63.25 97.279 0
      vertex 59.7859 99.279 0
    endloop
  endfacet
  facet normal -0.5 0.866025 0
    outer loop
      vertex 77.2141 99.279 0
      vertex 73.75 97.279 3
      vertex 77.2141 99.279 3
    endloop
  endfacet
  facet normal -0.5 0.866025 0
    outer loop
      vertex 73.75 97.279 3
      vertex 77.2141 99.279 0
      vertex 73.75 97.279 0
    endloop
  endfacet
  facet normal -1 0 0
    outer loop
      vertex 77.2141 99.279 0
      vertex 77.2141 103.279 3
      vertex 77.2141 103.279 0
    endloop
  endfacet
  facet normal -1 -0 0
    outer loop
      vertex 77.2141 103.279 3
      vertex 77.2141 99.279 0
      vertex 77.2141 99.279 3
    endloop
  endfacet
  facet normal 0.5 -0.866025 0
    outer loop
      vertex 70.2859 103.279 0
      vertex 73.75 105.279 3
      vertex 70.2859 103.279 3
    endloop
  endfacet
  facet normal 0.5 -0.866025 0
    outer loop
      vertex 73.75 105.279 3
      vertex 70.2859 103.279 0
      vertex 73.75 105.279 0
    endloop
  endfacet
  facet normal -0.5 -0.866025 0
    outer loop
      vertex 73.75 105.279 0
      vertex 77.2141 103.279 3
      vertex 73.75 105.279 3
    endloop
  endfacet
  facet normal -0.5 -0.866025 -0
    outer loop
      vertex 77.2141 103.279 3
      vertex 73.75 105.279 0
      vertex 77.2141 103.279 0
    endloop
  endfacet
  facet normal 1 -0 0
    outer loop
      vertex 70.2859 99.279 3
      vertex 70.2859 103.279 0
      vertex 70.2859 103.279 3
    endloop
  endfacet
  facet normal 1 0 0
    outer loop
      vertex 70.2859 103.279 0
      vertex 70.2859 99.279 3
      vertex 70.2859 99.279 0
    endloop
  endfacet
  facet normal 0.5 0.866025 -0
    outer loop
      vertex 73.75 97.279 0
      vertex 70.2859 99.279 3
      vertex 73.75 97.279 3
    endloop
  endfacet
  facet normal 0.5 0.866025 0
    outer loop
      vertex 70.2859 99.279 3
      vertex 73.75 97.279 0
      vertex 70.2859 99.279 0
    endloop
  endfacet
  facet normal -0.5 0.866025 0
    outer loop
      vertex 87.7141 99.279 0
      vertex 84.25 97.279 3
      vertex 87.7141 99.279 3
    endloop
  endfacet
  facet normal -0.5 0.866025 0
    outer loop
      vertex 84.25 97.279 3
      vertex 87.7141 99.279 0
      vertex 84.25 97.279 0
    endloop
  endfacet
  facet normal -1 0 0
    outer loop
      vertex 87.7141 99.279 0
      vertex 87.7141 103.279 3
      vertex 87.7141 103.279 0
    endloop
  endfacet
  facet normal -1 -0 0
    outer loop
      vertex 87.7141 103.279 3
      vertex 87.7141 99.279 0
      vertex 87.7141 99.279 3
    endloop
  endfacet
  facet normal 0.5 -0.866025 0
    outer loop
      vertex 80.7859 103.279 0
      vertex 84.25 105.279 3
      vertex 80.7859 103.279 3
    endloop
  endfacet
  facet normal 0.5 -0.866025 0
    outer loop
      vertex 84.25 105.279 3
      vertex 80.7859 103.279 0
      vertex 84.25 105.279 0
    endloop
  endfacet
  facet normal -0.5 -0.866025 0
    outer loop
      vertex 84.25 105.279 0
      vertex 87.7141 103.279 3
      vertex 84.25 105.279 3
    endloop
  endfacet
  facet normal -0.5 -0.866025 -0
    outer loop
      vertex 87.7141 103.279 3
      vertex 84.25 105.279 0
      vertex 87.7141 103.279 0
    endloop
  endfacet
  facet normal 1 -0 0
    outer loop
      vertex 80.7859 99.279 3
      vertex 80.7859 103.279 0
      vertex 80.7859 103.279 3
    endloop
  endfacet
  facet normal 1 0 0
    outer loop
      vertex 80.7859 103.279 0
      vertex 80.7859 99.279 3
      vertex 80.7859 99.279 0
    endloop
  endfacet
  facet normal 0.5 0.866025 -0
    outer loop
      vertex 84.25 97.279 0
      vertex 80.7859 99.279 3
      vertex 84.25 97.279 3
    endloop
  endfacet
  facet normal 0.5 0.866025 0
    outer loop
      vertex 80.7859 99.279 3
      vertex 84.25 97.279 0
      vertex 80.7859 99.279 0
    endloop
  endfacet
  facet normal -0.5 0.866025 0
    outer loop
      vertex 98.2141 99.279 0
      vertex 94.75 97.279 3
      vertex 98.2141 99.279 3
    endloop
  endfacet
  facet normal -0.5 0.866025 0
    outer loop
      vertex 94.75 97.279 3
      vertex 98.2141 99.279 0
      vertex 94.75 97.279 0
    endloop
  endfacet
  facet normal -1 0 0
    outer loop
      vertex 98.2141 99.279 0
      vertex 98.2141 103.279 3
      vertex 98.2141 103.279 0
    endloop
  endfacet
  facet normal -1 -0 0
    outer loop
      vertex 98.2141 103.279 3
      vertex 98.2141 99.279 0
      vertex 98.2141 99.279 3
    endloop
  endfacet
  facet normal 0.5 -0.866025 0
    outer loop
      vertex 91.2859 103.279 0
      vertex 94.75 105.279 3
      vertex 91.2859 103.279 3
    endloop
  endfacet
  facet normal 0.5 -0.866025 0
    outer loop
      vertex 94.75 105.279 3
      vertex 91.2859 103.279 0
      vertex 94.75 105.279 0
    endloop
  endfacet
  facet normal -0.5 -0.866025 0
    outer loop
      vertex 94.75 105.279 0
      vertex 98.2141 103.279 3
      vertex 94.75 105.279 3
    endloop
  endfacet
  facet normal -0.5 -0.866025 -0
    outer loop
      vertex 98.2141 103.279 3
      vertex 94.75 105.279 0
      vertex 98.2141 103.279 0
    endloop
  endfacet
  facet normal 1 -0 0
    outer loop
      vertex 91.2859 99.279 3
      vertex 91.2859 103.279 0
      vertex 91.2859 103.279 3
    endloop
  endfacet
  facet normal 1 0 0
    outer loop
      vertex 91.2859 103.279 0
      vertex 91.2859 99.279 3
      vertex 91.2859 99.279 0
    endloop
  endfacet
  facet normal 0.5 0.866025 -0
    outer loop
      vertex 94.75 97.279 0
      vertex 91.2859 99.279 3
      vertex 94.75 97.279 3
    endloop
  endfacet
  facet normal 0.5 0.866025 0
    outer loop
      vertex 91.2859 99.279 3
      vertex 94.75 97.279 0
      vertex 91.2859 99.279 0
    endloop
  endfacet
  facet normal -0.5 0.866025 0
    outer loop
      vertex 19.4641 108.372 0
      vertex 16 106.372 3
      vertex 19.4641 108.372 3
    endloop
  endfacet
  facet normal -0.5 0.866025 0
    outer loop
      vertex 16 106.372 3
      vertex 19.4641 108.372 0
      vertex 16 106.372 0
    endloop
  endfacet
  facet normal -1 0 0
    outer loop
      vertex 19.4641 108.372 0
      vertex 19.4641 112.372 3
      vertex 19.4641 112.372 0
    endloop
  endfacet
  facet normal -1 -0 0
    outer loop
      vertex 19.4641 112.372 3
      vertex 19.4641 108.372 0
      vertex 19.4641 108.372 3
    endloop
  endfacet
  facet normal 0.500097 -0.865969 0
    outer loop
      vertex 14 113.217 0
      vertex 16 114.372 3
      vertex 14 113.217 3
    endloop
  endfacet
  facet normal 0.500097 -0.865969 0
    outer loop
      vertex 16 114.372 3
      vertex 14 113.217 0
      vertex 16 114.372 0
    endloop
  endfacet
  facet normal -0.5 -0.866025 0
    outer loop
      vertex 16 114.372 0
      vertex 19.4641 112.372 3
      vertex 16 114.372 3
    endloop
  endfacet
  facet normal -0.5 -0.866025 -0
    outer loop
      vertex 19.4641 112.372 3
      vertex 16 114.372 0
      vertex 19.4641 112.372 0
    endloop
  endfacet
  facet normal 0.500097 0.865969 -0
    outer loop
      vertex 16 106.372 0
      vertex 14 107.527 3
      vertex 16 106.372 3
    endloop
  endfacet
  facet normal 0.500097 0.865969 0
    outer loop
      vertex 14 107.527 3
      vertex 16 106.372 0
      vertex 14 107.527 0
    endloop
  endfacet
  facet normal -0.5 0.866025 0
    outer loop
      vertex 29.9641 108.372 0
      vertex 26.5 106.372 3
      vertex 29.9641 108.372 3
    endloop
  endfacet
  facet normal -0.5 0.866025 0
    outer loop
      vertex 26.5 106.372 3
      vertex 29.9641 108.372 0
      vertex 26.5 106.372 0
    endloop
  endfacet
  facet normal -1 0 0
    outer loop
      vertex 29.9641 108.372 0
      vertex 29.9641 112.372 3
      vertex 29.9641 112.372 0
    endloop
  endfacet
  facet normal -1 -0 0
    outer loop
      vertex 29.9641 112.372 3
      vertex 29.9641 108.372 0
      vertex 29.9641 108.372 3
    endloop
  endfacet
  facet normal 0.5 -0.866025 0
    outer loop
      vertex 23.0359 112.372 0
      vertex 26.5 114.372 3
      vertex 23.0359 112.372 3
    endloop
  endfacet
  facet normal 0.5 -0.866025 0
    outer loop
      vertex 26.5 114.372 3
      vertex 23.0359 112.372 0
      vertex 26.5 114.372 0
    endloop
  endfacet
  facet normal -0.5 -0.866025 0
    outer loop
      vertex 26.5 114.372 0
      vertex 29.9641 112.372 3
      vertex 26.5 114.372 3
    endloop
  endfacet
  facet normal -0.5 -0.866025 -0
    outer loop
      vertex 29.9641 112.372 3
      vertex 26.5 114.372 0
      vertex 29.9641 112.372 0
    endloop
  endfacet
  facet normal 1 -0 0
    outer loop
      vertex 23.0359 108.372 3
      vertex 23.0359 112.372 0
      vertex 23.0359 112.372 3
    endloop
  endfacet
  facet normal 1 0 0
    outer loop
      vertex 23.0359 112.372 0
      vertex 23.0359 108.372 3
      vertex 23.0359 108.372 0
    endloop
  endfacet
  facet normal 0.5 0.866025 -0
    outer loop
      vertex 26.5 106.372 0
      vertex 23.0359 108.372 3
      vertex 26.5 106.372 3
    endloop
  endfacet
  facet normal 0.5 0.866025 0
    outer loop
      vertex 23.0359 108.372 3
      vertex 26.5 106.372 0
      vertex 23.0359 108.372 0
    endloop
  endfacet
  facet normal -0.5 0.866025 0
    outer loop
      vertex 40.4641 108.372 0
      vertex 37 106.372 3
      vertex 40.4641 108.372 3
    endloop
  endfacet
  facet normal -0.5 0.866025 0
    outer loop
      vertex 37 106.372 3
      vertex 40.4641 108.372 0
      vertex 37 106.372 0
    endloop
  endfacet
  facet normal -1 0 0
    outer loop
      vertex 40.4641 108.372 0
      vertex 40.4641 112.372 3
      vertex 40.4641 112.372 0
    endloop
  endfacet
  facet normal -1 -0 0
    outer loop
      vertex 40.4641 112.372 3
      vertex 40.4641 108.372 0
      vertex 40.4641 108.372 3
    endloop
  endfacet
  facet normal 0.5 -0.866025 0
    outer loop
      vertex 33.5359 112.372 0
      vertex 37 114.372 3
      vertex 33.5359 112.372 3
    endloop
  endfacet
  facet normal 0.5 -0.866025 0
    outer loop
      vertex 37 114.372 3
      vertex 33.5359 112.372 0
      vertex 37 114.372 0
    endloop
  endfacet
  facet normal -0.5 -0.866025 0
    outer loop
      vertex 37 114.372 0
      vertex 40.4641 112.372 3
      vertex 37 114.372 3
    endloop
  endfacet
  facet normal -0.5 -0.866025 -0
    outer loop
      vertex 40.4641 112.372 3
      vertex 37 114.372 0
      vertex 40.4641 112.372 0
    endloop
  endfacet
  facet normal 1 -0 0
    outer loop
      vertex 33.5359 108.372 3
      vertex 33.5359 112.372 0
      vertex 33.5359 112.372 3
    endloop
  endfacet
  facet normal 1 0 0
    outer loop
      vertex 33.5359 112.372 0
      vertex 33.5359 108.372 3
      vertex 33.5359 108.372 0
    endloop
  endfacet
  facet normal 0.5 0.866025 -0
    outer loop
      vertex 37 106.372 0
      vertex 33.5359 108.372 3
      vertex 37 106.372 3
    endloop
  endfacet
  facet normal 0.5 0.866025 0
    outer loop
      vertex 33.5359 108.372 3
      vertex 37 106.372 0
      vertex 33.5359 108.372 0
    endloop
  endfacet
  facet normal -0.5 0.866025 0
    outer loop
      vertex 50.9641 108.372 0
      vertex 47.5 106.372 3
      vertex 50.9641 108.372 3
    endloop
  endfacet
  facet normal -0.5 0.866025 0
    outer loop
      vertex 47.5 106.372 3
      vertex 50.9641 108.372 0
      vertex 47.5 106.372 0
    endloop
  endfacet
  facet normal -1 0 0
    outer loop
      vertex 50.9641 108.372 0
      vertex 50.9641 112.372 3
      vertex 50.9641 112.372 0
    endloop
  endfacet
  facet normal -1 -0 0
    outer loop
      vertex 50.9641 112.372 3
      vertex 50.9641 108.372 0
      vertex 50.9641 108.372 3
    endloop
  endfacet
  facet normal 0.5 -0.866025 0
    outer loop
      vertex 44.0359 112.372 0
      vertex 47.5 114.372 3
      vertex 44.0359 112.372 3
    endloop
  endfacet
  facet normal 0.5 -0.866025 0
    outer loop
      vertex 47.5 114.372 3
      vertex 44.0359 112.372 0
      vertex 47.5 114.372 0
    endloop
  endfacet
  facet normal -0.5 -0.866025 0
    outer loop
      vertex 47.5 114.372 0
      vertex 50.9641 112.372 3
      vertex 47.5 114.372 3
    endloop
  endfacet
  facet normal -0.5 -0.866025 -0
    outer loop
      vertex 50.9641 112.372 3
      vertex 47.5 114.372 0
      vertex 50.9641 112.372 0
    endloop
  endfacet
  facet normal 1 -0 0
    outer loop
      vertex 44.0359 108.372 3
      vertex 44.0359 112.372 0
      vertex 44.0359 112.372 3
    endloop
  endfacet
  facet normal 1 0 0
    outer loop
      vertex 44.0359 112.372 0
      vertex 44.0359 108.372 3
      vertex 44.0359 108.372 0
    endloop
  endfacet
  facet normal 0.5 0.866025 -0
    outer loop
      vertex 47.5 106.372 0
      vertex 44.0359 108.372 3
      vertex 47.5 106.372 3
    endloop
  endfacet
  facet normal 0.5 0.866025 0
    outer loop
      vertex 44.0359 108.372 3
      vertex 47.5 106.372 0
      vertex 44.0359 108.372 0
    endloop
  endfacet
  facet normal -0.5 0.866025 0
    outer loop
      vertex 61.4641 108.372 0
      vertex 58 106.372 3
      vertex 61.4641 108.372 3
    endloop
  endfacet
  facet normal -0.5 0.866025 0
    outer loop
      vertex 58 106.372 3
      vertex 61.4641 108.372 0
      vertex 58 106.372 0
    endloop
  endfacet
  facet normal -1 0 0
    outer loop
      vertex 61.4641 108.372 0
      vertex 61.4641 112.372 3
      vertex 61.4641 112.372 0
    endloop
  endfacet
  facet normal -1 -0 0
    outer loop
      vertex 61.4641 112.372 3
      vertex 61.4641 108.372 0
      vertex 61.4641 108.372 3
    endloop
  endfacet
  facet normal 0.5 -0.866025 0
    outer loop
      vertex 54.5359 112.372 0
      vertex 58 114.372 3
      vertex 54.5359 112.372 3
    endloop
  endfacet
  facet normal 0.5 -0.866025 0
    outer loop
      vertex 58 114.372 3
      vertex 54.5359 112.372 0
      vertex 58 114.372 0
    endloop
  endfacet
  facet normal -0.5 -0.866025 0
    outer loop
      vertex 58 114.372 0
      vertex 61.4641 112.372 3
      vertex 58 114.372 3
    endloop
  endfacet
  facet normal -0.5 -0.866025 -0
    outer loop
      vertex 61.4641 112.372 3
      vertex 58 114.372 0
      vertex 61.4641 112.372 0
    endloop
  endfacet
  facet normal 1 -0 0
    outer loop
      vertex 54.5359 108.372 3
      vertex 54.5359 112.372 0
      vertex 54.5359 112.372 3
    endloop
  endfacet
  facet normal 1 0 0
    outer loop
      vertex 54.5359 112.372 0
      vertex 54.5359 108.372 3
      vertex 54.5359 108.372 0
    endloop
  endfacet
  facet normal 0.5 0.866025 -0
    outer loop
      vertex 58 106.372 0
      vertex 54.5359 108.372 3
      vertex 58 106.372 3
    endloop
  endfacet
  facet normal 0.5 0.866025 0
    outer loop
      vertex 54.5359 108.372 3
      vertex 58 106.372 0
      vertex 54.5359 108.372 0
    endloop
  endfacet
  facet normal -0.5 0.866025 0
    outer loop
      vertex 71.9641 108.372 0
      vertex 68.5 106.372 3
      vertex 71.9641 108.372 3
    endloop
  endfacet
  facet normal -0.5 0.866025 0
    outer loop
      vertex 68.5 106.372 3
      vertex 71.9641 108.372 0
      vertex 68.5 106.372 0
    endloop
  endfacet
  facet normal -1 0 0
    outer loop
      vertex 71.9641 108.372 0
      vertex 71.9641 112.372 3
      vertex 71.9641 112.372 0
    endloop
  endfacet
  facet normal -1 -0 0
    outer loop
      vertex 71.9641 112.372 3
      vertex 71.9641 108.372 0
      vertex 71.9641 108.372 3
    endloop
  endfacet
  facet normal 0.5 -0.866025 0
    outer loop
      vertex 65.0359 112.372 0
      vertex 68.5 114.372 3
      vertex 65.0359 112.372 3
    endloop
  endfacet
  facet normal 0.5 -0.866025 0
    outer loop
      vertex 68.5 114.372 3
      vertex 65.0359 112.372 0
      vertex 68.5 114.372 0
    endloop
  endfacet
  facet normal -0.5 -0.866025 0
    outer loop
      vertex 68.5 114.372 0
      vertex 71.9641 112.372 3
      vertex 68.5 114.372 3
    endloop
  endfacet
  facet normal -0.5 -0.866025 -0
    outer loop
      vertex 71.9641 112.372 3
      vertex 68.5 114.372 0
      vertex 71.9641 112.372 0
    endloop
  endfacet
  facet normal 1 -0 0
    outer loop
      vertex 65.0359 108.372 3
      vertex 65.0359 112.372 0
      vertex 65.0359 112.372 3
    endloop
  endfacet
  facet normal 1 0 0
    outer loop
      vertex 65.0359 112.372 0
      vertex 65.0359 108.372 3
      vertex 65.0359 108.372 0
    endloop
  endfacet
  facet normal 0.5 0.866025 -0
    outer loop
      vertex 68.5 106.372 0
      vertex 65.0359 108.372 3
      vertex 68.5 106.372 3
    endloop
  endfacet
  facet normal 0.5 0.866025 0
    outer loop
      vertex 65.0359 108.372 3
      vertex 68.5 106.372 0
      vertex 65.0359 108.372 0
    endloop
  endfacet
  facet normal -0.5 0.866025 0
    outer loop
      vertex 82.4641 108.372 0
      vertex 79 106.372 3
      vertex 82.4641 108.372 3
    endloop
  endfacet
  facet normal -0.5 0.866025 0
    outer loop
      vertex 79 106.372 3
      vertex 82.4641 108.372 0
      vertex 79 106.372 0
    endloop
  endfacet
  facet normal -1 0 0
    outer loop
      vertex 82.4641 108.372 0
      vertex 82.4641 112.372 3
      vertex 82.4641 112.372 0
    endloop
  endfacet
  facet normal -1 -0 0
    outer loop
      vertex 82.4641 112.372 3
      vertex 82.4641 108.372 0
      vertex 82.4641 108.372 3
    endloop
  endfacet
  facet normal 0.5 -0.866025 0
    outer loop
      vertex 75.5359 112.372 0
      vertex 79 114.372 3
      vertex 75.5359 112.372 3
    endloop
  endfacet
  facet normal 0.5 -0.866025 0
    outer loop
      vertex 79 114.372 3
      vertex 75.5359 112.372 0
      vertex 79 114.372 0
    endloop
  endfacet
  facet normal -0.5 -0.866025 0
    outer loop
      vertex 79 114.372 0
      vertex 82.4641 112.372 3
      vertex 79 114.372 3
    endloop
  endfacet
  facet normal -0.5 -0.866025 -0
    outer loop
      vertex 82.4641 112.372 3
      vertex 79 114.372 0
      vertex 82.4641 112.372 0
    endloop
  endfacet
  facet normal 1 -0 0
    outer loop
      vertex 75.5359 108.372 3
      vertex 75.5359 112.372 0
      vertex 75.5359 112.372 3
    endloop
  endfacet
  facet normal 1 0 0
    outer loop
      vertex 75.5359 112.372 0
      vertex 75.5359 108.372 3
      vertex 75.5359 108.372 0
    endloop
  endfacet
  facet normal 0.5 0.866025 -0
    outer loop
      vertex 79 106.372 0
      vertex 75.5359 108.372 3
      vertex 79 106.372 3
    endloop
  endfacet
  facet normal 0.5 0.866025 0
    outer loop
      vertex 75.5359 108.372 3
      vertex 79 106.372 0
      vertex 75.5359 108.372 0
    endloop
  endfacet
  facet normal -0.5 0.866025 0
    outer loop
      vertex 92.9641 108.372 0
      vertex 89.5 106.372 3
      vertex 92.9641 108.372 3
    endloop
  endfacet
  facet normal -0.5 0.866025 0
    outer loop
      vertex 89.5 106.372 3
      vertex 92.9641 108.372 0
      vertex 89.5 106.372 0
    endloop
  endfacet
  facet normal -1 0 0
    outer loop
      vertex 92.9641 108.372 0
      vertex 92.9641 112.372 3
      vertex 92.9641 112.372 0
    endloop
  endfacet
  facet normal -1 -0 0
    outer loop
      vertex 92.9641 112.372 3
      vertex 92.9641 108.372 0
      vertex 92.9641 108.372 3
    endloop
  endfacet
  facet normal 0.5 -0.866025 0
    outer loop
      vertex 86.0359 112.372 0
      vertex 89.5 114.372 3
      vertex 86.0359 112.372 3
    endloop
  endfacet
  facet normal 0.5 -0.866025 0
    outer loop
      vertex 89.5 114.372 3
      vertex 86.0359 112.372 0
      vertex 89.5 114.372 0
    endloop
  endfacet
  facet normal -0.5 -0.866025 0
    outer loop
      vertex 89.5 114.372 0
      vertex 92.9641 112.372 3
      vertex 89.5 114.372 3
    endloop
  endfacet
  facet normal -0.5 -0.866025 -0
    outer loop
      vertex 92.9641 112.372 3
      vertex 89.5 114.372 0
      vertex 92.9641 112.372 0
    endloop
  endfacet
  facet normal 1 -0 0
    outer loop
      vertex 86.0359 108.372 3
      vertex 86.0359 112.372 0
      vertex 86.0359 112.372 3
    endloop
  endfacet
  facet normal 1 0 0
    outer loop
      vertex 86.0359 112.372 0
      vertex 86.0359 108.372 3
      vertex 86.0359 108.372 0
    endloop
  endfacet
  facet normal 0.5 0.866025 -0
    outer loop
      vertex 89.5 106.372 0
      vertex 86.0359 108.372 3
      vertex 89.5 106.372 3
    endloop
  endfacet
  facet normal 0.5 0.866025 0
    outer loop
      vertex 86.0359 108.372 3
      vertex 89.5 106.372 0
      vertex 86.0359 108.372 0
    endloop
  endfacet
  facet normal 0.500042 -0.866001 0
    outer loop
      vertex 96.5359 112.372 0
      vertex 99.7 114.199 3
      vertex 96.5359 112.372 3
    endloop
  endfacet
  facet normal 0.500042 -0.866001 0
    outer loop
      vertex 99.7 114.199 3
      vertex 96.5359 112.372 0
      vertex 99.7 114.199 0
    endloop
  endfacet
  facet normal 1 -0 0
    outer loop
      vertex 96.5359 108.372 3
      vertex 96.5359 112.372 0
      vertex 96.5359 112.372 3
    endloop
  endfacet
  facet normal 1 0 0
    outer loop
      vertex 96.5359 112.372 0
      vertex 96.5359 108.372 3
      vertex 96.5359 108.372 0
    endloop
  endfacet
  facet normal 0.500042 0.866001 -0
    outer loop
      vertex 99.7 106.545 0
      vertex 96.5359 108.372 3
      vertex 99.7 106.545 3
    endloop
  endfacet
  facet normal 0.500042 0.866001 0
    outer loop
      vertex 96.5359 108.372 3
      vertex 99.7 106.545 0
      vertex 96.5359 108.372 0
    endloop
  endfacet
  facet normal -0.50118 0.865343 0
    outer loop
      vertex 14.2141 117.465 0
      vertex 14 117.341 3
      vertex 14.2141 117.465 3
    endloop
  endfacet
  facet normal -0.50118 0.865343 0
    outer loop
      vertex 14 117.341 3
      vertex 14.2141 117.465 0
      vertex 14 117.341 0
    endloop
  endfacet
  facet normal -1 0 0
    outer loop
      vertex 14.2141 117.465 0
      vertex 14.2141 121.465 3
      vertex 14.2141 121.465 0
    endloop
  endfacet
  facet normal -1 -0 0
    outer loop
      vertex 14.2141 121.465 3
      vertex 14.2141 117.465 0
      vertex 14.2141 117.465 3
    endloop
  endfacet
  facet normal -0.50118 -0.865343 0
    outer loop
      vertex 14 121.589 0
      vertex 14.2141 121.465 3
      vertex 14 121.589 3
    endloop
  endfacet
  facet normal -0.50118 -0.865343 -0
    outer loop
      vertex 14.2141 121.465 3
      vertex 14 121.589 0
      vertex 14.2141 121.465 0
    endloop
  endfacet
  facet normal -0.5 0.866025 0
    outer loop
      vertex 24.7141 117.465 0
      vertex 21.25 115.465 3
      vertex 24.7141 117.465 3
    endloop
  endfacet
  facet normal -0.5 0.866025 0
    outer loop
      vertex 21.25 115.465 3
      vertex 24.7141 117.465 0
      vertex 21.25 115.465 0
    endloop
  endfacet
  facet normal -1 0 0
    outer loop
      vertex 24.7141 117.465 0
      vertex 24.7141 121.465 3
      vertex 24.7141 121.465 0
    endloop
  endfacet
  facet normal -1 -0 0
    outer loop
      vertex 24.7141 121.465 3
      vertex 24.7141 117.465 0
      vertex 24.7141 117.465 3
    endloop
  endfacet
  facet normal 0.5 -0.866025 0
    outer loop
      vertex 17.7859 121.465 0
      vertex 21.25 123.465 3
      vertex 17.7859 121.465 3
    endloop
  endfacet
  facet normal 0.5 -0.866025 0
    outer loop
      vertex 21.25 123.465 3
      vertex 17.7859 121.465 0
      vertex 21.25 123.465 0
    endloop
  endfacet
  facet normal -0.5 -0.866025 0
    outer loop
      vertex 21.25 123.465 0
      vertex 24.7141 121.465 3
      vertex 21.25 123.465 3
    endloop
  endfacet
  facet normal -0.5 -0.866025 -0
    outer loop
      vertex 24.7141 121.465 3
      vertex 21.25 123.465 0
      vertex 24.7141 121.465 0
    endloop
  endfacet
  facet normal 1 -0 0
    outer loop
      vertex 17.7859 117.465 3
      vertex 17.7859 121.465 0
      vertex 17.7859 121.465 3
    endloop
  endfacet
  facet normal 1 0 0
    outer loop
      vertex 17.7859 121.465 0
      vertex 17.7859 117.465 3
      vertex 17.7859 117.465 0
    endloop
  endfacet
  facet normal 0.5 0.866025 -0
    outer loop
      vertex 21.25 115.465 0
      vertex 17.7859 117.465 3
      vertex 21.25 115.465 3
    endloop
  endfacet
  facet normal 0.5 0.866025 0
    outer loop
      vertex 17.7859 117.465 3
      vertex 21.25 115.465 0
      vertex 17.7859 117.465 0
    endloop
  endfacet
  facet normal -0.5 0.866025 0
    outer loop
      vertex 35.2141 117.465 0
      vertex 31.75 115.465 3
      vertex 35.2141 117.465 3
    endloop
  endfacet
  facet normal -0.5 0.866025 0
    outer loop
      vertex 31.75 115.465 3
      vertex 35.2141 117.465 0
      vertex 31.75 115.465 0
    endloop
  endfacet
  facet normal -1 0 0
    outer loop
      vertex 35.2141 117.465 0
      vertex 35.2141 121.465 3
      vertex 35.2141 121.465 0
    endloop
  endfacet
  facet normal -1 -0 0
    outer loop
      vertex 35.2141 121.465 3
      vertex 35.2141 117.465 0
      vertex 35.2141 117.465 3
    endloop
  endfacet
  facet normal 0.5 -0.866025 0
    outer loop
      vertex 28.2859 121.465 0
      vertex 31.75 123.465 3
      vertex 28.2859 121.465 3
    endloop
  endfacet
  facet normal 0.5 -0.866025 0
    outer loop
      vertex 31.75 123.465 3
      vertex 28.2859 121.465 0
      vertex 31.75 123.465 0
    endloop
  endfacet
  facet normal -0.5 -0.866025 0
    outer loop
      vertex 31.75 123.465 0
      vertex 35.2141 121.465 3
      vertex 31.75 123.465 3
    endloop
  endfacet
  facet normal -0.5 -0.866025 -0
    outer loop
      vertex 35.2141 121.465 3
      vertex 31.75 123.465 0
      vertex 35.2141 121.465 0
    endloop
  endfacet
  facet normal 1 -0 0
    outer loop
      vertex 28.2859 117.465 3
      vertex 28.2859 121.465 0
      vertex 28.2859 121.465 3
    endloop
  endfacet
  facet normal 1 0 0
    outer loop
      vertex 28.2859 121.465 0
      vertex 28.2859 117.465 3
      vertex 28.2859 117.465 0
    endloop
  endfacet
  facet normal 0.5 0.866025 -0
    outer loop
      vertex 31.75 115.465 0
      vertex 28.2859 117.465 3
      vertex 31.75 115.465 3
    endloop
  endfacet
  facet normal 0.5 0.866025 0
    outer loop
      vertex 28.2859 117.465 3
      vertex 31.75 115.465 0
      vertex 28.2859 117.465 0
    endloop
  endfacet
  facet normal -0.5 0.866025 0
    outer loop
      vertex 45.7141 117.465 0
      vertex 42.25 115.465 3
      vertex 45.7141 117.465 3
    endloop
  endfacet
  facet normal -0.5 0.866025 0
    outer loop
      vertex 42.25 115.465 3
      vertex 45.7141 117.465 0
      vertex 42.25 115.465 0
    endloop
  endfacet
  facet normal -1 0 0
    outer loop
      vertex 45.7141 117.465 0
      vertex 45.7141 121.465 3
      vertex 45.7141 121.465 0
    endloop
  endfacet
  facet normal -1 -0 0
    outer loop
      vertex 45.7141 121.465 3
      vertex 45.7141 117.465 0
      vertex 45.7141 117.465 3
    endloop
  endfacet
  facet normal 0.5 -0.866025 0
    outer loop
      vertex 38.7859 121.465 0
      vertex 42.25 123.465 3
      vertex 38.7859 121.465 3
    endloop
  endfacet
  facet normal 0.5 -0.866025 0
    outer loop
      vertex 42.25 123.465 3
      vertex 38.7859 121.465 0
      vertex 42.25 123.465 0
    endloop
  endfacet
  facet normal -0.5 -0.866025 0
    outer loop
      vertex 42.25 123.465 0
      vertex 45.7141 121.465 3
      vertex 42.25 123.465 3
    endloop
  endfacet
  facet normal -0.5 -0.866025 -0
    outer loop
      vertex 45.7141 121.465 3
      vertex 42.25 123.465 0
      vertex 45.7141 121.465 0
    endloop
  endfacet
  facet normal 1 -0 0
    outer loop
      vertex 38.7859 117.465 3
      vertex 38.7859 121.465 0
      vertex 38.7859 121.465 3
    endloop
  endfacet
  facet normal 1 0 0
    outer loop
      vertex 38.7859 121.465 0
      vertex 38.7859 117.465 3
      vertex 38.7859 117.465 0
    endloop
  endfacet
  facet normal 0.5 0.866025 -0
    outer loop
      vertex 42.25 115.465 0
      vertex 38.7859 117.465 3
      vertex 42.25 115.465 3
    endloop
  endfacet
  facet normal 0.5 0.866025 0
    outer loop
      vertex 38.7859 117.465 3
      vertex 42.25 115.465 0
      vertex 38.7859 117.465 0
    endloop
  endfacet
  facet normal -0.5 0.866025 0
    outer loop
      vertex 56.2141 117.465 0
      vertex 52.75 115.465 3
      vertex 56.2141 117.465 3
    endloop
  endfacet
  facet normal -0.5 0.866025 0
    outer loop
      vertex 52.75 115.465 3
      vertex 56.2141 117.465 0
      vertex 52.75 115.465 0
    endloop
  endfacet
  facet normal -1 0 0
    outer loop
      vertex 56.2141 117.465 0
      vertex 56.2141 121.465 3
      vertex 56.2141 121.465 0
    endloop
  endfacet
  facet normal -1 -0 0
    outer loop
      vertex 56.2141 121.465 3
      vertex 56.2141 117.465 0
      vertex 56.2141 117.465 3
    endloop
  endfacet
  facet normal 0.5 -0.866025 0
    outer loop
      vertex 49.2859 121.465 0
      vertex 52.75 123.465 3
      vertex 49.2859 121.465 3
    endloop
  endfacet
  facet normal 0.5 -0.866025 0
    outer loop
      vertex 52.75 123.465 3
      vertex 49.2859 121.465 0
      vertex 52.75 123.465 0
    endloop
  endfacet
  facet normal -0.5 -0.866025 0
    outer loop
      vertex 52.75 123.465 0
      vertex 56.2141 121.465 3
      vertex 52.75 123.465 3
    endloop
  endfacet
  facet normal -0.5 -0.866025 -0
    outer loop
      vertex 56.2141 121.465 3
      vertex 52.75 123.465 0
      vertex 56.2141 121.465 0
    endloop
  endfacet
  facet normal 1 -0 0
    outer loop
      vertex 49.2859 117.465 3
      vertex 49.2859 121.465 0
      vertex 49.2859 121.465 3
    endloop
  endfacet
  facet normal 1 0 0
    outer loop
      vertex 49.2859 121.465 0
      vertex 49.2859 117.465 3
      vertex 49.2859 117.465 0
    endloop
  endfacet
  facet normal 0.5 0.866025 -0
    outer loop
      vertex 52.75 115.465 0
      vertex 49.2859 117.465 3
      vertex 52.75 115.465 3
    endloop
  endfacet
  facet normal 0.5 0.866025 0
    outer loop
      vertex 49.2859 117.465 3
      vertex 52.75 115.465 0
      vertex 49.2859 117.465 0
    endloop
  endfacet
  facet normal -0.5 0.866025 0
    outer loop
      vertex 66.7141 117.465 0
      vertex 63.25 115.465 3
      vertex 66.7141 117.465 3
    endloop
  endfacet
  facet normal -0.5 0.866025 0
    outer loop
      vertex 63.25 115.465 3
      vertex 66.7141 117.465 0
      vertex 63.25 115.465 0
    endloop
  endfacet
  facet normal -1 0 0
    outer loop
      vertex 66.7141 117.465 0
      vertex 66.7141 121.465 3
      vertex 66.7141 121.465 0
    endloop
  endfacet
  facet normal -1 -0 0
    outer loop
      vertex 66.7141 121.465 3
      vertex 66.7141 117.465 0
      vertex 66.7141 117.465 3
    endloop
  endfacet
  facet normal 0.5 -0.866025 0
    outer loop
      vertex 59.7859 121.465 0
      vertex 63.25 123.465 3
      vertex 59.7859 121.465 3
    endloop
  endfacet
  facet normal 0.5 -0.866025 0
    outer loop
      vertex 63.25 123.465 3
      vertex 59.7859 121.465 0
      vertex 63.25 123.465 0
    endloop
  endfacet
  facet normal -0.5 -0.866025 0
    outer loop
      vertex 63.25 123.465 0
      vertex 66.7141 121.465 3
      vertex 63.25 123.465 3
    endloop
  endfacet
  facet normal -0.5 -0.866025 -0
    outer loop
      vertex 66.7141 121.465 3
      vertex 63.25 123.465 0
      vertex 66.7141 121.465 0
    endloop
  endfacet
  facet normal 1 -0 0
    outer loop
      vertex 59.7859 117.465 3
      vertex 59.7859 121.465 0
      vertex 59.7859 121.465 3
    endloop
  endfacet
  facet normal 1 0 0
    outer loop
      vertex 59.7859 121.465 0
      vertex 59.7859 117.465 3
      vertex 59.7859 117.465 0
    endloop
  endfacet
  facet normal 0.5 0.866025 -0
    outer loop
      vertex 63.25 115.465 0
      vertex 59.7859 117.465 3
      vertex 63.25 115.465 3
    endloop
  endfacet
  facet normal 0.5 0.866025 0
    outer loop
      vertex 59.7859 117.465 3
      vertex 63.25 115.465 0
      vertex 59.7859 117.465 0
    endloop
  endfacet
  facet normal -0.5 0.866025 0
    outer loop
      vertex 77.2141 117.465 0
      vertex 73.75 115.465 3
      vertex 77.2141 117.465 3
    endloop
  endfacet
  facet normal -0.5 0.866025 0
    outer loop
      vertex 73.75 115.465 3
      vertex 77.2141 117.465 0
      vertex 73.75 115.465 0
    endloop
  endfacet
  facet normal -1 0 0
    outer loop
      vertex 77.2141 117.465 0
      vertex 77.2141 121.465 3
      vertex 77.2141 121.465 0
    endloop
  endfacet
  facet normal -1 -0 0
    outer loop
      vertex 77.2141 121.465 3
      vertex 77.2141 117.465 0
      vertex 77.2141 117.465 3
    endloop
  endfacet
  facet normal 0.5 -0.866025 0
    outer loop
      vertex 70.2859 121.465 0
      vertex 73.75 123.465 3
      vertex 70.2859 121.465 3
    endloop
  endfacet
  facet normal 0.5 -0.866025 0
    outer loop
      vertex 73.75 123.465 3
      vertex 70.2859 121.465 0
      vertex 73.75 123.465 0
    endloop
  endfacet
  facet normal -0.5 -0.866025 0
    outer loop
      vertex 73.75 123.465 0
      vertex 77.2141 121.465 3
      vertex 73.75 123.465 3
    endloop
  endfacet
  facet normal -0.5 -0.866025 -0
    outer loop
      vertex 77.2141 121.465 3
      vertex 73.75 123.465 0
      vertex 77.2141 121.465 0
    endloop
  endfacet
  facet normal 1 -0 0
    outer loop
      vertex 70.2859 117.465 3
      vertex 70.2859 121.465 0
      vertex 70.2859 121.465 3
    endloop
  endfacet
  facet normal 1 0 0
    outer loop
      vertex 70.2859 121.465 0
      vertex 70.2859 117.465 3
      vertex 70.2859 117.465 0
    endloop
  endfacet
  facet normal 0.5 0.866025 -0
    outer loop
      vertex 73.75 115.465 0
      vertex 70.2859 117.465 3
      vertex 73.75 115.465 3
    endloop
  endfacet
  facet normal 0.5 0.866025 0
    outer loop
      vertex 70.2859 117.465 3
      vertex 73.75 115.465 0
      vertex 70.2859 117.465 0
    endloop
  endfacet
  facet normal -0.5 0.866025 0
    outer loop
      vertex 87.7141 117.465 0
      vertex 84.25 115.465 3
      vertex 87.7141 117.465 3
    endloop
  endfacet
  facet normal -0.5 0.866025 0
    outer loop
      vertex 84.25 115.465 3
      vertex 87.7141 117.465 0
      vertex 84.25 115.465 0
    endloop
  endfacet
  facet normal -1 0 0
    outer loop
      vertex 87.7141 117.465 0
      vertex 87.7141 121.465 3
      vertex 87.7141 121.465 0
    endloop
  endfacet
  facet normal -1 -0 0
    outer loop
      vertex 87.7141 121.465 3
      vertex 87.7141 117.465 0
      vertex 87.7141 117.465 3
    endloop
  endfacet
  facet normal 0.5 -0.866025 0
    outer loop
      vertex 80.7859 121.465 0
      vertex 84.25 123.465 3
      vertex 80.7859 121.465 3
    endloop
  endfacet
  facet normal 0.5 -0.866025 0
    outer loop
      vertex 84.25 123.465 3
      vertex 80.7859 121.465 0
      vertex 84.25 123.465 0
    endloop
  endfacet
  facet normal -0.5 -0.866025 0
    outer loop
      vertex 84.25 123.465 0
      vertex 87.7141 121.465 3
      vertex 84.25 123.465 3
    endloop
  endfacet
  facet normal -0.5 -0.866025 -0
    outer loop
      vertex 87.7141 121.465 3
      vertex 84.25 123.465 0
      vertex 87.7141 121.465 0
    endloop
  endfacet
  facet normal 1 -0 0
    outer loop
      vertex 80.7859 117.465 3
      vertex 80.7859 121.465 0
      vertex 80.7859 121.465 3
    endloop
  endfacet
  facet normal 1 0 0
    outer loop
      vertex 80.7859 121.465 0
      vertex 80.7859 117.465 3
      vertex 80.7859 117.465 0
    endloop
  endfacet
  facet normal 0.5 0.866025 -0
    outer loop
      vertex 84.25 115.465 0
      vertex 80.7859 117.465 3
      vertex 84.25 115.465 3
    endloop
  endfacet
  facet normal 0.5 0.866025 0
    outer loop
      vertex 80.7859 117.465 3
      vertex 84.25 115.465 0
      vertex 80.7859 117.465 0
    endloop
  endfacet
  facet normal -0.5 0.866025 0
    outer loop
      vertex 98.2141 117.465 0
      vertex 94.75 115.465 3
      vertex 98.2141 117.465 3
    endloop
  endfacet
  facet normal -0.5 0.866025 0
    outer loop
      vertex 94.75 115.465 3
      vertex 98.2141 117.465 0
      vertex 94.75 115.465 0
    endloop
  endfacet
  facet normal -1 0 0
    outer loop
      vertex 98.2141 117.465 0
      vertex 98.2141 121.465 3
      vertex 98.2141 121.465 0
    endloop
  endfacet
  facet normal -1 -0 0
    outer loop
      vertex 98.2141 121.465 3
      vertex 98.2141 117.465 0
      vertex 98.2141 117.465 3
    endloop
  endfacet
  facet normal 0.5 -0.866025 0
    outer loop
      vertex 91.2859 121.465 0
      vertex 94.75 123.465 3
      vertex 91.2859 121.465 3
    endloop
  endfacet
  facet normal 0.5 -0.866025 0
    outer loop
      vertex 94.75 123.465 3
      vertex 91.2859 121.465 0
      vertex 94.75 123.465 0
    endloop
  endfacet
  facet normal -0.5 -0.866025 0
    outer loop
      vertex 94.75 123.465 0
      vertex 98.2141 121.465 3
      vertex 94.75 123.465 3
    endloop
  endfacet
  facet normal -0.5 -0.866025 -0
    outer loop
      vertex 98.2141 121.465 3
      vertex 94.75 123.465 0
      vertex 98.2141 121.465 0
    endloop
  endfacet
  facet normal 1 -0 0
    outer loop
      vertex 91.2859 117.465 3
      vertex 91.2859 121.465 0
      vertex 91.2859 121.465 3
    endloop
  endfacet
  facet normal 1 0 0
    outer loop
      vertex 91.2859 121.465 0
      vertex 91.2859 117.465 3
      vertex 91.2859 117.465 0
    endloop
  endfacet
  facet normal 0.5 0.866025 -0
    outer loop
      vertex 94.75 115.465 0
      vertex 91.2859 117.465 3
      vertex 94.75 115.465 3
    endloop
  endfacet
  facet normal 0.5 0.866025 0
    outer loop
      vertex 91.2859 117.465 3
      vertex 94.75 115.465 0
      vertex 91.2859 117.465 0
    endloop
  endfacet
  facet normal -0.500134 0.865948 0
    outer loop
      vertex 19.4641 126.558 2.95
      vertex 19.4641 126.558 0
      vertex 17.3708 125.349 2.95
    endloop
  endfacet
  facet normal -0.499795 0.866144 0
    outer loop
      vertex 17.3708 125.349 2.95
      vertex 16 124.558 3
      vertex 17.3708 125.349 3
    endloop
  endfacet
  facet normal -0.5 0.866025 0.000126856
    outer loop
      vertex 16 124.558 0
      vertex 17.3708 125.349 2.95
      vertex 19.4641 126.558 0
    endloop
  endfacet
  facet normal -0.499795 0.866144 0
    outer loop
      vertex 17.3708 125.349 2.95
      vertex 16 124.558 0
      vertex 16 124.558 3
    endloop
  endfacet
  facet normal -1 0 0
    outer loop
      vertex 19.4641 126.558 0
      vertex 19.4641 130.558 2.95
      vertex 19.4641 130.558 0
    endloop
  endfacet
  facet normal -1 -0 0
    outer loop
      vertex 19.4641 130.558 2.95
      vertex 19.4641 126.558 0
      vertex 19.4641 126.558 2.95
    endloop
  endfacet
  facet normal 0.500097 -0.865969 0
    outer loop
      vertex 14 131.403 0
      vertex 16 132.558 3
      vertex 14 131.403 3
    endloop
  endfacet
  facet normal 0.500097 -0.865969 0
    outer loop
      vertex 16 132.558 3
      vertex 14 131.403 0
      vertex 16 132.558 0
    endloop
  endfacet
  facet normal -0.499641 -0.866233 0
    outer loop
      vertex 16 132.558 3
      vertex 16.612 132.205 2.95
      vertex 16.612 132.205 3
    endloop
  endfacet
  facet normal -0.499641 -0.866233 0
    outer loop
      vertex 16 132.558 0
      vertex 16.612 132.205 2.95
      vertex 16 132.558 3
    endloop
  endfacet
  facet normal -0.5 -0.866025 9.93814e-05
    outer loop
      vertex 19.4641 130.558 0
      vertex 16.612 132.205 2.95
      vertex 16 132.558 0
    endloop
  endfacet
  facet normal -0.500077 -0.865981 0
    outer loop
      vertex 16.612 132.205 2.95
      vertex 19.4641 130.558 0
      vertex 19.4641 130.558 2.95
    endloop
  endfacet
  facet normal 0.500097 0.865969 -0
    outer loop
      vertex 16 124.558 0
      vertex 14 125.713 3
      vertex 16 124.558 3
    endloop
  endfacet
  facet normal 0.500097 0.865969 0
    outer loop
      vertex 14 125.713 3
      vertex 16 124.558 0
      vertex 14 125.713 0
    endloop
  endfacet
  facet normal -0.5 0.866025 0
    outer loop
      vertex 29.9641 126.558 0
      vertex 26.5 124.558 3
      vertex 29.9641 126.558 3
    endloop
  endfacet
  facet normal -0.5 0.866025 0
    outer loop
      vertex 26.5 124.558 3
      vertex 29.9641 126.558 0
      vertex 26.5 124.558 0
    endloop
  endfacet
  facet normal -1 0 0
    outer loop
      vertex 29.9641 126.558 0
      vertex 29.9641 130.558 3
      vertex 29.9641 130.558 0
    endloop
  endfacet
  facet normal -1 -0 0
    outer loop
      vertex 29.9641 130.558 3
      vertex 29.9641 126.558 0
      vertex 29.9641 126.558 3
    endloop
  endfacet
  facet normal 0.5 -0.866025 0
    outer loop
      vertex 23.0359 130.558 0
      vertex 26.5 132.558 3
      vertex 23.0359 130.558 3
    endloop
  endfacet
  facet normal 0.5 -0.866025 0
    outer loop
      vertex 26.5 132.558 3
      vertex 23.0359 130.558 0
      vertex 26.5 132.558 0
    endloop
  endfacet
  facet normal -0.5 -0.866025 0
    outer loop
      vertex 26.5 132.558 0
      vertex 29.9641 130.558 3
      vertex 26.5 132.558 3
    endloop
  endfacet
  facet normal -0.5 -0.866025 -0
    outer loop
      vertex 29.9641 130.558 3
      vertex 26.5 132.558 0
      vertex 29.9641 130.558 0
    endloop
  endfacet
  facet normal 1 -0 0
    outer loop
      vertex 23.0359 126.558 3
      vertex 23.0359 130.558 0
      vertex 23.0359 130.558 3
    endloop
  endfacet
  facet normal 1 0 0
    outer loop
      vertex 23.0359 130.558 0
      vertex 23.0359 126.558 3
      vertex 23.0359 126.558 0
    endloop
  endfacet
  facet normal 0.5 0.866025 -0
    outer loop
      vertex 26.5 124.558 0
      vertex 23.0359 126.558 3
      vertex 26.5 124.558 3
    endloop
  endfacet
  facet normal 0.5 0.866025 0
    outer loop
      vertex 23.0359 126.558 3
      vertex 26.5 124.558 0
      vertex 23.0359 126.558 0
    endloop
  endfacet
  facet normal -0.5 0.866025 0
    outer loop
      vertex 40.4641 126.558 0
      vertex 37 124.558 3
      vertex 40.4641 126.558 3
    endloop
  endfacet
  facet normal -0.5 0.866025 0
    outer loop
      vertex 37 124.558 3
      vertex 40.4641 126.558 0
      vertex 37 124.558 0
    endloop
  endfacet
  facet normal -1 0 0
    outer loop
      vertex 40.4641 126.558 0
      vertex 40.4641 130.558 3
      vertex 40.4641 130.558 0
    endloop
  endfacet
  facet normal -1 -0 0
    outer loop
      vertex 40.4641 130.558 3
      vertex 40.4641 126.558 0
      vertex 40.4641 126.558 3
    endloop
  endfacet
  facet normal 0.5 -0.866025 0
    outer loop
      vertex 33.5359 130.558 0
      vertex 37 132.558 3
      vertex 33.5359 130.558 3
    endloop
  endfacet
  facet normal 0.5 -0.866025 0
    outer loop
      vertex 37 132.558 3
      vertex 33.5359 130.558 0
      vertex 37 132.558 0
    endloop
  endfacet
  facet normal -0.5 -0.866025 0
    outer loop
      vertex 37 132.558 0
      vertex 40.4641 130.558 3
      vertex 37 132.558 3
    endloop
  endfacet
  facet normal -0.5 -0.866025 -0
    outer loop
      vertex 40.4641 130.558 3
      vertex 37 132.558 0
      vertex 40.4641 130.558 0
    endloop
  endfacet
  facet normal 1 -0 0
    outer loop
      vertex 33.5359 126.558 3
      vertex 33.5359 130.558 0
      vertex 33.5359 130.558 3
    endloop
  endfacet
  facet normal 1 0 0
    outer loop
      vertex 33.5359 130.558 0
      vertex 33.5359 126.558 3
      vertex 33.5359 126.558 0
    endloop
  endfacet
  facet normal 0.5 0.866025 -0
    outer loop
      vertex 37 124.558 0
      vertex 33.5359 126.558 3
      vertex 37 124.558 3
    endloop
  endfacet
  facet normal 0.5 0.866025 0
    outer loop
      vertex 33.5359 126.558 3
      vertex 37 124.558 0
      vertex 33.5359 126.558 0
    endloop
  endfacet
  facet normal -0.5 0.866025 0
    outer loop
      vertex 50.9641 126.558 0
      vertex 47.5 124.558 3
      vertex 50.9641 126.558 3
    endloop
  endfacet
  facet normal -0.5 0.866025 0
    outer loop
      vertex 47.5 124.558 3
      vertex 50.9641 126.558 0
      vertex 47.5 124.558 0
    endloop
  endfacet
  facet normal -1 0 0
    outer loop
      vertex 50.9641 126.558 0
      vertex 50.9641 130.558 3
      vertex 50.9641 130.558 0
    endloop
  endfacet
  facet normal -1 -0 0
    outer loop
      vertex 50.9641 130.558 3
      vertex 50.9641 126.558 0
      vertex 50.9641 126.558 3
    endloop
  endfacet
  facet normal 0.5 -0.866025 0
    outer loop
      vertex 44.0359 130.558 0
      vertex 47.5 132.558 3
      vertex 44.0359 130.558 3
    endloop
  endfacet
  facet normal 0.5 -0.866025 0
    outer loop
      vertex 47.5 132.558 3
      vertex 44.0359 130.558 0
      vertex 47.5 132.558 0
    endloop
  endfacet
  facet normal -0.5 -0.866025 0
    outer loop
      vertex 47.5 132.558 0
      vertex 50.9641 130.558 3
      vertex 47.5 132.558 3
    endloop
  endfacet
  facet normal -0.5 -0.866025 -0
    outer loop
      vertex 50.9641 130.558 3
      vertex 47.5 132.558 0
      vertex 50.9641 130.558 0
    endloop
  endfacet
  facet normal 1 -0 0
    outer loop
      vertex 44.0359 126.558 3
      vertex 44.0359 130.558 0
      vertex 44.0359 130.558 3
    endloop
  endfacet
  facet normal 1 0 0
    outer loop
      vertex 44.0359 130.558 0
      vertex 44.0359 126.558 3
      vertex 44.0359 126.558 0
    endloop
  endfacet
  facet normal 0.5 0.866025 -0
    outer loop
      vertex 47.5 124.558 0
      vertex 44.0359 126.558 3
      vertex 47.5 124.558 3
    endloop
  endfacet
  facet normal 0.5 0.866025 0
    outer loop
      vertex 44.0359 126.558 3
      vertex 47.5 124.558 0
      vertex 44.0359 126.558 0
    endloop
  endfacet
  facet normal -0.5 0.866025 0
    outer loop
      vertex 61.4641 126.558 0
      vertex 58 124.558 3
      vertex 61.4641 126.558 3
    endloop
  endfacet
  facet normal -0.5 0.866025 0
    outer loop
      vertex 58 124.558 3
      vertex 61.4641 126.558 0
      vertex 58 124.558 0
    endloop
  endfacet
  facet normal -1 0 0
    outer loop
      vertex 61.4641 126.558 0
      vertex 61.4641 130.558 3
      vertex 61.4641 130.558 0
    endloop
  endfacet
  facet normal -1 -0 0
    outer loop
      vertex 61.4641 130.558 3
      vertex 61.4641 126.558 0
      vertex 61.4641 126.558 3
    endloop
  endfacet
  facet normal 0.5 -0.866025 0
    outer loop
      vertex 54.5359 130.558 0
      vertex 58 132.558 3
      vertex 54.5359 130.558 3
    endloop
  endfacet
  facet normal 0.5 -0.866025 0
    outer loop
      vertex 58 132.558 3
      vertex 54.5359 130.558 0
      vertex 58 132.558 0
    endloop
  endfacet
  facet normal -0.5 -0.866025 0
    outer loop
      vertex 58 132.558 0
      vertex 61.4641 130.558 3
      vertex 58 132.558 3
    endloop
  endfacet
  facet normal -0.5 -0.866025 -0
    outer loop
      vertex 61.4641 130.558 3
      vertex 58 132.558 0
      vertex 61.4641 130.558 0
    endloop
  endfacet
  facet normal 1 -0 0
    outer loop
      vertex 54.5359 126.558 3
      vertex 54.5359 130.558 0
      vertex 54.5359 130.558 3
    endloop
  endfacet
  facet normal 1 0 0
    outer loop
      vertex 54.5359 130.558 0
      vertex 54.5359 126.558 3
      vertex 54.5359 126.558 0
    endloop
  endfacet
  facet normal 0.5 0.866025 -0
    outer loop
      vertex 58 124.558 0
      vertex 54.5359 126.558 3
      vertex 58 124.558 3
    endloop
  endfacet
  facet normal 0.5 0.866025 0
    outer loop
      vertex 54.5359 126.558 3
      vertex 58 124.558 0
      vertex 54.5359 126.558 0
    endloop
  endfacet
  facet normal -0.5 0.866025 0
    outer loop
      vertex 71.9641 126.558 0
      vertex 68.5 124.558 3
      vertex 71.9641 126.558 3
    endloop
  endfacet
  facet normal -0.5 0.866025 0
    outer loop
      vertex 68.5 124.558 3
      vertex 71.9641 126.558 0
      vertex 68.5 124.558 0
    endloop
  endfacet
  facet normal -1 0 0
    outer loop
      vertex 71.9641 126.558 0
      vertex 71.9641 130.558 3
      vertex 71.9641 130.558 0
    endloop
  endfacet
  facet normal -1 -0 0
    outer loop
      vertex 71.9641 130.558 3
      vertex 71.9641 126.558 0
      vertex 71.9641 126.558 3
    endloop
  endfacet
  facet normal 0.5 -0.866025 0
    outer loop
      vertex 65.0359 130.558 0
      vertex 68.5 132.558 3
      vertex 65.0359 130.558 3
    endloop
  endfacet
  facet normal 0.5 -0.866025 0
    outer loop
      vertex 68.5 132.558 3
      vertex 65.0359 130.558 0
      vertex 68.5 132.558 0
    endloop
  endfacet
  facet normal -0.5 -0.866025 0
    outer loop
      vertex 68.5 132.558 0
      vertex 71.9641 130.558 3
      vertex 68.5 132.558 3
    endloop
  endfacet
  facet normal -0.5 -0.866025 -0
    outer loop
      vertex 71.9641 130.558 3
      vertex 68.5 132.558 0
      vertex 71.9641 130.558 0
    endloop
  endfacet
  facet normal 1 -0 0
    outer loop
      vertex 65.0359 126.558 3
      vertex 65.0359 130.558 0
      vertex 65.0359 130.558 3
    endloop
  endfacet
  facet normal 1 0 0
    outer loop
      vertex 65.0359 130.558 0
      vertex 65.0359 126.558 3
      vertex 65.0359 126.558 0
    endloop
  endfacet
  facet normal 0.5 0.866025 -0
    outer loop
      vertex 68.5 124.558 0
      vertex 65.0359 126.558 3
      vertex 68.5 124.558 3
    endloop
  endfacet
  facet normal 0.5 0.866025 0
    outer loop
      vertex 65.0359 126.558 3
      vertex 68.5 124.558 0
      vertex 65.0359 126.558 0
    endloop
  endfacet
  facet normal -0.5 0.866025 0
    outer loop
      vertex 82.4641 126.558 0
      vertex 79 124.558 3
      vertex 82.4641 126.558 3
    endloop
  endfacet
  facet normal -0.5 0.866025 0
    outer loop
      vertex 79 124.558 3
      vertex 82.4641 126.558 0
      vertex 79 124.558 0
    endloop
  endfacet
  facet normal -1 0 0
    outer loop
      vertex 82.4641 126.558 0
      vertex 82.4641 130.558 3
      vertex 82.4641 130.558 0
    endloop
  endfacet
  facet normal -1 -0 0
    outer loop
      vertex 82.4641 130.558 3
      vertex 82.4641 126.558 0
      vertex 82.4641 126.558 3
    endloop
  endfacet
  facet normal 0.5 -0.866025 0
    outer loop
      vertex 75.5359 130.558 0
      vertex 79 132.558 3
      vertex 75.5359 130.558 3
    endloop
  endfacet
  facet normal 0.5 -0.866025 0
    outer loop
      vertex 79 132.558 3
      vertex 75.5359 130.558 0
      vertex 79 132.558 0
    endloop
  endfacet
  facet normal -0.5 -0.866025 0
    outer loop
      vertex 79 132.558 0
      vertex 82.4641 130.558 3
      vertex 79 132.558 3
    endloop
  endfacet
  facet normal -0.5 -0.866025 -0
    outer loop
      vertex 82.4641 130.558 3
      vertex 79 132.558 0
      vertex 82.4641 130.558 0
    endloop
  endfacet
  facet normal 1 -0 0
    outer loop
      vertex 75.5359 126.558 3
      vertex 75.5359 130.558 0
      vertex 75.5359 130.558 3
    endloop
  endfacet
  facet normal 1 0 0
    outer loop
      vertex 75.5359 130.558 0
      vertex 75.5359 126.558 3
      vertex 75.5359 126.558 0
    endloop
  endfacet
  facet normal 0.5 0.866025 -0
    outer loop
      vertex 79 124.558 0
      vertex 75.5359 126.558 3
      vertex 79 124.558 3
    endloop
  endfacet
  facet normal 0.5 0.866025 0
    outer loop
      vertex 75.5359 126.558 3
      vertex 79 124.558 0
      vertex 75.5359 126.558 0
    endloop
  endfacet
  facet normal -0.5 0.866025 0
    outer loop
      vertex 92.9641 126.558 0
      vertex 89.5 124.558 3
      vertex 92.9641 126.558 3
    endloop
  endfacet
  facet normal -0.5 0.866025 0
    outer loop
      vertex 89.5 124.558 3
      vertex 92.9641 126.558 0
      vertex 89.5 124.558 0
    endloop
  endfacet
  facet normal -1 0 0
    outer loop
      vertex 92.9641 126.558 0
      vertex 92.9641 130.558 3
      vertex 92.9641 130.558 0
    endloop
  endfacet
  facet normal -1 -0 0
    outer loop
      vertex 92.9641 130.558 3
      vertex 92.9641 126.558 0
      vertex 92.9641 126.558 3
    endloop
  endfacet
  facet normal 0.5 -0.866025 0
    outer loop
      vertex 86.0359 130.558 0
      vertex 89.5 132.558 3
      vertex 86.0359 130.558 3
    endloop
  endfacet
  facet normal 0.5 -0.866025 0
    outer loop
      vertex 89.5 132.558 3
      vertex 86.0359 130.558 0
      vertex 89.5 132.558 0
    endloop
  endfacet
  facet normal -0.5 -0.866025 0
    outer loop
      vertex 89.5 132.558 0
      vertex 92.9641 130.558 3
      vertex 89.5 132.558 3
    endloop
  endfacet
  facet normal -0.5 -0.866025 -0
    outer loop
      vertex 92.9641 130.558 3
      vertex 89.5 132.558 0
      vertex 92.9641 130.558 0
    endloop
  endfacet
  facet normal 1 -0 0
    outer loop
      vertex 86.0359 126.558 3
      vertex 86.0359 130.558 0
      vertex 86.0359 130.558 3
    endloop
  endfacet
  facet normal 1 0 0
    outer loop
      vertex 86.0359 130.558 0
      vertex 86.0359 126.558 3
      vertex 86.0359 126.558 0
    endloop
  endfacet
  facet normal 0.5 0.866025 -0
    outer loop
      vertex 89.5 124.558 0
      vertex 86.0359 126.558 3
      vertex 89.5 124.558 3
    endloop
  endfacet
  facet normal 0.5 0.866025 0
    outer loop
      vertex 86.0359 126.558 3
      vertex 89.5 124.558 0
      vertex 86.0359 126.558 0
    endloop
  endfacet
  facet normal 0.500042 -0.866001 0
    outer loop
      vertex 96.5359 130.558 0
      vertex 99.7 132.385 3
      vertex 96.5359 130.558 3
    endloop
  endfacet
  facet normal 0.500042 -0.866001 0
    outer loop
      vertex 99.7 132.385 3
      vertex 96.5359 130.558 0
      vertex 99.7 132.385 0
    endloop
  endfacet
  facet normal 1 -0 0
    outer loop
      vertex 96.5359 126.558 3
      vertex 96.5359 130.558 0
      vertex 96.5359 130.558 3
    endloop
  endfacet
  facet normal 1 0 0
    outer loop
      vertex 96.5359 130.558 0
      vertex 96.5359 126.558 3
      vertex 96.5359 126.558 0
    endloop
  endfacet
  facet normal 0.500042 0.866001 -0
    outer loop
      vertex 99.7 124.731 0
      vertex 96.5359 126.558 3
      vertex 99.7 124.731 3
    endloop
  endfacet
  facet normal 0.500042 0.866001 0
    outer loop
      vertex 96.5359 126.558 3
      vertex 99.7 124.731 0
      vertex 96.5359 126.558 0
    endloop
  endfacet
  facet normal -0.50118 0.865343 0
    outer loop
      vertex 14.2141 135.651 0
      vertex 14 135.527 3
      vertex 14.2141 135.651 3
    endloop
  endfacet
  facet normal -0.50118 0.865343 0
    outer loop
      vertex 14 135.527 3
      vertex 14.2141 135.651 0
      vertex 14 135.527 0
    endloop
  endfacet
  facet normal -1 0 0
    outer loop
      vertex 14.2141 135.651 0
      vertex 14.2141 136 3
      vertex 14.2141 136 0
    endloop
  endfacet
  facet normal -1 -0 0
    outer loop
      vertex 14.2141 136 3
      vertex 14.2141 135.651 0
      vertex 14.2141 135.651 3
    endloop
  endfacet
  facet normal -0.5 0.866025 0
    outer loop
      vertex 24.7141 135.651 0
      vertex 21.25 133.651 3
      vertex 24.7141 135.651 3
    endloop
  endfacet
  facet normal -0.5 0.866025 0
    outer loop
      vertex 21.25 133.651 3
      vertex 24.7141 135.651 0
      vertex 21.25 133.651 0
    endloop
  endfacet
  facet normal -1 0 0
    outer loop
      vertex 24.7141 135.651 0
      vertex 24.7141 136 3
      vertex 24.7141 136 0
    endloop
  endfacet
  facet normal -1 -0 0
    outer loop
      vertex 24.7141 136 3
      vertex 24.7141 135.651 0
      vertex 24.7141 135.651 3
    endloop
  endfacet
  facet normal 1 -0 0
    outer loop
      vertex 17.7859 135.651 3
      vertex 17.7859 136 0
      vertex 17.7859 136 3
    endloop
  endfacet
  facet normal 1 0 0
    outer loop
      vertex 17.7859 136 0
      vertex 17.7859 135.651 3
      vertex 17.7859 135.651 0
    endloop
  endfacet
  facet normal 0.5 0.866025 -0
    outer loop
      vertex 21.25 133.651 0
      vertex 17.7859 135.651 3
      vertex 21.25 133.651 3
    endloop
  endfacet
  facet normal 0.5 0.866025 0
    outer loop
      vertex 17.7859 135.651 3
      vertex 21.25 133.651 0
      vertex 17.7859 135.651 0
    endloop
  endfacet
  facet normal -0.5 0.866025 0
    outer loop
      vertex 35.2141 135.651 0
      vertex 31.75 133.651 3
      vertex 35.2141 135.651 3
    endloop
  endfacet
  facet normal -0.5 0.866025 0
    outer loop
      vertex 31.75 133.651 3
      vertex 35.2141 135.651 0
      vertex 31.75 133.651 0
    endloop
  endfacet
  facet normal -1 0 0
    outer loop
      vertex 35.2141 135.651 0
      vertex 35.2141 136 3
      vertex 35.2141 136 0
    endloop
  endfacet
  facet normal -1 -0 0
    outer loop
      vertex 35.2141 136 3
      vertex 35.2141 135.651 0
      vertex 35.2141 135.651 3
    endloop
  endfacet
  facet normal 1 -0 0
    outer loop
      vertex 28.2859 135.651 3
      vertex 28.2859 136 0
      vertex 28.2859 136 3
    endloop
  endfacet
  facet normal 1 0 0
    outer loop
      vertex 28.2859 136 0
      vertex 28.2859 135.651 3
      vertex 28.2859 135.651 0
    endloop
  endfacet
  facet normal 0.5 0.866025 -0
    outer loop
      vertex 31.75 133.651 0
      vertex 28.2859 135.651 3
      vertex 31.75 133.651 3
    endloop
  endfacet
  facet normal 0.5 0.866025 0
    outer loop
      vertex 28.2859 135.651 3
      vertex 31.75 133.651 0
      vertex 28.2859 135.651 0
    endloop
  endfacet
  facet normal -0.5 0.866025 0
    outer loop
      vertex 45.7141 135.651 0
      vertex 42.25 133.651 3
      vertex 45.7141 135.651 3
    endloop
  endfacet
  facet normal -0.5 0.866025 0
    outer loop
      vertex 42.25 133.651 3
      vertex 45.7141 135.651 0
      vertex 42.25 133.651 0
    endloop
  endfacet
  facet normal -1 0 0
    outer loop
      vertex 45.7141 135.651 0
      vertex 45.7141 136 3
      vertex 45.7141 136 0
    endloop
  endfacet
  facet normal -1 -0 0
    outer loop
      vertex 45.7141 136 3
      vertex 45.7141 135.651 0
      vertex 45.7141 135.651 3
    endloop
  endfacet
  facet normal 1 -0 0
    outer loop
      vertex 38.7859 135.651 3
      vertex 38.7859 136 0
      vertex 38.7859 136 3
    endloop
  endfacet
  facet normal 1 0 0
    outer loop
      vertex 38.7859 136 0
      vertex 38.7859 135.651 3
      vertex 38.7859 135.651 0
    endloop
  endfacet
  facet normal 0.5 0.866025 -0
    outer loop
      vertex 42.25 133.651 0
      vertex 38.7859 135.651 3
      vertex 42.25 133.651 3
    endloop
  endfacet
  facet normal 0.5 0.866025 0
    outer loop
      vertex 38.7859 135.651 3
      vertex 42.25 133.651 0
      vertex 38.7859 135.651 0
    endloop
  endfacet
  facet normal -0.5 0.866025 0
    outer loop
      vertex 56.2141 135.651 0
      vertex 52.75 133.651 3
      vertex 56.2141 135.651 3
    endloop
  endfacet
  facet normal -0.5 0.866025 0
    outer loop
      vertex 52.75 133.651 3
      vertex 56.2141 135.651 0
      vertex 52.75 133.651 0
    endloop
  endfacet
  facet normal -1 0 0
    outer loop
      vertex 56.2141 135.651 0
      vertex 56.2141 136 3
      vertex 56.2141 136 0
    endloop
  endfacet
  facet normal -1 -0 0
    outer loop
      vertex 56.2141 136 3
      vertex 56.2141 135.651 0
      vertex 56.2141 135.651 3
    endloop
  endfacet
  facet normal 1 -0 0
    outer loop
      vertex 49.2859 135.651 3
      vertex 49.2859 136 0
      vertex 49.2859 136 3
    endloop
  endfacet
  facet normal 1 0 0
    outer loop
      vertex 49.2859 136 0
      vertex 49.2859 135.651 3
      vertex 49.2859 135.651 0
    endloop
  endfacet
  facet normal 0.5 0.866025 -0
    outer loop
      vertex 52.75 133.651 0
      vertex 49.2859 135.651 3
      vertex 52.75 133.651 3
    endloop
  endfacet
  facet normal 0.5 0.866025 0
    outer loop
      vertex 49.2859 135.651 3
      vertex 52.75 133.651 0
      vertex 49.2859 135.651 0
    endloop
  endfacet
  facet normal -0.5 0.866025 0
    outer loop
      vertex 66.7141 135.651 0
      vertex 63.25 133.651 3
      vertex 66.7141 135.651 3
    endloop
  endfacet
  facet normal -0.5 0.866025 0
    outer loop
      vertex 63.25 133.651 3
      vertex 66.7141 135.651 0
      vertex 63.25 133.651 0
    endloop
  endfacet
  facet normal -1 0 0
    outer loop
      vertex 66.7141 135.651 0
      vertex 66.7141 136 3
      vertex 66.7141 136 0
    endloop
  endfacet
  facet normal -1 -0 0
    outer loop
      vertex 66.7141 136 3
      vertex 66.7141 135.651 0
      vertex 66.7141 135.651 3
    endloop
  endfacet
  facet normal 1 -0 0
    outer loop
      vertex 59.7859 135.651 3
      vertex 59.7859 136 0
      vertex 59.7859 136 3
    endloop
  endfacet
  facet normal 1 0 0
    outer loop
      vertex 59.7859 136 0
      vertex 59.7859 135.651 3
      vertex 59.7859 135.651 0
    endloop
  endfacet
  facet normal 0.5 0.866025 -0
    outer loop
      vertex 63.25 133.651 0
      vertex 59.7859 135.651 3
      vertex 63.25 133.651 3
    endloop
  endfacet
  facet normal 0.5 0.866025 0
    outer loop
      vertex 59.7859 135.651 3
      vertex 63.25 133.651 0
      vertex 59.7859 135.651 0
    endloop
  endfacet
  facet normal -0.5 0.866025 0
    outer loop
      vertex 77.2141 135.651 0
      vertex 73.75 133.651 3
      vertex 77.2141 135.651 3
    endloop
  endfacet
  facet normal -0.5 0.866025 0
    outer loop
      vertex 73.75 133.651 3
      vertex 77.2141 135.651 0
      vertex 73.75 133.651 0
    endloop
  endfacet
  facet normal -1 0 0
    outer loop
      vertex 77.2141 135.651 0
      vertex 77.2141 136 3
      vertex 77.2141 136 0
    endloop
  endfacet
  facet normal -1 -0 0
    outer loop
      vertex 77.2141 136 3
      vertex 77.2141 135.651 0
      vertex 77.2141 135.651 3
    endloop
  endfacet
  facet normal 1 -0 0
    outer loop
      vertex 70.2859 135.651 3
      vertex 70.2859 136 0
      vertex 70.2859 136 3
    endloop
  endfacet
  facet normal 1 0 0
    outer loop
      vertex 70.2859 136 0
      vertex 70.2859 135.651 3
      vertex 70.2859 135.651 0
    endloop
  endfacet
  facet normal 0.5 0.866025 -0
    outer loop
      vertex 73.75 133.651 0
      vertex 70.2859 135.651 3
      vertex 73.75 133.651 3
    endloop
  endfacet
  facet normal 0.5 0.866025 0
    outer loop
      vertex 70.2859 135.651 3
      vertex 73.75 133.651 0
      vertex 70.2859 135.651 0
    endloop
  endfacet
  facet normal -0.5 0.866025 0
    outer loop
      vertex 87.7141 135.651 0
      vertex 84.25 133.651 3
      vertex 87.7141 135.651 3
    endloop
  endfacet
  facet normal -0.5 0.866025 0
    outer loop
      vertex 84.25 133.651 3
      vertex 87.7141 135.651 0
      vertex 84.25 133.651 0
    endloop
  endfacet
  facet normal -1 0 0
    outer loop
      vertex 87.7141 135.651 0
      vertex 87.7141 136 3
      vertex 87.7141 136 0
    endloop
  endfacet
  facet normal -1 -0 0
    outer loop
      vertex 87.7141 136 3
      vertex 87.7141 135.651 0
      vertex 87.7141 135.651 3
    endloop
  endfacet
  facet normal 1 -0 0
    outer loop
      vertex 80.7859 135.651 3
      vertex 80.7859 136 0
      vertex 80.7859 136 3
    endloop
  endfacet
  facet normal 1 0 0
    outer loop
      vertex 80.7859 136 0
      vertex 80.7859 135.651 3
      vertex 80.7859 135.651 0
    endloop
  endfacet
  facet normal 0.5 0.866025 -0
    outer loop
      vertex 84.25 133.651 0
      vertex 80.7859 135.651 3
      vertex 84.25 133.651 3
    endloop
  endfacet
  facet normal 0.5 0.866025 0
    outer loop
      vertex 80.7859 135.651 3
      vertex 84.25 133.651 0
      vertex 80.7859 135.651 0
    endloop
  endfacet
  facet normal -0.5 0.866025 0
    outer loop
      vertex 98.2141 135.651 0
      vertex 94.75 133.651 3
      vertex 98.2141 135.651 3
    endloop
  endfacet
  facet normal -0.5 0.866025 0
    outer loop
      vertex 94.75 133.651 3
      vertex 98.2141 135.651 0
      vertex 94.75 133.651 0
    endloop
  endfacet
  facet normal -1 0 0
    outer loop
      vertex 98.2141 135.651 0
      vertex 98.2141 136 3
      vertex 98.2141 136 0
    endloop
  endfacet
  facet normal -1 -0 0
    outer loop
      vertex 98.2141 136 3
      vertex 98.2141 135.651 0
      vertex 98.2141 135.651 3
    endloop
  endfacet
  facet normal 1 -0 0
    outer loop
      vertex 91.2859 135.651 3
      vertex 91.2859 136 0
      vertex 91.2859 136 3
    endloop
  endfacet
  facet normal 1 0 0
    outer loop
      vertex 91.2859 136 0
      vertex 91.2859 135.651 3
      vertex 91.2859 135.651 0
    endloop
  endfacet
  facet normal 0.5 0.866025 -0
    outer loop
      vertex 94.75 133.651 0
      vertex 91.2859 135.651 3
      vertex 94.75 133.651 3
    endloop
  endfacet
  facet normal 0.5 0.866025 0
    outer loop
      vertex 91.2859 135.651 3
      vertex 94.75 133.651 0
      vertex 91.2859 135.651 0
    endloop
  endfacet
  facet normal 1 -0 0
    outer loop
      vertex 14 135.527 3
      vertex 14 136 0
      vertex 14 136 3
    endloop
  endfacet
  facet normal 1 0 0
    outer loop
      vertex 14 136 0
      vertex 14 135.527 3
      vertex 14 135.527 0
    endloop
  endfacet
  facet normal 1 -0 0
    outer loop
      vertex 14 80.9694 3
      vertex 14 85.2166 0
      vertex 14 85.2166 3
    endloop
  endfacet
  facet normal 1 0 0
    outer loop
      vertex 14 85.2166 0
      vertex 14 80.9694 3
      vertex 14 80.9694 0
    endloop
  endfacet
  facet normal 1 -0 0
    outer loop
      vertex 14 62.7834 3
      vertex 14 67.0306 0
      vertex 14 67.0306 3
    endloop
  endfacet
  facet normal 1 0 0
    outer loop
      vertex 14 67.0306 0
      vertex 14 62.7834 3
      vertex 14 62.7834 0
    endloop
  endfacet
  facet normal 1 -0 0
    outer loop
      vertex 14 44.5974 3
      vertex 14 48.8446 0
      vertex 14 48.8446 3
    endloop
  endfacet
  facet normal 1 0 0
    outer loop
      vertex 14 48.8446 0
      vertex 14 44.5974 3
      vertex 14 44.5974 0
    endloop
  endfacet
  facet normal 1 -0 0
    outer loop
      vertex 14 26.4114 3
      vertex 14 30.6586 0
      vertex 14 30.6586 3
    endloop
  endfacet
  facet normal 1 0 0
    outer loop
      vertex 14 30.6586 0
      vertex 14 26.4114 3
      vertex 14 26.4114 0
    endloop
  endfacet
  facet normal 1 -0 0
    outer loop
      vertex 14 117.341 3
      vertex 14 121.589 0
      vertex 14 121.589 3
    endloop
  endfacet
  facet normal 1 0 0
    outer loop
      vertex 14 121.589 0
      vertex 14 117.341 3
      vertex 14 117.341 0
    endloop
  endfacet
  facet normal 1 -0 0
    outer loop
      vertex 14 99.1554 3
      vertex 14 103.403 0
      vertex 14 103.403 3
    endloop
  endfacet
  facet normal 1 0 0
    outer loop
      vertex 14 103.403 0
      vertex 14 99.1554 3
      vertex 14 99.1554 0
    endloop
  endfacet
  facet normal 1 -0 0
    outer loop
      vertex 14 34.7827 3
      vertex 14 40.4733 0
      vertex 14 40.4733 3
    endloop
  endfacet
  facet normal 1 0 0
    outer loop
      vertex 14 40.4733 0
      vertex 14 34.7827 3
      vertex 14 34.7827 0
    endloop
  endfacet
  facet normal 1 -0 0
    outer loop
      vertex 14 16.5967 3
      vertex 14 22.2873 0
      vertex 14 22.2873 3
    endloop
  endfacet
  facet normal 1 0 0
    outer loop
      vertex 14 22.2873 0
      vertex 14 16.5967 3
      vertex 14 16.5967 0
    endloop
  endfacet
  facet normal 1 -0 0
    outer loop
      vertex 14 89.3407 3
      vertex 14 95.0313 0
      vertex 14 95.0313 3
    endloop
  endfacet
  facet normal 1 0 0
    outer loop
      vertex 14 95.0313 0
      vertex 14 89.3407 3
      vertex 14 89.3407 0
    endloop
  endfacet
  facet normal 1 -0 0
    outer loop
      vertex 14 52.9687 3
      vertex 14 58.6593 0
      vertex 14 58.6593 3
    endloop
  endfacet
  facet normal 1 0 0
    outer loop
      vertex 14 58.6593 0
      vertex 14 52.9687 3
      vertex 14 52.9687 0
    endloop
  endfacet
  facet normal 1 -0 0
    outer loop
      vertex 14 125.713 3
      vertex 14 131.403 0
      vertex 14 131.403 3
    endloop
  endfacet
  facet normal 1 0 0
    outer loop
      vertex 14 131.403 0
      vertex 14 125.713 3
      vertex 14 125.713 0
    endloop
  endfacet
  facet normal 1 -0 0
    outer loop
      vertex 14 107.527 3
      vertex 14 113.217 0
      vertex 14 113.217 3
    endloop
  endfacet
  facet normal 1 0 0
    outer loop
      vertex 14 113.217 0
      vertex 14 107.527 3
      vertex 14 107.527 0
    endloop
  endfacet
  facet normal 1 -0 0
    outer loop
      vertex 14 71.1547 3
      vertex 14 76.8453 0
      vertex 14 76.8453 3
    endloop
  endfacet
  facet normal 1 0 0
    outer loop
      vertex 14 76.8453 0
      vertex 14 71.1547 3
      vertex 14 71.1547 0
    endloop
  endfacet
  facet normal 0 -1 0
    outer loop
      vertex 14 136 0
      vertex 14.2141 136 3
      vertex 14 136 3
    endloop
  endfacet
  facet normal 0 -1 -0
    outer loop
      vertex 14.2141 136 3
      vertex 14 136 0
      vertex 14.2141 136 0
    endloop
  endfacet
  facet normal 0 -1 0
    outer loop
      vertex 17.7859 136 0
      vertex 24.7141 136 3
      vertex 17.7859 136 3
    endloop
  endfacet
  facet normal 0 -1 -0
    outer loop
      vertex 24.7141 136 3
      vertex 17.7859 136 0
      vertex 24.7141 136 0
    endloop
  endfacet
  facet normal 0 -1 0
    outer loop
      vertex 28.2859 136 0
      vertex 35.2141 136 3
      vertex 28.2859 136 3
    endloop
  endfacet
  facet normal 0 -1 -0
    outer loop
      vertex 35.2141 136 3
      vertex 28.2859 136 0
      vertex 35.2141 136 0
    endloop
  endfacet
  facet normal 0 -1 0
    outer loop
      vertex 38.7859 136 0
      vertex 45.7141 136 3
      vertex 38.7859 136 3
    endloop
  endfacet
  facet normal 0 -1 -0
    outer loop
      vertex 45.7141 136 3
      vertex 38.7859 136 0
      vertex 45.7141 136 0
    endloop
  endfacet
  facet normal 0 -1 0
    outer loop
      vertex 49.2859 136 0
      vertex 56.2141 136 3
      vertex 49.2859 136 3
    endloop
  endfacet
  facet normal 0 -1 -0
    outer loop
      vertex 56.2141 136 3
      vertex 49.2859 136 0
      vertex 56.2141 136 0
    endloop
  endfacet
  facet normal 0 -1 0
    outer loop
      vertex 59.7859 136 0
      vertex 66.7141 136 3
      vertex 59.7859 136 3
    endloop
  endfacet
  facet normal 0 -1 -0
    outer loop
      vertex 66.7141 136 3
      vertex 59.7859 136 0
      vertex 66.7141 136 0
    endloop
  endfacet
  facet normal 0 -1 0
    outer loop
      vertex 70.2859 136 0
      vertex 77.2141 136 3
      vertex 70.2859 136 3
    endloop
  endfacet
  facet normal 0 -1 -0
    outer loop
      vertex 77.2141 136 3
      vertex 70.2859 136 0
      vertex 77.2141 136 0
    endloop
  endfacet
  facet normal 0 -1 0
    outer loop
      vertex 80.7859 136 0
      vertex 87.7141 136 3
      vertex 80.7859 136 3
    endloop
  endfacet
  facet normal 0 -1 -0
    outer loop
      vertex 87.7141 136 3
      vertex 80.7859 136 0
      vertex 87.7141 136 0
    endloop
  endfacet
  facet normal 0 -1 0
    outer loop
      vertex 91.2859 136 0
      vertex 98.2141 136 3
      vertex 91.2859 136 3
    endloop
  endfacet
  facet normal 0 -1 -0
    outer loop
      vertex 98.2141 136 3
      vertex 91.2859 136 0
      vertex 98.2141 136 0
    endloop
  endfacet
  facet normal 0 1 -0
    outer loop
      vertex 21.8545 14 0
      vertex 20.6455 14 3
      vertex 21.8545 14 3
    endloop
  endfacet
  facet normal 0 1 0
    outer loop
      vertex 20.6455 14 3
      vertex 21.8545 14 0
      vertex 20.6455 14 0
    endloop
  endfacet
  facet normal 0 1 -0
    outer loop
      vertex 32.3545 14 0
      vertex 31.1455 14 3
      vertex 32.3545 14 3
    endloop
  endfacet
  facet normal 0 1 0
    outer loop
      vertex 31.1455 14 3
      vertex 32.3545 14 0
      vertex 31.1455 14 0
    endloop
  endfacet
  facet normal 0 1 -0
    outer loop
      vertex 42.8545 14 0
      vertex 41.6455 14 3
      vertex 42.8545 14 3
    endloop
  endfacet
  facet normal 0 1 0
    outer loop
      vertex 41.6455 14 3
      vertex 42.8545 14 0
      vertex 41.6455 14 0
    endloop
  endfacet
  facet normal 0 1 -0
    outer loop
      vertex 53.3545 14 0
      vertex 52.1455 14 3
      vertex 53.3545 14 3
    endloop
  endfacet
  facet normal 0 1 0
    outer loop
      vertex 52.1455 14 3
      vertex 53.3545 14 0
      vertex 52.1455 14 0
    endloop
  endfacet
  facet normal 0 1 -0
    outer loop
      vertex 63.8545 14 0
      vertex 62.6455 14 3
      vertex 63.8545 14 3
    endloop
  endfacet
  facet normal 0 1 0
    outer loop
      vertex 62.6455 14 3
      vertex 63.8545 14 0
      vertex 62.6455 14 0
    endloop
  endfacet
  facet normal 0 1 -0
    outer loop
      vertex 74.3545 14 0
      vertex 73.1455 14 3
      vertex 74.3545 14 3
    endloop
  endfacet
  facet normal 0 1 0
    outer loop
      vertex 73.1455 14 3
      vertex 74.3545 14 0
      vertex 73.1455 14 0
    endloop
  endfacet
  facet normal 0 1 -0
    outer loop
      vertex 84.8545 14 0
      vertex 83.6455 14 3
      vertex 84.8545 14 3
    endloop
  endfacet
  facet normal 0 1 0
    outer loop
      vertex 83.6455 14 3
      vertex 84.8545 14 0
      vertex 83.6455 14 0
    endloop
  endfacet
  facet normal 0 1 -0
    outer loop
      vertex 95.3545 14 0
      vertex 94.1455 14 3
      vertex 95.3545 14 3
    endloop
  endfacet
  facet normal 0 1 0
    outer loop
      vertex 94.1455 14 3
      vertex 95.3545 14 0
      vertex 94.1455 14 0
    endloop
  endfacet
  facet normal -0.383802 0.923416 0
    outer loop
      vertex 12.2638 142.518 0
      vertex 11.619 142.25 0.599999
      vertex 12.2638 142.518 0.599999
    endloop
  endfacet
  facet normal -0.383802 0.923416 0
    outer loop
      vertex 11.619 142.25 0.599999
      vertex 12.2638 142.518 0
      vertex 11.619 142.25 0
    endloop
  endfacet
  facet normal -0.991443 -0.13054 0
    outer loop
      vertex 7.12154 13.6108 0
      vertex 7.03044 14.3027 0.599999
      vertex 7.03044 14.3027 0
    endloop
  endfacet
  facet normal -0.991443 -0.13054 0
    outer loop
      vertex 7.03044 14.3027 0.599999
      vertex 7.12154 13.6108 0
      vertex 7.12154 13.6108 0.599999
    endloop
  endfacet
  facet normal -0.887 0.46177 0
    outer loop
      vertex 7.74954 138.381 0
      vertex 8.07179 139 0.599999
      vertex 8.07179 139 0
    endloop
  endfacet
  facet normal -0.887 0.46177 0
    outer loop
      vertex 8.07179 139 0.599999
      vertex 7.74954 138.381 0
      vertex 7.74954 138.381 0.599999
    endloop
  endfacet
  facet normal -0.161156 0.513232 0.842984
    outer loop
      vertex 12.9294 142.727 0.599999
      vertex 15.2638 139.518 3
      vertex 15.9294 139.727 3
    endloop
  endfacet
  facet normal -0.161156 0.513232 0.842984
    outer loop
      vertex 15.2638 139.518 3
      vertex 12.9294 142.727 0.599999
      vertex 12.2638 142.518 0.599999
    endloop
  endfacet
  facet normal 0 -0.624695 0.780869
    outer loop
      vertex 18 10 3
      vertex 99.7 7 0.599999
      vertex 99.7 10 3
    endloop
  endfacet
  facet normal 0 -0.624695 0.780869
    outer loop
      vertex 99.7 7 0.599999
      vertex 18 10 3
      vertex 15 7 0.599999
    endloop
  endfacet
  facet normal 0 0.624695 0.780869
    outer loop
      vertex 99.7 143 0.599999
      vertex 18 140 3
      vertex 99.7 140 3
    endloop
  endfacet
  facet normal 0 0.624695 0.780869
    outer loop
      vertex 18 140 3
      vertex 99.7 143 0.599999
      vertex 15 143 0.599999
    endloop
  endfacet
  facet normal -0.461488 0.887146 0
    outer loop
      vertex 11.619 142.25 0
      vertex 11 141.928 0.599999
      vertex 11.619 142.25 0.599999
    endloop
  endfacet
  facet normal -0.461488 0.887146 0
    outer loop
      vertex 11 141.928 0.599999
      vertex 11.619 142.25 0
      vertex 11 141.928 0
    endloop
  endfacet
  facet normal 0 1 -0
    outer loop
      vertex 99.7 143 0
      vertex 15 143 0.599999
      vertex 99.7 143 0.599999
    endloop
  endfacet
  facet normal 0 1 0
    outer loop
      vertex 15 143 0.599999
      vertex 99.7 143 0
      vertex 15 143 0
    endloop
  endfacet
  facet normal -0.953722 -0.300689 0
    outer loop
      vertex 7.48245 12.2638 0
      vertex 7.2726 12.9294 0.599999
      vertex 7.2726 12.9294 0
    endloop
  endfacet
  facet normal -0.953722 -0.300689 0
    outer loop
      vertex 7.2726 12.9294 0.599999
      vertex 7.48245 12.2638 0
      vertex 7.48245 12.2638 0.599999
    endloop
  endfacet
  facet normal -0.737283 -0.675584 0
    outer loop
      vertex 9.34314 9.34314 0
      vertex 8.87164 9.8577 0.599999
      vertex 8.87164 9.8577 0
    endloop
  endfacet
  facet normal -0.737283 -0.675584 0
    outer loop
      vertex 8.87164 9.8577 0.599999
      vertex 9.34314 9.34314 0
      vertex 9.34314 9.34314 0.599999
    endloop
  endfacet
  facet normal -0.161714 -0.512799 0.84314
    outer loop
      vertex 15.2638 10.4825 3
      vertex 12.9294 7.2726 0.599999
      vertex 15.9294 10.2726 3
    endloop
  endfacet
  facet normal -0.161681 -0.512818 0.843135
    outer loop
      vertex 12.9294 7.2726 0.599999
      vertex 15.2638 10.4825 3
      vertex 12.2638 7.48245 0.599999
    endloop
  endfacet
  facet normal -0.73757 0.675271 0
    outer loop
      vertex 8.87164 140.142 0
      vertex 9.34314 140.657 0.599999
      vertex 9.34314 140.657 0
    endloop
  endfacet
  facet normal -0.73757 0.675271 0
    outer loop
      vertex 9.34314 140.657 0.599999
      vertex 8.87164 140.142 0
      vertex 8.87164 140.142 0.599999
    endloop
  endfacet
  facet normal -0.543814 -0.12059 0.830496
    outer loop
      vertex 7.12154 13.6108 0.599999
      vertex 10.2726 15.9294 3
      vertex 10.1215 16.6108 3
    endloop
  endfacet
  facet normal -0.54383 -0.120562 0.83049
    outer loop
      vertex 10.2726 15.9294 3
      vertex 7.12154 13.6108 0.599999
      vertex 7.2726 12.9294 0.599999
    endloop
  endfacet
  facet normal -0.235597 -0.452481 0.86009
    outer loop
      vertex 14 11.0718 3
      vertex 11.619 7.74954 0.599999
      vertex 14.619 10.7495 3
    endloop
  endfacet
  facet normal -0.23557 -0.452499 0.860088
    outer loop
      vertex 11.619 7.74954 0.599999
      vertex 14 11.0718 3
      vertex 11 8.07179 0.599999
    endloop
  endfacet
  facet normal -0.216354 0.976315 0
    outer loop
      vertex 13.6108 142.878 0
      vertex 12.9294 142.727 0.599999
      vertex 13.6108 142.878 0.599999
    endloop
  endfacet
  facet normal -0.216354 0.976315 0
    outer loop
      vertex 12.9294 142.727 0.599999
      vertex 13.6108 142.878 0
      vertex 12.9294 142.727 0
    endloop
  endfacet
  facet normal 0 -1 0
    outer loop
      vertex 15 7 0
      vertex 99.7 7 0.599999
      vertex 15 7 0.599999
    endloop
  endfacet
  facet normal 0 -1 -0
    outer loop
      vertex 99.7 7 0.599999
      vertex 15 7 0
      vertex 99.7 7 0
    endloop
  endfacet
  facet normal -0.48247 -0.199782 0.852825
    outer loop
      vertex 7.48245 12.2638 0.599999
      vertex 10.7495 14.619 3
      vertex 10.4825 15.2638 3
    endloop
  endfacet
  facet normal -0.482436 -0.199835 0.852831
    outer loop
      vertex 10.7495 14.619 3
      vertex 7.48245 12.2638 0.599999
      vertex 7.74954 11.619 0.599999
    endloop
  endfacet
  facet normal -0.235444 0.452608 0.860065
    outer loop
      vertex 11.619 142.25 0.599999
      vertex 14 138.928 3
      vertex 14.619 139.25 3
    endloop
  endfacet
  facet normal -0.235444 0.452608 0.860065
    outer loop
      vertex 14 138.928 3
      vertex 11.619 142.25 0.599999
      vertex 11 141.928 0.599999
    endloop
  endfacet
  facet normal -0.13054 -0.991443 0
    outer loop
      vertex 13.6108 7.12154 0
      vertex 14.3027 7.03044 0.599999
      vertex 13.6108 7.12154 0.599999
    endloop
  endfacet
  facet normal -0.13054 -0.991443 -0
    outer loop
      vertex 14.3027 7.03044 0.599999
      vertex 13.6108 7.12154 0
      vertex 14.3027 7.03044 0
    endloop
  endfacet
  facet normal -0.999048 0.0436313 0
    outer loop
      vertex 7 135 0
      vertex 7.03044 135.697 0.599999
      vertex 7.03044 135.697 0
    endloop
  endfacet
  facet normal -0.999048 0.0436313 0
    outer loop
      vertex 7.03044 135.697 0.599999
      vertex 7 135 0
      vertex 7 135 0.599999
    endloop
  endfacet
  facet normal -0.675584 -0.737283 0
    outer loop
      vertex 9.34314 9.34314 0
      vertex 9.8577 8.87164 0.599999
      vertex 9.34314 9.34314 0.599999
    endloop
  endfacet
  facet normal -0.675584 -0.737283 -0
    outer loop
      vertex 9.8577 8.87164 0.599999
      vertex 9.34314 9.34314 0
      vertex 9.8577 8.87164 0
    endloop
  endfacet
  facet normal -0.0261748 0.60839 0.793206
    outer loop
      vertex 15 143 0.599999
      vertex 17.3027 139.97 3
      vertex 18 140 3
    endloop
  endfacet
  facet normal -0.0261748 0.60839 0.793206
    outer loop
      vertex 17.3027 139.97 3
      vertex 15 143 0.599999
      vertex 14.3027 142.97 0.599999
    endloop
  endfacet
  facet normal -0.923877 -0.38269 0
    outer loop
      vertex 7.74954 11.619 0
      vertex 7.48245 12.2638 0.599999
      vertex 7.48245 12.2638 0
    endloop
  endfacet
  facet normal -0.923877 -0.38269 0
    outer loop
      vertex 7.48245 12.2638 0.599999
      vertex 7.74954 11.619 0
      vertex 7.74954 11.619 0.599999
    endloop
  endfacet
  facet normal -0.131807 0.991275 0
    outer loop
      vertex 14.3027 142.97 0
      vertex 13.6108 142.878 0.599999
      vertex 14.3027 142.97 0.599999
    endloop
  endfacet
  facet normal -0.131807 0.991275 0
    outer loop
      vertex 13.6108 142.878 0.599999
      vertex 14.3027 142.97 0
      vertex 13.6108 142.878 0
    endloop
  endfacet
  facet normal -0.38269 -0.923877 0
    outer loop
      vertex 11.619 7.74954 0
      vertex 12.2638 7.48245 0.599999
      vertex 11.619 7.74954 0.599999
    endloop
  endfacet
  facet normal -0.38269 -0.923877 -0
    outer loop
      vertex 12.2638 7.48245 0.599999
      vertex 11.619 7.74954 0
      vertex 12.2638 7.48245 0
    endloop
  endfacet
  facet normal -0.575601 0.0757764 0.814212
    outer loop
      vertex 7.03044 135.697 0.599999
      vertex 10.1215 133.389 3
      vertex 7.12154 136.389 0.599999
    endloop
  endfacet
  facet normal -0.575601 0.0757764 0.814212
    outer loop
      vertex 10.1215 133.389 3
      vertex 7.03044 135.697 0.599999
      vertex 10.0304 132.697 3
    endloop
  endfacet
  facet normal -0.953644 0.300936 0
    outer loop
      vertex 7.2726 137.071 0
      vertex 7.48245 137.736 0.599999
      vertex 7.48245 137.736 0
    endloop
  endfacet
  facet normal -0.953644 0.300936 0
    outer loop
      vertex 7.48245 137.736 0.599999
      vertex 7.2726 137.071 0
      vertex 7.2726 137.071 0.599999
    endloop
  endfacet
  facet normal -0.53731 -0.843385 0
    outer loop
      vertex 10.4114 8.44678 0
      vertex 11 8.07179 0.599999
      vertex 10.4114 8.44678 0.599999
    endloop
  endfacet
  facet normal -0.53731 -0.843385 -0
    outer loop
      vertex 11 8.07179 0.599999
      vertex 10.4114 8.44678 0
      vertex 11 8.07179 0
    endloop
  endfacet
  facet normal -0.0429833 0.999076 0
    outer loop
      vertex 15 143 0
      vertex 14.3027 142.97 0.599999
      vertex 15 143 0.599999
    endloop
  endfacet
  facet normal -0.0429833 0.999076 0
    outer loop
      vertex 14.3027 142.97 0.599999
      vertex 15 143 0
      vertex 14.3027 142.97 0
    endloop
  endfacet
  facet normal 0 0 -1
    outer loop
      vertex 95.3545 14 0
      vertex 99.7 15.6152 0
      vertex 99.7 7 0
    endloop
  endfacet
  facet normal 0 0 -1
    outer loop
      vertex 94.75 14.349 0
      vertex 96.5359 17.442 0
      vertex 95.3545 14 0
    endloop
  endfacet
  facet normal -0 0 -1
    outer loop
      vertex 99.7 15.6152 0
      vertex 95.3545 14 0
      vertex 96.5359 17.442 0
    endloop
  endfacet
  facet normal 0 0 -1
    outer loop
      vertex 99.7 7 0
      vertex 94.1455 14 0
      vertex 95.3545 14 0
    endloop
  endfacet
  facet normal 0 0 -1
    outer loop
      vertex 94.1455 14 0
      vertex 89.5 15.442 0
      vertex 92.9641 17.442 0
    endloop
  endfacet
  facet normal 0 0 -1
    outer loop
      vertex 84.8545 14 0
      vertex 94.1455 14 0
      vertex 99.7 7 0
    endloop
  endfacet
  facet normal 0 0 -1
    outer loop
      vertex 94.1455 14 0
      vertex 84.8545 14 0
      vertex 89.5 15.442 0
    endloop
  endfacet
  facet normal 0 0 -1
    outer loop
      vertex 84.25 14.349 0
      vertex 86.0359 17.442 0
      vertex 84.8545 14 0
    endloop
  endfacet
  facet normal -0 0 -1
    outer loop
      vertex 89.5 15.442 0
      vertex 84.8545 14 0
      vertex 86.0359 17.442 0
    endloop
  endfacet
  facet normal 0 0 -1
    outer loop
      vertex 99.7 7 0
      vertex 83.6455 14 0
      vertex 84.8545 14 0
    endloop
  endfacet
  facet normal 0 0 -1
    outer loop
      vertex 83.6455 14 0
      vertex 79 15.442 0
      vertex 82.4641 17.442 0
    endloop
  endfacet
  facet normal 0 0 -1
    outer loop
      vertex 74.3545 14 0
      vertex 83.6455 14 0
      vertex 99.7 7 0
    endloop
  endfacet
  facet normal 0 0 -1
    outer loop
      vertex 73.75 14.349 0
      vertex 75.5359 17.442 0
      vertex 74.3545 14 0
    endloop
  endfacet
  facet normal -0 0 -1
    outer loop
      vertex 79 15.442 0
      vertex 74.3545 14 0
      vertex 75.5359 17.442 0
    endloop
  endfacet
  facet normal 0 0 -1
    outer loop
      vertex 83.6455 14 0
      vertex 74.3545 14 0
      vertex 79 15.442 0
    endloop
  endfacet
  facet normal 0 0 -1
    outer loop
      vertex 99.7 7 0
      vertex 73.1455 14 0
      vertex 74.3545 14 0
    endloop
  endfacet
  facet normal 0 0 -1
    outer loop
      vertex 73.1455 14 0
      vertex 68.5 15.442 0
      vertex 71.9641 17.442 0
    endloop
  endfacet
  facet normal 0 0 -1
    outer loop
      vertex 63.25 14.349 0
      vertex 65.0359 17.442 0
      vertex 63.8545 14 0
    endloop
  endfacet
  facet normal -0 0 -1
    outer loop
      vertex 68.5 15.442 0
      vertex 63.8545 14 0
      vertex 65.0359 17.442 0
    endloop
  endfacet
  facet normal 0 0 -1
    outer loop
      vertex 73.1455 14 0
      vertex 63.8545 14 0
      vertex 68.5 15.442 0
    endloop
  endfacet
  facet normal 0 0 -1
    outer loop
      vertex 99.7 7 0
      vertex 63.8545 14 0
      vertex 73.1455 14 0
    endloop
  endfacet
  facet normal 0 0 -1
    outer loop
      vertex 99.7 7 0
      vertex 62.6455 14 0
      vertex 63.8545 14 0
    endloop
  endfacet
  facet normal 0 0 -1
    outer loop
      vertex 62.6455 14 0
      vertex 58 15.442 0
      vertex 61.4641 17.442 0
    endloop
  endfacet
  facet normal 0 0 -1
    outer loop
      vertex 52.75 14.349 0
      vertex 54.5359 17.442 0
      vertex 53.3545 14 0
    endloop
  endfacet
  facet normal -0 0 -1
    outer loop
      vertex 58 15.442 0
      vertex 53.3545 14 0
      vertex 54.5359 17.442 0
    endloop
  endfacet
  facet normal 0 0 -1
    outer loop
      vertex 62.6455 14 0
      vertex 53.3545 14 0
      vertex 58 15.442 0
    endloop
  endfacet
  facet normal 0 0 -1
    outer loop
      vertex 99.7 7 0
      vertex 53.3545 14 0
      vertex 62.6455 14 0
    endloop
  endfacet
  facet normal 0 0 -1
    outer loop
      vertex 15 7 0
      vertex 53.3545 14 0
      vertex 99.7 7 0
    endloop
  endfacet
  facet normal 0 0 -1
    outer loop
      vertex 52.1455 14 0
      vertex 47.5 15.442 0
      vertex 50.9641 17.442 0
    endloop
  endfacet
  facet normal 0 0 -1
    outer loop
      vertex 42.25 14.349 0
      vertex 44.0359 17.442 0
      vertex 42.8545 14 0
    endloop
  endfacet
  facet normal -0 0 -1
    outer loop
      vertex 47.5 15.442 0
      vertex 42.8545 14 0
      vertex 44.0359 17.442 0
    endloop
  endfacet
  facet normal 0 0 -1
    outer loop
      vertex 52.1455 14 0
      vertex 42.8545 14 0
      vertex 47.5 15.442 0
    endloop
  endfacet
  facet normal -0 0 -1
    outer loop
      vertex 53.3545 14 0
      vertex 15 7 0
      vertex 52.1455 14 0
    endloop
  endfacet
  facet normal -0 0 -1
    outer loop
      vertex 52.1455 14 0
      vertex 15 7 0
      vertex 42.8545 14 0
    endloop
  endfacet
  facet normal 0 0 -1
    outer loop
      vertex 41.6455 14 0
      vertex 37 15.442 0
      vertex 40.4641 17.442 0
    endloop
  endfacet
  facet normal 0 0 -1
    outer loop
      vertex 31.75 14.349 0
      vertex 33.5359 17.442 0
      vertex 32.3545 14 0
    endloop
  endfacet
  facet normal -0 0 -1
    outer loop
      vertex 37 15.442 0
      vertex 32.3545 14 0
      vertex 33.5359 17.442 0
    endloop
  endfacet
  facet normal 0 0 -1
    outer loop
      vertex 41.6455 14 0
      vertex 32.3545 14 0
      vertex 37 15.442 0
    endloop
  endfacet
  facet normal -0 0 -1
    outer loop
      vertex 42.8545 14 0
      vertex 15 7 0
      vertex 41.6455 14 0
    endloop
  endfacet
  facet normal -0 0 -1
    outer loop
      vertex 41.6455 14 0
      vertex 15 7 0
      vertex 32.3545 14 0
    endloop
  endfacet
  facet normal 0 0 -1
    outer loop
      vertex 31.1455 14 0
      vertex 26.5 15.442 0
      vertex 29.9641 17.442 0
    endloop
  endfacet
  facet normal 0 0 -1
    outer loop
      vertex 21.25 14.349 0
      vertex 23.0359 17.442 0
      vertex 21.8545 14 0
    endloop
  endfacet
  facet normal -0 0 -1
    outer loop
      vertex 26.5 15.442 0
      vertex 21.8545 14 0
      vertex 23.0359 17.442 0
    endloop
  endfacet
  facet normal 0 0 -1
    outer loop
      vertex 31.1455 14 0
      vertex 21.8545 14 0
      vertex 26.5 15.442 0
    endloop
  endfacet
  facet normal -0 0 -1
    outer loop
      vertex 32.3545 14 0
      vertex 15 7 0
      vertex 31.1455 14 0
    endloop
  endfacet
  facet normal -0 0 -1
    outer loop
      vertex 31.1455 14 0
      vertex 15 7 0
      vertex 21.8545 14 0
    endloop
  endfacet
  facet normal 0 0 -1
    outer loop
      vertex 20.6455 14 0
      vertex 16 15.442 0
      vertex 19.4641 17.442 0
    endloop
  endfacet
  facet normal -0 0 -1
    outer loop
      vertex 21.8545 14 0
      vertex 15 7 0
      vertex 20.6455 14 0
    endloop
  endfacet
  facet normal 0 0 -1
    outer loop
      vertex 15 7 0
      vertex 16 15.442 0
      vertex 20.6455 14 0
    endloop
  endfacet
  facet normal 0 0 -1
    outer loop
      vertex 14.3027 7.03044 0
      vertex 16 15.442 0
      vertex 15 7 0
    endloop
  endfacet
  facet normal 0 0 -1
    outer loop
      vertex 13.6108 7.12154 0
      vertex 16 15.442 0
      vertex 14.3027 7.03044 0
    endloop
  endfacet
  facet normal 0 0 -1
    outer loop
      vertex 7 15 0
      vertex 14 22.2873 0
      vertex 14 16.5967 0
    endloop
  endfacet
  facet normal -0 0 -1
    outer loop
      vertex 14 22.2873 0
      vertex 7 15 0
      vertex 14 26.4114 0
    endloop
  endfacet
  facet normal -0 0 -1
    outer loop
      vertex 14 26.4114 0
      vertex 7 15 0
      vertex 14 30.6586 0
    endloop
  endfacet
  facet normal -0 0 -1
    outer loop
      vertex 14 30.6586 0
      vertex 7 15 0
      vertex 14 34.7827 0
    endloop
  endfacet
  facet normal -0 0 -1
    outer loop
      vertex 14 34.7827 0
      vertex 7 15 0
      vertex 14 40.4733 0
    endloop
  endfacet
  facet normal -0 0 -1
    outer loop
      vertex 14 40.4733 0
      vertex 7 15 0
      vertex 14 44.5974 0
    endloop
  endfacet
  facet normal -0 0 -1
    outer loop
      vertex 14 44.5974 0
      vertex 7 15 0
      vertex 14 48.8446 0
    endloop
  endfacet
  facet normal -0 0 -1
    outer loop
      vertex 14 48.8446 0
      vertex 7 15 0
      vertex 14 52.9687 0
    endloop
  endfacet
  facet normal -0 0 -1
    outer loop
      vertex 14 52.9687 0
      vertex 7 15 0
      vertex 14 58.6593 0
    endloop
  endfacet
  facet normal -0 0 -1
    outer loop
      vertex 14 58.6593 0
      vertex 7 15 0
      vertex 14 62.7834 0
    endloop
  endfacet
  facet normal -0 0 -1
    outer loop
      vertex 14 62.7834 0
      vertex 7 15 0
      vertex 14 67.0306 0
    endloop
  endfacet
  facet normal -0 0 -1
    outer loop
      vertex 14 67.0306 0
      vertex 7 15 0
      vertex 14 71.1547 0
    endloop
  endfacet
  facet normal -0 0 -1
    outer loop
      vertex 14 71.1547 0
      vertex 7 15 0
      vertex 14 76.8453 0
    endloop
  endfacet
  facet normal 0 0 -1
    outer loop
      vertex 7 135 0
      vertex 14 76.8453 0
      vertex 7 15 0
    endloop
  endfacet
  facet normal 0 0 -1
    outer loop
      vertex 14 76.8453 0
      vertex 7 135 0
      vertex 14 80.9694 0
    endloop
  endfacet
  facet normal 0 0 -1
    outer loop
      vertex 14 80.9694 0
      vertex 7 135 0
      vertex 14 85.2166 0
    endloop
  endfacet
  facet normal 0 0 -1
    outer loop
      vertex 14 85.2166 0
      vertex 7 135 0
      vertex 14 89.3407 0
    endloop
  endfacet
  facet normal 0 0 -1
    outer loop
      vertex 14 89.3407 0
      vertex 7 135 0
      vertex 14 95.0313 0
    endloop
  endfacet
  facet normal 0 0 -1
    outer loop
      vertex 14 95.0313 0
      vertex 7 135 0
      vertex 14 99.1554 0
    endloop
  endfacet
  facet normal 0 0 -1
    outer loop
      vertex 14 99.1554 0
      vertex 7 135 0
      vertex 14 103.403 0
    endloop
  endfacet
  facet normal 0 0 -1
    outer loop
      vertex 14 103.403 0
      vertex 7 135 0
      vertex 14 107.527 0
    endloop
  endfacet
  facet normal 0 0 -1
    outer loop
      vertex 14 107.527 0
      vertex 7 135 0
      vertex 14 113.217 0
    endloop
  endfacet
  facet normal 0 0 -1
    outer loop
      vertex 14 113.217 0
      vertex 7 135 0
      vertex 14 117.341 0
    endloop
  endfacet
  facet normal 0 0 -1
    outer loop
      vertex 14 117.341 0
      vertex 7 135 0
      vertex 14 121.589 0
    endloop
  endfacet
  facet normal 0 0 -1
    outer loop
      vertex 14 121.589 0
      vertex 7 135 0
      vertex 14 125.713 0
    endloop
  endfacet
  facet normal 0 0 -1
    outer loop
      vertex 14 131.403 0
      vertex 7 135 0
      vertex 14 135.527 0
    endloop
  endfacet
  facet normal 0 0 -1
    outer loop
      vertex 12.2638 7.48245 0
      vertex 16 15.442 0
      vertex 12.9294 7.2726 0
    endloop
  endfacet
  facet normal 0 0 -1
    outer loop
      vertex 12.9294 7.2726 0
      vertex 16 15.442 0
      vertex 13.6108 7.12154 0
    endloop
  endfacet
  facet normal 0 0 -1
    outer loop
      vertex 99.7 23.2688 0
      vertex 98.2141 26.535 0
      vertex 99.7 33.8012 0
    endloop
  endfacet
  facet normal 0 0 -1
    outer loop
      vertex 94.75 24.535 0
      vertex 99.7 23.2688 0
      vertex 96.5359 21.442 0
    endloop
  endfacet
  facet normal 0 0 -1
    outer loop
      vertex 92.9641 17.442 0
      vertex 96.5359 17.442 0
      vertex 94.75 14.349 0
    endloop
  endfacet
  facet normal 0 0 -1
    outer loop
      vertex 99.7 23.2688 0
      vertex 94.75 24.535 0
      vertex 98.2141 26.535 0
    endloop
  endfacet
  facet normal 0 0 -1
    outer loop
      vertex 96.5359 17.442 0
      vertex 92.9641 17.442 0
      vertex 96.5359 21.442 0
    endloop
  endfacet
  facet normal 0 0 -1
    outer loop
      vertex 92.9641 17.442 0
      vertex 94.75 14.349 0
      vertex 94.1455 14 0
    endloop
  endfacet
  facet normal 0 0 -1
    outer loop
      vertex 92.9641 21.442 0
      vertex 96.5359 21.442 0
      vertex 92.9641 17.442 0
    endloop
  endfacet
  facet normal 0 0 -1
    outer loop
      vertex 96.5359 21.442 0
      vertex 92.9641 21.442 0
      vertex 94.75 24.535 0
    endloop
  endfacet
  facet normal 0 0 -1
    outer loop
      vertex 92.9641 21.442 0
      vertex 91.2859 26.535 0
      vertex 94.75 24.535 0
    endloop
  endfacet
  facet normal 0 0 -1
    outer loop
      vertex 87.7141 26.535 0
      vertex 91.2859 26.535 0
      vertex 89.5 23.442 0
    endloop
  endfacet
  facet normal 0 0 -1
    outer loop
      vertex 89.5 23.442 0
      vertex 91.2859 26.535 0
      vertex 92.9641 21.442 0
    endloop
  endfacet
  facet normal 0 0 -1
    outer loop
      vertex 98.2141 30.535 0
      vertex 99.7 33.8012 0
      vertex 98.2141 26.535 0
    endloop
  endfacet
  facet normal 0 0 -1
    outer loop
      vertex 94.75 32.535 0
      vertex 99.7 33.8012 0
      vertex 98.2141 30.535 0
    endloop
  endfacet
  facet normal 0 0 -1
    outer loop
      vertex 92.9641 35.628 0
      vertex 96.5359 35.628 0
      vertex 94.75 32.535 0
    endloop
  endfacet
  facet normal -0 0 -1
    outer loop
      vertex 99.7 33.8012 0
      vertex 94.75 32.535 0
      vertex 96.5359 35.628 0
    endloop
  endfacet
  facet normal 0 0 -1
    outer loop
      vertex 99.7 41.4548 0
      vertex 98.2141 44.721 0
      vertex 99.7 51.9872 0
    endloop
  endfacet
  facet normal 0 0 -1
    outer loop
      vertex 94.75 42.721 0
      vertex 99.7 41.4548 0
      vertex 96.5359 39.628 0
    endloop
  endfacet
  facet normal 0 0 -1
    outer loop
      vertex 99.7 41.4548 0
      vertex 94.75 42.721 0
      vertex 98.2141 44.721 0
    endloop
  endfacet
  facet normal 0 0 -1
    outer loop
      vertex 96.5359 35.628 0
      vertex 92.9641 35.628 0
      vertex 96.5359 39.628 0
    endloop
  endfacet
  facet normal 0 0 -1
    outer loop
      vertex 92.9641 39.628 0
      vertex 96.5359 39.628 0
      vertex 92.9641 35.628 0
    endloop
  endfacet
  facet normal 0 0 -1
    outer loop
      vertex 91.2859 30.535 0
      vertex 92.9641 35.628 0
      vertex 94.75 32.535 0
    endloop
  endfacet
  facet normal 0 0 -1
    outer loop
      vertex 91.2859 30.535 0
      vertex 89.5 33.628 0
      vertex 92.9641 35.628 0
    endloop
  endfacet
  facet normal 0 0 -1
    outer loop
      vertex 91.2859 26.535 0
      vertex 87.7141 26.535 0
      vertex 91.2859 30.535 0
    endloop
  endfacet
  facet normal 0 0 -1
    outer loop
      vertex 87.7141 30.535 0
      vertex 91.2859 30.535 0
      vertex 87.7141 26.535 0
    endloop
  endfacet
  facet normal 0 0 -1
    outer loop
      vertex 86.0359 21.442 0
      vertex 87.7141 26.535 0
      vertex 89.5 23.442 0
    endloop
  endfacet
  facet normal 0 0 -1
    outer loop
      vertex 82.4641 17.442 0
      vertex 86.0359 17.442 0
      vertex 84.25 14.349 0
    endloop
  endfacet
  facet normal 0 0 -1
    outer loop
      vertex 86.0359 21.442 0
      vertex 84.25 24.535 0
      vertex 87.7141 26.535 0
    endloop
  endfacet
  facet normal 0 0 -1
    outer loop
      vertex 86.0359 17.442 0
      vertex 82.4641 17.442 0
      vertex 86.0359 21.442 0
    endloop
  endfacet
  facet normal 0 0 -1
    outer loop
      vertex 82.4641 17.442 0
      vertex 84.25 14.349 0
      vertex 83.6455 14 0
    endloop
  endfacet
  facet normal 0 0 -1
    outer loop
      vertex 82.4641 21.442 0
      vertex 86.0359 21.442 0
      vertex 82.4641 17.442 0
    endloop
  endfacet
  facet normal 0 0 -1
    outer loop
      vertex 86.0359 21.442 0
      vertex 82.4641 21.442 0
      vertex 84.25 24.535 0
    endloop
  endfacet
  facet normal 0 0 -1
    outer loop
      vertex 82.4641 21.442 0
      vertex 80.7859 26.535 0
      vertex 84.25 24.535 0
    endloop
  endfacet
  facet normal 0 0 -1
    outer loop
      vertex 77.2141 26.535 0
      vertex 80.7859 26.535 0
      vertex 79 23.442 0
    endloop
  endfacet
  facet normal 0 0 -1
    outer loop
      vertex 79 23.442 0
      vertex 80.7859 26.535 0
      vertex 82.4641 21.442 0
    endloop
  endfacet
  facet normal 0 0 -1
    outer loop
      vertex 98.2141 48.721 0
      vertex 99.7 51.9872 0
      vertex 98.2141 44.721 0
    endloop
  endfacet
  facet normal 0 0 -1
    outer loop
      vertex 94.75 50.721 0
      vertex 99.7 51.9872 0
      vertex 98.2141 48.721 0
    endloop
  endfacet
  facet normal 0 0 -1
    outer loop
      vertex 92.9641 53.814 0
      vertex 96.5359 53.814 0
      vertex 94.75 50.721 0
    endloop
  endfacet
  facet normal -0 0 -1
    outer loop
      vertex 99.7 51.9872 0
      vertex 94.75 50.721 0
      vertex 96.5359 53.814 0
    endloop
  endfacet
  facet normal 0 0 -1
    outer loop
      vertex 99.7 59.6408 0
      vertex 98.2141 62.907 0
      vertex 99.7 70.1732 0
    endloop
  endfacet
  facet normal 0 0 -1
    outer loop
      vertex 94.75 60.907 0
      vertex 99.7 59.6408 0
      vertex 96.5359 57.814 0
    endloop
  endfacet
  facet normal 0 0 -1
    outer loop
      vertex 99.7 59.6408 0
      vertex 94.75 60.907 0
      vertex 98.2141 62.907 0
    endloop
  endfacet
  facet normal 0 0 -1
    outer loop
      vertex 96.5359 53.814 0
      vertex 92.9641 53.814 0
      vertex 96.5359 57.814 0
    endloop
  endfacet
  facet normal 0 0 -1
    outer loop
      vertex 92.9641 57.814 0
      vertex 96.5359 57.814 0
      vertex 92.9641 53.814 0
    endloop
  endfacet
  facet normal 0 0 -1
    outer loop
      vertex 91.2859 48.721 0
      vertex 92.9641 53.814 0
      vertex 94.75 50.721 0
    endloop
  endfacet
  facet normal 0 0 -1
    outer loop
      vertex 91.2859 48.721 0
      vertex 89.5 51.814 0
      vertex 92.9641 53.814 0
    endloop
  endfacet
  facet normal 0 0 -1
    outer loop
      vertex 91.2859 44.721 0
      vertex 87.7141 44.721 0
      vertex 91.2859 48.721 0
    endloop
  endfacet
  facet normal 0 0 -1
    outer loop
      vertex 87.7141 48.721 0
      vertex 91.2859 48.721 0
      vertex 87.7141 44.721 0
    endloop
  endfacet
  facet normal 0 0 -1
    outer loop
      vertex 86.0359 39.628 0
      vertex 87.7141 44.721 0
      vertex 89.5 41.628 0
    endloop
  endfacet
  facet normal 0 0 -1
    outer loop
      vertex 86.0359 39.628 0
      vertex 84.25 42.721 0
      vertex 87.7141 44.721 0
    endloop
  endfacet
  facet normal 0 0 -1
    outer loop
      vertex 86.0359 35.628 0
      vertex 82.4641 35.628 0
      vertex 86.0359 39.628 0
    endloop
  endfacet
  facet normal 0 0 -1
    outer loop
      vertex 82.4641 39.628 0
      vertex 86.0359 39.628 0
      vertex 82.4641 35.628 0
    endloop
  endfacet
  facet normal 0 0 -1
    outer loop
      vertex 80.7859 30.535 0
      vertex 82.4641 35.628 0
      vertex 84.25 32.535 0
    endloop
  endfacet
  facet normal 0 0 -1
    outer loop
      vertex 80.7859 30.535 0
      vertex 79 33.628 0
      vertex 82.4641 35.628 0
    endloop
  endfacet
  facet normal 0 0 -1
    outer loop
      vertex 80.7859 26.535 0
      vertex 77.2141 26.535 0
      vertex 80.7859 30.535 0
    endloop
  endfacet
  facet normal 0 0 -1
    outer loop
      vertex 77.2141 30.535 0
      vertex 80.7859 30.535 0
      vertex 77.2141 26.535 0
    endloop
  endfacet
  facet normal 0 0 -1
    outer loop
      vertex 75.5359 21.442 0
      vertex 77.2141 26.535 0
      vertex 79 23.442 0
    endloop
  endfacet
  facet normal 0 0 -1
    outer loop
      vertex 71.9641 17.442 0
      vertex 75.5359 17.442 0
      vertex 73.75 14.349 0
    endloop
  endfacet
  facet normal 0 0 -1
    outer loop
      vertex 75.5359 21.442 0
      vertex 73.75 24.535 0
      vertex 77.2141 26.535 0
    endloop
  endfacet
  facet normal 0 0 -1
    outer loop
      vertex 75.5359 17.442 0
      vertex 71.9641 17.442 0
      vertex 75.5359 21.442 0
    endloop
  endfacet
  facet normal 0 0 -1
    outer loop
      vertex 71.9641 17.442 0
      vertex 73.75 14.349 0
      vertex 73.1455 14 0
    endloop
  endfacet
  facet normal 0 0 -1
    outer loop
      vertex 71.9641 21.442 0
      vertex 75.5359 21.442 0
      vertex 71.9641 17.442 0
    endloop
  endfacet
  facet normal 0 0 -1
    outer loop
      vertex 75.5359 21.442 0
      vertex 71.9641 21.442 0
      vertex 73.75 24.535 0
    endloop
  endfacet
  facet normal 0 0 -1
    outer loop
      vertex 71.9641 21.442 0
      vertex 70.2859 26.535 0
      vertex 73.75 24.535 0
    endloop
  endfacet
  facet normal 0 0 -1
    outer loop
      vertex 66.7141 26.535 0
      vertex 70.2859 26.535 0
      vertex 68.5 23.442 0
    endloop
  endfacet
  facet normal 0 0 -1
    outer loop
      vertex 68.5 23.442 0
      vertex 70.2859 26.535 0
      vertex 71.9641 21.442 0
    endloop
  endfacet
  facet normal 0 0 -1
    outer loop
      vertex 98.2141 66.907 0
      vertex 99.7 70.1732 0
      vertex 98.2141 62.907 0
    endloop
  endfacet
  facet normal 0 0 -1
    outer loop
      vertex 94.75 68.907 0
      vertex 99.7 70.1732 0
      vertex 98.2141 66.907 0
    endloop
  endfacet
  facet normal 0 0 -1
    outer loop
      vertex 92.9641 72 0
      vertex 96.5359 72 0
      vertex 94.75 68.907 0
    endloop
  endfacet
  facet normal -0 0 -1
    outer loop
      vertex 99.7 70.1732 0
      vertex 94.75 68.907 0
      vertex 96.5359 72 0
    endloop
  endfacet
  facet normal 0 0 -1
    outer loop
      vertex 99.7 77.8268 0
      vertex 98.2141 81.093 0
      vertex 99.7 88.3592 0
    endloop
  endfacet
  facet normal 0 0 -1
    outer loop
      vertex 94.75 79.093 0
      vertex 99.7 77.8268 0
      vertex 96.5359 76 0
    endloop
  endfacet
  facet normal 0 0 -1
    outer loop
      vertex 99.7 77.8268 0
      vertex 94.75 79.093 0
      vertex 98.2141 81.093 0
    endloop
  endfacet
  facet normal 0 0 -1
    outer loop
      vertex 96.5359 72 0
      vertex 92.9641 72 0
      vertex 96.5359 76 0
    endloop
  endfacet
  facet normal 0 0 -1
    outer loop
      vertex 92.9641 76 0
      vertex 96.5359 76 0
      vertex 92.9641 72 0
    endloop
  endfacet
  facet normal 0 0 -1
    outer loop
      vertex 91.2859 66.907 0
      vertex 92.9641 72 0
      vertex 94.75 68.907 0
    endloop
  endfacet
  facet normal 0 0 -1
    outer loop
      vertex 91.2859 66.907 0
      vertex 89.5 70 0
      vertex 92.9641 72 0
    endloop
  endfacet
  facet normal 0 0 -1
    outer loop
      vertex 91.2859 62.907 0
      vertex 87.7141 62.907 0
      vertex 91.2859 66.907 0
    endloop
  endfacet
  facet normal 0 0 -1
    outer loop
      vertex 87.7141 66.907 0
      vertex 91.2859 66.907 0
      vertex 87.7141 62.907 0
    endloop
  endfacet
  facet normal 0 0 -1
    outer loop
      vertex 86.0359 57.814 0
      vertex 87.7141 62.907 0
      vertex 89.5 59.814 0
    endloop
  endfacet
  facet normal 0 0 -1
    outer loop
      vertex 86.0359 57.814 0
      vertex 84.25 60.907 0
      vertex 87.7141 62.907 0
    endloop
  endfacet
  facet normal 0 0 -1
    outer loop
      vertex 86.0359 53.814 0
      vertex 82.4641 53.814 0
      vertex 86.0359 57.814 0
    endloop
  endfacet
  facet normal 0 0 -1
    outer loop
      vertex 82.4641 57.814 0
      vertex 86.0359 57.814 0
      vertex 82.4641 53.814 0
    endloop
  endfacet
  facet normal 0 0 -1
    outer loop
      vertex 80.7859 48.721 0
      vertex 82.4641 53.814 0
      vertex 84.25 50.721 0
    endloop
  endfacet
  facet normal 0 0 -1
    outer loop
      vertex 80.7859 48.721 0
      vertex 79 51.814 0
      vertex 82.4641 53.814 0
    endloop
  endfacet
  facet normal 0 0 -1
    outer loop
      vertex 80.7859 44.721 0
      vertex 77.2141 44.721 0
      vertex 80.7859 48.721 0
    endloop
  endfacet
  facet normal 0 0 -1
    outer loop
      vertex 77.2141 48.721 0
      vertex 80.7859 48.721 0
      vertex 77.2141 44.721 0
    endloop
  endfacet
  facet normal 0 0 -1
    outer loop
      vertex 75.5359 39.628 0
      vertex 77.2141 44.721 0
      vertex 79 41.628 0
    endloop
  endfacet
  facet normal 0 0 -1
    outer loop
      vertex 75.5359 39.628 0
      vertex 73.75 42.721 0
      vertex 77.2141 44.721 0
    endloop
  endfacet
  facet normal 0 0 -1
    outer loop
      vertex 75.5359 35.628 0
      vertex 71.9641 35.628 0
      vertex 75.5359 39.628 0
    endloop
  endfacet
  facet normal 0 0 -1
    outer loop
      vertex 71.9641 39.628 0
      vertex 75.5359 39.628 0
      vertex 71.9641 35.628 0
    endloop
  endfacet
  facet normal 0 0 -1
    outer loop
      vertex 70.2859 30.535 0
      vertex 71.9641 35.628 0
      vertex 73.75 32.535 0
    endloop
  endfacet
  facet normal 0 0 -1
    outer loop
      vertex 70.2859 30.535 0
      vertex 68.5 33.628 0
      vertex 71.9641 35.628 0
    endloop
  endfacet
  facet normal 0 0 -1
    outer loop
      vertex 70.2859 26.535 0
      vertex 66.7141 26.535 0
      vertex 70.2859 30.535 0
    endloop
  endfacet
  facet normal 0 0 -1
    outer loop
      vertex 66.7141 30.535 0
      vertex 70.2859 30.535 0
      vertex 66.7141 26.535 0
    endloop
  endfacet
  facet normal 0 0 -1
    outer loop
      vertex 65.0359 21.442 0
      vertex 66.7141 26.535 0
      vertex 68.5 23.442 0
    endloop
  endfacet
  facet normal 0 0 -1
    outer loop
      vertex 61.4641 17.442 0
      vertex 65.0359 17.442 0
      vertex 63.25 14.349 0
    endloop
  endfacet
  facet normal 0 0 -1
    outer loop
      vertex 65.0359 21.442 0
      vertex 63.25 24.535 0
      vertex 66.7141 26.535 0
    endloop
  endfacet
  facet normal 0 0 -1
    outer loop
      vertex 65.0359 17.442 0
      vertex 61.4641 17.442 0
      vertex 65.0359 21.442 0
    endloop
  endfacet
  facet normal 0 0 -1
    outer loop
      vertex 61.4641 17.442 0
      vertex 63.25 14.349 0
      vertex 62.6455 14 0
    endloop
  endfacet
  facet normal 0 0 -1
    outer loop
      vertex 61.4641 21.442 0
      vertex 65.0359 21.442 0
      vertex 61.4641 17.442 0
    endloop
  endfacet
  facet normal 0 0 -1
    outer loop
      vertex 65.0359 21.442 0
      vertex 61.4641 21.442 0
      vertex 63.25 24.535 0
    endloop
  endfacet
  facet normal 0 0 -1
    outer loop
      vertex 61.4641 21.442 0
      vertex 59.7859 26.535 0
      vertex 63.25 24.535 0
    endloop
  endfacet
  facet normal 0 0 -1
    outer loop
      vertex 56.2141 26.535 0
      vertex 59.7859 26.535 0
      vertex 58 23.442 0
    endloop
  endfacet
  facet normal 0 0 -1
    outer loop
      vertex 58 23.442 0
      vertex 59.7859 26.535 0
      vertex 61.4641 21.442 0
    endloop
  endfacet
  facet normal 0 0 -1
    outer loop
      vertex 98.2141 85.093 0
      vertex 99.7 88.3592 0
      vertex 98.2141 81.093 0
    endloop
  endfacet
  facet normal 0 0 -1
    outer loop
      vertex 94.75 87.093 0
      vertex 99.7 88.3592 0
      vertex 98.2141 85.093 0
    endloop
  endfacet
  facet normal 0 0 -1
    outer loop
      vertex 92.9641 90.186 0
      vertex 96.5359 90.186 0
      vertex 94.75 87.093 0
    endloop
  endfacet
  facet normal -0 0 -1
    outer loop
      vertex 99.7 88.3592 0
      vertex 94.75 87.093 0
      vertex 96.5359 90.186 0
    endloop
  endfacet
  facet normal 0 0 -1
    outer loop
      vertex 99.7 96.0128 0
      vertex 98.2141 99.279 0
      vertex 99.7 106.545 0
    endloop
  endfacet
  facet normal 0 0 -1
    outer loop
      vertex 94.75 97.279 0
      vertex 99.7 96.0128 0
      vertex 96.5359 94.186 0
    endloop
  endfacet
  facet normal 0 0 -1
    outer loop
      vertex 99.7 96.0128 0
      vertex 94.75 97.279 0
      vertex 98.2141 99.279 0
    endloop
  endfacet
  facet normal 0 0 -1
    outer loop
      vertex 96.5359 90.186 0
      vertex 92.9641 90.186 0
      vertex 96.5359 94.186 0
    endloop
  endfacet
  facet normal 0 0 -1
    outer loop
      vertex 92.9641 94.186 0
      vertex 96.5359 94.186 0
      vertex 92.9641 90.186 0
    endloop
  endfacet
  facet normal 0 0 -1
    outer loop
      vertex 91.2859 85.093 0
      vertex 92.9641 90.186 0
      vertex 94.75 87.093 0
    endloop
  endfacet
  facet normal 0 0 -1
    outer loop
      vertex 91.2859 85.093 0
      vertex 89.5 88.186 0
      vertex 92.9641 90.186 0
    endloop
  endfacet
  facet normal 0 0 -1
    outer loop
      vertex 91.2859 81.093 0
      vertex 87.7141 81.093 0
      vertex 91.2859 85.093 0
    endloop
  endfacet
  facet normal 0 0 -1
    outer loop
      vertex 87.7141 85.093 0
      vertex 91.2859 85.093 0
      vertex 87.7141 81.093 0
    endloop
  endfacet
  facet normal 0 0 -1
    outer loop
      vertex 86.0359 76 0
      vertex 87.7141 81.093 0
      vertex 89.5 78 0
    endloop
  endfacet
  facet normal 0 0 -1
    outer loop
      vertex 86.0359 76 0
      vertex 84.25 79.093 0
      vertex 87.7141 81.093 0
    endloop
  endfacet
  facet normal 0 0 -1
    outer loop
      vertex 86.0359 72 0
      vertex 82.4641 72 0
      vertex 86.0359 76 0
    endloop
  endfacet
  facet normal 0 0 -1
    outer loop
      vertex 82.4641 76 0
      vertex 86.0359 76 0
      vertex 82.4641 72 0
    endloop
  endfacet
  facet normal 0 0 -1
    outer loop
      vertex 80.7859 66.907 0
      vertex 82.4641 72 0
      vertex 84.25 68.907 0
    endloop
  endfacet
  facet normal 0 0 -1
    outer loop
      vertex 80.7859 66.907 0
      vertex 79 70 0
      vertex 82.4641 72 0
    endloop
  endfacet
  facet normal 0 0 -1
    outer loop
      vertex 80.7859 62.907 0
      vertex 77.2141 62.907 0
      vertex 80.7859 66.907 0
    endloop
  endfacet
  facet normal 0 0 -1
    outer loop
      vertex 77.2141 66.907 0
      vertex 80.7859 66.907 0
      vertex 77.2141 62.907 0
    endloop
  endfacet
  facet normal 0 0 -1
    outer loop
      vertex 75.5359 57.814 0
      vertex 77.2141 62.907 0
      vertex 79 59.814 0
    endloop
  endfacet
  facet normal 0 0 -1
    outer loop
      vertex 75.5359 57.814 0
      vertex 73.75 60.907 0
      vertex 77.2141 62.907 0
    endloop
  endfacet
  facet normal 0 0 -1
    outer loop
      vertex 75.5359 53.814 0
      vertex 71.9641 53.814 0
      vertex 75.5359 57.814 0
    endloop
  endfacet
  facet normal 0 0 -1
    outer loop
      vertex 71.9641 57.814 0
      vertex 75.5359 57.814 0
      vertex 71.9641 53.814 0
    endloop
  endfacet
  facet normal 0 0 -1
    outer loop
      vertex 70.2859 48.721 0
      vertex 71.9641 53.814 0
      vertex 73.75 50.721 0
    endloop
  endfacet
  facet normal 0 0 -1
    outer loop
      vertex 70.2859 48.721 0
      vertex 68.5 51.814 0
      vertex 71.9641 53.814 0
    endloop
  endfacet
  facet normal 0 0 -1
    outer loop
      vertex 70.2859 44.721 0
      vertex 66.7141 44.721 0
      vertex 70.2859 48.721 0
    endloop
  endfacet
  facet normal 0 0 -1
    outer loop
      vertex 66.7141 48.721 0
      vertex 70.2859 48.721 0
      vertex 66.7141 44.721 0
    endloop
  endfacet
  facet normal 0 0 -1
    outer loop
      vertex 65.0359 39.628 0
      vertex 66.7141 44.721 0
      vertex 68.5 41.628 0
    endloop
  endfacet
  facet normal 0 0 -1
    outer loop
      vertex 65.0359 39.628 0
      vertex 63.25 42.721 0
      vertex 66.7141 44.721 0
    endloop
  endfacet
  facet normal 0 0 -1
    outer loop
      vertex 65.0359 35.628 0
      vertex 61.4641 35.628 0
      vertex 65.0359 39.628 0
    endloop
  endfacet
  facet normal 0 0 -1
    outer loop
      vertex 61.4641 39.628 0
      vertex 65.0359 39.628 0
      vertex 61.4641 35.628 0
    endloop
  endfacet
  facet normal 0 0 -1
    outer loop
      vertex 59.7859 30.535 0
      vertex 61.4641 35.628 0
      vertex 63.25 32.535 0
    endloop
  endfacet
  facet normal 0 0 -1
    outer loop
      vertex 59.7859 30.535 0
      vertex 58 33.628 0
      vertex 61.4641 35.628 0
    endloop
  endfacet
  facet normal 0 0 -1
    outer loop
      vertex 59.7859 26.535 0
      vertex 56.2141 26.535 0
      vertex 59.7859 30.535 0
    endloop
  endfacet
  facet normal 0 0 -1
    outer loop
      vertex 56.2141 30.535 0
      vertex 59.7859 30.535 0
      vertex 56.2141 26.535 0
    endloop
  endfacet
  facet normal 0 0 -1
    outer loop
      vertex 54.5359 21.442 0
      vertex 56.2141 26.535 0
      vertex 58 23.442 0
    endloop
  endfacet
  facet normal 0 0 -1
    outer loop
      vertex 50.9641 17.442 0
      vertex 54.5359 17.442 0
      vertex 52.75 14.349 0
    endloop
  endfacet
  facet normal 0 0 -1
    outer loop
      vertex 54.5359 21.442 0
      vertex 52.75 24.535 0
      vertex 56.2141 26.535 0
    endloop
  endfacet
  facet normal 0 0 -1
    outer loop
      vertex 54.5359 17.442 0
      vertex 50.9641 17.442 0
      vertex 54.5359 21.442 0
    endloop
  endfacet
  facet normal 0 0 -1
    outer loop
      vertex 50.9641 17.442 0
      vertex 52.75 14.349 0
      vertex 52.1455 14 0
    endloop
  endfacet
  facet normal 0 0 -1
    outer loop
      vertex 50.9641 21.442 0
      vertex 54.5359 21.442 0
      vertex 50.9641 17.442 0
    endloop
  endfacet
  facet normal 0 0 -1
    outer loop
      vertex 54.5359 21.442 0
      vertex 50.9641 21.442 0
      vertex 52.75 24.535 0
    endloop
  endfacet
  facet normal 0 0 -1
    outer loop
      vertex 50.9641 21.442 0
      vertex 49.2859 26.535 0
      vertex 52.75 24.535 0
    endloop
  endfacet
  facet normal 0 0 -1
    outer loop
      vertex 45.7141 26.535 0
      vertex 49.2859 26.535 0
      vertex 47.5 23.442 0
    endloop
  endfacet
  facet normal 0 0 -1
    outer loop
      vertex 47.5 23.442 0
      vertex 49.2859 26.535 0
      vertex 50.9641 21.442 0
    endloop
  endfacet
  facet normal 0 0 -1
    outer loop
      vertex 98.2141 103.279 0
      vertex 99.7 106.545 0
      vertex 98.2141 99.279 0
    endloop
  endfacet
  facet normal 0 0 -1
    outer loop
      vertex 94.75 105.279 0
      vertex 99.7 106.545 0
      vertex 98.2141 103.279 0
    endloop
  endfacet
  facet normal 0 0 -1
    outer loop
      vertex 92.9641 108.372 0
      vertex 96.5359 108.372 0
      vertex 94.75 105.279 0
    endloop
  endfacet
  facet normal -0 0 -1
    outer loop
      vertex 99.7 106.545 0
      vertex 94.75 105.279 0
      vertex 96.5359 108.372 0
    endloop
  endfacet
  facet normal 0 0 -1
    outer loop
      vertex 99.7 114.199 0
      vertex 98.2141 117.465 0
      vertex 99.7 124.731 0
    endloop
  endfacet
  facet normal 0 0 -1
    outer loop
      vertex 94.75 115.465 0
      vertex 99.7 114.199 0
      vertex 96.5359 112.372 0
    endloop
  endfacet
  facet normal 0 0 -1
    outer loop
      vertex 99.7 114.199 0
      vertex 94.75 115.465 0
      vertex 98.2141 117.465 0
    endloop
  endfacet
  facet normal 0 0 -1
    outer loop
      vertex 96.5359 108.372 0
      vertex 92.9641 108.372 0
      vertex 96.5359 112.372 0
    endloop
  endfacet
  facet normal 0 0 -1
    outer loop
      vertex 92.9641 112.372 0
      vertex 96.5359 112.372 0
      vertex 92.9641 108.372 0
    endloop
  endfacet
  facet normal 0 0 -1
    outer loop
      vertex 91.2859 103.279 0
      vertex 92.9641 108.372 0
      vertex 94.75 105.279 0
    endloop
  endfacet
  facet normal 0 0 -1
    outer loop
      vertex 91.2859 103.279 0
      vertex 89.5 106.372 0
      vertex 92.9641 108.372 0
    endloop
  endfacet
  facet normal 0 0 -1
    outer loop
      vertex 91.2859 99.279 0
      vertex 87.7141 99.279 0
      vertex 91.2859 103.279 0
    endloop
  endfacet
  facet normal 0 0 -1
    outer loop
      vertex 87.7141 103.279 0
      vertex 91.2859 103.279 0
      vertex 87.7141 99.279 0
    endloop
  endfacet
  facet normal 0 0 -1
    outer loop
      vertex 86.0359 94.186 0
      vertex 87.7141 99.279 0
      vertex 89.5 96.186 0
    endloop
  endfacet
  facet normal 0 0 -1
    outer loop
      vertex 86.0359 94.186 0
      vertex 84.25 97.279 0
      vertex 87.7141 99.279 0
    endloop
  endfacet
  facet normal 0 0 -1
    outer loop
      vertex 86.0359 90.186 0
      vertex 82.4641 90.186 0
      vertex 86.0359 94.186 0
    endloop
  endfacet
  facet normal 0 0 -1
    outer loop
      vertex 82.4641 94.186 0
      vertex 86.0359 94.186 0
      vertex 82.4641 90.186 0
    endloop
  endfacet
  facet normal 0 0 -1
    outer loop
      vertex 80.7859 85.093 0
      vertex 82.4641 90.186 0
      vertex 84.25 87.093 0
    endloop
  endfacet
  facet normal 0 0 -1
    outer loop
      vertex 80.7859 85.093 0
      vertex 79 88.186 0
      vertex 82.4641 90.186 0
    endloop
  endfacet
  facet normal 0 0 -1
    outer loop
      vertex 80.7859 81.093 0
      vertex 77.2141 81.093 0
      vertex 80.7859 85.093 0
    endloop
  endfacet
  facet normal 0 0 -1
    outer loop
      vertex 77.2141 85.093 0
      vertex 80.7859 85.093 0
      vertex 77.2141 81.093 0
    endloop
  endfacet
  facet normal 0 0 -1
    outer loop
      vertex 75.5359 76 0
      vertex 77.2141 81.093 0
      vertex 79 78 0
    endloop
  endfacet
  facet normal 0 0 -1
    outer loop
      vertex 75.5359 76 0
      vertex 73.75 79.093 0
      vertex 77.2141 81.093 0
    endloop
  endfacet
  facet normal 0 0 -1
    outer loop
      vertex 75.5359 72 0
      vertex 71.9641 72 0
      vertex 75.5359 76 0
    endloop
  endfacet
  facet normal 0 0 -1
    outer loop
      vertex 71.9641 76 0
      vertex 75.5359 76 0
      vertex 71.9641 72 0
    endloop
  endfacet
  facet normal 0 0 -1
    outer loop
      vertex 70.2859 66.907 0
      vertex 71.9641 72 0
      vertex 73.75 68.907 0
    endloop
  endfacet
  facet normal 0 0 -1
    outer loop
      vertex 70.2859 66.907 0
      vertex 68.5 70 0
      vertex 71.9641 72 0
    endloop
  endfacet
  facet normal 0 0 -1
    outer loop
      vertex 70.2859 62.907 0
      vertex 66.7141 62.907 0
      vertex 70.2859 66.907 0
    endloop
  endfacet
  facet normal 0 0 -1
    outer loop
      vertex 66.7141 66.907 0
      vertex 70.2859 66.907 0
      vertex 66.7141 62.907 0
    endloop
  endfacet
  facet normal 0 0 -1
    outer loop
      vertex 65.0359 57.814 0
      vertex 66.7141 62.907 0
      vertex 68.5 59.814 0
    endloop
  endfacet
  facet normal 0 0 -1
    outer loop
      vertex 65.0359 57.814 0
      vertex 63.25 60.907 0
      vertex 66.7141 62.907 0
    endloop
  endfacet
  facet normal 0 0 -1
    outer loop
      vertex 65.0359 53.814 0
      vertex 61.4641 53.814 0
      vertex 65.0359 57.814 0
    endloop
  endfacet
  facet normal 0 0 -1
    outer loop
      vertex 61.4641 57.814 0
      vertex 65.0359 57.814 0
      vertex 61.4641 53.814 0
    endloop
  endfacet
  facet normal 0 0 -1
    outer loop
      vertex 59.7859 48.721 0
      vertex 61.4641 53.814 0
      vertex 63.25 50.721 0
    endloop
  endfacet
  facet normal 0 0 -1
    outer loop
      vertex 59.7859 48.721 0
      vertex 58 51.814 0
      vertex 61.4641 53.814 0
    endloop
  endfacet
  facet normal 0 0 -1
    outer loop
      vertex 59.7859 44.721 0
      vertex 56.2141 44.721 0
      vertex 59.7859 48.721 0
    endloop
  endfacet
  facet normal 0 0 -1
    outer loop
      vertex 56.2141 48.721 0
      vertex 59.7859 48.721 0
      vertex 56.2141 44.721 0
    endloop
  endfacet
  facet normal 0 0 -1
    outer loop
      vertex 54.5359 39.628 0
      vertex 56.2141 44.721 0
      vertex 58 41.628 0
    endloop
  endfacet
  facet normal 0 0 -1
    outer loop
      vertex 54.5359 39.628 0
      vertex 52.75 42.721 0
      vertex 56.2141 44.721 0
    endloop
  endfacet
  facet normal 0 0 -1
    outer loop
      vertex 54.5359 35.628 0
      vertex 50.9641 35.628 0
      vertex 54.5359 39.628 0
    endloop
  endfacet
  facet normal 0 0 -1
    outer loop
      vertex 50.9641 39.628 0
      vertex 54.5359 39.628 0
      vertex 50.9641 35.628 0
    endloop
  endfacet
  facet normal 0 0 -1
    outer loop
      vertex 49.2859 30.535 0
      vertex 50.9641 35.628 0
      vertex 52.75 32.535 0
    endloop
  endfacet
  facet normal 0 0 -1
    outer loop
      vertex 49.2859 30.535 0
      vertex 47.5 33.628 0
      vertex 50.9641 35.628 0
    endloop
  endfacet
  facet normal 0 0 -1
    outer loop
      vertex 49.2859 26.535 0
      vertex 45.7141 26.535 0
      vertex 49.2859 30.535 0
    endloop
  endfacet
  facet normal 0 0 -1
    outer loop
      vertex 45.7141 30.535 0
      vertex 49.2859 30.535 0
      vertex 45.7141 26.535 0
    endloop
  endfacet
  facet normal 0 0 -1
    outer loop
      vertex 44.0359 21.442 0
      vertex 45.7141 26.535 0
      vertex 47.5 23.442 0
    endloop
  endfacet
  facet normal 0 0 -1
    outer loop
      vertex 40.4641 17.442 0
      vertex 44.0359 17.442 0
      vertex 42.25 14.349 0
    endloop
  endfacet
  facet normal 0 0 -1
    outer loop
      vertex 44.0359 21.442 0
      vertex 42.25 24.535 0
      vertex 45.7141 26.535 0
    endloop
  endfacet
  facet normal 0 0 -1
    outer loop
      vertex 44.0359 17.442 0
      vertex 40.4641 17.442 0
      vertex 44.0359 21.442 0
    endloop
  endfacet
  facet normal 0 0 -1
    outer loop
      vertex 40.4641 17.442 0
      vertex 42.25 14.349 0
      vertex 41.6455 14 0
    endloop
  endfacet
  facet normal 0 0 -1
    outer loop
      vertex 40.4641 21.442 0
      vertex 44.0359 21.442 0
      vertex 40.4641 17.442 0
    endloop
  endfacet
  facet normal 0 0 -1
    outer loop
      vertex 44.0359 21.442 0
      vertex 40.4641 21.442 0
      vertex 42.25 24.535 0
    endloop
  endfacet
  facet normal 0 0 -1
    outer loop
      vertex 40.4641 21.442 0
      vertex 38.7859 26.535 0
      vertex 42.25 24.535 0
    endloop
  endfacet
  facet normal 0 0 -1
    outer loop
      vertex 35.2141 26.535 0
      vertex 38.7859 26.535 0
      vertex 37 23.442 0
    endloop
  endfacet
  facet normal 0 0 -1
    outer loop
      vertex 37 23.442 0
      vertex 38.7859 26.535 0
      vertex 40.4641 21.442 0
    endloop
  endfacet
  facet normal 0 0 -1
    outer loop
      vertex 98.2141 121.465 0
      vertex 99.7 124.731 0
      vertex 98.2141 117.465 0
    endloop
  endfacet
  facet normal 0 0 -1
    outer loop
      vertex 94.75 123.465 0
      vertex 99.7 124.731 0
      vertex 98.2141 121.465 0
    endloop
  endfacet
  facet normal 0 0 -1
    outer loop
      vertex 92.9641 126.558 0
      vertex 96.5359 126.558 0
      vertex 94.75 123.465 0
    endloop
  endfacet
  facet normal -0 0 -1
    outer loop
      vertex 99.7 124.731 0
      vertex 94.75 123.465 0
      vertex 96.5359 126.558 0
    endloop
  endfacet
  facet normal 0 0 -1
    outer loop
      vertex 98.2141 136 0
      vertex 99.7 132.385 0
      vertex 98.2141 135.651 0
    endloop
  endfacet
  facet normal 0 0 -1
    outer loop
      vertex 94.75 133.651 0
      vertex 99.7 132.385 0
      vertex 96.5359 130.558 0
    endloop
  endfacet
  facet normal 0 0 -1
    outer loop
      vertex 99.7 132.385 0
      vertex 94.75 133.651 0
      vertex 98.2141 135.651 0
    endloop
  endfacet
  facet normal 0 0 -1
    outer loop
      vertex 96.5359 126.558 0
      vertex 92.9641 126.558 0
      vertex 96.5359 130.558 0
    endloop
  endfacet
  facet normal 0 0 -1
    outer loop
      vertex 92.9641 130.558 0
      vertex 96.5359 130.558 0
      vertex 92.9641 126.558 0
    endloop
  endfacet
  facet normal 0 0 -1
    outer loop
      vertex 91.2859 121.465 0
      vertex 92.9641 126.558 0
      vertex 94.75 123.465 0
    endloop
  endfacet
  facet normal 0 0 -1
    outer loop
      vertex 91.2859 121.465 0
      vertex 89.5 124.558 0
      vertex 92.9641 126.558 0
    endloop
  endfacet
  facet normal 0 0 -1
    outer loop
      vertex 91.2859 117.465 0
      vertex 87.7141 117.465 0
      vertex 91.2859 121.465 0
    endloop
  endfacet
  facet normal 0 0 -1
    outer loop
      vertex 87.7141 121.465 0
      vertex 91.2859 121.465 0
      vertex 87.7141 117.465 0
    endloop
  endfacet
  facet normal 0 0 -1
    outer loop
      vertex 86.0359 112.372 0
      vertex 87.7141 117.465 0
      vertex 89.5 114.372 0
    endloop
  endfacet
  facet normal 0 0 -1
    outer loop
      vertex 86.0359 112.372 0
      vertex 84.25 115.465 0
      vertex 87.7141 117.465 0
    endloop
  endfacet
  facet normal 0 0 -1
    outer loop
      vertex 86.0359 108.372 0
      vertex 82.4641 108.372 0
      vertex 86.0359 112.372 0
    endloop
  endfacet
  facet normal 0 0 -1
    outer loop
      vertex 82.4641 112.372 0
      vertex 86.0359 112.372 0
      vertex 82.4641 108.372 0
    endloop
  endfacet
  facet normal 0 0 -1
    outer loop
      vertex 80.7859 103.279 0
      vertex 82.4641 108.372 0
      vertex 84.25 105.279 0
    endloop
  endfacet
  facet normal 0 0 -1
    outer loop
      vertex 80.7859 103.279 0
      vertex 79 106.372 0
      vertex 82.4641 108.372 0
    endloop
  endfacet
  facet normal 0 0 -1
    outer loop
      vertex 80.7859 99.279 0
      vertex 77.2141 99.279 0
      vertex 80.7859 103.279 0
    endloop
  endfacet
  facet normal 0 0 -1
    outer loop
      vertex 77.2141 103.279 0
      vertex 80.7859 103.279 0
      vertex 77.2141 99.279 0
    endloop
  endfacet
  facet normal 0 0 -1
    outer loop
      vertex 75.5359 94.186 0
      vertex 77.2141 99.279 0
      vertex 79 96.186 0
    endloop
  endfacet
  facet normal 0 0 -1
    outer loop
      vertex 75.5359 94.186 0
      vertex 73.75 97.279 0
      vertex 77.2141 99.279 0
    endloop
  endfacet
  facet normal 0 0 -1
    outer loop
      vertex 75.5359 90.186 0
      vertex 71.9641 90.186 0
      vertex 75.5359 94.186 0
    endloop
  endfacet
  facet normal 0 0 -1
    outer loop
      vertex 71.9641 94.186 0
      vertex 75.5359 94.186 0
      vertex 71.9641 90.186 0
    endloop
  endfacet
  facet normal 0 0 -1
    outer loop
      vertex 70.2859 85.093 0
      vertex 71.9641 90.186 0
      vertex 73.75 87.093 0
    endloop
  endfacet
  facet normal 0 0 -1
    outer loop
      vertex 70.2859 85.093 0
      vertex 68.5 88.186 0
      vertex 71.9641 90.186 0
    endloop
  endfacet
  facet normal 0 0 -1
    outer loop
      vertex 70.2859 81.093 0
      vertex 66.7141 81.093 0
      vertex 70.2859 85.093 0
    endloop
  endfacet
  facet normal 0 0 -1
    outer loop
      vertex 66.7141 85.093 0
      vertex 70.2859 85.093 0
      vertex 66.7141 81.093 0
    endloop
  endfacet
  facet normal 0 0 -1
    outer loop
      vertex 65.0359 76 0
      vertex 66.7141 81.093 0
      vertex 68.5 78 0
    endloop
  endfacet
  facet normal 0 0 -1
    outer loop
      vertex 65.0359 76 0
      vertex 63.25 79.093 0
      vertex 66.7141 81.093 0
    endloop
  endfacet
  facet normal 0 0 -1
    outer loop
      vertex 65.0359 72 0
      vertex 61.4641 72 0
      vertex 65.0359 76 0
    endloop
  endfacet
  facet normal 0 0 -1
    outer loop
      vertex 61.4641 76 0
      vertex 65.0359 76 0
      vertex 61.4641 72 0
    endloop
  endfacet
  facet normal 0 0 -1
    outer loop
      vertex 59.7859 66.907 0
      vertex 61.4641 72 0
      vertex 63.25 68.907 0
    endloop
  endfacet
  facet normal 0 0 -1
    outer loop
      vertex 59.7859 66.907 0
      vertex 58 70 0
      vertex 61.4641 72 0
    endloop
  endfacet
  facet normal 0 0 -1
    outer loop
      vertex 59.7859 62.907 0
      vertex 56.2141 62.907 0
      vertex 59.7859 66.907 0
    endloop
  endfacet
  facet normal 0 0 -1
    outer loop
      vertex 56.2141 66.907 0
      vertex 59.7859 66.907 0
      vertex 56.2141 62.907 0
    endloop
  endfacet
  facet normal 0 0 -1
    outer loop
      vertex 54.5359 57.814 0
      vertex 56.2141 62.907 0
      vertex 58 59.814 0
    endloop
  endfacet
  facet normal 0 0 -1
    outer loop
      vertex 54.5359 57.814 0
      vertex 52.75 60.907 0
      vertex 56.2141 62.907 0
    endloop
  endfacet
  facet normal 0 0 -1
    outer loop
      vertex 54.5359 53.814 0
      vertex 50.9641 53.814 0
      vertex 54.5359 57.814 0
    endloop
  endfacet
  facet normal 0 0 -1
    outer loop
      vertex 50.9641 57.814 0
      vertex 54.5359 57.814 0
      vertex 50.9641 53.814 0
    endloop
  endfacet
  facet normal 0 0 -1
    outer loop
      vertex 49.2859 48.721 0
      vertex 50.9641 53.814 0
      vertex 52.75 50.721 0
    endloop
  endfacet
  facet normal 0 0 -1
    outer loop
      vertex 49.2859 48.721 0
      vertex 47.5 51.814 0
      vertex 50.9641 53.814 0
    endloop
  endfacet
  facet normal 0 0 -1
    outer loop
      vertex 49.2859 44.721 0
      vertex 45.7141 44.721 0
      vertex 49.2859 48.721 0
    endloop
  endfacet
  facet normal 0 0 -1
    outer loop
      vertex 45.7141 48.721 0
      vertex 49.2859 48.721 0
      vertex 45.7141 44.721 0
    endloop
  endfacet
  facet normal 0 0 -1
    outer loop
      vertex 44.0359 39.628 0
      vertex 45.7141 44.721 0
      vertex 47.5 41.628 0
    endloop
  endfacet
  facet normal 0 0 -1
    outer loop
      vertex 44.0359 39.628 0
      vertex 42.25 42.721 0
      vertex 45.7141 44.721 0
    endloop
  endfacet
  facet normal 0 0 -1
    outer loop
      vertex 44.0359 35.628 0
      vertex 40.4641 35.628 0
      vertex 44.0359 39.628 0
    endloop
  endfacet
  facet normal 0 0 -1
    outer loop
      vertex 40.4641 39.628 0
      vertex 44.0359 39.628 0
      vertex 40.4641 35.628 0
    endloop
  endfacet
  facet normal 0 0 -1
    outer loop
      vertex 38.7859 30.535 0
      vertex 40.4641 35.628 0
      vertex 42.25 32.535 0
    endloop
  endfacet
  facet normal 0 0 -1
    outer loop
      vertex 38.7859 30.535 0
      vertex 37 33.628 0
      vertex 40.4641 35.628 0
    endloop
  endfacet
  facet normal 0 0 -1
    outer loop
      vertex 38.7859 26.535 0
      vertex 35.2141 26.535 0
      vertex 38.7859 30.535 0
    endloop
  endfacet
  facet normal 0 0 -1
    outer loop
      vertex 35.2141 30.535 0
      vertex 38.7859 30.535 0
      vertex 35.2141 26.535 0
    endloop
  endfacet
  facet normal 0 0 -1
    outer loop
      vertex 33.5359 21.442 0
      vertex 35.2141 26.535 0
      vertex 37 23.442 0
    endloop
  endfacet
  facet normal 0 0 -1
    outer loop
      vertex 29.9641 17.442 0
      vertex 33.5359 17.442 0
      vertex 31.75 14.349 0
    endloop
  endfacet
  facet normal 0 0 -1
    outer loop
      vertex 33.5359 21.442 0
      vertex 31.75 24.535 0
      vertex 35.2141 26.535 0
    endloop
  endfacet
  facet normal 0 0 -1
    outer loop
      vertex 33.5359 17.442 0
      vertex 29.9641 17.442 0
      vertex 33.5359 21.442 0
    endloop
  endfacet
  facet normal 0 0 -1
    outer loop
      vertex 29.9641 17.442 0
      vertex 31.75 14.349 0
      vertex 31.1455 14 0
    endloop
  endfacet
  facet normal 0 0 -1
    outer loop
      vertex 29.9641 21.442 0
      vertex 33.5359 21.442 0
      vertex 29.9641 17.442 0
    endloop
  endfacet
  facet normal 0 0 -1
    outer loop
      vertex 33.5359 21.442 0
      vertex 29.9641 21.442 0
      vertex 31.75 24.535 0
    endloop
  endfacet
  facet normal 0 0 -1
    outer loop
      vertex 29.9641 21.442 0
      vertex 28.2859 26.535 0
      vertex 31.75 24.535 0
    endloop
  endfacet
  facet normal 0 0 -1
    outer loop
      vertex 24.7141 26.535 0
      vertex 28.2859 26.535 0
      vertex 26.5 23.442 0
    endloop
  endfacet
  facet normal 0 0 -1
    outer loop
      vertex 26.5 23.442 0
      vertex 28.2859 26.535 0
      vertex 29.9641 21.442 0
    endloop
  endfacet
  facet normal 0 0 -1
    outer loop
      vertex 99.7 132.385 0
      vertex 98.2141 136 0
      vertex 99.7 143 0
    endloop
  endfacet
  facet normal 0 0 -1
    outer loop
      vertex 91.2859 136 0
      vertex 99.7 143 0
      vertex 98.2141 136 0
    endloop
  endfacet
  facet normal 0 0 -1
    outer loop
      vertex 91.2859 135.651 0
      vertex 87.7141 135.651 0
      vertex 91.2859 136 0
    endloop
  endfacet
  facet normal 0 0 -1
    outer loop
      vertex 87.7141 136 0
      vertex 91.2859 136 0
      vertex 87.7141 135.651 0
    endloop
  endfacet
  facet normal 0 0 -1
    outer loop
      vertex 91.2859 136 0
      vertex 87.7141 136 0
      vertex 99.7 143 0
    endloop
  endfacet
  facet normal 0 0 -1
    outer loop
      vertex 80.7859 136 0
      vertex 99.7 143 0
      vertex 87.7141 136 0
    endloop
  endfacet
  facet normal 0 0 -1
    outer loop
      vertex 80.7859 135.651 0
      vertex 77.2141 135.651 0
      vertex 80.7859 136 0
    endloop
  endfacet
  facet normal 0 0 -1
    outer loop
      vertex 77.2141 136 0
      vertex 80.7859 136 0
      vertex 77.2141 135.651 0
    endloop
  endfacet
  facet normal 0 0 -1
    outer loop
      vertex 80.7859 136 0
      vertex 77.2141 136 0
      vertex 99.7 143 0
    endloop
  endfacet
  facet normal 0 0 -1
    outer loop
      vertex 70.2859 136 0
      vertex 99.7 143 0
      vertex 77.2141 136 0
    endloop
  endfacet
  facet normal 0 0 -1
    outer loop
      vertex 70.2859 135.651 0
      vertex 66.7141 135.651 0
      vertex 70.2859 136 0
    endloop
  endfacet
  facet normal 0 0 -1
    outer loop
      vertex 66.7141 136 0
      vertex 70.2859 136 0
      vertex 66.7141 135.651 0
    endloop
  endfacet
  facet normal 0 0 -1
    outer loop
      vertex 70.2859 136 0
      vertex 66.7141 136 0
      vertex 99.7 143 0
    endloop
  endfacet
  facet normal 0 0 -1
    outer loop
      vertex 59.7859 136 0
      vertex 99.7 143 0
      vertex 66.7141 136 0
    endloop
  endfacet
  facet normal 0 0 -1
    outer loop
      vertex 59.7859 135.651 0
      vertex 56.2141 135.651 0
      vertex 59.7859 136 0
    endloop
  endfacet
  facet normal 0 0 -1
    outer loop
      vertex 56.2141 136 0
      vertex 59.7859 136 0
      vertex 56.2141 135.651 0
    endloop
  endfacet
  facet normal 0 0 -1
    outer loop
      vertex 59.7859 136 0
      vertex 56.2141 136 0
      vertex 99.7 143 0
    endloop
  endfacet
  facet normal 0 0 -1
    outer loop
      vertex 15 143 0
      vertex 56.2141 136 0
      vertex 49.2859 136 0
    endloop
  endfacet
  facet normal 0 0 -1
    outer loop
      vertex 49.2859 135.651 0
      vertex 45.7141 135.651 0
      vertex 49.2859 136 0
    endloop
  endfacet
  facet normal 0 0 -1
    outer loop
      vertex 45.7141 136 0
      vertex 49.2859 136 0
      vertex 45.7141 135.651 0
    endloop
  endfacet
  facet normal 0 0 -1
    outer loop
      vertex 15 143 0
      vertex 49.2859 136 0
      vertex 45.7141 136 0
    endloop
  endfacet
  facet normal 0 0 -1
    outer loop
      vertex 15 143 0
      vertex 45.7141 136 0
      vertex 38.7859 136 0
    endloop
  endfacet
  facet normal 0 0 -1
    outer loop
      vertex 38.7859 135.651 0
      vertex 35.2141 135.651 0
      vertex 38.7859 136 0
    endloop
  endfacet
  facet normal 0 0 -1
    outer loop
      vertex 35.2141 136 0
      vertex 38.7859 136 0
      vertex 35.2141 135.651 0
    endloop
  endfacet
  facet normal 0 0 -1
    outer loop
      vertex 15 143 0
      vertex 38.7859 136 0
      vertex 35.2141 136 0
    endloop
  endfacet
  facet normal 0 0 -1
    outer loop
      vertex 15 143 0
      vertex 35.2141 136 0
      vertex 28.2859 136 0
    endloop
  endfacet
  facet normal 0 0 -1
    outer loop
      vertex 28.2859 135.651 0
      vertex 24.7141 135.651 0
      vertex 28.2859 136 0
    endloop
  endfacet
  facet normal 0 0 -1
    outer loop
      vertex 24.7141 136 0
      vertex 28.2859 136 0
      vertex 24.7141 135.651 0
    endloop
  endfacet
  facet normal 0 0 -1
    outer loop
      vertex 15 143 0
      vertex 28.2859 136 0
      vertex 24.7141 136 0
    endloop
  endfacet
  facet normal 0 0 -1
    outer loop
      vertex 15 143 0
      vertex 24.7141 136 0
      vertex 17.7859 136 0
    endloop
  endfacet
  facet normal 0 0 -1
    outer loop
      vertex 56.2141 136 0
      vertex 15 143 0
      vertex 99.7 143 0
    endloop
  endfacet
  facet normal 0 0 -1
    outer loop
      vertex 17.7859 135.651 0
      vertex 14.2141 135.651 0
      vertex 17.7859 136 0
    endloop
  endfacet
  facet normal 0 0 -1
    outer loop
      vertex 17.7859 136 0
      vertex 14.2141 136 0
      vertex 15 143 0
    endloop
  endfacet
  facet normal -0 0 -1
    outer loop
      vertex 17.7859 136 0
      vertex 14.2141 135.651 0
      vertex 14.2141 136 0
    endloop
  endfacet
  facet normal 0 0 -1
    outer loop
      vertex 14 135.527 0
      vertex 16 132.558 0
      vertex 14 131.403 0
    endloop
  endfacet
  facet normal 0 0 -1
    outer loop
      vertex 16 132.558 0
      vertex 14 135.527 0
      vertex 14.2141 135.651 0
    endloop
  endfacet
  facet normal 0 0 -1
    outer loop
      vertex 17.7859 30.535 0
      vertex 14.2141 30.535 0
      vertex 16 33.628 0
    endloop
  endfacet
  facet normal 0 0 -1
    outer loop
      vertex 14 30.6586 0
      vertex 16 33.628 0
      vertex 14.2141 30.535 0
    endloop
  endfacet
  facet normal -0 0 -1
    outer loop
      vertex 16 33.628 0
      vertex 14 30.6586 0
      vertex 14 34.7827 0
    endloop
  endfacet
  facet normal 0 0 -1
    outer loop
      vertex 17.7859 48.721 0
      vertex 14.2141 48.721 0
      vertex 16 51.814 0
    endloop
  endfacet
  facet normal 0 0 -1
    outer loop
      vertex 14 48.8446 0
      vertex 16 51.814 0
      vertex 14.2141 48.721 0
    endloop
  endfacet
  facet normal -0 0 -1
    outer loop
      vertex 16 51.814 0
      vertex 14 48.8446 0
      vertex 14 52.9687 0
    endloop
  endfacet
  facet normal 0 0 -1
    outer loop
      vertex 17.7859 66.907 0
      vertex 14.2141 66.907 0
      vertex 16 70 0
    endloop
  endfacet
  facet normal 0 0 -1
    outer loop
      vertex 14 67.0306 0
      vertex 16 70 0
      vertex 14.2141 66.907 0
    endloop
  endfacet
  facet normal -0 0 -1
    outer loop
      vertex 16 70 0
      vertex 14 67.0306 0
      vertex 14 71.1547 0
    endloop
  endfacet
  facet normal 0 0 -1
    outer loop
      vertex 17.7859 85.093 0
      vertex 14.2141 85.093 0
      vertex 16 88.186 0
    endloop
  endfacet
  facet normal 0 0 -1
    outer loop
      vertex 14 85.2166 0
      vertex 16 88.186 0
      vertex 14.2141 85.093 0
    endloop
  endfacet
  facet normal -0 0 -1
    outer loop
      vertex 16 88.186 0
      vertex 14 85.2166 0
      vertex 14 89.3407 0
    endloop
  endfacet
  facet normal 0 0 -1
    outer loop
      vertex 17.7859 103.279 0
      vertex 14.2141 103.279 0
      vertex 16 106.372 0
    endloop
  endfacet
  facet normal 0 0 -1
    outer loop
      vertex 14 103.403 0
      vertex 16 106.372 0
      vertex 14.2141 103.279 0
    endloop
  endfacet
  facet normal -0 0 -1
    outer loop
      vertex 16 106.372 0
      vertex 14 103.403 0
      vertex 14 107.527 0
    endloop
  endfacet
  facet normal 0 0 -1
    outer loop
      vertex 17.7859 121.465 0
      vertex 14.2141 121.465 0
      vertex 16 124.558 0
    endloop
  endfacet
  facet normal 0 0 -1
    outer loop
      vertex 14 121.589 0
      vertex 16 124.558 0
      vertex 14.2141 121.465 0
    endloop
  endfacet
  facet normal -0 0 -1
    outer loop
      vertex 16 124.558 0
      vertex 14 121.589 0
      vertex 14 125.713 0
    endloop
  endfacet
  facet normal 0 0 -1
    outer loop
      vertex 15 143 0
      vertex 14.2141 136 0
      vertex 14.3027 142.97 0
    endloop
  endfacet
  facet normal 0 0 -1
    outer loop
      vertex 13.6108 142.878 0
      vertex 14.2141 136 0
      vertex 14 136 0
    endloop
  endfacet
  facet normal 0 0 -1
    outer loop
      vertex 14.2141 136 0
      vertex 13.6108 142.878 0
      vertex 14.3027 142.97 0
    endloop
  endfacet
  facet normal 0 0 -1
    outer loop
      vertex 14 125.713 0
      vertex 7 135 0
      vertex 14 131.403 0
    endloop
  endfacet
  facet normal 0 0 -1
    outer loop
      vertex 11.619 7.74954 0
      vertex 16 15.442 0
      vertex 12.2638 7.48245 0
    endloop
  endfacet
  facet normal 0 -0 -1
    outer loop
      vertex 7.03044 135.697 0
      vertex 14 135.527 0
      vertex 7 135 0
    endloop
  endfacet
  facet normal 0 0 -1
    outer loop
      vertex 11 8.07179 0
      vertex 16 15.442 0
      vertex 11.619 7.74954 0
    endloop
  endfacet
  facet normal 0 -0 -1
    outer loop
      vertex 7.12154 136.389 0
      vertex 14 135.527 0
      vertex 7.03044 135.697 0
    endloop
  endfacet
  facet normal 0 0 -1
    outer loop
      vertex 10.4114 8.44678 0
      vertex 16 15.442 0
      vertex 11 8.07179 0
    endloop
  endfacet
  facet normal 0 0 -1
    outer loop
      vertex 14 136 0
      vertex 12.9294 142.727 0
      vertex 13.6108 142.878 0
    endloop
  endfacet
  facet normal 0 0 -1
    outer loop
      vertex 9.8577 8.87164 0
      vertex 16 15.442 0
      vertex 10.4114 8.44678 0
    endloop
  endfacet
  facet normal 0 0 -1
    outer loop
      vertex 14 136 0
      vertex 12.2638 142.518 0
      vertex 12.9294 142.727 0
    endloop
  endfacet
  facet normal -0 0 -1
    outer loop
      vertex 16 15.442 0
      vertex 9.8577 8.87164 0
      vertex 14 16.5967 0
    endloop
  endfacet
  facet normal 0 0 -1
    outer loop
      vertex 14 136 0
      vertex 11.619 142.25 0
      vertex 12.2638 142.518 0
    endloop
  endfacet
  facet normal 0 0 -1
    outer loop
      vertex 9.34314 9.34314 0
      vertex 14 16.5967 0
      vertex 9.8577 8.87164 0
    endloop
  endfacet
  facet normal 0 0 -1
    outer loop
      vertex 14 136 0
      vertex 11 141.928 0
      vertex 11.619 142.25 0
    endloop
  endfacet
  facet normal 0 0 -1
    outer loop
      vertex 8.87164 9.8577 0
      vertex 14 16.5967 0
      vertex 9.34314 9.34314 0
    endloop
  endfacet
  facet normal 0 0 -1
    outer loop
      vertex 14 136 0
      vertex 10.4114 141.553 0
      vertex 11 141.928 0
    endloop
  endfacet
  facet normal 0 0 -1
    outer loop
      vertex 8.44678 10.4114 0
      vertex 14 16.5967 0
      vertex 8.87164 9.8577 0
    endloop
  endfacet
  facet normal 0 0 -1
    outer loop
      vertex 14 136 0
      vertex 9.8577 141.128 0
      vertex 10.4114 141.553 0
    endloop
  endfacet
  facet normal 0 0 -1
    outer loop
      vertex 8.07179 11 0
      vertex 14 16.5967 0
      vertex 8.44678 10.4114 0
    endloop
  endfacet
  facet normal 0 0 -1
    outer loop
      vertex 14 136 0
      vertex 9.34314 140.657 0
      vertex 9.8577 141.128 0
    endloop
  endfacet
  facet normal 0 0 -1
    outer loop
      vertex 7.74954 11.619 0
      vertex 14 16.5967 0
      vertex 8.07179 11 0
    endloop
  endfacet
  facet normal 0 0 -1
    outer loop
      vertex 14 136 0
      vertex 8.87164 140.142 0
      vertex 9.34314 140.657 0
    endloop
  endfacet
  facet normal 0 0 -1
    outer loop
      vertex 7.48245 12.2638 0
      vertex 14 16.5967 0
      vertex 7.74954 11.619 0
    endloop
  endfacet
  facet normal 0 0 -1
    outer loop
      vertex 14 136 0
      vertex 8.44678 139.589 0
      vertex 8.87164 140.142 0
    endloop
  endfacet
  facet normal 0 0 -1
    outer loop
      vertex 7.2726 12.9294 0
      vertex 14 16.5967 0
      vertex 7.48245 12.2638 0
    endloop
  endfacet
  facet normal 0 0 -1
    outer loop
      vertex 14 136 0
      vertex 8.07179 139 0
      vertex 8.44678 139.589 0
    endloop
  endfacet
  facet normal 0 0 -1
    outer loop
      vertex 7.12154 13.6108 0
      vertex 14 16.5967 0
      vertex 7.2726 12.9294 0
    endloop
  endfacet
  facet normal 0 0 -1
    outer loop
      vertex 14 136 0
      vertex 7.74954 138.381 0
      vertex 8.07179 139 0
    endloop
  endfacet
  facet normal 0 0 -1
    outer loop
      vertex 7.03044 14.3027 0
      vertex 14 16.5967 0
      vertex 7.12154 13.6108 0
    endloop
  endfacet
  facet normal 0 0 -1
    outer loop
      vertex 14 136 0
      vertex 7.48245 137.736 0
      vertex 7.74954 138.381 0
    endloop
  endfacet
  facet normal 0 0 -1
    outer loop
      vertex 14 16.5967 0
      vertex 7.03044 14.3027 0
      vertex 7 15 0
    endloop
  endfacet
  facet normal 0 0 -1
    outer loop
      vertex 14 136 0
      vertex 7.2726 137.071 0
      vertex 7.48245 137.736 0
    endloop
  endfacet
  facet normal 0 0 -1
    outer loop
      vertex 14 136 0
      vertex 7.12154 136.389 0
      vertex 7.2726 137.071 0
    endloop
  endfacet
  facet normal 0 0 -1
    outer loop
      vertex 14 135.527 0
      vertex 7.12154 136.389 0
      vertex 14 136 0
    endloop
  endfacet
  facet normal 0 0 -1
    outer loop
      vertex 23.0359 39.628 0
      vertex 19.4641 39.628 0
      vertex 21.25 42.721 0
    endloop
  endfacet
  facet normal 0 0 -1
    outer loop
      vertex 19.4641 39.628 0
      vertex 17.7859 44.721 0
      vertex 21.25 42.721 0
    endloop
  endfacet
  facet normal 0 0 -1
    outer loop
      vertex 14.2141 44.721 0
      vertex 17.7859 44.721 0
      vertex 16 41.628 0
    endloop
  endfacet
  facet normal 0 0 -1
    outer loop
      vertex 16 41.628 0
      vertex 17.7859 44.721 0
      vertex 19.4641 39.628 0
    endloop
  endfacet
  facet normal 0 0 -1
    outer loop
      vertex 23.0359 57.814 0
      vertex 19.4641 57.814 0
      vertex 21.25 60.907 0
    endloop
  endfacet
  facet normal 0 0 -1
    outer loop
      vertex 19.4641 57.814 0
      vertex 17.7859 62.907 0
      vertex 21.25 60.907 0
    endloop
  endfacet
  facet normal 0 0 -1
    outer loop
      vertex 14.2141 62.907 0
      vertex 17.7859 62.907 0
      vertex 16 59.814 0
    endloop
  endfacet
  facet normal 0 0 -1
    outer loop
      vertex 16 59.814 0
      vertex 17.7859 62.907 0
      vertex 19.4641 57.814 0
    endloop
  endfacet
  facet normal 0 0 -1
    outer loop
      vertex 23.0359 76 0
      vertex 19.4641 76 0
      vertex 21.25 79.093 0
    endloop
  endfacet
  facet normal 0 0 -1
    outer loop
      vertex 19.4641 76 0
      vertex 17.7859 81.093 0
      vertex 21.25 79.093 0
    endloop
  endfacet
  facet normal 0 0 -1
    outer loop
      vertex 14.2141 81.093 0
      vertex 17.7859 81.093 0
      vertex 16 78 0
    endloop
  endfacet
  facet normal 0 0 -1
    outer loop
      vertex 16 78 0
      vertex 17.7859 81.093 0
      vertex 19.4641 76 0
    endloop
  endfacet
  facet normal 0 0 -1
    outer loop
      vertex 23.0359 94.186 0
      vertex 19.4641 94.186 0
      vertex 21.25 97.279 0
    endloop
  endfacet
  facet normal 0 0 -1
    outer loop
      vertex 19.4641 94.186 0
      vertex 17.7859 99.279 0
      vertex 21.25 97.279 0
    endloop
  endfacet
  facet normal 0 0 -1
    outer loop
      vertex 14.2141 99.279 0
      vertex 17.7859 99.279 0
      vertex 16 96.186 0
    endloop
  endfacet
  facet normal 0 0 -1
    outer loop
      vertex 16 96.186 0
      vertex 17.7859 99.279 0
      vertex 19.4641 94.186 0
    endloop
  endfacet
  facet normal 0 0 -1
    outer loop
      vertex 23.0359 112.372 0
      vertex 19.4641 112.372 0
      vertex 21.25 115.465 0
    endloop
  endfacet
  facet normal 0 0 -1
    outer loop
      vertex 19.4641 112.372 0
      vertex 17.7859 117.465 0
      vertex 21.25 115.465 0
    endloop
  endfacet
  facet normal 0 0 -1
    outer loop
      vertex 14.2141 117.465 0
      vertex 17.7859 117.465 0
      vertex 16 114.372 0
    endloop
  endfacet
  facet normal 0 0 -1
    outer loop
      vertex 16 114.372 0
      vertex 17.7859 117.465 0
      vertex 19.4641 112.372 0
    endloop
  endfacet
  facet normal 0 0 -1
    outer loop
      vertex 23.0359 130.558 0
      vertex 19.4641 130.558 0
      vertex 21.25 133.651 0
    endloop
  endfacet
  facet normal 0 0 -1
    outer loop
      vertex 19.4641 130.558 0
      vertex 17.7859 135.651 0
      vertex 21.25 133.651 0
    endloop
  endfacet
  facet normal 0 0 -1
    outer loop
      vertex 14.2141 135.651 0
      vertex 17.7859 135.651 0
      vertex 16 132.558 0
    endloop
  endfacet
  facet normal 0 0 -1
    outer loop
      vertex 16 132.558 0
      vertex 17.7859 135.651 0
      vertex 19.4641 130.558 0
    endloop
  endfacet
  facet normal 0 0 -1
    outer loop
      vertex 23.0359 130.558 0
      vertex 24.7141 135.651 0
      vertex 26.5 132.558 0
    endloop
  endfacet
  facet normal 0 0 -1
    outer loop
      vertex 23.0359 130.558 0
      vertex 21.25 133.651 0
      vertex 24.7141 135.651 0
    endloop
  endfacet
  facet normal 0 0 -1
    outer loop
      vertex 23.0359 126.558 0
      vertex 19.4641 126.558 0
      vertex 23.0359 130.558 0
    endloop
  endfacet
  facet normal 0 0 -1
    outer loop
      vertex 19.4641 130.558 0
      vertex 23.0359 130.558 0
      vertex 19.4641 126.558 0
    endloop
  endfacet
  facet normal 0 0 -1
    outer loop
      vertex 17.7859 121.465 0
      vertex 19.4641 126.558 0
      vertex 21.25 123.465 0
    endloop
  endfacet
  facet normal 0 0 -1
    outer loop
      vertex 17.7859 121.465 0
      vertex 16 124.558 0
      vertex 19.4641 126.558 0
    endloop
  endfacet
  facet normal 0 0 -1
    outer loop
      vertex 17.7859 117.465 0
      vertex 14.2141 117.465 0
      vertex 17.7859 121.465 0
    endloop
  endfacet
  facet normal 0 0 -1
    outer loop
      vertex 14.2141 121.465 0
      vertex 17.7859 121.465 0
      vertex 14.2141 117.465 0
    endloop
  endfacet
  facet normal 0 0 -1
    outer loop
      vertex 14 117.341 0
      vertex 16 114.372 0
      vertex 14 113.217 0
    endloop
  endfacet
  facet normal 0 0 -1
    outer loop
      vertex 16 114.372 0
      vertex 14 117.341 0
      vertex 14.2141 117.465 0
    endloop
  endfacet
  facet normal 0 0 -1
    outer loop
      vertex 28.2859 30.535 0
      vertex 24.7141 30.535 0
      vertex 26.5 33.628 0
    endloop
  endfacet
  facet normal 0 0 -1
    outer loop
      vertex 24.7141 30.535 0
      vertex 23.0359 35.628 0
      vertex 26.5 33.628 0
    endloop
  endfacet
  facet normal 0 0 -1
    outer loop
      vertex 19.4641 35.628 0
      vertex 23.0359 35.628 0
      vertex 21.25 32.535 0
    endloop
  endfacet
  facet normal 0 0 -1
    outer loop
      vertex 21.25 32.535 0
      vertex 23.0359 35.628 0
      vertex 24.7141 30.535 0
    endloop
  endfacet
  facet normal 0 0 -1
    outer loop
      vertex 28.2859 48.721 0
      vertex 24.7141 48.721 0
      vertex 26.5 51.814 0
    endloop
  endfacet
  facet normal 0 0 -1
    outer loop
      vertex 24.7141 48.721 0
      vertex 23.0359 53.814 0
      vertex 26.5 51.814 0
    endloop
  endfacet
  facet normal 0 0 -1
    outer loop
      vertex 19.4641 53.814 0
      vertex 23.0359 53.814 0
      vertex 21.25 50.721 0
    endloop
  endfacet
  facet normal 0 0 -1
    outer loop
      vertex 21.25 50.721 0
      vertex 23.0359 53.814 0
      vertex 24.7141 48.721 0
    endloop
  endfacet
  facet normal 0 0 -1
    outer loop
      vertex 28.2859 66.907 0
      vertex 24.7141 66.907 0
      vertex 26.5 70 0
    endloop
  endfacet
  facet normal 0 0 -1
    outer loop
      vertex 24.7141 66.907 0
      vertex 23.0359 72 0
      vertex 26.5 70 0
    endloop
  endfacet
  facet normal 0 0 -1
    outer loop
      vertex 19.4641 72 0
      vertex 23.0359 72 0
      vertex 21.25 68.907 0
    endloop
  endfacet
  facet normal 0 0 -1
    outer loop
      vertex 21.25 68.907 0
      vertex 23.0359 72 0
      vertex 24.7141 66.907 0
    endloop
  endfacet
  facet normal 0 0 -1
    outer loop
      vertex 28.2859 85.093 0
      vertex 24.7141 85.093 0
      vertex 26.5 88.186 0
    endloop
  endfacet
  facet normal 0 0 -1
    outer loop
      vertex 24.7141 85.093 0
      vertex 23.0359 90.186 0
      vertex 26.5 88.186 0
    endloop
  endfacet
  facet normal 0 0 -1
    outer loop
      vertex 19.4641 90.186 0
      vertex 23.0359 90.186 0
      vertex 21.25 87.093 0
    endloop
  endfacet
  facet normal 0 0 -1
    outer loop
      vertex 21.25 87.093 0
      vertex 23.0359 90.186 0
      vertex 24.7141 85.093 0
    endloop
  endfacet
  facet normal 0 0 -1
    outer loop
      vertex 28.2859 103.279 0
      vertex 24.7141 103.279 0
      vertex 26.5 106.372 0
    endloop
  endfacet
  facet normal 0 0 -1
    outer loop
      vertex 24.7141 103.279 0
      vertex 23.0359 108.372 0
      vertex 26.5 106.372 0
    endloop
  endfacet
  facet normal 0 0 -1
    outer loop
      vertex 19.4641 108.372 0
      vertex 23.0359 108.372 0
      vertex 21.25 105.279 0
    endloop
  endfacet
  facet normal 0 0 -1
    outer loop
      vertex 21.25 105.279 0
      vertex 23.0359 108.372 0
      vertex 24.7141 103.279 0
    endloop
  endfacet
  facet normal 0 0 -1
    outer loop
      vertex 28.2859 121.465 0
      vertex 24.7141 121.465 0
      vertex 26.5 124.558 0
    endloop
  endfacet
  facet normal 0 0 -1
    outer loop
      vertex 24.7141 121.465 0
      vertex 23.0359 126.558 0
      vertex 26.5 124.558 0
    endloop
  endfacet
  facet normal 0 0 -1
    outer loop
      vertex 19.4641 126.558 0
      vertex 23.0359 126.558 0
      vertex 21.25 123.465 0
    endloop
  endfacet
  facet normal 0 0 -1
    outer loop
      vertex 21.25 123.465 0
      vertex 23.0359 126.558 0
      vertex 24.7141 121.465 0
    endloop
  endfacet
  facet normal 0 0 -1
    outer loop
      vertex 33.5359 39.628 0
      vertex 29.9641 39.628 0
      vertex 31.75 42.721 0
    endloop
  endfacet
  facet normal 0 0 -1
    outer loop
      vertex 29.9641 39.628 0
      vertex 28.2859 44.721 0
      vertex 31.75 42.721 0
    endloop
  endfacet
  facet normal 0 0 -1
    outer loop
      vertex 24.7141 44.721 0
      vertex 28.2859 44.721 0
      vertex 26.5 41.628 0
    endloop
  endfacet
  facet normal 0 0 -1
    outer loop
      vertex 26.5 41.628 0
      vertex 28.2859 44.721 0
      vertex 29.9641 39.628 0
    endloop
  endfacet
  facet normal 0 0 -1
    outer loop
      vertex 33.5359 57.814 0
      vertex 29.9641 57.814 0
      vertex 31.75 60.907 0
    endloop
  endfacet
  facet normal 0 0 -1
    outer loop
      vertex 29.9641 57.814 0
      vertex 28.2859 62.907 0
      vertex 31.75 60.907 0
    endloop
  endfacet
  facet normal 0 0 -1
    outer loop
      vertex 24.7141 62.907 0
      vertex 28.2859 62.907 0
      vertex 26.5 59.814 0
    endloop
  endfacet
  facet normal 0 0 -1
    outer loop
      vertex 26.5 59.814 0
      vertex 28.2859 62.907 0
      vertex 29.9641 57.814 0
    endloop
  endfacet
  facet normal 0 0 -1
    outer loop
      vertex 33.5359 76 0
      vertex 29.9641 76 0
      vertex 31.75 79.093 0
    endloop
  endfacet
  facet normal 0 0 -1
    outer loop
      vertex 29.9641 76 0
      vertex 28.2859 81.093 0
      vertex 31.75 79.093 0
    endloop
  endfacet
  facet normal 0 0 -1
    outer loop
      vertex 24.7141 81.093 0
      vertex 28.2859 81.093 0
      vertex 26.5 78 0
    endloop
  endfacet
  facet normal 0 0 -1
    outer loop
      vertex 26.5 78 0
      vertex 28.2859 81.093 0
      vertex 29.9641 76 0
    endloop
  endfacet
  facet normal 0 0 -1
    outer loop
      vertex 33.5359 94.186 0
      vertex 29.9641 94.186 0
      vertex 31.75 97.279 0
    endloop
  endfacet
  facet normal 0 0 -1
    outer loop
      vertex 29.9641 94.186 0
      vertex 28.2859 99.279 0
      vertex 31.75 97.279 0
    endloop
  endfacet
  facet normal 0 0 -1
    outer loop
      vertex 24.7141 99.279 0
      vertex 28.2859 99.279 0
      vertex 26.5 96.186 0
    endloop
  endfacet
  facet normal 0 0 -1
    outer loop
      vertex 26.5 96.186 0
      vertex 28.2859 99.279 0
      vertex 29.9641 94.186 0
    endloop
  endfacet
  facet normal 0 0 -1
    outer loop
      vertex 33.5359 112.372 0
      vertex 29.9641 112.372 0
      vertex 31.75 115.465 0
    endloop
  endfacet
  facet normal 0 0 -1
    outer loop
      vertex 29.9641 112.372 0
      vertex 28.2859 117.465 0
      vertex 31.75 115.465 0
    endloop
  endfacet
  facet normal 0 0 -1
    outer loop
      vertex 24.7141 117.465 0
      vertex 28.2859 117.465 0
      vertex 26.5 114.372 0
    endloop
  endfacet
  facet normal 0 0 -1
    outer loop
      vertex 26.5 114.372 0
      vertex 28.2859 117.465 0
      vertex 29.9641 112.372 0
    endloop
  endfacet
  facet normal 0 0 -1
    outer loop
      vertex 33.5359 130.558 0
      vertex 29.9641 130.558 0
      vertex 31.75 133.651 0
    endloop
  endfacet
  facet normal 0 0 -1
    outer loop
      vertex 29.9641 130.558 0
      vertex 28.2859 135.651 0
      vertex 31.75 133.651 0
    endloop
  endfacet
  facet normal 0 0 -1
    outer loop
      vertex 24.7141 135.651 0
      vertex 28.2859 135.651 0
      vertex 26.5 132.558 0
    endloop
  endfacet
  facet normal 0 0 -1
    outer loop
      vertex 26.5 132.558 0
      vertex 28.2859 135.651 0
      vertex 29.9641 130.558 0
    endloop
  endfacet
  facet normal 0 0 -1
    outer loop
      vertex 33.5359 130.558 0
      vertex 35.2141 135.651 0
      vertex 37 132.558 0
    endloop
  endfacet
  facet normal 0 0 -1
    outer loop
      vertex 33.5359 130.558 0
      vertex 31.75 133.651 0
      vertex 35.2141 135.651 0
    endloop
  endfacet
  facet normal 0 0 -1
    outer loop
      vertex 33.5359 126.558 0
      vertex 29.9641 126.558 0
      vertex 33.5359 130.558 0
    endloop
  endfacet
  facet normal 0 0 -1
    outer loop
      vertex 29.9641 130.558 0
      vertex 33.5359 130.558 0
      vertex 29.9641 126.558 0
    endloop
  endfacet
  facet normal 0 0 -1
    outer loop
      vertex 28.2859 121.465 0
      vertex 29.9641 126.558 0
      vertex 31.75 123.465 0
    endloop
  endfacet
  facet normal 0 0 -1
    outer loop
      vertex 28.2859 121.465 0
      vertex 26.5 124.558 0
      vertex 29.9641 126.558 0
    endloop
  endfacet
  facet normal 0 0 -1
    outer loop
      vertex 28.2859 117.465 0
      vertex 24.7141 117.465 0
      vertex 28.2859 121.465 0
    endloop
  endfacet
  facet normal 0 0 -1
    outer loop
      vertex 24.7141 121.465 0
      vertex 28.2859 121.465 0
      vertex 24.7141 117.465 0
    endloop
  endfacet
  facet normal 0 0 -1
    outer loop
      vertex 23.0359 112.372 0
      vertex 24.7141 117.465 0
      vertex 26.5 114.372 0
    endloop
  endfacet
  facet normal 0 0 -1
    outer loop
      vertex 23.0359 112.372 0
      vertex 21.25 115.465 0
      vertex 24.7141 117.465 0
    endloop
  endfacet
  facet normal 0 0 -1
    outer loop
      vertex 23.0359 108.372 0
      vertex 19.4641 108.372 0
      vertex 23.0359 112.372 0
    endloop
  endfacet
  facet normal 0 0 -1
    outer loop
      vertex 19.4641 112.372 0
      vertex 23.0359 112.372 0
      vertex 19.4641 108.372 0
    endloop
  endfacet
  facet normal 0 0 -1
    outer loop
      vertex 17.7859 103.279 0
      vertex 19.4641 108.372 0
      vertex 21.25 105.279 0
    endloop
  endfacet
  facet normal 0 0 -1
    outer loop
      vertex 17.7859 103.279 0
      vertex 16 106.372 0
      vertex 19.4641 108.372 0
    endloop
  endfacet
  facet normal 0 0 -1
    outer loop
      vertex 17.7859 99.279 0
      vertex 14.2141 99.279 0
      vertex 17.7859 103.279 0
    endloop
  endfacet
  facet normal 0 0 -1
    outer loop
      vertex 14.2141 103.279 0
      vertex 17.7859 103.279 0
      vertex 14.2141 99.279 0
    endloop
  endfacet
  facet normal 0 0 -1
    outer loop
      vertex 14 99.1554 0
      vertex 16 96.186 0
      vertex 14 95.0313 0
    endloop
  endfacet
  facet normal 0 0 -1
    outer loop
      vertex 16 96.186 0
      vertex 14 99.1554 0
      vertex 14.2141 99.279 0
    endloop
  endfacet
  facet normal 0 0 -1
    outer loop
      vertex 38.7859 30.535 0
      vertex 35.2141 30.535 0
      vertex 37 33.628 0
    endloop
  endfacet
  facet normal 0 0 -1
    outer loop
      vertex 35.2141 30.535 0
      vertex 33.5359 35.628 0
      vertex 37 33.628 0
    endloop
  endfacet
  facet normal 0 0 -1
    outer loop
      vertex 29.9641 35.628 0
      vertex 33.5359 35.628 0
      vertex 31.75 32.535 0
    endloop
  endfacet
  facet normal 0 0 -1
    outer loop
      vertex 31.75 32.535 0
      vertex 33.5359 35.628 0
      vertex 35.2141 30.535 0
    endloop
  endfacet
  facet normal 0 0 -1
    outer loop
      vertex 38.7859 48.721 0
      vertex 35.2141 48.721 0
      vertex 37 51.814 0
    endloop
  endfacet
  facet normal 0 0 -1
    outer loop
      vertex 35.2141 48.721 0
      vertex 33.5359 53.814 0
      vertex 37 51.814 0
    endloop
  endfacet
  facet normal 0 0 -1
    outer loop
      vertex 29.9641 53.814 0
      vertex 33.5359 53.814 0
      vertex 31.75 50.721 0
    endloop
  endfacet
  facet normal 0 0 -1
    outer loop
      vertex 31.75 50.721 0
      vertex 33.5359 53.814 0
      vertex 35.2141 48.721 0
    endloop
  endfacet
  facet normal 0 0 -1
    outer loop
      vertex 38.7859 66.907 0
      vertex 35.2141 66.907 0
      vertex 37 70 0
    endloop
  endfacet
  facet normal 0 0 -1
    outer loop
      vertex 35.2141 66.907 0
      vertex 33.5359 72 0
      vertex 37 70 0
    endloop
  endfacet
  facet normal 0 0 -1
    outer loop
      vertex 29.9641 72 0
      vertex 33.5359 72 0
      vertex 31.75 68.907 0
    endloop
  endfacet
  facet normal 0 0 -1
    outer loop
      vertex 31.75 68.907 0
      vertex 33.5359 72 0
      vertex 35.2141 66.907 0
    endloop
  endfacet
  facet normal 0 0 -1
    outer loop
      vertex 38.7859 85.093 0
      vertex 35.2141 85.093 0
      vertex 37 88.186 0
    endloop
  endfacet
  facet normal 0 0 -1
    outer loop
      vertex 35.2141 85.093 0
      vertex 33.5359 90.186 0
      vertex 37 88.186 0
    endloop
  endfacet
  facet normal 0 0 -1
    outer loop
      vertex 29.9641 90.186 0
      vertex 33.5359 90.186 0
      vertex 31.75 87.093 0
    endloop
  endfacet
  facet normal 0 0 -1
    outer loop
      vertex 31.75 87.093 0
      vertex 33.5359 90.186 0
      vertex 35.2141 85.093 0
    endloop
  endfacet
  facet normal 0 0 -1
    outer loop
      vertex 38.7859 103.279 0
      vertex 35.2141 103.279 0
      vertex 37 106.372 0
    endloop
  endfacet
  facet normal 0 0 -1
    outer loop
      vertex 35.2141 103.279 0
      vertex 33.5359 108.372 0
      vertex 37 106.372 0
    endloop
  endfacet
  facet normal 0 0 -1
    outer loop
      vertex 29.9641 108.372 0
      vertex 33.5359 108.372 0
      vertex 31.75 105.279 0
    endloop
  endfacet
  facet normal 0 0 -1
    outer loop
      vertex 31.75 105.279 0
      vertex 33.5359 108.372 0
      vertex 35.2141 103.279 0
    endloop
  endfacet
  facet normal 0 0 -1
    outer loop
      vertex 38.7859 121.465 0
      vertex 35.2141 121.465 0
      vertex 37 124.558 0
    endloop
  endfacet
  facet normal 0 0 -1
    outer loop
      vertex 35.2141 121.465 0
      vertex 33.5359 126.558 0
      vertex 37 124.558 0
    endloop
  endfacet
  facet normal 0 0 -1
    outer loop
      vertex 29.9641 126.558 0
      vertex 33.5359 126.558 0
      vertex 31.75 123.465 0
    endloop
  endfacet
  facet normal 0 0 -1
    outer loop
      vertex 31.75 123.465 0
      vertex 33.5359 126.558 0
      vertex 35.2141 121.465 0
    endloop
  endfacet
  facet normal 0 0 -1
    outer loop
      vertex 44.0359 39.628 0
      vertex 40.4641 39.628 0
      vertex 42.25 42.721 0
    endloop
  endfacet
  facet normal 0 0 -1
    outer loop
      vertex 40.4641 39.628 0
      vertex 38.7859 44.721 0
      vertex 42.25 42.721 0
    endloop
  endfacet
  facet normal 0 0 -1
    outer loop
      vertex 35.2141 44.721 0
      vertex 38.7859 44.721 0
      vertex 37 41.628 0
    endloop
  endfacet
  facet normal 0 0 -1
    outer loop
      vertex 37 41.628 0
      vertex 38.7859 44.721 0
      vertex 40.4641 39.628 0
    endloop
  endfacet
  facet normal 0 0 -1
    outer loop
      vertex 44.0359 57.814 0
      vertex 40.4641 57.814 0
      vertex 42.25 60.907 0
    endloop
  endfacet
  facet normal 0 0 -1
    outer loop
      vertex 40.4641 57.814 0
      vertex 38.7859 62.907 0
      vertex 42.25 60.907 0
    endloop
  endfacet
  facet normal 0 0 -1
    outer loop
      vertex 35.2141 62.907 0
      vertex 38.7859 62.907 0
      vertex 37 59.814 0
    endloop
  endfacet
  facet normal 0 0 -1
    outer loop
      vertex 37 59.814 0
      vertex 38.7859 62.907 0
      vertex 40.4641 57.814 0
    endloop
  endfacet
  facet normal 0 0 -1
    outer loop
      vertex 44.0359 76 0
      vertex 40.4641 76 0
      vertex 42.25 79.093 0
    endloop
  endfacet
  facet normal 0 0 -1
    outer loop
      vertex 40.4641 76 0
      vertex 38.7859 81.093 0
      vertex 42.25 79.093 0
    endloop
  endfacet
  facet normal 0 0 -1
    outer loop
      vertex 35.2141 81.093 0
      vertex 38.7859 81.093 0
      vertex 37 78 0
    endloop
  endfacet
  facet normal 0 0 -1
    outer loop
      vertex 37 78 0
      vertex 38.7859 81.093 0
      vertex 40.4641 76 0
    endloop
  endfacet
  facet normal 0 0 -1
    outer loop
      vertex 44.0359 94.186 0
      vertex 40.4641 94.186 0
      vertex 42.25 97.279 0
    endloop
  endfacet
  facet normal 0 0 -1
    outer loop
      vertex 40.4641 94.186 0
      vertex 38.7859 99.279 0
      vertex 42.25 97.279 0
    endloop
  endfacet
  facet normal 0 0 -1
    outer loop
      vertex 35.2141 99.279 0
      vertex 38.7859 99.279 0
      vertex 37 96.186 0
    endloop
  endfacet
  facet normal 0 0 -1
    outer loop
      vertex 37 96.186 0
      vertex 38.7859 99.279 0
      vertex 40.4641 94.186 0
    endloop
  endfacet
  facet normal 0 0 -1
    outer loop
      vertex 44.0359 112.372 0
      vertex 40.4641 112.372 0
      vertex 42.25 115.465 0
    endloop
  endfacet
  facet normal 0 0 -1
    outer loop
      vertex 40.4641 112.372 0
      vertex 38.7859 117.465 0
      vertex 42.25 115.465 0
    endloop
  endfacet
  facet normal 0 0 -1
    outer loop
      vertex 35.2141 117.465 0
      vertex 38.7859 117.465 0
      vertex 37 114.372 0
    endloop
  endfacet
  facet normal 0 0 -1
    outer loop
      vertex 37 114.372 0
      vertex 38.7859 117.465 0
      vertex 40.4641 112.372 0
    endloop
  endfacet
  facet normal 0 0 -1
    outer loop
      vertex 44.0359 130.558 0
      vertex 40.4641 130.558 0
      vertex 42.25 133.651 0
    endloop
  endfacet
  facet normal 0 0 -1
    outer loop
      vertex 40.4641 130.558 0
      vertex 38.7859 135.651 0
      vertex 42.25 133.651 0
    endloop
  endfacet
  facet normal 0 0 -1
    outer loop
      vertex 35.2141 135.651 0
      vertex 38.7859 135.651 0
      vertex 37 132.558 0
    endloop
  endfacet
  facet normal 0 0 -1
    outer loop
      vertex 37 132.558 0
      vertex 38.7859 135.651 0
      vertex 40.4641 130.558 0
    endloop
  endfacet
  facet normal 0 0 -1
    outer loop
      vertex 44.0359 130.558 0
      vertex 45.7141 135.651 0
      vertex 47.5 132.558 0
    endloop
  endfacet
  facet normal 0 0 -1
    outer loop
      vertex 44.0359 130.558 0
      vertex 42.25 133.651 0
      vertex 45.7141 135.651 0
    endloop
  endfacet
  facet normal 0 0 -1
    outer loop
      vertex 44.0359 126.558 0
      vertex 40.4641 126.558 0
      vertex 44.0359 130.558 0
    endloop
  endfacet
  facet normal 0 0 -1
    outer loop
      vertex 40.4641 130.558 0
      vertex 44.0359 130.558 0
      vertex 40.4641 126.558 0
    endloop
  endfacet
  facet normal 0 0 -1
    outer loop
      vertex 38.7859 121.465 0
      vertex 40.4641 126.558 0
      vertex 42.25 123.465 0
    endloop
  endfacet
  facet normal 0 0 -1
    outer loop
      vertex 38.7859 121.465 0
      vertex 37 124.558 0
      vertex 40.4641 126.558 0
    endloop
  endfacet
  facet normal 0 0 -1
    outer loop
      vertex 38.7859 117.465 0
      vertex 35.2141 117.465 0
      vertex 38.7859 121.465 0
    endloop
  endfacet
  facet normal 0 0 -1
    outer loop
      vertex 35.2141 121.465 0
      vertex 38.7859 121.465 0
      vertex 35.2141 117.465 0
    endloop
  endfacet
  facet normal 0 0 -1
    outer loop
      vertex 33.5359 112.372 0
      vertex 35.2141 117.465 0
      vertex 37 114.372 0
    endloop
  endfacet
  facet normal 0 0 -1
    outer loop
      vertex 33.5359 112.372 0
      vertex 31.75 115.465 0
      vertex 35.2141 117.465 0
    endloop
  endfacet
  facet normal 0 0 -1
    outer loop
      vertex 33.5359 108.372 0
      vertex 29.9641 108.372 0
      vertex 33.5359 112.372 0
    endloop
  endfacet
  facet normal 0 0 -1
    outer loop
      vertex 29.9641 112.372 0
      vertex 33.5359 112.372 0
      vertex 29.9641 108.372 0
    endloop
  endfacet
  facet normal 0 0 -1
    outer loop
      vertex 28.2859 103.279 0
      vertex 29.9641 108.372 0
      vertex 31.75 105.279 0
    endloop
  endfacet
  facet normal 0 0 -1
    outer loop
      vertex 28.2859 103.279 0
      vertex 26.5 106.372 0
      vertex 29.9641 108.372 0
    endloop
  endfacet
  facet normal 0 0 -1
    outer loop
      vertex 28.2859 99.279 0
      vertex 24.7141 99.279 0
      vertex 28.2859 103.279 0
    endloop
  endfacet
  facet normal 0 0 -1
    outer loop
      vertex 24.7141 103.279 0
      vertex 28.2859 103.279 0
      vertex 24.7141 99.279 0
    endloop
  endfacet
  facet normal 0 0 -1
    outer loop
      vertex 23.0359 94.186 0
      vertex 24.7141 99.279 0
      vertex 26.5 96.186 0
    endloop
  endfacet
  facet normal 0 0 -1
    outer loop
      vertex 23.0359 94.186 0
      vertex 21.25 97.279 0
      vertex 24.7141 99.279 0
    endloop
  endfacet
  facet normal 0 0 -1
    outer loop
      vertex 23.0359 90.186 0
      vertex 19.4641 90.186 0
      vertex 23.0359 94.186 0
    endloop
  endfacet
  facet normal 0 0 -1
    outer loop
      vertex 19.4641 94.186 0
      vertex 23.0359 94.186 0
      vertex 19.4641 90.186 0
    endloop
  endfacet
  facet normal 0 0 -1
    outer loop
      vertex 17.7859 85.093 0
      vertex 19.4641 90.186 0
      vertex 21.25 87.093 0
    endloop
  endfacet
  facet normal 0 0 -1
    outer loop
      vertex 17.7859 85.093 0
      vertex 16 88.186 0
      vertex 19.4641 90.186 0
    endloop
  endfacet
  facet normal 0 0 -1
    outer loop
      vertex 17.7859 81.093 0
      vertex 14.2141 81.093 0
      vertex 17.7859 85.093 0
    endloop
  endfacet
  facet normal 0 0 -1
    outer loop
      vertex 14.2141 85.093 0
      vertex 17.7859 85.093 0
      vertex 14.2141 81.093 0
    endloop
  endfacet
  facet normal 0 0 -1
    outer loop
      vertex 14 80.9694 0
      vertex 16 78 0
      vertex 14 76.8453 0
    endloop
  endfacet
  facet normal 0 0 -1
    outer loop
      vertex 16 78 0
      vertex 14 80.9694 0
      vertex 14.2141 81.093 0
    endloop
  endfacet
  facet normal 0 0 -1
    outer loop
      vertex 49.2859 30.535 0
      vertex 45.7141 30.535 0
      vertex 47.5 33.628 0
    endloop
  endfacet
  facet normal 0 0 -1
    outer loop
      vertex 45.7141 30.535 0
      vertex 44.0359 35.628 0
      vertex 47.5 33.628 0
    endloop
  endfacet
  facet normal 0 0 -1
    outer loop
      vertex 40.4641 35.628 0
      vertex 44.0359 35.628 0
      vertex 42.25 32.535 0
    endloop
  endfacet
  facet normal 0 0 -1
    outer loop
      vertex 42.25 32.535 0
      vertex 44.0359 35.628 0
      vertex 45.7141 30.535 0
    endloop
  endfacet
  facet normal 0 0 -1
    outer loop
      vertex 49.2859 48.721 0
      vertex 45.7141 48.721 0
      vertex 47.5 51.814 0
    endloop
  endfacet
  facet normal 0 0 -1
    outer loop
      vertex 45.7141 48.721 0
      vertex 44.0359 53.814 0
      vertex 47.5 51.814 0
    endloop
  endfacet
  facet normal 0 0 -1
    outer loop
      vertex 40.4641 53.814 0
      vertex 44.0359 53.814 0
      vertex 42.25 50.721 0
    endloop
  endfacet
  facet normal 0 0 -1
    outer loop
      vertex 42.25 50.721 0
      vertex 44.0359 53.814 0
      vertex 45.7141 48.721 0
    endloop
  endfacet
  facet normal 0 0 -1
    outer loop
      vertex 49.2859 66.907 0
      vertex 45.7141 66.907 0
      vertex 47.5 70 0
    endloop
  endfacet
  facet normal 0 0 -1
    outer loop
      vertex 45.7141 66.907 0
      vertex 44.0359 72 0
      vertex 47.5 70 0
    endloop
  endfacet
  facet normal 0 0 -1
    outer loop
      vertex 40.4641 72 0
      vertex 44.0359 72 0
      vertex 42.25 68.907 0
    endloop
  endfacet
  facet normal 0 0 -1
    outer loop
      vertex 42.25 68.907 0
      vertex 44.0359 72 0
      vertex 45.7141 66.907 0
    endloop
  endfacet
  facet normal 0 0 -1
    outer loop
      vertex 49.2859 85.093 0
      vertex 45.7141 85.093 0
      vertex 47.5 88.186 0
    endloop
  endfacet
  facet normal 0 0 -1
    outer loop
      vertex 45.7141 85.093 0
      vertex 44.0359 90.186 0
      vertex 47.5 88.186 0
    endloop
  endfacet
  facet normal 0 0 -1
    outer loop
      vertex 40.4641 90.186 0
      vertex 44.0359 90.186 0
      vertex 42.25 87.093 0
    endloop
  endfacet
  facet normal 0 0 -1
    outer loop
      vertex 42.25 87.093 0
      vertex 44.0359 90.186 0
      vertex 45.7141 85.093 0
    endloop
  endfacet
  facet normal 0 0 -1
    outer loop
      vertex 49.2859 103.279 0
      vertex 45.7141 103.279 0
      vertex 47.5 106.372 0
    endloop
  endfacet
  facet normal 0 0 -1
    outer loop
      vertex 45.7141 103.279 0
      vertex 44.0359 108.372 0
      vertex 47.5 106.372 0
    endloop
  endfacet
  facet normal 0 0 -1
    outer loop
      vertex 40.4641 108.372 0
      vertex 44.0359 108.372 0
      vertex 42.25 105.279 0
    endloop
  endfacet
  facet normal 0 0 -1
    outer loop
      vertex 42.25 105.279 0
      vertex 44.0359 108.372 0
      vertex 45.7141 103.279 0
    endloop
  endfacet
  facet normal 0 0 -1
    outer loop
      vertex 49.2859 121.465 0
      vertex 45.7141 121.465 0
      vertex 47.5 124.558 0
    endloop
  endfacet
  facet normal 0 0 -1
    outer loop
      vertex 45.7141 121.465 0
      vertex 44.0359 126.558 0
      vertex 47.5 124.558 0
    endloop
  endfacet
  facet normal 0 0 -1
    outer loop
      vertex 40.4641 126.558 0
      vertex 44.0359 126.558 0
      vertex 42.25 123.465 0
    endloop
  endfacet
  facet normal 0 0 -1
    outer loop
      vertex 42.25 123.465 0
      vertex 44.0359 126.558 0
      vertex 45.7141 121.465 0
    endloop
  endfacet
  facet normal 0 0 -1
    outer loop
      vertex 54.5359 39.628 0
      vertex 50.9641 39.628 0
      vertex 52.75 42.721 0
    endloop
  endfacet
  facet normal 0 0 -1
    outer loop
      vertex 50.9641 39.628 0
      vertex 49.2859 44.721 0
      vertex 52.75 42.721 0
    endloop
  endfacet
  facet normal 0 0 -1
    outer loop
      vertex 45.7141 44.721 0
      vertex 49.2859 44.721 0
      vertex 47.5 41.628 0
    endloop
  endfacet
  facet normal 0 0 -1
    outer loop
      vertex 47.5 41.628 0
      vertex 49.2859 44.721 0
      vertex 50.9641 39.628 0
    endloop
  endfacet
  facet normal 0 0 -1
    outer loop
      vertex 54.5359 57.814 0
      vertex 50.9641 57.814 0
      vertex 52.75 60.907 0
    endloop
  endfacet
  facet normal 0 0 -1
    outer loop
      vertex 50.9641 57.814 0
      vertex 49.2859 62.907 0
      vertex 52.75 60.907 0
    endloop
  endfacet
  facet normal 0 0 -1
    outer loop
      vertex 45.7141 62.907 0
      vertex 49.2859 62.907 0
      vertex 47.5 59.814 0
    endloop
  endfacet
  facet normal 0 0 -1
    outer loop
      vertex 47.5 59.814 0
      vertex 49.2859 62.907 0
      vertex 50.9641 57.814 0
    endloop
  endfacet
  facet normal 0 0 -1
    outer loop
      vertex 54.5359 76 0
      vertex 50.9641 76 0
      vertex 52.75 79.093 0
    endloop
  endfacet
  facet normal 0 0 -1
    outer loop
      vertex 50.9641 76 0
      vertex 49.2859 81.093 0
      vertex 52.75 79.093 0
    endloop
  endfacet
  facet normal 0 0 -1
    outer loop
      vertex 45.7141 81.093 0
      vertex 49.2859 81.093 0
      vertex 47.5 78 0
    endloop
  endfacet
  facet normal 0 0 -1
    outer loop
      vertex 47.5 78 0
      vertex 49.2859 81.093 0
      vertex 50.9641 76 0
    endloop
  endfacet
  facet normal 0 0 -1
    outer loop
      vertex 54.5359 94.186 0
      vertex 50.9641 94.186 0
      vertex 52.75 97.279 0
    endloop
  endfacet
  facet normal 0 0 -1
    outer loop
      vertex 50.9641 94.186 0
      vertex 49.2859 99.279 0
      vertex 52.75 97.279 0
    endloop
  endfacet
  facet normal 0 0 -1
    outer loop
      vertex 45.7141 99.279 0
      vertex 49.2859 99.279 0
      vertex 47.5 96.186 0
    endloop
  endfacet
  facet normal 0 0 -1
    outer loop
      vertex 47.5 96.186 0
      vertex 49.2859 99.279 0
      vertex 50.9641 94.186 0
    endloop
  endfacet
  facet normal 0 0 -1
    outer loop
      vertex 54.5359 112.372 0
      vertex 50.9641 112.372 0
      vertex 52.75 115.465 0
    endloop
  endfacet
  facet normal 0 0 -1
    outer loop
      vertex 50.9641 112.372 0
      vertex 49.2859 117.465 0
      vertex 52.75 115.465 0
    endloop
  endfacet
  facet normal 0 0 -1
    outer loop
      vertex 45.7141 117.465 0
      vertex 49.2859 117.465 0
      vertex 47.5 114.372 0
    endloop
  endfacet
  facet normal 0 0 -1
    outer loop
      vertex 47.5 114.372 0
      vertex 49.2859 117.465 0
      vertex 50.9641 112.372 0
    endloop
  endfacet
  facet normal 0 0 -1
    outer loop
      vertex 54.5359 130.558 0
      vertex 50.9641 130.558 0
      vertex 52.75 133.651 0
    endloop
  endfacet
  facet normal 0 0 -1
    outer loop
      vertex 50.9641 130.558 0
      vertex 49.2859 135.651 0
      vertex 52.75 133.651 0
    endloop
  endfacet
  facet normal 0 0 -1
    outer loop
      vertex 45.7141 135.651 0
      vertex 49.2859 135.651 0
      vertex 47.5 132.558 0
    endloop
  endfacet
  facet normal 0 0 -1
    outer loop
      vertex 47.5 132.558 0
      vertex 49.2859 135.651 0
      vertex 50.9641 130.558 0
    endloop
  endfacet
  facet normal 0 0 -1
    outer loop
      vertex 54.5359 130.558 0
      vertex 56.2141 135.651 0
      vertex 58 132.558 0
    endloop
  endfacet
  facet normal 0 0 -1
    outer loop
      vertex 54.5359 130.558 0
      vertex 52.75 133.651 0
      vertex 56.2141 135.651 0
    endloop
  endfacet
  facet normal 0 0 -1
    outer loop
      vertex 54.5359 126.558 0
      vertex 50.9641 126.558 0
      vertex 54.5359 130.558 0
    endloop
  endfacet
  facet normal 0 0 -1
    outer loop
      vertex 50.9641 130.558 0
      vertex 54.5359 130.558 0
      vertex 50.9641 126.558 0
    endloop
  endfacet
  facet normal 0 0 -1
    outer loop
      vertex 49.2859 121.465 0
      vertex 50.9641 126.558 0
      vertex 52.75 123.465 0
    endloop
  endfacet
  facet normal 0 0 -1
    outer loop
      vertex 49.2859 121.465 0
      vertex 47.5 124.558 0
      vertex 50.9641 126.558 0
    endloop
  endfacet
  facet normal 0 0 -1
    outer loop
      vertex 49.2859 117.465 0
      vertex 45.7141 117.465 0
      vertex 49.2859 121.465 0
    endloop
  endfacet
  facet normal 0 0 -1
    outer loop
      vertex 45.7141 121.465 0
      vertex 49.2859 121.465 0
      vertex 45.7141 117.465 0
    endloop
  endfacet
  facet normal 0 0 -1
    outer loop
      vertex 44.0359 112.372 0
      vertex 45.7141 117.465 0
      vertex 47.5 114.372 0
    endloop
  endfacet
  facet normal 0 0 -1
    outer loop
      vertex 44.0359 112.372 0
      vertex 42.25 115.465 0
      vertex 45.7141 117.465 0
    endloop
  endfacet
  facet normal 0 0 -1
    outer loop
      vertex 44.0359 108.372 0
      vertex 40.4641 108.372 0
      vertex 44.0359 112.372 0
    endloop
  endfacet
  facet normal 0 0 -1
    outer loop
      vertex 40.4641 112.372 0
      vertex 44.0359 112.372 0
      vertex 40.4641 108.372 0
    endloop
  endfacet
  facet normal 0 0 -1
    outer loop
      vertex 38.7859 103.279 0
      vertex 40.4641 108.372 0
      vertex 42.25 105.279 0
    endloop
  endfacet
  facet normal 0 0 -1
    outer loop
      vertex 38.7859 103.279 0
      vertex 37 106.372 0
      vertex 40.4641 108.372 0
    endloop
  endfacet
  facet normal 0 0 -1
    outer loop
      vertex 38.7859 99.279 0
      vertex 35.2141 99.279 0
      vertex 38.7859 103.279 0
    endloop
  endfacet
  facet normal 0 0 -1
    outer loop
      vertex 35.2141 103.279 0
      vertex 38.7859 103.279 0
      vertex 35.2141 99.279 0
    endloop
  endfacet
  facet normal 0 0 -1
    outer loop
      vertex 33.5359 94.186 0
      vertex 35.2141 99.279 0
      vertex 37 96.186 0
    endloop
  endfacet
  facet normal 0 0 -1
    outer loop
      vertex 33.5359 94.186 0
      vertex 31.75 97.279 0
      vertex 35.2141 99.279 0
    endloop
  endfacet
  facet normal 0 0 -1
    outer loop
      vertex 33.5359 90.186 0
      vertex 29.9641 90.186 0
      vertex 33.5359 94.186 0
    endloop
  endfacet
  facet normal 0 0 -1
    outer loop
      vertex 29.9641 94.186 0
      vertex 33.5359 94.186 0
      vertex 29.9641 90.186 0
    endloop
  endfacet
  facet normal 0 0 -1
    outer loop
      vertex 28.2859 85.093 0
      vertex 29.9641 90.186 0
      vertex 31.75 87.093 0
    endloop
  endfacet
  facet normal 0 0 -1
    outer loop
      vertex 28.2859 85.093 0
      vertex 26.5 88.186 0
      vertex 29.9641 90.186 0
    endloop
  endfacet
  facet normal 0 0 -1
    outer loop
      vertex 28.2859 81.093 0
      vertex 24.7141 81.093 0
      vertex 28.2859 85.093 0
    endloop
  endfacet
  facet normal 0 0 -1
    outer loop
      vertex 24.7141 85.093 0
      vertex 28.2859 85.093 0
      vertex 24.7141 81.093 0
    endloop
  endfacet
  facet normal 0 0 -1
    outer loop
      vertex 23.0359 76 0
      vertex 24.7141 81.093 0
      vertex 26.5 78 0
    endloop
  endfacet
  facet normal 0 0 -1
    outer loop
      vertex 23.0359 76 0
      vertex 21.25 79.093 0
      vertex 24.7141 81.093 0
    endloop
  endfacet
  facet normal 0 0 -1
    outer loop
      vertex 23.0359 72 0
      vertex 19.4641 72 0
      vertex 23.0359 76 0
    endloop
  endfacet
  facet normal 0 0 -1
    outer loop
      vertex 19.4641 76 0
      vertex 23.0359 76 0
      vertex 19.4641 72 0
    endloop
  endfacet
  facet normal 0 0 -1
    outer loop
      vertex 17.7859 66.907 0
      vertex 19.4641 72 0
      vertex 21.25 68.907 0
    endloop
  endfacet
  facet normal 0 0 -1
    outer loop
      vertex 17.7859 66.907 0
      vertex 16 70 0
      vertex 19.4641 72 0
    endloop
  endfacet
  facet normal 0 0 -1
    outer loop
      vertex 17.7859 62.907 0
      vertex 14.2141 62.907 0
      vertex 17.7859 66.907 0
    endloop
  endfacet
  facet normal 0 0 -1
    outer loop
      vertex 14.2141 66.907 0
      vertex 17.7859 66.907 0
      vertex 14.2141 62.907 0
    endloop
  endfacet
  facet normal 0 0 -1
    outer loop
      vertex 14 62.7834 0
      vertex 16 59.814 0
      vertex 14 58.6593 0
    endloop
  endfacet
  facet normal 0 0 -1
    outer loop
      vertex 16 59.814 0
      vertex 14 62.7834 0
      vertex 14.2141 62.907 0
    endloop
  endfacet
  facet normal 0 0 -1
    outer loop
      vertex 59.7859 30.535 0
      vertex 56.2141 30.535 0
      vertex 58 33.628 0
    endloop
  endfacet
  facet normal 0 0 -1
    outer loop
      vertex 56.2141 30.535 0
      vertex 54.5359 35.628 0
      vertex 58 33.628 0
    endloop
  endfacet
  facet normal 0 0 -1
    outer loop
      vertex 50.9641 35.628 0
      vertex 54.5359 35.628 0
      vertex 52.75 32.535 0
    endloop
  endfacet
  facet normal 0 0 -1
    outer loop
      vertex 52.75 32.535 0
      vertex 54.5359 35.628 0
      vertex 56.2141 30.535 0
    endloop
  endfacet
  facet normal 0 0 -1
    outer loop
      vertex 59.7859 48.721 0
      vertex 56.2141 48.721 0
      vertex 58 51.814 0
    endloop
  endfacet
  facet normal 0 0 -1
    outer loop
      vertex 56.2141 48.721 0
      vertex 54.5359 53.814 0
      vertex 58 51.814 0
    endloop
  endfacet
  facet normal 0 0 -1
    outer loop
      vertex 50.9641 53.814 0
      vertex 54.5359 53.814 0
      vertex 52.75 50.721 0
    endloop
  endfacet
  facet normal 0 0 -1
    outer loop
      vertex 52.75 50.721 0
      vertex 54.5359 53.814 0
      vertex 56.2141 48.721 0
    endloop
  endfacet
  facet normal 0 0 -1
    outer loop
      vertex 59.7859 66.907 0
      vertex 56.2141 66.907 0
      vertex 58 70 0
    endloop
  endfacet
  facet normal 0 0 -1
    outer loop
      vertex 56.2141 66.907 0
      vertex 54.5359 72 0
      vertex 58 70 0
    endloop
  endfacet
  facet normal 0 0 -1
    outer loop
      vertex 50.9641 72 0
      vertex 54.5359 72 0
      vertex 52.75 68.907 0
    endloop
  endfacet
  facet normal 0 0 -1
    outer loop
      vertex 52.75 68.907 0
      vertex 54.5359 72 0
      vertex 56.2141 66.907 0
    endloop
  endfacet
  facet normal 0 0 -1
    outer loop
      vertex 59.7859 85.093 0
      vertex 56.2141 85.093 0
      vertex 58 88.186 0
    endloop
  endfacet
  facet normal 0 0 -1
    outer loop
      vertex 56.2141 85.093 0
      vertex 54.5359 90.186 0
      vertex 58 88.186 0
    endloop
  endfacet
  facet normal 0 0 -1
    outer loop
      vertex 50.9641 90.186 0
      vertex 54.5359 90.186 0
      vertex 52.75 87.093 0
    endloop
  endfacet
  facet normal 0 0 -1
    outer loop
      vertex 52.75 87.093 0
      vertex 54.5359 90.186 0
      vertex 56.2141 85.093 0
    endloop
  endfacet
  facet normal 0 0 -1
    outer loop
      vertex 59.7859 103.279 0
      vertex 56.2141 103.279 0
      vertex 58 106.372 0
    endloop
  endfacet
  facet normal 0 0 -1
    outer loop
      vertex 56.2141 103.279 0
      vertex 54.5359 108.372 0
      vertex 58 106.372 0
    endloop
  endfacet
  facet normal 0 0 -1
    outer loop
      vertex 50.9641 108.372 0
      vertex 54.5359 108.372 0
      vertex 52.75 105.279 0
    endloop
  endfacet
  facet normal 0 0 -1
    outer loop
      vertex 52.75 105.279 0
      vertex 54.5359 108.372 0
      vertex 56.2141 103.279 0
    endloop
  endfacet
  facet normal 0 0 -1
    outer loop
      vertex 59.7859 121.465 0
      vertex 56.2141 121.465 0
      vertex 58 124.558 0
    endloop
  endfacet
  facet normal 0 0 -1
    outer loop
      vertex 56.2141 121.465 0
      vertex 54.5359 126.558 0
      vertex 58 124.558 0
    endloop
  endfacet
  facet normal 0 0 -1
    outer loop
      vertex 50.9641 126.558 0
      vertex 54.5359 126.558 0
      vertex 52.75 123.465 0
    endloop
  endfacet
  facet normal 0 0 -1
    outer loop
      vertex 52.75 123.465 0
      vertex 54.5359 126.558 0
      vertex 56.2141 121.465 0
    endloop
  endfacet
  facet normal 0 0 -1
    outer loop
      vertex 65.0359 39.628 0
      vertex 61.4641 39.628 0
      vertex 63.25 42.721 0
    endloop
  endfacet
  facet normal 0 0 -1
    outer loop
      vertex 61.4641 39.628 0
      vertex 59.7859 44.721 0
      vertex 63.25 42.721 0
    endloop
  endfacet
  facet normal 0 0 -1
    outer loop
      vertex 56.2141 44.721 0
      vertex 59.7859 44.721 0
      vertex 58 41.628 0
    endloop
  endfacet
  facet normal 0 0 -1
    outer loop
      vertex 58 41.628 0
      vertex 59.7859 44.721 0
      vertex 61.4641 39.628 0
    endloop
  endfacet
  facet normal 0 0 -1
    outer loop
      vertex 65.0359 57.814 0
      vertex 61.4641 57.814 0
      vertex 63.25 60.907 0
    endloop
  endfacet
  facet normal 0 0 -1
    outer loop
      vertex 61.4641 57.814 0
      vertex 59.7859 62.907 0
      vertex 63.25 60.907 0
    endloop
  endfacet
  facet normal 0 0 -1
    outer loop
      vertex 56.2141 62.907 0
      vertex 59.7859 62.907 0
      vertex 58 59.814 0
    endloop
  endfacet
  facet normal 0 0 -1
    outer loop
      vertex 58 59.814 0
      vertex 59.7859 62.907 0
      vertex 61.4641 57.814 0
    endloop
  endfacet
  facet normal 0 0 -1
    outer loop
      vertex 65.0359 76 0
      vertex 61.4641 76 0
      vertex 63.25 79.093 0
    endloop
  endfacet
  facet normal 0 0 -1
    outer loop
      vertex 61.4641 76 0
      vertex 59.7859 81.093 0
      vertex 63.25 79.093 0
    endloop
  endfacet
  facet normal 0 0 -1
    outer loop
      vertex 56.2141 81.093 0
      vertex 59.7859 81.093 0
      vertex 58 78 0
    endloop
  endfacet
  facet normal 0 0 -1
    outer loop
      vertex 58 78 0
      vertex 59.7859 81.093 0
      vertex 61.4641 76 0
    endloop
  endfacet
  facet normal 0 0 -1
    outer loop
      vertex 65.0359 94.186 0
      vertex 61.4641 94.186 0
      vertex 63.25 97.279 0
    endloop
  endfacet
  facet normal 0 0 -1
    outer loop
      vertex 61.4641 94.186 0
      vertex 59.7859 99.279 0
      vertex 63.25 97.279 0
    endloop
  endfacet
  facet normal 0 0 -1
    outer loop
      vertex 56.2141 99.279 0
      vertex 59.7859 99.279 0
      vertex 58 96.186 0
    endloop
  endfacet
  facet normal 0 0 -1
    outer loop
      vertex 58 96.186 0
      vertex 59.7859 99.279 0
      vertex 61.4641 94.186 0
    endloop
  endfacet
  facet normal 0 0 -1
    outer loop
      vertex 65.0359 112.372 0
      vertex 61.4641 112.372 0
      vertex 63.25 115.465 0
    endloop
  endfacet
  facet normal 0 0 -1
    outer loop
      vertex 61.4641 112.372 0
      vertex 59.7859 117.465 0
      vertex 63.25 115.465 0
    endloop
  endfacet
  facet normal 0 0 -1
    outer loop
      vertex 56.2141 117.465 0
      vertex 59.7859 117.465 0
      vertex 58 114.372 0
    endloop
  endfacet
  facet normal 0 0 -1
    outer loop
      vertex 58 114.372 0
      vertex 59.7859 117.465 0
      vertex 61.4641 112.372 0
    endloop
  endfacet
  facet normal 0 0 -1
    outer loop
      vertex 65.0359 130.558 0
      vertex 61.4641 130.558 0
      vertex 63.25 133.651 0
    endloop
  endfacet
  facet normal 0 0 -1
    outer loop
      vertex 61.4641 130.558 0
      vertex 59.7859 135.651 0
      vertex 63.25 133.651 0
    endloop
  endfacet
  facet normal 0 0 -1
    outer loop
      vertex 56.2141 135.651 0
      vertex 59.7859 135.651 0
      vertex 58 132.558 0
    endloop
  endfacet
  facet normal 0 0 -1
    outer loop
      vertex 58 132.558 0
      vertex 59.7859 135.651 0
      vertex 61.4641 130.558 0
    endloop
  endfacet
  facet normal 0 0 -1
    outer loop
      vertex 65.0359 130.558 0
      vertex 66.7141 135.651 0
      vertex 68.5 132.558 0
    endloop
  endfacet
  facet normal 0 0 -1
    outer loop
      vertex 65.0359 130.558 0
      vertex 63.25 133.651 0
      vertex 66.7141 135.651 0
    endloop
  endfacet
  facet normal 0 0 -1
    outer loop
      vertex 65.0359 126.558 0
      vertex 61.4641 126.558 0
      vertex 65.0359 130.558 0
    endloop
  endfacet
  facet normal 0 0 -1
    outer loop
      vertex 61.4641 130.558 0
      vertex 65.0359 130.558 0
      vertex 61.4641 126.558 0
    endloop
  endfacet
  facet normal 0 0 -1
    outer loop
      vertex 59.7859 121.465 0
      vertex 61.4641 126.558 0
      vertex 63.25 123.465 0
    endloop
  endfacet
  facet normal 0 0 -1
    outer loop
      vertex 59.7859 121.465 0
      vertex 58 124.558 0
      vertex 61.4641 126.558 0
    endloop
  endfacet
  facet normal 0 0 -1
    outer loop
      vertex 59.7859 117.465 0
      vertex 56.2141 117.465 0
      vertex 59.7859 121.465 0
    endloop
  endfacet
  facet normal 0 0 -1
    outer loop
      vertex 56.2141 121.465 0
      vertex 59.7859 121.465 0
      vertex 56.2141 117.465 0
    endloop
  endfacet
  facet normal 0 0 -1
    outer loop
      vertex 54.5359 112.372 0
      vertex 56.2141 117.465 0
      vertex 58 114.372 0
    endloop
  endfacet
  facet normal 0 0 -1
    outer loop
      vertex 54.5359 112.372 0
      vertex 52.75 115.465 0
      vertex 56.2141 117.465 0
    endloop
  endfacet
  facet normal 0 0 -1
    outer loop
      vertex 54.5359 108.372 0
      vertex 50.9641 108.372 0
      vertex 54.5359 112.372 0
    endloop
  endfacet
  facet normal 0 0 -1
    outer loop
      vertex 50.9641 112.372 0
      vertex 54.5359 112.372 0
      vertex 50.9641 108.372 0
    endloop
  endfacet
  facet normal 0 0 -1
    outer loop
      vertex 49.2859 103.279 0
      vertex 50.9641 108.372 0
      vertex 52.75 105.279 0
    endloop
  endfacet
  facet normal 0 0 -1
    outer loop
      vertex 49.2859 103.279 0
      vertex 47.5 106.372 0
      vertex 50.9641 108.372 0
    endloop
  endfacet
  facet normal 0 0 -1
    outer loop
      vertex 49.2859 99.279 0
      vertex 45.7141 99.279 0
      vertex 49.2859 103.279 0
    endloop
  endfacet
  facet normal 0 0 -1
    outer loop
      vertex 45.7141 103.279 0
      vertex 49.2859 103.279 0
      vertex 45.7141 99.279 0
    endloop
  endfacet
  facet normal 0 0 -1
    outer loop
      vertex 44.0359 94.186 0
      vertex 45.7141 99.279 0
      vertex 47.5 96.186 0
    endloop
  endfacet
  facet normal 0 0 -1
    outer loop
      vertex 44.0359 94.186 0
      vertex 42.25 97.279 0
      vertex 45.7141 99.279 0
    endloop
  endfacet
  facet normal 0 0 -1
    outer loop
      vertex 44.0359 90.186 0
      vertex 40.4641 90.186 0
      vertex 44.0359 94.186 0
    endloop
  endfacet
  facet normal 0 0 -1
    outer loop
      vertex 40.4641 94.186 0
      vertex 44.0359 94.186 0
      vertex 40.4641 90.186 0
    endloop
  endfacet
  facet normal 0 0 -1
    outer loop
      vertex 38.7859 85.093 0
      vertex 40.4641 90.186 0
      vertex 42.25 87.093 0
    endloop
  endfacet
  facet normal 0 0 -1
    outer loop
      vertex 38.7859 85.093 0
      vertex 37 88.186 0
      vertex 40.4641 90.186 0
    endloop
  endfacet
  facet normal 0 0 -1
    outer loop
      vertex 38.7859 81.093 0
      vertex 35.2141 81.093 0
      vertex 38.7859 85.093 0
    endloop
  endfacet
  facet normal 0 0 -1
    outer loop
      vertex 35.2141 85.093 0
      vertex 38.7859 85.093 0
      vertex 35.2141 81.093 0
    endloop
  endfacet
  facet normal 0 0 -1
    outer loop
      vertex 33.5359 76 0
      vertex 35.2141 81.093 0
      vertex 37 78 0
    endloop
  endfacet
  facet normal 0 0 -1
    outer loop
      vertex 33.5359 76 0
      vertex 31.75 79.093 0
      vertex 35.2141 81.093 0
    endloop
  endfacet
  facet normal 0 0 -1
    outer loop
      vertex 33.5359 72 0
      vertex 29.9641 72 0
      vertex 33.5359 76 0
    endloop
  endfacet
  facet normal 0 0 -1
    outer loop
      vertex 29.9641 76 0
      vertex 33.5359 76 0
      vertex 29.9641 72 0
    endloop
  endfacet
  facet normal 0 0 -1
    outer loop
      vertex 28.2859 66.907 0
      vertex 29.9641 72 0
      vertex 31.75 68.907 0
    endloop
  endfacet
  facet normal 0 0 -1
    outer loop
      vertex 28.2859 66.907 0
      vertex 26.5 70 0
      vertex 29.9641 72 0
    endloop
  endfacet
  facet normal 0 0 -1
    outer loop
      vertex 28.2859 62.907 0
      vertex 24.7141 62.907 0
      vertex 28.2859 66.907 0
    endloop
  endfacet
  facet normal 0 0 -1
    outer loop
      vertex 24.7141 66.907 0
      vertex 28.2859 66.907 0
      vertex 24.7141 62.907 0
    endloop
  endfacet
  facet normal 0 0 -1
    outer loop
      vertex 23.0359 57.814 0
      vertex 24.7141 62.907 0
      vertex 26.5 59.814 0
    endloop
  endfacet
  facet normal 0 0 -1
    outer loop
      vertex 23.0359 57.814 0
      vertex 21.25 60.907 0
      vertex 24.7141 62.907 0
    endloop
  endfacet
  facet normal 0 0 -1
    outer loop
      vertex 23.0359 53.814 0
      vertex 19.4641 53.814 0
      vertex 23.0359 57.814 0
    endloop
  endfacet
  facet normal 0 0 -1
    outer loop
      vertex 19.4641 57.814 0
      vertex 23.0359 57.814 0
      vertex 19.4641 53.814 0
    endloop
  endfacet
  facet normal 0 0 -1
    outer loop
      vertex 17.7859 48.721 0
      vertex 19.4641 53.814 0
      vertex 21.25 50.721 0
    endloop
  endfacet
  facet normal 0 0 -1
    outer loop
      vertex 17.7859 48.721 0
      vertex 16 51.814 0
      vertex 19.4641 53.814 0
    endloop
  endfacet
  facet normal 0 0 -1
    outer loop
      vertex 17.7859 44.721 0
      vertex 14.2141 44.721 0
      vertex 17.7859 48.721 0
    endloop
  endfacet
  facet normal 0 0 -1
    outer loop
      vertex 14.2141 48.721 0
      vertex 17.7859 48.721 0
      vertex 14.2141 44.721 0
    endloop
  endfacet
  facet normal 0 0 -1
    outer loop
      vertex 14 44.5974 0
      vertex 16 41.628 0
      vertex 14 40.4733 0
    endloop
  endfacet
  facet normal 0 0 -1
    outer loop
      vertex 16 41.628 0
      vertex 14 44.5974 0
      vertex 14.2141 44.721 0
    endloop
  endfacet
  facet normal 0 0 -1
    outer loop
      vertex 70.2859 30.535 0
      vertex 66.7141 30.535 0
      vertex 68.5 33.628 0
    endloop
  endfacet
  facet normal 0 0 -1
    outer loop
      vertex 66.7141 30.535 0
      vertex 65.0359 35.628 0
      vertex 68.5 33.628 0
    endloop
  endfacet
  facet normal 0 0 -1
    outer loop
      vertex 61.4641 35.628 0
      vertex 65.0359 35.628 0
      vertex 63.25 32.535 0
    endloop
  endfacet
  facet normal 0 0 -1
    outer loop
      vertex 63.25 32.535 0
      vertex 65.0359 35.628 0
      vertex 66.7141 30.535 0
    endloop
  endfacet
  facet normal 0 0 -1
    outer loop
      vertex 70.2859 48.721 0
      vertex 66.7141 48.721 0
      vertex 68.5 51.814 0
    endloop
  endfacet
  facet normal 0 0 -1
    outer loop
      vertex 66.7141 48.721 0
      vertex 65.0359 53.814 0
      vertex 68.5 51.814 0
    endloop
  endfacet
  facet normal 0 0 -1
    outer loop
      vertex 61.4641 53.814 0
      vertex 65.0359 53.814 0
      vertex 63.25 50.721 0
    endloop
  endfacet
  facet normal 0 0 -1
    outer loop
      vertex 63.25 50.721 0
      vertex 65.0359 53.814 0
      vertex 66.7141 48.721 0
    endloop
  endfacet
  facet normal 0 0 -1
    outer loop
      vertex 70.2859 66.907 0
      vertex 66.7141 66.907 0
      vertex 68.5 70 0
    endloop
  endfacet
  facet normal 0 0 -1
    outer loop
      vertex 66.7141 66.907 0
      vertex 65.0359 72 0
      vertex 68.5 70 0
    endloop
  endfacet
  facet normal 0 0 -1
    outer loop
      vertex 61.4641 72 0
      vertex 65.0359 72 0
      vertex 63.25 68.907 0
    endloop
  endfacet
  facet normal 0 0 -1
    outer loop
      vertex 63.25 68.907 0
      vertex 65.0359 72 0
      vertex 66.7141 66.907 0
    endloop
  endfacet
  facet normal 0 0 -1
    outer loop
      vertex 70.2859 85.093 0
      vertex 66.7141 85.093 0
      vertex 68.5 88.186 0
    endloop
  endfacet
  facet normal 0 0 -1
    outer loop
      vertex 66.7141 85.093 0
      vertex 65.0359 90.186 0
      vertex 68.5 88.186 0
    endloop
  endfacet
  facet normal 0 0 -1
    outer loop
      vertex 61.4641 90.186 0
      vertex 65.0359 90.186 0
      vertex 63.25 87.093 0
    endloop
  endfacet
  facet normal 0 0 -1
    outer loop
      vertex 63.25 87.093 0
      vertex 65.0359 90.186 0
      vertex 66.7141 85.093 0
    endloop
  endfacet
  facet normal 0 0 -1
    outer loop
      vertex 70.2859 103.279 0
      vertex 66.7141 103.279 0
      vertex 68.5 106.372 0
    endloop
  endfacet
  facet normal 0 0 -1
    outer loop
      vertex 66.7141 103.279 0
      vertex 65.0359 108.372 0
      vertex 68.5 106.372 0
    endloop
  endfacet
  facet normal 0 0 -1
    outer loop
      vertex 61.4641 108.372 0
      vertex 65.0359 108.372 0
      vertex 63.25 105.279 0
    endloop
  endfacet
  facet normal 0 0 -1
    outer loop
      vertex 63.25 105.279 0
      vertex 65.0359 108.372 0
      vertex 66.7141 103.279 0
    endloop
  endfacet
  facet normal 0 0 -1
    outer loop
      vertex 70.2859 121.465 0
      vertex 66.7141 121.465 0
      vertex 68.5 124.558 0
    endloop
  endfacet
  facet normal 0 0 -1
    outer loop
      vertex 66.7141 121.465 0
      vertex 65.0359 126.558 0
      vertex 68.5 124.558 0
    endloop
  endfacet
  facet normal 0 0 -1
    outer loop
      vertex 61.4641 126.558 0
      vertex 65.0359 126.558 0
      vertex 63.25 123.465 0
    endloop
  endfacet
  facet normal 0 0 -1
    outer loop
      vertex 63.25 123.465 0
      vertex 65.0359 126.558 0
      vertex 66.7141 121.465 0
    endloop
  endfacet
  facet normal 0 0 -1
    outer loop
      vertex 75.5359 39.628 0
      vertex 71.9641 39.628 0
      vertex 73.75 42.721 0
    endloop
  endfacet
  facet normal 0 0 -1
    outer loop
      vertex 71.9641 39.628 0
      vertex 70.2859 44.721 0
      vertex 73.75 42.721 0
    endloop
  endfacet
  facet normal 0 0 -1
    outer loop
      vertex 66.7141 44.721 0
      vertex 70.2859 44.721 0
      vertex 68.5 41.628 0
    endloop
  endfacet
  facet normal 0 0 -1
    outer loop
      vertex 68.5 41.628 0
      vertex 70.2859 44.721 0
      vertex 71.9641 39.628 0
    endloop
  endfacet
  facet normal 0 0 -1
    outer loop
      vertex 75.5359 57.814 0
      vertex 71.9641 57.814 0
      vertex 73.75 60.907 0
    endloop
  endfacet
  facet normal 0 0 -1
    outer loop
      vertex 71.9641 57.814 0
      vertex 70.2859 62.907 0
      vertex 73.75 60.907 0
    endloop
  endfacet
  facet normal 0 0 -1
    outer loop
      vertex 66.7141 62.907 0
      vertex 70.2859 62.907 0
      vertex 68.5 59.814 0
    endloop
  endfacet
  facet normal 0 0 -1
    outer loop
      vertex 68.5 59.814 0
      vertex 70.2859 62.907 0
      vertex 71.9641 57.814 0
    endloop
  endfacet
  facet normal 0 0 -1
    outer loop
      vertex 75.5359 76 0
      vertex 71.9641 76 0
      vertex 73.75 79.093 0
    endloop
  endfacet
  facet normal 0 0 -1
    outer loop
      vertex 71.9641 76 0
      vertex 70.2859 81.093 0
      vertex 73.75 79.093 0
    endloop
  endfacet
  facet normal 0 0 -1
    outer loop
      vertex 66.7141 81.093 0
      vertex 70.2859 81.093 0
      vertex 68.5 78 0
    endloop
  endfacet
  facet normal 0 0 -1
    outer loop
      vertex 68.5 78 0
      vertex 70.2859 81.093 0
      vertex 71.9641 76 0
    endloop
  endfacet
  facet normal 0 0 -1
    outer loop
      vertex 75.5359 94.186 0
      vertex 71.9641 94.186 0
      vertex 73.75 97.279 0
    endloop
  endfacet
  facet normal 0 0 -1
    outer loop
      vertex 71.9641 94.186 0
      vertex 70.2859 99.279 0
      vertex 73.75 97.279 0
    endloop
  endfacet
  facet normal 0 0 -1
    outer loop
      vertex 66.7141 99.279 0
      vertex 70.2859 99.279 0
      vertex 68.5 96.186 0
    endloop
  endfacet
  facet normal 0 0 -1
    outer loop
      vertex 68.5 96.186 0
      vertex 70.2859 99.279 0
      vertex 71.9641 94.186 0
    endloop
  endfacet
  facet normal 0 0 -1
    outer loop
      vertex 75.5359 112.372 0
      vertex 71.9641 112.372 0
      vertex 73.75 115.465 0
    endloop
  endfacet
  facet normal 0 0 -1
    outer loop
      vertex 71.9641 112.372 0
      vertex 70.2859 117.465 0
      vertex 73.75 115.465 0
    endloop
  endfacet
  facet normal 0 0 -1
    outer loop
      vertex 66.7141 117.465 0
      vertex 70.2859 117.465 0
      vertex 68.5 114.372 0
    endloop
  endfacet
  facet normal 0 0 -1
    outer loop
      vertex 68.5 114.372 0
      vertex 70.2859 117.465 0
      vertex 71.9641 112.372 0
    endloop
  endfacet
  facet normal 0 0 -1
    outer loop
      vertex 75.5359 130.558 0
      vertex 71.9641 130.558 0
      vertex 73.75 133.651 0
    endloop
  endfacet
  facet normal 0 0 -1
    outer loop
      vertex 71.9641 130.558 0
      vertex 70.2859 135.651 0
      vertex 73.75 133.651 0
    endloop
  endfacet
  facet normal 0 0 -1
    outer loop
      vertex 66.7141 135.651 0
      vertex 70.2859 135.651 0
      vertex 68.5 132.558 0
    endloop
  endfacet
  facet normal 0 0 -1
    outer loop
      vertex 68.5 132.558 0
      vertex 70.2859 135.651 0
      vertex 71.9641 130.558 0
    endloop
  endfacet
  facet normal 0 0 -1
    outer loop
      vertex 75.5359 130.558 0
      vertex 77.2141 135.651 0
      vertex 79 132.558 0
    endloop
  endfacet
  facet normal 0 0 -1
    outer loop
      vertex 75.5359 130.558 0
      vertex 73.75 133.651 0
      vertex 77.2141 135.651 0
    endloop
  endfacet
  facet normal 0 0 -1
    outer loop
      vertex 75.5359 126.558 0
      vertex 71.9641 126.558 0
      vertex 75.5359 130.558 0
    endloop
  endfacet
  facet normal 0 0 -1
    outer loop
      vertex 71.9641 130.558 0
      vertex 75.5359 130.558 0
      vertex 71.9641 126.558 0
    endloop
  endfacet
  facet normal 0 0 -1
    outer loop
      vertex 70.2859 121.465 0
      vertex 71.9641 126.558 0
      vertex 73.75 123.465 0
    endloop
  endfacet
  facet normal 0 0 -1
    outer loop
      vertex 70.2859 121.465 0
      vertex 68.5 124.558 0
      vertex 71.9641 126.558 0
    endloop
  endfacet
  facet normal 0 0 -1
    outer loop
      vertex 70.2859 117.465 0
      vertex 66.7141 117.465 0
      vertex 70.2859 121.465 0
    endloop
  endfacet
  facet normal 0 0 -1
    outer loop
      vertex 66.7141 121.465 0
      vertex 70.2859 121.465 0
      vertex 66.7141 117.465 0
    endloop
  endfacet
  facet normal 0 0 -1
    outer loop
      vertex 65.0359 112.372 0
      vertex 66.7141 117.465 0
      vertex 68.5 114.372 0
    endloop
  endfacet
  facet normal 0 0 -1
    outer loop
      vertex 65.0359 112.372 0
      vertex 63.25 115.465 0
      vertex 66.7141 117.465 0
    endloop
  endfacet
  facet normal 0 0 -1
    outer loop
      vertex 65.0359 108.372 0
      vertex 61.4641 108.372 0
      vertex 65.0359 112.372 0
    endloop
  endfacet
  facet normal 0 0 -1
    outer loop
      vertex 61.4641 112.372 0
      vertex 65.0359 112.372 0
      vertex 61.4641 108.372 0
    endloop
  endfacet
  facet normal 0 0 -1
    outer loop
      vertex 59.7859 103.279 0
      vertex 61.4641 108.372 0
      vertex 63.25 105.279 0
    endloop
  endfacet
  facet normal 0 0 -1
    outer loop
      vertex 59.7859 103.279 0
      vertex 58 106.372 0
      vertex 61.4641 108.372 0
    endloop
  endfacet
  facet normal 0 0 -1
    outer loop
      vertex 59.7859 99.279 0
      vertex 56.2141 99.279 0
      vertex 59.7859 103.279 0
    endloop
  endfacet
  facet normal 0 0 -1
    outer loop
      vertex 56.2141 103.279 0
      vertex 59.7859 103.279 0
      vertex 56.2141 99.279 0
    endloop
  endfacet
  facet normal 0 0 -1
    outer loop
      vertex 54.5359 94.186 0
      vertex 56.2141 99.279 0
      vertex 58 96.186 0
    endloop
  endfacet
  facet normal 0 0 -1
    outer loop
      vertex 54.5359 94.186 0
      vertex 52.75 97.279 0
      vertex 56.2141 99.279 0
    endloop
  endfacet
  facet normal 0 0 -1
    outer loop
      vertex 54.5359 90.186 0
      vertex 50.9641 90.186 0
      vertex 54.5359 94.186 0
    endloop
  endfacet
  facet normal 0 0 -1
    outer loop
      vertex 50.9641 94.186 0
      vertex 54.5359 94.186 0
      vertex 50.9641 90.186 0
    endloop
  endfacet
  facet normal 0 0 -1
    outer loop
      vertex 49.2859 85.093 0
      vertex 50.9641 90.186 0
      vertex 52.75 87.093 0
    endloop
  endfacet
  facet normal 0 0 -1
    outer loop
      vertex 49.2859 85.093 0
      vertex 47.5 88.186 0
      vertex 50.9641 90.186 0
    endloop
  endfacet
  facet normal 0 0 -1
    outer loop
      vertex 49.2859 81.093 0
      vertex 45.7141 81.093 0
      vertex 49.2859 85.093 0
    endloop
  endfacet
  facet normal 0 0 -1
    outer loop
      vertex 45.7141 85.093 0
      vertex 49.2859 85.093 0
      vertex 45.7141 81.093 0
    endloop
  endfacet
  facet normal 0 0 -1
    outer loop
      vertex 44.0359 76 0
      vertex 45.7141 81.093 0
      vertex 47.5 78 0
    endloop
  endfacet
  facet normal 0 0 -1
    outer loop
      vertex 44.0359 76 0
      vertex 42.25 79.093 0
      vertex 45.7141 81.093 0
    endloop
  endfacet
  facet normal 0 0 -1
    outer loop
      vertex 44.0359 72 0
      vertex 40.4641 72 0
      vertex 44.0359 76 0
    endloop
  endfacet
  facet normal 0 0 -1
    outer loop
      vertex 40.4641 76 0
      vertex 44.0359 76 0
      vertex 40.4641 72 0
    endloop
  endfacet
  facet normal 0 0 -1
    outer loop
      vertex 38.7859 66.907 0
      vertex 40.4641 72 0
      vertex 42.25 68.907 0
    endloop
  endfacet
  facet normal 0 0 -1
    outer loop
      vertex 38.7859 66.907 0
      vertex 37 70 0
      vertex 40.4641 72 0
    endloop
  endfacet
  facet normal 0 0 -1
    outer loop
      vertex 38.7859 62.907 0
      vertex 35.2141 62.907 0
      vertex 38.7859 66.907 0
    endloop
  endfacet
  facet normal 0 0 -1
    outer loop
      vertex 35.2141 66.907 0
      vertex 38.7859 66.907 0
      vertex 35.2141 62.907 0
    endloop
  endfacet
  facet normal 0 0 -1
    outer loop
      vertex 33.5359 57.814 0
      vertex 35.2141 62.907 0
      vertex 37 59.814 0
    endloop
  endfacet
  facet normal 0 0 -1
    outer loop
      vertex 33.5359 57.814 0
      vertex 31.75 60.907 0
      vertex 35.2141 62.907 0
    endloop
  endfacet
  facet normal 0 0 -1
    outer loop
      vertex 33.5359 53.814 0
      vertex 29.9641 53.814 0
      vertex 33.5359 57.814 0
    endloop
  endfacet
  facet normal 0 0 -1
    outer loop
      vertex 29.9641 57.814 0
      vertex 33.5359 57.814 0
      vertex 29.9641 53.814 0
    endloop
  endfacet
  facet normal 0 0 -1
    outer loop
      vertex 28.2859 48.721 0
      vertex 29.9641 53.814 0
      vertex 31.75 50.721 0
    endloop
  endfacet
  facet normal 0 0 -1
    outer loop
      vertex 28.2859 48.721 0
      vertex 26.5 51.814 0
      vertex 29.9641 53.814 0
    endloop
  endfacet
  facet normal 0 0 -1
    outer loop
      vertex 28.2859 44.721 0
      vertex 24.7141 44.721 0
      vertex 28.2859 48.721 0
    endloop
  endfacet
  facet normal 0 0 -1
    outer loop
      vertex 24.7141 48.721 0
      vertex 28.2859 48.721 0
      vertex 24.7141 44.721 0
    endloop
  endfacet
  facet normal 0 0 -1
    outer loop
      vertex 23.0359 39.628 0
      vertex 24.7141 44.721 0
      vertex 26.5 41.628 0
    endloop
  endfacet
  facet normal 0 0 -1
    outer loop
      vertex 23.0359 39.628 0
      vertex 21.25 42.721 0
      vertex 24.7141 44.721 0
    endloop
  endfacet
  facet normal 0 0 -1
    outer loop
      vertex 23.0359 35.628 0
      vertex 19.4641 35.628 0
      vertex 23.0359 39.628 0
    endloop
  endfacet
  facet normal 0 0 -1
    outer loop
      vertex 19.4641 39.628 0
      vertex 23.0359 39.628 0
      vertex 19.4641 35.628 0
    endloop
  endfacet
  facet normal 0 0 -1
    outer loop
      vertex 17.7859 30.535 0
      vertex 19.4641 35.628 0
      vertex 21.25 32.535 0
    endloop
  endfacet
  facet normal 0 0 -1
    outer loop
      vertex 17.7859 30.535 0
      vertex 16 33.628 0
      vertex 19.4641 35.628 0
    endloop
  endfacet
  facet normal 0 0 -1
    outer loop
      vertex 17.7859 26.535 0
      vertex 14.2141 26.535 0
      vertex 17.7859 30.535 0
    endloop
  endfacet
  facet normal 0 0 -1
    outer loop
      vertex 14.2141 30.535 0
      vertex 17.7859 30.535 0
      vertex 14.2141 26.535 0
    endloop
  endfacet
  facet normal 0 0 -1
    outer loop
      vertex 14 26.4114 0
      vertex 16 23.442 0
      vertex 14 22.2873 0
    endloop
  endfacet
  facet normal 0 0 -1
    outer loop
      vertex 16 23.442 0
      vertex 14 26.4114 0
      vertex 14.2141 26.535 0
    endloop
  endfacet
  facet normal 0 0 -1
    outer loop
      vertex 80.7859 30.535 0
      vertex 77.2141 30.535 0
      vertex 79 33.628 0
    endloop
  endfacet
  facet normal 0 0 -1
    outer loop
      vertex 77.2141 30.535 0
      vertex 75.5359 35.628 0
      vertex 79 33.628 0
    endloop
  endfacet
  facet normal 0 0 -1
    outer loop
      vertex 71.9641 35.628 0
      vertex 75.5359 35.628 0
      vertex 73.75 32.535 0
    endloop
  endfacet
  facet normal 0 0 -1
    outer loop
      vertex 73.75 32.535 0
      vertex 75.5359 35.628 0
      vertex 77.2141 30.535 0
    endloop
  endfacet
  facet normal 0 0 -1
    outer loop
      vertex 80.7859 48.721 0
      vertex 77.2141 48.721 0
      vertex 79 51.814 0
    endloop
  endfacet
  facet normal 0 0 -1
    outer loop
      vertex 77.2141 48.721 0
      vertex 75.5359 53.814 0
      vertex 79 51.814 0
    endloop
  endfacet
  facet normal 0 0 -1
    outer loop
      vertex 71.9641 53.814 0
      vertex 75.5359 53.814 0
      vertex 73.75 50.721 0
    endloop
  endfacet
  facet normal 0 0 -1
    outer loop
      vertex 73.75 50.721 0
      vertex 75.5359 53.814 0
      vertex 77.2141 48.721 0
    endloop
  endfacet
  facet normal 0 0 -1
    outer loop
      vertex 80.7859 66.907 0
      vertex 77.2141 66.907 0
      vertex 79 70 0
    endloop
  endfacet
  facet normal 0 0 -1
    outer loop
      vertex 77.2141 66.907 0
      vertex 75.5359 72 0
      vertex 79 70 0
    endloop
  endfacet
  facet normal 0 0 -1
    outer loop
      vertex 71.9641 72 0
      vertex 75.5359 72 0
      vertex 73.75 68.907 0
    endloop
  endfacet
  facet normal 0 0 -1
    outer loop
      vertex 73.75 68.907 0
      vertex 75.5359 72 0
      vertex 77.2141 66.907 0
    endloop
  endfacet
  facet normal 0 0 -1
    outer loop
      vertex 80.7859 85.093 0
      vertex 77.2141 85.093 0
      vertex 79 88.186 0
    endloop
  endfacet
  facet normal 0 0 -1
    outer loop
      vertex 77.2141 85.093 0
      vertex 75.5359 90.186 0
      vertex 79 88.186 0
    endloop
  endfacet
  facet normal 0 0 -1
    outer loop
      vertex 71.9641 90.186 0
      vertex 75.5359 90.186 0
      vertex 73.75 87.093 0
    endloop
  endfacet
  facet normal 0 0 -1
    outer loop
      vertex 73.75 87.093 0
      vertex 75.5359 90.186 0
      vertex 77.2141 85.093 0
    endloop
  endfacet
  facet normal 0 0 -1
    outer loop
      vertex 80.7859 103.279 0
      vertex 77.2141 103.279 0
      vertex 79 106.372 0
    endloop
  endfacet
  facet normal 0 0 -1
    outer loop
      vertex 77.2141 103.279 0
      vertex 75.5359 108.372 0
      vertex 79 106.372 0
    endloop
  endfacet
  facet normal 0 0 -1
    outer loop
      vertex 71.9641 108.372 0
      vertex 75.5359 108.372 0
      vertex 73.75 105.279 0
    endloop
  endfacet
  facet normal 0 0 -1
    outer loop
      vertex 73.75 105.279 0
      vertex 75.5359 108.372 0
      vertex 77.2141 103.279 0
    endloop
  endfacet
  facet normal 0 0 -1
    outer loop
      vertex 80.7859 121.465 0
      vertex 77.2141 121.465 0
      vertex 79 124.558 0
    endloop
  endfacet
  facet normal 0 0 -1
    outer loop
      vertex 77.2141 121.465 0
      vertex 75.5359 126.558 0
      vertex 79 124.558 0
    endloop
  endfacet
  facet normal 0 0 -1
    outer loop
      vertex 71.9641 126.558 0
      vertex 75.5359 126.558 0
      vertex 73.75 123.465 0
    endloop
  endfacet
  facet normal 0 0 -1
    outer loop
      vertex 73.75 123.465 0
      vertex 75.5359 126.558 0
      vertex 77.2141 121.465 0
    endloop
  endfacet
  facet normal 0 0 -1
    outer loop
      vertex 86.0359 39.628 0
      vertex 82.4641 39.628 0
      vertex 84.25 42.721 0
    endloop
  endfacet
  facet normal 0 0 -1
    outer loop
      vertex 82.4641 39.628 0
      vertex 80.7859 44.721 0
      vertex 84.25 42.721 0
    endloop
  endfacet
  facet normal 0 0 -1
    outer loop
      vertex 77.2141 44.721 0
      vertex 80.7859 44.721 0
      vertex 79 41.628 0
    endloop
  endfacet
  facet normal 0 0 -1
    outer loop
      vertex 79 41.628 0
      vertex 80.7859 44.721 0
      vertex 82.4641 39.628 0
    endloop
  endfacet
  facet normal 0 0 -1
    outer loop
      vertex 86.0359 57.814 0
      vertex 82.4641 57.814 0
      vertex 84.25 60.907 0
    endloop
  endfacet
  facet normal 0 0 -1
    outer loop
      vertex 82.4641 57.814 0
      vertex 80.7859 62.907 0
      vertex 84.25 60.907 0
    endloop
  endfacet
  facet normal 0 0 -1
    outer loop
      vertex 77.2141 62.907 0
      vertex 80.7859 62.907 0
      vertex 79 59.814 0
    endloop
  endfacet
  facet normal 0 0 -1
    outer loop
      vertex 79 59.814 0
      vertex 80.7859 62.907 0
      vertex 82.4641 57.814 0
    endloop
  endfacet
  facet normal 0 0 -1
    outer loop
      vertex 86.0359 76 0
      vertex 82.4641 76 0
      vertex 84.25 79.093 0
    endloop
  endfacet
  facet normal 0 0 -1
    outer loop
      vertex 82.4641 76 0
      vertex 80.7859 81.093 0
      vertex 84.25 79.093 0
    endloop
  endfacet
  facet normal 0 0 -1
    outer loop
      vertex 77.2141 81.093 0
      vertex 80.7859 81.093 0
      vertex 79 78 0
    endloop
  endfacet
  facet normal 0 0 -1
    outer loop
      vertex 79 78 0
      vertex 80.7859 81.093 0
      vertex 82.4641 76 0
    endloop
  endfacet
  facet normal 0 0 -1
    outer loop
      vertex 86.0359 94.186 0
      vertex 82.4641 94.186 0
      vertex 84.25 97.279 0
    endloop
  endfacet
  facet normal 0 0 -1
    outer loop
      vertex 82.4641 94.186 0
      vertex 80.7859 99.279 0
      vertex 84.25 97.279 0
    endloop
  endfacet
  facet normal 0 0 -1
    outer loop
      vertex 77.2141 99.279 0
      vertex 80.7859 99.279 0
      vertex 79 96.186 0
    endloop
  endfacet
  facet normal 0 0 -1
    outer loop
      vertex 79 96.186 0
      vertex 80.7859 99.279 0
      vertex 82.4641 94.186 0
    endloop
  endfacet
  facet normal 0 0 -1
    outer loop
      vertex 86.0359 112.372 0
      vertex 82.4641 112.372 0
      vertex 84.25 115.465 0
    endloop
  endfacet
  facet normal 0 0 -1
    outer loop
      vertex 82.4641 112.372 0
      vertex 80.7859 117.465 0
      vertex 84.25 115.465 0
    endloop
  endfacet
  facet normal 0 0 -1
    outer loop
      vertex 77.2141 117.465 0
      vertex 80.7859 117.465 0
      vertex 79 114.372 0
    endloop
  endfacet
  facet normal 0 0 -1
    outer loop
      vertex 79 114.372 0
      vertex 80.7859 117.465 0
      vertex 82.4641 112.372 0
    endloop
  endfacet
  facet normal 0 0 -1
    outer loop
      vertex 86.0359 130.558 0
      vertex 82.4641 130.558 0
      vertex 84.25 133.651 0
    endloop
  endfacet
  facet normal 0 0 -1
    outer loop
      vertex 82.4641 130.558 0
      vertex 80.7859 135.651 0
      vertex 84.25 133.651 0
    endloop
  endfacet
  facet normal 0 0 -1
    outer loop
      vertex 77.2141 135.651 0
      vertex 80.7859 135.651 0
      vertex 79 132.558 0
    endloop
  endfacet
  facet normal 0 0 -1
    outer loop
      vertex 79 132.558 0
      vertex 80.7859 135.651 0
      vertex 82.4641 130.558 0
    endloop
  endfacet
  facet normal 0 0 -1
    outer loop
      vertex 86.0359 130.558 0
      vertex 87.7141 135.651 0
      vertex 89.5 132.558 0
    endloop
  endfacet
  facet normal 0 0 -1
    outer loop
      vertex 86.0359 130.558 0
      vertex 84.25 133.651 0
      vertex 87.7141 135.651 0
    endloop
  endfacet
  facet normal 0 0 -1
    outer loop
      vertex 86.0359 126.558 0
      vertex 82.4641 126.558 0
      vertex 86.0359 130.558 0
    endloop
  endfacet
  facet normal 0 0 -1
    outer loop
      vertex 82.4641 130.558 0
      vertex 86.0359 130.558 0
      vertex 82.4641 126.558 0
    endloop
  endfacet
  facet normal 0 0 -1
    outer loop
      vertex 80.7859 121.465 0
      vertex 82.4641 126.558 0
      vertex 84.25 123.465 0
    endloop
  endfacet
  facet normal 0 0 -1
    outer loop
      vertex 80.7859 121.465 0
      vertex 79 124.558 0
      vertex 82.4641 126.558 0
    endloop
  endfacet
  facet normal 0 0 -1
    outer loop
      vertex 80.7859 117.465 0
      vertex 77.2141 117.465 0
      vertex 80.7859 121.465 0
    endloop
  endfacet
  facet normal 0 0 -1
    outer loop
      vertex 77.2141 121.465 0
      vertex 80.7859 121.465 0
      vertex 77.2141 117.465 0
    endloop
  endfacet
  facet normal 0 0 -1
    outer loop
      vertex 75.5359 112.372 0
      vertex 77.2141 117.465 0
      vertex 79 114.372 0
    endloop
  endfacet
  facet normal 0 0 -1
    outer loop
      vertex 75.5359 112.372 0
      vertex 73.75 115.465 0
      vertex 77.2141 117.465 0
    endloop
  endfacet
  facet normal 0 0 -1
    outer loop
      vertex 75.5359 108.372 0
      vertex 71.9641 108.372 0
      vertex 75.5359 112.372 0
    endloop
  endfacet
  facet normal 0 0 -1
    outer loop
      vertex 71.9641 112.372 0
      vertex 75.5359 112.372 0
      vertex 71.9641 108.372 0
    endloop
  endfacet
  facet normal 0 0 -1
    outer loop
      vertex 70.2859 103.279 0
      vertex 71.9641 108.372 0
      vertex 73.75 105.279 0
    endloop
  endfacet
  facet normal 0 0 -1
    outer loop
      vertex 70.2859 103.279 0
      vertex 68.5 106.372 0
      vertex 71.9641 108.372 0
    endloop
  endfacet
  facet normal 0 0 -1
    outer loop
      vertex 70.2859 99.279 0
      vertex 66.7141 99.279 0
      vertex 70.2859 103.279 0
    endloop
  endfacet
  facet normal 0 0 -1
    outer loop
      vertex 66.7141 103.279 0
      vertex 70.2859 103.279 0
      vertex 66.7141 99.279 0
    endloop
  endfacet
  facet normal 0 0 -1
    outer loop
      vertex 65.0359 94.186 0
      vertex 66.7141 99.279 0
      vertex 68.5 96.186 0
    endloop
  endfacet
  facet normal 0 0 -1
    outer loop
      vertex 65.0359 94.186 0
      vertex 63.25 97.279 0
      vertex 66.7141 99.279 0
    endloop
  endfacet
  facet normal 0 0 -1
    outer loop
      vertex 65.0359 90.186 0
      vertex 61.4641 90.186 0
      vertex 65.0359 94.186 0
    endloop
  endfacet
  facet normal 0 0 -1
    outer loop
      vertex 61.4641 94.186 0
      vertex 65.0359 94.186 0
      vertex 61.4641 90.186 0
    endloop
  endfacet
  facet normal 0 0 -1
    outer loop
      vertex 59.7859 85.093 0
      vertex 61.4641 90.186 0
      vertex 63.25 87.093 0
    endloop
  endfacet
  facet normal 0 0 -1
    outer loop
      vertex 59.7859 85.093 0
      vertex 58 88.186 0
      vertex 61.4641 90.186 0
    endloop
  endfacet
  facet normal 0 0 -1
    outer loop
      vertex 59.7859 81.093 0
      vertex 56.2141 81.093 0
      vertex 59.7859 85.093 0
    endloop
  endfacet
  facet normal 0 0 -1
    outer loop
      vertex 56.2141 85.093 0
      vertex 59.7859 85.093 0
      vertex 56.2141 81.093 0
    endloop
  endfacet
  facet normal 0 0 -1
    outer loop
      vertex 54.5359 76 0
      vertex 56.2141 81.093 0
      vertex 58 78 0
    endloop
  endfacet
  facet normal 0 0 -1
    outer loop
      vertex 54.5359 76 0
      vertex 52.75 79.093 0
      vertex 56.2141 81.093 0
    endloop
  endfacet
  facet normal 0 0 -1
    outer loop
      vertex 54.5359 72 0
      vertex 50.9641 72 0
      vertex 54.5359 76 0
    endloop
  endfacet
  facet normal 0 0 -1
    outer loop
      vertex 50.9641 76 0
      vertex 54.5359 76 0
      vertex 50.9641 72 0
    endloop
  endfacet
  facet normal 0 0 -1
    outer loop
      vertex 49.2859 66.907 0
      vertex 50.9641 72 0
      vertex 52.75 68.907 0
    endloop
  endfacet
  facet normal 0 0 -1
    outer loop
      vertex 49.2859 66.907 0
      vertex 47.5 70 0
      vertex 50.9641 72 0
    endloop
  endfacet
  facet normal 0 0 -1
    outer loop
      vertex 49.2859 62.907 0
      vertex 45.7141 62.907 0
      vertex 49.2859 66.907 0
    endloop
  endfacet
  facet normal 0 0 -1
    outer loop
      vertex 45.7141 66.907 0
      vertex 49.2859 66.907 0
      vertex 45.7141 62.907 0
    endloop
  endfacet
  facet normal 0 0 -1
    outer loop
      vertex 44.0359 57.814 0
      vertex 45.7141 62.907 0
      vertex 47.5 59.814 0
    endloop
  endfacet
  facet normal 0 0 -1
    outer loop
      vertex 44.0359 57.814 0
      vertex 42.25 60.907 0
      vertex 45.7141 62.907 0
    endloop
  endfacet
  facet normal 0 0 -1
    outer loop
      vertex 44.0359 53.814 0
      vertex 40.4641 53.814 0
      vertex 44.0359 57.814 0
    endloop
  endfacet
  facet normal 0 0 -1
    outer loop
      vertex 40.4641 57.814 0
      vertex 44.0359 57.814 0
      vertex 40.4641 53.814 0
    endloop
  endfacet
  facet normal 0 0 -1
    outer loop
      vertex 38.7859 48.721 0
      vertex 40.4641 53.814 0
      vertex 42.25 50.721 0
    endloop
  endfacet
  facet normal 0 0 -1
    outer loop
      vertex 38.7859 48.721 0
      vertex 37 51.814 0
      vertex 40.4641 53.814 0
    endloop
  endfacet
  facet normal 0 0 -1
    outer loop
      vertex 38.7859 44.721 0
      vertex 35.2141 44.721 0
      vertex 38.7859 48.721 0
    endloop
  endfacet
  facet normal 0 0 -1
    outer loop
      vertex 35.2141 48.721 0
      vertex 38.7859 48.721 0
      vertex 35.2141 44.721 0
    endloop
  endfacet
  facet normal 0 0 -1
    outer loop
      vertex 33.5359 39.628 0
      vertex 35.2141 44.721 0
      vertex 37 41.628 0
    endloop
  endfacet
  facet normal 0 0 -1
    outer loop
      vertex 33.5359 39.628 0
      vertex 31.75 42.721 0
      vertex 35.2141 44.721 0
    endloop
  endfacet
  facet normal 0 0 -1
    outer loop
      vertex 33.5359 35.628 0
      vertex 29.9641 35.628 0
      vertex 33.5359 39.628 0
    endloop
  endfacet
  facet normal 0 0 -1
    outer loop
      vertex 29.9641 39.628 0
      vertex 33.5359 39.628 0
      vertex 29.9641 35.628 0
    endloop
  endfacet
  facet normal 0 0 -1
    outer loop
      vertex 28.2859 30.535 0
      vertex 29.9641 35.628 0
      vertex 31.75 32.535 0
    endloop
  endfacet
  facet normal 0 0 -1
    outer loop
      vertex 28.2859 30.535 0
      vertex 26.5 33.628 0
      vertex 29.9641 35.628 0
    endloop
  endfacet
  facet normal 0 0 -1
    outer loop
      vertex 28.2859 26.535 0
      vertex 24.7141 26.535 0
      vertex 28.2859 30.535 0
    endloop
  endfacet
  facet normal 0 0 -1
    outer loop
      vertex 24.7141 30.535 0
      vertex 28.2859 30.535 0
      vertex 24.7141 26.535 0
    endloop
  endfacet
  facet normal 0 0 -1
    outer loop
      vertex 23.0359 21.442 0
      vertex 24.7141 26.535 0
      vertex 26.5 23.442 0
    endloop
  endfacet
  facet normal 0 0 -1
    outer loop
      vertex 19.4641 17.442 0
      vertex 23.0359 17.442 0
      vertex 21.25 14.349 0
    endloop
  endfacet
  facet normal 0 0 -1
    outer loop
      vertex 23.0359 21.442 0
      vertex 21.25 24.535 0
      vertex 24.7141 26.535 0
    endloop
  endfacet
  facet normal 0 0 -1
    outer loop
      vertex 23.0359 17.442 0
      vertex 19.4641 17.442 0
      vertex 23.0359 21.442 0
    endloop
  endfacet
  facet normal 0 0 -1
    outer loop
      vertex 19.4641 17.442 0
      vertex 21.25 14.349 0
      vertex 20.6455 14 0
    endloop
  endfacet
  facet normal 0 0 -1
    outer loop
      vertex 19.4641 21.442 0
      vertex 23.0359 21.442 0
      vertex 19.4641 17.442 0
    endloop
  endfacet
  facet normal 0 0 -1
    outer loop
      vertex 23.0359 21.442 0
      vertex 19.4641 21.442 0
      vertex 21.25 24.535 0
    endloop
  endfacet
  facet normal 0 0 -1
    outer loop
      vertex 19.4641 21.442 0
      vertex 17.7859 26.535 0
      vertex 21.25 24.535 0
    endloop
  endfacet
  facet normal 0 0 -1
    outer loop
      vertex 14.2141 26.535 0
      vertex 17.7859 26.535 0
      vertex 16 23.442 0
    endloop
  endfacet
  facet normal 0 0 -1
    outer loop
      vertex 16 23.442 0
      vertex 17.7859 26.535 0
      vertex 19.4641 21.442 0
    endloop
  endfacet
  facet normal 0 0 -1
    outer loop
      vertex 91.2859 30.535 0
      vertex 87.7141 30.535 0
      vertex 89.5 33.628 0
    endloop
  endfacet
  facet normal 0 0 -1
    outer loop
      vertex 87.7141 30.535 0
      vertex 86.0359 35.628 0
      vertex 89.5 33.628 0
    endloop
  endfacet
  facet normal 0 0 -1
    outer loop
      vertex 82.4641 35.628 0
      vertex 86.0359 35.628 0
      vertex 84.25 32.535 0
    endloop
  endfacet
  facet normal 0 0 -1
    outer loop
      vertex 84.25 32.535 0
      vertex 86.0359 35.628 0
      vertex 87.7141 30.535 0
    endloop
  endfacet
  facet normal 0 0 -1
    outer loop
      vertex 91.2859 48.721 0
      vertex 87.7141 48.721 0
      vertex 89.5 51.814 0
    endloop
  endfacet
  facet normal 0 0 -1
    outer loop
      vertex 87.7141 48.721 0
      vertex 86.0359 53.814 0
      vertex 89.5 51.814 0
    endloop
  endfacet
  facet normal 0 0 -1
    outer loop
      vertex 82.4641 53.814 0
      vertex 86.0359 53.814 0
      vertex 84.25 50.721 0
    endloop
  endfacet
  facet normal 0 0 -1
    outer loop
      vertex 84.25 50.721 0
      vertex 86.0359 53.814 0
      vertex 87.7141 48.721 0
    endloop
  endfacet
  facet normal 0 0 -1
    outer loop
      vertex 91.2859 66.907 0
      vertex 87.7141 66.907 0
      vertex 89.5 70 0
    endloop
  endfacet
  facet normal 0 0 -1
    outer loop
      vertex 87.7141 66.907 0
      vertex 86.0359 72 0
      vertex 89.5 70 0
    endloop
  endfacet
  facet normal 0 0 -1
    outer loop
      vertex 82.4641 72 0
      vertex 86.0359 72 0
      vertex 84.25 68.907 0
    endloop
  endfacet
  facet normal 0 0 -1
    outer loop
      vertex 84.25 68.907 0
      vertex 86.0359 72 0
      vertex 87.7141 66.907 0
    endloop
  endfacet
  facet normal 0 0 -1
    outer loop
      vertex 91.2859 85.093 0
      vertex 87.7141 85.093 0
      vertex 89.5 88.186 0
    endloop
  endfacet
  facet normal 0 0 -1
    outer loop
      vertex 87.7141 85.093 0
      vertex 86.0359 90.186 0
      vertex 89.5 88.186 0
    endloop
  endfacet
  facet normal 0 0 -1
    outer loop
      vertex 82.4641 90.186 0
      vertex 86.0359 90.186 0
      vertex 84.25 87.093 0
    endloop
  endfacet
  facet normal 0 0 -1
    outer loop
      vertex 84.25 87.093 0
      vertex 86.0359 90.186 0
      vertex 87.7141 85.093 0
    endloop
  endfacet
  facet normal 0 0 -1
    outer loop
      vertex 91.2859 103.279 0
      vertex 87.7141 103.279 0
      vertex 89.5 106.372 0
    endloop
  endfacet
  facet normal 0 0 -1
    outer loop
      vertex 87.7141 103.279 0
      vertex 86.0359 108.372 0
      vertex 89.5 106.372 0
    endloop
  endfacet
  facet normal 0 0 -1
    outer loop
      vertex 82.4641 108.372 0
      vertex 86.0359 108.372 0
      vertex 84.25 105.279 0
    endloop
  endfacet
  facet normal 0 0 -1
    outer loop
      vertex 84.25 105.279 0
      vertex 86.0359 108.372 0
      vertex 87.7141 103.279 0
    endloop
  endfacet
  facet normal 0 0 -1
    outer loop
      vertex 91.2859 121.465 0
      vertex 87.7141 121.465 0
      vertex 89.5 124.558 0
    endloop
  endfacet
  facet normal 0 0 -1
    outer loop
      vertex 87.7141 121.465 0
      vertex 86.0359 126.558 0
      vertex 89.5 124.558 0
    endloop
  endfacet
  facet normal 0 0 -1
    outer loop
      vertex 82.4641 126.558 0
      vertex 86.0359 126.558 0
      vertex 84.25 123.465 0
    endloop
  endfacet
  facet normal 0 0 -1
    outer loop
      vertex 84.25 123.465 0
      vertex 86.0359 126.558 0
      vertex 87.7141 121.465 0
    endloop
  endfacet
  facet normal 0 0 -1
    outer loop
      vertex 96.5359 39.628 0
      vertex 92.9641 39.628 0
      vertex 94.75 42.721 0
    endloop
  endfacet
  facet normal 0 0 -1
    outer loop
      vertex 92.9641 39.628 0
      vertex 91.2859 44.721 0
      vertex 94.75 42.721 0
    endloop
  endfacet
  facet normal 0 0 -1
    outer loop
      vertex 87.7141 44.721 0
      vertex 91.2859 44.721 0
      vertex 89.5 41.628 0
    endloop
  endfacet
  facet normal 0 0 -1
    outer loop
      vertex 89.5 41.628 0
      vertex 91.2859 44.721 0
      vertex 92.9641 39.628 0
    endloop
  endfacet
  facet normal 0 0 -1
    outer loop
      vertex 96.5359 57.814 0
      vertex 92.9641 57.814 0
      vertex 94.75 60.907 0
    endloop
  endfacet
  facet normal 0 0 -1
    outer loop
      vertex 92.9641 57.814 0
      vertex 91.2859 62.907 0
      vertex 94.75 60.907 0
    endloop
  endfacet
  facet normal 0 0 -1
    outer loop
      vertex 87.7141 62.907 0
      vertex 91.2859 62.907 0
      vertex 89.5 59.814 0
    endloop
  endfacet
  facet normal 0 0 -1
    outer loop
      vertex 89.5 59.814 0
      vertex 91.2859 62.907 0
      vertex 92.9641 57.814 0
    endloop
  endfacet
  facet normal 0 0 -1
    outer loop
      vertex 96.5359 76 0
      vertex 92.9641 76 0
      vertex 94.75 79.093 0
    endloop
  endfacet
  facet normal 0 0 -1
    outer loop
      vertex 92.9641 76 0
      vertex 91.2859 81.093 0
      vertex 94.75 79.093 0
    endloop
  endfacet
  facet normal 0 0 -1
    outer loop
      vertex 87.7141 81.093 0
      vertex 91.2859 81.093 0
      vertex 89.5 78 0
    endloop
  endfacet
  facet normal 0 0 -1
    outer loop
      vertex 89.5 78 0
      vertex 91.2859 81.093 0
      vertex 92.9641 76 0
    endloop
  endfacet
  facet normal 0 0 -1
    outer loop
      vertex 96.5359 94.186 0
      vertex 92.9641 94.186 0
      vertex 94.75 97.279 0
    endloop
  endfacet
  facet normal 0 0 -1
    outer loop
      vertex 92.9641 94.186 0
      vertex 91.2859 99.279 0
      vertex 94.75 97.279 0
    endloop
  endfacet
  facet normal 0 0 -1
    outer loop
      vertex 87.7141 99.279 0
      vertex 91.2859 99.279 0
      vertex 89.5 96.186 0
    endloop
  endfacet
  facet normal 0 0 -1
    outer loop
      vertex 89.5 96.186 0
      vertex 91.2859 99.279 0
      vertex 92.9641 94.186 0
    endloop
  endfacet
  facet normal 0 0 -1
    outer loop
      vertex 96.5359 112.372 0
      vertex 92.9641 112.372 0
      vertex 94.75 115.465 0
    endloop
  endfacet
  facet normal 0 0 -1
    outer loop
      vertex 92.9641 112.372 0
      vertex 91.2859 117.465 0
      vertex 94.75 115.465 0
    endloop
  endfacet
  facet normal 0 0 -1
    outer loop
      vertex 87.7141 117.465 0
      vertex 91.2859 117.465 0
      vertex 89.5 114.372 0
    endloop
  endfacet
  facet normal 0 0 -1
    outer loop
      vertex 89.5 114.372 0
      vertex 91.2859 117.465 0
      vertex 92.9641 112.372 0
    endloop
  endfacet
  facet normal 0 0 -1
    outer loop
      vertex 96.5359 130.558 0
      vertex 92.9641 130.558 0
      vertex 94.75 133.651 0
    endloop
  endfacet
  facet normal 0 0 -1
    outer loop
      vertex 92.9641 130.558 0
      vertex 91.2859 135.651 0
      vertex 94.75 133.651 0
    endloop
  endfacet
  facet normal 0 0 -1
    outer loop
      vertex 87.7141 135.651 0
      vertex 91.2859 135.651 0
      vertex 89.5 132.558 0
    endloop
  endfacet
  facet normal 0 0 -1
    outer loop
      vertex 89.5 132.558 0
      vertex 91.2859 135.651 0
      vertex 92.9641 130.558 0
    endloop
  endfacet
  facet normal -0.216436 -0.976297 0
    outer loop
      vertex 12.9294 7.2726 0
      vertex 13.6108 7.12154 0.599999
      vertex 12.9294 7.2726 0.599999
    endloop
  endfacet
  facet normal -0.216436 -0.976297 -0
    outer loop
      vertex 13.6108 7.12154 0.599999
      vertex 12.9294 7.2726 0
      vertex 13.6108 7.12154 0
    endloop
  endfacet
  facet normal -0.393191 -0.301657 0.868564
    outer loop
      vertex 8.44678 10.4114 0.599999
      vertex 11.8716 12.8577 3
      vertex 11.4468 13.4114 3
    endloop
  endfacet
  facet normal -0.393172 -0.301685 0.868563
    outer loop
      vertex 11.8716 12.8577 3
      vertex 8.44678 10.4114 0.599999
      vertex 8.87164 9.8577 0.599999
    endloop
  endfacet
  facet normal -0.976297 -0.216436 0
    outer loop
      vertex 7.2726 12.9294 0
      vertex 7.12154 13.6108 0.599999
      vertex 7.12154 13.6108 0
    endloop
  endfacet
  facet normal -0.976297 -0.216436 0
    outer loop
      vertex 7.12154 13.6108 0.599999
      vertex 7.2726 12.9294 0
      vertex 7.2726 12.9294 0.599999
    endloop
  endfacet
  facet normal -1 0 0
    outer loop
      vertex 7 15 0
      vertex 7 135 0.599999
      vertex 7 135 0
    endloop
  endfacet
  facet normal -1 -0 0
    outer loop
      vertex 7 135 0.599999
      vertex 7 15 0
      vertex 7 15 0.599999
    endloop
  endfacet
  facet normal -0.999049 -0.0436126 0
    outer loop
      vertex 7.03044 14.3027 0
      vertex 7 15 0.599999
      vertex 7 15 0
    endloop
  endfacet
  facet normal -0.999049 -0.0436126 0
    outer loop
      vertex 7 15 0.599999
      vertex 7.03044 14.3027 0
      vertex 7.03044 14.3027 0.599999
    endloop
  endfacet
  facet normal -0.300689 -0.953722 0
    outer loop
      vertex 12.2638 7.48245 0
      vertex 12.9294 7.2726 0.599999
      vertex 12.2638 7.48245 0.599999
    endloop
  endfacet
  facet normal -0.300689 -0.953722 -0
    outer loop
      vertex 12.9294 7.2726 0.599999
      vertex 12.2638 7.48245 0
      vertex 12.9294 7.2726 0
    endloop
  endfacet
  facet normal -0.269381 0.42282 0.86525
    outer loop
      vertex 11 141.928 0.599999
      vertex 13.4114 138.553 3
      vertex 14 138.928 3
    endloop
  endfacet
  facet normal -0.269381 0.42282 0.86525
    outer loop
      vertex 13.4114 138.553 3
      vertex 11 141.928 0.599999
      vertex 10.4114 141.553 0.599999
    endloop
  endfacet
  facet normal -0.452481 -0.235597 0.86009
    outer loop
      vertex 7.74954 11.619 0.599999
      vertex 11.0718 14 3
      vertex 10.7495 14.619 3
    endloop
  endfacet
  facet normal -0.452499 -0.23557 0.860088
    outer loop
      vertex 11.0718 14 3
      vertex 7.74954 11.619 0.599999
      vertex 8.07179 11 0.599999
    endloop
  endfacet
  facet normal -0.543897 0.120471 0.830459
    outer loop
      vertex 7.12154 136.389 0.599999
      vertex 10.2726 134.071 3
      vertex 7.2726 137.071 0.599999
    endloop
  endfacet
  facet normal -0.543881 0.120499 0.830466
    outer loop
      vertex 10.2726 134.071 3
      vertex 7.12154 136.389 0.599999
      vertex 10.1215 133.389 3
    endloop
  endfacet
  facet normal -0.299581 0.954071 0
    outer loop
      vertex 12.9294 142.727 0
      vertex 12.2638 142.518 0.599999
      vertex 12.9294 142.727 0.599999
    endloop
  endfacet
  facet normal -0.299581 0.954071 0
    outer loop
      vertex 12.2638 142.518 0.599999
      vertex 12.9294 142.727 0
      vertex 12.2638 142.518 0
    endloop
  endfacet
  facet normal -0.512799 -0.161714 0.84314
    outer loop
      vertex 7.2726 12.9294 0.599999
      vertex 10.4825 15.2638 3
      vertex 10.2726 15.9294 3
    endloop
  endfacet
  facet normal -0.512818 -0.161681 0.843135
    outer loop
      vertex 10.4825 15.2638 3
      vertex 7.2726 12.9294 0.599999
      vertex 7.48245 12.2638 0.599999
    endloop
  endfacet
  facet normal -0.422927 0.269259 0.865235
    outer loop
      vertex 8.07179 139 0.599999
      vertex 11.4468 136.589 3
      vertex 8.44678 139.589 0.599999
    endloop
  endfacet
  facet normal -0.422924 0.269264 0.865236
    outer loop
      vertex 11.4468 136.589 3
      vertex 8.07179 139 0.599999
      vertex 11.0718 136 3
    endloop
  endfacet
  facet normal -0.887 -0.46177 0
    outer loop
      vertex 8.07179 11 0
      vertex 7.74954 11.619 0.599999
      vertex 7.74954 11.619 0
    endloop
  endfacet
  facet normal -0.887 -0.46177 0
    outer loop
      vertex 7.74954 11.619 0.599999
      vertex 8.07179 11 0
      vertex 8.07179 11 0.599999
    endloop
  endfacet
  facet normal -0.624695 0 0.780869
    outer loop
      vertex 7 135 0.599999
      vertex 10 18 3
      vertex 10 132 3
    endloop
  endfacet
  facet normal -0.624695 0 0.780869
    outer loop
      vertex 10 18 3
      vertex 7 135 0.599999
      vertex 7 15 0.599999
    endloop
  endfacet
  facet normal -0.199782 -0.48247 0.852825
    outer loop
      vertex 14.619 10.7495 3
      vertex 12.2638 7.48245 0.599999
      vertex 15.2638 10.4825 3
    endloop
  endfacet
  facet normal -0.199835 -0.482436 0.852831
    outer loop
      vertex 12.2638 7.48245 0.599999
      vertex 14.619 10.7495 3
      vertex 11.619 7.74954 0.599999
    endloop
  endfacet
  facet normal -0.0436126 -0.999049 0
    outer loop
      vertex 14.3027 7.03044 0
      vertex 15 7 0.599999
      vertex 14.3027 7.03044 0.599999
    endloop
  endfacet
  facet normal -0.0436126 -0.999049 -0
    outer loop
      vertex 15 7 0.599999
      vertex 14.3027 7.03044 0
      vertex 15 7 0
    endloop
  endfacet
  facet normal -0.26938 -0.422819 0.86525
    outer loop
      vertex 13.4114 11.4468 3
      vertex 11 8.07179 0.599999
      vertex 14 11.0718 3
    endloop
  endfacet
  facet normal -0.269375 -0.422823 0.86525
    outer loop
      vertex 11 8.07179 0.599999
      vertex 13.4114 11.4468 3
      vertex 10.4114 8.44678 0.599999
    endloop
  endfacet
  facet normal -0.792987 0.609238 0
    outer loop
      vertex 8.44678 139.589 0
      vertex 8.87164 140.142 0.599999
      vertex 8.87164 140.142 0
    endloop
  endfacet
  facet normal -0.792987 0.609238 0
    outer loop
      vertex 8.87164 140.142 0.599999
      vertex 8.44678 139.589 0
      vertex 8.44678 139.589 0.599999
    endloop
  endfacet
  facet normal -0.46177 -0.887 0
    outer loop
      vertex 11 8.07179 0
      vertex 11.619 7.74954 0.599999
      vertex 11 8.07179 0.599999
    endloop
  endfacet
  facet normal -0.46177 -0.887 -0
    outer loop
      vertex 11.619 7.74954 0.599999
      vertex 11 8.07179 0
      vertex 11.619 7.74954 0
    endloop
  endfacet
  facet normal -0.120521 0.54386 0.830476
    outer loop
      vertex 13.6108 142.878 0.599999
      vertex 15.9294 139.727 3
      vertex 16.6108 139.878 3
    endloop
  endfacet
  facet normal -0.120521 0.54386 0.830476
    outer loop
      vertex 15.9294 139.727 3
      vertex 13.6108 142.878 0.599999
      vertex 12.9294 142.727 0.599999
    endloop
  endfacet
  facet normal -0.675195 0.73764 0
    outer loop
      vertex 9.8577 141.128 0
      vertex 9.34314 140.657 0.599999
      vertex 9.8577 141.128 0.599999
    endloop
  endfacet
  facet normal -0.675195 0.73764 0
    outer loop
      vertex 9.34314 140.657 0.599999
      vertex 9.8577 141.128 0
      vertex 9.34314 140.657 0
    endloop
  endfacet
  facet normal -0.0764719 0.575119 0.814488
    outer loop
      vertex 14.3027 142.97 0.599999
      vertex 16.6108 139.878 3
      vertex 17.3027 139.97 3
    endloop
  endfacet
  facet normal -0.0764719 0.575119 0.814488
    outer loop
      vertex 16.6108 139.878 3
      vertex 14.3027 142.97 0.599999
      vertex 13.6108 142.878 0.599999
    endloop
  endfacet
  facet normal -0.53732 0.843378 0
    outer loop
      vertex 11 141.928 0
      vertex 10.4114 141.553 0.599999
      vertex 11 141.928 0.599999
    endloop
  endfacet
  facet normal -0.53732 0.843378 0
    outer loop
      vertex 10.4114 141.553 0.599999
      vertex 11 141.928 0
      vertex 10.4114 141.553 0
    endloop
  endfacet
  facet normal -0.0757864 -0.575594 0.814216
    outer loop
      vertex 16.6108 10.1215 3
      vertex 14.3027 7.03044 0.599999
      vertex 17.3027 10.0304 3
    endloop
  endfacet
  facet normal -0.0757864 -0.575594 0.814216
    outer loop
      vertex 14.3027 7.03044 0.599999
      vertex 16.6108 10.1215 3
      vertex 13.6108 7.12154 0.599999
    endloop
  endfacet
  facet normal -0.332863 -0.36329 0.870185
    outer loop
      vertex 12.3431 12.3431 3
      vertex 9.8577 8.87164 0.599999
      vertex 12.8577 11.8716 3
    endloop
  endfacet
  facet normal -0.332878 -0.363279 0.870184
    outer loop
      vertex 9.8577 8.87164 0.599999
      vertex 12.3431 12.3431 3
      vertex 9.34314 9.34314 0.599999
    endloop
  endfacet
  facet normal -0.608753 -0.79336 0
    outer loop
      vertex 9.8577 8.87164 0
      vertex 10.4114 8.44678 0.599999
      vertex 9.8577 8.87164 0.599999
    endloop
  endfacet
  facet normal -0.608753 -0.79336 -0
    outer loop
      vertex 10.4114 8.44678 0.599999
      vertex 9.8577 8.87164 0
      vertex 10.4114 8.44678 0
    endloop
  endfacet
  facet normal -0.575594 -0.0757864 0.814216
    outer loop
      vertex 7.03044 14.3027 0.599999
      vertex 10.1215 16.6108 3
      vertex 10.0304 17.3027 3
    endloop
  endfacet
  facet normal -0.575594 -0.0757864 0.814216
    outer loop
      vertex 10.1215 16.6108 3
      vertex 7.03044 14.3027 0.599999
      vertex 7.12154 13.6108 0.599999
    endloop
  endfacet
  facet normal -0.608174 -0.0265144 0.793361
    outer loop
      vertex 7 15 0.599999
      vertex 10.0304 17.3027 3
      vertex 10 18 3
    endloop
  endfacet
  facet normal -0.608158 -0.0265486 0.793372
    outer loop
      vertex 10.0304 17.3027 3
      vertex 7 15 0.599999
      vertex 7.03044 14.3027 0.599999
    endloop
  endfacet
  facet normal -0.976337 0.216254 0
    outer loop
      vertex 7.12154 136.389 0
      vertex 7.2726 137.071 0.599999
      vertex 7.2726 137.071 0
    endloop
  endfacet
  facet normal -0.976337 0.216254 0
    outer loop
      vertex 7.2726 137.071 0.599999
      vertex 7.12154 136.389 0
      vertex 7.12154 136.389 0.599999
    endloop
  endfacet
  facet normal -0.991446 0.130521 0
    outer loop
      vertex 7.03044 135.697 0
      vertex 7.12154 136.389 0.599999
      vertex 7.12154 136.389 0
    endloop
  endfacet
  facet normal -0.991446 0.130521 0
    outer loop
      vertex 7.12154 136.389 0.599999
      vertex 7.03044 135.697 0
      vertex 7.03044 135.697 0.599999
    endloop
  endfacet
  facet normal -0.452499 0.23557 0.860088
    outer loop
      vertex 7.74954 138.381 0.599999
      vertex 11.0718 136 3
      vertex 8.07179 139 0.599999
    endloop
  endfacet
  facet normal -0.452481 0.235597 0.86009
    outer loop
      vertex 11.0718 136 3
      vertex 7.74954 138.381 0.599999
      vertex 10.7495 135.381 3
    endloop
  endfacet
  facet normal -0.0265144 -0.608174 0.793361
    outer loop
      vertex 17.3027 10.0304 3
      vertex 15 7 0.599999
      vertex 18 10 3
    endloop
  endfacet
  facet normal -0.0265486 -0.608158 0.793372
    outer loop
      vertex 15 7 0.599999
      vertex 17.3027 10.0304 3
      vertex 14.3027 7.03044 0.599999
    endloop
  endfacet
  facet normal -0.363424 0.332727 0.870182
    outer loop
      vertex 8.87164 140.142 0.599999
      vertex 12.3431 137.657 3
      vertex 9.34314 140.657 0.599999
    endloop
  endfacet
  facet normal -0.363424 0.332727 0.870182
    outer loop
      vertex 12.3431 137.657 3
      vertex 8.87164 140.142 0.599999
      vertex 11.8716 137.142 3
    endloop
  endfacet
  facet normal -0.392963 0.301907 0.868581
    outer loop
      vertex 8.44678 139.589 0.599999
      vertex 11.8716 137.142 3
      vertex 8.87164 140.142 0.599999
    endloop
  endfacet
  facet normal -0.392983 0.301879 0.868581
    outer loop
      vertex 11.8716 137.142 3
      vertex 8.44678 139.589 0.599999
      vertex 11.4468 136.589 3
    endloop
  endfacet
  facet normal -0.200342 0.482017 0.852949
    outer loop
      vertex 12.2638 142.518 0.599999
      vertex 14.619 139.25 3
      vertex 15.2638 139.518 3
    endloop
  endfacet
  facet normal -0.200342 0.482017 0.852949
    outer loop
      vertex 14.619 139.25 3
      vertex 12.2638 142.518 0.599999
      vertex 11.619 142.25 0.599999
    endloop
  endfacet
  facet normal -0.301741 0.393115 0.86857
    outer loop
      vertex 10.4114 141.553 0.599999
      vertex 12.8577 138.128 3
      vertex 13.4114 138.553 3
    endloop
  endfacet
  facet normal -0.301741 0.393115 0.86857
    outer loop
      vertex 12.8577 138.128 3
      vertex 10.4114 141.553 0.599999
      vertex 9.8577 141.128 0.599999
    endloop
  endfacet
  facet normal -0.332675 0.363471 0.870182
    outer loop
      vertex 9.8577 141.128 0.599999
      vertex 12.3431 137.657 3
      vertex 12.8577 138.128 3
    endloop
  endfacet
  facet normal -0.33269 0.363459 0.870181
    outer loop
      vertex 12.3431 137.657 3
      vertex 9.8577 141.128 0.599999
      vertex 9.34314 140.657 0.599999
    endloop
  endfacet
  facet normal -0.301657 -0.393191 0.868564
    outer loop
      vertex 12.8577 11.8716 3
      vertex 10.4114 8.44678 0.599999
      vertex 13.4114 11.4468 3
    endloop
  endfacet
  facet normal -0.301685 -0.393172 0.868563
    outer loop
      vertex 10.4114 8.44678 0.599999
      vertex 12.8577 11.8716 3
      vertex 9.8577 8.87164 0.599999
    endloop
  endfacet
  facet normal -0.36329 -0.332863 0.870185
    outer loop
      vertex 8.87164 9.8577 0.599999
      vertex 12.3431 12.3431 3
      vertex 11.8716 12.8577 3
    endloop
  endfacet
  facet normal -0.363279 -0.332878 0.870184
    outer loop
      vertex 12.3431 12.3431 3
      vertex 8.87164 9.8577 0.599999
      vertex 9.34314 9.34314 0.599999
    endloop
  endfacet
  facet normal -0.512728 0.161798 0.843168
    outer loop
      vertex 7.2726 137.071 0.599999
      vertex 10.4825 134.736 3
      vertex 7.48245 137.736 0.599999
    endloop
  endfacet
  facet normal -0.512708 0.161831 0.843173
    outer loop
      vertex 10.4825 134.736 3
      vertex 7.2726 137.071 0.599999
      vertex 10.2726 134.071 3
    endloop
  endfacet
  facet normal -0.923919 0.382588 0
    outer loop
      vertex 7.48245 137.736 0
      vertex 7.74954 138.381 0.599999
      vertex 7.74954 138.381 0
    endloop
  endfacet
  facet normal -0.923919 0.382588 0
    outer loop
      vertex 7.74954 138.381 0.599999
      vertex 7.48245 137.736 0
      vertex 7.48245 137.736 0.599999
    endloop
  endfacet
  facet normal -0.422819 -0.26938 0.86525
    outer loop
      vertex 8.07179 11 0.599999
      vertex 11.4468 13.4114 3
      vertex 11.0718 14 3
    endloop
  endfacet
  facet normal -0.422823 -0.269375 0.86525
    outer loop
      vertex 11.4468 13.4114 3
      vertex 8.07179 11 0.599999
      vertex 8.44678 10.4114 0.599999
    endloop
  endfacet
  facet normal -0.60888 0.793263 0
    outer loop
      vertex 10.4114 141.553 0
      vertex 9.8577 141.128 0.599999
      vertex 10.4114 141.553 0.599999
    endloop
  endfacet
  facet normal -0.60888 0.793263 0
    outer loop
      vertex 9.8577 141.128 0.599999
      vertex 10.4114 141.553 0
      vertex 9.8577 141.128 0
    endloop
  endfacet
  facet normal -0.84355 0.537051 0
    outer loop
      vertex 8.07179 139 0
      vertex 8.44678 139.589 0.599999
      vertex 8.44678 139.589 0
    endloop
  endfacet
  facet normal -0.84355 0.537051 0
    outer loop
      vertex 8.44678 139.589 0.599999
      vertex 8.07179 139 0
      vertex 8.07179 139 0.599999
    endloop
  endfacet
  facet normal -0 0 1
    outer loop
      vertex 14 138.928 3
      vertex 14.2141 136 3
      vertex 14.619 139.25 3
    endloop
  endfacet
  facet normal -0 0 1
    outer loop
      vertex 13.4114 138.553 3
      vertex 14.2141 136 3
      vertex 14 138.928 3
    endloop
  endfacet
  facet normal 0 0 1
    outer loop
      vertex 14.2141 136 3
      vertex 13.4114 138.553 3
      vertex 14 136 3
    endloop
  endfacet
  facet normal -0 0 1
    outer loop
      vertex 12.8577 138.128 3
      vertex 14 136 3
      vertex 13.4114 138.553 3
    endloop
  endfacet
  facet normal -0 0 1
    outer loop
      vertex 12.3431 137.657 3
      vertex 14 136 3
      vertex 12.8577 138.128 3
    endloop
  endfacet
  facet normal -0 0 1
    outer loop
      vertex 11.8716 137.142 3
      vertex 14 136 3
      vertex 12.3431 137.657 3
    endloop
  endfacet
  facet normal 0 0 1
    outer loop
      vertex 14 125.713 3
      vertex 10 132 3
      vertex 14 121.589 3
    endloop
  endfacet
  facet normal 0 0 1
    outer loop
      vertex 14 121.589 3
      vertex 10 132 3
      vertex 14 117.341 3
    endloop
  endfacet
  facet normal 0 0 1
    outer loop
      vertex 14 117.341 3
      vertex 10 132 3
      vertex 14 113.217 3
    endloop
  endfacet
  facet normal 0 0 1
    outer loop
      vertex 14 113.217 3
      vertex 10 132 3
      vertex 14 107.527 3
    endloop
  endfacet
  facet normal 0 0 1
    outer loop
      vertex 14 107.527 3
      vertex 10 132 3
      vertex 14 103.403 3
    endloop
  endfacet
  facet normal 0 0 1
    outer loop
      vertex 14 103.403 3
      vertex 10 132 3
      vertex 14 99.1554 3
    endloop
  endfacet
  facet normal 0 0 1
    outer loop
      vertex 14 99.1554 3
      vertex 10 132 3
      vertex 14 95.0313 3
    endloop
  endfacet
  facet normal 0 0 1
    outer loop
      vertex 14 95.0313 3
      vertex 10 132 3
      vertex 14 89.3407 3
    endloop
  endfacet
  facet normal 0 0 1
    outer loop
      vertex 14 89.3407 3
      vertex 10 132 3
      vertex 14 85.2166 3
    endloop
  endfacet
  facet normal 0 0 1
    outer loop
      vertex 14 85.2166 3
      vertex 10 132 3
      vertex 14 80.9694 3
    endloop
  endfacet
  facet normal 0 0 1
    outer loop
      vertex 14 80.9694 3
      vertex 10 132 3
      vertex 14 76.8453 3
    endloop
  endfacet
  facet normal 0 0 1
    outer loop
      vertex 14 76.8453 3
      vertex 10 132 3
      vertex 14 71.1547 3
    endloop
  endfacet
  facet normal 0 0 1
    outer loop
      vertex 10 18 3
      vertex 14 71.1547 3
      vertex 10 132 3
    endloop
  endfacet
  facet normal 0 0 1
    outer loop
      vertex 14 71.1547 3
      vertex 10 18 3
      vertex 14 67.0306 3
    endloop
  endfacet
  facet normal 0 0 1
    outer loop
      vertex 14 67.0306 3
      vertex 10 18 3
      vertex 14 62.7834 3
    endloop
  endfacet
  facet normal 0 0 1
    outer loop
      vertex 14 62.7834 3
      vertex 10 18 3
      vertex 14 58.6593 3
    endloop
  endfacet
  facet normal 0 0 1
    outer loop
      vertex 14 58.6593 3
      vertex 10 18 3
      vertex 14 52.9687 3
    endloop
  endfacet
  facet normal 0 0 1
    outer loop
      vertex 14 52.9687 3
      vertex 10 18 3
      vertex 14 48.8446 3
    endloop
  endfacet
  facet normal 0 0 1
    outer loop
      vertex 14 48.8446 3
      vertex 10 18 3
      vertex 14 44.5974 3
    endloop
  endfacet
  facet normal 0 0 1
    outer loop
      vertex 14 44.5974 3
      vertex 10 18 3
      vertex 14 40.4733 3
    endloop
  endfacet
  facet normal 0 0 1
    outer loop
      vertex 14 40.4733 3
      vertex 10 18 3
      vertex 14 34.7827 3
    endloop
  endfacet
  facet normal 0 0 1
    outer loop
      vertex 14 34.7827 3
      vertex 10 18 3
      vertex 14 30.6586 3
    endloop
  endfacet
  facet normal 0 0 1
    outer loop
      vertex 14 30.6586 3
      vertex 10 18 3
      vertex 14 26.4114 3
    endloop
  endfacet
  facet normal 0 0 1
    outer loop
      vertex 14 26.4114 3
      vertex 10 18 3
      vertex 14 22.2873 3
    endloop
  endfacet
  facet normal -0 0 1
    outer loop
      vertex 11.4468 136.589 3
      vertex 14 136 3
      vertex 11.8716 137.142 3
    endloop
  endfacet
  facet normal 0 0 1
    outer loop
      vertex 14 22.2873 3
      vertex 10 18 3
      vertex 14 16.5967 3
    endloop
  endfacet
  facet normal 0 0 1
    outer loop
      vertex 14 136 3
      vertex 11.4468 136.589 3
      vertex 14 135.527 3
    endloop
  endfacet
  facet normal -0 -0 1
    outer loop
      vertex 10.0304 17.3027 3
      vertex 14 16.5967 3
      vertex 10 18 3
    endloop
  endfacet
  facet normal -0 0 1
    outer loop
      vertex 11.0718 136 3
      vertex 14 135.527 3
      vertex 11.4468 136.589 3
    endloop
  endfacet
  facet normal 0 0 1
    outer loop
      vertex 14 16.5967 3
      vertex 13.4114 11.4468 3
      vertex 14 11.0718 3
    endloop
  endfacet
  facet normal 0 0 1
    outer loop
      vertex 10.7495 135.381 3
      vertex 14 135.527 3
      vertex 11.0718 136 3
    endloop
  endfacet
  facet normal 0 0 1
    outer loop
      vertex 14 16.5967 3
      vertex 12.8577 11.8716 3
      vertex 13.4114 11.4468 3
    endloop
  endfacet
  facet normal 0 0 1
    outer loop
      vertex 10.4825 134.736 3
      vertex 14 135.527 3
      vertex 10.7495 135.381 3
    endloop
  endfacet
  facet normal 0 0 1
    outer loop
      vertex 14 16.5967 3
      vertex 12.3431 12.3431 3
      vertex 12.8577 11.8716 3
    endloop
  endfacet
  facet normal 0 0 1
    outer loop
      vertex 10.2726 134.071 3
      vertex 14 135.527 3
      vertex 10.4825 134.736 3
    endloop
  endfacet
  facet normal 0 0 1
    outer loop
      vertex 14 16.5967 3
      vertex 11.8716 12.8577 3
      vertex 12.3431 12.3431 3
    endloop
  endfacet
  facet normal 0 0 1
    outer loop
      vertex 14 135.527 3
      vertex 10.2726 134.071 3
      vertex 14 131.403 3
    endloop
  endfacet
  facet normal 0 0 1
    outer loop
      vertex 14 16.5967 3
      vertex 11.4468 13.4114 3
      vertex 11.8716 12.8577 3
    endloop
  endfacet
  facet normal -0 0 1
    outer loop
      vertex 10.1215 133.389 3
      vertex 14 131.403 3
      vertex 10.2726 134.071 3
    endloop
  endfacet
  facet normal 0 0 1
    outer loop
      vertex 14 16.5967 3
      vertex 11.0718 14 3
      vertex 11.4468 13.4114 3
    endloop
  endfacet
  facet normal -0 0 1
    outer loop
      vertex 10.0304 132.697 3
      vertex 14 131.403 3
      vertex 10.1215 133.389 3
    endloop
  endfacet
  facet normal 0 0 1
    outer loop
      vertex 14 16.5967 3
      vertex 10.7495 14.619 3
      vertex 11.0718 14 3
    endloop
  endfacet
  facet normal -0 0 1
    outer loop
      vertex 10 132 3
      vertex 14 131.403 3
      vertex 10.0304 132.697 3
    endloop
  endfacet
  facet normal 0 0 1
    outer loop
      vertex 14 16.5967 3
      vertex 10.4825 15.2638 3
      vertex 10.7495 14.619 3
    endloop
  endfacet
  facet normal 0 0 1
    outer loop
      vertex 14 131.403 3
      vertex 10 132 3
      vertex 14 125.713 3
    endloop
  endfacet
  facet normal 0 0 1
    outer loop
      vertex 14 16.5967 3
      vertex 10.2726 15.9294 3
      vertex 10.4825 15.2638 3
    endloop
  endfacet
  facet normal 0 0 1
    outer loop
      vertex 14 16.5967 3
      vertex 10.1215 16.6108 3
      vertex 10.2726 15.9294 3
    endloop
  endfacet
  facet normal 0 0 1
    outer loop
      vertex 14 16.5967 3
      vertex 10.0304 17.3027 3
      vertex 10.1215 16.6108 3
    endloop
  endfacet
  facet normal 0 0 1
    outer loop
      vertex 17.7859 117.465 3
      vertex 14.2141 117.465 3
      vertex 16 114.372 3
    endloop
  endfacet
  facet normal -0 0 1
    outer loop
      vertex 14 117.341 3
      vertex 16 114.372 3
      vertex 14.2141 117.465 3
    endloop
  endfacet
  facet normal 0 0 1
    outer loop
      vertex 16 114.372 3
      vertex 14 117.341 3
      vertex 14 113.217 3
    endloop
  endfacet
  facet normal 0 0 1
    outer loop
      vertex 17.7859 99.279 3
      vertex 14.2141 99.279 3
      vertex 16 96.186 3
    endloop
  endfacet
  facet normal -0 0 1
    outer loop
      vertex 14 99.1554 3
      vertex 16 96.186 3
      vertex 14.2141 99.279 3
    endloop
  endfacet
  facet normal 0 0 1
    outer loop
      vertex 16 96.186 3
      vertex 14 99.1554 3
      vertex 14 95.0313 3
    endloop
  endfacet
  facet normal 0 0 1
    outer loop
      vertex 17.7859 81.093 3
      vertex 14.2141 81.093 3
      vertex 16 78 3
    endloop
  endfacet
  facet normal -0 0 1
    outer loop
      vertex 14 80.9694 3
      vertex 16 78 3
      vertex 14.2141 81.093 3
    endloop
  endfacet
  facet normal 0 0 1
    outer loop
      vertex 16 78 3
      vertex 14 80.9694 3
      vertex 14 76.8453 3
    endloop
  endfacet
  facet normal 0 0 1
    outer loop
      vertex 17.7859 62.907 3
      vertex 14.2141 62.907 3
      vertex 16 59.814 3
    endloop
  endfacet
  facet normal -0 0 1
    outer loop
      vertex 14 62.7834 3
      vertex 16 59.814 3
      vertex 14.2141 62.907 3
    endloop
  endfacet
  facet normal 0 0 1
    outer loop
      vertex 16 59.814 3
      vertex 14 62.7834 3
      vertex 14 58.6593 3
    endloop
  endfacet
  facet normal 0 0 1
    outer loop
      vertex 17.7859 44.721 3
      vertex 14.2141 44.721 3
      vertex 16 41.628 3
    endloop
  endfacet
  facet normal -0 0 1
    outer loop
      vertex 14 44.5974 3
      vertex 16 41.628 3
      vertex 14.2141 44.721 3
    endloop
  endfacet
  facet normal 0 0 1
    outer loop
      vertex 16 41.628 3
      vertex 14 44.5974 3
      vertex 14 40.4733 3
    endloop
  endfacet
  facet normal 0 0 1
    outer loop
      vertex 17.7859 26.535 3
      vertex 14.2141 26.535 3
      vertex 16 23.442 3
    endloop
  endfacet
  facet normal -0 0 1
    outer loop
      vertex 14 26.4114 3
      vertex 16 23.442 3
      vertex 14.2141 26.535 3
    endloop
  endfacet
  facet normal 0 0 1
    outer loop
      vertex 16 23.442 3
      vertex 14 26.4114 3
      vertex 14 22.2873 3
    endloop
  endfacet
  facet normal 0 0 1
    outer loop
      vertex 23.0359 108.372 3
      vertex 19.4641 108.372 3
      vertex 21.25 105.279 3
    endloop
  endfacet
  facet normal 0 0 1
    outer loop
      vertex 19.4641 108.372 3
      vertex 17.7859 103.279 3
      vertex 21.25 105.279 3
    endloop
  endfacet
  facet normal 0 0 1
    outer loop
      vertex 14.2141 103.279 3
      vertex 17.7859 103.279 3
      vertex 16 106.372 3
    endloop
  endfacet
  facet normal -0 0 1
    outer loop
      vertex 16 106.372 3
      vertex 17.7859 103.279 3
      vertex 19.4641 108.372 3
    endloop
  endfacet
  facet normal 0 0 1
    outer loop
      vertex 23.0359 90.186 3
      vertex 19.4641 90.186 3
      vertex 21.25 87.093 3
    endloop
  endfacet
  facet normal 0 0 1
    outer loop
      vertex 19.4641 90.186 3
      vertex 17.7859 85.093 3
      vertex 21.25 87.093 3
    endloop
  endfacet
  facet normal 0 0 1
    outer loop
      vertex 14.2141 85.093 3
      vertex 17.7859 85.093 3
      vertex 16 88.186 3
    endloop
  endfacet
  facet normal -0 0 1
    outer loop
      vertex 16 88.186 3
      vertex 17.7859 85.093 3
      vertex 19.4641 90.186 3
    endloop
  endfacet
  facet normal 0 0 1
    outer loop
      vertex 23.0359 72 3
      vertex 19.4641 72 3
      vertex 21.25 68.907 3
    endloop
  endfacet
  facet normal 0 0 1
    outer loop
      vertex 19.4641 72 3
      vertex 17.7859 66.907 3
      vertex 21.25 68.907 3
    endloop
  endfacet
  facet normal 0 0 1
    outer loop
      vertex 14.2141 66.907 3
      vertex 17.7859 66.907 3
      vertex 16 70 3
    endloop
  endfacet
  facet normal -0 0 1
    outer loop
      vertex 16 70 3
      vertex 17.7859 66.907 3
      vertex 19.4641 72 3
    endloop
  endfacet
  facet normal 0 0 1
    outer loop
      vertex 23.0359 53.814 3
      vertex 19.4641 53.814 3
      vertex 21.25 50.721 3
    endloop
  endfacet
  facet normal 0 0 1
    outer loop
      vertex 19.4641 53.814 3
      vertex 17.7859 48.721 3
      vertex 21.25 50.721 3
    endloop
  endfacet
  facet normal 0 0 1
    outer loop
      vertex 14.2141 48.721 3
      vertex 17.7859 48.721 3
      vertex 16 51.814 3
    endloop
  endfacet
  facet normal -0 0 1
    outer loop
      vertex 16 51.814 3
      vertex 17.7859 48.721 3
      vertex 19.4641 53.814 3
    endloop
  endfacet
  facet normal 0 0 1
    outer loop
      vertex 23.0359 35.628 3
      vertex 19.4641 35.628 3
      vertex 21.25 32.535 3
    endloop
  endfacet
  facet normal 0 0 1
    outer loop
      vertex 19.4641 35.628 3
      vertex 17.7859 30.535 3
      vertex 21.25 32.535 3
    endloop
  endfacet
  facet normal -0 0 1
    outer loop
      vertex 14.2141 30.535 3
      vertex 17.7859 26.535 3
      vertex 17.7859 30.535 3
    endloop
  endfacet
  facet normal 0 0 1
    outer loop
      vertex 17.7859 26.535 3
      vertex 16 23.442 3
      vertex 17.6319 22.7588 3
    endloop
  endfacet
  facet normal -0 0 1
    outer loop
      vertex 16 33.628 3
      vertex 17.7859 30.535 3
      vertex 19.4641 35.628 3
    endloop
  endfacet
  facet normal 0 0 1
    outer loop
      vertex 14.2141 30.535 3
      vertex 17.7859 30.535 3
      vertex 16 33.628 3
    endloop
  endfacet
  facet normal 0 0 1
    outer loop
      vertex 14.2141 26.535 3
      vertex 17.7859 26.535 3
      vertex 14.2141 30.535 3
    endloop
  endfacet
  facet normal 0 0 1
    outer loop
      vertex 17.6319 22.7588 3
      vertex 16 23.442 3
      vertex 17.3708 22.6506 3
    endloop
  endfacet
  facet normal 0 0 1
    outer loop
      vertex 14 30.6586 3
      vertex 16 33.628 3
      vertex 14 34.7827 3
    endloop
  endfacet
  facet normal 0 0 1
    outer loop
      vertex 16 33.628 3
      vertex 14 30.6586 3
      vertex 14.2141 30.535 3
    endloop
  endfacet
  facet normal -0 0 1
    outer loop
      vertex 21.8284 16.1716 3
      vertex 21.8545 14 3
      vertex 22.0642 16.4289 3
    endloop
  endfacet
  facet normal -0 0 1
    outer loop
      vertex 21.5711 15.9358 3
      vertex 21.8545 14 3
      vertex 21.8284 16.1716 3
    endloop
  endfacet
  facet normal -0 0 1
    outer loop
      vertex 21.2943 15.7234 3
      vertex 21.8545 14 3
      vertex 21.5711 15.9358 3
    endloop
  endfacet
  facet normal 0 0 1
    outer loop
      vertex 21.2943 15.7234 3
      vertex 21.25 14.349 3
      vertex 21.8545 14 3
    endloop
  endfacet
  facet normal -0 0 1
    outer loop
      vertex 21 15.5359 3
      vertex 21.25 14.349 3
      vertex 21.2943 15.7234 3
    endloop
  endfacet
  facet normal -0 0 1
    outer loop
      vertex 20.6905 15.3748 3
      vertex 21.25 14.349 3
      vertex 21 15.5359 3
    endloop
  endfacet
  facet normal -0 0 1
    outer loop
      vertex 20.3681 15.2412 3
      vertex 21.25 14.349 3
      vertex 20.6905 15.3748 3
    endloop
  endfacet
  facet normal 0 0 1
    outer loop
      vertex 21.25 14.349 3
      vertex 20.3681 15.2412 3
      vertex 20.6455 14 3
    endloop
  endfacet
  facet normal 0 0 1
    outer loop
      vertex 28.2859 135.651 3
      vertex 24.7141 135.651 3
      vertex 26.5 132.558 3
    endloop
  endfacet
  facet normal 0 0 1
    outer loop
      vertex 22.0642 131.571 3
      vertex 26.5 132.558 3
      vertex 24.7141 135.651 3
    endloop
  endfacet
  facet normal 0 0 1
    outer loop
      vertex 23.0359 130.558 3
      vertex 23 129 3
      vertex 23.0359 126.558 3
    endloop
  endfacet
  facet normal 0 0 1
    outer loop
      vertex 23.0359 130.558 3
      vertex 22.9848 129.349 3
      vertex 23 129 3
    endloop
  endfacet
  facet normal 0 0 1
    outer loop
      vertex 23.0359 130.558 3
      vertex 22.9392 129.695 3
      vertex 22.9848 129.349 3
    endloop
  endfacet
  facet normal 0 0 1
    outer loop
      vertex 23.0359 130.558 3
      vertex 22.8637 130.035 3
      vertex 22.9392 129.695 3
    endloop
  endfacet
  facet normal 0 0 1
    outer loop
      vertex 23.0359 130.558 3
      vertex 22.7588 130.368 3
      vertex 22.8637 130.035 3
    endloop
  endfacet
  facet normal 0 0 1
    outer loop
      vertex 26.5 132.558 3
      vertex 22.2766 131.294 3
      vertex 23.0359 130.558 3
    endloop
  endfacet
  facet normal 0 0 1
    outer loop
      vertex 23.0359 130.558 3
      vertex 22.6252 130.69 3
      vertex 22.7588 130.368 3
    endloop
  endfacet
  facet normal 0 0 1
    outer loop
      vertex 23.0359 130.558 3
      vertex 22.4641 131 3
      vertex 22.6252 130.69 3
    endloop
  endfacet
  facet normal 0 0 1
    outer loop
      vertex 23.0359 130.558 3
      vertex 22.2766 131.294 3
      vertex 22.4641 131 3
    endloop
  endfacet
  facet normal 0 0 1
    outer loop
      vertex 26.5 132.558 3
      vertex 22.0642 131.571 3
      vertex 22.2766 131.294 3
    endloop
  endfacet
  facet normal 0 0 1
    outer loop
      vertex 24.7141 135.651 3
      vertex 21.8284 131.828 3
      vertex 22.0642 131.571 3
    endloop
  endfacet
  facet normal -0 0 1
    outer loop
      vertex 21.25 133.651 3
      vertex 21.8284 131.828 3
      vertex 24.7141 135.651 3
    endloop
  endfacet
  facet normal 0 0 1
    outer loop
      vertex 21.8284 131.828 3
      vertex 21.25 133.651 3
      vertex 21.5711 132.064 3
    endloop
  endfacet
  facet normal 0 0 1
    outer loop
      vertex 21.5711 132.064 3
      vertex 21.25 133.651 3
      vertex 21.2943 132.277 3
    endloop
  endfacet
  facet normal 0 0 1
    outer loop
      vertex 21.25 133.651 3
      vertex 21 132.464 3
      vertex 21.2943 132.277 3
    endloop
  endfacet
  facet normal 0 0 1
    outer loop
      vertex 21.25 133.651 3
      vertex 20.6905 132.625 3
      vertex 21 132.464 3
    endloop
  endfacet
  facet normal 0 0 1
    outer loop
      vertex 21.25 133.651 3
      vertex 20.3681 132.759 3
      vertex 20.6905 132.625 3
    endloop
  endfacet
  facet normal 0 0 1
    outer loop
      vertex 21.25 133.651 3
      vertex 20.0353 132.864 3
      vertex 20.3681 132.759 3
    endloop
  endfacet
  facet normal 0 0 1
    outer loop
      vertex 21.25 133.651 3
      vertex 19.6946 132.939 3
      vertex 20.0353 132.864 3
    endloop
  endfacet
  facet normal 0 0 1
    outer loop
      vertex 21.25 133.651 3
      vertex 19.3486 132.985 3
      vertex 19.6946 132.939 3
    endloop
  endfacet
  facet normal 0 0 1
    outer loop
      vertex 17.7859 135.651 3
      vertex 19.3486 132.985 3
      vertex 21.25 133.651 3
    endloop
  endfacet
  facet normal 0 0 1
    outer loop
      vertex 19.3486 132.985 3
      vertex 17.7859 135.651 3
      vertex 19 133 3
    endloop
  endfacet
  facet normal 0 0 1
    outer loop
      vertex 19 133 3
      vertex 17.7859 135.651 3
      vertex 18.6514 132.985 3
    endloop
  endfacet
  facet normal 0 0 1
    outer loop
      vertex 18.6514 132.985 3
      vertex 17.7859 135.651 3
      vertex 18.3054 132.939 3
    endloop
  endfacet
  facet normal 0 0 1
    outer loop
      vertex 18.3054 132.939 3
      vertex 17.7859 135.651 3
      vertex 17.9647 132.864 3
    endloop
  endfacet
  facet normal 0 0 1
    outer loop
      vertex 17.9647 132.864 3
      vertex 17.7859 135.651 3
      vertex 17.6319 132.759 3
    endloop
  endfacet
  facet normal 0 0 1
    outer loop
      vertex 28.2859 117.465 3
      vertex 24.7141 117.465 3
      vertex 26.5 114.372 3
    endloop
  endfacet
  facet normal 0 0 1
    outer loop
      vertex 24.7141 117.465 3
      vertex 23.0359 112.372 3
      vertex 26.5 114.372 3
    endloop
  endfacet
  facet normal 0 0 1
    outer loop
      vertex 19.4641 112.372 3
      vertex 23.0359 112.372 3
      vertex 21.25 115.465 3
    endloop
  endfacet
  facet normal -0 0 1
    outer loop
      vertex 21.25 115.465 3
      vertex 23.0359 112.372 3
      vertex 24.7141 117.465 3
    endloop
  endfacet
  facet normal 0 0 1
    outer loop
      vertex 28.2859 99.279 3
      vertex 24.7141 99.279 3
      vertex 26.5 96.186 3
    endloop
  endfacet
  facet normal 0 0 1
    outer loop
      vertex 24.7141 99.279 3
      vertex 23.0359 94.186 3
      vertex 26.5 96.186 3
    endloop
  endfacet
  facet normal 0 0 1
    outer loop
      vertex 19.4641 94.186 3
      vertex 23.0359 94.186 3
      vertex 21.25 97.279 3
    endloop
  endfacet
  facet normal -0 0 1
    outer loop
      vertex 21.25 97.279 3
      vertex 23.0359 94.186 3
      vertex 24.7141 99.279 3
    endloop
  endfacet
  facet normal 0 0 1
    outer loop
      vertex 28.2859 81.093 3
      vertex 24.7141 81.093 3
      vertex 26.5 78 3
    endloop
  endfacet
  facet normal 0 0 1
    outer loop
      vertex 24.7141 81.093 3
      vertex 23.0359 76 3
      vertex 26.5 78 3
    endloop
  endfacet
  facet normal 0 0 1
    outer loop
      vertex 19.4641 76 3
      vertex 23.0359 76 3
      vertex 21.25 79.093 3
    endloop
  endfacet
  facet normal -0 0 1
    outer loop
      vertex 21.25 79.093 3
      vertex 23.0359 76 3
      vertex 24.7141 81.093 3
    endloop
  endfacet
  facet normal 0 0 1
    outer loop
      vertex 28.2859 62.907 3
      vertex 24.7141 62.907 3
      vertex 26.5 59.814 3
    endloop
  endfacet
  facet normal 0 0 1
    outer loop
      vertex 24.7141 62.907 3
      vertex 23.0359 57.814 3
      vertex 26.5 59.814 3
    endloop
  endfacet
  facet normal 0 0 1
    outer loop
      vertex 19.4641 57.814 3
      vertex 23.0359 57.814 3
      vertex 21.25 60.907 3
    endloop
  endfacet
  facet normal -0 0 1
    outer loop
      vertex 21.25 60.907 3
      vertex 23.0359 57.814 3
      vertex 24.7141 62.907 3
    endloop
  endfacet
  facet normal 0 0 1
    outer loop
      vertex 28.2859 44.721 3
      vertex 24.7141 44.721 3
      vertex 26.5 41.628 3
    endloop
  endfacet
  facet normal 0 0 1
    outer loop
      vertex 24.7141 44.721 3
      vertex 23.0359 39.628 3
      vertex 26.5 41.628 3
    endloop
  endfacet
  facet normal 0 0 1
    outer loop
      vertex 19.4641 39.628 3
      vertex 23.0359 39.628 3
      vertex 21.25 42.721 3
    endloop
  endfacet
  facet normal -0 0 1
    outer loop
      vertex 21.25 42.721 3
      vertex 23.0359 39.628 3
      vertex 24.7141 44.721 3
    endloop
  endfacet
  facet normal 0 0 1
    outer loop
      vertex 28.2859 26.535 3
      vertex 24.7141 26.535 3
      vertex 26.5 23.442 3
    endloop
  endfacet
  facet normal 0 0 1
    outer loop
      vertex 24.7141 26.535 3
      vertex 23.0359 21.442 3
      vertex 26.5 23.442 3
    endloop
  endfacet
  facet normal 0 0 1
    outer loop
      vertex 23.0359 21.442 3
      vertex 23 19 3
      vertex 23.0359 17.442 3
    endloop
  endfacet
  facet normal 0 0 1
    outer loop
      vertex 23.0359 21.442 3
      vertex 22.9848 19.3486 3
      vertex 23 19 3
    endloop
  endfacet
  facet normal 0 0 1
    outer loop
      vertex 23.0359 21.442 3
      vertex 22.9392 19.6946 3
      vertex 22.9848 19.3486 3
    endloop
  endfacet
  facet normal 0 0 1
    outer loop
      vertex 23.0359 21.442 3
      vertex 22.8637 20.0353 3
      vertex 22.9392 19.6946 3
    endloop
  endfacet
  facet normal 0 0 1
    outer loop
      vertex 23.0359 21.442 3
      vertex 22.7588 20.3681 3
      vertex 22.8637 20.0353 3
    endloop
  endfacet
  facet normal 0 0 1
    outer loop
      vertex 23.0359 21.442 3
      vertex 22.6252 20.6905 3
      vertex 22.7588 20.3681 3
    endloop
  endfacet
  facet normal -0 0 1
    outer loop
      vertex 21.25 24.535 3
      vertex 23.0359 21.442 3
      vertex 24.7141 26.535 3
    endloop
  endfacet
  facet normal 0 0 1
    outer loop
      vertex 23.0359 21.442 3
      vertex 22.4641 21 3
      vertex 22.6252 20.6905 3
    endloop
  endfacet
  facet normal 0 0 1
    outer loop
      vertex 23.0359 21.442 3
      vertex 22.2766 21.2943 3
      vertex 22.4641 21 3
    endloop
  endfacet
  facet normal 0 0 1
    outer loop
      vertex 23.0359 21.442 3
      vertex 22.0642 21.5711 3
      vertex 22.2766 21.2943 3
    endloop
  endfacet
  facet normal 0 0 1
    outer loop
      vertex 23.0359 21.442 3
      vertex 21.8284 21.8284 3
      vertex 22.0642 21.5711 3
    endloop
  endfacet
  facet normal -0 -0 1
    outer loop
      vertex 21.5711 22.0642 3
      vertex 23.0359 21.442 3
      vertex 21.25 24.535 3
    endloop
  endfacet
  facet normal 0 0 1
    outer loop
      vertex 23.0359 21.442 3
      vertex 21.5711 22.0642 3
      vertex 21.8284 21.8284 3
    endloop
  endfacet
  facet normal 0 0 1
    outer loop
      vertex 21.5711 22.0642 3
      vertex 21.25 24.535 3
      vertex 21.2943 22.2766 3
    endloop
  endfacet
  facet normal 0 0 1
    outer loop
      vertex 21.25 24.535 3
      vertex 21 22.4641 3
      vertex 21.2943 22.2766 3
    endloop
  endfacet
  facet normal 0 0 1
    outer loop
      vertex 21.25 24.535 3
      vertex 20.6905 22.6252 3
      vertex 21 22.4641 3
    endloop
  endfacet
  facet normal 0 0 1
    outer loop
      vertex 21.25 24.535 3
      vertex 20.3681 22.7588 3
      vertex 20.6905 22.6252 3
    endloop
  endfacet
  facet normal 0 0 1
    outer loop
      vertex 21.25 24.535 3
      vertex 20.0353 22.8637 3
      vertex 20.3681 22.7588 3
    endloop
  endfacet
  facet normal 0 0 1
    outer loop
      vertex 21.25 24.535 3
      vertex 19.6946 22.9392 3
      vertex 20.0353 22.8637 3
    endloop
  endfacet
  facet normal 0 0 1
    outer loop
      vertex 21.25 24.535 3
      vertex 19.3486 22.9848 3
      vertex 19.6946 22.9392 3
    endloop
  endfacet
  facet normal 0 0 1
    outer loop
      vertex 21.25 24.535 3
      vertex 19 23 3
      vertex 19.3486 22.9848 3
    endloop
  endfacet
  facet normal 0 0 1
    outer loop
      vertex 17.7859 26.535 3
      vertex 19 23 3
      vertex 21.25 24.535 3
    endloop
  endfacet
  facet normal 0 0 1
    outer loop
      vertex 19 23 3
      vertex 17.7859 26.535 3
      vertex 18.6514 22.9848 3
    endloop
  endfacet
  facet normal 0 0 1
    outer loop
      vertex 18.6514 22.9848 3
      vertex 17.7859 26.535 3
      vertex 18.3054 22.9392 3
    endloop
  endfacet
  facet normal 0 0 1
    outer loop
      vertex 18.3054 22.9392 3
      vertex 17.7859 26.535 3
      vertex 17.9647 22.8637 3
    endloop
  endfacet
  facet normal 0 0 1
    outer loop
      vertex 17.9647 22.8637 3
      vertex 17.7859 26.535 3
      vertex 17.6319 22.7588 3
    endloop
  endfacet
  facet normal 0 0 1
    outer loop
      vertex 33.5359 126.558 3
      vertex 29.9641 126.558 3
      vertex 31.75 123.465 3
    endloop
  endfacet
  facet normal 0 0 1
    outer loop
      vertex 29.9641 126.558 3
      vertex 28.2859 121.465 3
      vertex 31.75 123.465 3
    endloop
  endfacet
  facet normal 0 0 1
    outer loop
      vertex 24.7141 121.465 3
      vertex 28.2859 121.465 3
      vertex 26.5 124.558 3
    endloop
  endfacet
  facet normal -0 0 1
    outer loop
      vertex 26.5 124.558 3
      vertex 28.2859 121.465 3
      vertex 29.9641 126.558 3
    endloop
  endfacet
  facet normal 0 0 1
    outer loop
      vertex 33.5359 108.372 3
      vertex 29.9641 108.372 3
      vertex 31.75 105.279 3
    endloop
  endfacet
  facet normal 0 0 1
    outer loop
      vertex 29.9641 108.372 3
      vertex 28.2859 103.279 3
      vertex 31.75 105.279 3
    endloop
  endfacet
  facet normal 0 0 1
    outer loop
      vertex 24.7141 103.279 3
      vertex 28.2859 103.279 3
      vertex 26.5 106.372 3
    endloop
  endfacet
  facet normal -0 0 1
    outer loop
      vertex 26.5 106.372 3
      vertex 28.2859 103.279 3
      vertex 29.9641 108.372 3
    endloop
  endfacet
  facet normal 0 0 1
    outer loop
      vertex 33.5359 90.186 3
      vertex 29.9641 90.186 3
      vertex 31.75 87.093 3
    endloop
  endfacet
  facet normal 0 0 1
    outer loop
      vertex 29.9641 90.186 3
      vertex 28.2859 85.093 3
      vertex 31.75 87.093 3
    endloop
  endfacet
  facet normal 0 0 1
    outer loop
      vertex 24.7141 85.093 3
      vertex 28.2859 85.093 3
      vertex 26.5 88.186 3
    endloop
  endfacet
  facet normal -0 0 1
    outer loop
      vertex 26.5 88.186 3
      vertex 28.2859 85.093 3
      vertex 29.9641 90.186 3
    endloop
  endfacet
  facet normal 0 0 1
    outer loop
      vertex 33.5359 72 3
      vertex 29.9641 72 3
      vertex 31.75 68.907 3
    endloop
  endfacet
  facet normal 0 0 1
    outer loop
      vertex 29.9641 72 3
      vertex 28.2859 66.907 3
      vertex 31.75 68.907 3
    endloop
  endfacet
  facet normal 0 0 1
    outer loop
      vertex 24.7141 66.907 3
      vertex 28.2859 66.907 3
      vertex 26.5 70 3
    endloop
  endfacet
  facet normal -0 0 1
    outer loop
      vertex 26.5 70 3
      vertex 28.2859 66.907 3
      vertex 29.9641 72 3
    endloop
  endfacet
  facet normal 0 0 1
    outer loop
      vertex 33.5359 53.814 3
      vertex 29.9641 53.814 3
      vertex 31.75 50.721 3
    endloop
  endfacet
  facet normal 0 0 1
    outer loop
      vertex 29.9641 53.814 3
      vertex 28.2859 48.721 3
      vertex 31.75 50.721 3
    endloop
  endfacet
  facet normal 0 0 1
    outer loop
      vertex 24.7141 48.721 3
      vertex 28.2859 48.721 3
      vertex 26.5 51.814 3
    endloop
  endfacet
  facet normal -0 0 1
    outer loop
      vertex 26.5 51.814 3
      vertex 28.2859 48.721 3
      vertex 29.9641 53.814 3
    endloop
  endfacet
  facet normal 0 0 1
    outer loop
      vertex 33.5359 35.628 3
      vertex 29.9641 35.628 3
      vertex 31.75 32.535 3
    endloop
  endfacet
  facet normal 0 0 1
    outer loop
      vertex 29.9641 35.628 3
      vertex 28.2859 30.535 3
      vertex 31.75 32.535 3
    endloop
  endfacet
  facet normal 0 0 1
    outer loop
      vertex 24.7141 30.535 3
      vertex 28.2859 30.535 3
      vertex 26.5 33.628 3
    endloop
  endfacet
  facet normal -0 0 1
    outer loop
      vertex 26.5 33.628 3
      vertex 28.2859 30.535 3
      vertex 29.9641 35.628 3
    endloop
  endfacet
  facet normal 0 0 1
    outer loop
      vertex 38.7859 135.651 3
      vertex 35.2141 135.651 3
      vertex 37 132.558 3
    endloop
  endfacet
  facet normal 0 0 1
    outer loop
      vertex 35.2141 135.651 3
      vertex 33.5359 130.558 3
      vertex 37 132.558 3
    endloop
  endfacet
  facet normal 0 0 1
    outer loop
      vertex 29.9641 130.558 3
      vertex 33.5359 130.558 3
      vertex 31.75 133.651 3
    endloop
  endfacet
  facet normal -0 0 1
    outer loop
      vertex 31.75 133.651 3
      vertex 33.5359 130.558 3
      vertex 35.2141 135.651 3
    endloop
  endfacet
  facet normal 0 0 1
    outer loop
      vertex 38.7859 117.465 3
      vertex 35.2141 117.465 3
      vertex 37 114.372 3
    endloop
  endfacet
  facet normal 0 0 1
    outer loop
      vertex 35.2141 117.465 3
      vertex 33.5359 112.372 3
      vertex 37 114.372 3
    endloop
  endfacet
  facet normal 0 0 1
    outer loop
      vertex 29.9641 112.372 3
      vertex 33.5359 112.372 3
      vertex 31.75 115.465 3
    endloop
  endfacet
  facet normal -0 0 1
    outer loop
      vertex 31.75 115.465 3
      vertex 33.5359 112.372 3
      vertex 35.2141 117.465 3
    endloop
  endfacet
  facet normal 0 0 1
    outer loop
      vertex 38.7859 99.279 3
      vertex 35.2141 99.279 3
      vertex 37 96.186 3
    endloop
  endfacet
  facet normal 0 0 1
    outer loop
      vertex 35.2141 99.279 3
      vertex 33.5359 94.186 3
      vertex 37 96.186 3
    endloop
  endfacet
  facet normal 0 0 1
    outer loop
      vertex 29.9641 94.186 3
      vertex 33.5359 94.186 3
      vertex 31.75 97.279 3
    endloop
  endfacet
  facet normal -0 0 1
    outer loop
      vertex 31.75 97.279 3
      vertex 33.5359 94.186 3
      vertex 35.2141 99.279 3
    endloop
  endfacet
  facet normal 0 0 1
    outer loop
      vertex 38.7859 81.093 3
      vertex 35.2141 81.093 3
      vertex 37 78 3
    endloop
  endfacet
  facet normal 0 0 1
    outer loop
      vertex 35.2141 81.093 3
      vertex 33.5359 76 3
      vertex 37 78 3
    endloop
  endfacet
  facet normal 0 0 1
    outer loop
      vertex 29.9641 76 3
      vertex 33.5359 76 3
      vertex 31.75 79.093 3
    endloop
  endfacet
  facet normal -0 0 1
    outer loop
      vertex 31.75 79.093 3
      vertex 33.5359 76 3
      vertex 35.2141 81.093 3
    endloop
  endfacet
  facet normal 0 0 1
    outer loop
      vertex 38.7859 62.907 3
      vertex 35.2141 62.907 3
      vertex 37 59.814 3
    endloop
  endfacet
  facet normal 0 0 1
    outer loop
      vertex 35.2141 62.907 3
      vertex 33.5359 57.814 3
      vertex 37 59.814 3
    endloop
  endfacet
  facet normal 0 0 1
    outer loop
      vertex 29.9641 57.814 3
      vertex 33.5359 57.814 3
      vertex 31.75 60.907 3
    endloop
  endfacet
  facet normal -0 0 1
    outer loop
      vertex 31.75 60.907 3
      vertex 33.5359 57.814 3
      vertex 35.2141 62.907 3
    endloop
  endfacet
  facet normal 0 0 1
    outer loop
      vertex 38.7859 44.721 3
      vertex 35.2141 44.721 3
      vertex 37 41.628 3
    endloop
  endfacet
  facet normal 0 0 1
    outer loop
      vertex 35.2141 44.721 3
      vertex 33.5359 39.628 3
      vertex 37 41.628 3
    endloop
  endfacet
  facet normal 0 0 1
    outer loop
      vertex 29.9641 39.628 3
      vertex 33.5359 39.628 3
      vertex 31.75 42.721 3
    endloop
  endfacet
  facet normal -0 0 1
    outer loop
      vertex 31.75 42.721 3
      vertex 33.5359 39.628 3
      vertex 35.2141 44.721 3
    endloop
  endfacet
  facet normal 0 0 1
    outer loop
      vertex 38.7859 26.535 3
      vertex 35.2141 26.535 3
      vertex 37 23.442 3
    endloop
  endfacet
  facet normal 0 0 1
    outer loop
      vertex 35.2141 26.535 3
      vertex 33.5359 21.442 3
      vertex 37 23.442 3
    endloop
  endfacet
  facet normal 0 0 1
    outer loop
      vertex 29.9641 17.442 3
      vertex 33.5359 17.442 3
      vertex 33.5359 21.442 3
    endloop
  endfacet
  facet normal -0 0 1
    outer loop
      vertex 31.75 24.535 3
      vertex 33.5359 21.442 3
      vertex 35.2141 26.535 3
    endloop
  endfacet
  facet normal 0 0 1
    outer loop
      vertex 29.9641 21.442 3
      vertex 33.5359 21.442 3
      vertex 31.75 24.535 3
    endloop
  endfacet
  facet normal 0 0 1
    outer loop
      vertex 29.9641 17.442 3
      vertex 33.5359 21.442 3
      vertex 29.9641 21.442 3
    endloop
  endfacet
  facet normal 0 0 1
    outer loop
      vertex 33.5359 17.442 3
      vertex 31.75 14.349 3
      vertex 32.3545 14 3
    endloop
  endfacet
  facet normal 0 0 1
    outer loop
      vertex 33.5359 17.442 3
      vertex 29.9641 17.442 3
      vertex 31.75 14.349 3
    endloop
  endfacet
  facet normal 0 0 1
    outer loop
      vertex 28.2859 26.535 3
      vertex 29.9641 21.442 3
      vertex 31.75 24.535 3
    endloop
  endfacet
  facet normal 0 0 1
    outer loop
      vertex 28.2859 26.535 3
      vertex 26.5 23.442 3
      vertex 29.9641 21.442 3
    endloop
  endfacet
  facet normal 0 0 1
    outer loop
      vertex 28.2859 30.535 3
      vertex 24.7141 30.535 3
      vertex 28.2859 26.535 3
    endloop
  endfacet
  facet normal 0 0 1
    outer loop
      vertex 24.7141 26.535 3
      vertex 28.2859 26.535 3
      vertex 24.7141 30.535 3
    endloop
  endfacet
  facet normal 0 0 1
    outer loop
      vertex 23.0359 35.628 3
      vertex 24.7141 30.535 3
      vertex 26.5 33.628 3
    endloop
  endfacet
  facet normal 0 0 1
    outer loop
      vertex 23.0359 35.628 3
      vertex 21.25 32.535 3
      vertex 24.7141 30.535 3
    endloop
  endfacet
  facet normal 0 0 1
    outer loop
      vertex 23.0359 39.628 3
      vertex 19.4641 39.628 3
      vertex 23.0359 35.628 3
    endloop
  endfacet
  facet normal 0 0 1
    outer loop
      vertex 19.4641 35.628 3
      vertex 23.0359 35.628 3
      vertex 19.4641 39.628 3
    endloop
  endfacet
  facet normal 0 0 1
    outer loop
      vertex 17.7859 44.721 3
      vertex 19.4641 39.628 3
      vertex 21.25 42.721 3
    endloop
  endfacet
  facet normal 0 0 1
    outer loop
      vertex 17.7859 44.721 3
      vertex 16 41.628 3
      vertex 19.4641 39.628 3
    endloop
  endfacet
  facet normal 0 0 1
    outer loop
      vertex 17.7859 48.721 3
      vertex 14.2141 48.721 3
      vertex 17.7859 44.721 3
    endloop
  endfacet
  facet normal 0 0 1
    outer loop
      vertex 14.2141 44.721 3
      vertex 17.7859 44.721 3
      vertex 14.2141 48.721 3
    endloop
  endfacet
  facet normal 0 0 1
    outer loop
      vertex 14 48.8446 3
      vertex 16 51.814 3
      vertex 14 52.9687 3
    endloop
  endfacet
  facet normal 0 0 1
    outer loop
      vertex 16 51.814 3
      vertex 14 48.8446 3
      vertex 14.2141 48.721 3
    endloop
  endfacet
  facet normal 0 0 1
    outer loop
      vertex 44.0359 126.558 3
      vertex 40.4641 126.558 3
      vertex 42.25 123.465 3
    endloop
  endfacet
  facet normal 0 0 1
    outer loop
      vertex 40.4641 126.558 3
      vertex 38.7859 121.465 3
      vertex 42.25 123.465 3
    endloop
  endfacet
  facet normal 0 0 1
    outer loop
      vertex 35.2141 121.465 3
      vertex 38.7859 121.465 3
      vertex 37 124.558 3
    endloop
  endfacet
  facet normal -0 0 1
    outer loop
      vertex 37 124.558 3
      vertex 38.7859 121.465 3
      vertex 40.4641 126.558 3
    endloop
  endfacet
  facet normal 0 0 1
    outer loop
      vertex 44.0359 108.372 3
      vertex 40.4641 108.372 3
      vertex 42.25 105.279 3
    endloop
  endfacet
  facet normal 0 0 1
    outer loop
      vertex 40.4641 108.372 3
      vertex 38.7859 103.279 3
      vertex 42.25 105.279 3
    endloop
  endfacet
  facet normal 0 0 1
    outer loop
      vertex 35.2141 103.279 3
      vertex 38.7859 103.279 3
      vertex 37 106.372 3
    endloop
  endfacet
  facet normal -0 0 1
    outer loop
      vertex 37 106.372 3
      vertex 38.7859 103.279 3
      vertex 40.4641 108.372 3
    endloop
  endfacet
  facet normal 0 0 1
    outer loop
      vertex 44.0359 90.186 3
      vertex 40.4641 90.186 3
      vertex 42.25 87.093 3
    endloop
  endfacet
  facet normal 0 0 1
    outer loop
      vertex 40.4641 90.186 3
      vertex 38.7859 85.093 3
      vertex 42.25 87.093 3
    endloop
  endfacet
  facet normal 0 0 1
    outer loop
      vertex 35.2141 85.093 3
      vertex 38.7859 85.093 3
      vertex 37 88.186 3
    endloop
  endfacet
  facet normal -0 0 1
    outer loop
      vertex 37 88.186 3
      vertex 38.7859 85.093 3
      vertex 40.4641 90.186 3
    endloop
  endfacet
  facet normal 0 0 1
    outer loop
      vertex 44.0359 72 3
      vertex 40.4641 72 3
      vertex 42.25 68.907 3
    endloop
  endfacet
  facet normal 0 0 1
    outer loop
      vertex 40.4641 72 3
      vertex 38.7859 66.907 3
      vertex 42.25 68.907 3
    endloop
  endfacet
  facet normal 0 0 1
    outer loop
      vertex 35.2141 66.907 3
      vertex 38.7859 66.907 3
      vertex 37 70 3
    endloop
  endfacet
  facet normal -0 0 1
    outer loop
      vertex 37 70 3
      vertex 38.7859 66.907 3
      vertex 40.4641 72 3
    endloop
  endfacet
  facet normal 0 0 1
    outer loop
      vertex 44.0359 53.814 3
      vertex 40.4641 53.814 3
      vertex 42.25 50.721 3
    endloop
  endfacet
  facet normal 0 0 1
    outer loop
      vertex 40.4641 53.814 3
      vertex 38.7859 48.721 3
      vertex 42.25 50.721 3
    endloop
  endfacet
  facet normal 0 0 1
    outer loop
      vertex 35.2141 48.721 3
      vertex 38.7859 48.721 3
      vertex 37 51.814 3
    endloop
  endfacet
  facet normal -0 0 1
    outer loop
      vertex 37 51.814 3
      vertex 38.7859 48.721 3
      vertex 40.4641 53.814 3
    endloop
  endfacet
  facet normal 0 0 1
    outer loop
      vertex 44.0359 35.628 3
      vertex 40.4641 35.628 3
      vertex 42.25 32.535 3
    endloop
  endfacet
  facet normal 0 0 1
    outer loop
      vertex 40.4641 35.628 3
      vertex 38.7859 30.535 3
      vertex 42.25 32.535 3
    endloop
  endfacet
  facet normal 0 0 1
    outer loop
      vertex 35.2141 30.535 3
      vertex 38.7859 30.535 3
      vertex 37 33.628 3
    endloop
  endfacet
  facet normal -0 0 1
    outer loop
      vertex 37 33.628 3
      vertex 38.7859 30.535 3
      vertex 40.4641 35.628 3
    endloop
  endfacet
  facet normal 0 0 1
    outer loop
      vertex 49.2859 135.651 3
      vertex 45.7141 135.651 3
      vertex 47.5 132.558 3
    endloop
  endfacet
  facet normal 0 0 1
    outer loop
      vertex 45.7141 135.651 3
      vertex 44.0359 130.558 3
      vertex 47.5 132.558 3
    endloop
  endfacet
  facet normal 0 0 1
    outer loop
      vertex 40.4641 130.558 3
      vertex 44.0359 130.558 3
      vertex 42.25 133.651 3
    endloop
  endfacet
  facet normal -0 0 1
    outer loop
      vertex 42.25 133.651 3
      vertex 44.0359 130.558 3
      vertex 45.7141 135.651 3
    endloop
  endfacet
  facet normal 0 0 1
    outer loop
      vertex 49.2859 117.465 3
      vertex 45.7141 117.465 3
      vertex 47.5 114.372 3
    endloop
  endfacet
  facet normal 0 0 1
    outer loop
      vertex 45.7141 117.465 3
      vertex 44.0359 112.372 3
      vertex 47.5 114.372 3
    endloop
  endfacet
  facet normal 0 0 1
    outer loop
      vertex 40.4641 112.372 3
      vertex 44.0359 112.372 3
      vertex 42.25 115.465 3
    endloop
  endfacet
  facet normal -0 0 1
    outer loop
      vertex 42.25 115.465 3
      vertex 44.0359 112.372 3
      vertex 45.7141 117.465 3
    endloop
  endfacet
  facet normal 0 0 1
    outer loop
      vertex 49.2859 99.279 3
      vertex 45.7141 99.279 3
      vertex 47.5 96.186 3
    endloop
  endfacet
  facet normal 0 0 1
    outer loop
      vertex 45.7141 99.279 3
      vertex 44.0359 94.186 3
      vertex 47.5 96.186 3
    endloop
  endfacet
  facet normal 0 0 1
    outer loop
      vertex 40.4641 94.186 3
      vertex 44.0359 94.186 3
      vertex 42.25 97.279 3
    endloop
  endfacet
  facet normal -0 0 1
    outer loop
      vertex 42.25 97.279 3
      vertex 44.0359 94.186 3
      vertex 45.7141 99.279 3
    endloop
  endfacet
  facet normal 0 0 1
    outer loop
      vertex 49.2859 81.093 3
      vertex 45.7141 81.093 3
      vertex 47.5 78 3
    endloop
  endfacet
  facet normal 0 0 1
    outer loop
      vertex 45.7141 81.093 3
      vertex 44.0359 76 3
      vertex 47.5 78 3
    endloop
  endfacet
  facet normal 0 0 1
    outer loop
      vertex 40.4641 76 3
      vertex 44.0359 76 3
      vertex 42.25 79.093 3
    endloop
  endfacet
  facet normal -0 0 1
    outer loop
      vertex 42.25 79.093 3
      vertex 44.0359 76 3
      vertex 45.7141 81.093 3
    endloop
  endfacet
  facet normal 0 0 1
    outer loop
      vertex 49.2859 62.907 3
      vertex 45.7141 62.907 3
      vertex 47.5 59.814 3
    endloop
  endfacet
  facet normal 0 0 1
    outer loop
      vertex 45.7141 62.907 3
      vertex 44.0359 57.814 3
      vertex 47.5 59.814 3
    endloop
  endfacet
  facet normal 0 0 1
    outer loop
      vertex 40.4641 57.814 3
      vertex 44.0359 57.814 3
      vertex 42.25 60.907 3
    endloop
  endfacet
  facet normal -0 0 1
    outer loop
      vertex 42.25 60.907 3
      vertex 44.0359 57.814 3
      vertex 45.7141 62.907 3
    endloop
  endfacet
  facet normal 0 0 1
    outer loop
      vertex 49.2859 44.721 3
      vertex 45.7141 44.721 3
      vertex 47.5 41.628 3
    endloop
  endfacet
  facet normal 0 0 1
    outer loop
      vertex 45.7141 44.721 3
      vertex 44.0359 39.628 3
      vertex 47.5 41.628 3
    endloop
  endfacet
  facet normal 0 0 1
    outer loop
      vertex 40.4641 39.628 3
      vertex 44.0359 39.628 3
      vertex 42.25 42.721 3
    endloop
  endfacet
  facet normal -0 0 1
    outer loop
      vertex 42.25 42.721 3
      vertex 44.0359 39.628 3
      vertex 45.7141 44.721 3
    endloop
  endfacet
  facet normal 0 0 1
    outer loop
      vertex 49.2859 26.535 3
      vertex 45.7141 26.535 3
      vertex 47.5 23.442 3
    endloop
  endfacet
  facet normal 0 0 1
    outer loop
      vertex 45.7141 26.535 3
      vertex 44.0359 21.442 3
      vertex 47.5 23.442 3
    endloop
  endfacet
  facet normal 0 0 1
    outer loop
      vertex 40.4641 17.442 3
      vertex 44.0359 17.442 3
      vertex 44.0359 21.442 3
    endloop
  endfacet
  facet normal -0 0 1
    outer loop
      vertex 42.25 24.535 3
      vertex 44.0359 21.442 3
      vertex 45.7141 26.535 3
    endloop
  endfacet
  facet normal 0 0 1
    outer loop
      vertex 40.4641 21.442 3
      vertex 44.0359 21.442 3
      vertex 42.25 24.535 3
    endloop
  endfacet
  facet normal 0 0 1
    outer loop
      vertex 40.4641 17.442 3
      vertex 44.0359 21.442 3
      vertex 40.4641 21.442 3
    endloop
  endfacet
  facet normal 0 0 1
    outer loop
      vertex 44.0359 17.442 3
      vertex 42.25 14.349 3
      vertex 42.8545 14 3
    endloop
  endfacet
  facet normal 0 0 1
    outer loop
      vertex 44.0359 17.442 3
      vertex 40.4641 17.442 3
      vertex 42.25 14.349 3
    endloop
  endfacet
  facet normal 0 0 1
    outer loop
      vertex 38.7859 26.535 3
      vertex 40.4641 21.442 3
      vertex 42.25 24.535 3
    endloop
  endfacet
  facet normal 0 0 1
    outer loop
      vertex 38.7859 26.535 3
      vertex 37 23.442 3
      vertex 40.4641 21.442 3
    endloop
  endfacet
  facet normal 0 0 1
    outer loop
      vertex 38.7859 30.535 3
      vertex 35.2141 30.535 3
      vertex 38.7859 26.535 3
    endloop
  endfacet
  facet normal 0 0 1
    outer loop
      vertex 35.2141 26.535 3
      vertex 38.7859 26.535 3
      vertex 35.2141 30.535 3
    endloop
  endfacet
  facet normal 0 0 1
    outer loop
      vertex 33.5359 35.628 3
      vertex 35.2141 30.535 3
      vertex 37 33.628 3
    endloop
  endfacet
  facet normal 0 0 1
    outer loop
      vertex 33.5359 35.628 3
      vertex 31.75 32.535 3
      vertex 35.2141 30.535 3
    endloop
  endfacet
  facet normal 0 0 1
    outer loop
      vertex 33.5359 39.628 3
      vertex 29.9641 39.628 3
      vertex 33.5359 35.628 3
    endloop
  endfacet
  facet normal 0 0 1
    outer loop
      vertex 29.9641 35.628 3
      vertex 33.5359 35.628 3
      vertex 29.9641 39.628 3
    endloop
  endfacet
  facet normal 0 0 1
    outer loop
      vertex 28.2859 44.721 3
      vertex 29.9641 39.628 3
      vertex 31.75 42.721 3
    endloop
  endfacet
  facet normal 0 0 1
    outer loop
      vertex 28.2859 44.721 3
      vertex 26.5 41.628 3
      vertex 29.9641 39.628 3
    endloop
  endfacet
  facet normal 0 0 1
    outer loop
      vertex 28.2859 48.721 3
      vertex 24.7141 48.721 3
      vertex 28.2859 44.721 3
    endloop
  endfacet
  facet normal 0 0 1
    outer loop
      vertex 24.7141 44.721 3
      vertex 28.2859 44.721 3
      vertex 24.7141 48.721 3
    endloop
  endfacet
  facet normal 0 0 1
    outer loop
      vertex 23.0359 53.814 3
      vertex 24.7141 48.721 3
      vertex 26.5 51.814 3
    endloop
  endfacet
  facet normal 0 0 1
    outer loop
      vertex 23.0359 53.814 3
      vertex 21.25 50.721 3
      vertex 24.7141 48.721 3
    endloop
  endfacet
  facet normal 0 0 1
    outer loop
      vertex 23.0359 57.814 3
      vertex 19.4641 57.814 3
      vertex 23.0359 53.814 3
    endloop
  endfacet
  facet normal 0 0 1
    outer loop
      vertex 19.4641 53.814 3
      vertex 23.0359 53.814 3
      vertex 19.4641 57.814 3
    endloop
  endfacet
  facet normal 0 0 1
    outer loop
      vertex 17.7859 62.907 3
      vertex 19.4641 57.814 3
      vertex 21.25 60.907 3
    endloop
  endfacet
  facet normal 0 0 1
    outer loop
      vertex 17.7859 62.907 3
      vertex 16 59.814 3
      vertex 19.4641 57.814 3
    endloop
  endfacet
  facet normal 0 0 1
    outer loop
      vertex 17.7859 66.907 3
      vertex 14.2141 66.907 3
      vertex 17.7859 62.907 3
    endloop
  endfacet
  facet normal 0 0 1
    outer loop
      vertex 14.2141 62.907 3
      vertex 17.7859 62.907 3
      vertex 14.2141 66.907 3
    endloop
  endfacet
  facet normal 0 0 1
    outer loop
      vertex 14 67.0306 3
      vertex 16 70 3
      vertex 14 71.1547 3
    endloop
  endfacet
  facet normal 0 0 1
    outer loop
      vertex 16 70 3
      vertex 14 67.0306 3
      vertex 14.2141 66.907 3
    endloop
  endfacet
  facet normal 0 0 1
    outer loop
      vertex 54.5359 126.558 3
      vertex 50.9641 126.558 3
      vertex 52.75 123.465 3
    endloop
  endfacet
  facet normal 0 0 1
    outer loop
      vertex 50.9641 126.558 3
      vertex 49.2859 121.465 3
      vertex 52.75 123.465 3
    endloop
  endfacet
  facet normal 0 0 1
    outer loop
      vertex 45.7141 121.465 3
      vertex 49.2859 121.465 3
      vertex 47.5 124.558 3
    endloop
  endfacet
  facet normal -0 0 1
    outer loop
      vertex 47.5 124.558 3
      vertex 49.2859 121.465 3
      vertex 50.9641 126.558 3
    endloop
  endfacet
  facet normal 0 0 1
    outer loop
      vertex 54.5359 108.372 3
      vertex 50.9641 108.372 3
      vertex 52.75 105.279 3
    endloop
  endfacet
  facet normal 0 0 1
    outer loop
      vertex 50.9641 108.372 3
      vertex 49.2859 103.279 3
      vertex 52.75 105.279 3
    endloop
  endfacet
  facet normal 0 0 1
    outer loop
      vertex 45.7141 103.279 3
      vertex 49.2859 103.279 3
      vertex 47.5 106.372 3
    endloop
  endfacet
  facet normal -0 0 1
    outer loop
      vertex 47.5 106.372 3
      vertex 49.2859 103.279 3
      vertex 50.9641 108.372 3
    endloop
  endfacet
  facet normal 0 0 1
    outer loop
      vertex 54.5359 90.186 3
      vertex 50.9641 90.186 3
      vertex 52.75 87.093 3
    endloop
  endfacet
  facet normal 0 0 1
    outer loop
      vertex 50.9641 90.186 3
      vertex 49.2859 85.093 3
      vertex 52.75 87.093 3
    endloop
  endfacet
  facet normal 0 0 1
    outer loop
      vertex 45.7141 85.093 3
      vertex 49.2859 85.093 3
      vertex 47.5 88.186 3
    endloop
  endfacet
  facet normal -0 0 1
    outer loop
      vertex 47.5 88.186 3
      vertex 49.2859 85.093 3
      vertex 50.9641 90.186 3
    endloop
  endfacet
  facet normal 0 0 1
    outer loop
      vertex 54.5359 72 3
      vertex 50.9641 72 3
      vertex 52.75 68.907 3
    endloop
  endfacet
  facet normal 0 0 1
    outer loop
      vertex 50.9641 72 3
      vertex 49.2859 66.907 3
      vertex 52.75 68.907 3
    endloop
  endfacet
  facet normal 0 0 1
    outer loop
      vertex 45.7141 66.907 3
      vertex 49.2859 66.907 3
      vertex 47.5 70 3
    endloop
  endfacet
  facet normal -0 0 1
    outer loop
      vertex 47.5 70 3
      vertex 49.2859 66.907 3
      vertex 50.9641 72 3
    endloop
  endfacet
  facet normal 0 0 1
    outer loop
      vertex 54.5359 53.814 3
      vertex 50.9641 53.814 3
      vertex 52.75 50.721 3
    endloop
  endfacet
  facet normal 0 0 1
    outer loop
      vertex 50.9641 53.814 3
      vertex 49.2859 48.721 3
      vertex 52.75 50.721 3
    endloop
  endfacet
  facet normal 0 0 1
    outer loop
      vertex 45.7141 48.721 3
      vertex 49.2859 48.721 3
      vertex 47.5 51.814 3
    endloop
  endfacet
  facet normal -0 0 1
    outer loop
      vertex 47.5 51.814 3
      vertex 49.2859 48.721 3
      vertex 50.9641 53.814 3
    endloop
  endfacet
  facet normal 0 0 1
    outer loop
      vertex 54.5359 35.628 3
      vertex 50.9641 35.628 3
      vertex 52.75 32.535 3
    endloop
  endfacet
  facet normal 0 0 1
    outer loop
      vertex 50.9641 35.628 3
      vertex 49.2859 30.535 3
      vertex 52.75 32.535 3
    endloop
  endfacet
  facet normal 0 0 1
    outer loop
      vertex 45.7141 30.535 3
      vertex 49.2859 30.535 3
      vertex 47.5 33.628 3
    endloop
  endfacet
  facet normal -0 0 1
    outer loop
      vertex 47.5 33.628 3
      vertex 49.2859 30.535 3
      vertex 50.9641 35.628 3
    endloop
  endfacet
  facet normal 0 0 1
    outer loop
      vertex 59.7859 135.651 3
      vertex 56.2141 135.651 3
      vertex 58 132.558 3
    endloop
  endfacet
  facet normal 0 0 1
    outer loop
      vertex 56.2141 135.651 3
      vertex 54.5359 130.558 3
      vertex 58 132.558 3
    endloop
  endfacet
  facet normal 0 0 1
    outer loop
      vertex 50.9641 130.558 3
      vertex 54.5359 130.558 3
      vertex 52.75 133.651 3
    endloop
  endfacet
  facet normal -0 0 1
    outer loop
      vertex 52.75 133.651 3
      vertex 54.5359 130.558 3
      vertex 56.2141 135.651 3
    endloop
  endfacet
  facet normal 0 0 1
    outer loop
      vertex 59.7859 117.465 3
      vertex 56.2141 117.465 3
      vertex 58 114.372 3
    endloop
  endfacet
  facet normal 0 0 1
    outer loop
      vertex 56.2141 117.465 3
      vertex 54.5359 112.372 3
      vertex 58 114.372 3
    endloop
  endfacet
  facet normal 0 0 1
    outer loop
      vertex 50.9641 112.372 3
      vertex 54.5359 112.372 3
      vertex 52.75 115.465 3
    endloop
  endfacet
  facet normal -0 0 1
    outer loop
      vertex 52.75 115.465 3
      vertex 54.5359 112.372 3
      vertex 56.2141 117.465 3
    endloop
  endfacet
  facet normal 0 0 1
    outer loop
      vertex 59.7859 99.279 3
      vertex 56.2141 99.279 3
      vertex 58 96.186 3
    endloop
  endfacet
  facet normal 0 0 1
    outer loop
      vertex 56.2141 99.279 3
      vertex 54.5359 94.186 3
      vertex 58 96.186 3
    endloop
  endfacet
  facet normal 0 0 1
    outer loop
      vertex 50.9641 94.186 3
      vertex 54.5359 94.186 3
      vertex 52.75 97.279 3
    endloop
  endfacet
  facet normal -0 0 1
    outer loop
      vertex 52.75 97.279 3
      vertex 54.5359 94.186 3
      vertex 56.2141 99.279 3
    endloop
  endfacet
  facet normal 0 0 1
    outer loop
      vertex 59.7859 81.093 3
      vertex 56.2141 81.093 3
      vertex 58 78 3
    endloop
  endfacet
  facet normal 0 0 1
    outer loop
      vertex 56.2141 81.093 3
      vertex 54.5359 76 3
      vertex 58 78 3
    endloop
  endfacet
  facet normal 0 0 1
    outer loop
      vertex 50.9641 76 3
      vertex 54.5359 76 3
      vertex 52.75 79.093 3
    endloop
  endfacet
  facet normal -0 0 1
    outer loop
      vertex 52.75 79.093 3
      vertex 54.5359 76 3
      vertex 56.2141 81.093 3
    endloop
  endfacet
  facet normal 0 0 1
    outer loop
      vertex 59.7859 62.907 3
      vertex 56.2141 62.907 3
      vertex 58 59.814 3
    endloop
  endfacet
  facet normal 0 0 1
    outer loop
      vertex 56.2141 62.907 3
      vertex 54.5359 57.814 3
      vertex 58 59.814 3
    endloop
  endfacet
  facet normal 0 0 1
    outer loop
      vertex 50.9641 57.814 3
      vertex 54.5359 57.814 3
      vertex 52.75 60.907 3
    endloop
  endfacet
  facet normal -0 0 1
    outer loop
      vertex 52.75 60.907 3
      vertex 54.5359 57.814 3
      vertex 56.2141 62.907 3
    endloop
  endfacet
  facet normal 0 0 1
    outer loop
      vertex 59.7859 44.721 3
      vertex 56.2141 44.721 3
      vertex 58 41.628 3
    endloop
  endfacet
  facet normal 0 0 1
    outer loop
      vertex 56.2141 44.721 3
      vertex 54.5359 39.628 3
      vertex 58 41.628 3
    endloop
  endfacet
  facet normal 0 0 1
    outer loop
      vertex 50.9641 39.628 3
      vertex 54.5359 39.628 3
      vertex 52.75 42.721 3
    endloop
  endfacet
  facet normal -0 0 1
    outer loop
      vertex 52.75 42.721 3
      vertex 54.5359 39.628 3
      vertex 56.2141 44.721 3
    endloop
  endfacet
  facet normal 0 0 1
    outer loop
      vertex 59.7859 26.535 3
      vertex 56.2141 26.535 3
      vertex 58 23.442 3
    endloop
  endfacet
  facet normal 0 0 1
    outer loop
      vertex 56.2141 26.535 3
      vertex 54.5359 21.442 3
      vertex 58 23.442 3
    endloop
  endfacet
  facet normal 0 0 1
    outer loop
      vertex 50.9641 17.442 3
      vertex 54.5359 17.442 3
      vertex 54.5359 21.442 3
    endloop
  endfacet
  facet normal -0 0 1
    outer loop
      vertex 52.75 24.535 3
      vertex 54.5359 21.442 3
      vertex 56.2141 26.535 3
    endloop
  endfacet
  facet normal 0 0 1
    outer loop
      vertex 50.9641 21.442 3
      vertex 54.5359 21.442 3
      vertex 52.75 24.535 3
    endloop
  endfacet
  facet normal 0 0 1
    outer loop
      vertex 50.9641 17.442 3
      vertex 54.5359 21.442 3
      vertex 50.9641 21.442 3
    endloop
  endfacet
  facet normal 0 0 1
    outer loop
      vertex 54.5359 17.442 3
      vertex 52.75 14.349 3
      vertex 53.3545 14 3
    endloop
  endfacet
  facet normal 0 0 1
    outer loop
      vertex 54.5359 17.442 3
      vertex 50.9641 17.442 3
      vertex 52.75 14.349 3
    endloop
  endfacet
  facet normal 0 0 1
    outer loop
      vertex 49.2859 26.535 3
      vertex 50.9641 21.442 3
      vertex 52.75 24.535 3
    endloop
  endfacet
  facet normal 0 0 1
    outer loop
      vertex 49.2859 26.535 3
      vertex 47.5 23.442 3
      vertex 50.9641 21.442 3
    endloop
  endfacet
  facet normal 0 0 1
    outer loop
      vertex 49.2859 30.535 3
      vertex 45.7141 30.535 3
      vertex 49.2859 26.535 3
    endloop
  endfacet
  facet normal 0 0 1
    outer loop
      vertex 45.7141 26.535 3
      vertex 49.2859 26.535 3
      vertex 45.7141 30.535 3
    endloop
  endfacet
  facet normal 0 0 1
    outer loop
      vertex 44.0359 35.628 3
      vertex 45.7141 30.535 3
      vertex 47.5 33.628 3
    endloop
  endfacet
  facet normal 0 0 1
    outer loop
      vertex 44.0359 35.628 3
      vertex 42.25 32.535 3
      vertex 45.7141 30.535 3
    endloop
  endfacet
  facet normal 0 0 1
    outer loop
      vertex 44.0359 39.628 3
      vertex 40.4641 39.628 3
      vertex 44.0359 35.628 3
    endloop
  endfacet
  facet normal 0 0 1
    outer loop
      vertex 40.4641 35.628 3
      vertex 44.0359 35.628 3
      vertex 40.4641 39.628 3
    endloop
  endfacet
  facet normal 0 0 1
    outer loop
      vertex 38.7859 44.721 3
      vertex 40.4641 39.628 3
      vertex 42.25 42.721 3
    endloop
  endfacet
  facet normal 0 0 1
    outer loop
      vertex 38.7859 44.721 3
      vertex 37 41.628 3
      vertex 40.4641 39.628 3
    endloop
  endfacet
  facet normal 0 0 1
    outer loop
      vertex 38.7859 48.721 3
      vertex 35.2141 48.721 3
      vertex 38.7859 44.721 3
    endloop
  endfacet
  facet normal 0 0 1
    outer loop
      vertex 35.2141 44.721 3
      vertex 38.7859 44.721 3
      vertex 35.2141 48.721 3
    endloop
  endfacet
  facet normal 0 0 1
    outer loop
      vertex 33.5359 53.814 3
      vertex 35.2141 48.721 3
      vertex 37 51.814 3
    endloop
  endfacet
  facet normal 0 0 1
    outer loop
      vertex 33.5359 53.814 3
      vertex 31.75 50.721 3
      vertex 35.2141 48.721 3
    endloop
  endfacet
  facet normal 0 0 1
    outer loop
      vertex 33.5359 57.814 3
      vertex 29.9641 57.814 3
      vertex 33.5359 53.814 3
    endloop
  endfacet
  facet normal 0 0 1
    outer loop
      vertex 29.9641 53.814 3
      vertex 33.5359 53.814 3
      vertex 29.9641 57.814 3
    endloop
  endfacet
  facet normal 0 0 1
    outer loop
      vertex 28.2859 62.907 3
      vertex 29.9641 57.814 3
      vertex 31.75 60.907 3
    endloop
  endfacet
  facet normal 0 0 1
    outer loop
      vertex 28.2859 62.907 3
      vertex 26.5 59.814 3
      vertex 29.9641 57.814 3
    endloop
  endfacet
  facet normal 0 0 1
    outer loop
      vertex 28.2859 66.907 3
      vertex 24.7141 66.907 3
      vertex 28.2859 62.907 3
    endloop
  endfacet
  facet normal 0 0 1
    outer loop
      vertex 24.7141 62.907 3
      vertex 28.2859 62.907 3
      vertex 24.7141 66.907 3
    endloop
  endfacet
  facet normal 0 0 1
    outer loop
      vertex 23.0359 72 3
      vertex 24.7141 66.907 3
      vertex 26.5 70 3
    endloop
  endfacet
  facet normal 0 0 1
    outer loop
      vertex 23.0359 72 3
      vertex 21.25 68.907 3
      vertex 24.7141 66.907 3
    endloop
  endfacet
  facet normal 0 0 1
    outer loop
      vertex 23.0359 76 3
      vertex 19.4641 76 3
      vertex 23.0359 72 3
    endloop
  endfacet
  facet normal 0 0 1
    outer loop
      vertex 19.4641 72 3
      vertex 23.0359 72 3
      vertex 19.4641 76 3
    endloop
  endfacet
  facet normal 0 0 1
    outer loop
      vertex 17.7859 81.093 3
      vertex 19.4641 76 3
      vertex 21.25 79.093 3
    endloop
  endfacet
  facet normal 0 0 1
    outer loop
      vertex 17.7859 81.093 3
      vertex 16 78 3
      vertex 19.4641 76 3
    endloop
  endfacet
  facet normal 0 0 1
    outer loop
      vertex 17.7859 85.093 3
      vertex 14.2141 85.093 3
      vertex 17.7859 81.093 3
    endloop
  endfacet
  facet normal 0 0 1
    outer loop
      vertex 14.2141 81.093 3
      vertex 17.7859 81.093 3
      vertex 14.2141 85.093 3
    endloop
  endfacet
  facet normal 0 0 1
    outer loop
      vertex 14 85.2166 3
      vertex 16 88.186 3
      vertex 14 89.3407 3
    endloop
  endfacet
  facet normal 0 0 1
    outer loop
      vertex 16 88.186 3
      vertex 14 85.2166 3
      vertex 14.2141 85.093 3
    endloop
  endfacet
  facet normal 0 0 1
    outer loop
      vertex 65.0359 126.558 3
      vertex 61.4641 126.558 3
      vertex 63.25 123.465 3
    endloop
  endfacet
  facet normal 0 0 1
    outer loop
      vertex 61.4641 126.558 3
      vertex 59.7859 121.465 3
      vertex 63.25 123.465 3
    endloop
  endfacet
  facet normal 0 0 1
    outer loop
      vertex 56.2141 121.465 3
      vertex 59.7859 121.465 3
      vertex 58 124.558 3
    endloop
  endfacet
  facet normal -0 0 1
    outer loop
      vertex 58 124.558 3
      vertex 59.7859 121.465 3
      vertex 61.4641 126.558 3
    endloop
  endfacet
  facet normal 0 0 1
    outer loop
      vertex 65.0359 108.372 3
      vertex 61.4641 108.372 3
      vertex 63.25 105.279 3
    endloop
  endfacet
  facet normal 0 0 1
    outer loop
      vertex 61.4641 108.372 3
      vertex 59.7859 103.279 3
      vertex 63.25 105.279 3
    endloop
  endfacet
  facet normal 0 0 1
    outer loop
      vertex 56.2141 103.279 3
      vertex 59.7859 103.279 3
      vertex 58 106.372 3
    endloop
  endfacet
  facet normal -0 0 1
    outer loop
      vertex 58 106.372 3
      vertex 59.7859 103.279 3
      vertex 61.4641 108.372 3
    endloop
  endfacet
  facet normal 0 0 1
    outer loop
      vertex 65.0359 90.186 3
      vertex 61.4641 90.186 3
      vertex 63.25 87.093 3
    endloop
  endfacet
  facet normal 0 0 1
    outer loop
      vertex 61.4641 90.186 3
      vertex 59.7859 85.093 3
      vertex 63.25 87.093 3
    endloop
  endfacet
  facet normal 0 0 1
    outer loop
      vertex 56.2141 85.093 3
      vertex 59.7859 85.093 3
      vertex 58 88.186 3
    endloop
  endfacet
  facet normal -0 0 1
    outer loop
      vertex 58 88.186 3
      vertex 59.7859 85.093 3
      vertex 61.4641 90.186 3
    endloop
  endfacet
  facet normal 0 0 1
    outer loop
      vertex 65.0359 72 3
      vertex 61.4641 72 3
      vertex 63.25 68.907 3
    endloop
  endfacet
  facet normal 0 0 1
    outer loop
      vertex 61.4641 72 3
      vertex 59.7859 66.907 3
      vertex 63.25 68.907 3
    endloop
  endfacet
  facet normal 0 0 1
    outer loop
      vertex 56.2141 66.907 3
      vertex 59.7859 66.907 3
      vertex 58 70 3
    endloop
  endfacet
  facet normal -0 0 1
    outer loop
      vertex 58 70 3
      vertex 59.7859 66.907 3
      vertex 61.4641 72 3
    endloop
  endfacet
  facet normal 0 0 1
    outer loop
      vertex 65.0359 53.814 3
      vertex 61.4641 53.814 3
      vertex 63.25 50.721 3
    endloop
  endfacet
  facet normal 0 0 1
    outer loop
      vertex 61.4641 53.814 3
      vertex 59.7859 48.721 3
      vertex 63.25 50.721 3
    endloop
  endfacet
  facet normal 0 0 1
    outer loop
      vertex 56.2141 48.721 3
      vertex 59.7859 48.721 3
      vertex 58 51.814 3
    endloop
  endfacet
  facet normal -0 0 1
    outer loop
      vertex 58 51.814 3
      vertex 59.7859 48.721 3
      vertex 61.4641 53.814 3
    endloop
  endfacet
  facet normal 0 0 1
    outer loop
      vertex 65.0359 35.628 3
      vertex 61.4641 35.628 3
      vertex 63.25 32.535 3
    endloop
  endfacet
  facet normal 0 0 1
    outer loop
      vertex 61.4641 35.628 3
      vertex 59.7859 30.535 3
      vertex 63.25 32.535 3
    endloop
  endfacet
  facet normal 0 0 1
    outer loop
      vertex 56.2141 30.535 3
      vertex 59.7859 30.535 3
      vertex 58 33.628 3
    endloop
  endfacet
  facet normal -0 0 1
    outer loop
      vertex 58 33.628 3
      vertex 59.7859 30.535 3
      vertex 61.4641 35.628 3
    endloop
  endfacet
  facet normal 0 0 1
    outer loop
      vertex 70.2859 135.651 3
      vertex 66.7141 135.651 3
      vertex 68.5 132.558 3
    endloop
  endfacet
  facet normal 0 0 1
    outer loop
      vertex 66.7141 135.651 3
      vertex 65.0359 130.558 3
      vertex 68.5 132.558 3
    endloop
  endfacet
  facet normal 0 0 1
    outer loop
      vertex 61.4641 130.558 3
      vertex 65.0359 130.558 3
      vertex 63.25 133.651 3
    endloop
  endfacet
  facet normal -0 0 1
    outer loop
      vertex 63.25 133.651 3
      vertex 65.0359 130.558 3
      vertex 66.7141 135.651 3
    endloop
  endfacet
  facet normal 0 0 1
    outer loop
      vertex 70.2859 117.465 3
      vertex 66.7141 117.465 3
      vertex 68.5 114.372 3
    endloop
  endfacet
  facet normal 0 0 1
    outer loop
      vertex 66.7141 117.465 3
      vertex 65.0359 112.372 3
      vertex 68.5 114.372 3
    endloop
  endfacet
  facet normal 0 0 1
    outer loop
      vertex 61.4641 112.372 3
      vertex 65.0359 112.372 3
      vertex 63.25 115.465 3
    endloop
  endfacet
  facet normal -0 0 1
    outer loop
      vertex 63.25 115.465 3
      vertex 65.0359 112.372 3
      vertex 66.7141 117.465 3
    endloop
  endfacet
  facet normal 0 0 1
    outer loop
      vertex 70.2859 99.279 3
      vertex 66.7141 99.279 3
      vertex 68.5 96.186 3
    endloop
  endfacet
  facet normal 0 0 1
    outer loop
      vertex 66.7141 99.279 3
      vertex 65.0359 94.186 3
      vertex 68.5 96.186 3
    endloop
  endfacet
  facet normal 0 0 1
    outer loop
      vertex 61.4641 94.186 3
      vertex 65.0359 94.186 3
      vertex 63.25 97.279 3
    endloop
  endfacet
  facet normal -0 0 1
    outer loop
      vertex 63.25 97.279 3
      vertex 65.0359 94.186 3
      vertex 66.7141 99.279 3
    endloop
  endfacet
  facet normal 0 0 1
    outer loop
      vertex 70.2859 81.093 3
      vertex 66.7141 81.093 3
      vertex 68.5 78 3
    endloop
  endfacet
  facet normal 0 0 1
    outer loop
      vertex 66.7141 81.093 3
      vertex 65.0359 76 3
      vertex 68.5 78 3
    endloop
  endfacet
  facet normal 0 0 1
    outer loop
      vertex 61.4641 76 3
      vertex 65.0359 76 3
      vertex 63.25 79.093 3
    endloop
  endfacet
  facet normal -0 0 1
    outer loop
      vertex 63.25 79.093 3
      vertex 65.0359 76 3
      vertex 66.7141 81.093 3
    endloop
  endfacet
  facet normal 0 0 1
    outer loop
      vertex 70.2859 62.907 3
      vertex 66.7141 62.907 3
      vertex 68.5 59.814 3
    endloop
  endfacet
  facet normal 0 0 1
    outer loop
      vertex 66.7141 62.907 3
      vertex 65.0359 57.814 3
      vertex 68.5 59.814 3
    endloop
  endfacet
  facet normal 0 0 1
    outer loop
      vertex 61.4641 57.814 3
      vertex 65.0359 57.814 3
      vertex 63.25 60.907 3
    endloop
  endfacet
  facet normal -0 0 1
    outer loop
      vertex 63.25 60.907 3
      vertex 65.0359 57.814 3
      vertex 66.7141 62.907 3
    endloop
  endfacet
  facet normal 0 0 1
    outer loop
      vertex 70.2859 44.721 3
      vertex 66.7141 44.721 3
      vertex 68.5 41.628 3
    endloop
  endfacet
  facet normal 0 0 1
    outer loop
      vertex 66.7141 44.721 3
      vertex 65.0359 39.628 3
      vertex 68.5 41.628 3
    endloop
  endfacet
  facet normal 0 0 1
    outer loop
      vertex 61.4641 39.628 3
      vertex 65.0359 39.628 3
      vertex 63.25 42.721 3
    endloop
  endfacet
  facet normal -0 0 1
    outer loop
      vertex 63.25 42.721 3
      vertex 65.0359 39.628 3
      vertex 66.7141 44.721 3
    endloop
  endfacet
  facet normal 0 0 1
    outer loop
      vertex 70.2859 26.535 3
      vertex 66.7141 26.535 3
      vertex 68.5 23.442 3
    endloop
  endfacet
  facet normal 0 0 1
    outer loop
      vertex 66.7141 26.535 3
      vertex 65.0359 21.442 3
      vertex 68.5 23.442 3
    endloop
  endfacet
  facet normal 0 0 1
    outer loop
      vertex 61.4641 17.442 3
      vertex 65.0359 17.442 3
      vertex 65.0359 21.442 3
    endloop
  endfacet
  facet normal -0 0 1
    outer loop
      vertex 63.25 24.535 3
      vertex 65.0359 21.442 3
      vertex 66.7141 26.535 3
    endloop
  endfacet
  facet normal 0 0 1
    outer loop
      vertex 61.4641 21.442 3
      vertex 65.0359 21.442 3
      vertex 63.25 24.535 3
    endloop
  endfacet
  facet normal 0 0 1
    outer loop
      vertex 61.4641 17.442 3
      vertex 65.0359 21.442 3
      vertex 61.4641 21.442 3
    endloop
  endfacet
  facet normal 0 0 1
    outer loop
      vertex 65.0359 17.442 3
      vertex 63.25 14.349 3
      vertex 63.8545 14 3
    endloop
  endfacet
  facet normal 0 0 1
    outer loop
      vertex 65.0359 17.442 3
      vertex 61.4641 17.442 3
      vertex 63.25 14.349 3
    endloop
  endfacet
  facet normal 0 0 1
    outer loop
      vertex 59.7859 26.535 3
      vertex 61.4641 21.442 3
      vertex 63.25 24.535 3
    endloop
  endfacet
  facet normal 0 0 1
    outer loop
      vertex 59.7859 26.535 3
      vertex 58 23.442 3
      vertex 61.4641 21.442 3
    endloop
  endfacet
  facet normal 0 0 1
    outer loop
      vertex 59.7859 30.535 3
      vertex 56.2141 30.535 3
      vertex 59.7859 26.535 3
    endloop
  endfacet
  facet normal 0 0 1
    outer loop
      vertex 56.2141 26.535 3
      vertex 59.7859 26.535 3
      vertex 56.2141 30.535 3
    endloop
  endfacet
  facet normal 0 0 1
    outer loop
      vertex 54.5359 35.628 3
      vertex 56.2141 30.535 3
      vertex 58 33.628 3
    endloop
  endfacet
  facet normal 0 0 1
    outer loop
      vertex 54.5359 35.628 3
      vertex 52.75 32.535 3
      vertex 56.2141 30.535 3
    endloop
  endfacet
  facet normal 0 0 1
    outer loop
      vertex 54.5359 39.628 3
      vertex 50.9641 39.628 3
      vertex 54.5359 35.628 3
    endloop
  endfacet
  facet normal 0 0 1
    outer loop
      vertex 50.9641 35.628 3
      vertex 54.5359 35.628 3
      vertex 50.9641 39.628 3
    endloop
  endfacet
  facet normal 0 0 1
    outer loop
      vertex 49.2859 44.721 3
      vertex 50.9641 39.628 3
      vertex 52.75 42.721 3
    endloop
  endfacet
  facet normal 0 0 1
    outer loop
      vertex 49.2859 44.721 3
      vertex 47.5 41.628 3
      vertex 50.9641 39.628 3
    endloop
  endfacet
  facet normal 0 0 1
    outer loop
      vertex 49.2859 48.721 3
      vertex 45.7141 48.721 3
      vertex 49.2859 44.721 3
    endloop
  endfacet
  facet normal 0 0 1
    outer loop
      vertex 45.7141 44.721 3
      vertex 49.2859 44.721 3
      vertex 45.7141 48.721 3
    endloop
  endfacet
  facet normal 0 0 1
    outer loop
      vertex 44.0359 53.814 3
      vertex 45.7141 48.721 3
      vertex 47.5 51.814 3
    endloop
  endfacet
  facet normal 0 0 1
    outer loop
      vertex 44.0359 53.814 3
      vertex 42.25 50.721 3
      vertex 45.7141 48.721 3
    endloop
  endfacet
  facet normal 0 0 1
    outer loop
      vertex 44.0359 57.814 3
      vertex 40.4641 57.814 3
      vertex 44.0359 53.814 3
    endloop
  endfacet
  facet normal 0 0 1
    outer loop
      vertex 40.4641 53.814 3
      vertex 44.0359 53.814 3
      vertex 40.4641 57.814 3
    endloop
  endfacet
  facet normal 0 0 1
    outer loop
      vertex 38.7859 62.907 3
      vertex 40.4641 57.814 3
      vertex 42.25 60.907 3
    endloop
  endfacet
  facet normal 0 0 1
    outer loop
      vertex 38.7859 62.907 3
      vertex 37 59.814 3
      vertex 40.4641 57.814 3
    endloop
  endfacet
  facet normal 0 0 1
    outer loop
      vertex 38.7859 66.907 3
      vertex 35.2141 66.907 3
      vertex 38.7859 62.907 3
    endloop
  endfacet
  facet normal 0 0 1
    outer loop
      vertex 35.2141 62.907 3
      vertex 38.7859 62.907 3
      vertex 35.2141 66.907 3
    endloop
  endfacet
  facet normal 0 0 1
    outer loop
      vertex 33.5359 72 3
      vertex 35.2141 66.907 3
      vertex 37 70 3
    endloop
  endfacet
  facet normal 0 0 1
    outer loop
      vertex 33.5359 72 3
      vertex 31.75 68.907 3
      vertex 35.2141 66.907 3
    endloop
  endfacet
  facet normal 0 0 1
    outer loop
      vertex 33.5359 76 3
      vertex 29.9641 76 3
      vertex 33.5359 72 3
    endloop
  endfacet
  facet normal 0 0 1
    outer loop
      vertex 29.9641 72 3
      vertex 33.5359 72 3
      vertex 29.9641 76 3
    endloop
  endfacet
  facet normal 0 0 1
    outer loop
      vertex 28.2859 81.093 3
      vertex 29.9641 76 3
      vertex 31.75 79.093 3
    endloop
  endfacet
  facet normal 0 0 1
    outer loop
      vertex 28.2859 81.093 3
      vertex 26.5 78 3
      vertex 29.9641 76 3
    endloop
  endfacet
  facet normal 0 0 1
    outer loop
      vertex 28.2859 85.093 3
      vertex 24.7141 85.093 3
      vertex 28.2859 81.093 3
    endloop
  endfacet
  facet normal 0 0 1
    outer loop
      vertex 24.7141 81.093 3
      vertex 28.2859 81.093 3
      vertex 24.7141 85.093 3
    endloop
  endfacet
  facet normal 0 0 1
    outer loop
      vertex 23.0359 90.186 3
      vertex 24.7141 85.093 3
      vertex 26.5 88.186 3
    endloop
  endfacet
  facet normal 0 0 1
    outer loop
      vertex 23.0359 90.186 3
      vertex 21.25 87.093 3
      vertex 24.7141 85.093 3
    endloop
  endfacet
  facet normal 0 0 1
    outer loop
      vertex 23.0359 94.186 3
      vertex 19.4641 94.186 3
      vertex 23.0359 90.186 3
    endloop
  endfacet
  facet normal 0 0 1
    outer loop
      vertex 19.4641 90.186 3
      vertex 23.0359 90.186 3
      vertex 19.4641 94.186 3
    endloop
  endfacet
  facet normal 0 0 1
    outer loop
      vertex 17.7859 99.279 3
      vertex 19.4641 94.186 3
      vertex 21.25 97.279 3
    endloop
  endfacet
  facet normal 0 0 1
    outer loop
      vertex 17.7859 99.279 3
      vertex 16 96.186 3
      vertex 19.4641 94.186 3
    endloop
  endfacet
  facet normal 0 0 1
    outer loop
      vertex 17.7859 103.279 3
      vertex 14.2141 103.279 3
      vertex 17.7859 99.279 3
    endloop
  endfacet
  facet normal 0 0 1
    outer loop
      vertex 14.2141 99.279 3
      vertex 17.7859 99.279 3
      vertex 14.2141 103.279 3
    endloop
  endfacet
  facet normal 0 0 1
    outer loop
      vertex 14 103.403 3
      vertex 16 106.372 3
      vertex 14 107.527 3
    endloop
  endfacet
  facet normal 0 0 1
    outer loop
      vertex 16 106.372 3
      vertex 14 103.403 3
      vertex 14.2141 103.279 3
    endloop
  endfacet
  facet normal 0 0 1
    outer loop
      vertex 75.5359 126.558 3
      vertex 71.9641 126.558 3
      vertex 73.75 123.465 3
    endloop
  endfacet
  facet normal 0 0 1
    outer loop
      vertex 71.9641 126.558 3
      vertex 70.2859 121.465 3
      vertex 73.75 123.465 3
    endloop
  endfacet
  facet normal 0 0 1
    outer loop
      vertex 66.7141 121.465 3
      vertex 70.2859 121.465 3
      vertex 68.5 124.558 3
    endloop
  endfacet
  facet normal -0 0 1
    outer loop
      vertex 68.5 124.558 3
      vertex 70.2859 121.465 3
      vertex 71.9641 126.558 3
    endloop
  endfacet
  facet normal 0 0 1
    outer loop
      vertex 75.5359 108.372 3
      vertex 71.9641 108.372 3
      vertex 73.75 105.279 3
    endloop
  endfacet
  facet normal 0 0 1
    outer loop
      vertex 71.9641 108.372 3
      vertex 70.2859 103.279 3
      vertex 73.75 105.279 3
    endloop
  endfacet
  facet normal 0 0 1
    outer loop
      vertex 66.7141 103.279 3
      vertex 70.2859 103.279 3
      vertex 68.5 106.372 3
    endloop
  endfacet
  facet normal -0 0 1
    outer loop
      vertex 68.5 106.372 3
      vertex 70.2859 103.279 3
      vertex 71.9641 108.372 3
    endloop
  endfacet
  facet normal 0 0 1
    outer loop
      vertex 75.5359 90.186 3
      vertex 71.9641 90.186 3
      vertex 73.75 87.093 3
    endloop
  endfacet
  facet normal 0 0 1
    outer loop
      vertex 71.9641 90.186 3
      vertex 70.2859 85.093 3
      vertex 73.75 87.093 3
    endloop
  endfacet
  facet normal 0 0 1
    outer loop
      vertex 66.7141 85.093 3
      vertex 70.2859 85.093 3
      vertex 68.5 88.186 3
    endloop
  endfacet
  facet normal -0 0 1
    outer loop
      vertex 68.5 88.186 3
      vertex 70.2859 85.093 3
      vertex 71.9641 90.186 3
    endloop
  endfacet
  facet normal 0 0 1
    outer loop
      vertex 75.5359 72 3
      vertex 71.9641 72 3
      vertex 73.75 68.907 3
    endloop
  endfacet
  facet normal 0 0 1
    outer loop
      vertex 71.9641 72 3
      vertex 70.2859 66.907 3
      vertex 73.75 68.907 3
    endloop
  endfacet
  facet normal 0 0 1
    outer loop
      vertex 66.7141 66.907 3
      vertex 70.2859 66.907 3
      vertex 68.5 70 3
    endloop
  endfacet
  facet normal -0 0 1
    outer loop
      vertex 68.5 70 3
      vertex 70.2859 66.907 3
      vertex 71.9641 72 3
    endloop
  endfacet
  facet normal 0 0 1
    outer loop
      vertex 75.5359 53.814 3
      vertex 71.9641 53.814 3
      vertex 73.75 50.721 3
    endloop
  endfacet
  facet normal 0 0 1
    outer loop
      vertex 71.9641 53.814 3
      vertex 70.2859 48.721 3
      vertex 73.75 50.721 3
    endloop
  endfacet
  facet normal 0 0 1
    outer loop
      vertex 66.7141 48.721 3
      vertex 70.2859 48.721 3
      vertex 68.5 51.814 3
    endloop
  endfacet
  facet normal -0 0 1
    outer loop
      vertex 68.5 51.814 3
      vertex 70.2859 48.721 3
      vertex 71.9641 53.814 3
    endloop
  endfacet
  facet normal 0 0 1
    outer loop
      vertex 75.5359 35.628 3
      vertex 71.9641 35.628 3
      vertex 73.75 32.535 3
    endloop
  endfacet
  facet normal 0 0 1
    outer loop
      vertex 71.9641 35.628 3
      vertex 70.2859 30.535 3
      vertex 73.75 32.535 3
    endloop
  endfacet
  facet normal 0 0 1
    outer loop
      vertex 66.7141 30.535 3
      vertex 70.2859 30.535 3
      vertex 68.5 33.628 3
    endloop
  endfacet
  facet normal -0 0 1
    outer loop
      vertex 68.5 33.628 3
      vertex 70.2859 30.535 3
      vertex 71.9641 35.628 3
    endloop
  endfacet
  facet normal 0 0 1
    outer loop
      vertex 80.7859 135.651 3
      vertex 77.2141 135.651 3
      vertex 79 132.558 3
    endloop
  endfacet
  facet normal 0 0 1
    outer loop
      vertex 77.2141 135.651 3
      vertex 75.5359 130.558 3
      vertex 79 132.558 3
    endloop
  endfacet
  facet normal 0 0 1
    outer loop
      vertex 71.9641 130.558 3
      vertex 75.5359 130.558 3
      vertex 73.75 133.651 3
    endloop
  endfacet
  facet normal -0 0 1
    outer loop
      vertex 73.75 133.651 3
      vertex 75.5359 130.558 3
      vertex 77.2141 135.651 3
    endloop
  endfacet
  facet normal 0 0 1
    outer loop
      vertex 80.7859 117.465 3
      vertex 77.2141 117.465 3
      vertex 79 114.372 3
    endloop
  endfacet
  facet normal 0 0 1
    outer loop
      vertex 77.2141 117.465 3
      vertex 75.5359 112.372 3
      vertex 79 114.372 3
    endloop
  endfacet
  facet normal 0 0 1
    outer loop
      vertex 71.9641 112.372 3
      vertex 75.5359 112.372 3
      vertex 73.75 115.465 3
    endloop
  endfacet
  facet normal -0 0 1
    outer loop
      vertex 73.75 115.465 3
      vertex 75.5359 112.372 3
      vertex 77.2141 117.465 3
    endloop
  endfacet
  facet normal 0 0 1
    outer loop
      vertex 80.7859 99.279 3
      vertex 77.2141 99.279 3
      vertex 79 96.186 3
    endloop
  endfacet
  facet normal 0 0 1
    outer loop
      vertex 77.2141 99.279 3
      vertex 75.5359 94.186 3
      vertex 79 96.186 3
    endloop
  endfacet
  facet normal 0 0 1
    outer loop
      vertex 71.9641 94.186 3
      vertex 75.5359 94.186 3
      vertex 73.75 97.279 3
    endloop
  endfacet
  facet normal -0 0 1
    outer loop
      vertex 73.75 97.279 3
      vertex 75.5359 94.186 3
      vertex 77.2141 99.279 3
    endloop
  endfacet
  facet normal 0 0 1
    outer loop
      vertex 80.7859 81.093 3
      vertex 77.2141 81.093 3
      vertex 79 78 3
    endloop
  endfacet
  facet normal 0 0 1
    outer loop
      vertex 77.2141 81.093 3
      vertex 75.5359 76 3
      vertex 79 78 3
    endloop
  endfacet
  facet normal 0 0 1
    outer loop
      vertex 71.9641 76 3
      vertex 75.5359 76 3
      vertex 73.75 79.093 3
    endloop
  endfacet
  facet normal -0 0 1
    outer loop
      vertex 73.75 79.093 3
      vertex 75.5359 76 3
      vertex 77.2141 81.093 3
    endloop
  endfacet
  facet normal 0 0 1
    outer loop
      vertex 80.7859 62.907 3
      vertex 77.2141 62.907 3
      vertex 79 59.814 3
    endloop
  endfacet
  facet normal 0 0 1
    outer loop
      vertex 77.2141 62.907 3
      vertex 75.5359 57.814 3
      vertex 79 59.814 3
    endloop
  endfacet
  facet normal 0 0 1
    outer loop
      vertex 71.9641 57.814 3
      vertex 75.5359 57.814 3
      vertex 73.75 60.907 3
    endloop
  endfacet
  facet normal -0 0 1
    outer loop
      vertex 73.75 60.907 3
      vertex 75.5359 57.814 3
      vertex 77.2141 62.907 3
    endloop
  endfacet
  facet normal 0 0 1
    outer loop
      vertex 80.7859 44.721 3
      vertex 77.2141 44.721 3
      vertex 79 41.628 3
    endloop
  endfacet
  facet normal 0 0 1
    outer loop
      vertex 77.2141 44.721 3
      vertex 75.5359 39.628 3
      vertex 79 41.628 3
    endloop
  endfacet
  facet normal 0 0 1
    outer loop
      vertex 71.9641 39.628 3
      vertex 75.5359 39.628 3
      vertex 73.75 42.721 3
    endloop
  endfacet
  facet normal -0 0 1
    outer loop
      vertex 73.75 42.721 3
      vertex 75.5359 39.628 3
      vertex 77.2141 44.721 3
    endloop
  endfacet
  facet normal 0 0 1
    outer loop
      vertex 80.7859 26.535 3
      vertex 77.2141 26.535 3
      vertex 79 23.442 3
    endloop
  endfacet
  facet normal 0 0 1
    outer loop
      vertex 77.2141 26.535 3
      vertex 75.5359 21.442 3
      vertex 79 23.442 3
    endloop
  endfacet
  facet normal 0 0 1
    outer loop
      vertex 71.9641 17.442 3
      vertex 75.5359 17.442 3
      vertex 75.5359 21.442 3
    endloop
  endfacet
  facet normal -0 0 1
    outer loop
      vertex 73.75 24.535 3
      vertex 75.5359 21.442 3
      vertex 77.2141 26.535 3
    endloop
  endfacet
  facet normal 0 0 1
    outer loop
      vertex 71.9641 21.442 3
      vertex 75.5359 21.442 3
      vertex 73.75 24.535 3
    endloop
  endfacet
  facet normal 0 0 1
    outer loop
      vertex 71.9641 17.442 3
      vertex 75.5359 21.442 3
      vertex 71.9641 21.442 3
    endloop
  endfacet
  facet normal 0 0 1
    outer loop
      vertex 75.5359 17.442 3
      vertex 73.75 14.349 3
      vertex 74.3545 14 3
    endloop
  endfacet
  facet normal 0 0 1
    outer loop
      vertex 75.5359 17.442 3
      vertex 71.9641 17.442 3
      vertex 73.75 14.349 3
    endloop
  endfacet
  facet normal 0 0 1
    outer loop
      vertex 70.2859 26.535 3
      vertex 71.9641 21.442 3
      vertex 73.75 24.535 3
    endloop
  endfacet
  facet normal 0 0 1
    outer loop
      vertex 70.2859 26.535 3
      vertex 68.5 23.442 3
      vertex 71.9641 21.442 3
    endloop
  endfacet
  facet normal 0 0 1
    outer loop
      vertex 70.2859 30.535 3
      vertex 66.7141 30.535 3
      vertex 70.2859 26.535 3
    endloop
  endfacet
  facet normal 0 0 1
    outer loop
      vertex 66.7141 26.535 3
      vertex 70.2859 26.535 3
      vertex 66.7141 30.535 3
    endloop
  endfacet
  facet normal 0 0 1
    outer loop
      vertex 65.0359 35.628 3
      vertex 66.7141 30.535 3
      vertex 68.5 33.628 3
    endloop
  endfacet
  facet normal 0 0 1
    outer loop
      vertex 65.0359 35.628 3
      vertex 63.25 32.535 3
      vertex 66.7141 30.535 3
    endloop
  endfacet
  facet normal 0 0 1
    outer loop
      vertex 65.0359 39.628 3
      vertex 61.4641 39.628 3
      vertex 65.0359 35.628 3
    endloop
  endfacet
  facet normal 0 0 1
    outer loop
      vertex 61.4641 35.628 3
      vertex 65.0359 35.628 3
      vertex 61.4641 39.628 3
    endloop
  endfacet
  facet normal 0 0 1
    outer loop
      vertex 59.7859 44.721 3
      vertex 61.4641 39.628 3
      vertex 63.25 42.721 3
    endloop
  endfacet
  facet normal 0 0 1
    outer loop
      vertex 59.7859 44.721 3
      vertex 58 41.628 3
      vertex 61.4641 39.628 3
    endloop
  endfacet
  facet normal 0 0 1
    outer loop
      vertex 59.7859 48.721 3
      vertex 56.2141 48.721 3
      vertex 59.7859 44.721 3
    endloop
  endfacet
  facet normal 0 0 1
    outer loop
      vertex 56.2141 44.721 3
      vertex 59.7859 44.721 3
      vertex 56.2141 48.721 3
    endloop
  endfacet
  facet normal 0 0 1
    outer loop
      vertex 54.5359 53.814 3
      vertex 56.2141 48.721 3
      vertex 58 51.814 3
    endloop
  endfacet
  facet normal 0 0 1
    outer loop
      vertex 54.5359 53.814 3
      vertex 52.75 50.721 3
      vertex 56.2141 48.721 3
    endloop
  endfacet
  facet normal 0 0 1
    outer loop
      vertex 54.5359 57.814 3
      vertex 50.9641 57.814 3
      vertex 54.5359 53.814 3
    endloop
  endfacet
  facet normal 0 0 1
    outer loop
      vertex 50.9641 53.814 3
      vertex 54.5359 53.814 3
      vertex 50.9641 57.814 3
    endloop
  endfacet
  facet normal 0 0 1
    outer loop
      vertex 49.2859 62.907 3
      vertex 50.9641 57.814 3
      vertex 52.75 60.907 3
    endloop
  endfacet
  facet normal 0 0 1
    outer loop
      vertex 49.2859 62.907 3
      vertex 47.5 59.814 3
      vertex 50.9641 57.814 3
    endloop
  endfacet
  facet normal 0 0 1
    outer loop
      vertex 49.2859 66.907 3
      vertex 45.7141 66.907 3
      vertex 49.2859 62.907 3
    endloop
  endfacet
  facet normal 0 0 1
    outer loop
      vertex 45.7141 62.907 3
      vertex 49.2859 62.907 3
      vertex 45.7141 66.907 3
    endloop
  endfacet
  facet normal 0 0 1
    outer loop
      vertex 44.0359 72 3
      vertex 45.7141 66.907 3
      vertex 47.5 70 3
    endloop
  endfacet
  facet normal 0 0 1
    outer loop
      vertex 44.0359 72 3
      vertex 42.25 68.907 3
      vertex 45.7141 66.907 3
    endloop
  endfacet
  facet normal 0 0 1
    outer loop
      vertex 44.0359 76 3
      vertex 40.4641 76 3
      vertex 44.0359 72 3
    endloop
  endfacet
  facet normal 0 0 1
    outer loop
      vertex 40.4641 72 3
      vertex 44.0359 72 3
      vertex 40.4641 76 3
    endloop
  endfacet
  facet normal 0 0 1
    outer loop
      vertex 38.7859 81.093 3
      vertex 40.4641 76 3
      vertex 42.25 79.093 3
    endloop
  endfacet
  facet normal 0 0 1
    outer loop
      vertex 38.7859 81.093 3
      vertex 37 78 3
      vertex 40.4641 76 3
    endloop
  endfacet
  facet normal 0 0 1
    outer loop
      vertex 38.7859 85.093 3
      vertex 35.2141 85.093 3
      vertex 38.7859 81.093 3
    endloop
  endfacet
  facet normal 0 0 1
    outer loop
      vertex 35.2141 81.093 3
      vertex 38.7859 81.093 3
      vertex 35.2141 85.093 3
    endloop
  endfacet
  facet normal 0 0 1
    outer loop
      vertex 33.5359 90.186 3
      vertex 35.2141 85.093 3
      vertex 37 88.186 3
    endloop
  endfacet
  facet normal 0 0 1
    outer loop
      vertex 33.5359 90.186 3
      vertex 31.75 87.093 3
      vertex 35.2141 85.093 3
    endloop
  endfacet
  facet normal 0 0 1
    outer loop
      vertex 33.5359 94.186 3
      vertex 29.9641 94.186 3
      vertex 33.5359 90.186 3
    endloop
  endfacet
  facet normal 0 0 1
    outer loop
      vertex 29.9641 90.186 3
      vertex 33.5359 90.186 3
      vertex 29.9641 94.186 3
    endloop
  endfacet
  facet normal 0 0 1
    outer loop
      vertex 28.2859 99.279 3
      vertex 29.9641 94.186 3
      vertex 31.75 97.279 3
    endloop
  endfacet
  facet normal 0 0 1
    outer loop
      vertex 28.2859 99.279 3
      vertex 26.5 96.186 3
      vertex 29.9641 94.186 3
    endloop
  endfacet
  facet normal 0 0 1
    outer loop
      vertex 28.2859 103.279 3
      vertex 24.7141 103.279 3
      vertex 28.2859 99.279 3
    endloop
  endfacet
  facet normal 0 0 1
    outer loop
      vertex 24.7141 99.279 3
      vertex 28.2859 99.279 3
      vertex 24.7141 103.279 3
    endloop
  endfacet
  facet normal 0 0 1
    outer loop
      vertex 23.0359 108.372 3
      vertex 24.7141 103.279 3
      vertex 26.5 106.372 3
    endloop
  endfacet
  facet normal 0 0 1
    outer loop
      vertex 23.0359 108.372 3
      vertex 21.25 105.279 3
      vertex 24.7141 103.279 3
    endloop
  endfacet
  facet normal 0 0 1
    outer loop
      vertex 23.0359 112.372 3
      vertex 19.4641 112.372 3
      vertex 23.0359 108.372 3
    endloop
  endfacet
  facet normal 0 0 1
    outer loop
      vertex 19.4641 108.372 3
      vertex 23.0359 108.372 3
      vertex 19.4641 112.372 3
    endloop
  endfacet
  facet normal 0 0 1
    outer loop
      vertex 17.7859 117.465 3
      vertex 19.4641 112.372 3
      vertex 21.25 115.465 3
    endloop
  endfacet
  facet normal 0 0 1
    outer loop
      vertex 17.9647 125.136 3
      vertex 16 124.558 3
      vertex 17.7859 121.465 3
    endloop
  endfacet
  facet normal 0 0 1
    outer loop
      vertex 14.2141 121.465 3
      vertex 17.7859 121.465 3
      vertex 16 124.558 3
    endloop
  endfacet
  facet normal 0 0 1
    outer loop
      vertex 17.7859 117.465 3
      vertex 16 114.372 3
      vertex 19.4641 112.372 3
    endloop
  endfacet
  facet normal 0 0 1
    outer loop
      vertex 17.7859 121.465 3
      vertex 14.2141 121.465 3
      vertex 17.7859 117.465 3
    endloop
  endfacet
  facet normal 0 0 1
    outer loop
      vertex 14.2141 117.465 3
      vertex 17.7859 117.465 3
      vertex 14.2141 121.465 3
    endloop
  endfacet
  facet normal 0 0 1
    outer loop
      vertex 14 121.589 3
      vertex 16 124.558 3
      vertex 14 125.713 3
    endloop
  endfacet
  facet normal 0 0 1
    outer loop
      vertex 16 124.558 3
      vertex 14 121.589 3
      vertex 14.2141 121.465 3
    endloop
  endfacet
  facet normal 0 0 1
    outer loop
      vertex 86.0359 126.558 3
      vertex 82.4641 126.558 3
      vertex 84.25 123.465 3
    endloop
  endfacet
  facet normal 0 0 1
    outer loop
      vertex 82.4641 126.558 3
      vertex 80.7859 121.465 3
      vertex 84.25 123.465 3
    endloop
  endfacet
  facet normal 0 0 1
    outer loop
      vertex 77.2141 121.465 3
      vertex 80.7859 121.465 3
      vertex 79 124.558 3
    endloop
  endfacet
  facet normal -0 0 1
    outer loop
      vertex 79 124.558 3
      vertex 80.7859 121.465 3
      vertex 82.4641 126.558 3
    endloop
  endfacet
  facet normal 0 0 1
    outer loop
      vertex 86.0359 108.372 3
      vertex 82.4641 108.372 3
      vertex 84.25 105.279 3
    endloop
  endfacet
  facet normal 0 0 1
    outer loop
      vertex 82.4641 108.372 3
      vertex 80.7859 103.279 3
      vertex 84.25 105.279 3
    endloop
  endfacet
  facet normal 0 0 1
    outer loop
      vertex 77.2141 103.279 3
      vertex 80.7859 103.279 3
      vertex 79 106.372 3
    endloop
  endfacet
  facet normal -0 0 1
    outer loop
      vertex 79 106.372 3
      vertex 80.7859 103.279 3
      vertex 82.4641 108.372 3
    endloop
  endfacet
  facet normal 0 0 1
    outer loop
      vertex 86.0359 90.186 3
      vertex 82.4641 90.186 3
      vertex 84.25 87.093 3
    endloop
  endfacet
  facet normal 0 0 1
    outer loop
      vertex 82.4641 90.186 3
      vertex 80.7859 85.093 3
      vertex 84.25 87.093 3
    endloop
  endfacet
  facet normal 0 0 1
    outer loop
      vertex 77.2141 85.093 3
      vertex 80.7859 85.093 3
      vertex 79 88.186 3
    endloop
  endfacet
  facet normal -0 0 1
    outer loop
      vertex 79 88.186 3
      vertex 80.7859 85.093 3
      vertex 82.4641 90.186 3
    endloop
  endfacet
  facet normal 0 0 1
    outer loop
      vertex 86.0359 72 3
      vertex 82.4641 72 3
      vertex 84.25 68.907 3
    endloop
  endfacet
  facet normal 0 0 1
    outer loop
      vertex 82.4641 72 3
      vertex 80.7859 66.907 3
      vertex 84.25 68.907 3
    endloop
  endfacet
  facet normal 0 0 1
    outer loop
      vertex 77.2141 66.907 3
      vertex 80.7859 66.907 3
      vertex 79 70 3
    endloop
  endfacet
  facet normal -0 0 1
    outer loop
      vertex 79 70 3
      vertex 80.7859 66.907 3
      vertex 82.4641 72 3
    endloop
  endfacet
  facet normal 0 0 1
    outer loop
      vertex 86.0359 53.814 3
      vertex 82.4641 53.814 3
      vertex 84.25 50.721 3
    endloop
  endfacet
  facet normal 0 0 1
    outer loop
      vertex 82.4641 53.814 3
      vertex 80.7859 48.721 3
      vertex 84.25 50.721 3
    endloop
  endfacet
  facet normal 0 0 1
    outer loop
      vertex 77.2141 48.721 3
      vertex 80.7859 48.721 3
      vertex 79 51.814 3
    endloop
  endfacet
  facet normal -0 0 1
    outer loop
      vertex 79 51.814 3
      vertex 80.7859 48.721 3
      vertex 82.4641 53.814 3
    endloop
  endfacet
  facet normal 0 0 1
    outer loop
      vertex 86.0359 35.628 3
      vertex 82.4641 35.628 3
      vertex 84.25 32.535 3
    endloop
  endfacet
  facet normal 0 0 1
    outer loop
      vertex 82.4641 35.628 3
      vertex 80.7859 30.535 3
      vertex 84.25 32.535 3
    endloop
  endfacet
  facet normal 0 0 1
    outer loop
      vertex 77.2141 30.535 3
      vertex 80.7859 30.535 3
      vertex 79 33.628 3
    endloop
  endfacet
  facet normal -0 0 1
    outer loop
      vertex 79 33.628 3
      vertex 80.7859 30.535 3
      vertex 82.4641 35.628 3
    endloop
  endfacet
  facet normal 0 0 1
    outer loop
      vertex 91.2859 135.651 3
      vertex 87.7141 135.651 3
      vertex 89.5 132.558 3
    endloop
  endfacet
  facet normal 0 0 1
    outer loop
      vertex 87.7141 135.651 3
      vertex 86.0359 130.558 3
      vertex 89.5 132.558 3
    endloop
  endfacet
  facet normal 0 0 1
    outer loop
      vertex 82.4641 130.558 3
      vertex 86.0359 130.558 3
      vertex 84.25 133.651 3
    endloop
  endfacet
  facet normal -0 0 1
    outer loop
      vertex 84.25 133.651 3
      vertex 86.0359 130.558 3
      vertex 87.7141 135.651 3
    endloop
  endfacet
  facet normal 0 0 1
    outer loop
      vertex 91.2859 117.465 3
      vertex 87.7141 117.465 3
      vertex 89.5 114.372 3
    endloop
  endfacet
  facet normal 0 0 1
    outer loop
      vertex 87.7141 117.465 3
      vertex 86.0359 112.372 3
      vertex 89.5 114.372 3
    endloop
  endfacet
  facet normal 0 0 1
    outer loop
      vertex 82.4641 112.372 3
      vertex 86.0359 112.372 3
      vertex 84.25 115.465 3
    endloop
  endfacet
  facet normal -0 0 1
    outer loop
      vertex 84.25 115.465 3
      vertex 86.0359 112.372 3
      vertex 87.7141 117.465 3
    endloop
  endfacet
  facet normal 0 0 1
    outer loop
      vertex 91.2859 99.279 3
      vertex 87.7141 99.279 3
      vertex 89.5 96.186 3
    endloop
  endfacet
  facet normal 0 0 1
    outer loop
      vertex 87.7141 99.279 3
      vertex 86.0359 94.186 3
      vertex 89.5 96.186 3
    endloop
  endfacet
  facet normal 0 0 1
    outer loop
      vertex 82.4641 94.186 3
      vertex 86.0359 94.186 3
      vertex 84.25 97.279 3
    endloop
  endfacet
  facet normal -0 0 1
    outer loop
      vertex 84.25 97.279 3
      vertex 86.0359 94.186 3
      vertex 87.7141 99.279 3
    endloop
  endfacet
  facet normal 0 0 1
    outer loop
      vertex 91.2859 81.093 3
      vertex 87.7141 81.093 3
      vertex 89.5 78 3
    endloop
  endfacet
  facet normal 0 0 1
    outer loop
      vertex 87.7141 81.093 3
      vertex 86.0359 76 3
      vertex 89.5 78 3
    endloop
  endfacet
  facet normal 0 0 1
    outer loop
      vertex 82.4641 76 3
      vertex 86.0359 76 3
      vertex 84.25 79.093 3
    endloop
  endfacet
  facet normal -0 0 1
    outer loop
      vertex 84.25 79.093 3
      vertex 86.0359 76 3
      vertex 87.7141 81.093 3
    endloop
  endfacet
  facet normal 0 0 1
    outer loop
      vertex 91.2859 62.907 3
      vertex 87.7141 62.907 3
      vertex 89.5 59.814 3
    endloop
  endfacet
  facet normal 0 0 1
    outer loop
      vertex 87.7141 62.907 3
      vertex 86.0359 57.814 3
      vertex 89.5 59.814 3
    endloop
  endfacet
  facet normal 0 0 1
    outer loop
      vertex 82.4641 57.814 3
      vertex 86.0359 57.814 3
      vertex 84.25 60.907 3
    endloop
  endfacet
  facet normal -0 0 1
    outer loop
      vertex 84.25 60.907 3
      vertex 86.0359 57.814 3
      vertex 87.7141 62.907 3
    endloop
  endfacet
  facet normal 0 0 1
    outer loop
      vertex 91.2859 44.721 3
      vertex 87.7141 44.721 3
      vertex 89.5 41.628 3
    endloop
  endfacet
  facet normal 0 0 1
    outer loop
      vertex 87.7141 44.721 3
      vertex 86.0359 39.628 3
      vertex 89.5 41.628 3
    endloop
  endfacet
  facet normal 0 0 1
    outer loop
      vertex 82.4641 39.628 3
      vertex 86.0359 39.628 3
      vertex 84.25 42.721 3
    endloop
  endfacet
  facet normal -0 0 1
    outer loop
      vertex 84.25 42.721 3
      vertex 86.0359 39.628 3
      vertex 87.7141 44.721 3
    endloop
  endfacet
  facet normal 0 0 1
    outer loop
      vertex 91.2859 26.535 3
      vertex 87.7141 26.535 3
      vertex 89.5 23.442 3
    endloop
  endfacet
  facet normal 0 0 1
    outer loop
      vertex 87.7141 26.535 3
      vertex 86.0359 21.442 3
      vertex 89.5 23.442 3
    endloop
  endfacet
  facet normal 0 0 1
    outer loop
      vertex 82.4641 17.442 3
      vertex 86.0359 17.442 3
      vertex 86.0359 21.442 3
    endloop
  endfacet
  facet normal -0 0 1
    outer loop
      vertex 84.25 24.535 3
      vertex 86.0359 21.442 3
      vertex 87.7141 26.535 3
    endloop
  endfacet
  facet normal 0 0 1
    outer loop
      vertex 82.4641 21.442 3
      vertex 86.0359 21.442 3
      vertex 84.25 24.535 3
    endloop
  endfacet
  facet normal 0 0 1
    outer loop
      vertex 82.4641 17.442 3
      vertex 86.0359 21.442 3
      vertex 82.4641 21.442 3
    endloop
  endfacet
  facet normal 0 0 1
    outer loop
      vertex 86.0359 17.442 3
      vertex 84.25 14.349 3
      vertex 84.8545 14 3
    endloop
  endfacet
  facet normal 0 0 1
    outer loop
      vertex 86.0359 17.442 3
      vertex 82.4641 17.442 3
      vertex 84.25 14.349 3
    endloop
  endfacet
  facet normal 0 0 1
    outer loop
      vertex 80.7859 26.535 3
      vertex 82.4641 21.442 3
      vertex 84.25 24.535 3
    endloop
  endfacet
  facet normal 0 0 1
    outer loop
      vertex 80.7859 26.535 3
      vertex 79 23.442 3
      vertex 82.4641 21.442 3
    endloop
  endfacet
  facet normal 0 0 1
    outer loop
      vertex 80.7859 30.535 3
      vertex 77.2141 30.535 3
      vertex 80.7859 26.535 3
    endloop
  endfacet
  facet normal 0 0 1
    outer loop
      vertex 77.2141 26.535 3
      vertex 80.7859 26.535 3
      vertex 77.2141 30.535 3
    endloop
  endfacet
  facet normal 0 0 1
    outer loop
      vertex 75.5359 35.628 3
      vertex 77.2141 30.535 3
      vertex 79 33.628 3
    endloop
  endfacet
  facet normal 0 0 1
    outer loop
      vertex 75.5359 35.628 3
      vertex 73.75 32.535 3
      vertex 77.2141 30.535 3
    endloop
  endfacet
  facet normal 0 0 1
    outer loop
      vertex 75.5359 39.628 3
      vertex 71.9641 39.628 3
      vertex 75.5359 35.628 3
    endloop
  endfacet
  facet normal 0 0 1
    outer loop
      vertex 71.9641 35.628 3
      vertex 75.5359 35.628 3
      vertex 71.9641 39.628 3
    endloop
  endfacet
  facet normal 0 0 1
    outer loop
      vertex 70.2859 44.721 3
      vertex 71.9641 39.628 3
      vertex 73.75 42.721 3
    endloop
  endfacet
  facet normal 0 0 1
    outer loop
      vertex 70.2859 44.721 3
      vertex 68.5 41.628 3
      vertex 71.9641 39.628 3
    endloop
  endfacet
  facet normal 0 0 1
    outer loop
      vertex 70.2859 48.721 3
      vertex 66.7141 48.721 3
      vertex 70.2859 44.721 3
    endloop
  endfacet
  facet normal 0 0 1
    outer loop
      vertex 66.7141 44.721 3
      vertex 70.2859 44.721 3
      vertex 66.7141 48.721 3
    endloop
  endfacet
  facet normal 0 0 1
    outer loop
      vertex 65.0359 53.814 3
      vertex 66.7141 48.721 3
      vertex 68.5 51.814 3
    endloop
  endfacet
  facet normal 0 0 1
    outer loop
      vertex 65.0359 53.814 3
      vertex 63.25 50.721 3
      vertex 66.7141 48.721 3
    endloop
  endfacet
  facet normal 0 0 1
    outer loop
      vertex 65.0359 57.814 3
      vertex 61.4641 57.814 3
      vertex 65.0359 53.814 3
    endloop
  endfacet
  facet normal 0 0 1
    outer loop
      vertex 61.4641 53.814 3
      vertex 65.0359 53.814 3
      vertex 61.4641 57.814 3
    endloop
  endfacet
  facet normal 0 0 1
    outer loop
      vertex 59.7859 62.907 3
      vertex 61.4641 57.814 3
      vertex 63.25 60.907 3
    endloop
  endfacet
  facet normal 0 0 1
    outer loop
      vertex 59.7859 62.907 3
      vertex 58 59.814 3
      vertex 61.4641 57.814 3
    endloop
  endfacet
  facet normal 0 0 1
    outer loop
      vertex 59.7859 66.907 3
      vertex 56.2141 66.907 3
      vertex 59.7859 62.907 3
    endloop
  endfacet
  facet normal 0 0 1
    outer loop
      vertex 56.2141 62.907 3
      vertex 59.7859 62.907 3
      vertex 56.2141 66.907 3
    endloop
  endfacet
  facet normal 0 0 1
    outer loop
      vertex 54.5359 72 3
      vertex 56.2141 66.907 3
      vertex 58 70 3
    endloop
  endfacet
  facet normal 0 0 1
    outer loop
      vertex 54.5359 72 3
      vertex 52.75 68.907 3
      vertex 56.2141 66.907 3
    endloop
  endfacet
  facet normal 0 0 1
    outer loop
      vertex 54.5359 76 3
      vertex 50.9641 76 3
      vertex 54.5359 72 3
    endloop
  endfacet
  facet normal 0 0 1
    outer loop
      vertex 50.9641 72 3
      vertex 54.5359 72 3
      vertex 50.9641 76 3
    endloop
  endfacet
  facet normal 0 0 1
    outer loop
      vertex 49.2859 81.093 3
      vertex 50.9641 76 3
      vertex 52.75 79.093 3
    endloop
  endfacet
  facet normal 0 0 1
    outer loop
      vertex 49.2859 81.093 3
      vertex 47.5 78 3
      vertex 50.9641 76 3
    endloop
  endfacet
  facet normal 0 0 1
    outer loop
      vertex 49.2859 85.093 3
      vertex 45.7141 85.093 3
      vertex 49.2859 81.093 3
    endloop
  endfacet
  facet normal 0 0 1
    outer loop
      vertex 45.7141 81.093 3
      vertex 49.2859 81.093 3
      vertex 45.7141 85.093 3
    endloop
  endfacet
  facet normal 0 0 1
    outer loop
      vertex 44.0359 90.186 3
      vertex 45.7141 85.093 3
      vertex 47.5 88.186 3
    endloop
  endfacet
  facet normal 0 0 1
    outer loop
      vertex 44.0359 90.186 3
      vertex 42.25 87.093 3
      vertex 45.7141 85.093 3
    endloop
  endfacet
  facet normal 0 0 1
    outer loop
      vertex 44.0359 94.186 3
      vertex 40.4641 94.186 3
      vertex 44.0359 90.186 3
    endloop
  endfacet
  facet normal 0 0 1
    outer loop
      vertex 40.4641 90.186 3
      vertex 44.0359 90.186 3
      vertex 40.4641 94.186 3
    endloop
  endfacet
  facet normal 0 0 1
    outer loop
      vertex 38.7859 99.279 3
      vertex 40.4641 94.186 3
      vertex 42.25 97.279 3
    endloop
  endfacet
  facet normal 0 0 1
    outer loop
      vertex 38.7859 99.279 3
      vertex 37 96.186 3
      vertex 40.4641 94.186 3
    endloop
  endfacet
  facet normal 0 0 1
    outer loop
      vertex 38.7859 103.279 3
      vertex 35.2141 103.279 3
      vertex 38.7859 99.279 3
    endloop
  endfacet
  facet normal 0 0 1
    outer loop
      vertex 35.2141 99.279 3
      vertex 38.7859 99.279 3
      vertex 35.2141 103.279 3
    endloop
  endfacet
  facet normal 0 0 1
    outer loop
      vertex 33.5359 108.372 3
      vertex 35.2141 103.279 3
      vertex 37 106.372 3
    endloop
  endfacet
  facet normal 0 0 1
    outer loop
      vertex 33.5359 108.372 3
      vertex 31.75 105.279 3
      vertex 35.2141 103.279 3
    endloop
  endfacet
  facet normal 0 0 1
    outer loop
      vertex 33.5359 112.372 3
      vertex 29.9641 112.372 3
      vertex 33.5359 108.372 3
    endloop
  endfacet
  facet normal 0 0 1
    outer loop
      vertex 29.9641 108.372 3
      vertex 33.5359 108.372 3
      vertex 29.9641 112.372 3
    endloop
  endfacet
  facet normal 0 0 1
    outer loop
      vertex 28.2859 117.465 3
      vertex 29.9641 112.372 3
      vertex 31.75 115.465 3
    endloop
  endfacet
  facet normal 0 0 1
    outer loop
      vertex 28.2859 117.465 3
      vertex 26.5 114.372 3
      vertex 29.9641 112.372 3
    endloop
  endfacet
  facet normal 0 0 1
    outer loop
      vertex 28.2859 121.465 3
      vertex 24.7141 121.465 3
      vertex 28.2859 117.465 3
    endloop
  endfacet
  facet normal 0 0 1
    outer loop
      vertex 24.7141 117.465 3
      vertex 28.2859 117.465 3
      vertex 24.7141 121.465 3
    endloop
  endfacet
  facet normal 0 0 1
    outer loop
      vertex 23.0359 126.558 3
      vertex 24.7141 121.465 3
      vertex 26.5 124.558 3
    endloop
  endfacet
  facet normal -0 0 1
    outer loop
      vertex 22.9848 128.651 3
      vertex 23.0359 126.558 3
      vertex 23 129 3
    endloop
  endfacet
  facet normal -0 0 1
    outer loop
      vertex 22.9392 128.305 3
      vertex 23.0359 126.558 3
      vertex 22.9848 128.651 3
    endloop
  endfacet
  facet normal -0 0 1
    outer loop
      vertex 22.8637 127.965 3
      vertex 23.0359 126.558 3
      vertex 22.9392 128.305 3
    endloop
  endfacet
  facet normal -0 0 1
    outer loop
      vertex 22.7588 127.632 3
      vertex 23.0359 126.558 3
      vertex 22.8637 127.965 3
    endloop
  endfacet
  facet normal -0 0 1
    outer loop
      vertex 22.6252 127.31 3
      vertex 23.0359 126.558 3
      vertex 22.7588 127.632 3
    endloop
  endfacet
  facet normal -0 0 1
    outer loop
      vertex 22.4641 127 3
      vertex 23.0359 126.558 3
      vertex 22.6252 127.31 3
    endloop
  endfacet
  facet normal -0 0 1
    outer loop
      vertex 22.2766 126.706 3
      vertex 23.0359 126.558 3
      vertex 22.4641 127 3
    endloop
  endfacet
  facet normal 0 0 1
    outer loop
      vertex 22.0642 126.429 3
      vertex 23.0359 126.558 3
      vertex 22.2766 126.706 3
    endloop
  endfacet
  facet normal 0 0 1
    outer loop
      vertex 21.8284 126.172 3
      vertex 23.0359 126.558 3
      vertex 22.0642 126.429 3
    endloop
  endfacet
  facet normal 0 0 1
    outer loop
      vertex 21.5711 125.936 3
      vertex 23.0359 126.558 3
      vertex 21.8284 126.172 3
    endloop
  endfacet
  facet normal 0 0 1
    outer loop
      vertex 23.0359 126.558 3
      vertex 21.5711 125.936 3
      vertex 21.25 123.465 3
    endloop
  endfacet
  facet normal 0 0 1
    outer loop
      vertex 21.25 123.465 3
      vertex 21.5711 125.936 3
      vertex 21.2943 125.723 3
    endloop
  endfacet
  facet normal 0 0 1
    outer loop
      vertex 23.0359 126.558 3
      vertex 21.25 123.465 3
      vertex 24.7141 121.465 3
    endloop
  endfacet
  facet normal -0 0 1
    outer loop
      vertex 21 125.536 3
      vertex 21.25 123.465 3
      vertex 21.2943 125.723 3
    endloop
  endfacet
  facet normal -0 0 1
    outer loop
      vertex 20.6905 125.375 3
      vertex 21.25 123.465 3
      vertex 21 125.536 3
    endloop
  endfacet
  facet normal -0 0 1
    outer loop
      vertex 20.3681 125.241 3
      vertex 21.25 123.465 3
      vertex 20.6905 125.375 3
    endloop
  endfacet
  facet normal -0 0 1
    outer loop
      vertex 20.0353 125.136 3
      vertex 21.25 123.465 3
      vertex 20.3681 125.241 3
    endloop
  endfacet
  facet normal -0 0 1
    outer loop
      vertex 19.6946 125.061 3
      vertex 21.25 123.465 3
      vertex 20.0353 125.136 3
    endloop
  endfacet
  facet normal -0 0 1
    outer loop
      vertex 19.3486 125.015 3
      vertex 21.25 123.465 3
      vertex 19.6946 125.061 3
    endloop
  endfacet
  facet normal -0 0 1
    outer loop
      vertex 19 125 3
      vertex 21.25 123.465 3
      vertex 19.3486 125.015 3
    endloop
  endfacet
  facet normal 0 0 1
    outer loop
      vertex 17.7859 121.465 3
      vertex 19 125 3
      vertex 18.6514 125.015 3
    endloop
  endfacet
  facet normal 0 0 1
    outer loop
      vertex 17.7859 121.465 3
      vertex 18.6514 125.015 3
      vertex 18.3054 125.061 3
    endloop
  endfacet
  facet normal 0 0 1
    outer loop
      vertex 17.7859 121.465 3
      vertex 18.3054 125.061 3
      vertex 17.9647 125.136 3
    endloop
  endfacet
  facet normal 0 0 1
    outer loop
      vertex 19 125 3
      vertex 17.7859 121.465 3
      vertex 21.25 123.465 3
    endloop
  endfacet
  facet normal 0 0 1
    outer loop
      vertex 16 124.558 3
      vertex 17.6319 125.241 3
      vertex 17.3708 125.349 3
    endloop
  endfacet
  facet normal 0 0 1
    outer loop
      vertex 16 124.558 3
      vertex 17.9647 125.136 3
      vertex 17.6319 125.241 3
    endloop
  endfacet
  facet normal 0 0 1
    outer loop
      vertex 99.7 140 3
      vertex 98.2141 136 3
      vertex 99.7 132.385 3
    endloop
  endfacet
  facet normal 0 0 1
    outer loop
      vertex 99.7 140 3
      vertex 91.2859 136 3
      vertex 98.2141 136 3
    endloop
  endfacet
  facet normal -0 0 1
    outer loop
      vertex 87.7141 136 3
      vertex 91.2859 135.651 3
      vertex 91.2859 136 3
    endloop
  endfacet
  facet normal 0 0 1
    outer loop
      vertex 87.7141 135.651 3
      vertex 91.2859 135.651 3
      vertex 87.7141 136 3
    endloop
  endfacet
  facet normal 0 0 1
    outer loop
      vertex 99.7 140 3
      vertex 87.7141 136 3
      vertex 91.2859 136 3
    endloop
  endfacet
  facet normal 0 0 1
    outer loop
      vertex 99.7 140 3
      vertex 80.7859 136 3
      vertex 87.7141 136 3
    endloop
  endfacet
  facet normal -0 0 1
    outer loop
      vertex 77.2141 136 3
      vertex 80.7859 135.651 3
      vertex 80.7859 136 3
    endloop
  endfacet
  facet normal 0 0 1
    outer loop
      vertex 77.2141 135.651 3
      vertex 80.7859 135.651 3
      vertex 77.2141 136 3
    endloop
  endfacet
  facet normal 0 0 1
    outer loop
      vertex 99.7 140 3
      vertex 77.2141 136 3
      vertex 80.7859 136 3
    endloop
  endfacet
  facet normal 0 0 1
    outer loop
      vertex 99.7 140 3
      vertex 70.2859 136 3
      vertex 77.2141 136 3
    endloop
  endfacet
  facet normal -0 0 1
    outer loop
      vertex 66.7141 136 3
      vertex 70.2859 135.651 3
      vertex 70.2859 136 3
    endloop
  endfacet
  facet normal 0 0 1
    outer loop
      vertex 66.7141 135.651 3
      vertex 70.2859 135.651 3
      vertex 66.7141 136 3
    endloop
  endfacet
  facet normal 0 0 1
    outer loop
      vertex 99.7 140 3
      vertex 66.7141 136 3
      vertex 70.2859 136 3
    endloop
  endfacet
  facet normal 0 0 1
    outer loop
      vertex 99.7 140 3
      vertex 59.7859 136 3
      vertex 66.7141 136 3
    endloop
  endfacet
  facet normal -0 0 1
    outer loop
      vertex 56.2141 136 3
      vertex 59.7859 135.651 3
      vertex 59.7859 136 3
    endloop
  endfacet
  facet normal 0 0 1
    outer loop
      vertex 56.2141 135.651 3
      vertex 59.7859 135.651 3
      vertex 56.2141 136 3
    endloop
  endfacet
  facet normal 0 0 1
    outer loop
      vertex 99.7 140 3
      vertex 56.2141 136 3
      vertex 59.7859 136 3
    endloop
  endfacet
  facet normal -0 0 1
    outer loop
      vertex 18 140 3
      vertex 56.2141 136 3
      vertex 99.7 140 3
    endloop
  endfacet
  facet normal -0 0 1
    outer loop
      vertex 45.7141 136 3
      vertex 49.2859 135.651 3
      vertex 49.2859 136 3
    endloop
  endfacet
  facet normal 0 0 1
    outer loop
      vertex 45.7141 135.651 3
      vertex 49.2859 135.651 3
      vertex 45.7141 136 3
    endloop
  endfacet
  facet normal 0 0 1
    outer loop
      vertex 56.2141 136 3
      vertex 18 140 3
      vertex 49.2859 136 3
    endloop
  endfacet
  facet normal 0 0 1
    outer loop
      vertex 49.2859 136 3
      vertex 18 140 3
      vertex 45.7141 136 3
    endloop
  endfacet
  facet normal -0 0 1
    outer loop
      vertex 35.2141 136 3
      vertex 38.7859 135.651 3
      vertex 38.7859 136 3
    endloop
  endfacet
  facet normal 0 0 1
    outer loop
      vertex 35.2141 135.651 3
      vertex 38.7859 135.651 3
      vertex 35.2141 136 3
    endloop
  endfacet
  facet normal 0 0 1
    outer loop
      vertex 45.7141 136 3
      vertex 18 140 3
      vertex 38.7859 136 3
    endloop
  endfacet
  facet normal 0 0 1
    outer loop
      vertex 38.7859 136 3
      vertex 18 140 3
      vertex 35.2141 136 3
    endloop
  endfacet
  facet normal -0 0 1
    outer loop
      vertex 24.7141 136 3
      vertex 28.2859 135.651 3
      vertex 28.2859 136 3
    endloop
  endfacet
  facet normal 0 0 1
    outer loop
      vertex 24.7141 135.651 3
      vertex 28.2859 135.651 3
      vertex 24.7141 136 3
    endloop
  endfacet
  facet normal 0 0 1
    outer loop
      vertex 35.2141 136 3
      vertex 18 140 3
      vertex 28.2859 136 3
    endloop
  endfacet
  facet normal 0 0 1
    outer loop
      vertex 28.2859 136 3
      vertex 18 140 3
      vertex 24.7141 136 3
    endloop
  endfacet
  facet normal 0 0 1
    outer loop
      vertex 18 140 3
      vertex 17.7859 136 3
      vertex 24.7141 136 3
    endloop
  endfacet
  facet normal 0 0 1
    outer loop
      vertex 14.2141 135.651 3
      vertex 17.7859 135.651 3
      vertex 17.7859 136 3
    endloop
  endfacet
  facet normal 0 0 1
    outer loop
      vertex 17.7859 135.651 3
      vertex 17.3095 132.625 3
      vertex 17.6319 132.759 3
    endloop
  endfacet
  facet normal -0 0 1
    outer loop
      vertex 17.3027 139.97 3
      vertex 17.7859 136 3
      vertex 18 140 3
    endloop
  endfacet
  facet normal -0 0 1
    outer loop
      vertex 16.6108 139.878 3
      vertex 17.7859 136 3
      vertex 17.3027 139.97 3
    endloop
  endfacet
  facet normal 0 0 1
    outer loop
      vertex 14.2141 135.651 3
      vertex 17.7859 136 3
      vertex 14.2141 136 3
    endloop
  endfacet
  facet normal 0 0 1
    outer loop
      vertex 17.7859 135.651 3
      vertex 14.2141 135.651 3
      vertex 16 132.558 3
    endloop
  endfacet
  facet normal 0 0 1
    outer loop
      vertex 17.7859 135.651 3
      vertex 16 132.558 3
      vertex 17.3095 132.625 3
    endloop
  endfacet
  facet normal -0 0 1
    outer loop
      vertex 15.9294 139.727 3
      vertex 17.7859 136 3
      vertex 16.6108 139.878 3
    endloop
  endfacet
  facet normal 0 0 1
    outer loop
      vertex 17.3095 132.625 3
      vertex 16 132.558 3
      vertex 17 132.464 3
    endloop
  endfacet
  facet normal -0 0 1
    outer loop
      vertex 15.2638 139.518 3
      vertex 17.7859 136 3
      vertex 15.9294 139.727 3
    endloop
  endfacet
  facet normal 0 0 1
    outer loop
      vertex 17.7859 136 3
      vertex 15.2638 139.518 3
      vertex 14.2141 136 3
    endloop
  endfacet
  facet normal 0 0 1
    outer loop
      vertex 14.2141 136 3
      vertex 15.2638 139.518 3
      vertex 14.619 139.25 3
    endloop
  endfacet
  facet normal 0 0 1
    outer loop
      vertex 16.7057 132.277 3
      vertex 16 132.558 3
      vertex 16.612 132.205 3
    endloop
  endfacet
  facet normal 0 0 1
    outer loop
      vertex 17 132.464 3
      vertex 16 132.558 3
      vertex 16.7057 132.277 3
    endloop
  endfacet
  facet normal -0 0 1
    outer loop
      vertex 14 135.527 3
      vertex 16 132.558 3
      vertex 14.2141 135.651 3
    endloop
  endfacet
  facet normal 0 0 1
    outer loop
      vertex 16 132.558 3
      vertex 14 135.527 3
      vertex 14 131.403 3
    endloop
  endfacet
  facet normal -0 0 1
    outer loop
      vertex 98.2141 135.651 3
      vertex 99.7 132.385 3
      vertex 98.2141 136 3
    endloop
  endfacet
  facet normal -0 0 1
    outer loop
      vertex 94.75 133.651 3
      vertex 99.7 132.385 3
      vertex 98.2141 135.651 3
    endloop
  endfacet
  facet normal 0 0 1
    outer loop
      vertex 92.9641 130.558 3
      vertex 96.5359 130.558 3
      vertex 94.75 133.651 3
    endloop
  endfacet
  facet normal 0 0 1
    outer loop
      vertex 99.7 132.385 3
      vertex 94.75 133.651 3
      vertex 96.5359 130.558 3
    endloop
  endfacet
  facet normal 0 0 1
    outer loop
      vertex 99.7 124.731 3
      vertex 98.2141 121.465 3
      vertex 99.7 114.199 3
    endloop
  endfacet
  facet normal 0 0 1
    outer loop
      vertex 94.75 123.465 3
      vertex 99.7 124.731 3
      vertex 96.5359 126.558 3
    endloop
  endfacet
  facet normal 0 0 1
    outer loop
      vertex 99.7 124.731 3
      vertex 94.75 123.465 3
      vertex 98.2141 121.465 3
    endloop
  endfacet
  facet normal 0 0 1
    outer loop
      vertex 96.5359 130.558 3
      vertex 92.9641 130.558 3
      vertex 96.5359 126.558 3
    endloop
  endfacet
  facet normal 0 0 1
    outer loop
      vertex 92.9641 126.558 3
      vertex 96.5359 126.558 3
      vertex 92.9641 130.558 3
    endloop
  endfacet
  facet normal 0 0 1
    outer loop
      vertex 91.2859 135.651 3
      vertex 92.9641 130.558 3
      vertex 94.75 133.651 3
    endloop
  endfacet
  facet normal 0 0 1
    outer loop
      vertex 92.9641 130.558 3
      vertex 91.2859 135.651 3
      vertex 89.5 132.558 3
    endloop
  endfacet
  facet normal -0 0 1
    outer loop
      vertex 98.2141 117.465 3
      vertex 99.7 114.199 3
      vertex 98.2141 121.465 3
    endloop
  endfacet
  facet normal -0 0 1
    outer loop
      vertex 94.75 115.465 3
      vertex 99.7 114.199 3
      vertex 98.2141 117.465 3
    endloop
  endfacet
  facet normal 0 0 1
    outer loop
      vertex 92.9641 112.372 3
      vertex 96.5359 112.372 3
      vertex 94.75 115.465 3
    endloop
  endfacet
  facet normal 0 0 1
    outer loop
      vertex 99.7 114.199 3
      vertex 94.75 115.465 3
      vertex 96.5359 112.372 3
    endloop
  endfacet
  facet normal 0 0 1
    outer loop
      vertex 99.7 106.545 3
      vertex 98.2141 103.279 3
      vertex 99.7 96.0128 3
    endloop
  endfacet
  facet normal 0 0 1
    outer loop
      vertex 94.75 105.279 3
      vertex 99.7 106.545 3
      vertex 96.5359 108.372 3
    endloop
  endfacet
  facet normal 0 0 1
    outer loop
      vertex 99.7 106.545 3
      vertex 94.75 105.279 3
      vertex 98.2141 103.279 3
    endloop
  endfacet
  facet normal 0 0 1
    outer loop
      vertex 96.5359 112.372 3
      vertex 92.9641 112.372 3
      vertex 96.5359 108.372 3
    endloop
  endfacet
  facet normal 0 0 1
    outer loop
      vertex 92.9641 108.372 3
      vertex 96.5359 108.372 3
      vertex 92.9641 112.372 3
    endloop
  endfacet
  facet normal 0 0 1
    outer loop
      vertex 91.2859 117.465 3
      vertex 92.9641 112.372 3
      vertex 94.75 115.465 3
    endloop
  endfacet
  facet normal 0 0 1
    outer loop
      vertex 91.2859 117.465 3
      vertex 89.5 114.372 3
      vertex 92.9641 112.372 3
    endloop
  endfacet
  facet normal 0 0 1
    outer loop
      vertex 91.2859 121.465 3
      vertex 87.7141 121.465 3
      vertex 91.2859 117.465 3
    endloop
  endfacet
  facet normal 0 0 1
    outer loop
      vertex 87.7141 117.465 3
      vertex 91.2859 117.465 3
      vertex 87.7141 121.465 3
    endloop
  endfacet
  facet normal 0 0 1
    outer loop
      vertex 86.0359 126.558 3
      vertex 87.7141 121.465 3
      vertex 89.5 124.558 3
    endloop
  endfacet
  facet normal 0 0 1
    outer loop
      vertex 86.0359 126.558 3
      vertex 84.25 123.465 3
      vertex 87.7141 121.465 3
    endloop
  endfacet
  facet normal 0 0 1
    outer loop
      vertex 86.0359 130.558 3
      vertex 82.4641 130.558 3
      vertex 86.0359 126.558 3
    endloop
  endfacet
  facet normal 0 0 1
    outer loop
      vertex 82.4641 126.558 3
      vertex 86.0359 126.558 3
      vertex 82.4641 130.558 3
    endloop
  endfacet
  facet normal 0 0 1
    outer loop
      vertex 80.7859 135.651 3
      vertex 82.4641 130.558 3
      vertex 84.25 133.651 3
    endloop
  endfacet
  facet normal 0 0 1
    outer loop
      vertex 82.4641 130.558 3
      vertex 80.7859 135.651 3
      vertex 79 132.558 3
    endloop
  endfacet
  facet normal -0 0 1
    outer loop
      vertex 98.2141 99.279 3
      vertex 99.7 96.0128 3
      vertex 98.2141 103.279 3
    endloop
  endfacet
  facet normal -0 0 1
    outer loop
      vertex 94.75 97.279 3
      vertex 99.7 96.0128 3
      vertex 98.2141 99.279 3
    endloop
  endfacet
  facet normal 0 0 1
    outer loop
      vertex 92.9641 94.186 3
      vertex 96.5359 94.186 3
      vertex 94.75 97.279 3
    endloop
  endfacet
  facet normal 0 0 1
    outer loop
      vertex 99.7 96.0128 3
      vertex 94.75 97.279 3
      vertex 96.5359 94.186 3
    endloop
  endfacet
  facet normal 0 0 1
    outer loop
      vertex 99.7 88.3592 3
      vertex 98.2141 85.093 3
      vertex 99.7 77.8268 3
    endloop
  endfacet
  facet normal 0 0 1
    outer loop
      vertex 94.75 87.093 3
      vertex 99.7 88.3592 3
      vertex 96.5359 90.186 3
    endloop
  endfacet
  facet normal 0 0 1
    outer loop
      vertex 99.7 88.3592 3
      vertex 94.75 87.093 3
      vertex 98.2141 85.093 3
    endloop
  endfacet
  facet normal 0 0 1
    outer loop
      vertex 96.5359 94.186 3
      vertex 92.9641 94.186 3
      vertex 96.5359 90.186 3
    endloop
  endfacet
  facet normal 0 0 1
    outer loop
      vertex 92.9641 90.186 3
      vertex 96.5359 90.186 3
      vertex 92.9641 94.186 3
    endloop
  endfacet
  facet normal 0 0 1
    outer loop
      vertex 91.2859 99.279 3
      vertex 92.9641 94.186 3
      vertex 94.75 97.279 3
    endloop
  endfacet
  facet normal 0 0 1
    outer loop
      vertex 91.2859 99.279 3
      vertex 89.5 96.186 3
      vertex 92.9641 94.186 3
    endloop
  endfacet
  facet normal 0 0 1
    outer loop
      vertex 91.2859 103.279 3
      vertex 87.7141 103.279 3
      vertex 91.2859 99.279 3
    endloop
  endfacet
  facet normal 0 0 1
    outer loop
      vertex 87.7141 99.279 3
      vertex 91.2859 99.279 3
      vertex 87.7141 103.279 3
    endloop
  endfacet
  facet normal 0 0 1
    outer loop
      vertex 86.0359 108.372 3
      vertex 87.7141 103.279 3
      vertex 89.5 106.372 3
    endloop
  endfacet
  facet normal 0 0 1
    outer loop
      vertex 86.0359 108.372 3
      vertex 84.25 105.279 3
      vertex 87.7141 103.279 3
    endloop
  endfacet
  facet normal 0 0 1
    outer loop
      vertex 86.0359 112.372 3
      vertex 82.4641 112.372 3
      vertex 86.0359 108.372 3
    endloop
  endfacet
  facet normal 0 0 1
    outer loop
      vertex 82.4641 108.372 3
      vertex 86.0359 108.372 3
      vertex 82.4641 112.372 3
    endloop
  endfacet
  facet normal 0 0 1
    outer loop
      vertex 80.7859 117.465 3
      vertex 82.4641 112.372 3
      vertex 84.25 115.465 3
    endloop
  endfacet
  facet normal 0 0 1
    outer loop
      vertex 80.7859 117.465 3
      vertex 79 114.372 3
      vertex 82.4641 112.372 3
    endloop
  endfacet
  facet normal 0 0 1
    outer loop
      vertex 80.7859 121.465 3
      vertex 77.2141 121.465 3
      vertex 80.7859 117.465 3
    endloop
  endfacet
  facet normal 0 0 1
    outer loop
      vertex 77.2141 117.465 3
      vertex 80.7859 117.465 3
      vertex 77.2141 121.465 3
    endloop
  endfacet
  facet normal 0 0 1
    outer loop
      vertex 75.5359 126.558 3
      vertex 77.2141 121.465 3
      vertex 79 124.558 3
    endloop
  endfacet
  facet normal 0 0 1
    outer loop
      vertex 75.5359 126.558 3
      vertex 73.75 123.465 3
      vertex 77.2141 121.465 3
    endloop
  endfacet
  facet normal 0 0 1
    outer loop
      vertex 75.5359 130.558 3
      vertex 71.9641 130.558 3
      vertex 75.5359 126.558 3
    endloop
  endfacet
  facet normal 0 0 1
    outer loop
      vertex 71.9641 126.558 3
      vertex 75.5359 126.558 3
      vertex 71.9641 130.558 3
    endloop
  endfacet
  facet normal 0 0 1
    outer loop
      vertex 70.2859 135.651 3
      vertex 71.9641 130.558 3
      vertex 73.75 133.651 3
    endloop
  endfacet
  facet normal 0 0 1
    outer loop
      vertex 71.9641 130.558 3
      vertex 70.2859 135.651 3
      vertex 68.5 132.558 3
    endloop
  endfacet
  facet normal -0 0 1
    outer loop
      vertex 98.2141 81.093 3
      vertex 99.7 77.8268 3
      vertex 98.2141 85.093 3
    endloop
  endfacet
  facet normal -0 0 1
    outer loop
      vertex 94.75 79.093 3
      vertex 99.7 77.8268 3
      vertex 98.2141 81.093 3
    endloop
  endfacet
  facet normal 0 0 1
    outer loop
      vertex 92.9641 76 3
      vertex 96.5359 76 3
      vertex 94.75 79.093 3
    endloop
  endfacet
  facet normal 0 0 1
    outer loop
      vertex 99.7 77.8268 3
      vertex 94.75 79.093 3
      vertex 96.5359 76 3
    endloop
  endfacet
  facet normal 0 0 1
    outer loop
      vertex 99.7 70.1732 3
      vertex 98.2141 66.907 3
      vertex 99.7 59.6408 3
    endloop
  endfacet
  facet normal 0 0 1
    outer loop
      vertex 94.75 68.907 3
      vertex 99.7 70.1732 3
      vertex 96.5359 72 3
    endloop
  endfacet
  facet normal 0 0 1
    outer loop
      vertex 99.7 70.1732 3
      vertex 94.75 68.907 3
      vertex 98.2141 66.907 3
    endloop
  endfacet
  facet normal 0 0 1
    outer loop
      vertex 96.5359 76 3
      vertex 92.9641 76 3
      vertex 96.5359 72 3
    endloop
  endfacet
  facet normal 0 0 1
    outer loop
      vertex 92.9641 72 3
      vertex 96.5359 72 3
      vertex 92.9641 76 3
    endloop
  endfacet
  facet normal 0 0 1
    outer loop
      vertex 91.2859 81.093 3
      vertex 92.9641 76 3
      vertex 94.75 79.093 3
    endloop
  endfacet
  facet normal 0 0 1
    outer loop
      vertex 91.2859 81.093 3
      vertex 89.5 78 3
      vertex 92.9641 76 3
    endloop
  endfacet
  facet normal 0 0 1
    outer loop
      vertex 91.2859 85.093 3
      vertex 87.7141 85.093 3
      vertex 91.2859 81.093 3
    endloop
  endfacet
  facet normal 0 0 1
    outer loop
      vertex 87.7141 81.093 3
      vertex 91.2859 81.093 3
      vertex 87.7141 85.093 3
    endloop
  endfacet
  facet normal 0 0 1
    outer loop
      vertex 86.0359 90.186 3
      vertex 87.7141 85.093 3
      vertex 89.5 88.186 3
    endloop
  endfacet
  facet normal 0 0 1
    outer loop
      vertex 86.0359 90.186 3
      vertex 84.25 87.093 3
      vertex 87.7141 85.093 3
    endloop
  endfacet
  facet normal 0 0 1
    outer loop
      vertex 86.0359 94.186 3
      vertex 82.4641 94.186 3
      vertex 86.0359 90.186 3
    endloop
  endfacet
  facet normal 0 0 1
    outer loop
      vertex 82.4641 90.186 3
      vertex 86.0359 90.186 3
      vertex 82.4641 94.186 3
    endloop
  endfacet
  facet normal 0 0 1
    outer loop
      vertex 80.7859 99.279 3
      vertex 82.4641 94.186 3
      vertex 84.25 97.279 3
    endloop
  endfacet
  facet normal 0 0 1
    outer loop
      vertex 80.7859 99.279 3
      vertex 79 96.186 3
      vertex 82.4641 94.186 3
    endloop
  endfacet
  facet normal 0 0 1
    outer loop
      vertex 80.7859 103.279 3
      vertex 77.2141 103.279 3
      vertex 80.7859 99.279 3
    endloop
  endfacet
  facet normal 0 0 1
    outer loop
      vertex 77.2141 99.279 3
      vertex 80.7859 99.279 3
      vertex 77.2141 103.279 3
    endloop
  endfacet
  facet normal 0 0 1
    outer loop
      vertex 75.5359 108.372 3
      vertex 77.2141 103.279 3
      vertex 79 106.372 3
    endloop
  endfacet
  facet normal 0 0 1
    outer loop
      vertex 75.5359 108.372 3
      vertex 73.75 105.279 3
      vertex 77.2141 103.279 3
    endloop
  endfacet
  facet normal 0 0 1
    outer loop
      vertex 75.5359 112.372 3
      vertex 71.9641 112.372 3
      vertex 75.5359 108.372 3
    endloop
  endfacet
  facet normal 0 0 1
    outer loop
      vertex 71.9641 108.372 3
      vertex 75.5359 108.372 3
      vertex 71.9641 112.372 3
    endloop
  endfacet
  facet normal 0 0 1
    outer loop
      vertex 70.2859 117.465 3
      vertex 71.9641 112.372 3
      vertex 73.75 115.465 3
    endloop
  endfacet
  facet normal 0 0 1
    outer loop
      vertex 70.2859 117.465 3
      vertex 68.5 114.372 3
      vertex 71.9641 112.372 3
    endloop
  endfacet
  facet normal 0 0 1
    outer loop
      vertex 70.2859 121.465 3
      vertex 66.7141 121.465 3
      vertex 70.2859 117.465 3
    endloop
  endfacet
  facet normal 0 0 1
    outer loop
      vertex 66.7141 117.465 3
      vertex 70.2859 117.465 3
      vertex 66.7141 121.465 3
    endloop
  endfacet
  facet normal 0 0 1
    outer loop
      vertex 65.0359 126.558 3
      vertex 66.7141 121.465 3
      vertex 68.5 124.558 3
    endloop
  endfacet
  facet normal 0 0 1
    outer loop
      vertex 65.0359 126.558 3
      vertex 63.25 123.465 3
      vertex 66.7141 121.465 3
    endloop
  endfacet
  facet normal 0 0 1
    outer loop
      vertex 65.0359 130.558 3
      vertex 61.4641 130.558 3
      vertex 65.0359 126.558 3
    endloop
  endfacet
  facet normal 0 0 1
    outer loop
      vertex 61.4641 126.558 3
      vertex 65.0359 126.558 3
      vertex 61.4641 130.558 3
    endloop
  endfacet
  facet normal 0 0 1
    outer loop
      vertex 59.7859 135.651 3
      vertex 61.4641 130.558 3
      vertex 63.25 133.651 3
    endloop
  endfacet
  facet normal 0 0 1
    outer loop
      vertex 61.4641 130.558 3
      vertex 59.7859 135.651 3
      vertex 58 132.558 3
    endloop
  endfacet
  facet normal -0 0 1
    outer loop
      vertex 98.2141 62.907 3
      vertex 99.7 59.6408 3
      vertex 98.2141 66.907 3
    endloop
  endfacet
  facet normal -0 0 1
    outer loop
      vertex 94.75 60.907 3
      vertex 99.7 59.6408 3
      vertex 98.2141 62.907 3
    endloop
  endfacet
  facet normal 0 0 1
    outer loop
      vertex 92.9641 57.814 3
      vertex 96.5359 57.814 3
      vertex 94.75 60.907 3
    endloop
  endfacet
  facet normal 0 0 1
    outer loop
      vertex 99.7 59.6408 3
      vertex 94.75 60.907 3
      vertex 96.5359 57.814 3
    endloop
  endfacet
  facet normal 0 0 1
    outer loop
      vertex 99.7 51.9872 3
      vertex 98.2141 48.721 3
      vertex 99.7 41.4548 3
    endloop
  endfacet
  facet normal 0 0 1
    outer loop
      vertex 94.75 50.721 3
      vertex 99.7 51.9872 3
      vertex 96.5359 53.814 3
    endloop
  endfacet
  facet normal 0 0 1
    outer loop
      vertex 99.7 51.9872 3
      vertex 94.75 50.721 3
      vertex 98.2141 48.721 3
    endloop
  endfacet
  facet normal 0 0 1
    outer loop
      vertex 96.5359 57.814 3
      vertex 92.9641 57.814 3
      vertex 96.5359 53.814 3
    endloop
  endfacet
  facet normal 0 0 1
    outer loop
      vertex 92.9641 53.814 3
      vertex 96.5359 53.814 3
      vertex 92.9641 57.814 3
    endloop
  endfacet
  facet normal 0 0 1
    outer loop
      vertex 91.2859 62.907 3
      vertex 92.9641 57.814 3
      vertex 94.75 60.907 3
    endloop
  endfacet
  facet normal 0 0 1
    outer loop
      vertex 91.2859 62.907 3
      vertex 89.5 59.814 3
      vertex 92.9641 57.814 3
    endloop
  endfacet
  facet normal 0 0 1
    outer loop
      vertex 91.2859 66.907 3
      vertex 87.7141 66.907 3
      vertex 91.2859 62.907 3
    endloop
  endfacet
  facet normal 0 0 1
    outer loop
      vertex 87.7141 62.907 3
      vertex 91.2859 62.907 3
      vertex 87.7141 66.907 3
    endloop
  endfacet
  facet normal 0 0 1
    outer loop
      vertex 86.0359 72 3
      vertex 87.7141 66.907 3
      vertex 89.5 70 3
    endloop
  endfacet
  facet normal 0 0 1
    outer loop
      vertex 86.0359 72 3
      vertex 84.25 68.907 3
      vertex 87.7141 66.907 3
    endloop
  endfacet
  facet normal 0 0 1
    outer loop
      vertex 86.0359 76 3
      vertex 82.4641 76 3
      vertex 86.0359 72 3
    endloop
  endfacet
  facet normal 0 0 1
    outer loop
      vertex 82.4641 72 3
      vertex 86.0359 72 3
      vertex 82.4641 76 3
    endloop
  endfacet
  facet normal 0 0 1
    outer loop
      vertex 80.7859 81.093 3
      vertex 82.4641 76 3
      vertex 84.25 79.093 3
    endloop
  endfacet
  facet normal 0 0 1
    outer loop
      vertex 80.7859 81.093 3
      vertex 79 78 3
      vertex 82.4641 76 3
    endloop
  endfacet
  facet normal 0 0 1
    outer loop
      vertex 80.7859 85.093 3
      vertex 77.2141 85.093 3
      vertex 80.7859 81.093 3
    endloop
  endfacet
  facet normal 0 0 1
    outer loop
      vertex 77.2141 81.093 3
      vertex 80.7859 81.093 3
      vertex 77.2141 85.093 3
    endloop
  endfacet
  facet normal 0 0 1
    outer loop
      vertex 75.5359 90.186 3
      vertex 77.2141 85.093 3
      vertex 79 88.186 3
    endloop
  endfacet
  facet normal 0 0 1
    outer loop
      vertex 75.5359 90.186 3
      vertex 73.75 87.093 3
      vertex 77.2141 85.093 3
    endloop
  endfacet
  facet normal 0 0 1
    outer loop
      vertex 75.5359 94.186 3
      vertex 71.9641 94.186 3
      vertex 75.5359 90.186 3
    endloop
  endfacet
  facet normal 0 0 1
    outer loop
      vertex 71.9641 90.186 3
      vertex 75.5359 90.186 3
      vertex 71.9641 94.186 3
    endloop
  endfacet
  facet normal 0 0 1
    outer loop
      vertex 70.2859 99.279 3
      vertex 71.9641 94.186 3
      vertex 73.75 97.279 3
    endloop
  endfacet
  facet normal 0 0 1
    outer loop
      vertex 70.2859 99.279 3
      vertex 68.5 96.186 3
      vertex 71.9641 94.186 3
    endloop
  endfacet
  facet normal 0 0 1
    outer loop
      vertex 70.2859 103.279 3
      vertex 66.7141 103.279 3
      vertex 70.2859 99.279 3
    endloop
  endfacet
  facet normal 0 0 1
    outer loop
      vertex 66.7141 99.279 3
      vertex 70.2859 99.279 3
      vertex 66.7141 103.279 3
    endloop
  endfacet
  facet normal 0 0 1
    outer loop
      vertex 65.0359 108.372 3
      vertex 66.7141 103.279 3
      vertex 68.5 106.372 3
    endloop
  endfacet
  facet normal 0 0 1
    outer loop
      vertex 65.0359 108.372 3
      vertex 63.25 105.279 3
      vertex 66.7141 103.279 3
    endloop
  endfacet
  facet normal 0 0 1
    outer loop
      vertex 65.0359 112.372 3
      vertex 61.4641 112.372 3
      vertex 65.0359 108.372 3
    endloop
  endfacet
  facet normal 0 0 1
    outer loop
      vertex 61.4641 108.372 3
      vertex 65.0359 108.372 3
      vertex 61.4641 112.372 3
    endloop
  endfacet
  facet normal 0 0 1
    outer loop
      vertex 59.7859 117.465 3
      vertex 61.4641 112.372 3
      vertex 63.25 115.465 3
    endloop
  endfacet
  facet normal 0 0 1
    outer loop
      vertex 59.7859 117.465 3
      vertex 58 114.372 3
      vertex 61.4641 112.372 3
    endloop
  endfacet
  facet normal 0 0 1
    outer loop
      vertex 59.7859 121.465 3
      vertex 56.2141 121.465 3
      vertex 59.7859 117.465 3
    endloop
  endfacet
  facet normal 0 0 1
    outer loop
      vertex 56.2141 117.465 3
      vertex 59.7859 117.465 3
      vertex 56.2141 121.465 3
    endloop
  endfacet
  facet normal 0 0 1
    outer loop
      vertex 54.5359 126.558 3
      vertex 56.2141 121.465 3
      vertex 58 124.558 3
    endloop
  endfacet
  facet normal 0 0 1
    outer loop
      vertex 54.5359 126.558 3
      vertex 52.75 123.465 3
      vertex 56.2141 121.465 3
    endloop
  endfacet
  facet normal 0 0 1
    outer loop
      vertex 54.5359 130.558 3
      vertex 50.9641 130.558 3
      vertex 54.5359 126.558 3
    endloop
  endfacet
  facet normal 0 0 1
    outer loop
      vertex 50.9641 126.558 3
      vertex 54.5359 126.558 3
      vertex 50.9641 130.558 3
    endloop
  endfacet
  facet normal 0 0 1
    outer loop
      vertex 49.2859 135.651 3
      vertex 50.9641 130.558 3
      vertex 52.75 133.651 3
    endloop
  endfacet
  facet normal 0 0 1
    outer loop
      vertex 50.9641 130.558 3
      vertex 49.2859 135.651 3
      vertex 47.5 132.558 3
    endloop
  endfacet
  facet normal -0 0 1
    outer loop
      vertex 98.2141 44.721 3
      vertex 99.7 41.4548 3
      vertex 98.2141 48.721 3
    endloop
  endfacet
  facet normal -0 0 1
    outer loop
      vertex 94.75 42.721 3
      vertex 99.7 41.4548 3
      vertex 98.2141 44.721 3
    endloop
  endfacet
  facet normal 0 0 1
    outer loop
      vertex 92.9641 39.628 3
      vertex 96.5359 39.628 3
      vertex 94.75 42.721 3
    endloop
  endfacet
  facet normal 0 0 1
    outer loop
      vertex 99.7 41.4548 3
      vertex 94.75 42.721 3
      vertex 96.5359 39.628 3
    endloop
  endfacet
  facet normal 0 0 1
    outer loop
      vertex 99.7 33.8012 3
      vertex 98.2141 30.535 3
      vertex 99.7 23.2688 3
    endloop
  endfacet
  facet normal 0 0 1
    outer loop
      vertex 94.75 32.535 3
      vertex 99.7 33.8012 3
      vertex 96.5359 35.628 3
    endloop
  endfacet
  facet normal 0 0 1
    outer loop
      vertex 99.7 33.8012 3
      vertex 94.75 32.535 3
      vertex 98.2141 30.535 3
    endloop
  endfacet
  facet normal 0 0 1
    outer loop
      vertex 96.5359 39.628 3
      vertex 92.9641 39.628 3
      vertex 96.5359 35.628 3
    endloop
  endfacet
  facet normal 0 0 1
    outer loop
      vertex 92.9641 35.628 3
      vertex 96.5359 35.628 3
      vertex 92.9641 39.628 3
    endloop
  endfacet
  facet normal 0 0 1
    outer loop
      vertex 91.2859 44.721 3
      vertex 92.9641 39.628 3
      vertex 94.75 42.721 3
    endloop
  endfacet
  facet normal 0 0 1
    outer loop
      vertex 91.2859 44.721 3
      vertex 89.5 41.628 3
      vertex 92.9641 39.628 3
    endloop
  endfacet
  facet normal 0 0 1
    outer loop
      vertex 91.2859 48.721 3
      vertex 87.7141 48.721 3
      vertex 91.2859 44.721 3
    endloop
  endfacet
  facet normal 0 0 1
    outer loop
      vertex 87.7141 44.721 3
      vertex 91.2859 44.721 3
      vertex 87.7141 48.721 3
    endloop
  endfacet
  facet normal 0 0 1
    outer loop
      vertex 86.0359 53.814 3
      vertex 87.7141 48.721 3
      vertex 89.5 51.814 3
    endloop
  endfacet
  facet normal 0 0 1
    outer loop
      vertex 86.0359 53.814 3
      vertex 84.25 50.721 3
      vertex 87.7141 48.721 3
    endloop
  endfacet
  facet normal 0 0 1
    outer loop
      vertex 86.0359 57.814 3
      vertex 82.4641 57.814 3
      vertex 86.0359 53.814 3
    endloop
  endfacet
  facet normal 0 0 1
    outer loop
      vertex 82.4641 53.814 3
      vertex 86.0359 53.814 3
      vertex 82.4641 57.814 3
    endloop
  endfacet
  facet normal 0 0 1
    outer loop
      vertex 80.7859 62.907 3
      vertex 82.4641 57.814 3
      vertex 84.25 60.907 3
    endloop
  endfacet
  facet normal 0 0 1
    outer loop
      vertex 80.7859 62.907 3
      vertex 79 59.814 3
      vertex 82.4641 57.814 3
    endloop
  endfacet
  facet normal 0 0 1
    outer loop
      vertex 80.7859 66.907 3
      vertex 77.2141 66.907 3
      vertex 80.7859 62.907 3
    endloop
  endfacet
  facet normal 0 0 1
    outer loop
      vertex 77.2141 62.907 3
      vertex 80.7859 62.907 3
      vertex 77.2141 66.907 3
    endloop
  endfacet
  facet normal 0 0 1
    outer loop
      vertex 75.5359 72 3
      vertex 77.2141 66.907 3
      vertex 79 70 3
    endloop
  endfacet
  facet normal 0 0 1
    outer loop
      vertex 75.5359 72 3
      vertex 73.75 68.907 3
      vertex 77.2141 66.907 3
    endloop
  endfacet
  facet normal 0 0 1
    outer loop
      vertex 75.5359 76 3
      vertex 71.9641 76 3
      vertex 75.5359 72 3
    endloop
  endfacet
  facet normal 0 0 1
    outer loop
      vertex 71.9641 72 3
      vertex 75.5359 72 3
      vertex 71.9641 76 3
    endloop
  endfacet
  facet normal 0 0 1
    outer loop
      vertex 70.2859 81.093 3
      vertex 71.9641 76 3
      vertex 73.75 79.093 3
    endloop
  endfacet
  facet normal 0 0 1
    outer loop
      vertex 70.2859 81.093 3
      vertex 68.5 78 3
      vertex 71.9641 76 3
    endloop
  endfacet
  facet normal 0 0 1
    outer loop
      vertex 70.2859 85.093 3
      vertex 66.7141 85.093 3
      vertex 70.2859 81.093 3
    endloop
  endfacet
  facet normal 0 0 1
    outer loop
      vertex 66.7141 81.093 3
      vertex 70.2859 81.093 3
      vertex 66.7141 85.093 3
    endloop
  endfacet
  facet normal 0 0 1
    outer loop
      vertex 65.0359 90.186 3
      vertex 66.7141 85.093 3
      vertex 68.5 88.186 3
    endloop
  endfacet
  facet normal 0 0 1
    outer loop
      vertex 65.0359 90.186 3
      vertex 63.25 87.093 3
      vertex 66.7141 85.093 3
    endloop
  endfacet
  facet normal 0 0 1
    outer loop
      vertex 65.0359 94.186 3
      vertex 61.4641 94.186 3
      vertex 65.0359 90.186 3
    endloop
  endfacet
  facet normal 0 0 1
    outer loop
      vertex 61.4641 90.186 3
      vertex 65.0359 90.186 3
      vertex 61.4641 94.186 3
    endloop
  endfacet
  facet normal 0 0 1
    outer loop
      vertex 59.7859 99.279 3
      vertex 61.4641 94.186 3
      vertex 63.25 97.279 3
    endloop
  endfacet
  facet normal 0 0 1
    outer loop
      vertex 59.7859 99.279 3
      vertex 58 96.186 3
      vertex 61.4641 94.186 3
    endloop
  endfacet
  facet normal 0 0 1
    outer loop
      vertex 59.7859 103.279 3
      vertex 56.2141 103.279 3
      vertex 59.7859 99.279 3
    endloop
  endfacet
  facet normal 0 0 1
    outer loop
      vertex 56.2141 99.279 3
      vertex 59.7859 99.279 3
      vertex 56.2141 103.279 3
    endloop
  endfacet
  facet normal 0 0 1
    outer loop
      vertex 54.5359 108.372 3
      vertex 56.2141 103.279 3
      vertex 58 106.372 3
    endloop
  endfacet
  facet normal 0 0 1
    outer loop
      vertex 54.5359 108.372 3
      vertex 52.75 105.279 3
      vertex 56.2141 103.279 3
    endloop
  endfacet
  facet normal 0 0 1
    outer loop
      vertex 54.5359 112.372 3
      vertex 50.9641 112.372 3
      vertex 54.5359 108.372 3
    endloop
  endfacet
  facet normal 0 0 1
    outer loop
      vertex 50.9641 108.372 3
      vertex 54.5359 108.372 3
      vertex 50.9641 112.372 3
    endloop
  endfacet
  facet normal 0 0 1
    outer loop
      vertex 49.2859 117.465 3
      vertex 50.9641 112.372 3
      vertex 52.75 115.465 3
    endloop
  endfacet
  facet normal 0 0 1
    outer loop
      vertex 49.2859 117.465 3
      vertex 47.5 114.372 3
      vertex 50.9641 112.372 3
    endloop
  endfacet
  facet normal 0 0 1
    outer loop
      vertex 49.2859 121.465 3
      vertex 45.7141 121.465 3
      vertex 49.2859 117.465 3
    endloop
  endfacet
  facet normal 0 0 1
    outer loop
      vertex 45.7141 117.465 3
      vertex 49.2859 117.465 3
      vertex 45.7141 121.465 3
    endloop
  endfacet
  facet normal 0 0 1
    outer loop
      vertex 44.0359 126.558 3
      vertex 45.7141 121.465 3
      vertex 47.5 124.558 3
    endloop
  endfacet
  facet normal 0 0 1
    outer loop
      vertex 44.0359 126.558 3
      vertex 42.25 123.465 3
      vertex 45.7141 121.465 3
    endloop
  endfacet
  facet normal 0 0 1
    outer loop
      vertex 44.0359 130.558 3
      vertex 40.4641 130.558 3
      vertex 44.0359 126.558 3
    endloop
  endfacet
  facet normal 0 0 1
    outer loop
      vertex 40.4641 126.558 3
      vertex 44.0359 126.558 3
      vertex 40.4641 130.558 3
    endloop
  endfacet
  facet normal 0 0 1
    outer loop
      vertex 38.7859 135.651 3
      vertex 40.4641 130.558 3
      vertex 42.25 133.651 3
    endloop
  endfacet
  facet normal 0 0 1
    outer loop
      vertex 40.4641 130.558 3
      vertex 38.7859 135.651 3
      vertex 37 132.558 3
    endloop
  endfacet
  facet normal -0 0 1
    outer loop
      vertex 98.2141 26.535 3
      vertex 99.7 23.2688 3
      vertex 98.2141 30.535 3
    endloop
  endfacet
  facet normal -0 0 1
    outer loop
      vertex 94.75 24.535 3
      vertex 99.7 23.2688 3
      vertex 98.2141 26.535 3
    endloop
  endfacet
  facet normal 0 0 1
    outer loop
      vertex 92.9641 17.442 3
      vertex 96.5359 17.442 3
      vertex 96.5359 21.442 3
    endloop
  endfacet
  facet normal 0 0 1
    outer loop
      vertex 99.7 23.2688 3
      vertex 94.75 24.535 3
      vertex 96.5359 21.442 3
    endloop
  endfacet
  facet normal 0 0 1
    outer loop
      vertex 92.9641 21.442 3
      vertex 96.5359 21.442 3
      vertex 94.75 24.535 3
    endloop
  endfacet
  facet normal 0 0 1
    outer loop
      vertex 92.9641 17.442 3
      vertex 96.5359 21.442 3
      vertex 92.9641 21.442 3
    endloop
  endfacet
  facet normal 0 0 1
    outer loop
      vertex 96.5359 17.442 3
      vertex 94.75 14.349 3
      vertex 95.3545 14 3
    endloop
  endfacet
  facet normal 0 0 1
    outer loop
      vertex 96.5359 17.442 3
      vertex 92.9641 17.442 3
      vertex 94.75 14.349 3
    endloop
  endfacet
  facet normal 0 0 1
    outer loop
      vertex 91.2859 26.535 3
      vertex 92.9641 21.442 3
      vertex 94.75 24.535 3
    endloop
  endfacet
  facet normal 0 0 1
    outer loop
      vertex 91.2859 26.535 3
      vertex 89.5 23.442 3
      vertex 92.9641 21.442 3
    endloop
  endfacet
  facet normal 0 0 1
    outer loop
      vertex 91.2859 30.535 3
      vertex 87.7141 30.535 3
      vertex 91.2859 26.535 3
    endloop
  endfacet
  facet normal 0 0 1
    outer loop
      vertex 87.7141 26.535 3
      vertex 91.2859 26.535 3
      vertex 87.7141 30.535 3
    endloop
  endfacet
  facet normal 0 0 1
    outer loop
      vertex 86.0359 35.628 3
      vertex 87.7141 30.535 3
      vertex 89.5 33.628 3
    endloop
  endfacet
  facet normal 0 0 1
    outer loop
      vertex 86.0359 35.628 3
      vertex 84.25 32.535 3
      vertex 87.7141 30.535 3
    endloop
  endfacet
  facet normal 0 0 1
    outer loop
      vertex 86.0359 39.628 3
      vertex 82.4641 39.628 3
      vertex 86.0359 35.628 3
    endloop
  endfacet
  facet normal 0 0 1
    outer loop
      vertex 82.4641 35.628 3
      vertex 86.0359 35.628 3
      vertex 82.4641 39.628 3
    endloop
  endfacet
  facet normal 0 0 1
    outer loop
      vertex 80.7859 44.721 3
      vertex 82.4641 39.628 3
      vertex 84.25 42.721 3
    endloop
  endfacet
  facet normal 0 0 1
    outer loop
      vertex 80.7859 44.721 3
      vertex 79 41.628 3
      vertex 82.4641 39.628 3
    endloop
  endfacet
  facet normal 0 0 1
    outer loop
      vertex 80.7859 48.721 3
      vertex 77.2141 48.721 3
      vertex 80.7859 44.721 3
    endloop
  endfacet
  facet normal 0 0 1
    outer loop
      vertex 77.2141 44.721 3
      vertex 80.7859 44.721 3
      vertex 77.2141 48.721 3
    endloop
  endfacet
  facet normal 0 0 1
    outer loop
      vertex 75.5359 53.814 3
      vertex 77.2141 48.721 3
      vertex 79 51.814 3
    endloop
  endfacet
  facet normal 0 0 1
    outer loop
      vertex 75.5359 53.814 3
      vertex 73.75 50.721 3
      vertex 77.2141 48.721 3
    endloop
  endfacet
  facet normal 0 0 1
    outer loop
      vertex 75.5359 57.814 3
      vertex 71.9641 57.814 3
      vertex 75.5359 53.814 3
    endloop
  endfacet
  facet normal 0 0 1
    outer loop
      vertex 71.9641 53.814 3
      vertex 75.5359 53.814 3
      vertex 71.9641 57.814 3
    endloop
  endfacet
  facet normal 0 0 1
    outer loop
      vertex 70.2859 62.907 3
      vertex 71.9641 57.814 3
      vertex 73.75 60.907 3
    endloop
  endfacet
  facet normal 0 0 1
    outer loop
      vertex 70.2859 62.907 3
      vertex 68.5 59.814 3
      vertex 71.9641 57.814 3
    endloop
  endfacet
  facet normal 0 0 1
    outer loop
      vertex 70.2859 66.907 3
      vertex 66.7141 66.907 3
      vertex 70.2859 62.907 3
    endloop
  endfacet
  facet normal 0 0 1
    outer loop
      vertex 66.7141 62.907 3
      vertex 70.2859 62.907 3
      vertex 66.7141 66.907 3
    endloop
  endfacet
  facet normal 0 0 1
    outer loop
      vertex 65.0359 72 3
      vertex 66.7141 66.907 3
      vertex 68.5 70 3
    endloop
  endfacet
  facet normal 0 0 1
    outer loop
      vertex 65.0359 72 3
      vertex 63.25 68.907 3
      vertex 66.7141 66.907 3
    endloop
  endfacet
  facet normal 0 0 1
    outer loop
      vertex 65.0359 76 3
      vertex 61.4641 76 3
      vertex 65.0359 72 3
    endloop
  endfacet
  facet normal 0 0 1
    outer loop
      vertex 61.4641 72 3
      vertex 65.0359 72 3
      vertex 61.4641 76 3
    endloop
  endfacet
  facet normal 0 0 1
    outer loop
      vertex 59.7859 81.093 3
      vertex 61.4641 76 3
      vertex 63.25 79.093 3
    endloop
  endfacet
  facet normal 0 0 1
    outer loop
      vertex 59.7859 81.093 3
      vertex 58 78 3
      vertex 61.4641 76 3
    endloop
  endfacet
  facet normal 0 0 1
    outer loop
      vertex 59.7859 85.093 3
      vertex 56.2141 85.093 3
      vertex 59.7859 81.093 3
    endloop
  endfacet
  facet normal 0 0 1
    outer loop
      vertex 56.2141 81.093 3
      vertex 59.7859 81.093 3
      vertex 56.2141 85.093 3
    endloop
  endfacet
  facet normal 0 0 1
    outer loop
      vertex 54.5359 90.186 3
      vertex 56.2141 85.093 3
      vertex 58 88.186 3
    endloop
  endfacet
  facet normal 0 0 1
    outer loop
      vertex 54.5359 90.186 3
      vertex 52.75 87.093 3
      vertex 56.2141 85.093 3
    endloop
  endfacet
  facet normal 0 0 1
    outer loop
      vertex 54.5359 94.186 3
      vertex 50.9641 94.186 3
      vertex 54.5359 90.186 3
    endloop
  endfacet
  facet normal 0 0 1
    outer loop
      vertex 50.9641 90.186 3
      vertex 54.5359 90.186 3
      vertex 50.9641 94.186 3
    endloop
  endfacet
  facet normal 0 0 1
    outer loop
      vertex 49.2859 99.279 3
      vertex 50.9641 94.186 3
      vertex 52.75 97.279 3
    endloop
  endfacet
  facet normal 0 0 1
    outer loop
      vertex 49.2859 99.279 3
      vertex 47.5 96.186 3
      vertex 50.9641 94.186 3
    endloop
  endfacet
  facet normal 0 0 1
    outer loop
      vertex 49.2859 103.279 3
      vertex 45.7141 103.279 3
      vertex 49.2859 99.279 3
    endloop
  endfacet
  facet normal 0 0 1
    outer loop
      vertex 45.7141 99.279 3
      vertex 49.2859 99.279 3
      vertex 45.7141 103.279 3
    endloop
  endfacet
  facet normal 0 0 1
    outer loop
      vertex 44.0359 108.372 3
      vertex 45.7141 103.279 3
      vertex 47.5 106.372 3
    endloop
  endfacet
  facet normal 0 0 1
    outer loop
      vertex 44.0359 108.372 3
      vertex 42.25 105.279 3
      vertex 45.7141 103.279 3
    endloop
  endfacet
  facet normal 0 0 1
    outer loop
      vertex 44.0359 112.372 3
      vertex 40.4641 112.372 3
      vertex 44.0359 108.372 3
    endloop
  endfacet
  facet normal 0 0 1
    outer loop
      vertex 40.4641 108.372 3
      vertex 44.0359 108.372 3
      vertex 40.4641 112.372 3
    endloop
  endfacet
  facet normal 0 0 1
    outer loop
      vertex 38.7859 117.465 3
      vertex 40.4641 112.372 3
      vertex 42.25 115.465 3
    endloop
  endfacet
  facet normal 0 0 1
    outer loop
      vertex 38.7859 117.465 3
      vertex 37 114.372 3
      vertex 40.4641 112.372 3
    endloop
  endfacet
  facet normal 0 0 1
    outer loop
      vertex 38.7859 121.465 3
      vertex 35.2141 121.465 3
      vertex 38.7859 117.465 3
    endloop
  endfacet
  facet normal 0 0 1
    outer loop
      vertex 35.2141 117.465 3
      vertex 38.7859 117.465 3
      vertex 35.2141 121.465 3
    endloop
  endfacet
  facet normal 0 0 1
    outer loop
      vertex 33.5359 126.558 3
      vertex 35.2141 121.465 3
      vertex 37 124.558 3
    endloop
  endfacet
  facet normal 0 0 1
    outer loop
      vertex 33.5359 126.558 3
      vertex 31.75 123.465 3
      vertex 35.2141 121.465 3
    endloop
  endfacet
  facet normal 0 0 1
    outer loop
      vertex 33.5359 130.558 3
      vertex 29.9641 130.558 3
      vertex 33.5359 126.558 3
    endloop
  endfacet
  facet normal 0 0 1
    outer loop
      vertex 29.9641 126.558 3
      vertex 33.5359 126.558 3
      vertex 29.9641 130.558 3
    endloop
  endfacet
  facet normal 0 0 1
    outer loop
      vertex 28.2859 135.651 3
      vertex 29.9641 130.558 3
      vertex 31.75 133.651 3
    endloop
  endfacet
  facet normal 0 0 1
    outer loop
      vertex 29.9641 130.558 3
      vertex 28.2859 135.651 3
      vertex 26.5 132.558 3
    endloop
  endfacet
  facet normal 0 0 1
    outer loop
      vertex 95.3545 14 3
      vertex 99.7 15.6152 3
      vertex 96.5359 17.442 3
    endloop
  endfacet
  facet normal 0 0 1
    outer loop
      vertex 99.7 15.6152 3
      vertex 95.3545 14 3
      vertex 99.7 10 3
    endloop
  endfacet
  facet normal -0 0 1
    outer loop
      vertex 94.1455 14 3
      vertex 99.7 10 3
      vertex 95.3545 14 3
    endloop
  endfacet
  facet normal 0 0 1
    outer loop
      vertex 94.75 14.349 3
      vertex 92.9641 17.442 3
      vertex 94.1455 14 3
    endloop
  endfacet
  facet normal -0 0 1
    outer loop
      vertex 89.5 15.442 3
      vertex 94.1455 14 3
      vertex 92.9641 17.442 3
    endloop
  endfacet
  facet normal 0 0 1
    outer loop
      vertex 84.8545 14 3
      vertex 94.1455 14 3
      vertex 89.5 15.442 3
    endloop
  endfacet
  facet normal 0 0 1
    outer loop
      vertex 84.8545 14 3
      vertex 89.5 15.442 3
      vertex 86.0359 17.442 3
    endloop
  endfacet
  facet normal 0 0 1
    outer loop
      vertex 94.1455 14 3
      vertex 84.8545 14 3
      vertex 99.7 10 3
    endloop
  endfacet
  facet normal -0 0 1
    outer loop
      vertex 83.6455 14 3
      vertex 99.7 10 3
      vertex 84.8545 14 3
    endloop
  endfacet
  facet normal 0 0 1
    outer loop
      vertex 84.25 14.349 3
      vertex 82.4641 17.442 3
      vertex 83.6455 14 3
    endloop
  endfacet
  facet normal -0 0 1
    outer loop
      vertex 79 15.442 3
      vertex 83.6455 14 3
      vertex 82.4641 17.442 3
    endloop
  endfacet
  facet normal 0 0 1
    outer loop
      vertex 74.3545 14 3
      vertex 79 15.442 3
      vertex 75.5359 17.442 3
    endloop
  endfacet
  facet normal 0 0 1
    outer loop
      vertex 74.3545 14 3
      vertex 83.6455 14 3
      vertex 79 15.442 3
    endloop
  endfacet
  facet normal -0 0 1
    outer loop
      vertex 74.3545 14 3
      vertex 99.7 10 3
      vertex 83.6455 14 3
    endloop
  endfacet
  facet normal -0 0 1
    outer loop
      vertex 73.1455 14 3
      vertex 99.7 10 3
      vertex 74.3545 14 3
    endloop
  endfacet
  facet normal 0 0 1
    outer loop
      vertex 73.75 14.349 3
      vertex 71.9641 17.442 3
      vertex 73.1455 14 3
    endloop
  endfacet
  facet normal -0 0 1
    outer loop
      vertex 68.5 15.442 3
      vertex 73.1455 14 3
      vertex 71.9641 17.442 3
    endloop
  endfacet
  facet normal 0 0 1
    outer loop
      vertex 63.8545 14 3
      vertex 68.5 15.442 3
      vertex 65.0359 17.442 3
    endloop
  endfacet
  facet normal 0 0 1
    outer loop
      vertex 63.8545 14 3
      vertex 73.1455 14 3
      vertex 68.5 15.442 3
    endloop
  endfacet
  facet normal -0 0 1
    outer loop
      vertex 63.8545 14 3
      vertex 99.7 10 3
      vertex 73.1455 14 3
    endloop
  endfacet
  facet normal -0 0 1
    outer loop
      vertex 62.6455 14 3
      vertex 99.7 10 3
      vertex 63.8545 14 3
    endloop
  endfacet
  facet normal 0 0 1
    outer loop
      vertex 63.25 14.349 3
      vertex 61.4641 17.442 3
      vertex 62.6455 14 3
    endloop
  endfacet
  facet normal -0 0 1
    outer loop
      vertex 58 15.442 3
      vertex 62.6455 14 3
      vertex 61.4641 17.442 3
    endloop
  endfacet
  facet normal 0 0 1
    outer loop
      vertex 53.3545 14 3
      vertex 58 15.442 3
      vertex 54.5359 17.442 3
    endloop
  endfacet
  facet normal 0 0 1
    outer loop
      vertex 53.3545 14 3
      vertex 62.6455 14 3
      vertex 58 15.442 3
    endloop
  endfacet
  facet normal -0 0 1
    outer loop
      vertex 53.3545 14 3
      vertex 99.7 10 3
      vertex 62.6455 14 3
    endloop
  endfacet
  facet normal 0 0 1
    outer loop
      vertex 18 10 3
      vertex 53.3545 14 3
      vertex 52.1455 14 3
    endloop
  endfacet
  facet normal 0 0 1
    outer loop
      vertex 52.75 14.349 3
      vertex 50.9641 17.442 3
      vertex 52.1455 14 3
    endloop
  endfacet
  facet normal -0 0 1
    outer loop
      vertex 47.5 15.442 3
      vertex 52.1455 14 3
      vertex 50.9641 17.442 3
    endloop
  endfacet
  facet normal 0 0 1
    outer loop
      vertex 42.8545 14 3
      vertex 47.5 15.442 3
      vertex 44.0359 17.442 3
    endloop
  endfacet
  facet normal 0 0 1
    outer loop
      vertex 42.8545 14 3
      vertex 52.1455 14 3
      vertex 47.5 15.442 3
    endloop
  endfacet
  facet normal 0 0 1
    outer loop
      vertex 18 10 3
      vertex 52.1455 14 3
      vertex 42.8545 14 3
    endloop
  endfacet
  facet normal 0 0 1
    outer loop
      vertex 18 10 3
      vertex 42.8545 14 3
      vertex 41.6455 14 3
    endloop
  endfacet
  facet normal 0 0 1
    outer loop
      vertex 42.25 14.349 3
      vertex 40.4641 17.442 3
      vertex 41.6455 14 3
    endloop
  endfacet
  facet normal -0 0 1
    outer loop
      vertex 37 15.442 3
      vertex 41.6455 14 3
      vertex 40.4641 17.442 3
    endloop
  endfacet
  facet normal 0 0 1
    outer loop
      vertex 32.3545 14 3
      vertex 37 15.442 3
      vertex 33.5359 17.442 3
    endloop
  endfacet
  facet normal 0 0 1
    outer loop
      vertex 32.3545 14 3
      vertex 41.6455 14 3
      vertex 37 15.442 3
    endloop
  endfacet
  facet normal 0 0 1
    outer loop
      vertex 18 10 3
      vertex 41.6455 14 3
      vertex 32.3545 14 3
    endloop
  endfacet
  facet normal 0 0 1
    outer loop
      vertex 18 10 3
      vertex 32.3545 14 3
      vertex 31.1455 14 3
    endloop
  endfacet
  facet normal 0 0 1
    outer loop
      vertex 31.75 14.349 3
      vertex 29.9641 17.442 3
      vertex 31.1455 14 3
    endloop
  endfacet
  facet normal -0 0 1
    outer loop
      vertex 26.5 15.442 3
      vertex 31.1455 14 3
      vertex 29.9641 17.442 3
    endloop
  endfacet
  facet normal -0 0 1
    outer loop
      vertex 22.9848 18.6514 3
      vertex 23.0359 17.442 3
      vertex 23 19 3
    endloop
  endfacet
  facet normal -0 0 1
    outer loop
      vertex 22.9392 18.3054 3
      vertex 23.0359 17.442 3
      vertex 22.9848 18.6514 3
    endloop
  endfacet
  facet normal -0 0 1
    outer loop
      vertex 22.8637 17.9647 3
      vertex 23.0359 17.442 3
      vertex 22.9392 18.3054 3
    endloop
  endfacet
  facet normal -0 0 1
    outer loop
      vertex 22.7588 17.6319 3
      vertex 23.0359 17.442 3
      vertex 22.8637 17.9647 3
    endloop
  endfacet
  facet normal 0 0 1
    outer loop
      vertex 22.6252 17.3095 3
      vertex 23.0359 17.442 3
      vertex 22.7588 17.6319 3
    endloop
  endfacet
  facet normal 0 0 1
    outer loop
      vertex 22.4641 17 3
      vertex 23.0359 17.442 3
      vertex 22.6252 17.3095 3
    endloop
  endfacet
  facet normal 0 0 1
    outer loop
      vertex 22.2766 16.7057 3
      vertex 23.0359 17.442 3
      vertex 22.4641 17 3
    endloop
  endfacet
  facet normal 0 0 1
    outer loop
      vertex 23.0359 17.442 3
      vertex 22.2766 16.7057 3
      vertex 26.5 15.442 3
    endloop
  endfacet
  facet normal -0 0 1
    outer loop
      vertex 22.0642 16.4289 3
      vertex 26.5 15.442 3
      vertex 22.2766 16.7057 3
    endloop
  endfacet
  facet normal 0 0 1
    outer loop
      vertex 26.5 15.442 3
      vertex 22.0642 16.4289 3
      vertex 21.8545 14 3
    endloop
  endfacet
  facet normal 0 0 1
    outer loop
      vertex 26.5 15.442 3
      vertex 21.8545 14 3
      vertex 31.1455 14 3
    endloop
  endfacet
  facet normal 0 0 1
    outer loop
      vertex 18 10 3
      vertex 31.1455 14 3
      vertex 21.8545 14 3
    endloop
  endfacet
  facet normal 0 0 1
    outer loop
      vertex 18 10 3
      vertex 21.8545 14 3
      vertex 20.6455 14 3
    endloop
  endfacet
  facet normal -0 0 1
    outer loop
      vertex 20.0353 15.1363 3
      vertex 20.6455 14 3
      vertex 20.3681 15.2412 3
    endloop
  endfacet
  facet normal -0 0 1
    outer loop
      vertex 19.6946 15.0608 3
      vertex 20.6455 14 3
      vertex 20.0353 15.1363 3
    endloop
  endfacet
  facet normal -0 0 1
    outer loop
      vertex 19.3486 15.0152 3
      vertex 20.6455 14 3
      vertex 19.6946 15.0608 3
    endloop
  endfacet
  facet normal -0 0 1
    outer loop
      vertex 19 15 3
      vertex 20.6455 14 3
      vertex 19.3486 15.0152 3
    endloop
  endfacet
  facet normal 0 0 1
    outer loop
      vertex 18.6514 15.0152 3
      vertex 20.6455 14 3
      vertex 19 15 3
    endloop
  endfacet
  facet normal 0 0 1
    outer loop
      vertex 18 10 3
      vertex 18.6514 15.0152 3
      vertex 18.3054 15.0608 3
    endloop
  endfacet
  facet normal 0 0 1
    outer loop
      vertex 53.3545 14 3
      vertex 18 10 3
      vertex 99.7 10 3
    endloop
  endfacet
  facet normal 0 0 1
    outer loop
      vertex 18.6514 15.0152 3
      vertex 18 10 3
      vertex 20.6455 14 3
    endloop
  endfacet
  facet normal 0 0 1
    outer loop
      vertex 17.3027 10.0304 3
      vertex 18.3054 15.0608 3
      vertex 17.9647 15.1363 3
    endloop
  endfacet
  facet normal 0 0 1
    outer loop
      vertex 16.6108 10.1215 3
      vertex 17.9647 15.1363 3
      vertex 17.6319 15.2412 3
    endloop
  endfacet
  facet normal 0 0 1
    outer loop
      vertex 16 15.442 3
      vertex 17.6319 15.2412 3
      vertex 17.3095 15.3748 3
    endloop
  endfacet
  facet normal 0 0 1
    outer loop
      vertex 18.3054 15.0608 3
      vertex 17.3027 10.0304 3
      vertex 18 10 3
    endloop
  endfacet
  facet normal -0 0 1
    outer loop
      vertex 16 15.442 3
      vertex 17.3095 15.3748 3
      vertex 17 15.5359 3
    endloop
  endfacet
  facet normal 0 0 1
    outer loop
      vertex 16 15.442 3
      vertex 17 15.5359 3
      vertex 16.7057 15.7234 3
    endloop
  endfacet
  facet normal 0 0 1
    outer loop
      vertex 16 15.442 3
      vertex 16.7057 15.7234 3
      vertex 16.612 15.7953 3
    endloop
  endfacet
  facet normal 0 0 1
    outer loop
      vertex 17.6319 15.2412 3
      vertex 16 15.442 3
      vertex 15.9294 10.2726 3
    endloop
  endfacet
  facet normal 0 0 1
    outer loop
      vertex 17.9647 15.1363 3
      vertex 16.6108 10.1215 3
      vertex 17.3027 10.0304 3
    endloop
  endfacet
  facet normal 0 0 1
    outer loop
      vertex 17.6319 15.2412 3
      vertex 15.9294 10.2726 3
      vertex 16.6108 10.1215 3
    endloop
  endfacet
  facet normal 0 0 1
    outer loop
      vertex 16 15.442 3
      vertex 15.2638 10.4825 3
      vertex 15.9294 10.2726 3
    endloop
  endfacet
  facet normal 0 0 1
    outer loop
      vertex 16 15.442 3
      vertex 14.619 10.7495 3
      vertex 15.2638 10.4825 3
    endloop
  endfacet
  facet normal 0 0 1
    outer loop
      vertex 14 11.0718 3
      vertex 16 15.442 3
      vertex 14 16.5967 3
    endloop
  endfacet
  facet normal 0 0 1
    outer loop
      vertex 16 15.442 3
      vertex 14 11.0718 3
      vertex 14.619 10.7495 3
    endloop
  endfacet
  facet normal 0 0 1
    outer loop
      vertex 96.5359 126.558 3
      vertex 92.9641 126.558 3
      vertex 94.75 123.465 3
    endloop
  endfacet
  facet normal 0 0 1
    outer loop
      vertex 92.9641 126.558 3
      vertex 91.2859 121.465 3
      vertex 94.75 123.465 3
    endloop
  endfacet
  facet normal 0 0 1
    outer loop
      vertex 87.7141 121.465 3
      vertex 91.2859 121.465 3
      vertex 89.5 124.558 3
    endloop
  endfacet
  facet normal -0 0 1
    outer loop
      vertex 89.5 124.558 3
      vertex 91.2859 121.465 3
      vertex 92.9641 126.558 3
    endloop
  endfacet
  facet normal 0 0 1
    outer loop
      vertex 96.5359 108.372 3
      vertex 92.9641 108.372 3
      vertex 94.75 105.279 3
    endloop
  endfacet
  facet normal 0 0 1
    outer loop
      vertex 92.9641 108.372 3
      vertex 91.2859 103.279 3
      vertex 94.75 105.279 3
    endloop
  endfacet
  facet normal 0 0 1
    outer loop
      vertex 87.7141 103.279 3
      vertex 91.2859 103.279 3
      vertex 89.5 106.372 3
    endloop
  endfacet
  facet normal -0 0 1
    outer loop
      vertex 89.5 106.372 3
      vertex 91.2859 103.279 3
      vertex 92.9641 108.372 3
    endloop
  endfacet
  facet normal 0 0 1
    outer loop
      vertex 96.5359 90.186 3
      vertex 92.9641 90.186 3
      vertex 94.75 87.093 3
    endloop
  endfacet
  facet normal 0 0 1
    outer loop
      vertex 92.9641 90.186 3
      vertex 91.2859 85.093 3
      vertex 94.75 87.093 3
    endloop
  endfacet
  facet normal 0 0 1
    outer loop
      vertex 87.7141 85.093 3
      vertex 91.2859 85.093 3
      vertex 89.5 88.186 3
    endloop
  endfacet
  facet normal -0 0 1
    outer loop
      vertex 89.5 88.186 3
      vertex 91.2859 85.093 3
      vertex 92.9641 90.186 3
    endloop
  endfacet
  facet normal 0 0 1
    outer loop
      vertex 96.5359 72 3
      vertex 92.9641 72 3
      vertex 94.75 68.907 3
    endloop
  endfacet
  facet normal 0 0 1
    outer loop
      vertex 92.9641 72 3
      vertex 91.2859 66.907 3
      vertex 94.75 68.907 3
    endloop
  endfacet
  facet normal 0 0 1
    outer loop
      vertex 87.7141 66.907 3
      vertex 91.2859 66.907 3
      vertex 89.5 70 3
    endloop
  endfacet
  facet normal -0 0 1
    outer loop
      vertex 89.5 70 3
      vertex 91.2859 66.907 3
      vertex 92.9641 72 3
    endloop
  endfacet
  facet normal 0 0 1
    outer loop
      vertex 96.5359 53.814 3
      vertex 92.9641 53.814 3
      vertex 94.75 50.721 3
    endloop
  endfacet
  facet normal 0 0 1
    outer loop
      vertex 92.9641 53.814 3
      vertex 91.2859 48.721 3
      vertex 94.75 50.721 3
    endloop
  endfacet
  facet normal 0 0 1
    outer loop
      vertex 87.7141 48.721 3
      vertex 91.2859 48.721 3
      vertex 89.5 51.814 3
    endloop
  endfacet
  facet normal -0 0 1
    outer loop
      vertex 89.5 51.814 3
      vertex 91.2859 48.721 3
      vertex 92.9641 53.814 3
    endloop
  endfacet
  facet normal 0 0 1
    outer loop
      vertex 96.5359 35.628 3
      vertex 92.9641 35.628 3
      vertex 94.75 32.535 3
    endloop
  endfacet
  facet normal 0 0 1
    outer loop
      vertex 92.9641 35.628 3
      vertex 91.2859 30.535 3
      vertex 94.75 32.535 3
    endloop
  endfacet
  facet normal 0 0 1
    outer loop
      vertex 87.7141 30.535 3
      vertex 91.2859 30.535 3
      vertex 89.5 33.628 3
    endloop
  endfacet
  facet normal -0 0 1
    outer loop
      vertex 89.5 33.628 3
      vertex 91.2859 30.535 3
      vertex 92.9641 35.628 3
    endloop
  endfacet
  facet normal -0.482474 0.199789 0.852821
    outer loop
      vertex 7.48245 137.736 0.599999
      vertex 10.7495 135.381 3
      vertex 7.74954 138.381 0.599999
    endloop
  endfacet
  facet normal -0.482508 0.199736 0.852814
    outer loop
      vertex 10.7495 135.381 3
      vertex 7.48245 137.736 0.599999
      vertex 10.4825 134.736 3
    endloop
  endfacet
  facet normal -0.12059 -0.543814 0.830496
    outer loop
      vertex 15.9294 10.2726 3
      vertex 13.6108 7.12154 0.599999
      vertex 16.6108 10.1215 3
    endloop
  endfacet
  facet normal -0.120562 -0.54383 0.83049
    outer loop
      vertex 13.6108 7.12154 0.599999
      vertex 15.9294 10.2726 3
      vertex 12.9294 7.2726 0.599999
    endloop
  endfacet
  facet normal -0.843385 -0.53731 0
    outer loop
      vertex 8.44678 10.4114 0
      vertex 8.07179 11 0.599999
      vertex 8.07179 11 0
    endloop
  endfacet
  facet normal -0.843385 -0.53731 0
    outer loop
      vertex 8.07179 11 0.599999
      vertex 8.44678 10.4114 0
      vertex 8.44678 10.4114 0.599999
    endloop
  endfacet
  facet normal -0.79336 -0.608753 0
    outer loop
      vertex 8.87164 9.8577 0
      vertex 8.44678 10.4114 0.599999
      vertex 8.44678 10.4114 0
    endloop
  endfacet
  facet normal -0.79336 -0.608753 0
    outer loop
      vertex 8.44678 10.4114 0.599999
      vertex 8.87164 9.8577 0
      vertex 8.87164 9.8577 0.599999
    endloop
  endfacet
  facet normal -0.608151 0.0265597 0.793377
    outer loop
      vertex 7 135 0.599999
      vertex 10.0304 132.697 3
      vertex 7.03044 135.697 0.599999
    endloop
  endfacet
  facet normal -0.608167 0.0265255 0.793366
    outer loop
      vertex 10.0304 132.697 3
      vertex 7 135 0.599999
      vertex 10 132 3
    endloop
  endfacet
  facet normal 0.991427 0.130662 0
    outer loop
      vertex 22.9848 19.3486 7.95
      vertex 22.9392 19.6946 3
      vertex 22.9392 19.6946 7.95
    endloop
  endfacet
  facet normal 0.991427 0.130662 0
    outer loop
      vertex 22.9392 19.6946 3
      vertex 22.9848 19.3486 7.95
      vertex 22.9848 19.3486 3
    endloop
  endfacet
  facet normal -0.991427 0.130662 0
    outer loop
      vertex 15.0152 19.3486 2.95
      vertex 15.0608 19.6946 7.95
      vertex 15.0608 19.6946 2.95
    endloop
  endfacet
  facet normal -0.991427 0.130662 0
    outer loop
      vertex 15.0608 19.6946 7.95
      vertex 15.0152 19.3486 2.95
      vertex 15.0152 19.3486 7.95
    endloop
  endfacet
  facet normal -0.382824 -0.923821 0
    outer loop
      vertex 17.3095 15.3748 3
      vertex 17.6319 15.2412 7.95
      vertex 17.3095 15.3748 7.95
    endloop
  endfacet
  facet normal -0.382824 -0.923821 -0
    outer loop
      vertex 17.6319 15.2412 7.95
      vertex 17.3095 15.3748 3
      vertex 17.6319 15.2412 3
    endloop
  endfacet
  facet normal 0.991427 -0.130662 0
    outer loop
      vertex 22.9392 18.3054 7.95
      vertex 22.9848 18.6514 3
      vertex 22.9848 18.6514 7.95
    endloop
  endfacet
  facet normal 0.991427 -0.130662 0
    outer loop
      vertex 22.9848 18.6514 3
      vertex 22.9392 18.3054 7.95
      vertex 22.9392 18.3054 3
    endloop
  endfacet
  facet normal 0.130662 -0.991427 0
    outer loop
      vertex 19.3486 15.0152 3
      vertex 19.6946 15.0608 7.95
      vertex 19.3486 15.0152 7.95
    endloop
  endfacet
  facet normal 0.130662 -0.991427 0
    outer loop
      vertex 19.6946 15.0608 7.95
      vertex 19.3486 15.0152 3
      vertex 19.6946 15.0608 3
    endloop
  endfacet
  facet normal 0.737237 -0.675634 0
    outer loop
      vertex 21.8284 16.1716 7.95
      vertex 22.0642 16.4289 3
      vertex 22.0642 16.4289 7.95
    endloop
  endfacet
  facet normal 0.737237 -0.675634 0
    outer loop
      vertex 22.0642 16.4289 3
      vertex 21.8284 16.1716 7.95
      vertex 21.8284 16.1716 3
    endloop
  endfacet
  facet normal 0.300624 -0.953743 0
    outer loop
      vertex 20.0353 15.1363 3
      vertex 20.3681 15.2412 7.95
      vertex 20.0353 15.1363 7.95
    endloop
  endfacet
  facet normal 0.300624 -0.953743 0
    outer loop
      vertex 20.3681 15.2412 7.95
      vertex 20.0353 15.1363 3
      vertex 20.3681 15.2412 3
    endloop
  endfacet
  facet normal -0.976315 -0.216354 0
    outer loop
      vertex 15.1363 17.9647 2.95
      vertex 15.0608 18.3054 7.95
      vertex 15.0608 18.3054 2.95
    endloop
  endfacet
  facet normal -0.976315 -0.216354 0
    outer loop
      vertex 15.0608 18.3054 7.95
      vertex 15.1363 17.9647 2.95
      vertex 15.1363 17.9647 7.95
    endloop
  endfacet
  facet normal -0.216354 -0.976315 0
    outer loop
      vertex 17.9647 15.1363 3
      vertex 18.3054 15.0608 7.95
      vertex 17.9647 15.1363 7.95
    endloop
  endfacet
  facet normal -0.216354 -0.976315 -0
    outer loop
      vertex 18.3054 15.0608 7.95
      vertex 17.9647 15.1363 3
      vertex 18.3054 15.0608 3
    endloop
  endfacet
  facet normal 0.793348 -0.608768 0
    outer loop
      vertex 22.0642 16.4289 7.95
      vertex 22.2766 16.7057 3
      vertex 22.2766 16.7057 7.95
    endloop
  endfacet
  facet normal 0.793348 -0.608768 0
    outer loop
      vertex 22.2766 16.7057 3
      vertex 22.0642 16.4289 7.95
      vertex 22.0642 16.4289 3
    endloop
  endfacet
  facet normal 0.953743 0.300624 0
    outer loop
      vertex 22.8637 20.0353 7.95
      vertex 22.7588 20.3681 3
      vertex 22.7588 20.3681 7.95
    endloop
  endfacet
  facet normal 0.953743 0.300624 0
    outer loop
      vertex 22.7588 20.3681 3
      vertex 22.8637 20.0353 7.95
      vertex 22.8637 20.0353 3
    endloop
  endfacet
  facet normal -0.675634 0.737237 0
    outer loop
      vertex 16.4289 22.0642 2.95
      vertex 16.1716 21.8284 7.95
      vertex 16.4289 22.0642 7.95
    endloop
  endfacet
  facet normal -0.675634 0.737237 0
    outer loop
      vertex 16.1716 21.8284 7.95
      vertex 16.4289 22.0642 2.95
      vertex 16.1716 21.8284 2.95
    endloop
  endfacet
  facet normal -0.300624 -0.953743 0
    outer loop
      vertex 17.6319 15.2412 3
      vertex 17.9647 15.1363 7.95
      vertex 17.6319 15.2412 7.95
    endloop
  endfacet
  facet normal -0.300624 -0.953743 -0
    outer loop
      vertex 17.9647 15.1363 7.95
      vertex 17.6319 15.2412 3
      vertex 17.9647 15.1363 3
    endloop
  endfacet
  facet normal -0.793348 -0.608768 0
    outer loop
      vertex 15.9358 16.4289 2.95
      vertex 15.7234 16.7057 7.95
      vertex 15.7234 16.7057 2.95
    endloop
  endfacet
  facet normal -0.793348 -0.608768 0
    outer loop
      vertex 15.7234 16.7057 7.95
      vertex 15.9358 16.4289 2.95
      vertex 15.9358 16.4289 7.95
    endloop
  endfacet
  facet normal 0.976315 -0.216354 0
    outer loop
      vertex 22.8637 17.9647 7.95
      vertex 22.9392 18.3054 3
      vertex 22.9392 18.3054 7.95
    endloop
  endfacet
  facet normal 0.976315 -0.216354 0
    outer loop
      vertex 22.9392 18.3054 3
      vertex 22.8637 17.9647 7.95
      vertex 22.8637 17.9647 3
    endloop
  endfacet
  facet normal 0.887029 -0.461714 0
    outer loop
      vertex 22.4641 17 7.95
      vertex 22.6252 17.3095 3
      vertex 22.6252 17.3095 7.95
    endloop
  endfacet
  facet normal 0.887029 -0.461714 0
    outer loop
      vertex 22.6252 17.3095 3
      vertex 22.4641 17 7.95
      vertex 22.4641 17 3
    endloop
  endfacet
  facet normal -0.976315 0.216354 0
    outer loop
      vertex 15.0608 19.6946 2.95
      vertex 15.1363 20.0353 7.95
      vertex 15.1363 20.0353 2.95
    endloop
  endfacet
  facet normal -0.976315 0.216354 0
    outer loop
      vertex 15.1363 20.0353 7.95
      vertex 15.0608 19.6946 2.95
      vertex 15.0608 19.6946 7.95
    endloop
  endfacet
  facet normal 0.999051 0.0435616 0
    outer loop
      vertex 23 19 7.95
      vertex 22.9848 19.3486 3
      vertex 22.9848 19.3486 7.95
    endloop
  endfacet
  facet normal 0.999051 0.0435616 0
    outer loop
      vertex 22.9848 19.3486 3
      vertex 23 19 7.95
      vertex 23 19 3
    endloop
  endfacet
  facet normal 0.216354 0.976315 -0
    outer loop
      vertex 20.0353 22.8637 3
      vertex 19.6946 22.9392 7.95
      vertex 20.0353 22.8637 7.95
    endloop
  endfacet
  facet normal 0.216354 0.976315 0
    outer loop
      vertex 19.6946 22.9392 7.95
      vertex 20.0353 22.8637 3
      vertex 19.6946 22.9392 3
    endloop
  endfacet
  facet normal 0.300624 0.953743 -0
    outer loop
      vertex 20.3681 22.7588 3
      vertex 20.0353 22.8637 7.95
      vertex 20.3681 22.7588 7.95
    endloop
  endfacet
  facet normal 0.300624 0.953743 0
    outer loop
      vertex 20.0353 22.8637 7.95
      vertex 20.3681 22.7588 3
      vertex 20.0353 22.8637 3
    endloop
  endfacet
  facet normal 0.976315 0.216354 0
    outer loop
      vertex 22.9392 19.6946 7.95
      vertex 22.8637 20.0353 3
      vertex 22.8637 20.0353 7.95
    endloop
  endfacet
  facet normal 0.976315 0.216354 0
    outer loop
      vertex 22.8637 20.0353 3
      vertex 22.9392 19.6946 7.95
      vertex 22.9392 19.6946 3
    endloop
  endfacet
  facet normal -0.0435616 0.999051 0
    outer loop
      vertex 19 23 3
      vertex 18.6514 22.9848 7.95
      vertex 19 23 7.95
    endloop
  endfacet
  facet normal -0.0435616 0.999051 0
    outer loop
      vertex 18.6514 22.9848 7.95
      vertex 19 23 3
      vertex 18.6514 22.9848 3
    endloop
  endfacet
  facet normal 0.843378 0.53732 0
    outer loop
      vertex 22.4641 21 7.95
      vertex 22.2766 21.2943 3
      vertex 22.2766 21.2943 7.95
    endloop
  endfacet
  facet normal 0.843378 0.53732 0
    outer loop
      vertex 22.2766 21.2943 3
      vertex 22.4641 21 7.95
      vertex 22.4641 21 3
    endloop
  endfacet
  facet normal -0.923821 -0.382824 0
    outer loop
      vertex 15.3748 17.3095 2.95
      vertex 15.2412 17.6319 7.95
      vertex 15.2412 17.6319 2.95
    endloop
  endfacet
  facet normal -0.923821 -0.382824 0
    outer loop
      vertex 15.2412 17.6319 7.95
      vertex 15.3748 17.3095 2.95
      vertex 15.3748 17.3095 7.95
    endloop
  endfacet
  facet normal -0.999051 0.0435616 0
    outer loop
      vertex 15 19 2.95
      vertex 15.0152 19.3486 7.95
      vertex 15.0152 19.3486 2.95
    endloop
  endfacet
  facet normal -0.999051 0.0435616 0
    outer loop
      vertex 15.0152 19.3486 7.95
      vertex 15 19 2.95
      vertex 15 19 7.95
    endloop
  endfacet
  facet normal 0.999051 -0.0435616 0
    outer loop
      vertex 22.9848 18.6514 7.95
      vertex 23 19 3
      vertex 23 19 7.95
    endloop
  endfacet
  facet normal 0.999051 -0.0435616 0
    outer loop
      vertex 23 19 3
      vertex 22.9848 18.6514 7.95
      vertex 22.9848 18.6514 3
    endloop
  endfacet
  facet normal -0.53732 0.843378 0
    outer loop
      vertex 17 22.4641 2.95
      vertex 16.7057 22.2766 7.95
      vertex 17 22.4641 7.95
    endloop
  endfacet
  facet normal -0.53732 0.843378 0
    outer loop
      vertex 16.7057 22.2766 7.95
      vertex 17 22.4641 2.95
      vertex 16.7057 22.2766 2.95
    endloop
  endfacet
  facet normal -0.461714 -0.887029 0
    outer loop
      vertex 17 15.5359 3
      vertex 17.3095 15.3748 7.95
      vertex 17 15.5359 7.95
    endloop
  endfacet
  facet normal -0.461714 -0.887029 -0
    outer loop
      vertex 17.3095 15.3748 7.95
      vertex 17 15.5359 3
      vertex 17.3095 15.3748 3
    endloop
  endfacet
  facet normal 0.216354 -0.976315 0
    outer loop
      vertex 19.6946 15.0608 3
      vertex 20.0353 15.1363 7.95
      vertex 19.6946 15.0608 7.95
    endloop
  endfacet
  facet normal 0.216354 -0.976315 0
    outer loop
      vertex 20.0353 15.1363 7.95
      vertex 19.6946 15.0608 3
      vertex 20.0353 15.1363 3
    endloop
  endfacet
  facet normal -0.608768 0.793348 0
    outer loop
      vertex 16.7057 22.2766 2.95
      vertex 16.4289 22.0642 7.95
      vertex 16.7057 22.2766 7.95
    endloop
  endfacet
  facet normal -0.608768 0.793348 0
    outer loop
      vertex 16.4289 22.0642 7.95
      vertex 16.7057 22.2766 2.95
      vertex 16.4289 22.0642 2.95
    endloop
  endfacet
  facet normal -0.843378 -0.53732 0
    outer loop
      vertex 15.7234 16.7057 2.95
      vertex 15.5359 17 7.95
      vertex 15.5359 17 2.95
    endloop
  endfacet
  facet normal -0.843378 -0.53732 0
    outer loop
      vertex 15.5359 17 7.95
      vertex 15.7234 16.7057 2.95
      vertex 15.7234 16.7057 7.95
    endloop
  endfacet
  facet normal 0.0435616 0.999051 -0
    outer loop
      vertex 19.3486 22.9848 3
      vertex 19 23 7.95
      vertex 19.3486 22.9848 7.95
    endloop
  endfacet
  facet normal 0.0435616 0.999051 0
    outer loop
      vertex 19 23 7.95
      vertex 19.3486 22.9848 3
      vertex 19 23 3
    endloop
  endfacet
  facet normal 0.382824 0.923821 -0
    outer loop
      vertex 20.6905 22.6252 3
      vertex 20.3681 22.7588 7.95
      vertex 20.6905 22.6252 7.95
    endloop
  endfacet
  facet normal 0.382824 0.923821 0
    outer loop
      vertex 20.3681 22.7588 7.95
      vertex 20.6905 22.6252 3
      vertex 20.3681 22.7588 3
    endloop
  endfacet
  facet normal -0.130662 -0.991427 0
    outer loop
      vertex 18.3054 15.0608 3
      vertex 18.6514 15.0152 7.95
      vertex 18.3054 15.0608 7.95
    endloop
  endfacet
  facet normal -0.130662 -0.991427 -0
    outer loop
      vertex 18.6514 15.0152 7.95
      vertex 18.3054 15.0608 3
      vertex 18.6514 15.0152 3
    endloop
  endfacet
  facet normal -0.999051 -0.0435616 0
    outer loop
      vertex 15.0152 18.6514 2.95
      vertex 15 19 7.95
      vertex 15 19 2.95
    endloop
  endfacet
  facet normal -0.999051 -0.0435616 0
    outer loop
      vertex 15 19 7.95
      vertex 15.0152 18.6514 2.95
      vertex 15.0152 18.6514 7.95
    endloop
  endfacet
  facet normal 0.843378 -0.53732 0
    outer loop
      vertex 22.2766 16.7057 7.95
      vertex 22.4641 17 3
      vertex 22.4641 17 7.95
    endloop
  endfacet
  facet normal 0.843378 -0.53732 0
    outer loop
      vertex 22.4641 17 3
      vertex 22.2766 16.7057 7.95
      vertex 22.2766 16.7057 3
    endloop
  endfacet
  facet normal -0.130662 0.991427 0
    outer loop
      vertex 18.6514 22.9848 3
      vertex 18.3054 22.9392 7.95
      vertex 18.6514 22.9848 7.95
    endloop
  endfacet
  facet normal -0.130662 0.991427 0
    outer loop
      vertex 18.3054 22.9392 7.95
      vertex 18.6514 22.9848 3
      vertex 18.3054 22.9392 3
    endloop
  endfacet
  facet normal 0.737237 0.675634 0
    outer loop
      vertex 22.0642 21.5711 7.95
      vertex 21.8284 21.8284 3
      vertex 21.8284 21.8284 7.95
    endloop
  endfacet
  facet normal 0.737237 0.675634 0
    outer loop
      vertex 21.8284 21.8284 3
      vertex 22.0642 21.5711 7.95
      vertex 22.0642 21.5711 3
    endloop
  endfacet
  facet normal 0.923821 0.382824 0
    outer loop
      vertex 22.7588 20.3681 7.95
      vertex 22.6252 20.6905 3
      vertex 22.6252 20.6905 7.95
    endloop
  endfacet
  facet normal 0.923821 0.382824 0
    outer loop
      vertex 22.6252 20.6905 3
      vertex 22.7588 20.3681 7.95
      vertex 22.7588 20.3681 3
    endloop
  endfacet
  facet normal -0.53732 -0.843378 0
    outer loop
      vertex 16.7057 15.7234 3
      vertex 17 15.5359 7.95
      vertex 16.7057 15.7234 7.95
    endloop
  endfacet
  facet normal -0.53732 -0.843378 -0
    outer loop
      vertex 17 15.5359 7.95
      vertex 16.7057 15.7234 3
      vertex 17 15.5359 3
    endloop
  endfacet
  facet normal 0.0435616 -0.999051 0
    outer loop
      vertex 19 15 3
      vertex 19.3486 15.0152 7.95
      vertex 19 15 7.95
    endloop
  endfacet
  facet normal 0.0435616 -0.999051 0
    outer loop
      vertex 19.3486 15.0152 7.95
      vertex 19 15 3
      vertex 19.3486 15.0152 3
    endloop
  endfacet
  facet normal 0.608768 0.793348 -0
    outer loop
      vertex 21.5711 22.0642 3
      vertex 21.2943 22.2766 7.95
      vertex 21.5711 22.0642 7.95
    endloop
  endfacet
  facet normal 0.608768 0.793348 0
    outer loop
      vertex 21.2943 22.2766 7.95
      vertex 21.5711 22.0642 3
      vertex 21.2943 22.2766 3
    endloop
  endfacet
  facet normal 0.887029 0.461714 0
    outer loop
      vertex 22.6252 20.6905 7.95
      vertex 22.4641 21 3
      vertex 22.4641 21 7.95
    endloop
  endfacet
  facet normal 0.887029 0.461714 0
    outer loop
      vertex 22.4641 21 3
      vertex 22.6252 20.6905 7.95
      vertex 22.6252 20.6905 3
    endloop
  endfacet
  facet normal 0.953743 -0.300624 0
    outer loop
      vertex 22.7588 17.6319 7.95
      vertex 22.8637 17.9647 3
      vertex 22.8637 17.9647 7.95
    endloop
  endfacet
  facet normal 0.953743 -0.300624 0
    outer loop
      vertex 22.8637 17.9647 3
      vertex 22.7588 17.6319 7.95
      vertex 22.7588 17.6319 3
    endloop
  endfacet
  facet normal 0.923821 -0.382824 0
    outer loop
      vertex 22.6252 17.3095 7.95
      vertex 22.7588 17.6319 3
      vertex 22.7588 17.6319 7.95
    endloop
  endfacet
  facet normal 0.923821 -0.382824 0
    outer loop
      vertex 22.7588 17.6319 3
      vertex 22.6252 17.3095 7.95
      vertex 22.6252 17.3095 3
    endloop
  endfacet
  facet normal 0.793348 0.608768 0
    outer loop
      vertex 22.2766 21.2943 7.95
      vertex 22.0642 21.5711 3
      vertex 22.0642 21.5711 7.95
    endloop
  endfacet
  facet normal 0.793348 0.608768 0
    outer loop
      vertex 22.0642 21.5711 3
      vertex 22.2766 21.2943 7.95
      vertex 22.2766 21.2943 3
    endloop
  endfacet
  facet normal -0.300624 0.953743 0
    outer loop
      vertex 17.9647 22.8637 3
      vertex 17.6319 22.7588 7.95
      vertex 17.9647 22.8637 7.95
    endloop
  endfacet
  facet normal -0.300624 0.953743 0
    outer loop
      vertex 17.6319 22.7588 7.95
      vertex 17.9647 22.8637 3
      vertex 17.6319 22.7588 3
    endloop
  endfacet
  facet normal 0.461714 0.887029 -0
    outer loop
      vertex 21 22.4641 3
      vertex 20.6905 22.6252 7.95
      vertex 21 22.4641 7.95
    endloop
  endfacet
  facet normal 0.461714 0.887029 0
    outer loop
      vertex 20.6905 22.6252 7.95
      vertex 21 22.4641 3
      vertex 20.6905 22.6252 3
    endloop
  endfacet
  facet normal 0.53732 0.843378 -0
    outer loop
      vertex 21.2943 22.2766 3
      vertex 21 22.4641 7.95
      vertex 21.2943 22.2766 7.95
    endloop
  endfacet
  facet normal 0.53732 0.843378 0
    outer loop
      vertex 21 22.4641 7.95
      vertex 21.2943 22.2766 3
      vertex 21 22.4641 3
    endloop
  endfacet
  facet normal -0.793348 0.608768 0
    outer loop
      vertex 15.7234 21.2943 2.95
      vertex 15.9358 21.5711 7.95
      vertex 15.9358 21.5711 2.95
    endloop
  endfacet
  facet normal -0.793348 0.608768 0
    outer loop
      vertex 15.9358 21.5711 7.95
      vertex 15.7234 21.2943 2.95
      vertex 15.7234 21.2943 7.95
    endloop
  endfacet
  facet normal -0.887029 0.461714 0
    outer loop
      vertex 15.3748 20.6905 2.95
      vertex 15.5359 21 7.95
      vertex 15.5359 21 2.95
    endloop
  endfacet
  facet normal -0.887029 0.461714 0
    outer loop
      vertex 15.5359 21 7.95
      vertex 15.3748 20.6905 2.95
      vertex 15.3748 20.6905 7.95
    endloop
  endfacet
  facet normal -0.737237 -0.675634 0
    outer loop
      vertex 16.1716 16.1716 2.95
      vertex 15.9358 16.4289 7.95
      vertex 15.9358 16.4289 2.95
    endloop
  endfacet
  facet normal -0.737237 -0.675634 0
    outer loop
      vertex 15.9358 16.4289 7.95
      vertex 16.1716 16.1716 2.95
      vertex 16.1716 16.1716 7.95
    endloop
  endfacet
  facet normal -0.737237 0.675634 0
    outer loop
      vertex 15.9358 21.5711 2.95
      vertex 16.1716 21.8284 7.95
      vertex 16.1716 21.8284 2.95
    endloop
  endfacet
  facet normal -0.737237 0.675634 0
    outer loop
      vertex 16.1716 21.8284 7.95
      vertex 15.9358 21.5711 2.95
      vertex 15.9358 21.5711 7.95
    endloop
  endfacet
  facet normal 0.130662 0.991427 -0
    outer loop
      vertex 19.6946 22.9392 3
      vertex 19.3486 22.9848 7.95
      vertex 19.6946 22.9392 7.95
    endloop
  endfacet
  facet normal 0.130662 0.991427 0
    outer loop
      vertex 19.3486 22.9848 7.95
      vertex 19.6946 22.9392 3
      vertex 19.3486 22.9848 3
    endloop
  endfacet
  facet normal -0.382831 0.923818 0
    outer loop
      vertex 17.3708 22.6506 3
      vertex 17.6319 22.7588 7.95
      vertex 17.6319 22.7588 3
    endloop
  endfacet
  facet normal -0.382824 0.923821 -4.16793e-07
    outer loop
      vertex 17.6319 22.7588 7.95
      vertex 17.3708 22.6506 3
      vertex 17.3095 22.6252 7.95
    endloop
  endfacet
  facet normal -0.382795 0.923833 0
    outer loop
      vertex 17.3095 22.6252 2.95
      vertex 17.3708 22.6506 3
      vertex 17.3708 22.6506 2.95
    endloop
  endfacet
  facet normal -0.382795 0.923833 0
    outer loop
      vertex 17.3708 22.6506 3
      vertex 17.3095 22.6252 2.95
      vertex 17.3095 22.6252 7.95
    endloop
  endfacet
  facet normal -0.887029 -0.461714 0
    outer loop
      vertex 15.5359 17 2.95
      vertex 15.3748 17.3095 7.95
      vertex 15.3748 17.3095 2.95
    endloop
  endfacet
  facet normal -0.887029 -0.461714 0
    outer loop
      vertex 15.3748 17.3095 7.95
      vertex 15.5359 17 2.95
      vertex 15.5359 17 7.95
    endloop
  endfacet
  facet normal -0.923821 0.382824 0
    outer loop
      vertex 15.2412 20.3681 2.95
      vertex 15.3748 20.6905 7.95
      vertex 15.3748 20.6905 2.95
    endloop
  endfacet
  facet normal -0.923821 0.382824 0
    outer loop
      vertex 15.3748 20.6905 7.95
      vertex 15.2412 20.3681 2.95
      vertex 15.2412 20.3681 7.95
    endloop
  endfacet
  facet normal -0.675634 -0.737237 0
    outer loop
      vertex 16.1716 16.1716 2.95
      vertex 16.4289 15.9358 7.95
      vertex 16.1716 16.1716 7.95
    endloop
  endfacet
  facet normal -0.675634 -0.737237 -0
    outer loop
      vertex 16.4289 15.9358 7.95
      vertex 16.1716 16.1716 2.95
      vertex 16.4289 15.9358 2.95
    endloop
  endfacet
  facet normal 0.675634 0.737237 -0
    outer loop
      vertex 21.8284 21.8284 3
      vertex 21.5711 22.0642 7.95
      vertex 21.8284 21.8284 7.95
    endloop
  endfacet
  facet normal 0.675634 0.737237 0
    outer loop
      vertex 21.5711 22.0642 7.95
      vertex 21.8284 21.8284 3
      vertex 21.5711 22.0642 3
    endloop
  endfacet
  facet normal 0.53732 -0.843378 0
    outer loop
      vertex 21 15.5359 3
      vertex 21.2943 15.7234 7.95
      vertex 21 15.5359 7.95
    endloop
  endfacet
  facet normal 0.53732 -0.843378 0
    outer loop
      vertex 21.2943 15.7234 7.95
      vertex 21 15.5359 3
      vertex 21.2943 15.7234 3
    endloop
  endfacet
  facet normal -0.991427 -0.130662 0
    outer loop
      vertex 15.0608 18.3054 2.95
      vertex 15.0152 18.6514 7.95
      vertex 15.0152 18.6514 2.95
    endloop
  endfacet
  facet normal -0.991427 -0.130662 0
    outer loop
      vertex 15.0152 18.6514 7.95
      vertex 15.0608 18.3054 2.95
      vertex 15.0608 18.3054 7.95
    endloop
  endfacet
  facet normal 0.382824 -0.923821 0
    outer loop
      vertex 20.3681 15.2412 3
      vertex 20.6905 15.3748 7.95
      vertex 20.3681 15.2412 7.95
    endloop
  endfacet
  facet normal 0.382824 -0.923821 0
    outer loop
      vertex 20.6905 15.3748 7.95
      vertex 20.3681 15.2412 3
      vertex 20.6905 15.3748 3
    endloop
  endfacet
  facet normal 0.461714 -0.887029 0
    outer loop
      vertex 20.6905 15.3748 3
      vertex 21 15.5359 7.95
      vertex 20.6905 15.3748 7.95
    endloop
  endfacet
  facet normal 0.461714 -0.887029 0
    outer loop
      vertex 21 15.5359 7.95
      vertex 20.6905 15.3748 3
      vertex 21 15.5359 3
    endloop
  endfacet
  facet normal 0.608768 -0.793348 0
    outer loop
      vertex 21.2943 15.7234 3
      vertex 21.5711 15.9358 7.95
      vertex 21.2943 15.7234 7.95
    endloop
  endfacet
  facet normal 0.608768 -0.793348 0
    outer loop
      vertex 21.5711 15.9358 7.95
      vertex 21.2943 15.7234 3
      vertex 21.5711 15.9358 3
    endloop
  endfacet
  facet normal -0.608768 -0.793348 -2.31607e-08
    outer loop
      vertex 16.4289 15.9358 7.95
      vertex 16.612 15.7953 3
      vertex 16.7057 15.7234 7.95
    endloop
  endfacet
  facet normal -0.608768 -0.793348 0
    outer loop
      vertex 16.4289 15.9358 2.95
      vertex 16.612 15.7953 3
      vertex 16.4289 15.9358 7.95
    endloop
  endfacet
  facet normal -0.608768 -0.793348 -0
    outer loop
      vertex 16.612 15.7953 3
      vertex 16.4289 15.9358 2.95
      vertex 16.612 15.7953 2.95
    endloop
  endfacet
  facet normal -0.608769 -0.793347 -0
    outer loop
      vertex 16.7057 15.7234 7.95
      vertex 16.612 15.7953 3
      vertex 16.7057 15.7234 3
    endloop
  endfacet
  facet normal -0.0435616 -0.999051 0
    outer loop
      vertex 18.6514 15.0152 3
      vertex 19 15 7.95
      vertex 18.6514 15.0152 7.95
    endloop
  endfacet
  facet normal -0.0435616 -0.999051 -0
    outer loop
      vertex 19 15 7.95
      vertex 18.6514 15.0152 3
      vertex 19 15 3
    endloop
  endfacet
  facet normal -0.461714 0.887029 0
    outer loop
      vertex 17.3095 22.6252 2.95
      vertex 17 22.4641 7.95
      vertex 17.3095 22.6252 7.95
    endloop
  endfacet
  facet normal -0.461714 0.887029 0
    outer loop
      vertex 17 22.4641 7.95
      vertex 17.3095 22.6252 2.95
      vertex 17 22.4641 2.95
    endloop
  endfacet
  facet normal -0.216354 0.976315 0
    outer loop
      vertex 18.3054 22.9392 3
      vertex 17.9647 22.8637 7.95
      vertex 18.3054 22.9392 7.95
    endloop
  endfacet
  facet normal -0.216354 0.976315 0
    outer loop
      vertex 17.9647 22.8637 7.95
      vertex 18.3054 22.9392 3
      vertex 17.9647 22.8637 3
    endloop
  endfacet
  facet normal 0 0 -1
    outer loop
      vertex 15.2412 20.3681 2.95
      vertex 19.4641 21.442 2.95
      vertex 19.4641 17.442 2.95
    endloop
  endfacet
  facet normal 0 -0 -1
    outer loop
      vertex 17.3095 22.6252 2.95
      vertex 19.4641 21.442 2.95
      vertex 17 22.4641 2.95
    endloop
  endfacet
  facet normal 0 0 -1
    outer loop
      vertex 19.4641 21.442 2.95
      vertex 17.3095 22.6252 2.95
      vertex 17.3708 22.6506 2.95
    endloop
  endfacet
  facet normal 0 0 -1
    outer loop
      vertex 19.4641 21.442 2.95
      vertex 16.7057 22.2766 2.95
      vertex 17 22.4641 2.95
    endloop
  endfacet
  facet normal 0 0 -1
    outer loop
      vertex 16.4289 15.9358 2.95
      vertex 19.4641 17.442 2.95
      vertex 16.612 15.7953 2.95
    endloop
  endfacet
  facet normal 0 0 -1
    outer loop
      vertex 19.4641 17.442 2.95
      vertex 16.4289 15.9358 2.95
      vertex 16.1716 16.1716 2.95
    endloop
  endfacet
  facet normal 0 0 -1
    outer loop
      vertex 19.4641 21.442 2.95
      vertex 16.4289 22.0642 2.95
      vertex 16.7057 22.2766 2.95
    endloop
  endfacet
  facet normal 0 0 -1
    outer loop
      vertex 15.9358 16.4289 2.95
      vertex 19.4641 17.442 2.95
      vertex 16.1716 16.1716 2.95
    endloop
  endfacet
  facet normal 0 0 -1
    outer loop
      vertex 19.4641 21.442 2.95
      vertex 16.1716 21.8284 2.95
      vertex 16.4289 22.0642 2.95
    endloop
  endfacet
  facet normal 0 0 -1
    outer loop
      vertex 15.7234 16.7057 2.95
      vertex 19.4641 17.442 2.95
      vertex 15.9358 16.4289 2.95
    endloop
  endfacet
  facet normal 0 0 -1
    outer loop
      vertex 19.4641 21.442 2.95
      vertex 15.9358 21.5711 2.95
      vertex 16.1716 21.8284 2.95
    endloop
  endfacet
  facet normal 0 0 -1
    outer loop
      vertex 15.5359 17 2.95
      vertex 19.4641 17.442 2.95
      vertex 15.7234 16.7057 2.95
    endloop
  endfacet
  facet normal -0 0 -1
    outer loop
      vertex 19.4641 21.442 2.95
      vertex 15.7234 21.2943 2.95
      vertex 15.9358 21.5711 2.95
    endloop
  endfacet
  facet normal 0 0 -1
    outer loop
      vertex 15.3748 17.3095 2.95
      vertex 19.4641 17.442 2.95
      vertex 15.5359 17 2.95
    endloop
  endfacet
  facet normal 0 0 -1
    outer loop
      vertex 19.4641 21.442 2.95
      vertex 15.5359 21 2.95
      vertex 15.7234 21.2943 2.95
    endloop
  endfacet
  facet normal 0 0 -1
    outer loop
      vertex 15.2412 17.6319 2.95
      vertex 19.4641 17.442 2.95
      vertex 15.3748 17.3095 2.95
    endloop
  endfacet
  facet normal 0 0 -1
    outer loop
      vertex 19.4641 21.442 2.95
      vertex 15.3748 20.6905 2.95
      vertex 15.5359 21 2.95
    endloop
  endfacet
  facet normal 0 0 -1
    outer loop
      vertex 15.1363 17.9647 2.95
      vertex 19.4641 17.442 2.95
      vertex 15.2412 17.6319 2.95
    endloop
  endfacet
  facet normal 0 0 -1
    outer loop
      vertex 19.4641 21.442 2.95
      vertex 15.2412 20.3681 2.95
      vertex 15.3748 20.6905 2.95
    endloop
  endfacet
  facet normal 0 0 -1
    outer loop
      vertex 15.0608 18.3054 2.95
      vertex 19.4641 17.442 2.95
      vertex 15.1363 17.9647 2.95
    endloop
  endfacet
  facet normal 0 0 -1
    outer loop
      vertex 19.4641 17.442 2.95
      vertex 15.1363 20.0353 2.95
      vertex 15.2412 20.3681 2.95
    endloop
  endfacet
  facet normal 0 0 -1
    outer loop
      vertex 15.0152 18.6514 2.95
      vertex 19.4641 17.442 2.95
      vertex 15.0608 18.3054 2.95
    endloop
  endfacet
  facet normal 0 0 -1
    outer loop
      vertex 19.4641 17.442 2.95
      vertex 15.0608 19.6946 2.95
      vertex 15.1363 20.0353 2.95
    endloop
  endfacet
  facet normal 0 0 -1
    outer loop
      vertex 15 19 2.95
      vertex 19.4641 17.442 2.95
      vertex 15.0152 18.6514 2.95
    endloop
  endfacet
  facet normal 0 0 -1
    outer loop
      vertex 19.4641 17.442 2.95
      vertex 15.0152 19.3486 2.95
      vertex 15.0608 19.6946 2.95
    endloop
  endfacet
  facet normal 0 0 -1
    outer loop
      vertex 19.4641 17.442 2.95
      vertex 15 19 2.95
      vertex 15.0152 19.3486 2.95
    endloop
  endfacet
  facet normal 0.675634 -0.737237 0
    outer loop
      vertex 21.5711 15.9358 3
      vertex 21.8284 16.1716 7.95
      vertex 21.5711 15.9358 7.95
    endloop
  endfacet
  facet normal 0.675634 -0.737237 0
    outer loop
      vertex 21.8284 16.1716 7.95
      vertex 21.5711 15.9358 3
      vertex 21.8284 16.1716 3
    endloop
  endfacet
  facet normal -0.953743 -0.300624 0
    outer loop
      vertex 15.2412 17.6319 2.95
      vertex 15.1363 17.9647 7.95
      vertex 15.1363 17.9647 2.95
    endloop
  endfacet
  facet normal -0.953743 -0.300624 0
    outer loop
      vertex 15.1363 17.9647 7.95
      vertex 15.2412 17.6319 2.95
      vertex 15.2412 17.6319 7.95
    endloop
  endfacet
  facet normal 0 0 1
    outer loop
      vertex 22.9848 19.3486 7.95
      vertex 22.9848 18.6514 7.95
      vertex 23 19 7.95
    endloop
  endfacet
  facet normal 0 0 1
    outer loop
      vertex 22.9392 19.6946 7.95
      vertex 22.9848 18.6514 7.95
      vertex 22.9848 19.3486 7.95
    endloop
  endfacet
  facet normal 0 0 1
    outer loop
      vertex 22.9392 19.6946 7.95
      vertex 22.9392 18.3054 7.95
      vertex 22.9848 18.6514 7.95
    endloop
  endfacet
  facet normal 0 0 1
    outer loop
      vertex 22.8637 20.0353 7.95
      vertex 22.9392 18.3054 7.95
      vertex 22.9392 19.6946 7.95
    endloop
  endfacet
  facet normal 0 0 1
    outer loop
      vertex 22.8637 20.0353 7.95
      vertex 22.8637 17.9647 7.95
      vertex 22.9392 18.3054 7.95
    endloop
  endfacet
  facet normal 0 0 1
    outer loop
      vertex 22.7588 20.3681 7.95
      vertex 22.8637 17.9647 7.95
      vertex 22.8637 20.0353 7.95
    endloop
  endfacet
  facet normal 0 0 1
    outer loop
      vertex 22.7588 20.3681 7.95
      vertex 22.7588 17.6319 7.95
      vertex 22.8637 17.9647 7.95
    endloop
  endfacet
  facet normal 0 0 1
    outer loop
      vertex 22.6252 20.6905 7.95
      vertex 22.7588 17.6319 7.95
      vertex 22.7588 20.3681 7.95
    endloop
  endfacet
  facet normal 0 0 1
    outer loop
      vertex 22.6252 20.6905 7.95
      vertex 22.6252 17.3095 7.95
      vertex 22.7588 17.6319 7.95
    endloop
  endfacet
  facet normal 0 0 1
    outer loop
      vertex 22.4641 21 7.95
      vertex 22.6252 17.3095 7.95
      vertex 22.6252 20.6905 7.95
    endloop
  endfacet
  facet normal 0 0 1
    outer loop
      vertex 22.4641 21 7.95
      vertex 22.4641 17 7.95
      vertex 22.6252 17.3095 7.95
    endloop
  endfacet
  facet normal 0 0 1
    outer loop
      vertex 22.2766 21.2943 7.95
      vertex 22.4641 17 7.95
      vertex 22.4641 21 7.95
    endloop
  endfacet
  facet normal 0 0 1
    outer loop
      vertex 22.2766 21.2943 7.95
      vertex 22.2766 16.7057 7.95
      vertex 22.4641 17 7.95
    endloop
  endfacet
  facet normal 0 0 1
    outer loop
      vertex 22.0642 21.5711 7.95
      vertex 22.2766 16.7057 7.95
      vertex 22.2766 21.2943 7.95
    endloop
  endfacet
  facet normal 0 0 1
    outer loop
      vertex 22.0642 21.5711 7.95
      vertex 22.0642 16.4289 7.95
      vertex 22.2766 16.7057 7.95
    endloop
  endfacet
  facet normal 0 0 1
    outer loop
      vertex 21.8284 21.8284 7.95
      vertex 22.0642 16.4289 7.95
      vertex 22.0642 21.5711 7.95
    endloop
  endfacet
  facet normal 0 0 1
    outer loop
      vertex 21.8284 21.8284 7.95
      vertex 21.8284 16.1716 7.95
      vertex 22.0642 16.4289 7.95
    endloop
  endfacet
  facet normal 0 0 1
    outer loop
      vertex 21.5711 22.0642 7.95
      vertex 21.8284 16.1716 7.95
      vertex 21.8284 21.8284 7.95
    endloop
  endfacet
  facet normal 0 0 1
    outer loop
      vertex 21.5711 22.0642 7.95
      vertex 21.5711 15.9358 7.95
      vertex 21.8284 16.1716 7.95
    endloop
  endfacet
  facet normal 0 0 1
    outer loop
      vertex 21.2943 22.2766 7.95
      vertex 21.5711 15.9358 7.95
      vertex 21.5711 22.0642 7.95
    endloop
  endfacet
  facet normal 0 0 1
    outer loop
      vertex 21.2943 22.2766 7.95
      vertex 21.2943 15.7234 7.95
      vertex 21.5711 15.9358 7.95
    endloop
  endfacet
  facet normal 0 0 1
    outer loop
      vertex 21 22.4641 7.95
      vertex 21.2943 15.7234 7.95
      vertex 21.2943 22.2766 7.95
    endloop
  endfacet
  facet normal 0 0 1
    outer loop
      vertex 21 22.4641 7.95
      vertex 21 15.5359 7.95
      vertex 21.2943 15.7234 7.95
    endloop
  endfacet
  facet normal 0 0 1
    outer loop
      vertex 20.6905 22.6252 7.95
      vertex 21 15.5359 7.95
      vertex 21 22.4641 7.95
    endloop
  endfacet
  facet normal 0 0 1
    outer loop
      vertex 20.6905 22.6252 7.95
      vertex 20.6905 15.3748 7.95
      vertex 21 15.5359 7.95
    endloop
  endfacet
  facet normal 0 0 1
    outer loop
      vertex 20.3681 22.7588 7.95
      vertex 20.6905 15.3748 7.95
      vertex 20.6905 22.6252 7.95
    endloop
  endfacet
  facet normal 0 0 1
    outer loop
      vertex 20.3681 22.7588 7.95
      vertex 20.3681 15.2412 7.95
      vertex 20.6905 15.3748 7.95
    endloop
  endfacet
  facet normal 0 0 1
    outer loop
      vertex 20.0353 22.8637 7.95
      vertex 20.3681 15.2412 7.95
      vertex 20.3681 22.7588 7.95
    endloop
  endfacet
  facet normal 0 0 1
    outer loop
      vertex 20.0353 22.8637 7.95
      vertex 20.0353 15.1363 7.95
      vertex 20.3681 15.2412 7.95
    endloop
  endfacet
  facet normal 0 0 1
    outer loop
      vertex 19.6946 22.9392 7.95
      vertex 20.0353 15.1363 7.95
      vertex 20.0353 22.8637 7.95
    endloop
  endfacet
  facet normal 0 0 1
    outer loop
      vertex 19.6946 22.9392 7.95
      vertex 19.6946 15.0608 7.95
      vertex 20.0353 15.1363 7.95
    endloop
  endfacet
  facet normal 0 0 1
    outer loop
      vertex 19.3486 22.9848 7.95
      vertex 19.6946 15.0608 7.95
      vertex 19.6946 22.9392 7.95
    endloop
  endfacet
  facet normal 0 0 1
    outer loop
      vertex 19.3486 22.9848 7.95
      vertex 19.3486 15.0152 7.95
      vertex 19.6946 15.0608 7.95
    endloop
  endfacet
  facet normal 0 0 1
    outer loop
      vertex 19 23 7.95
      vertex 19.3486 15.0152 7.95
      vertex 19.3486 22.9848 7.95
    endloop
  endfacet
  facet normal 0 0 1
    outer loop
      vertex 19 23 7.95
      vertex 19 15 7.95
      vertex 19.3486 15.0152 7.95
    endloop
  endfacet
  facet normal -0 0 1
    outer loop
      vertex 18.6514 22.9848 7.95
      vertex 19 15 7.95
      vertex 19 23 7.95
    endloop
  endfacet
  facet normal 0 0 1
    outer loop
      vertex 18.6514 22.9848 7.95
      vertex 18.6514 15.0152 7.95
      vertex 19 15 7.95
    endloop
  endfacet
  facet normal -0 0 1
    outer loop
      vertex 18.3054 22.9392 7.95
      vertex 18.6514 15.0152 7.95
      vertex 18.6514 22.9848 7.95
    endloop
  endfacet
  facet normal 0 0 1
    outer loop
      vertex 18.3054 22.9392 7.95
      vertex 18.3054 15.0608 7.95
      vertex 18.6514 15.0152 7.95
    endloop
  endfacet
  facet normal -0 0 1
    outer loop
      vertex 17.9647 22.8637 7.95
      vertex 18.3054 15.0608 7.95
      vertex 18.3054 22.9392 7.95
    endloop
  endfacet
  facet normal 0 0 1
    outer loop
      vertex 17.9647 22.8637 7.95
      vertex 17.9647 15.1363 7.95
      vertex 18.3054 15.0608 7.95
    endloop
  endfacet
  facet normal -0 0 1
    outer loop
      vertex 17.6319 22.7588 7.95
      vertex 17.9647 15.1363 7.95
      vertex 17.9647 22.8637 7.95
    endloop
  endfacet
  facet normal 0 0 1
    outer loop
      vertex 17.6319 22.7588 7.95
      vertex 17.6319 15.2412 7.95
      vertex 17.9647 15.1363 7.95
    endloop
  endfacet
  facet normal -0 0 1
    outer loop
      vertex 17.3095 22.6252 7.95
      vertex 17.6319 15.2412 7.95
      vertex 17.6319 22.7588 7.95
    endloop
  endfacet
  facet normal 0 0 1
    outer loop
      vertex 17.3095 22.6252 7.95
      vertex 17.3095 15.3748 7.95
      vertex 17.6319 15.2412 7.95
    endloop
  endfacet
  facet normal -0 0 1
    outer loop
      vertex 17 22.4641 7.95
      vertex 17.3095 15.3748 7.95
      vertex 17.3095 22.6252 7.95
    endloop
  endfacet
  facet normal 0 0 1
    outer loop
      vertex 17 22.4641 7.95
      vertex 17 15.5359 7.95
      vertex 17.3095 15.3748 7.95
    endloop
  endfacet
  facet normal -0 0 1
    outer loop
      vertex 16.7057 22.2766 7.95
      vertex 17 15.5359 7.95
      vertex 17 22.4641 7.95
    endloop
  endfacet
  facet normal 0 0 1
    outer loop
      vertex 16.7057 22.2766 7.95
      vertex 16.7057 15.7234 7.95
      vertex 17 15.5359 7.95
    endloop
  endfacet
  facet normal -0 0 1
    outer loop
      vertex 16.4289 22.0642 7.95
      vertex 16.7057 15.7234 7.95
      vertex 16.7057 22.2766 7.95
    endloop
  endfacet
  facet normal 0 0 1
    outer loop
      vertex 16.4289 22.0642 7.95
      vertex 16.4289 15.9358 7.95
      vertex 16.7057 15.7234 7.95
    endloop
  endfacet
  facet normal -0 0 1
    outer loop
      vertex 16.1716 21.8284 7.95
      vertex 16.4289 15.9358 7.95
      vertex 16.4289 22.0642 7.95
    endloop
  endfacet
  facet normal 0 0 1
    outer loop
      vertex 16.1716 21.8284 7.95
      vertex 16.1716 16.1716 7.95
      vertex 16.4289 15.9358 7.95
    endloop
  endfacet
  facet normal -0 0 1
    outer loop
      vertex 15.9358 21.5711 7.95
      vertex 16.1716 16.1716 7.95
      vertex 16.1716 21.8284 7.95
    endloop
  endfacet
  facet normal 0 0 1
    outer loop
      vertex 15.9358 21.5711 7.95
      vertex 15.9358 16.4289 7.95
      vertex 16.1716 16.1716 7.95
    endloop
  endfacet
  facet normal -0 0 1
    outer loop
      vertex 15.7234 21.2943 7.95
      vertex 15.9358 16.4289 7.95
      vertex 15.9358 21.5711 7.95
    endloop
  endfacet
  facet normal 0 0 1
    outer loop
      vertex 15.7234 21.2943 7.95
      vertex 15.7234 16.7057 7.95
      vertex 15.9358 16.4289 7.95
    endloop
  endfacet
  facet normal -0 0 1
    outer loop
      vertex 15.5359 21 7.95
      vertex 15.7234 16.7057 7.95
      vertex 15.7234 21.2943 7.95
    endloop
  endfacet
  facet normal 0 0 1
    outer loop
      vertex 15.5359 21 7.95
      vertex 15.5359 17 7.95
      vertex 15.7234 16.7057 7.95
    endloop
  endfacet
  facet normal -0 0 1
    outer loop
      vertex 15.3748 20.6905 7.95
      vertex 15.5359 17 7.95
      vertex 15.5359 21 7.95
    endloop
  endfacet
  facet normal 0 0 1
    outer loop
      vertex 15.3748 20.6905 7.95
      vertex 15.3748 17.3095 7.95
      vertex 15.5359 17 7.95
    endloop
  endfacet
  facet normal -0 0 1
    outer loop
      vertex 15.2412 20.3681 7.95
      vertex 15.3748 17.3095 7.95
      vertex 15.3748 20.6905 7.95
    endloop
  endfacet
  facet normal 0 0 1
    outer loop
      vertex 15.2412 20.3681 7.95
      vertex 15.2412 17.6319 7.95
      vertex 15.3748 17.3095 7.95
    endloop
  endfacet
  facet normal -0 0 1
    outer loop
      vertex 15.1363 20.0353 7.95
      vertex 15.2412 17.6319 7.95
      vertex 15.2412 20.3681 7.95
    endloop
  endfacet
  facet normal 0 0 1
    outer loop
      vertex 15.1363 20.0353 7.95
      vertex 15.1363 17.9647 7.95
      vertex 15.2412 17.6319 7.95
    endloop
  endfacet
  facet normal -0 0 1
    outer loop
      vertex 15.0608 19.6946 7.95
      vertex 15.1363 17.9647 7.95
      vertex 15.1363 20.0353 7.95
    endloop
  endfacet
  facet normal 0 0 1
    outer loop
      vertex 15.0608 19.6946 7.95
      vertex 15.0608 18.3054 7.95
      vertex 15.1363 17.9647 7.95
    endloop
  endfacet
  facet normal -0 0 1
    outer loop
      vertex 15.0152 19.3486 7.95
      vertex 15.0608 18.3054 7.95
      vertex 15.0608 19.6946 7.95
    endloop
  endfacet
  facet normal 0 0 1
    outer loop
      vertex 15.0152 19.3486 7.95
      vertex 15.0152 18.6514 7.95
      vertex 15.0608 18.3054 7.95
    endloop
  endfacet
  facet normal 0 -0 1
    outer loop
      vertex 15.0152 18.6514 7.95
      vertex 15.0152 19.3486 7.95
      vertex 15 19 7.95
    endloop
  endfacet
  facet normal -0.953743 0.300624 0
    outer loop
      vertex 15.1363 20.0353 2.95
      vertex 15.2412 20.3681 7.95
      vertex 15.2412 20.3681 2.95
    endloop
  endfacet
  facet normal -0.953743 0.300624 0
    outer loop
      vertex 15.2412 20.3681 7.95
      vertex 15.1363 20.0353 2.95
      vertex 15.1363 20.0353 7.95
    endloop
  endfacet
  facet normal -0.843378 0.53732 0
    outer loop
      vertex 15.5359 21 2.95
      vertex 15.7234 21.2943 7.95
      vertex 15.7234 21.2943 2.95
    endloop
  endfacet
  facet normal -0.843378 0.53732 0
    outer loop
      vertex 15.7234 21.2943 7.95
      vertex 15.5359 21 2.95
      vertex 15.5359 21 7.95
    endloop
  endfacet
  facet normal 0.976221 -0.216778 0
    outer loop
      vertex 22.8637 127.965 7.95
      vertex 22.9392 128.305 3
      vertex 22.9392 128.305 7.95
    endloop
  endfacet
  facet normal 0.976221 -0.216778 0
    outer loop
      vertex 22.9392 128.305 3
      vertex 22.8637 127.965 7.95
      vertex 22.8637 127.965 3
    endloop
  endfacet
  facet normal 0.0429895 -0.999076 0
    outer loop
      vertex 19 125 3
      vertex 19.3486 125.015 7.95
      vertex 19 125 7.95
    endloop
  endfacet
  facet normal 0.0429895 -0.999076 0
    outer loop
      vertex 19.3486 125.015 7.95
      vertex 19 125 3
      vertex 19.3486 125.015 3
    endloop
  endfacet
  facet normal 0.675945 0.736952 -0
    outer loop
      vertex 21.8284 131.828 3
      vertex 21.5711 132.064 7.95
      vertex 21.8284 131.828 7.95
    endloop
  endfacet
  facet normal 0.675945 0.736952 0
    outer loop
      vertex 21.5711 132.064 7.95
      vertex 21.8284 131.828 3
      vertex 21.5711 132.064 3
    endloop
  endfacet
  facet normal -0.999053 -0.0435118 0
    outer loop
      vertex 15.0152 128.651 2.95
      vertex 15 129 7.95
      vertex 15 129 2.95
    endloop
  endfacet
  facet normal -0.999053 -0.0435118 0
    outer loop
      vertex 15 129 7.95
      vertex 15.0152 128.651 2.95
      vertex 15.0152 128.651 7.95
    endloop
  endfacet
  facet normal -0.131788 0.991278 0
    outer loop
      vertex 18.6514 132.985 3
      vertex 18.3054 132.939 7.95
      vertex 18.6514 132.985 7.95
    endloop
  endfacet
  facet normal -0.131788 0.991278 0
    outer loop
      vertex 18.3054 132.939 7.95
      vertex 18.6514 132.985 3
      vertex 18.3054 132.939 3
    endloop
  endfacet
  facet normal -0.991427 0.130662 0
    outer loop
      vertex 15.0152 129.349 2.95
      vertex 15.0608 129.695 7.95
      vertex 15.0608 129.695 2.95
    endloop
  endfacet
  facet normal -0.991427 0.130662 0
    outer loop
      vertex 15.0608 129.695 7.95
      vertex 15.0152 129.349 2.95
      vertex 15.0152 129.349 7.95
    endloop
  endfacet
  facet normal 0.300885 0.953661 -0
    outer loop
      vertex 20.3681 132.759 3
      vertex 20.0353 132.864 7.95
      vertex 20.3681 132.759 7.95
    endloop
  endfacet
  facet normal 0.300885 0.953661 0
    outer loop
      vertex 20.0353 132.864 7.95
      vertex 20.3681 132.759 3
      vertex 20.0353 132.864 3
    endloop
  endfacet
  facet normal -0.887334 -0.461127 0
    outer loop
      vertex 15.5359 127 2.95
      vertex 15.3748 127.31 7.95
      vertex 15.3748 127.31 2.95
    endloop
  endfacet
  facet normal -0.887334 -0.461127 0
    outer loop
      vertex 15.3748 127.31 7.95
      vertex 15.5359 127 2.95
      vertex 15.5359 127 7.95
    endloop
  endfacet
  facet normal -0.383802 0.923416 0
    outer loop
      vertex 17.6319 132.759 3
      vertex 17.3095 132.625 7.95
      vertex 17.6319 132.759 7.95
    endloop
  endfacet
  facet normal -0.383802 0.923416 0
    outer loop
      vertex 17.3095 132.625 7.95
      vertex 17.6319 132.759 3
      vertex 17.3095 132.625 3
    endloop
  endfacet
  facet normal 0.953795 0.30046 0
    outer loop
      vertex 22.8637 130.035 7.95
      vertex 22.7588 130.368 3
      vertex 22.7588 130.368 7.95
    endloop
  endfacet
  facet normal 0.953795 0.30046 0
    outer loop
      vertex 22.7588 130.368 3
      vertex 22.8637 130.035 7.95
      vertex 22.8637 130.035 3
    endloop
  endfacet
  facet normal 0.461488 0.887146 -0
    outer loop
      vertex 21 132.464 3
      vertex 20.6905 132.625 7.95
      vertex 21 132.464 7.95
    endloop
  endfacet
  facet normal 0.461488 0.887146 0
    outer loop
      vertex 20.6905 132.625 7.95
      vertex 21 132.464 3
      vertex 20.6905 132.625 3
    endloop
  endfacet
  facet normal 0.999053 -0.0435118 0
    outer loop
      vertex 22.9848 128.651 7.95
      vertex 23 129 3
      vertex 23 129 7.95
    endloop
  endfacet
  facet normal 0.999053 -0.0435118 0
    outer loop
      vertex 23 129 3
      vertex 22.9848 128.651 7.95
      vertex 22.9848 128.651 3
    endloop
  endfacet
  facet normal -0.999053 0.0435118 0
    outer loop
      vertex 15 129 2.95
      vertex 15.0152 129.349 7.95
      vertex 15.0152 129.349 2.95
    endloop
  endfacet
  facet normal -0.999053 0.0435118 0
    outer loop
      vertex 15.0152 129.349 7.95
      vertex 15 129 2.95
      vertex 15 129 7.95
    endloop
  endfacet
  facet normal 0.991427 0.130662 0
    outer loop
      vertex 22.9848 129.349 7.95
      vertex 22.9392 129.695 3
      vertex 22.9392 129.695 7.95
    endloop
  endfacet
  facet normal 0.991427 0.130662 0
    outer loop
      vertex 22.9392 129.695 3
      vertex 22.9848 129.349 7.95
      vertex 22.9848 129.349 3
    endloop
  endfacet
  facet normal 0.214988 0.976617 -0
    outer loop
      vertex 20.0353 132.864 3
      vertex 19.6946 132.939 7.95
      vertex 20.0353 132.864 7.95
    endloop
  endfacet
  facet normal 0.214988 0.976617 0
    outer loop
      vertex 19.6946 132.939 7.95
      vertex 20.0353 132.864 3
      vertex 19.6946 132.939 3
    endloop
  endfacet
  facet normal 0.999053 0.0435118 0
    outer loop
      vertex 23 129 7.95
      vertex 22.9848 129.349 3
      vertex 22.9848 129.349 7.95
    endloop
  endfacet
  facet normal 0.999053 0.0435118 0
    outer loop
      vertex 22.9848 129.349 3
      vertex 23 129 7.95
      vertex 23 129 3
    endloop
  endfacet
  facet normal -0.675945 -0.736952 0
    outer loop
      vertex 16.1716 126.172 2.95
      vertex 16.4289 125.936 7.95
      vertex 16.1716 126.172 7.95
    endloop
  endfacet
  facet normal -0.675945 -0.736952 -0
    outer loop
      vertex 16.4289 125.936 7.95
      vertex 16.1716 126.172 2.95
      vertex 16.4289 125.936 2.95
    endloop
  endfacet
  facet normal -0.214988 0.976617 0
    outer loop
      vertex 18.3054 132.939 3
      vertex 17.9647 132.864 7.95
      vertex 18.3054 132.939 7.95
    endloop
  endfacet
  facet normal -0.214988 0.976617 0
    outer loop
      vertex 17.9647 132.864 7.95
      vertex 18.3054 132.939 3
      vertex 17.9647 132.864 3
    endloop
  endfacet
  facet normal 0.79356 -0.608492 0
    outer loop
      vertex 22.0642 126.429 7.95
      vertex 22.2766 126.706 3
      vertex 22.2766 126.706 7.95
    endloop
  endfacet
  facet normal 0.79356 -0.608492 0
    outer loop
      vertex 22.2766 126.706 3
      vertex 22.0642 126.429 7.95
      vertex 22.0642 126.429 3
    endloop
  endfacet
  facet normal -0.953795 0.30046 0
    outer loop
      vertex 15.1363 130.035 2.95
      vertex 15.2412 130.368 7.95
      vertex 15.2412 130.368 2.95
    endloop
  endfacet
  facet normal -0.953795 0.30046 0
    outer loop
      vertex 15.2412 130.368 7.95
      vertex 15.1363 130.035 2.95
      vertex 15.1363 130.035 7.95
    endloop
  endfacet
  facet normal 0.5363 -0.844027 0
    outer loop
      vertex 21 125.536 3
      vertex 21.2943 125.723 7.95
      vertex 21 125.536 7.95
    endloop
  endfacet
  facet normal 0.5363 -0.844027 0
    outer loop
      vertex 21.2943 125.723 7.95
      vertex 21 125.536 3
      vertex 21.2943 125.723 3
    endloop
  endfacet
  facet normal 0.953795 -0.30046 0
    outer loop
      vertex 22.7588 127.632 7.95
      vertex 22.8637 127.965 3
      vertex 22.8637 127.965 7.95
    endloop
  endfacet
  facet normal 0.953795 -0.30046 0
    outer loop
      vertex 22.8637 127.965 3
      vertex 22.7588 127.632 7.95
      vertex 22.7588 127.632 3
    endloop
  endfacet
  facet normal 0.84313 -0.53771 0
    outer loop
      vertex 22.2766 126.706 7.95
      vertex 22.4641 127 3
      vertex 22.4641 127 7.95
    endloop
  endfacet
  facet normal 0.84313 -0.53771 0
    outer loop
      vertex 22.4641 127 3
      vertex 22.2766 126.706 7.95
      vertex 22.2766 126.706 3
    endloop
  endfacet
  facet normal 0.976221 0.216778 0
    outer loop
      vertex 22.9392 129.695 7.95
      vertex 22.8637 130.035 3
      vertex 22.8637 130.035 7.95
    endloop
  endfacet
  facet normal 0.976221 0.216778 0
    outer loop
      vertex 22.8637 130.035 3
      vertex 22.9392 129.695 7.95
      vertex 22.9392 129.695 3
    endloop
  endfacet
  facet normal -0.131788 -0.991278 0
    outer loop
      vertex 18.3054 125.061 3
      vertex 18.6514 125.015 7.95
      vertex 18.3054 125.061 7.95
    endloop
  endfacet
  facet normal -0.131788 -0.991278 -0
    outer loop
      vertex 18.6514 125.015 7.95
      vertex 18.3054 125.061 3
      vertex 18.6514 125.015 3
    endloop
  endfacet
  facet normal -0.84313 -0.53771 0
    outer loop
      vertex 15.7234 126.706 2.95
      vertex 15.5359 127 7.95
      vertex 15.5359 127 2.95
    endloop
  endfacet
  facet normal -0.84313 -0.53771 0
    outer loop
      vertex 15.5359 127 7.95
      vertex 15.7234 126.706 2.95
      vertex 15.7234 126.706 7.95
    endloop
  endfacet
  facet normal -0.923653 0.38323 0
    outer loop
      vertex 15.2412 130.368 2.95
      vertex 15.3748 130.69 7.95
      vertex 15.3748 130.69 2.95
    endloop
  endfacet
  facet normal -0.923653 0.38323 0
    outer loop
      vertex 15.3748 130.69 7.95
      vertex 15.2412 130.368 2.95
      vertex 15.2412 130.368 7.95
    endloop
  endfacet
  facet normal 0.461488 -0.887146 0
    outer loop
      vertex 20.6905 125.375 3
      vertex 21 125.536 7.95
      vertex 20.6905 125.375 7.95
    endloop
  endfacet
  facet normal 0.461488 -0.887146 0
    outer loop
      vertex 21 125.536 7.95
      vertex 20.6905 125.375 3
      vertex 21 125.536 3
    endloop
  endfacet
  facet normal -0.79356 0.608492 0
    outer loop
      vertex 15.7234 131.294 2.95
      vertex 15.9358 131.571 7.95
      vertex 15.9358 131.571 2.95
    endloop
  endfacet
  facet normal -0.79356 0.608492 0
    outer loop
      vertex 15.9358 131.571 7.95
      vertex 15.7234 131.294 2.95
      vertex 15.7234 131.294 7.95
    endloop
  endfacet
  facet normal -0.887334 0.461127 0
    outer loop
      vertex 15.3748 130.69 2.95
      vertex 15.5359 131 7.95
      vertex 15.5359 131 2.95
    endloop
  endfacet
  facet normal -0.887334 0.461127 0
    outer loop
      vertex 15.5359 131 7.95
      vertex 15.3748 130.69 2.95
      vertex 15.3748 130.69 7.95
    endloop
  endfacet
  facet normal 0.214988 -0.976617 0
    outer loop
      vertex 19.6946 125.061 3
      vertex 20.0353 125.136 7.95
      vertex 19.6946 125.061 7.95
    endloop
  endfacet
  facet normal 0.214988 -0.976617 0
    outer loop
      vertex 20.0353 125.136 7.95
      vertex 19.6946 125.061 3
      vertex 20.0353 125.136 3
    endloop
  endfacet
  facet normal -0.991427 -0.130662 0
    outer loop
      vertex 15.0608 128.305 2.95
      vertex 15.0152 128.651 7.95
      vertex 15.0152 128.651 2.95
    endloop
  endfacet
  facet normal -0.991427 -0.130662 0
    outer loop
      vertex 15.0152 128.651 7.95
      vertex 15.0608 128.305 2.95
      vertex 15.0608 128.305 7.95
    endloop
  endfacet
  facet normal 0 0 -1
    outer loop
      vertex 17.3095 125.375 2.95
      vertex 19.4641 126.558 2.95
      vertex 17.3708 125.349 2.95
    endloop
  endfacet
  facet normal 0 0 -1
    outer loop
      vertex 19.4641 126.558 2.95
      vertex 17.3095 125.375 2.95
      vertex 17 125.536 2.95
    endloop
  endfacet
  facet normal 0 0 -1
    outer loop
      vertex 16.7057 125.723 2.95
      vertex 19.4641 126.558 2.95
      vertex 17 125.536 2.95
    endloop
  endfacet
  facet normal 0 0 -1
    outer loop
      vertex 16.4289 125.936 2.95
      vertex 19.4641 126.558 2.95
      vertex 16.7057 125.723 2.95
    endloop
  endfacet
  facet normal 0 0 -1
    outer loop
      vertex 16.1716 126.172 2.95
      vertex 19.4641 126.558 2.95
      vertex 16.4289 125.936 2.95
    endloop
  endfacet
  facet normal 0 0 -1
    outer loop
      vertex 15.9358 126.429 2.95
      vertex 19.4641 126.558 2.95
      vertex 16.1716 126.172 2.95
    endloop
  endfacet
  facet normal 0 0 -1
    outer loop
      vertex 15.7234 126.706 2.95
      vertex 19.4641 126.558 2.95
      vertex 15.9358 126.429 2.95
    endloop
  endfacet
  facet normal 0 -0 -1
    outer loop
      vertex 16.4289 132.064 2.95
      vertex 19.4641 130.558 2.95
      vertex 16.1716 131.828 2.95
    endloop
  endfacet
  facet normal 0 0 -1
    outer loop
      vertex 19.4641 130.558 2.95
      vertex 16.4289 132.064 2.95
      vertex 16.612 132.205 2.95
    endloop
  endfacet
  facet normal 0 0 -1
    outer loop
      vertex 15.5359 127 2.95
      vertex 19.4641 126.558 2.95
      vertex 15.7234 126.706 2.95
    endloop
  endfacet
  facet normal 0 0 -1
    outer loop
      vertex 19.4641 130.558 2.95
      vertex 15.9358 131.571 2.95
      vertex 16.1716 131.828 2.95
    endloop
  endfacet
  facet normal 0 0 -1
    outer loop
      vertex 15.3748 127.31 2.95
      vertex 19.4641 126.558 2.95
      vertex 15.5359 127 2.95
    endloop
  endfacet
  facet normal 0 0 -1
    outer loop
      vertex 19.4641 130.558 2.95
      vertex 15.7234 131.294 2.95
      vertex 15.9358 131.571 2.95
    endloop
  endfacet
  facet normal 0 0 -1
    outer loop
      vertex 15.2412 127.632 2.95
      vertex 19.4641 126.558 2.95
      vertex 15.3748 127.31 2.95
    endloop
  endfacet
  facet normal 0 0 -1
    outer loop
      vertex 19.4641 130.558 2.95
      vertex 15.5359 131 2.95
      vertex 15.7234 131.294 2.95
    endloop
  endfacet
  facet normal 0 0 -1
    outer loop
      vertex 19.4641 126.558 2.95
      vertex 15.2412 127.632 2.95
      vertex 19.4641 130.558 2.95
    endloop
  endfacet
  facet normal 0 0 -1
    outer loop
      vertex 19.4641 130.558 2.95
      vertex 15.3748 130.69 2.95
      vertex 15.5359 131 2.95
    endloop
  endfacet
  facet normal 0 0 -1
    outer loop
      vertex 15.1363 127.965 2.95
      vertex 19.4641 130.558 2.95
      vertex 15.2412 127.632 2.95
    endloop
  endfacet
  facet normal -0 0 -1
    outer loop
      vertex 19.4641 130.558 2.95
      vertex 15.2412 130.368 2.95
      vertex 15.3748 130.69 2.95
    endloop
  endfacet
  facet normal 0 0 -1
    outer loop
      vertex 15.0608 128.305 2.95
      vertex 19.4641 130.558 2.95
      vertex 15.1363 127.965 2.95
    endloop
  endfacet
  facet normal 0 0 -1
    outer loop
      vertex 19.4641 130.558 2.95
      vertex 15.1363 130.035 2.95
      vertex 15.2412 130.368 2.95
    endloop
  endfacet
  facet normal 0 0 -1
    outer loop
      vertex 15.0152 128.651 2.95
      vertex 19.4641 130.558 2.95
      vertex 15.0608 128.305 2.95
    endloop
  endfacet
  facet normal 0 0 -1
    outer loop
      vertex 19.4641 130.558 2.95
      vertex 15.0608 129.695 2.95
      vertex 15.1363 130.035 2.95
    endloop
  endfacet
  facet normal 0 0 -1
    outer loop
      vertex 15 129 2.95
      vertex 19.4641 130.558 2.95
      vertex 15.0152 128.651 2.95
    endloop
  endfacet
  facet normal 0 0 -1
    outer loop
      vertex 19.4641 130.558 2.95
      vertex 15.0152 129.349 2.95
      vertex 15.0608 129.695 2.95
    endloop
  endfacet
  facet normal 0 0 -1
    outer loop
      vertex 19.4641 130.558 2.95
      vertex 15 129 2.95
      vertex 15.0152 129.349 2.95
    endloop
  endfacet
  facet normal 0.383802 -0.923416 0
    outer loop
      vertex 20.3681 125.241 3
      vertex 20.6905 125.375 7.95
      vertex 20.3681 125.241 7.95
    endloop
  endfacet
  facet normal 0.383802 -0.923416 0
    outer loop
      vertex 20.6905 125.375 7.95
      vertex 20.3681 125.241 3
      vertex 20.6905 125.375 3
    endloop
  endfacet
  facet normal 0.736845 0.676062 0
    outer loop
      vertex 22.0642 131.571 7.95
      vertex 21.8284 131.828 3
      vertex 21.8284 131.828 7.95
    endloop
  endfacet
  facet normal 0.736845 0.676062 0
    outer loop
      vertex 21.8284 131.828 3
      vertex 22.0642 131.571 7.95
      vertex 22.0642 131.571 3
    endloop
  endfacet
  facet normal -0.923653 -0.38323 0
    outer loop
      vertex 15.3748 127.31 2.95
      vertex 15.2412 127.632 7.95
      vertex 15.2412 127.632 2.95
    endloop
  endfacet
  facet normal -0.923653 -0.38323 0
    outer loop
      vertex 15.2412 127.632 7.95
      vertex 15.3748 127.31 2.95
      vertex 15.3748 127.31 7.95
    endloop
  endfacet
  facet normal 0.609849 0.792518 -0
    outer loop
      vertex 21.5711 132.064 3
      vertex 21.2943 132.277 7.95
      vertex 21.5711 132.064 7.95
    endloop
  endfacet
  facet normal 0.609849 0.792518 0
    outer loop
      vertex 21.2943 132.277 7.95
      vertex 21.5711 132.064 3
      vertex 21.2943 132.277 3
    endloop
  endfacet
  facet normal -0.300885 -0.953661 0
    outer loop
      vertex 17.6319 125.241 3
      vertex 17.9647 125.136 7.95
      vertex 17.6319 125.241 7.95
    endloop
  endfacet
  facet normal -0.300885 -0.953661 -0
    outer loop
      vertex 17.9647 125.136 7.95
      vertex 17.6319 125.241 3
      vertex 17.9647 125.136 3
    endloop
  endfacet
  facet normal 0.131788 0.991278 -0
    outer loop
      vertex 19.6946 132.939 3
      vertex 19.3486 132.985 7.95
      vertex 19.6946 132.939 7.95
    endloop
  endfacet
  facet normal 0.131788 0.991278 0
    outer loop
      vertex 19.3486 132.985 7.95
      vertex 19.6946 132.939 3
      vertex 19.3486 132.985 3
    endloop
  endfacet
  facet normal 0.887334 0.461127 0
    outer loop
      vertex 22.6252 130.69 7.95
      vertex 22.4641 131 3
      vertex 22.4641 131 7.95
    endloop
  endfacet
  facet normal 0.887334 0.461127 0
    outer loop
      vertex 22.4641 131 3
      vertex 22.6252 130.69 7.95
      vertex 22.6252 130.69 3
    endloop
  endfacet
  facet normal -0.461488 -0.887146 0
    outer loop
      vertex 17 125.536 2.95
      vertex 17.3095 125.375 7.95
      vertex 17 125.536 7.95
    endloop
  endfacet
  facet normal -0.461488 -0.887146 -0
    outer loop
      vertex 17.3095 125.375 7.95
      vertex 17 125.536 2.95
      vertex 17.3095 125.375 2.95
    endloop
  endfacet
  facet normal 0.383802 0.923416 -0
    outer loop
      vertex 20.6905 132.625 3
      vertex 20.3681 132.759 7.95
      vertex 20.6905 132.625 7.95
    endloop
  endfacet
  facet normal 0.383802 0.923416 0
    outer loop
      vertex 20.3681 132.759 7.95
      vertex 20.6905 132.625 3
      vertex 20.3681 132.759 3
    endloop
  endfacet
  facet normal 0.5363 0.844027 -0
    outer loop
      vertex 21.2943 132.277 3
      vertex 21 132.464 7.95
      vertex 21.2943 132.277 7.95
    endloop
  endfacet
  facet normal 0.5363 0.844027 0
    outer loop
      vertex 21 132.464 7.95
      vertex 21.2943 132.277 3
      vertex 21 132.464 3
    endloop
  endfacet
  facet normal 0.131788 -0.991278 0
    outer loop
      vertex 19.3486 125.015 3
      vertex 19.6946 125.061 7.95
      vertex 19.3486 125.015 7.95
    endloop
  endfacet
  facet normal 0.131788 -0.991278 0
    outer loop
      vertex 19.6946 125.061 7.95
      vertex 19.3486 125.015 3
      vertex 19.6946 125.061 3
    endloop
  endfacet
  facet normal 0.991427 -0.130662 0
    outer loop
      vertex 22.9392 128.305 7.95
      vertex 22.9848 128.651 3
      vertex 22.9848 128.651 7.95
    endloop
  endfacet
  facet normal 0.991427 -0.130662 0
    outer loop
      vertex 22.9848 128.651 3
      vertex 22.9392 128.305 7.95
      vertex 22.9392 128.305 3
    endloop
  endfacet
  facet normal -0.300885 0.953661 0
    outer loop
      vertex 17.9647 132.864 3
      vertex 17.6319 132.759 7.95
      vertex 17.9647 132.864 7.95
    endloop
  endfacet
  facet normal -0.300885 0.953661 0
    outer loop
      vertex 17.6319 132.759 7.95
      vertex 17.9647 132.864 3
      vertex 17.6319 132.759 3
    endloop
  endfacet
  facet normal 0.923653 0.38323 0
    outer loop
      vertex 22.7588 130.368 7.95
      vertex 22.6252 130.69 3
      vertex 22.6252 130.69 7.95
    endloop
  endfacet
  facet normal 0.923653 0.38323 0
    outer loop
      vertex 22.6252 130.69 3
      vertex 22.7588 130.368 7.95
      vertex 22.7588 130.368 3
    endloop
  endfacet
  facet normal -0.5363 -0.844027 0
    outer loop
      vertex 16.7057 125.723 2.95
      vertex 17 125.536 7.95
      vertex 16.7057 125.723 7.95
    endloop
  endfacet
  facet normal -0.5363 -0.844027 -0
    outer loop
      vertex 17 125.536 7.95
      vertex 16.7057 125.723 2.95
      vertex 17 125.536 2.95
    endloop
  endfacet
  facet normal -0.675945 0.736952 0
    outer loop
      vertex 16.4289 132.064 2.95
      vertex 16.1716 131.828 7.95
      vertex 16.4289 132.064 7.95
    endloop
  endfacet
  facet normal -0.675945 0.736952 0
    outer loop
      vertex 16.1716 131.828 7.95
      vertex 16.4289 132.064 2.95
      vertex 16.1716 131.828 2.95
    endloop
  endfacet
  facet normal -0.609302 0.792938 0
    outer loop
      vertex 16.612 132.205 3
      vertex 16.7057 132.277 7.95
      vertex 16.7057 132.277 3
    endloop
  endfacet
  facet normal -0.609849 0.792518 1.64848e-05
    outer loop
      vertex 16.7057 132.277 7.95
      vertex 16.612 132.205 3
      vertex 16.4289 132.064 7.95
    endloop
  endfacet
  facet normal -0.610129 0.792302 0
    outer loop
      vertex 16.4289 132.064 2.95
      vertex 16.612 132.205 3
      vertex 16.612 132.205 2.95
    endloop
  endfacet
  facet normal -0.610129 0.792302 0
    outer loop
      vertex 16.612 132.205 3
      vertex 16.4289 132.064 2.95
      vertex 16.4289 132.064 7.95
    endloop
  endfacet
  facet normal 0.0429895 0.999076 -0
    outer loop
      vertex 19.3486 132.985 3
      vertex 19 133 7.95
      vertex 19.3486 132.985 7.95
    endloop
  endfacet
  facet normal 0.0429895 0.999076 0
    outer loop
      vertex 19 133 7.95
      vertex 19.3486 132.985 3
      vertex 19 133 3
    endloop
  endfacet
  facet normal -0.214988 -0.976617 0
    outer loop
      vertex 17.9647 125.136 3
      vertex 18.3054 125.061 7.95
      vertex 17.9647 125.136 7.95
    endloop
  endfacet
  facet normal -0.214988 -0.976617 -0
    outer loop
      vertex 18.3054 125.061 7.95
      vertex 17.9647 125.136 3
      vertex 18.3054 125.061 3
    endloop
  endfacet
  facet normal 0.923653 -0.38323 0
    outer loop
      vertex 22.6252 127.31 7.95
      vertex 22.7588 127.632 3
      vertex 22.7588 127.632 7.95
    endloop
  endfacet
  facet normal 0.923653 -0.38323 0
    outer loop
      vertex 22.7588 127.632 3
      vertex 22.6252 127.31 7.95
      vertex 22.6252 127.31 3
    endloop
  endfacet
  facet normal 0.84313 0.53771 0
    outer loop
      vertex 22.4641 131 7.95
      vertex 22.2766 131.294 3
      vertex 22.2766 131.294 7.95
    endloop
  endfacet
  facet normal 0.84313 0.53771 0
    outer loop
      vertex 22.2766 131.294 3
      vertex 22.4641 131 7.95
      vertex 22.4641 131 3
    endloop
  endfacet
  facet normal 0.79356 0.608492 0
    outer loop
      vertex 22.2766 131.294 7.95
      vertex 22.0642 131.571 3
      vertex 22.0642 131.571 7.95
    endloop
  endfacet
  facet normal 0.79356 0.608492 0
    outer loop
      vertex 22.0642 131.571 3
      vertex 22.2766 131.294 7.95
      vertex 22.2766 131.294 3
    endloop
  endfacet
  facet normal -0.0429895 0.999076 0
    outer loop
      vertex 19 133 3
      vertex 18.6514 132.985 7.95
      vertex 19 133 7.95
    endloop
  endfacet
  facet normal -0.0429895 0.999076 0
    outer loop
      vertex 18.6514 132.985 7.95
      vertex 19 133 3
      vertex 18.6514 132.985 3
    endloop
  endfacet
  facet normal -0.736845 -0.676062 0
    outer loop
      vertex 16.1716 126.172 2.95
      vertex 15.9358 126.429 7.95
      vertex 15.9358 126.429 2.95
    endloop
  endfacet
  facet normal -0.736845 -0.676062 0
    outer loop
      vertex 15.9358 126.429 7.95
      vertex 16.1716 126.172 2.95
      vertex 16.1716 126.172 7.95
    endloop
  endfacet
  facet normal -0.79356 -0.608492 0
    outer loop
      vertex 15.9358 126.429 2.95
      vertex 15.7234 126.706 7.95
      vertex 15.7234 126.706 2.95
    endloop
  endfacet
  facet normal -0.79356 -0.608492 0
    outer loop
      vertex 15.7234 126.706 7.95
      vertex 15.9358 126.429 2.95
      vertex 15.9358 126.429 7.95
    endloop
  endfacet
  facet normal -0.84313 0.53771 0
    outer loop
      vertex 15.5359 131 2.95
      vertex 15.7234 131.294 7.95
      vertex 15.7234 131.294 2.95
    endloop
  endfacet
  facet normal -0.84313 0.53771 0
    outer loop
      vertex 15.7234 131.294 7.95
      vertex 15.5359 131 2.95
      vertex 15.5359 131 7.95
    endloop
  endfacet
  facet normal -0.609849 -0.792518 0
    outer loop
      vertex 16.4289 125.936 2.95
      vertex 16.7057 125.723 7.95
      vertex 16.4289 125.936 7.95
    endloop
  endfacet
  facet normal -0.609849 -0.792518 -0
    outer loop
      vertex 16.7057 125.723 7.95
      vertex 16.4289 125.936 2.95
      vertex 16.7057 125.723 2.95
    endloop
  endfacet
  facet normal -0.976221 0.216778 0
    outer loop
      vertex 15.0608 129.695 2.95
      vertex 15.1363 130.035 7.95
      vertex 15.1363 130.035 2.95
    endloop
  endfacet
  facet normal -0.976221 0.216778 0
    outer loop
      vertex 15.1363 130.035 7.95
      vertex 15.0608 129.695 2.95
      vertex 15.0608 129.695 7.95
    endloop
  endfacet
  facet normal -0.461488 0.887146 0
    outer loop
      vertex 17.3095 132.625 3
      vertex 17 132.464 7.95
      vertex 17.3095 132.625 7.95
    endloop
  endfacet
  facet normal -0.461488 0.887146 0
    outer loop
      vertex 17 132.464 7.95
      vertex 17.3095 132.625 3
      vertex 17 132.464 3
    endloop
  endfacet
  facet normal -0.5363 0.844027 0
    outer loop
      vertex 17 132.464 3
      vertex 16.7057 132.277 7.95
      vertex 17 132.464 7.95
    endloop
  endfacet
  facet normal -0.5363 0.844027 0
    outer loop
      vertex 16.7057 132.277 7.95
      vertex 17 132.464 3
      vertex 16.7057 132.277 3
    endloop
  endfacet
  facet normal -0.383802 -0.923416 9.73247e-05
    outer loop
      vertex 17.3095 125.375 7.95
      vertex 17.3708 125.349 3
      vertex 17.6319 125.241 7.95
    endloop
  endfacet
  facet normal -0.390473 -0.920615 0
    outer loop
      vertex 17.3095 125.375 2.95
      vertex 17.3708 125.349 3
      vertex 17.3095 125.375 7.95
    endloop
  endfacet
  facet normal -0.390473 -0.920615 -0
    outer loop
      vertex 17.3708 125.349 3
      vertex 17.3095 125.375 2.95
      vertex 17.3708 125.349 2.95
    endloop
  endfacet
  facet normal -0.382227 -0.924069 -0
    outer loop
      vertex 17.6319 125.241 7.95
      vertex 17.3708 125.349 3
      vertex 17.6319 125.241 3
    endloop
  endfacet
  facet normal -0.0429895 -0.999076 0
    outer loop
      vertex 18.6514 125.015 3
      vertex 19 125 7.95
      vertex 18.6514 125.015 7.95
    endloop
  endfacet
  facet normal -0.0429895 -0.999076 -0
    outer loop
      vertex 19 125 7.95
      vertex 18.6514 125.015 3
      vertex 19 125 3
    endloop
  endfacet
  facet normal 0.675945 -0.736952 0
    outer loop
      vertex 21.5711 125.936 3
      vertex 21.8284 126.172 7.95
      vertex 21.5711 125.936 7.95
    endloop
  endfacet
  facet normal 0.675945 -0.736952 0
    outer loop
      vertex 21.8284 126.172 7.95
      vertex 21.5711 125.936 3
      vertex 21.8284 126.172 3
    endloop
  endfacet
  facet normal 0.887334 -0.461127 0
    outer loop
      vertex 22.4641 127 7.95
      vertex 22.6252 127.31 3
      vertex 22.6252 127.31 7.95
    endloop
  endfacet
  facet normal 0.887334 -0.461127 0
    outer loop
      vertex 22.6252 127.31 3
      vertex 22.4641 127 7.95
      vertex 22.4641 127 3
    endloop
  endfacet
  facet normal 0.736845 -0.676062 0
    outer loop
      vertex 21.8284 126.172 7.95
      vertex 22.0642 126.429 3
      vertex 22.0642 126.429 7.95
    endloop
  endfacet
  facet normal 0.736845 -0.676062 0
    outer loop
      vertex 22.0642 126.429 3
      vertex 21.8284 126.172 7.95
      vertex 21.8284 126.172 3
    endloop
  endfacet
  facet normal -0.736845 0.676062 0
    outer loop
      vertex 15.9358 131.571 2.95
      vertex 16.1716 131.828 7.95
      vertex 16.1716 131.828 2.95
    endloop
  endfacet
  facet normal -0.736845 0.676062 0
    outer loop
      vertex 16.1716 131.828 7.95
      vertex 15.9358 131.571 2.95
      vertex 15.9358 131.571 7.95
    endloop
  endfacet
  facet normal 0.300885 -0.953661 0
    outer loop
      vertex 20.0353 125.136 3
      vertex 20.3681 125.241 7.95
      vertex 20.0353 125.136 7.95
    endloop
  endfacet
  facet normal 0.300885 -0.953661 0
    outer loop
      vertex 20.3681 125.241 7.95
      vertex 20.0353 125.136 3
      vertex 20.3681 125.241 3
    endloop
  endfacet
  facet normal 0.609849 -0.792518 0
    outer loop
      vertex 21.2943 125.723 3
      vertex 21.5711 125.936 7.95
      vertex 21.2943 125.723 7.95
    endloop
  endfacet
  facet normal 0.609849 -0.792518 0
    outer loop
      vertex 21.5711 125.936 7.95
      vertex 21.2943 125.723 3
      vertex 21.5711 125.936 3
    endloop
  endfacet
  facet normal -0.953795 -0.30046 0
    outer loop
      vertex 15.2412 127.632 2.95
      vertex 15.1363 127.965 7.95
      vertex 15.1363 127.965 2.95
    endloop
  endfacet
  facet normal -0.953795 -0.30046 0
    outer loop
      vertex 15.1363 127.965 7.95
      vertex 15.2412 127.632 2.95
      vertex 15.2412 127.632 7.95
    endloop
  endfacet
  facet normal -0.976221 -0.216778 0
    outer loop
      vertex 15.1363 127.965 2.95
      vertex 15.0608 128.305 7.95
      vertex 15.0608 128.305 2.95
    endloop
  endfacet
  facet normal -0.976221 -0.216778 0
    outer loop
      vertex 15.0608 128.305 7.95
      vertex 15.1363 127.965 2.95
      vertex 15.1363 127.965 7.95
    endloop
  endfacet
  facet normal 0 0 1
    outer loop
      vertex 22.9848 129.349 7.95
      vertex 22.9848 128.651 7.95
      vertex 23 129 7.95
    endloop
  endfacet
  facet normal 0 0 1
    outer loop
      vertex 22.9392 129.695 7.95
      vertex 22.9848 128.651 7.95
      vertex 22.9848 129.349 7.95
    endloop
  endfacet
  facet normal 0 0 1
    outer loop
      vertex 22.9392 129.695 7.95
      vertex 22.9392 128.305 7.95
      vertex 22.9848 128.651 7.95
    endloop
  endfacet
  facet normal 0 0 1
    outer loop
      vertex 22.8637 130.035 7.95
      vertex 22.9392 128.305 7.95
      vertex 22.9392 129.695 7.95
    endloop
  endfacet
  facet normal 0 0 1
    outer loop
      vertex 22.8637 130.035 7.95
      vertex 22.8637 127.965 7.95
      vertex 22.9392 128.305 7.95
    endloop
  endfacet
  facet normal 0 0 1
    outer loop
      vertex 22.7588 130.368 7.95
      vertex 22.8637 127.965 7.95
      vertex 22.8637 130.035 7.95
    endloop
  endfacet
  facet normal 0 0 1
    outer loop
      vertex 22.7588 130.368 7.95
      vertex 22.7588 127.632 7.95
      vertex 22.8637 127.965 7.95
    endloop
  endfacet
  facet normal 0 0 1
    outer loop
      vertex 22.6252 130.69 7.95
      vertex 22.7588 127.632 7.95
      vertex 22.7588 130.368 7.95
    endloop
  endfacet
  facet normal 0 0 1
    outer loop
      vertex 22.6252 130.69 7.95
      vertex 22.6252 127.31 7.95
      vertex 22.7588 127.632 7.95
    endloop
  endfacet
  facet normal 0 0 1
    outer loop
      vertex 22.4641 131 7.95
      vertex 22.6252 127.31 7.95
      vertex 22.6252 130.69 7.95
    endloop
  endfacet
  facet normal 0 0 1
    outer loop
      vertex 22.4641 131 7.95
      vertex 22.4641 127 7.95
      vertex 22.6252 127.31 7.95
    endloop
  endfacet
  facet normal 0 0 1
    outer loop
      vertex 22.2766 131.294 7.95
      vertex 22.4641 127 7.95
      vertex 22.4641 131 7.95
    endloop
  endfacet
  facet normal 0 0 1
    outer loop
      vertex 22.2766 131.294 7.95
      vertex 22.2766 126.706 7.95
      vertex 22.4641 127 7.95
    endloop
  endfacet
  facet normal 0 0 1
    outer loop
      vertex 22.0642 131.571 7.95
      vertex 22.2766 126.706 7.95
      vertex 22.2766 131.294 7.95
    endloop
  endfacet
  facet normal 0 0 1
    outer loop
      vertex 22.0642 131.571 7.95
      vertex 22.0642 126.429 7.95
      vertex 22.2766 126.706 7.95
    endloop
  endfacet
  facet normal 0 0 1
    outer loop
      vertex 21.8284 131.828 7.95
      vertex 22.0642 126.429 7.95
      vertex 22.0642 131.571 7.95
    endloop
  endfacet
  facet normal 0 0 1
    outer loop
      vertex 21.8284 131.828 7.95
      vertex 21.8284 126.172 7.95
      vertex 22.0642 126.429 7.95
    endloop
  endfacet
  facet normal 0 0 1
    outer loop
      vertex 21.5711 132.064 7.95
      vertex 21.8284 126.172 7.95
      vertex 21.8284 131.828 7.95
    endloop
  endfacet
  facet normal 0 0 1
    outer loop
      vertex 21.5711 132.064 7.95
      vertex 21.5711 125.936 7.95
      vertex 21.8284 126.172 7.95
    endloop
  endfacet
  facet normal 0 0 1
    outer loop
      vertex 21.2943 132.277 7.95
      vertex 21.5711 125.936 7.95
      vertex 21.5711 132.064 7.95
    endloop
  endfacet
  facet normal 0 0 1
    outer loop
      vertex 21.2943 132.277 7.95
      vertex 21.2943 125.723 7.95
      vertex 21.5711 125.936 7.95
    endloop
  endfacet
  facet normal 0 0 1
    outer loop
      vertex 21 132.464 7.95
      vertex 21.2943 125.723 7.95
      vertex 21.2943 132.277 7.95
    endloop
  endfacet
  facet normal 0 0 1
    outer loop
      vertex 21 132.464 7.95
      vertex 21 125.536 7.95
      vertex 21.2943 125.723 7.95
    endloop
  endfacet
  facet normal 0 0 1
    outer loop
      vertex 20.6905 132.625 7.95
      vertex 21 125.536 7.95
      vertex 21 132.464 7.95
    endloop
  endfacet
  facet normal 0 0 1
    outer loop
      vertex 20.6905 132.625 7.95
      vertex 20.6905 125.375 7.95
      vertex 21 125.536 7.95
    endloop
  endfacet
  facet normal 0 0 1
    outer loop
      vertex 20.3681 132.759 7.95
      vertex 20.6905 125.375 7.95
      vertex 20.6905 132.625 7.95
    endloop
  endfacet
  facet normal 0 0 1
    outer loop
      vertex 20.3681 132.759 7.95
      vertex 20.3681 125.241 7.95
      vertex 20.6905 125.375 7.95
    endloop
  endfacet
  facet normal 0 0 1
    outer loop
      vertex 20.0353 132.864 7.95
      vertex 20.3681 125.241 7.95
      vertex 20.3681 132.759 7.95
    endloop
  endfacet
  facet normal 0 0 1
    outer loop
      vertex 20.0353 132.864 7.95
      vertex 20.0353 125.136 7.95
      vertex 20.3681 125.241 7.95
    endloop
  endfacet
  facet normal 0 0 1
    outer loop
      vertex 19.6946 132.939 7.95
      vertex 20.0353 125.136 7.95
      vertex 20.0353 132.864 7.95
    endloop
  endfacet
  facet normal 0 0 1
    outer loop
      vertex 19.6946 132.939 7.95
      vertex 19.6946 125.061 7.95
      vertex 20.0353 125.136 7.95
    endloop
  endfacet
  facet normal 0 0 1
    outer loop
      vertex 19.3486 132.985 7.95
      vertex 19.6946 125.061 7.95
      vertex 19.6946 132.939 7.95
    endloop
  endfacet
  facet normal 0 0 1
    outer loop
      vertex 19.3486 132.985 7.95
      vertex 19.3486 125.015 7.95
      vertex 19.6946 125.061 7.95
    endloop
  endfacet
  facet normal 0 0 1
    outer loop
      vertex 19 133 7.95
      vertex 19.3486 125.015 7.95
      vertex 19.3486 132.985 7.95
    endloop
  endfacet
  facet normal 0 0 1
    outer loop
      vertex 19 133 7.95
      vertex 19 125 7.95
      vertex 19.3486 125.015 7.95
    endloop
  endfacet
  facet normal -0 0 1
    outer loop
      vertex 18.6514 132.985 7.95
      vertex 19 125 7.95
      vertex 19 133 7.95
    endloop
  endfacet
  facet normal 0 0 1
    outer loop
      vertex 18.6514 132.985 7.95
      vertex 18.6514 125.015 7.95
      vertex 19 125 7.95
    endloop
  endfacet
  facet normal -0 0 1
    outer loop
      vertex 18.3054 132.939 7.95
      vertex 18.6514 125.015 7.95
      vertex 18.6514 132.985 7.95
    endloop
  endfacet
  facet normal 0 0 1
    outer loop
      vertex 18.3054 132.939 7.95
      vertex 18.3054 125.061 7.95
      vertex 18.6514 125.015 7.95
    endloop
  endfacet
  facet normal -0 0 1
    outer loop
      vertex 17.9647 132.864 7.95
      vertex 18.3054 125.061 7.95
      vertex 18.3054 132.939 7.95
    endloop
  endfacet
  facet normal 0 0 1
    outer loop
      vertex 17.9647 132.864 7.95
      vertex 17.9647 125.136 7.95
      vertex 18.3054 125.061 7.95
    endloop
  endfacet
  facet normal -0 0 1
    outer loop
      vertex 17.6319 132.759 7.95
      vertex 17.9647 125.136 7.95
      vertex 17.9647 132.864 7.95
    endloop
  endfacet
  facet normal 0 0 1
    outer loop
      vertex 17.6319 132.759 7.95
      vertex 17.6319 125.241 7.95
      vertex 17.9647 125.136 7.95
    endloop
  endfacet
  facet normal -0 0 1
    outer loop
      vertex 17.3095 132.625 7.95
      vertex 17.6319 125.241 7.95
      vertex 17.6319 132.759 7.95
    endloop
  endfacet
  facet normal 0 0 1
    outer loop
      vertex 17.3095 132.625 7.95
      vertex 17.3095 125.375 7.95
      vertex 17.6319 125.241 7.95
    endloop
  endfacet
  facet normal -0 0 1
    outer loop
      vertex 17 132.464 7.95
      vertex 17.3095 125.375 7.95
      vertex 17.3095 132.625 7.95
    endloop
  endfacet
  facet normal 0 0 1
    outer loop
      vertex 17 132.464 7.95
      vertex 17 125.536 7.95
      vertex 17.3095 125.375 7.95
    endloop
  endfacet
  facet normal -0 0 1
    outer loop
      vertex 16.7057 132.277 7.95
      vertex 17 125.536 7.95
      vertex 17 132.464 7.95
    endloop
  endfacet
  facet normal 0 0 1
    outer loop
      vertex 16.7057 132.277 7.95
      vertex 16.7057 125.723 7.95
      vertex 17 125.536 7.95
    endloop
  endfacet
  facet normal -0 0 1
    outer loop
      vertex 16.4289 132.064 7.95
      vertex 16.7057 125.723 7.95
      vertex 16.7057 132.277 7.95
    endloop
  endfacet
  facet normal 0 0 1
    outer loop
      vertex 16.4289 132.064 7.95
      vertex 16.4289 125.936 7.95
      vertex 16.7057 125.723 7.95
    endloop
  endfacet
  facet normal -0 0 1
    outer loop
      vertex 16.1716 131.828 7.95
      vertex 16.4289 125.936 7.95
      vertex 16.4289 132.064 7.95
    endloop
  endfacet
  facet normal 0 0 1
    outer loop
      vertex 16.1716 131.828 7.95
      vertex 16.1716 126.172 7.95
      vertex 16.4289 125.936 7.95
    endloop
  endfacet
  facet normal -0 0 1
    outer loop
      vertex 15.9358 131.571 7.95
      vertex 16.1716 126.172 7.95
      vertex 16.1716 131.828 7.95
    endloop
  endfacet
  facet normal 0 0 1
    outer loop
      vertex 15.9358 131.571 7.95
      vertex 15.9358 126.429 7.95
      vertex 16.1716 126.172 7.95
    endloop
  endfacet
  facet normal -0 0 1
    outer loop
      vertex 15.7234 131.294 7.95
      vertex 15.9358 126.429 7.95
      vertex 15.9358 131.571 7.95
    endloop
  endfacet
  facet normal 0 0 1
    outer loop
      vertex 15.7234 131.294 7.95
      vertex 15.7234 126.706 7.95
      vertex 15.9358 126.429 7.95
    endloop
  endfacet
  facet normal -0 0 1
    outer loop
      vertex 15.5359 131 7.95
      vertex 15.7234 126.706 7.95
      vertex 15.7234 131.294 7.95
    endloop
  endfacet
  facet normal 0 0 1
    outer loop
      vertex 15.5359 131 7.95
      vertex 15.5359 127 7.95
      vertex 15.7234 126.706 7.95
    endloop
  endfacet
  facet normal -0 0 1
    outer loop
      vertex 15.3748 130.69 7.95
      vertex 15.5359 127 7.95
      vertex 15.5359 131 7.95
    endloop
  endfacet
  facet normal 0 0 1
    outer loop
      vertex 15.3748 130.69 7.95
      vertex 15.3748 127.31 7.95
      vertex 15.5359 127 7.95
    endloop
  endfacet
  facet normal -0 0 1
    outer loop
      vertex 15.2412 130.368 7.95
      vertex 15.3748 127.31 7.95
      vertex 15.3748 130.69 7.95
    endloop
  endfacet
  facet normal 0 0 1
    outer loop
      vertex 15.2412 130.368 7.95
      vertex 15.2412 127.632 7.95
      vertex 15.3748 127.31 7.95
    endloop
  endfacet
  facet normal -0 0 1
    outer loop
      vertex 15.1363 130.035 7.95
      vertex 15.2412 127.632 7.95
      vertex 15.2412 130.368 7.95
    endloop
  endfacet
  facet normal 0 0 1
    outer loop
      vertex 15.1363 130.035 7.95
      vertex 15.1363 127.965 7.95
      vertex 15.2412 127.632 7.95
    endloop
  endfacet
  facet normal -0 0 1
    outer loop
      vertex 15.0608 129.695 7.95
      vertex 15.1363 127.965 7.95
      vertex 15.1363 130.035 7.95
    endloop
  endfacet
  facet normal 0 0 1
    outer loop
      vertex 15.0608 129.695 7.95
      vertex 15.0608 128.305 7.95
      vertex 15.1363 127.965 7.95
    endloop
  endfacet
  facet normal -0 0 1
    outer loop
      vertex 15.0152 129.349 7.95
      vertex 15.0608 128.305 7.95
      vertex 15.0608 129.695 7.95
    endloop
  endfacet
  facet normal 0 0 1
    outer loop
      vertex 15.0152 129.349 7.95
      vertex 15.0152 128.651 7.95
      vertex 15.0608 128.305 7.95
    endloop
  endfacet
  facet normal 0 -0 1
    outer loop
      vertex 15.0152 128.651 7.95
      vertex 15.0152 129.349 7.95
      vertex 15 129 7.95
    endloop
  endfacet
  facet normal 1 -0 0
    outer loop
      vertex 99.7 10 3
      vertex 99.7 15.6152 0
      vertex 99.7 15.6152 3
    endloop
  endfacet
  facet normal 1 0 0
    outer loop
      vertex 99.7 7 0
      vertex 99.7 10 3
      vertex 99.7 7 0.599999
    endloop
  endfacet
  facet normal 1 0 0
    outer loop
      vertex 99.7 10 3
      vertex 99.7 7 0
      vertex 99.7 15.6152 0
    endloop
  endfacet
  facet normal 1 0 0
    outer loop
      vertex 99.7 140 3
      vertex 99.7 143 0
      vertex 99.7 143 0.599999
    endloop
  endfacet
  facet normal 1 0 0
    outer loop
      vertex 99.7 132.385 0
      vertex 99.7 140 3
      vertex 99.7 132.385 3
    endloop
  endfacet
  facet normal 1 0 0
    outer loop
      vertex 99.7 140 3
      vertex 99.7 132.385 0
      vertex 99.7 143 0
    endloop
  endfacet
  facet normal 1 -0 0
    outer loop
      vertex 99.7 23.2688 3
      vertex 99.7 33.8012 0
      vertex 99.7 33.8012 3
    endloop
  endfacet
  facet normal 1 0 0
    outer loop
      vertex 99.7 33.8012 0
      vertex 99.7 23.2688 3
      vertex 99.7 23.2688 0
    endloop
  endfacet
  facet normal 1 -0 0
    outer loop
      vertex 99.7 41.4548 3
      vertex 99.7 51.9872 0
      vertex 99.7 51.9872 3
    endloop
  endfacet
  facet normal 1 0 0
    outer loop
      vertex 99.7 51.9872 0
      vertex 99.7 41.4548 3
      vertex 99.7 41.4548 0
    endloop
  endfacet
  facet normal 1 -0 0
    outer loop
      vertex 99.7 96.0128 3
      vertex 99.7 106.545 0
      vertex 99.7 106.545 3
    endloop
  endfacet
  facet normal 1 0 0
    outer loop
      vertex 99.7 106.545 0
      vertex 99.7 96.0128 3
      vertex 99.7 96.0128 0
    endloop
  endfacet
  facet normal 1 -0 0
    outer loop
      vertex 99.7 77.8268 3
      vertex 99.7 88.3592 0
      vertex 99.7 88.3592 3
    endloop
  endfacet
  facet normal 1 0 0
    outer loop
      vertex 99.7 88.3592 0
      vertex 99.7 77.8268 3
      vertex 99.7 77.8268 0
    endloop
  endfacet
  facet normal 1 -0 0
    outer loop
      vertex 99.7 59.6408 3
      vertex 99.7 70.1732 0
      vertex 99.7 70.1732 3
    endloop
  endfacet
  facet normal 1 0 0
    outer loop
      vertex 99.7 70.1732 0
      vertex 99.7 59.6408 3
      vertex 99.7 59.6408 0
    endloop
  endfacet
  facet normal 1 -0 0
    outer loop
      vertex 99.7 114.199 3
      vertex 99.7 124.731 0
      vertex 99.7 124.731 3
    endloop
  endfacet
  facet normal 1 0 0
    outer loop
      vertex 99.7 124.731 0
      vertex 99.7 114.199 3
      vertex 99.7 114.199 0
    endloop
  endfacet
endsolid OpenSCAD_Model
