solid OpenSCAD_Model
  facet normal 1 -0 0
    outer loop
      vertex 295.7 141.037 0
      vertex 295.7 145.7 -3
      vertex 295.7 145.7 0
    endloop
  endfacet
  facet normal 1 -0 0
    outer loop
      vertex 295.7 8.96253 0
      vertex 295.7 145.7 -3
      vertex 295.7 141.037 0
    endloop
  endfacet
  facet normal 1 0 0
    outer loop
      vertex 295.7 4.3 -3
      vertex 295.7 8.96253 0
      vertex 295.7 4.3 0
    endloop
  endfacet
  facet normal 1 0 0
    outer loop
      vertex 295.7 8.96253 0
      vertex 295.7 4.3 -3
      vertex 295.7 145.7 -3
    endloop
  endfacet
  facet normal 0 0 1
    outer loop
      vertex 295.7 145.7 0
      vertex 294.853 142.141 0
      vertex 295.7 141.037 0
    endloop
  endfacet
  facet normal 0 0 1
    outer loop
      vertex 295.7 145.7 0
      vertex 293.7 143.7 0
      vertex 294.853 142.141 0
    endloop
  endfacet
  facet normal -0 0 1
    outer loop
      vertex 292.141 144.853 0
      vertex 293.7 143.7 0
      vertex 295.7 145.7 0
    endloop
  endfacet
  facet normal 0 0 1
    outer loop
      vertex 293.7 143.7 0
      vertex 292.141 144.853 0
      vertex 293.4 143.7 0
    endloop
  endfacet
  facet normal 0 -0 1
    outer loop
      vertex 292.141 144.853 0
      vertex 295.7 145.7 0
      vertex 291.037 145.7 0
    endloop
  endfacet
  facet normal 0 0 1
    outer loop
      vertex 294.853 142.141 0
      vertex 293.7 143.7 0
      vertex 293.7 143.4 0
    endloop
  endfacet
  facet normal -0 0 1
    outer loop
      vertex 294.853 7.85867 0
      vertex 295.7 4.3 0
      vertex 295.7 8.96253 0
    endloop
  endfacet
  facet normal 0 0 1
    outer loop
      vertex 293.7 6.3 0
      vertex 294.853 7.85867 0
      vertex 293.7 6.60041 0
    endloop
  endfacet
  facet normal 0 0 1
    outer loop
      vertex 294.853 7.85867 0
      vertex 293.7 6.3 0
      vertex 295.7 4.3 0
    endloop
  endfacet
  facet normal 0 0 1
    outer loop
      vertex 292.141 5.14702 0
      vertex 293.7 6.3 0
      vertex 293.4 6.3 0
    endloop
  endfacet
  facet normal 0 0 1
    outer loop
      vertex 293.7 6.3 0
      vertex 292.141 5.14702 0
      vertex 295.7 4.3 0
    endloop
  endfacet
  facet normal 0 0 1
    outer loop
      vertex 295.7 4.3 0
      vertex 292.141 5.14702 0
      vertex 291.037 4.3 0
    endloop
  endfacet
  facet normal 0 0 -1
    outer loop
      vertex 295.7 8.96253 0
      vertex 300 22 0
      vertex 299.916 20.0826 0
    endloop
  endfacet
  facet normal -0 0 -1
    outer loop
      vertex 300 22 0
      vertex 295.7 8.96253 0
      vertex 300 128 0
    endloop
  endfacet
  facet normal 0 0 -1
    outer loop
      vertex 295.7 8.96253 0
      vertex 299.916 20.0826 0
      vertex 299.666 18.1797 0
    endloop
  endfacet
  facet normal 0 0 -1
    outer loop
      vertex 295.7 141.037 0
      vertex 300 128 0
      vertex 295.7 8.96253 0
    endloop
  endfacet
  facet normal 0 0 -1
    outer loop
      vertex 295.7 8.96253 0
      vertex 299.666 18.1797 0
      vertex 299.25 16.306 0
    endloop
  endfacet
  facet normal 0 0 -1
    outer loop
      vertex 300 128 0
      vertex 295.7 141.037 0
      vertex 299.916 129.917 0
    endloop
  endfacet
  facet normal 0 0 -1
    outer loop
      vertex 295.7 8.96253 0
      vertex 299.25 16.306 0
      vertex 298.673 14.4756 0
    endloop
  endfacet
  facet normal 0 0 -1
    outer loop
      vertex 299.916 129.917 0
      vertex 295.7 141.037 0
      vertex 299.666 131.82 0
    endloop
  endfacet
  facet normal 0 0 -1
    outer loop
      vertex 295.7 8.96253 0
      vertex 298.673 14.4756 0
      vertex 297.939 12.7024 0
    endloop
  endfacet
  facet normal 0 0 -1
    outer loop
      vertex 299.666 131.82 0
      vertex 295.7 141.037 0
      vertex 299.25 133.694 0
    endloop
  endfacet
  facet normal 0 0 -1
    outer loop
      vertex 295.7 8.96253 0
      vertex 297.939 12.7024 0
      vertex 297.053 11 0
    endloop
  endfacet
  facet normal 0 0 -1
    outer loop
      vertex 299.25 133.694 0
      vertex 295.7 141.037 0
      vertex 298.673 135.524 0
    endloop
  endfacet
  facet normal 0 0 -1
    outer loop
      vertex 295.7 8.96253 0
      vertex 297.053 11 0
      vertex 296.021 9.38132 0
    endloop
  endfacet
  facet normal 0 0 -1
    outer loop
      vertex 298.673 135.524 0
      vertex 295.7 141.037 0
      vertex 297.939 137.298 0
    endloop
  endfacet
  facet normal 0 0 -1
    outer loop
      vertex 297.939 137.298 0
      vertex 295.7 141.037 0
      vertex 297.053 139 0
    endloop
  endfacet
  facet normal 0 0 -1
    outer loop
      vertex 297.053 139 0
      vertex 295.7 141.037 0
      vertex 296.021 140.619 0
    endloop
  endfacet
  facet normal 0 0 -1
    outer loop
      vertex 289 2.94745 0
      vertex 291.037 4.3 0
      vertex 290.619 3.97865 0
    endloop
  endfacet
  facet normal 0 0 -1
    outer loop
      vertex 287.298 2.06123 0
      vertex 291.037 4.3 0
      vertex 289 2.94745 0
    endloop
  endfacet
  facet normal 0 0 -1
    outer loop
      vertex 285.524 1.32677 0
      vertex 291.037 4.3 0
      vertex 287.298 2.06123 0
    endloop
  endfacet
  facet normal 0 0 -1
    outer loop
      vertex 283.694 0.749634 0
      vertex 291.037 4.3 0
      vertex 285.524 1.32677 0
    endloop
  endfacet
  facet normal 0 0 -1
    outer loop
      vertex 281.82 0.334229 0
      vertex 291.037 4.3 0
      vertex 283.694 0.749634 0
    endloop
  endfacet
  facet normal 0 0 -1
    outer loop
      vertex 279.917 0.0837097 0
      vertex 291.037 4.3 0
      vertex 281.82 0.334229 0
    endloop
  endfacet
  facet normal 0 0 -1
    outer loop
      vertex 278 0 0
      vertex 291.037 4.3 0
      vertex 279.917 0.0837097 0
    endloop
  endfacet
  facet normal 0 0 -1
    outer loop
      vertex 216 4.3 0
      vertex 278 0 0
      vertex 216 0 0
    endloop
  endfacet
  facet normal 0 0 -1
    outer loop
      vertex 278 0 0
      vertex 216 4.3 0
      vertex 291.037 4.3 0
    endloop
  endfacet
  facet normal 0 0 -1
    outer loop
      vertex 291.037 145.7 0
      vertex 289 147.053 0
      vertex 290.619 146.021 0
    endloop
  endfacet
  facet normal 0 0 -1
    outer loop
      vertex 291.037 145.7 0
      vertex 287.298 147.939 0
      vertex 289 147.053 0
    endloop
  endfacet
  facet normal 0 0 -1
    outer loop
      vertex 291.037 145.7 0
      vertex 285.524 148.673 0
      vertex 287.298 147.939 0
    endloop
  endfacet
  facet normal 0 0 -1
    outer loop
      vertex 291.037 145.7 0
      vertex 283.694 149.25 0
      vertex 285.524 148.673 0
    endloop
  endfacet
  facet normal 0 0 -1
    outer loop
      vertex 291.037 145.7 0
      vertex 281.82 149.666 0
      vertex 283.694 149.25 0
    endloop
  endfacet
  facet normal 0 0 -1
    outer loop
      vertex 291.037 145.7 0
      vertex 279.917 149.916 0
      vertex 281.82 149.666 0
    endloop
  endfacet
  facet normal 0 0 -1
    outer loop
      vertex 291.037 145.7 0
      vertex 278 150 0
      vertex 279.917 149.916 0
    endloop
  endfacet
  facet normal 0 0 -1
    outer loop
      vertex 216 145.7 0
      vertex 278 150 0
      vertex 291.037 145.7 0
    endloop
  endfacet
  facet normal -0 0 -1
    outer loop
      vertex 278 150 0
      vertex 216 145.7 0
      vertex 216 150 0
    endloop
  endfacet
  facet normal 0 0 -1
    outer loop
      vertex 293.142 8.93999 0
      vertex 293.7 6.60041 0
      vertex 293.174 8.7952 0
    endloop
  endfacet
  facet normal 0 0 -1
    outer loop
      vertex 293.7 143.4 0
      vertex 293.194 141.352 0
      vertex 293.2 141.5 0
    endloop
  endfacet
  facet normal 0 0 -1
    outer loop
      vertex 293.7 6.60041 0
      vertex 293.142 8.93999 0
      vertex 293.7 143.4 0
    endloop
  endfacet
  facet normal 0 0 -1
    outer loop
      vertex 293.7 143.4 0
      vertex 293.174 141.205 0
      vertex 293.194 141.352 0
    endloop
  endfacet
  facet normal 0 0 -1
    outer loop
      vertex 293.142 141.06 0
      vertex 293.7 143.4 0
      vertex 293.142 8.93999 0
    endloop
  endfacet
  facet normal 0 0 -1
    outer loop
      vertex 293.7 143.4 0
      vertex 293.142 141.06 0
      vertex 293.174 141.205 0
    endloop
  endfacet
  facet normal 0 0 -1
    outer loop
      vertex 293.097 9.08143 0
      vertex 293.142 141.06 0
      vertex 293.142 8.93999 0
    endloop
  endfacet
  facet normal 0 0 -1
    outer loop
      vertex 293.097 9.08143 0
      vertex 293.097 140.919 0
      vertex 293.142 141.06 0
    endloop
  endfacet
  facet normal 0 0 -1
    outer loop
      vertex 293.041 9.21845 0
      vertex 293.097 140.919 0
      vertex 293.097 9.08143 0
    endloop
  endfacet
  facet normal 0 0 -1
    outer loop
      vertex 293.041 9.21845 0
      vertex 293.041 140.782 0
      vertex 293.097 140.919 0
    endloop
  endfacet
  facet normal 0 0 -1
    outer loop
      vertex 292.972 9.35 0
      vertex 293.041 140.782 0
      vertex 293.041 9.21845 0
    endloop
  endfacet
  facet normal 0 0 -1
    outer loop
      vertex 292.972 9.35 0
      vertex 292.972 140.65 0
      vertex 293.041 140.782 0
    endloop
  endfacet
  facet normal 0 0 -1
    outer loop
      vertex 292.893 9.47508 0
      vertex 292.972 140.65 0
      vertex 292.972 9.35 0
    endloop
  endfacet
  facet normal 0 0 -1
    outer loop
      vertex 292.893 9.47508 0
      vertex 292.893 140.525 0
      vertex 292.972 140.65 0
    endloop
  endfacet
  facet normal 0 0 -1
    outer loop
      vertex 292.802 9.59274 0
      vertex 292.893 140.525 0
      vertex 292.893 9.47508 0
    endloop
  endfacet
  facet normal 0 0 -1
    outer loop
      vertex 292.802 9.59274 0
      vertex 292.802 140.407 0
      vertex 292.893 140.525 0
    endloop
  endfacet
  facet normal 0 0 -1
    outer loop
      vertex 292.702 9.70208 0
      vertex 292.802 140.407 0
      vertex 292.802 9.59274 0
    endloop
  endfacet
  facet normal 0 0 -1
    outer loop
      vertex 292.702 9.70208 0
      vertex 292.702 140.298 0
      vertex 292.802 140.407 0
    endloop
  endfacet
  facet normal 0 0 -1
    outer loop
      vertex 292.593 9.80227 0
      vertex 292.702 140.298 0
      vertex 292.702 9.70208 0
    endloop
  endfacet
  facet normal 0 0 -1
    outer loop
      vertex 292.593 9.80227 0
      vertex 292.593 140.198 0
      vertex 292.702 140.298 0
    endloop
  endfacet
  facet normal 0 0 -1
    outer loop
      vertex 292.475 9.89256 0
      vertex 292.593 140.198 0
      vertex 292.593 9.80227 0
    endloop
  endfacet
  facet normal 0 0 -1
    outer loop
      vertex 292.475 9.89256 0
      vertex 292.475 140.107 0
      vertex 292.593 140.198 0
    endloop
  endfacet
  facet normal 0 0 -1
    outer loop
      vertex 292.35 9.97224 0
      vertex 292.475 140.107 0
      vertex 292.475 9.89256 0
    endloop
  endfacet
  facet normal 0 0 -1
    outer loop
      vertex 292.35 9.97224 0
      vertex 292.35 140.028 0
      vertex 292.475 140.107 0
    endloop
  endfacet
  facet normal 0 0 -1
    outer loop
      vertex 292.218 10.0407 0
      vertex 292.35 140.028 0
      vertex 292.35 9.97224 0
    endloop
  endfacet
  facet normal 0 0 -1
    outer loop
      vertex 292.218 10.0407 0
      vertex 292.218 139.959 0
      vertex 292.35 140.028 0
    endloop
  endfacet
  facet normal 0 0 -1
    outer loop
      vertex 292.081 10.0975 0
      vertex 292.218 139.959 0
      vertex 292.218 10.0407 0
    endloop
  endfacet
  facet normal 0 0 -1
    outer loop
      vertex 292.081 10.0975 0
      vertex 292.081 139.903 0
      vertex 292.218 139.959 0
    endloop
  endfacet
  facet normal 0 0 -1
    outer loop
      vertex 291.94 10.1421 0
      vertex 292.081 139.903 0
      vertex 292.081 10.0975 0
    endloop
  endfacet
  facet normal 0 0 -1
    outer loop
      vertex 291.94 10.1421 0
      vertex 291.94 139.858 0
      vertex 292.081 139.903 0
    endloop
  endfacet
  facet normal 0 0 -1
    outer loop
      vertex 291.795 10.1742 0
      vertex 291.94 139.858 0
      vertex 291.94 10.1421 0
    endloop
  endfacet
  facet normal 0 0 -1
    outer loop
      vertex 291.795 10.1742 0
      vertex 291.795 139.826 0
      vertex 291.94 139.858 0
    endloop
  endfacet
  facet normal 0 0 -1
    outer loop
      vertex 291.648 10.1935 0
      vertex 291.795 139.826 0
      vertex 291.795 10.1742 0
    endloop
  endfacet
  facet normal 0 0 -1
    outer loop
      vertex 291.648 10.1935 0
      vertex 291.648 139.806 0
      vertex 291.795 139.826 0
    endloop
  endfacet
  facet normal 0 0 -1
    outer loop
      vertex 291.5 10.2 0
      vertex 291.648 139.806 0
      vertex 291.648 10.1935 0
    endloop
  endfacet
  facet normal 0 0 -1
    outer loop
      vertex 291.5 10.2 0
      vertex 291.5 139.8 0
      vertex 291.648 139.806 0
    endloop
  endfacet
  facet normal 0 0 -1
    outer loop
      vertex 291.352 10.1935 0
      vertex 291.5 139.8 0
      vertex 291.5 10.2 0
    endloop
  endfacet
  facet normal 0 0 -1
    outer loop
      vertex 291.352 10.1935 0
      vertex 291.352 139.806 0
      vertex 291.5 139.8 0
    endloop
  endfacet
  facet normal 0 0 -1
    outer loop
      vertex 291.205 10.1742 0
      vertex 291.352 139.806 0
      vertex 291.352 10.1935 0
    endloop
  endfacet
  facet normal 0 0 -1
    outer loop
      vertex 291.205 10.1742 0
      vertex 291.205 139.826 0
      vertex 291.352 139.806 0
    endloop
  endfacet
  facet normal 0 0 -1
    outer loop
      vertex 291.06 10.1421 0
      vertex 291.205 139.826 0
      vertex 291.205 10.1742 0
    endloop
  endfacet
  facet normal 0 0 -1
    outer loop
      vertex 291.06 10.1421 0
      vertex 291.06 139.858 0
      vertex 291.205 139.826 0
    endloop
  endfacet
  facet normal 0 0 -1
    outer loop
      vertex 290.919 10.0975 0
      vertex 291.06 139.858 0
      vertex 291.06 10.1421 0
    endloop
  endfacet
  facet normal 0 0 -1
    outer loop
      vertex 290.919 10.0975 0
      vertex 290.919 139.903 0
      vertex 291.06 139.858 0
    endloop
  endfacet
  facet normal 0 0 -1
    outer loop
      vertex 290.782 10.0407 0
      vertex 290.919 139.903 0
      vertex 290.919 10.0975 0
    endloop
  endfacet
  facet normal 0 0 -1
    outer loop
      vertex 290.782 10.0407 0
      vertex 290.782 139.959 0
      vertex 290.919 139.903 0
    endloop
  endfacet
  facet normal 0 0 -1
    outer loop
      vertex 290.65 9.97224 0
      vertex 290.782 139.959 0
      vertex 290.782 10.0407 0
    endloop
  endfacet
  facet normal 0 0 -1
    outer loop
      vertex 290.65 9.97224 0
      vertex 290.65 140.028 0
      vertex 290.782 139.959 0
    endloop
  endfacet
  facet normal 0 0 -1
    outer loop
      vertex 290.525 9.89256 0
      vertex 290.65 140.028 0
      vertex 290.65 9.97224 0
    endloop
  endfacet
  facet normal 0 0 -1
    outer loop
      vertex 290.525 9.89256 0
      vertex 290.525 140.107 0
      vertex 290.65 140.028 0
    endloop
  endfacet
  facet normal 0 0 -1
    outer loop
      vertex 216 6.3 0
      vertex 290.525 9.89256 0
      vertex 290.407 9.80227 0
    endloop
  endfacet
  facet normal -0 0 -1
    outer loop
      vertex 290.525 9.89256 0
      vertex 216 6.3 0
      vertex 290.525 140.107 0
    endloop
  endfacet
  facet normal 0 0 -1
    outer loop
      vertex 216 6.3 0
      vertex 290.407 9.80227 0
      vertex 290.298 9.70208 0
    endloop
  endfacet
  facet normal 0 0 -1
    outer loop
      vertex 216 143.7 0
      vertex 290.525 140.107 0
      vertex 216 6.3 0
    endloop
  endfacet
  facet normal 0 0 -1
    outer loop
      vertex 216 6.3 0
      vertex 290.298 9.70208 0
      vertex 290.198 9.59274 0
    endloop
  endfacet
  facet normal 0 0 -1
    outer loop
      vertex 290.525 140.107 0
      vertex 216 143.7 0
      vertex 290.407 140.198 0
    endloop
  endfacet
  facet normal 0 0 -1
    outer loop
      vertex 216 6.3 0
      vertex 290.198 9.59274 0
      vertex 290.107 9.47508 0
    endloop
  endfacet
  facet normal 0 0 -1
    outer loop
      vertex 290.407 140.198 0
      vertex 216 143.7 0
      vertex 290.298 140.298 0
    endloop
  endfacet
  facet normal 0 0 -1
    outer loop
      vertex 216 6.3 0
      vertex 290.107 9.47508 0
      vertex 290.028 9.35 0
    endloop
  endfacet
  facet normal 0 0 -1
    outer loop
      vertex 290.298 140.298 0
      vertex 216 143.7 0
      vertex 290.198 140.407 0
    endloop
  endfacet
  facet normal 0 0 -1
    outer loop
      vertex 216 6.3 0
      vertex 290.028 9.35 0
      vertex 289.959 9.21845 0
    endloop
  endfacet
  facet normal 0 0 -1
    outer loop
      vertex 290.198 140.407 0
      vertex 216 143.7 0
      vertex 290.107 140.525 0
    endloop
  endfacet
  facet normal 0 0 -1
    outer loop
      vertex 216 6.3 0
      vertex 289.959 9.21845 0
      vertex 289.903 9.08143 0
    endloop
  endfacet
  facet normal 0 0 -1
    outer loop
      vertex 290.107 140.525 0
      vertex 216 143.7 0
      vertex 290.028 140.65 0
    endloop
  endfacet
  facet normal 0 0 -1
    outer loop
      vertex 216 6.3 0
      vertex 289.903 9.08143 0
      vertex 289.858 8.93999 0
    endloop
  endfacet
  facet normal 0 0 -1
    outer loop
      vertex 290.028 140.65 0
      vertex 216 143.7 0
      vertex 289.959 140.782 0
    endloop
  endfacet
  facet normal 0 0 -1
    outer loop
      vertex 216 6.3 0
      vertex 289.858 8.93999 0
      vertex 289.826 8.7952 0
    endloop
  endfacet
  facet normal 0 0 -1
    outer loop
      vertex 289.959 140.782 0
      vertex 216 143.7 0
      vertex 289.903 140.919 0
    endloop
  endfacet
  facet normal 0 0 -1
    outer loop
      vertex 216 6.3 0
      vertex 289.826 8.7952 0
      vertex 289.806 8.64816 0
    endloop
  endfacet
  facet normal 0 0 -1
    outer loop
      vertex 289.903 140.919 0
      vertex 216 143.7 0
      vertex 289.858 141.06 0
    endloop
  endfacet
  facet normal 0 0 -1
    outer loop
      vertex 216 6.3 0
      vertex 289.806 8.64816 0
      vertex 289.8 8.5 0
    endloop
  endfacet
  facet normal 0 0 -1
    outer loop
      vertex 289.858 141.06 0
      vertex 216 143.7 0
      vertex 289.826 141.205 0
    endloop
  endfacet
  facet normal 0 0 -1
    outer loop
      vertex 292.702 7.29792 0
      vertex 293.7 6.60041 0
      vertex 293.556 6.44365 0
    endloop
  endfacet
  facet normal 0 0 -1
    outer loop
      vertex 293.194 8.64816 0
      vertex 293.7 6.60041 0
      vertex 293.2 8.5 0
    endloop
  endfacet
  facet normal 0 0 -1
    outer loop
      vertex 292.702 7.29792 0
      vertex 293.556 6.44365 0
      vertex 293.4 6.3 0
    endloop
  endfacet
  facet normal 0 0 -1
    outer loop
      vertex 293.174 8.7952 0
      vertex 293.7 6.60041 0
      vertex 293.194 8.64816 0
    endloop
  endfacet
  facet normal 0 0 -1
    outer loop
      vertex 293.194 141.648 0
      vertex 293.7 143.4 0
      vertex 293.2 141.5 0
    endloop
  endfacet
  facet normal 0 0 -1
    outer loop
      vertex 293.7 6.60041 0
      vertex 293.194 8.35183 0
      vertex 293.2 8.5 0
    endloop
  endfacet
  facet normal 0 0 -1
    outer loop
      vertex 293.7 6.60041 0
      vertex 293.174 8.2048 0
      vertex 293.194 8.35183 0
    endloop
  endfacet
  facet normal 0 0 -1
    outer loop
      vertex 293.7 6.60041 0
      vertex 293.142 8.06001 0
      vertex 293.174 8.2048 0
    endloop
  endfacet
  facet normal 0 0 -1
    outer loop
      vertex 293.7 6.60041 0
      vertex 293.097 7.91857 0
      vertex 293.142 8.06001 0
    endloop
  endfacet
  facet normal 0 0 -1
    outer loop
      vertex 293.7 6.60041 0
      vertex 293.041 7.78155 0
      vertex 293.097 7.91857 0
    endloop
  endfacet
  facet normal 0 0 -1
    outer loop
      vertex 293.7 6.60041 0
      vertex 292.972 7.65 0
      vertex 293.041 7.78155 0
    endloop
  endfacet
  facet normal 0 0 -1
    outer loop
      vertex 293.7 6.60041 0
      vertex 292.893 7.52492 0
      vertex 292.972 7.65 0
    endloop
  endfacet
  facet normal 0 0 -1
    outer loop
      vertex 293.7 6.60041 0
      vertex 292.802 7.40726 0
      vertex 292.893 7.52492 0
    endloop
  endfacet
  facet normal 0 0 -1
    outer loop
      vertex 293.7 6.60041 0
      vertex 292.702 7.29792 0
      vertex 292.802 7.40726 0
    endloop
  endfacet
  facet normal 0 0 -1
    outer loop
      vertex 293.4 6.3 0
      vertex 292.593 7.19772 0
      vertex 292.702 7.29792 0
    endloop
  endfacet
  facet normal 0 0 -1
    outer loop
      vertex 293.4 6.3 0
      vertex 292.475 7.10744 0
      vertex 292.593 7.19772 0
    endloop
  endfacet
  facet normal 0 0 -1
    outer loop
      vertex 293.4 6.3 0
      vertex 292.35 7.02776 0
      vertex 292.475 7.10744 0
    endloop
  endfacet
  facet normal 0 0 -1
    outer loop
      vertex 293.4 6.3 0
      vertex 292.218 6.95928 0
      vertex 292.35 7.02776 0
    endloop
  endfacet
  facet normal 0 0 -1
    outer loop
      vertex 293.4 6.3 0
      vertex 292.081 6.90252 0
      vertex 292.218 6.95928 0
    endloop
  endfacet
  facet normal 0 0 -1
    outer loop
      vertex 293.4 6.3 0
      vertex 291.94 6.85793 0
      vertex 292.081 6.90252 0
    endloop
  endfacet
  facet normal 0 0 -1
    outer loop
      vertex 293.4 6.3 0
      vertex 291.795 6.82583 0
      vertex 291.94 6.85793 0
    endloop
  endfacet
  facet normal 0 0 -1
    outer loop
      vertex 293.4 6.3 0
      vertex 291.648 6.80647 0
      vertex 291.795 6.82583 0
    endloop
  endfacet
  facet normal 0 0 -1
    outer loop
      vertex 293.4 6.3 0
      vertex 291.5 6.8 0
      vertex 291.648 6.80647 0
    endloop
  endfacet
  facet normal 0 0 -1
    outer loop
      vertex 293.4 6.3 0
      vertex 291.352 6.80647 0
      vertex 291.5 6.8 0
    endloop
  endfacet
  facet normal 0 0 -1
    outer loop
      vertex 293.4 6.3 0
      vertex 291.205 6.82583 0
      vertex 291.352 6.80647 0
    endloop
  endfacet
  facet normal 0 0 -1
    outer loop
      vertex 293.4 6.3 0
      vertex 291.06 6.85793 0
      vertex 291.205 6.82583 0
    endloop
  endfacet
  facet normal 0 0 -1
    outer loop
      vertex 289.826 141.205 0
      vertex 216 143.7 0
      vertex 289.806 141.352 0
    endloop
  endfacet
  facet normal -0 0 -1
    outer loop
      vertex 289.806 8.35183 0
      vertex 216 6.3 0
      vertex 289.8 8.5 0
    endloop
  endfacet
  facet normal -0 0 -1
    outer loop
      vertex 289.826 8.2048 0
      vertex 216 6.3 0
      vertex 289.806 8.35183 0
    endloop
  endfacet
  facet normal -0 0 -1
    outer loop
      vertex 289.858 8.06001 0
      vertex 216 6.3 0
      vertex 289.826 8.2048 0
    endloop
  endfacet
  facet normal -0 0 -1
    outer loop
      vertex 289.903 7.91857 0
      vertex 216 6.3 0
      vertex 289.858 8.06001 0
    endloop
  endfacet
  facet normal -0 0 -1
    outer loop
      vertex 289.959 7.78155 0
      vertex 216 6.3 0
      vertex 289.903 7.91857 0
    endloop
  endfacet
  facet normal -0 0 -1
    outer loop
      vertex 290.028 7.65 0
      vertex 216 6.3 0
      vertex 289.959 7.78155 0
    endloop
  endfacet
  facet normal -0 0 -1
    outer loop
      vertex 290.107 7.52492 0
      vertex 216 6.3 0
      vertex 290.028 7.65 0
    endloop
  endfacet
  facet normal -0 0 -1
    outer loop
      vertex 290.198 7.40726 0
      vertex 216 6.3 0
      vertex 290.107 7.52492 0
    endloop
  endfacet
  facet normal -0 0 -1
    outer loop
      vertex 290.298 7.29792 0
      vertex 216 6.3 0
      vertex 290.198 7.40726 0
    endloop
  endfacet
  facet normal -0 0 -1
    outer loop
      vertex 290.407 7.19772 0
      vertex 216 6.3 0
      vertex 290.298 7.29792 0
    endloop
  endfacet
  facet normal -0 0 -1
    outer loop
      vertex 290.525 7.10744 0
      vertex 216 6.3 0
      vertex 290.407 7.19772 0
    endloop
  endfacet
  facet normal -0 0 -1
    outer loop
      vertex 290.65 7.02776 0
      vertex 216 6.3 0
      vertex 290.525 7.10744 0
    endloop
  endfacet
  facet normal -0 0 -1
    outer loop
      vertex 290.782 6.95928 0
      vertex 216 6.3 0
      vertex 290.65 7.02776 0
    endloop
  endfacet
  facet normal -0 0 -1
    outer loop
      vertex 290.919 6.90252 0
      vertex 216 6.3 0
      vertex 290.782 6.95928 0
    endloop
  endfacet
  facet normal -0 0 -1
    outer loop
      vertex 291.06 6.85793 0
      vertex 216 6.3 0
      vertex 290.919 6.90252 0
    endloop
  endfacet
  facet normal 0 0 -1
    outer loop
      vertex 216 6.3 0
      vertex 291.06 6.85793 0
      vertex 293.4 6.3 0
    endloop
  endfacet
  facet normal 0 0 -1
    outer loop
      vertex 293.174 141.795 0
      vertex 293.7 143.4 0
      vertex 293.194 141.648 0
    endloop
  endfacet
  facet normal 0 0 -1
    outer loop
      vertex 293.142 141.94 0
      vertex 293.7 143.4 0
      vertex 293.174 141.795 0
    endloop
  endfacet
  facet normal 0 0 -1
    outer loop
      vertex 293.097 142.081 0
      vertex 293.7 143.4 0
      vertex 293.142 141.94 0
    endloop
  endfacet
  facet normal 0 0 -1
    outer loop
      vertex 293.041 142.218 0
      vertex 293.7 143.4 0
      vertex 293.097 142.081 0
    endloop
  endfacet
  facet normal 0 0 -1
    outer loop
      vertex 292.972 142.35 0
      vertex 293.7 143.4 0
      vertex 293.041 142.218 0
    endloop
  endfacet
  facet normal 0 0 -1
    outer loop
      vertex 292.893 142.475 0
      vertex 293.7 143.4 0
      vertex 292.972 142.35 0
    endloop
  endfacet
  facet normal 0 0 -1
    outer loop
      vertex 292.802 142.593 0
      vertex 293.7 143.4 0
      vertex 292.893 142.475 0
    endloop
  endfacet
  facet normal 0 0 -1
    outer loop
      vertex 292.702 142.702 0
      vertex 293.7 143.4 0
      vertex 292.802 142.593 0
    endloop
  endfacet
  facet normal -0 0 -1
    outer loop
      vertex 293.7 143.4 0
      vertex 292.702 142.702 0
      vertex 293.556 143.556 0
    endloop
  endfacet
  facet normal -0 0 -1
    outer loop
      vertex 293.556 143.556 0
      vertex 292.702 142.702 0
      vertex 293.4 143.7 0
    endloop
  endfacet
  facet normal 0 0 -1
    outer loop
      vertex 292.593 142.802 0
      vertex 293.4 143.7 0
      vertex 292.702 142.702 0
    endloop
  endfacet
  facet normal 0 0 -1
    outer loop
      vertex 292.475 142.893 0
      vertex 293.4 143.7 0
      vertex 292.593 142.802 0
    endloop
  endfacet
  facet normal 0 0 -1
    outer loop
      vertex 292.35 142.972 0
      vertex 293.4 143.7 0
      vertex 292.475 142.893 0
    endloop
  endfacet
  facet normal 0 0 -1
    outer loop
      vertex 292.218 143.041 0
      vertex 293.4 143.7 0
      vertex 292.35 142.972 0
    endloop
  endfacet
  facet normal 0 0 -1
    outer loop
      vertex 292.081 143.097 0
      vertex 293.4 143.7 0
      vertex 292.218 143.041 0
    endloop
  endfacet
  facet normal 0 0 -1
    outer loop
      vertex 291.94 143.142 0
      vertex 293.4 143.7 0
      vertex 292.081 143.097 0
    endloop
  endfacet
  facet normal 0 0 -1
    outer loop
      vertex 291.795 143.174 0
      vertex 293.4 143.7 0
      vertex 291.94 143.142 0
    endloop
  endfacet
  facet normal 0 0 -1
    outer loop
      vertex 291.648 143.194 0
      vertex 293.4 143.7 0
      vertex 291.795 143.174 0
    endloop
  endfacet
  facet normal 0 0 -1
    outer loop
      vertex 291.5 143.2 0
      vertex 293.4 143.7 0
      vertex 291.648 143.194 0
    endloop
  endfacet
  facet normal 0 0 -1
    outer loop
      vertex 291.352 143.194 0
      vertex 293.4 143.7 0
      vertex 291.5 143.2 0
    endloop
  endfacet
  facet normal 0 0 -1
    outer loop
      vertex 291.205 143.174 0
      vertex 293.4 143.7 0
      vertex 291.352 143.194 0
    endloop
  endfacet
  facet normal 0 0 -1
    outer loop
      vertex 291.06 143.142 0
      vertex 293.4 143.7 0
      vertex 291.205 143.174 0
    endloop
  endfacet
  facet normal 0 0 -1
    outer loop
      vertex 289.806 141.352 0
      vertex 216 143.7 0
      vertex 289.8 141.5 0
    endloop
  endfacet
  facet normal 0 0 -1
    outer loop
      vertex 289.8 141.5 0
      vertex 216 143.7 0
      vertex 289.806 141.648 0
    endloop
  endfacet
  facet normal 0 0 -1
    outer loop
      vertex 289.806 141.648 0
      vertex 216 143.7 0
      vertex 289.826 141.795 0
    endloop
  endfacet
  facet normal 0 0 -1
    outer loop
      vertex 289.826 141.795 0
      vertex 216 143.7 0
      vertex 289.858 141.94 0
    endloop
  endfacet
  facet normal 0 0 -1
    outer loop
      vertex 289.858 141.94 0
      vertex 216 143.7 0
      vertex 289.903 142.081 0
    endloop
  endfacet
  facet normal 0 0 -1
    outer loop
      vertex 289.903 142.081 0
      vertex 216 143.7 0
      vertex 289.959 142.218 0
    endloop
  endfacet
  facet normal 0 0 -1
    outer loop
      vertex 291.06 143.142 0
      vertex 216 143.7 0
      vertex 293.4 143.7 0
    endloop
  endfacet
  facet normal 0 0 -1
    outer loop
      vertex 290.919 143.097 0
      vertex 216 143.7 0
      vertex 291.06 143.142 0
    endloop
  endfacet
  facet normal 0 0 -1
    outer loop
      vertex 290.782 143.041 0
      vertex 216 143.7 0
      vertex 290.919 143.097 0
    endloop
  endfacet
  facet normal 0 0 -1
    outer loop
      vertex 290.65 142.972 0
      vertex 216 143.7 0
      vertex 290.782 143.041 0
    endloop
  endfacet
  facet normal 0 0 -1
    outer loop
      vertex 290.525 142.893 0
      vertex 216 143.7 0
      vertex 290.65 142.972 0
    endloop
  endfacet
  facet normal 0 0 -1
    outer loop
      vertex 290.407 142.802 0
      vertex 216 143.7 0
      vertex 290.525 142.893 0
    endloop
  endfacet
  facet normal 0 0 -1
    outer loop
      vertex 290.298 142.702 0
      vertex 216 143.7 0
      vertex 290.407 142.802 0
    endloop
  endfacet
  facet normal 0 0 -1
    outer loop
      vertex 290.198 142.593 0
      vertex 216 143.7 0
      vertex 290.298 142.702 0
    endloop
  endfacet
  facet normal 0 0 -1
    outer loop
      vertex 290.107 142.475 0
      vertex 216 143.7 0
      vertex 290.198 142.593 0
    endloop
  endfacet
  facet normal 0 0 -1
    outer loop
      vertex 290.028 142.35 0
      vertex 216 143.7 0
      vertex 290.107 142.475 0
    endloop
  endfacet
  facet normal 0 0 -1
    outer loop
      vertex 289.959 142.218 0
      vertex 216 143.7 0
      vertex 290.028 142.35 0
    endloop
  endfacet
  facet normal 0 0 -1
    outer loop
      vertex 295.7 4.3 -3
      vertex 293.7 6.3 -3
      vertex 295.7 145.7 -3
    endloop
  endfacet
  facet normal 0 0 -1
    outer loop
      vertex 216 4.3 -3
      vertex 293.7 6.3 -3
      vertex 295.7 4.3 -3
    endloop
  endfacet
  facet normal -0 0 -1
    outer loop
      vertex 293.7 6.3 -3
      vertex 216 4.3 -3
      vertex 216 6.3 -3
    endloop
  endfacet
  facet normal 0 0 -1
    outer loop
      vertex 293.7 143.7 -3
      vertex 295.7 145.7 -3
      vertex 293.7 6.3 -3
    endloop
  endfacet
  facet normal 0 0 -1
    outer loop
      vertex 216 145.7 -3
      vertex 293.7 143.7 -3
      vertex 216 143.7 -3
    endloop
  endfacet
  facet normal 0 0 -1
    outer loop
      vertex 293.7 143.7 -3
      vertex 216 145.7 -3
      vertex 295.7 145.7 -3
    endloop
  endfacet
  facet normal 0 1 -0
    outer loop
      vertex 295.7 145.7 -3
      vertex 291.037 145.7 0
      vertex 295.7 145.7 0
    endloop
  endfacet
  facet normal 0 1 0
    outer loop
      vertex 216 145.7 -3
      vertex 291.037 145.7 0
      vertex 295.7 145.7 -3
    endloop
  endfacet
  facet normal 0 1 0
    outer loop
      vertex 291.037 145.7 0
      vertex 216 145.7 -3
      vertex 216 145.7 0
    endloop
  endfacet
  facet normal 0 -1 0
    outer loop
      vertex 216 4.3 -3
      vertex 291.037 4.3 0
      vertex 216 4.3 0
    endloop
  endfacet
  facet normal 0 -1 0
    outer loop
      vertex 295.7 4.3 -3
      vertex 291.037 4.3 0
      vertex 216 4.3 -3
    endloop
  endfacet
  facet normal 0 -1 0
    outer loop
      vertex 291.037 4.3 0
      vertex 295.7 4.3 -3
      vertex 295.7 4.3 0
    endloop
  endfacet
  facet normal -1 0 0
    outer loop
      vertex 293.7 143.7 -3
      vertex 293.7 143.4 0
      vertex 293.7 143.7 0
    endloop
  endfacet
  facet normal -1 0 0
    outer loop
      vertex 293.7 143.7 -3
      vertex 293.7 6.60041 0
      vertex 293.7 143.4 0
    endloop
  endfacet
  facet normal -1 0 0
    outer loop
      vertex 293.7 6.3 -3
      vertex 293.7 6.60041 0
      vertex 293.7 143.7 -3
    endloop
  endfacet
  facet normal -1 -0 0
    outer loop
      vertex 293.7 6.60041 0
      vertex 293.7 6.3 -3
      vertex 293.7 6.3 0
    endloop
  endfacet
  facet normal 0 -1 0
    outer loop
      vertex 216 143.7 -3
      vertex 293.4 143.7 0
      vertex 216 143.7 0
    endloop
  endfacet
  facet normal 0 -1 0
    outer loop
      vertex 293.7 143.7 -3
      vertex 293.4 143.7 0
      vertex 216 143.7 -3
    endloop
  endfacet
  facet normal 0 -1 0
    outer loop
      vertex 293.4 143.7 0
      vertex 293.7 143.7 -3
      vertex 293.7 143.7 0
    endloop
  endfacet
  facet normal 0 1 -0
    outer loop
      vertex 293.7 6.3 -3
      vertex 293.4 6.3 0
      vertex 293.7 6.3 0
    endloop
  endfacet
  facet normal 0 1 0
    outer loop
      vertex 216 6.3 -3
      vertex 293.4 6.3 0
      vertex 293.7 6.3 -3
    endloop
  endfacet
  facet normal 0 1 0
    outer loop
      vertex 293.4 6.3 0
      vertex 216 6.3 -3
      vertex 216 6.3 0
    endloop
  endfacet
  facet normal 0.0436255 -0.999048 0
    outer loop
      vertex 278 0 0
      vertex 279.917 0.0837097 4
      vertex 278 0 4
    endloop
  endfacet
  facet normal 0.0436255 -0.999048 0
    outer loop
      vertex 279.917 0.0837097 4
      vertex 278 0 0
      vertex 279.917 0.0837097 0
    endloop
  endfacet
  facet normal 0 1 -0
    outer loop
      vertex 278 150 0
      vertex 216 150 4
      vertex 278 150 4
    endloop
  endfacet
  facet normal 0 1 0
    outer loop
      vertex 216 150 4
      vertex 278 150 0
      vertex 216 150 0
    endloop
  endfacet
  facet normal 0.0437765 0.999041 -0
    outer loop
      vertex 279.917 149.916 0
      vertex 278 150 4
      vertex 279.917 149.916 4
    endloop
  endfacet
  facet normal 0.0437765 0.999041 0
    outer loop
      vertex 278 150 4
      vertex 279.917 149.916 0
      vertex 278 150 0
    endloop
  endfacet
  facet normal 0 -1 0
    outer loop
      vertex 216 0 0
      vertex 278 0 4
      vertex 216 0 4
    endloop
  endfacet
  facet normal 0 -1 -0
    outer loop
      vertex 278 0 4
      vertex 216 0 0
      vertex 278 0 0
    endloop
  endfacet
  facet normal 0.382321 0.92403 -0
    outer loop
      vertex 287.298 147.939 0
      vertex 285.524 148.673 4
      vertex 287.298 147.939 4
    endloop
  endfacet
  facet normal 0.382321 0.92403 0
    outer loop
      vertex 285.524 148.673 4
      vertex 287.298 147.939 0
      vertex 285.524 148.673 0
    endloop
  endfacet
  facet normal 0.843254 0.537516 0
    outer loop
      vertex 297.053 139 4
      vertex 296.021 140.619 0
      vertex 296.021 140.619 4
    endloop
  endfacet
  facet normal 0.843254 0.537516 0
    outer loop
      vertex 296.021 140.619 0
      vertex 297.053 139 4
      vertex 297.053 139 0
    endloop
  endfacet
  facet normal 0.999042 -0.0437673 0
    outer loop
      vertex 299.916 20.0826 4
      vertex 300 22 0
      vertex 300 22 4
    endloop
  endfacet
  facet normal 0.999042 -0.0437673 0
    outer loop
      vertex 300 22 0
      vertex 299.916 20.0826 4
      vertex 299.916 20.0826 0
    endloop
  endfacet
  facet normal 0.461747 0.887012 -0
    outer loop
      vertex 289 147.053 0
      vertex 287.298 147.939 4
      vertex 289 147.053 4
    endloop
  endfacet
  facet normal 0.461747 0.887012 0
    outer loop
      vertex 287.298 147.939 4
      vertex 289 147.053 0
      vertex 287.298 147.939 0
    endloop
  endfacet
  facet normal 0.92403 0.382321 0
    outer loop
      vertex 298.673 135.524 4
      vertex 297.939 137.298 0
      vertex 297.939 137.298 4
    endloop
  endfacet
  facet normal 0.92403 0.382321 0
    outer loop
      vertex 297.939 137.298 0
      vertex 298.673 135.524 4
      vertex 298.673 135.524 0
    endloop
  endfacet
  facet normal 0.300707 0.953716 -0
    outer loop
      vertex 285.524 148.673 0
      vertex 283.694 149.25 4
      vertex 285.524 148.673 4
    endloop
  endfacet
  facet normal 0.300707 0.953716 0
    outer loop
      vertex 283.694 149.25 4
      vertex 285.524 148.673 0
      vertex 283.694 149.25 0
    endloop
  endfacet
  facet normal 0.461837 -0.886965 0
    outer loop
      vertex 287.298 2.06123 0
      vertex 289 2.94745 4
      vertex 287.298 2.06123 4
    endloop
  endfacet
  facet normal 0.461837 -0.886965 0
    outer loop
      vertex 289 2.94745 4
      vertex 287.298 2.06123 0
      vertex 289 2.94745 0
    endloop
  endfacet
  facet normal 0.608703 0.793398 0
    outer loop
      vertex 291.037 145.7 0
      vertex 292.141 144.853 4
      vertex 292.141 144.853 0
    endloop
  endfacet
  facet normal 0.608804 0.793321 -4.40444e-05
    outer loop
      vertex 292.141 144.853 4
      vertex 291.037 145.7 0
      vertex 290.619 146.021 4
    endloop
  endfacet
  facet normal 0.609069 0.793117 0
    outer loop
      vertex 290.619 146.021 4
      vertex 291.037 145.7 0
      vertex 290.619 146.021 0
    endloop
  endfacet
  facet normal 0.609486 -0.792797 0
    outer loop
      vertex 291.037 4.3 0
      vertex 290.619 3.97865 4
      vertex 290.619 3.97865 0
    endloop
  endfacet
  facet normal 0.608925 -0.793228 -9.32955e-05
    outer loop
      vertex 290.619 3.97865 4
      vertex 291.037 4.3 0
      vertex 292.141 5.14702 4
    endloop
  endfacet
  facet normal 0.608712 -0.793391 0
    outer loop
      vertex 292.141 5.14702 4
      vertex 291.037 4.3 0
      vertex 292.141 5.14702 0
    endloop
  endfacet
  facet normal 0.130252 0.991481 -0
    outer loop
      vertex 281.82 149.666 0
      vertex 279.917 149.916 4
      vertex 281.82 149.666 4
    endloop
  endfacet
  facet normal 0.130252 0.991481 0
    outer loop
      vertex 279.917 149.916 4
      vertex 281.82 149.666 0
      vertex 279.917 149.916 0
    endloop
  endfacet
  facet normal 0.953735 -0.300648 0
    outer loop
      vertex 298.673 14.4756 4
      vertex 299.25 16.306 0
      vertex 299.25 16.306 4
    endloop
  endfacet
  facet normal 0.953735 -0.300648 0
    outer loop
      vertex 299.25 16.306 0
      vertex 298.673 14.4756 4
      vertex 298.673 14.4756 0
    endloop
  endfacet
  facet normal 0.843206 -0.537591 0
    outer loop
      vertex 296.021 9.38132 4
      vertex 297.053 11 0
      vertex 297.053 11 4
    endloop
  endfacet
  facet normal 0.843206 -0.537591 0
    outer loop
      vertex 297.053 11 0
      vertex 296.021 9.38132 4
      vertex 296.021 9.38132 0
    endloop
  endfacet
  facet normal 0.21671 0.976236 -0
    outer loop
      vertex 283.694 149.25 0
      vertex 281.82 149.666 4
      vertex 283.694 149.25 4
    endloop
  endfacet
  facet normal 0.21671 0.976236 0
    outer loop
      vertex 281.82 149.666 4
      vertex 283.694 149.25 0
      vertex 281.82 149.666 0
    endloop
  endfacet
  facet normal 0.73732 -0.67551 -0.00676082
    outer loop
      vertex 294.462 7.43213 3.97637
      vertex 294.853 7.85867 4
      vertex 294.493 7.46573 4
    endloop
  endfacet
  facet normal 0.736929 -0.675931 0.00728309
    outer loop
      vertex 294.455 7.42444 3.97096
      vertex 294.853 7.85867 4
      vertex 294.462 7.43213 3.97637
    endloop
  endfacet
  facet normal 0.737803 -0.671939 -0.0643829
    outer loop
      vertex 294.447 7.41611 3.96622
      vertex 294.853 7.85867 4
      vertex 294.455 7.42444 3.97096
    endloop
  endfacet
  facet normal 0.736673 -0.676228 0.00539475
    outer loop
      vertex 294.261 7.21256 3.85036
      vertex 294.853 7.85867 4
      vertex 294.447 7.41611 3.96622
    endloop
  endfacet
  facet normal 0.737306 -0.675559 0
    outer loop
      vertex 294.853 7.85867 4
      vertex 294.261 7.21256 3.85036
      vertex 294.853 7.85867 0
    endloop
  endfacet
  facet normal 0.737371 -0.675488 2.17421e-05
    outer loop
      vertex 294.095 7.03135 3.77231
      vertex 294.853 7.85867 0
      vertex 294.261 7.21256 3.85036
    endloop
  endfacet
  facet normal 0.731822 -0.681491 -0.00240963
    outer loop
      vertex 294.077 7.01205 3.764
      vertex 294.853 7.85867 0
      vertex 294.095 7.03135 3.77231
    endloop
  endfacet
  facet normal 0.744934 -0.667129 0.00352377
    outer loop
      vertex 294.059 6.99192 3.75818
      vertex 294.853 7.85867 0
      vertex 294.077 7.01205 3.764
    endloop
  endfacet
  facet normal 0.735863 -0.67713 -0.000698918
    outer loop
      vertex 293.9 6.81918 3.70826
      vertex 294.853 7.85867 0
      vertex 294.059 6.99192 3.75818
    endloop
  endfacet
  facet normal 0.739074 -0.673624 -0.000120319
    outer loop
      vertex 293.7 6.60041 0
      vertex 293.9 6.81918 3.70826
      vertex 293.75 6.65461 3.68439
    endloop
  endfacet
  facet normal 0.73589 -0.677101 -2.59512e-05
    outer loop
      vertex 293.7 6.60041 0
      vertex 293.75 6.65461 3.68439
      vertex 293.728 6.6307 3.68092
    endloop
  endfacet
  facet normal 0.737272 -0.675596 9.31965e-05
    outer loop
      vertex 293.9 6.81918 3.70826
      vertex 293.7 6.60041 0
      vertex 294.853 7.85867 0
    endloop
  endfacet
  facet normal 0.735696 -0.677312 -2.27432e-05
    outer loop
      vertex 293.578 6.46777 3.68092
      vertex 293.7 6.60041 0
      vertex 293.728 6.6307 3.68092
    endloop
  endfacet
  facet normal 0.73883 -0.673892 0
    outer loop
      vertex 293.556 6.44365 0
      vertex 293.578 6.46777 3.68092
      vertex 293.556 6.44365 3.68092
    endloop
  endfacet
  facet normal 0.736444 -0.676499 3.13456e-05
    outer loop
      vertex 293.578 6.46777 3.68092
      vertex 293.556 6.44365 0
      vertex 293.7 6.60041 0
    endloop
  endfacet
  facet normal 0.793398 0.608703 0
    outer loop
      vertex 294.853 142.141 4
      vertex 295.7 141.037 0
      vertex 294.853 142.141 0
    endloop
  endfacet
  facet normal 0.793321 0.608804 -4.40444e-05
    outer loop
      vertex 296.021 140.619 4
      vertex 295.7 141.037 0
      vertex 294.853 142.141 4
    endloop
  endfacet
  facet normal 0.793117 0.609069 0
    outer loop
      vertex 295.7 141.037 0
      vertex 296.021 140.619 4
      vertex 296.021 140.619 0
    endloop
  endfacet
  facet normal 0.382526 -0.923945 0
    outer loop
      vertex 285.524 1.32677 0
      vertex 287.298 2.06123 4
      vertex 285.524 1.32677 4
    endloop
  endfacet
  facet normal 0.382526 -0.923945 0
    outer loop
      vertex 287.298 2.06123 4
      vertex 285.524 1.32677 0
      vertex 287.298 2.06123 0
    endloop
  endfacet
  facet normal 0.887056 -0.461661 0
    outer loop
      vertex 297.053 11 4
      vertex 297.939 12.7024 0
      vertex 297.939 12.7024 4
    endloop
  endfacet
  facet normal 0.887056 -0.461661 0
    outer loop
      vertex 297.939 12.7024 0
      vertex 297.053 11 4
      vertex 297.053 11 0
    endloop
  endfacet
  facet normal 0.130518 -0.991446 0
    outer loop
      vertex 279.917 0.0837097 0
      vertex 281.82 0.334229 4
      vertex 279.917 0.0837097 4
    endloop
  endfacet
  facet normal 0.130518 -0.991446 0
    outer loop
      vertex 281.82 0.334229 4
      vertex 279.917 0.0837097 0
      vertex 281.82 0.334229 0
    endloop
  endfacet
  facet normal 0.737154 0.675725 0
    outer loop
      vertex 293.578 143.532 3.68092
      vertex 293.556 143.556 0
      vertex 293.556 143.556 3.68092
    endloop
  endfacet
  facet normal 0.734803 0.67828 3.07115e-05
    outer loop
      vertex 293.578 143.532 3.68092
      vertex 293.7 143.4 0
      vertex 293.556 143.556 0
    endloop
  endfacet
  facet normal 0.735841 0.677154 0.000105472
    outer loop
      vertex 293.728 143.369 3.68092
      vertex 293.7 143.4 0
      vertex 293.578 143.532 3.68092
    endloop
  endfacet
  facet normal 0.737148 0.675731 8.35442e-05
    outer loop
      vertex 293.75 143.345 3.68439
      vertex 293.7 143.4 0
      vertex 293.728 143.369 3.68092
    endloop
  endfacet
  facet normal 0.737896 0.674914 6.11928e-05
    outer loop
      vertex 293.9 143.181 3.70826
      vertex 293.7 143.4 0
      vertex 293.75 143.345 3.68439
    endloop
  endfacet
  facet normal 0.736345 0.676606 -0.000521375
    outer loop
      vertex 294.853 142.141 0
      vertex 293.9 143.181 3.70826
      vertex 294.059 143.008 3.75818
    endloop
  endfacet
  facet normal 0.742924 0.66937 0.00253787
    outer loop
      vertex 294.853 142.141 0
      vertex 294.059 143.008 3.75818
      vertex 294.077 142.988 3.764
    endloop
  endfacet
  facet normal 0.726958 0.686666 -0.0046456
    outer loop
      vertex 294.853 142.141 0
      vertex 294.077 142.988 3.764
      vertex 294.095 142.969 3.77231
    endloop
  endfacet
  facet normal 0.73873 0.674001 0.000499577
    outer loop
      vertex 294.853 142.141 0
      vertex 294.095 142.969 3.77231
      vertex 294.261 142.787 3.85036
    endloop
  endfacet
  facet normal 0.737211 0.675663 0.000331564
    outer loop
      vertex 294.853 142.141 4
      vertex 294.261 142.787 3.85036
      vertex 294.447 142.584 3.96622
    endloop
  endfacet
  facet normal 0.73648 0.665883 -0.119152
    outer loop
      vertex 294.853 142.141 4
      vertex 294.447 142.584 3.96622
      vertex 294.455 142.576 3.97096
    endloop
  endfacet
  facet normal 0.735326 0.675998 0.048189
    outer loop
      vertex 294.853 142.141 4
      vertex 294.455 142.576 3.97096
      vertex 294.462 142.568 3.97637
    endloop
  endfacet
  facet normal 0.73738 0.675463 0.00452595
    outer loop
      vertex 294.853 142.141 4
      vertex 294.462 142.568 3.97637
      vertex 294.493 142.534 4
    endloop
  endfacet
  facet normal 0.737249 0.675621 0
    outer loop
      vertex 294.261 142.787 3.85036
      vertex 294.853 142.141 4
      vertex 294.853 142.141 0
    endloop
  endfacet
  facet normal 0.73747 0.67538 0.000111678
    outer loop
      vertex 293.9 143.181 3.70826
      vertex 294.853 142.141 0
      vertex 293.7 143.4 0
    endloop
  endfacet
  facet normal 0.887012 0.461747 0
    outer loop
      vertex 297.939 137.298 4
      vertex 297.053 139 0
      vertex 297.053 139 4
    endloop
  endfacet
  facet normal 0.887012 0.461747 0
    outer loop
      vertex 297.053 139 0
      vertex 297.939 137.298 4
      vertex 297.939 137.298 0
    endloop
  endfacet
  facet normal 0.300772 -0.953696 0
    outer loop
      vertex 283.694 0.749634 0
      vertex 285.524 1.32677 4
      vertex 283.694 0.749634 4
    endloop
  endfacet
  facet normal 0.300772 -0.953696 0
    outer loop
      vertex 285.524 1.32677 4
      vertex 283.694 0.749634 0
      vertex 285.524 1.32677 0
    endloop
  endfacet
  facet normal 0.537219 -0.843443 0
    outer loop
      vertex 289 2.94745 0
      vertex 290.619 3.97865 4
      vertex 289 2.94745 4
    endloop
  endfacet
  facet normal 0.537219 -0.843443 0
    outer loop
      vertex 290.619 3.97865 4
      vertex 289 2.94745 0
      vertex 290.619 3.97865 0
    endloop
  endfacet
  facet normal 0.976236 0.21671 0
    outer loop
      vertex 299.666 131.82 4
      vertex 299.25 133.694 0
      vertex 299.25 133.694 4
    endloop
  endfacet
  facet normal 0.976236 0.21671 0
    outer loop
      vertex 299.25 133.694 0
      vertex 299.666 131.82 4
      vertex 299.666 131.82 0
    endloop
  endfacet
  facet normal 0.953716 0.300707 0
    outer loop
      vertex 299.25 133.694 4
      vertex 298.673 135.524 0
      vertex 298.673 135.524 4
    endloop
  endfacet
  facet normal 0.953716 0.300707 0
    outer loop
      vertex 298.673 135.524 0
      vertex 299.25 133.694 4
      vertex 299.25 133.694 0
    endloop
  endfacet
  facet normal 0.793673 -0.608345 0
    outer loop
      vertex 296.021 9.38132 4
      vertex 295.7 8.96253 0
      vertex 296.021 9.38132 0
    endloop
  endfacet
  facet normal 0.793447 -0.60864 4.89921e-05
    outer loop
      vertex 294.853 7.85867 4
      vertex 295.7 8.96253 0
      vertex 296.021 9.38132 4
    endloop
  endfacet
  facet normal 0.793361 -0.608752 0
    outer loop
      vertex 295.7 8.96253 0
      vertex 294.853 7.85867 4
      vertex 294.853 7.85867 0
    endloop
  endfacet
  facet normal 0.537516 0.843254 -0
    outer loop
      vertex 290.619 146.021 0
      vertex 289 147.053 4
      vertex 290.619 146.021 4
    endloop
  endfacet
  facet normal 0.537516 0.843254 0
    outer loop
      vertex 289 147.053 4
      vertex 290.619 146.021 0
      vertex 289 147.053 0
    endloop
  endfacet
  facet normal 0.991481 0.130252 0
    outer loop
      vertex 299.916 129.917 4
      vertex 299.666 131.82 0
      vertex 299.666 131.82 4
    endloop
  endfacet
  facet normal 0.991481 0.130252 0
    outer loop
      vertex 299.666 131.82 0
      vertex 299.916 129.917 4
      vertex 299.916 129.917 0
    endloop
  endfacet
  facet normal 0.99148 -0.130259 0
    outer loop
      vertex 299.666 18.1797 4
      vertex 299.916 20.0826 0
      vertex 299.916 20.0826 4
    endloop
  endfacet
  facet normal 0.99148 -0.130259 0
    outer loop
      vertex 299.916 20.0826 0
      vertex 299.666 18.1797 4
      vertex 299.666 18.1797 0
    endloop
  endfacet
  facet normal 0.976229 -0.216743 0
    outer loop
      vertex 299.25 16.306 4
      vertex 299.666 18.1797 0
      vertex 299.666 18.1797 4
    endloop
  endfacet
  facet normal 0.976229 -0.216743 0
    outer loop
      vertex 299.666 18.1797 0
      vertex 299.25 16.306 4
      vertex 299.25 16.306 0
    endloop
  endfacet
  facet normal 0.216414 -0.976302 0
    outer loop
      vertex 281.82 0.334229 0
      vertex 283.694 0.749634 4
      vertex 281.82 0.334229 4
    endloop
  endfacet
  facet normal 0.216414 -0.976302 0
    outer loop
      vertex 283.694 0.749634 4
      vertex 281.82 0.334229 0
      vertex 283.694 0.749634 0
    endloop
  endfacet
  facet normal 0.675463 0.73738 0.00452595
    outer loop
      vertex 292.568 144.462 3.97637
      vertex 292.141 144.853 4
      vertex 292.534 144.493 4
    endloop
  endfacet
  facet normal 0.675998 0.735326 0.048189
    outer loop
      vertex 292.576 144.455 3.97096
      vertex 292.141 144.853 4
      vertex 292.568 144.462 3.97637
    endloop
  endfacet
  facet normal 0.665883 0.73648 -0.119152
    outer loop
      vertex 292.584 144.447 3.96622
      vertex 292.141 144.853 4
      vertex 292.576 144.455 3.97096
    endloop
  endfacet
  facet normal 0.675663 0.737211 0.000331564
    outer loop
      vertex 292.787 144.261 3.85036
      vertex 292.141 144.853 4
      vertex 292.584 144.447 3.96622
    endloop
  endfacet
  facet normal 0.674001 0.73873 0.000499577
    outer loop
      vertex 292.141 144.853 0
      vertex 292.787 144.261 3.85036
      vertex 292.969 144.095 3.77231
    endloop
  endfacet
  facet normal 0.686666 0.726958 -0.0046456
    outer loop
      vertex 292.141 144.853 0
      vertex 292.969 144.095 3.77231
      vertex 292.988 144.077 3.764
    endloop
  endfacet
  facet normal 0.66937 0.742924 0.00253787
    outer loop
      vertex 292.141 144.853 0
      vertex 292.988 144.077 3.764
      vertex 293.008 144.059 3.75818
    endloop
  endfacet
  facet normal 0.676606 0.736345 -0.000521375
    outer loop
      vertex 292.141 144.853 0
      vertex 293.008 144.059 3.75818
      vertex 293.181 143.9 3.70826
    endloop
  endfacet
  facet normal 0.675731 0.737148 8.35442e-05
    outer loop
      vertex 293.4 143.7 0
      vertex 293.345 143.75 3.68439
      vertex 293.369 143.728 3.68092
    endloop
  endfacet
  facet normal 0.675725 0.737154 -0
    outer loop
      vertex 293.556 143.556 0
      vertex 293.532 143.578 3.68092
      vertex 293.556 143.556 3.68092
    endloop
  endfacet
  facet normal 0.67828 0.734803 3.07115e-05
    outer loop
      vertex 293.4 143.7 0
      vertex 293.532 143.578 3.68092
      vertex 293.556 143.556 0
    endloop
  endfacet
  facet normal 0.677154 0.735841 0.000105472
    outer loop
      vertex 293.532 143.578 3.68092
      vertex 293.4 143.7 0
      vertex 293.369 143.728 3.68092
    endloop
  endfacet
  facet normal 0.674914 0.737896 6.11928e-05
    outer loop
      vertex 293.345 143.75 3.68439
      vertex 293.4 143.7 0
      vertex 293.181 143.9 3.70826
    endloop
  endfacet
  facet normal 0.67538 0.73747 0.000111678
    outer loop
      vertex 292.141 144.853 0
      vertex 293.181 143.9 3.70826
      vertex 293.4 143.7 0
    endloop
  endfacet
  facet normal 0.675621 0.737249 0
    outer loop
      vertex 292.787 144.261 3.85036
      vertex 292.141 144.853 0
      vertex 292.141 144.853 4
    endloop
  endfacet
  facet normal 0.923969 -0.382468 0
    outer loop
      vertex 297.939 12.7024 4
      vertex 298.673 14.4756 0
      vertex 298.673 14.4756 4
    endloop
  endfacet
  facet normal 0.923969 -0.382468 0
    outer loop
      vertex 298.673 14.4756 0
      vertex 297.939 12.7024 4
      vertex 297.939 12.7024 0
    endloop
  endfacet
  facet normal 1 -0 0
    outer loop
      vertex 300 22 4
      vertex 300 128 0
      vertex 300 128 4
    endloop
  endfacet
  facet normal 1 0 0
    outer loop
      vertex 300 128 0
      vertex 300 22 4
      vertex 300 22 0
    endloop
  endfacet
  facet normal 0.999041 0.0437765 0
    outer loop
      vertex 300 128 4
      vertex 299.916 129.917 0
      vertex 299.916 129.917 4
    endloop
  endfacet
  facet normal 0.999041 0.0437765 0
    outer loop
      vertex 299.916 129.917 0
      vertex 300 128 4
      vertex 300 128 0
    endloop
  endfacet
  facet normal 0.675488 -0.737285 0.0112396
    outer loop
      vertex 292.141 5.14702 4
      vertex 292.568 5.53787 3.97637
      vertex 292.534 5.50708 4
    endloop
  endfacet
  facet normal 0.675857 -0.735925 0.0404042
    outer loop
      vertex 292.141 5.14702 4
      vertex 292.576 5.54492 3.97096
      vertex 292.568 5.53787 3.97637
    endloop
  endfacet
  facet normal 0.671929 -0.738582 -0.0548412
    outer loop
      vertex 292.141 5.14702 4
      vertex 292.584 5.55255 3.96622
      vertex 292.576 5.54492 3.97096
    endloop
  endfacet
  facet normal 0.675005 -0.737796 -0.00507315
    outer loop
      vertex 292.141 5.14702 4
      vertex 292.787 5.73907 3.85036
      vertex 292.584 5.55255 3.96622
    endloop
  endfacet
  facet normal 0.675652 -0.73722 0
    outer loop
      vertex 292.141 5.14702 0
      vertex 292.787 5.73907 3.85036
      vertex 292.141 5.14702 4
    endloop
  endfacet
  facet normal 0.674107 -0.738634 0.000476699
    outer loop
      vertex 292.787 5.73907 3.85036
      vertex 292.141 5.14702 0
      vertex 292.969 5.90512 3.77231
    endloop
  endfacet
  facet normal 0.680703 -0.732556 -0.00219278
    outer loop
      vertex 292.969 5.90512 3.77231
      vertex 292.141 5.14702 0
      vertex 292.988 5.9228 3.764
    endloop
  endfacet
  facet normal 0.67789 -0.735163 -0.00102241
    outer loop
      vertex 292.988 5.9228 3.764
      vertex 292.141 5.14702 0
      vertex 293.008 5.94125 3.75818
    endloop
  endfacet
  facet normal 0.676852 -0.736119 0.00018017
    outer loop
      vertex 293.4 6.3 0
      vertex 293.345 6.25033 3.68439
      vertex 293.181 6.09954 3.70826
    endloop
  endfacet
  facet normal 0.675072 -0.737752 0.000174861
    outer loop
      vertex 293.008 5.94125 3.75818
      vertex 292.141 5.14702 0
      vertex 293.181 6.09954 3.70826
    endloop
  endfacet
  facet normal 0.675373 -0.737476 1.95051e-05
    outer loop
      vertex 293.4 6.3 0
      vertex 293.181 6.09954 3.70826
      vertex 292.141 5.14702 0
    endloop
  endfacet
  facet normal 0.674395 -0.738371 0.000113139
    outer loop
      vertex 293.345 6.25033 3.68439
      vertex 293.4 6.3 0
      vertex 293.369 6.27225 3.68092
    endloop
  endfacet
  facet normal 0.675438 -0.737417 0.000129112
    outer loop
      vertex 293.369 6.27225 3.68092
      vertex 293.4 6.3 0
      vertex 293.532 6.42155 3.68092
    endloop
  endfacet
  facet normal 0.677388 -0.735625 0
    outer loop
      vertex 293.556 6.44365 0
      vertex 293.532 6.42155 3.68092
      vertex 293.4 6.3 0
    endloop
  endfacet
  facet normal 0.677388 -0.735625 0
    outer loop
      vertex 293.532 6.42155 3.68092
      vertex 293.556 6.44365 0
      vertex 293.556 6.44365 3.68092
    endloop
  endfacet
  facet normal 0 0 1
    outer loop
      vertex 292.141 144.853 4
      vertex 292.32 144.56 4
      vertex 292.534 144.493 4
    endloop
  endfacet
  facet normal 0 0 1
    outer loop
      vertex 292.141 144.853 4
      vertex 292.058 144.619 4
      vertex 292.32 144.56 4
    endloop
  endfacet
  facet normal 0 0 1
    outer loop
      vertex 292.141 144.853 4
      vertex 292.05 144.62 4
      vertex 292.058 144.619 4
    endloop
  endfacet
  facet normal 0 0 1
    outer loop
      vertex 292.141 144.853 4
      vertex 291.784 144.655 4
      vertex 292.05 144.62 4
    endloop
  endfacet
  facet normal 0 0 1
    outer loop
      vertex 292.141 144.853 4
      vertex 291.776 144.656 4
      vertex 291.784 144.655 4
    endloop
  endfacet
  facet normal 0 0 1
    outer loop
      vertex 292.141 144.853 4
      vertex 291.768 144.657 4
      vertex 291.776 144.656 4
    endloop
  endfacet
  facet normal 0 0 1
    outer loop
      vertex 292.141 144.853 4
      vertex 291.5 144.668 4
      vertex 291.768 144.657 4
    endloop
  endfacet
  facet normal 0 0 1
    outer loop
      vertex 290.619 146.021 4
      vertex 291.5 144.668 4
      vertex 292.141 144.853 4
    endloop
  endfacet
  facet normal 0 0 1
    outer loop
      vertex 291.5 144.668 4
      vertex 290.619 146.021 4
      vertex 291.232 144.657 4
    endloop
  endfacet
  facet normal 0 0 1
    outer loop
      vertex 291.232 144.657 4
      vertex 290.619 146.021 4
      vertex 291.224 144.656 4
    endloop
  endfacet
  facet normal 0 0 1
    outer loop
      vertex 291.224 144.656 4
      vertex 290.619 146.021 4
      vertex 291.216 144.655 4
    endloop
  endfacet
  facet normal 0 0 1
    outer loop
      vertex 290.619 146.021 4
      vertex 290.942 144.619 4
      vertex 290.95 144.62 4
    endloop
  endfacet
  facet normal 0 0 1
    outer loop
      vertex 291.216 144.655 4
      vertex 290.619 146.021 4
      vertex 290.95 144.62 4
    endloop
  endfacet
  facet normal 0 0 1
    outer loop
      vertex 290.942 144.619 4
      vertex 290.619 146.021 4
      vertex 290.68 144.56 4
    endloop
  endfacet
  facet normal 0 0 1
    outer loop
      vertex 290.619 146.021 4
      vertex 290.424 144.48 4
      vertex 290.68 144.56 4
    endloop
  endfacet
  facet normal 0 0 1
    outer loop
      vertex 290.619 146.021 4
      vertex 290.416 144.477 4
      vertex 290.424 144.48 4
    endloop
  endfacet
  facet normal 0 0 1
    outer loop
      vertex 290.619 146.021 4
      vertex 290.409 144.474 4
      vertex 290.416 144.477 4
    endloop
  endfacet
  facet normal 0 0 1
    outer loop
      vertex 290.619 146.021 4
      vertex 290.161 144.372 4
      vertex 290.409 144.474 4
    endloop
  endfacet
  facet normal 0 0 1
    outer loop
      vertex 290.619 146.021 4
      vertex 289.923 144.248 4
      vertex 290.161 144.372 4
    endloop
  endfacet
  facet normal 0 0 1
    outer loop
      vertex 290.619 146.021 4
      vertex 289.916 144.244 4
      vertex 289.923 144.248 4
    endloop
  endfacet
  facet normal 0 0 1
    outer loop
      vertex 289 147.053 4
      vertex 289.916 144.244 4
      vertex 290.619 146.021 4
    endloop
  endfacet
  facet normal 0 0 1
    outer loop
      vertex 289.916 144.244 4
      vertex 289 147.053 4
      vertex 289.909 144.24 4
    endloop
  endfacet
  facet normal 0 0 1
    outer loop
      vertex 289.909 144.24 4
      vertex 289 147.053 4
      vertex 289.683 144.095 4
    endloop
  endfacet
  facet normal 0 0 1
    outer loop
      vertex 289.683 144.095 4
      vertex 289 147.053 4
      vertex 289.47 143.932 4
    endloop
  endfacet
  facet normal 0 0 1
    outer loop
      vertex 289.47 143.932 4
      vertex 289 147.053 4
      vertex 289.463 143.927 4
    endloop
  endfacet
  facet normal 0 0 1
    outer loop
      vertex 289.463 143.927 4
      vertex 289 147.053 4
      vertex 289.265 143.746 4
    endloop
  endfacet
  facet normal 0 0 1
    outer loop
      vertex 289.265 143.746 4
      vertex 289 147.053 4
      vertex 289.26 143.74 4
    endloop
  endfacet
  facet normal 0 0 1
    outer loop
      vertex 289.26 143.74 4
      vertex 289 147.053 4
      vertex 289.254 143.735 4
    endloop
  endfacet
  facet normal 0 0 1
    outer loop
      vertex 289.254 143.735 4
      vertex 289 147.053 4
      vertex 289.073 143.537 4
    endloop
  endfacet
  facet normal 0 0 1
    outer loop
      vertex 287.298 147.939 4
      vertex 289.073 143.537 4
      vertex 289 147.053 4
    endloop
  endfacet
  facet normal 0 0 1
    outer loop
      vertex 289.073 143.537 4
      vertex 287.298 147.939 4
      vertex 289.068 143.53 4
    endloop
  endfacet
  facet normal 0 0 1
    outer loop
      vertex 289.068 143.53 4
      vertex 287.298 147.939 4
      vertex 288.905 143.317 4
    endloop
  endfacet
  facet normal 0 0 1
    outer loop
      vertex 288.905 143.317 4
      vertex 287.298 147.939 4
      vertex 288.76 143.091 4
    endloop
  endfacet
  facet normal 0 0 1
    outer loop
      vertex 288.76 143.091 4
      vertex 287.298 147.939 4
      vertex 288.756 143.084 4
    endloop
  endfacet
  facet normal 0 0 1
    outer loop
      vertex 288.756 143.084 4
      vertex 287.298 147.939 4
      vertex 288.752 143.077 4
    endloop
  endfacet
  facet normal 0 0 1
    outer loop
      vertex 288.752 143.077 4
      vertex 287.298 147.939 4
      vertex 288.628 142.839 4
    endloop
  endfacet
  facet normal 0 0 1
    outer loop
      vertex 285.524 148.673 4
      vertex 288.628 142.839 4
      vertex 287.298 147.939 4
    endloop
  endfacet
  facet normal 0 0 1
    outer loop
      vertex 288.628 142.839 4
      vertex 285.524 148.673 4
      vertex 288.526 142.591 4
    endloop
  endfacet
  facet normal 0 0 1
    outer loop
      vertex 288.526 142.591 4
      vertex 285.524 148.673 4
      vertex 288.523 142.584 4
    endloop
  endfacet
  facet normal 0 0 1
    outer loop
      vertex 288.523 142.584 4
      vertex 285.524 148.673 4
      vertex 288.52 142.576 4
    endloop
  endfacet
  facet normal 0 0 1
    outer loop
      vertex 288.52 142.576 4
      vertex 285.524 148.673 4
      vertex 288.44 142.32 4
    endloop
  endfacet
  facet normal 0 0 1
    outer loop
      vertex 283.694 149.25 4
      vertex 288.44 142.32 4
      vertex 285.524 148.673 4
    endloop
  endfacet
  facet normal 0 0 1
    outer loop
      vertex 288.44 142.32 4
      vertex 283.694 149.25 4
      vertex 288.381 142.058 4
    endloop
  endfacet
  facet normal 0 0 1
    outer loop
      vertex 278 150 4
      vertex 288.343 141.768 4
      vertex 288.344 141.776 4
    endloop
  endfacet
  facet normal 0 0 1
    outer loop
      vertex 288.381 9.05781 4
      vertex 278 0 4
      vertex 288.38 9.05019 4
    endloop
  endfacet
  facet normal 0 0 1
    outer loop
      vertex 288.345 141.784 4
      vertex 278 150 4
      vertex 288.344 141.776 4
    endloop
  endfacet
  facet normal 0 0 1
    outer loop
      vertex 288.381 142.058 4
      vertex 283.694 149.25 4
      vertex 288.38 142.05 4
    endloop
  endfacet
  facet normal 0 0 1
    outer loop
      vertex 294.372 140.161 4
      vertex 296.021 140.619 4
      vertex 294.474 140.409 4
    endloop
  endfacet
  facet normal 0 0 1
    outer loop
      vertex 300 22 4
      vertex 294.657 8.76835 4
      vertex 294.668 8.5 4
    endloop
  endfacet
  facet normal 0 0 1
    outer loop
      vertex 294.248 139.923 4
      vertex 296.021 140.619 4
      vertex 294.372 140.161 4
    endloop
  endfacet
  facet normal 0 0 1
    outer loop
      vertex 300 22 4
      vertex 294.656 8.77615 4
      vertex 294.657 8.76835 4
    endloop
  endfacet
  facet normal 0 0 1
    outer loop
      vertex 294.244 139.916 4
      vertex 296.021 140.619 4
      vertex 294.248 139.923 4
    endloop
  endfacet
  facet normal 0 0 1
    outer loop
      vertex 300 22 4
      vertex 294.655 8.78388 4
      vertex 294.656 8.77615 4
    endloop
  endfacet
  facet normal 0 0 1
    outer loop
      vertex 296.021 140.619 4
      vertex 294.244 139.916 4
      vertex 297.053 139 4
    endloop
  endfacet
  facet normal 0 0 1
    outer loop
      vertex 300 22 4
      vertex 294.62 9.05019 4
      vertex 294.655 8.78388 4
    endloop
  endfacet
  facet normal -0 0 1
    outer loop
      vertex 294.24 139.909 4
      vertex 297.053 139 4
      vertex 294.244 139.916 4
    endloop
  endfacet
  facet normal 0 0 1
    outer loop
      vertex 300 22 4
      vertex 294.619 9.05781 4
      vertex 294.62 9.05019 4
    endloop
  endfacet
  facet normal -0 0 1
    outer loop
      vertex 294.095 139.683 4
      vertex 297.053 139 4
      vertex 294.24 139.909 4
    endloop
  endfacet
  facet normal 0 0 1
    outer loop
      vertex 300 22 4
      vertex 294.56 9.32005 4
      vertex 294.619 9.05781 4
    endloop
  endfacet
  facet normal -0 0 1
    outer loop
      vertex 293.932 139.47 4
      vertex 297.053 139 4
      vertex 294.095 139.683 4
    endloop
  endfacet
  facet normal 0 0 1
    outer loop
      vertex 300 22 4
      vertex 294.48 9.57622 4
      vertex 294.56 9.32005 4
    endloop
  endfacet
  facet normal -0 0 1
    outer loop
      vertex 293.927 139.463 4
      vertex 297.053 139 4
      vertex 293.932 139.47 4
    endloop
  endfacet
  facet normal 0 0 1
    outer loop
      vertex 300 22 4
      vertex 294.477 9.58366 4
      vertex 294.48 9.57622 4
    endloop
  endfacet
  facet normal -0 0 1
    outer loop
      vertex 293.746 139.265 4
      vertex 297.053 139 4
      vertex 293.927 139.463 4
    endloop
  endfacet
  facet normal 0 0 1
    outer loop
      vertex 300 22 4
      vertex 294.474 9.59087 4
      vertex 294.477 9.58366 4
    endloop
  endfacet
  facet normal -0 0 1
    outer loop
      vertex 293.74 139.26 4
      vertex 297.053 139 4
      vertex 293.746 139.265 4
    endloop
  endfacet
  facet normal 0 0 1
    outer loop
      vertex 300 22 4
      vertex 294.372 9.83903 4
      vertex 294.474 9.59087 4
    endloop
  endfacet
  facet normal -0 0 1
    outer loop
      vertex 293.735 139.254 4
      vertex 297.053 139 4
      vertex 293.74 139.26 4
    endloop
  endfacet
  facet normal 0 0 1
    outer loop
      vertex 300 22 4
      vertex 294.248 10.0773 4
      vertex 294.372 9.83903 4
    endloop
  endfacet
  facet normal -0 0 1
    outer loop
      vertex 293.537 139.073 4
      vertex 297.053 139 4
      vertex 293.735 139.254 4
    endloop
  endfacet
  facet normal 0 0 1
    outer loop
      vertex 300 22 4
      vertex 294.244 10.0842 4
      vertex 294.248 10.0773 4
    endloop
  endfacet
  facet normal 0 0 1
    outer loop
      vertex 297.053 139 4
      vertex 293.537 139.073 4
      vertex 297.939 137.298 4
    endloop
  endfacet
  facet normal 0 0 1
    outer loop
      vertex 300 22 4
      vertex 294.24 10.0908 4
      vertex 294.244 10.0842 4
    endloop
  endfacet
  facet normal -0 0 1
    outer loop
      vertex 293.53 139.068 4
      vertex 297.939 137.298 4
      vertex 293.537 139.073 4
    endloop
  endfacet
  facet normal 0 0 1
    outer loop
      vertex 300 22 4
      vertex 294.095 10.3173 4
      vertex 294.24 10.0908 4
    endloop
  endfacet
  facet normal -0 0 1
    outer loop
      vertex 293.317 138.905 4
      vertex 297.939 137.298 4
      vertex 293.53 139.068 4
    endloop
  endfacet
  facet normal 0 0 1
    outer loop
      vertex 300 22 4
      vertex 293.932 10.5304 4
      vertex 294.095 10.3173 4
    endloop
  endfacet
  facet normal -0 0 1
    outer loop
      vertex 293.091 138.76 4
      vertex 297.939 137.298 4
      vertex 293.317 138.905 4
    endloop
  endfacet
  facet normal 0 0 1
    outer loop
      vertex 300 22 4
      vertex 293.927 10.5366 4
      vertex 293.932 10.5304 4
    endloop
  endfacet
  facet normal -0 0 1
    outer loop
      vertex 293.084 138.756 4
      vertex 297.939 137.298 4
      vertex 293.091 138.76 4
    endloop
  endfacet
  facet normal 0 0 1
    outer loop
      vertex 300 22 4
      vertex 293.746 10.7347 4
      vertex 293.927 10.5366 4
    endloop
  endfacet
  facet normal -0 0 1
    outer loop
      vertex 293.077 138.752 4
      vertex 297.939 137.298 4
      vertex 293.084 138.756 4
    endloop
  endfacet
  facet normal 0 0 1
    outer loop
      vertex 300 22 4
      vertex 293.74 10.7404 4
      vertex 293.746 10.7347 4
    endloop
  endfacet
  facet normal -0 0 1
    outer loop
      vertex 292.839 138.628 4
      vertex 297.939 137.298 4
      vertex 293.077 138.752 4
    endloop
  endfacet
  facet normal 0 0 1
    outer loop
      vertex 300 22 4
      vertex 293.735 10.7457 4
      vertex 293.74 10.7404 4
    endloop
  endfacet
  facet normal 0 0 1
    outer loop
      vertex 297.939 137.298 4
      vertex 292.839 138.628 4
      vertex 298.673 135.524 4
    endloop
  endfacet
  facet normal 0 0 1
    outer loop
      vertex 300 22 4
      vertex 293.537 10.9272 4
      vertex 293.735 10.7457 4
    endloop
  endfacet
  facet normal -0 0 1
    outer loop
      vertex 292.591 138.526 4
      vertex 298.673 135.524 4
      vertex 292.839 138.628 4
    endloop
  endfacet
  facet normal 0 0 1
    outer loop
      vertex 300 22 4
      vertex 293.53 10.9319 4
      vertex 293.537 10.9272 4
    endloop
  endfacet
  facet normal -0 0 1
    outer loop
      vertex 292.584 138.523 4
      vertex 298.673 135.524 4
      vertex 292.591 138.526 4
    endloop
  endfacet
  facet normal 0 0 1
    outer loop
      vertex 300 22 4
      vertex 293.317 11.0954 4
      vertex 293.53 10.9319 4
    endloop
  endfacet
  facet normal -0 0 1
    outer loop
      vertex 292.576 138.52 4
      vertex 298.673 135.524 4
      vertex 292.584 138.523 4
    endloop
  endfacet
  facet normal 0 0 1
    outer loop
      vertex 300 22 4
      vertex 293.091 11.2397 4
      vertex 293.317 11.0954 4
    endloop
  endfacet
  facet normal -0 0 1
    outer loop
      vertex 292.32 138.44 4
      vertex 298.673 135.524 4
      vertex 292.576 138.52 4
    endloop
  endfacet
  facet normal 0 0 1
    outer loop
      vertex 300 22 4
      vertex 293.084 11.2439 4
      vertex 293.091 11.2397 4
    endloop
  endfacet
  facet normal 0 0 1
    outer loop
      vertex 298.673 135.524 4
      vertex 292.32 138.44 4
      vertex 299.25 133.694 4
    endloop
  endfacet
  facet normal 0 0 1
    outer loop
      vertex 300 22 4
      vertex 293.077 11.2475 4
      vertex 293.084 11.2439 4
    endloop
  endfacet
  facet normal -0 0 1
    outer loop
      vertex 292.058 138.381 4
      vertex 299.25 133.694 4
      vertex 292.32 138.44 4
    endloop
  endfacet
  facet normal 0 0 1
    outer loop
      vertex 300 22 4
      vertex 292.839 11.3716 4
      vertex 293.077 11.2475 4
    endloop
  endfacet
  facet normal -0 0 1
    outer loop
      vertex 292.05 138.38 4
      vertex 299.25 133.694 4
      vertex 292.058 138.381 4
    endloop
  endfacet
  facet normal 0 0 1
    outer loop
      vertex 300 22 4
      vertex 292.591 11.4744 4
      vertex 292.839 11.3716 4
    endloop
  endfacet
  facet normal -0 0 1
    outer loop
      vertex 291.784 138.345 4
      vertex 299.25 133.694 4
      vertex 292.05 138.38 4
    endloop
  endfacet
  facet normal 0 0 1
    outer loop
      vertex 300 22 4
      vertex 292.584 11.4773 4
      vertex 292.591 11.4744 4
    endloop
  endfacet
  facet normal -0 0 1
    outer loop
      vertex 291.776 138.344 4
      vertex 299.25 133.694 4
      vertex 291.784 138.345 4
    endloop
  endfacet
  facet normal 0 0 1
    outer loop
      vertex 300 22 4
      vertex 292.576 11.4797 4
      vertex 292.584 11.4773 4
    endloop
  endfacet
  facet normal 0 0 1
    outer loop
      vertex 299.25 133.694 4
      vertex 291.776 138.344 4
      vertex 299.666 131.82 4
    endloop
  endfacet
  facet normal 0 0 1
    outer loop
      vertex 300 22 4
      vertex 292.32 11.5605 4
      vertex 292.576 11.4797 4
    endloop
  endfacet
  facet normal -0 0 1
    outer loop
      vertex 291.768 138.343 4
      vertex 299.666 131.82 4
      vertex 291.776 138.344 4
    endloop
  endfacet
  facet normal 0 0 1
    outer loop
      vertex 300 22 4
      vertex 292.058 11.6186 4
      vertex 292.32 11.5605 4
    endloop
  endfacet
  facet normal -0 0 1
    outer loop
      vertex 291.5 138.332 4
      vertex 299.666 131.82 4
      vertex 291.768 138.343 4
    endloop
  endfacet
  facet normal 0 0 1
    outer loop
      vertex 300 22 4
      vertex 292.05 11.6203 4
      vertex 292.058 11.6186 4
    endloop
  endfacet
  facet normal 0 0 1
    outer loop
      vertex 299.666 131.82 4
      vertex 291.5 138.332 4
      vertex 299.916 129.917 4
    endloop
  endfacet
  facet normal 0 0 1
    outer loop
      vertex 300 22 4
      vertex 291.784 11.6553 4
      vertex 292.05 11.6203 4
    endloop
  endfacet
  facet normal 0 0 1
    outer loop
      vertex 291.232 138.343 4
      vertex 299.916 129.917 4
      vertex 291.5 138.332 4
    endloop
  endfacet
  facet normal 0 0 1
    outer loop
      vertex 300 22 4
      vertex 291.776 11.6564 4
      vertex 291.784 11.6553 4
    endloop
  endfacet
  facet normal 0 0 1
    outer loop
      vertex 291.224 138.344 4
      vertex 299.916 129.917 4
      vertex 291.232 138.343 4
    endloop
  endfacet
  facet normal 0 0 1
    outer loop
      vertex 300 22 4
      vertex 291.768 11.6567 4
      vertex 291.776 11.6564 4
    endloop
  endfacet
  facet normal 0 0 1
    outer loop
      vertex 299.916 129.917 4
      vertex 291.224 138.344 4
      vertex 300 128 4
    endloop
  endfacet
  facet normal 0 0 1
    outer loop
      vertex 300 22 4
      vertex 291.5 11.6684 4
      vertex 291.768 11.6567 4
    endloop
  endfacet
  facet normal 0 0 1
    outer loop
      vertex 291.216 138.345 4
      vertex 300 128 4
      vertex 291.224 138.344 4
    endloop
  endfacet
  facet normal 0 0 1
    outer loop
      vertex 300 22 4
      vertex 291.232 11.6567 4
      vertex 291.5 11.6684 4
    endloop
  endfacet
  facet normal 0 0 1
    outer loop
      vertex 290.95 138.38 4
      vertex 300 128 4
      vertex 291.216 138.345 4
    endloop
  endfacet
  facet normal 0 0 1
    outer loop
      vertex 300 22 4
      vertex 291.224 11.6564 4
      vertex 291.232 11.6567 4
    endloop
  endfacet
  facet normal 0 0 1
    outer loop
      vertex 290.942 138.381 4
      vertex 300 128 4
      vertex 290.95 138.38 4
    endloop
  endfacet
  facet normal 0 0 1
    outer loop
      vertex 300 22 4
      vertex 291.216 11.6553 4
      vertex 291.224 11.6564 4
    endloop
  endfacet
  facet normal 0 0 1
    outer loop
      vertex 290.68 138.44 4
      vertex 300 128 4
      vertex 290.942 138.381 4
    endloop
  endfacet
  facet normal 0 0 1
    outer loop
      vertex 300 22 4
      vertex 290.95 11.6203 4
      vertex 291.216 11.6553 4
    endloop
  endfacet
  facet normal 0 0 1
    outer loop
      vertex 290.424 138.52 4
      vertex 300 128 4
      vertex 290.68 138.44 4
    endloop
  endfacet
  facet normal 0 0 1
    outer loop
      vertex 300 22 4
      vertex 290.942 11.6186 4
      vertex 290.95 11.6203 4
    endloop
  endfacet
  facet normal 0 0 1
    outer loop
      vertex 290.416 138.523 4
      vertex 300 128 4
      vertex 290.424 138.52 4
    endloop
  endfacet
  facet normal 0 0 1
    outer loop
      vertex 300 22 4
      vertex 290.68 11.5605 4
      vertex 290.942 11.6186 4
    endloop
  endfacet
  facet normal 0 0 1
    outer loop
      vertex 290.409 138.526 4
      vertex 300 128 4
      vertex 290.416 138.523 4
    endloop
  endfacet
  facet normal 0 0 1
    outer loop
      vertex 300 22 4
      vertex 290.424 11.4797 4
      vertex 290.68 11.5605 4
    endloop
  endfacet
  facet normal 0 0 1
    outer loop
      vertex 290.161 138.628 4
      vertex 300 128 4
      vertex 290.409 138.526 4
    endloop
  endfacet
  facet normal 0 0 1
    outer loop
      vertex 300 22 4
      vertex 290.416 11.4773 4
      vertex 290.424 11.4797 4
    endloop
  endfacet
  facet normal 0 0 1
    outer loop
      vertex 289.923 138.752 4
      vertex 300 128 4
      vertex 290.161 138.628 4
    endloop
  endfacet
  facet normal 0 0 1
    outer loop
      vertex 300 22 4
      vertex 290.409 11.4744 4
      vertex 290.416 11.4773 4
    endloop
  endfacet
  facet normal 0 0 1
    outer loop
      vertex 289.916 138.756 4
      vertex 300 128 4
      vertex 289.923 138.752 4
    endloop
  endfacet
  facet normal 0 0 1
    outer loop
      vertex 300 22 4
      vertex 290.161 11.3716 4
      vertex 290.409 11.4744 4
    endloop
  endfacet
  facet normal 0 0 1
    outer loop
      vertex 289.909 138.76 4
      vertex 300 128 4
      vertex 289.916 138.756 4
    endloop
  endfacet
  facet normal 0 0 1
    outer loop
      vertex 300 22 4
      vertex 289.923 11.2475 4
      vertex 290.161 11.3716 4
    endloop
  endfacet
  facet normal 0 0 1
    outer loop
      vertex 289.683 138.905 4
      vertex 300 128 4
      vertex 289.909 138.76 4
    endloop
  endfacet
  facet normal 0 0 1
    outer loop
      vertex 300 22 4
      vertex 289.916 11.2439 4
      vertex 289.923 11.2475 4
    endloop
  endfacet
  facet normal 0 0 1
    outer loop
      vertex 289.47 139.068 4
      vertex 300 128 4
      vertex 289.683 138.905 4
    endloop
  endfacet
  facet normal 0 0 1
    outer loop
      vertex 300 22 4
      vertex 289.909 11.2397 4
      vertex 289.916 11.2439 4
    endloop
  endfacet
  facet normal 0 0 1
    outer loop
      vertex 289.463 139.073 4
      vertex 300 128 4
      vertex 289.47 139.068 4
    endloop
  endfacet
  facet normal 0 0 1
    outer loop
      vertex 300 22 4
      vertex 289.683 11.0954 4
      vertex 289.909 11.2397 4
    endloop
  endfacet
  facet normal 0 0 1
    outer loop
      vertex 216 150 4
      vertex 300 128 4
      vertex 289.463 139.073 4
    endloop
  endfacet
  facet normal 0 0 1
    outer loop
      vertex 300 22 4
      vertex 289.47 10.9319 4
      vertex 289.683 11.0954 4
    endloop
  endfacet
  facet normal 0 0 1
    outer loop
      vertex 300 128 4
      vertex 216 150 4
      vertex 300 22 4
    endloop
  endfacet
  facet normal 0 0 1
    outer loop
      vertex 300 22 4
      vertex 289.463 10.9272 4
      vertex 289.47 10.9319 4
    endloop
  endfacet
  facet normal 0 0 1
    outer loop
      vertex 216 150 4
      vertex 289.463 139.073 4
      vertex 289.265 139.254 4
    endloop
  endfacet
  facet normal 0 0 1
    outer loop
      vertex 216 0 4
      vertex 300 22 4
      vertex 216 150 4
    endloop
  endfacet
  facet normal 0 0 1
    outer loop
      vertex 216 150 4
      vertex 289.265 139.254 4
      vertex 289.26 139.26 4
    endloop
  endfacet
  facet normal 0 0 1
    outer loop
      vertex 300 22 4
      vertex 216 0 4
      vertex 289.463 10.9272 4
    endloop
  endfacet
  facet normal 0 0 1
    outer loop
      vertex 216 150 4
      vertex 289.26 139.26 4
      vertex 289.254 139.265 4
    endloop
  endfacet
  facet normal 0 0 1
    outer loop
      vertex 289.463 10.9272 4
      vertex 216 0 4
      vertex 289.265 10.7457 4
    endloop
  endfacet
  facet normal 0 0 1
    outer loop
      vertex 216 150 4
      vertex 289.254 139.265 4
      vertex 289.073 139.463 4
    endloop
  endfacet
  facet normal 0 0 1
    outer loop
      vertex 289.265 10.7457 4
      vertex 216 0 4
      vertex 289.26 10.7404 4
    endloop
  endfacet
  facet normal 0 0 1
    outer loop
      vertex 278 150 4
      vertex 289.073 139.463 4
      vertex 289.068 139.47 4
    endloop
  endfacet
  facet normal -0 0 1
    outer loop
      vertex 216 150 4
      vertex 289.073 139.463 4
      vertex 278 150 4
    endloop
  endfacet
  facet normal 0 0 1
    outer loop
      vertex 278 150 4
      vertex 289.068 139.47 4
      vertex 288.905 139.683 4
    endloop
  endfacet
  facet normal 0 0 1
    outer loop
      vertex 289.26 10.7404 4
      vertex 216 0 4
      vertex 289.254 10.7347 4
    endloop
  endfacet
  facet normal 0 0 1
    outer loop
      vertex 278 150 4
      vertex 288.905 139.683 4
      vertex 288.76 139.909 4
    endloop
  endfacet
  facet normal 0 0 1
    outer loop
      vertex 289.254 10.7347 4
      vertex 216 0 4
      vertex 289.073 10.5366 4
    endloop
  endfacet
  facet normal 0 0 1
    outer loop
      vertex 278 150 4
      vertex 288.76 139.909 4
      vertex 288.756 139.916 4
    endloop
  endfacet
  facet normal 0 -0 1
    outer loop
      vertex 278 0 4
      vertex 289.073 10.5366 4
      vertex 216 0 4
    endloop
  endfacet
  facet normal 0 0 1
    outer loop
      vertex 278 150 4
      vertex 288.756 139.916 4
      vertex 288.752 139.923 4
    endloop
  endfacet
  facet normal 0 0 1
    outer loop
      vertex 289.073 10.5366 4
      vertex 278 0 4
      vertex 289.068 10.5304 4
    endloop
  endfacet
  facet normal 0 0 1
    outer loop
      vertex 278 150 4
      vertex 288.752 139.923 4
      vertex 288.628 140.161 4
    endloop
  endfacet
  facet normal 0 0 1
    outer loop
      vertex 289.068 10.5304 4
      vertex 278 0 4
      vertex 288.905 10.3173 4
    endloop
  endfacet
  facet normal 0 0 1
    outer loop
      vertex 278 150 4
      vertex 288.628 140.161 4
      vertex 288.526 140.409 4
    endloop
  endfacet
  facet normal 0 0 1
    outer loop
      vertex 288.905 10.3173 4
      vertex 278 0 4
      vertex 288.76 10.0908 4
    endloop
  endfacet
  facet normal 0 0 1
    outer loop
      vertex 278 150 4
      vertex 288.526 140.409 4
      vertex 288.523 140.416 4
    endloop
  endfacet
  facet normal 0 0 1
    outer loop
      vertex 288.76 10.0908 4
      vertex 278 0 4
      vertex 288.756 10.0842 4
    endloop
  endfacet
  facet normal 0 0 1
    outer loop
      vertex 278 150 4
      vertex 288.523 140.416 4
      vertex 288.52 140.424 4
    endloop
  endfacet
  facet normal 0 0 1
    outer loop
      vertex 288.756 10.0842 4
      vertex 278 0 4
      vertex 288.752 10.0773 4
    endloop
  endfacet
  facet normal 0 0 1
    outer loop
      vertex 278 150 4
      vertex 288.52 140.424 4
      vertex 288.44 140.68 4
    endloop
  endfacet
  facet normal 0 0 1
    outer loop
      vertex 288.752 10.0773 4
      vertex 278 0 4
      vertex 288.628 9.83903 4
    endloop
  endfacet
  facet normal 0 0 1
    outer loop
      vertex 278 150 4
      vertex 288.44 140.68 4
      vertex 288.381 140.942 4
    endloop
  endfacet
  facet normal 0 0 1
    outer loop
      vertex 288.628 9.83903 4
      vertex 278 0 4
      vertex 288.526 9.59087 4
    endloop
  endfacet
  facet normal 0 0 1
    outer loop
      vertex 278 150 4
      vertex 288.381 140.942 4
      vertex 288.38 140.95 4
    endloop
  endfacet
  facet normal 0 0 1
    outer loop
      vertex 288.526 9.59087 4
      vertex 278 0 4
      vertex 288.523 9.58366 4
    endloop
  endfacet
  facet normal 0 0 1
    outer loop
      vertex 288.344 141.224 4
      vertex 278 150 4
      vertex 288.345 141.216 4
    endloop
  endfacet
  facet normal 0 0 1
    outer loop
      vertex 288.345 141.216 4
      vertex 278 150 4
      vertex 288.38 140.95 4
    endloop
  endfacet
  facet normal 0 0 1
    outer loop
      vertex 288.343 141.232 4
      vertex 278 150 4
      vertex 288.344 141.224 4
    endloop
  endfacet
  facet normal 0 0 1
    outer loop
      vertex 288.523 9.58366 4
      vertex 278 0 4
      vertex 288.52 9.57622 4
    endloop
  endfacet
  facet normal 0 0 1
    outer loop
      vertex 288.332 141.5 4
      vertex 278 150 4
      vertex 288.343 141.232 4
    endloop
  endfacet
  facet normal 0 0 1
    outer loop
      vertex 288.52 9.57622 4
      vertex 278 0 4
      vertex 288.44 9.32005 4
    endloop
  endfacet
  facet normal 0 0 1
    outer loop
      vertex 288.343 141.768 4
      vertex 278 150 4
      vertex 288.332 141.5 4
    endloop
  endfacet
  facet normal 0 0 1
    outer loop
      vertex 288.44 9.32005 4
      vertex 278 0 4
      vertex 288.381 9.05781 4
    endloop
  endfacet
  facet normal 0 0 1
    outer loop
      vertex 294.48 140.424 4
      vertex 296.021 140.619 4
      vertex 294.56 140.68 4
    endloop
  endfacet
  facet normal 0 0 1
    outer loop
      vertex 294.477 140.416 4
      vertex 296.021 140.619 4
      vertex 294.48 140.424 4
    endloop
  endfacet
  facet normal -0 0 1
    outer loop
      vertex 294.56 140.68 4
      vertex 296.021 140.619 4
      vertex 294.619 140.942 4
    endloop
  endfacet
  facet normal 0 0 1
    outer loop
      vertex 294.474 140.409 4
      vertex 296.021 140.619 4
      vertex 294.477 140.416 4
    endloop
  endfacet
  facet normal -0 0 1
    outer loop
      vertex 294.619 140.942 4
      vertex 296.021 140.619 4
      vertex 294.62 140.95 4
    endloop
  endfacet
  facet normal 0 0 1
    outer loop
      vertex 300 22 4
      vertex 294.668 8.5 4
      vertex 299.916 20.0826 4
    endloop
  endfacet
  facet normal -0 0 1
    outer loop
      vertex 294.62 140.95 4
      vertex 296.021 140.619 4
      vertex 294.655 141.216 4
    endloop
  endfacet
  facet normal 0 0 1
    outer loop
      vertex 299.916 20.0826 4
      vertex 294.668 8.5 4
      vertex 299.666 18.1797 4
    endloop
  endfacet
  facet normal -0 0 1
    outer loop
      vertex 294.655 141.216 4
      vertex 296.021 140.619 4
      vertex 294.656 141.224 4
    endloop
  endfacet
  facet normal 0 0 1
    outer loop
      vertex 299.666 18.1797 4
      vertex 294.668 8.5 4
      vertex 299.25 16.306 4
    endloop
  endfacet
  facet normal -0 0 1
    outer loop
      vertex 294.656 141.224 4
      vertex 296.021 140.619 4
      vertex 294.657 141.232 4
    endloop
  endfacet
  facet normal 0 0 1
    outer loop
      vertex 299.25 16.306 4
      vertex 294.668 8.5 4
      vertex 298.673 14.4756 4
    endloop
  endfacet
  facet normal -0 0 1
    outer loop
      vertex 294.657 141.232 4
      vertex 296.021 140.619 4
      vertex 294.668 141.5 4
    endloop
  endfacet
  facet normal 0 0 1
    outer loop
      vertex 298.673 14.4756 4
      vertex 294.668 8.5 4
      vertex 297.939 12.7024 4
    endloop
  endfacet
  facet normal -0 0 1
    outer loop
      vertex 294.668 141.5 4
      vertex 296.021 140.619 4
      vertex 294.853 142.141 4
    endloop
  endfacet
  facet normal 0 0 1
    outer loop
      vertex 297.939 12.7024 4
      vertex 294.668 8.5 4
      vertex 297.053 11 4
    endloop
  endfacet
  facet normal 0 0 1
    outer loop
      vertex 297.053 11 4
      vertex 294.668 8.5 4
      vertex 296.021 9.38132 4
    endloop
  endfacet
  facet normal 0 0 1
    outer loop
      vertex 294.853 142.141 4
      vertex 294.657 141.768 4
      vertex 294.668 141.5 4
    endloop
  endfacet
  facet normal 0 0 1
    outer loop
      vertex 294.853 142.141 4
      vertex 294.656 141.776 4
      vertex 294.657 141.768 4
    endloop
  endfacet
  facet normal 0 0 1
    outer loop
      vertex 294.853 142.141 4
      vertex 294.655 141.784 4
      vertex 294.656 141.776 4
    endloop
  endfacet
  facet normal 0 0 1
    outer loop
      vertex 294.853 142.141 4
      vertex 294.62 142.05 4
      vertex 294.655 141.784 4
    endloop
  endfacet
  facet normal 0 0 1
    outer loop
      vertex 294.853 142.141 4
      vertex 294.619 142.058 4
      vertex 294.62 142.05 4
    endloop
  endfacet
  facet normal 0 0 1
    outer loop
      vertex 294.853 142.141 4
      vertex 294.56 142.32 4
      vertex 294.619 142.058 4
    endloop
  endfacet
  facet normal -0 -0 1
    outer loop
      vertex 294.56 142.32 4
      vertex 294.853 142.141 4
      vertex 294.493 142.534 4
    endloop
  endfacet
  facet normal 0 0 1
    outer loop
      vertex 296.021 9.38132 4
      vertex 294.668 8.5 4
      vertex 294.853 7.85867 4
    endloop
  endfacet
  facet normal -0 0 1
    outer loop
      vertex 294.657 8.23165 4
      vertex 294.853 7.85867 4
      vertex 294.668 8.5 4
    endloop
  endfacet
  facet normal -0 0 1
    outer loop
      vertex 294.656 8.22385 4
      vertex 294.853 7.85867 4
      vertex 294.657 8.23165 4
    endloop
  endfacet
  facet normal -0 0 1
    outer loop
      vertex 294.655 8.21611 4
      vertex 294.853 7.85867 4
      vertex 294.656 8.22385 4
    endloop
  endfacet
  facet normal -0 0 1
    outer loop
      vertex 294.62 7.94981 4
      vertex 294.853 7.85867 4
      vertex 294.655 8.21611 4
    endloop
  endfacet
  facet normal -0 0 1
    outer loop
      vertex 294.619 7.94219 4
      vertex 294.853 7.85867 4
      vertex 294.62 7.94981 4
    endloop
  endfacet
  facet normal 0 0 1
    outer loop
      vertex 294.56 7.67995 4
      vertex 294.853 7.85867 4
      vertex 294.619 7.94219 4
    endloop
  endfacet
  facet normal 0 0 1
    outer loop
      vertex 294.853 7.85867 4
      vertex 294.56 7.67995 4
      vertex 294.493 7.46573 4
    endloop
  endfacet
  facet normal -0 0 1
    outer loop
      vertex 292.32 5.43954 4
      vertex 292.141 5.14702 4
      vertex 292.534 5.50708 4
    endloop
  endfacet
  facet normal -0 0 1
    outer loop
      vertex 292.058 5.3814 4
      vertex 292.141 5.14702 4
      vertex 292.32 5.43954 4
    endloop
  endfacet
  facet normal -0 0 1
    outer loop
      vertex 292.05 5.37971 4
      vertex 292.141 5.14702 4
      vertex 292.058 5.3814 4
    endloop
  endfacet
  facet normal -0 0 1
    outer loop
      vertex 291.784 5.34465 4
      vertex 292.141 5.14702 4
      vertex 292.05 5.37971 4
    endloop
  endfacet
  facet normal -0 0 1
    outer loop
      vertex 291.776 5.34363 4
      vertex 292.141 5.14702 4
      vertex 291.784 5.34465 4
    endloop
  endfacet
  facet normal -0 0 1
    outer loop
      vertex 291.768 5.34329 4
      vertex 292.141 5.14702 4
      vertex 291.776 5.34363 4
    endloop
  endfacet
  facet normal -0 0 1
    outer loop
      vertex 291.5 5.33158 4
      vertex 292.141 5.14702 4
      vertex 291.768 5.34329 4
    endloop
  endfacet
  facet normal 0 0 1
    outer loop
      vertex 290.619 3.97865 4
      vertex 291.5 5.33158 4
      vertex 291.232 5.34329 4
    endloop
  endfacet
  facet normal 0 0 1
    outer loop
      vertex 290.619 3.97865 4
      vertex 291.232 5.34329 4
      vertex 291.224 5.34363 4
    endloop
  endfacet
  facet normal 0 0 1
    outer loop
      vertex 290.619 3.97865 4
      vertex 291.224 5.34363 4
      vertex 291.216 5.34465 4
    endloop
  endfacet
  facet normal 0 0 1
    outer loop
      vertex 290.619 3.97865 4
      vertex 291.216 5.34465 4
      vertex 290.95 5.37971 4
    endloop
  endfacet
  facet normal 0 0 1
    outer loop
      vertex 290.619 3.97865 4
      vertex 290.942 5.3814 4
      vertex 290.68 5.43954 4
    endloop
  endfacet
  facet normal 0 0 1
    outer loop
      vertex 291.5 5.33158 4
      vertex 290.619 3.97865 4
      vertex 292.141 5.14702 4
    endloop
  endfacet
  facet normal 0 0 1
    outer loop
      vertex 290.942 5.3814 4
      vertex 290.619 3.97865 4
      vertex 290.95 5.37971 4
    endloop
  endfacet
  facet normal 0 0 1
    outer loop
      vertex 290.424 5.52031 4
      vertex 290.619 3.97865 4
      vertex 290.68 5.43954 4
    endloop
  endfacet
  facet normal 0 0 1
    outer loop
      vertex 290.416 5.52266 4
      vertex 290.619 3.97865 4
      vertex 290.424 5.52031 4
    endloop
  endfacet
  facet normal 0 0 1
    outer loop
      vertex 290.409 5.52564 4
      vertex 290.619 3.97865 4
      vertex 290.416 5.52266 4
    endloop
  endfacet
  facet normal 0 0 1
    outer loop
      vertex 290.161 5.62843 4
      vertex 290.619 3.97865 4
      vertex 290.409 5.52564 4
    endloop
  endfacet
  facet normal 0 0 1
    outer loop
      vertex 289.923 5.75246 4
      vertex 290.619 3.97865 4
      vertex 290.161 5.62843 4
    endloop
  endfacet
  facet normal 0 0 1
    outer loop
      vertex 289.916 5.75607 4
      vertex 290.619 3.97865 4
      vertex 289.923 5.75246 4
    endloop
  endfacet
  facet normal 0 0 1
    outer loop
      vertex 289 2.94745 4
      vertex 289.916 5.75607 4
      vertex 289.909 5.76026 4
    endloop
  endfacet
  facet normal 0 0 1
    outer loop
      vertex 289 2.94745 4
      vertex 289.909 5.76026 4
      vertex 289.683 5.90458 4
    endloop
  endfacet
  facet normal 0 0 1
    outer loop
      vertex 289 2.94745 4
      vertex 289.683 5.90458 4
      vertex 289.47 6.0681 4
    endloop
  endfacet
  facet normal 0 0 1
    outer loop
      vertex 289 2.94745 4
      vertex 289.47 6.0681 4
      vertex 289.463 6.07285 4
    endloop
  endfacet
  facet normal 0 0 1
    outer loop
      vertex 289 2.94745 4
      vertex 289.463 6.07285 4
      vertex 289.265 6.25431 4
    endloop
  endfacet
  facet normal 0 0 1
    outer loop
      vertex 289 2.94745 4
      vertex 289.265 6.25431 4
      vertex 289.26 6.25959 4
    endloop
  endfacet
  facet normal 0 0 1
    outer loop
      vertex 289 2.94745 4
      vertex 289.26 6.25959 4
      vertex 289.254 6.26534 4
    endloop
  endfacet
  facet normal 0 0 1
    outer loop
      vertex 289 2.94745 4
      vertex 289.254 6.26534 4
      vertex 289.073 6.46338 4
    endloop
  endfacet
  facet normal 0 0 1
    outer loop
      vertex 287.298 2.06123 4
      vertex 289.073 6.46338 4
      vertex 289.068 6.46957 4
    endloop
  endfacet
  facet normal 0 0 1
    outer loop
      vertex 289.916 5.75607 4
      vertex 289 2.94745 4
      vertex 290.619 3.97865 4
    endloop
  endfacet
  facet normal 0 0 1
    outer loop
      vertex 287.298 2.06123 4
      vertex 289.068 6.46957 4
      vertex 288.905 6.68267 4
    endloop
  endfacet
  facet normal 0 0 1
    outer loop
      vertex 287.298 2.06123 4
      vertex 288.905 6.68267 4
      vertex 288.76 6.90921 4
    endloop
  endfacet
  facet normal 0 0 1
    outer loop
      vertex 287.298 2.06123 4
      vertex 288.76 6.90921 4
      vertex 288.756 6.91579 4
    endloop
  endfacet
  facet normal 0 0 1
    outer loop
      vertex 287.298 2.06123 4
      vertex 288.756 6.91579 4
      vertex 288.752 6.92271 4
    endloop
  endfacet
  facet normal 0 0 1
    outer loop
      vertex 287.298 2.06123 4
      vertex 288.752 6.92271 4
      vertex 288.628 7.16097 4
    endloop
  endfacet
  facet normal 0 0 1
    outer loop
      vertex 285.524 1.32677 4
      vertex 288.628 7.16097 4
      vertex 288.526 7.40912 4
    endloop
  endfacet
  facet normal 0 0 1
    outer loop
      vertex 285.524 1.32677 4
      vertex 288.526 7.40912 4
      vertex 288.523 7.41634 4
    endloop
  endfacet
  facet normal 0 0 1
    outer loop
      vertex 285.524 1.32677 4
      vertex 288.523 7.41634 4
      vertex 288.52 7.42378 4
    endloop
  endfacet
  facet normal 0 0 1
    outer loop
      vertex 285.524 1.32677 4
      vertex 288.52 7.42378 4
      vertex 288.44 7.67995 4
    endloop
  endfacet
  facet normal 0 0 1
    outer loop
      vertex 283.694 0.749634 4
      vertex 288.44 7.67995 4
      vertex 288.381 7.94219 4
    endloop
  endfacet
  facet normal 0 0 1
    outer loop
      vertex 283.694 0.749634 4
      vertex 288.381 7.94219 4
      vertex 288.38 7.94981 4
    endloop
  endfacet
  facet normal 0 0 1
    outer loop
      vertex 283.694 0.749634 4
      vertex 288.38 7.94981 4
      vertex 288.345 8.21611 4
    endloop
  endfacet
  facet normal 0 0 1
    outer loop
      vertex 283.694 0.749634 4
      vertex 288.345 8.21611 4
      vertex 288.344 8.22385 4
    endloop
  endfacet
  facet normal 0 0 1
    outer loop
      vertex 281.82 0.334229 4
      vertex 288.343 8.23165 4
      vertex 288.332 8.5 4
    endloop
  endfacet
  facet normal 0 0 1
    outer loop
      vertex 289.073 6.46338 4
      vertex 287.298 2.06123 4
      vertex 289 2.94745 4
    endloop
  endfacet
  facet normal 0 0 1
    outer loop
      vertex 288.343 8.23165 4
      vertex 281.82 0.334229 4
      vertex 288.344 8.22385 4
    endloop
  endfacet
  facet normal 0 0 1
    outer loop
      vertex 288.38 9.05019 4
      vertex 278 0 4
      vertex 288.345 8.78388 4
    endloop
  endfacet
  facet normal 0 0 1
    outer loop
      vertex 288.38 142.05 4
      vertex 283.694 149.25 4
      vertex 288.345 141.784 4
    endloop
  endfacet
  facet normal 0 0 1
    outer loop
      vertex 288.345 8.78388 4
      vertex 278 0 4
      vertex 288.344 8.77615 4
    endloop
  endfacet
  facet normal 0 0 1
    outer loop
      vertex 281.82 149.666 4
      vertex 288.345 141.784 4
      vertex 283.694 149.25 4
    endloop
  endfacet
  facet normal 0 0 1
    outer loop
      vertex 288.343 8.76835 4
      vertex 279.917 0.0837097 4
      vertex 288.332 8.5 4
    endloop
  endfacet
  facet normal 0 0 1
    outer loop
      vertex 279.917 149.916 4
      vertex 288.345 141.784 4
      vertex 281.82 149.666 4
    endloop
  endfacet
  facet normal 0 0 1
    outer loop
      vertex 288.628 7.16097 4
      vertex 285.524 1.32677 4
      vertex 287.298 2.06123 4
    endloop
  endfacet
  facet normal 0 0 1
    outer loop
      vertex 288.345 141.784 4
      vertex 279.917 149.916 4
      vertex 278 150 4
    endloop
  endfacet
  facet normal 0 0 1
    outer loop
      vertex 288.44 7.67995 4
      vertex 283.694 0.749634 4
      vertex 285.524 1.32677 4
    endloop
  endfacet
  facet normal 0 0 1
    outer loop
      vertex 288.344 8.22385 4
      vertex 281.82 0.334229 4
      vertex 283.694 0.749634 4
    endloop
  endfacet
  facet normal 0 0 1
    outer loop
      vertex 288.332 8.5 4
      vertex 279.917 0.0837097 4
      vertex 281.82 0.334229 4
    endloop
  endfacet
  facet normal 0 -0 1
    outer loop
      vertex 279.917 0.0837097 4
      vertex 288.344 8.77615 4
      vertex 278 0 4
    endloop
  endfacet
  facet normal 0 0 1
    outer loop
      vertex 288.344 8.77615 4
      vertex 279.917 0.0837097 4
      vertex 288.343 8.76835 4
    endloop
  endfacet
  facet normal -0.990876 -0.134776 0
    outer loop
      vertex 293.194 8.64816 0
      vertex 293.174 8.7952 2.2
      vertex 293.174 8.7952 0
    endloop
  endfacet
  facet normal -0.990876 -0.134776 0
    outer loop
      vertex 293.174 8.7952 2.2
      vertex 293.194 8.64816 0
      vertex 293.194 8.64816 2.2
    endloop
  endfacet
  facet normal -0.999181 -0.0404636 0
    outer loop
      vertex 293.2 8.5 0
      vertex 293.194 8.64816 2.2
      vertex 293.194 8.64816 0
    endloop
  endfacet
  facet normal -0.999181 -0.0404636 0
    outer loop
      vertex 293.194 8.64816 2.2
      vertex 293.2 8.5 0
      vertex 293.2 8.5 2.2
    endloop
  endfacet
  facet normal -0.976437 -0.215802 0
    outer loop
      vertex 293.174 8.7952 0
      vertex 293.142 8.93999 2.2
      vertex 293.142 8.93999 0
    endloop
  endfacet
  facet normal -0.976437 -0.215802 0
    outer loop
      vertex 293.142 8.93999 2.2
      vertex 293.174 8.7952 0
      vertex 293.174 8.7952 2.2
    endloop
  endfacet
  facet normal 0.216146 -0.976361 0
    outer loop
      vertex 291.06 10.1421 0
      vertex 291.205 10.1742 2.2
      vertex 291.06 10.1421 2.2
    endloop
  endfacet
  facet normal 0.216146 -0.976361 0
    outer loop
      vertex 291.205 10.1742 2.2
      vertex 291.06 10.1421 0
      vertex 291.205 10.1742 0
    endloop
  endfacet
  facet normal -0.845482 -0.534003 0
    outer loop
      vertex 292.972 9.35 0
      vertex 292.893 9.47508 2.2
      vertex 292.893 9.47508 0
    endloop
  endfacet
  facet normal -0.845482 -0.534003 0
    outer loop
      vertex 292.893 9.47508 2.2
      vertex 292.972 9.35 0
      vertex 292.972 9.35 2.2
    endloop
  endfacet
  facet normal 0.976437 0.215802 0
    outer loop
      vertex 289.858 8.06001 2.2
      vertex 289.826 8.2048 0
      vertex 289.826 8.2048 2.2
    endloop
  endfacet
  facet normal 0.976437 0.215802 0
    outer loop
      vertex 289.826 8.2048 0
      vertex 289.858 8.06001 2.2
      vertex 289.858 8.06001 0
    endloop
  endfacet
  facet normal -0.737921 -0.674887 0
    outer loop
      vertex 292.802 9.59274 0
      vertex 292.702 9.70208 2.2
      vertex 292.702 9.70208 0
    endloop
  endfacet
  facet normal -0.737921 -0.674887 0
    outer loop
      vertex 292.702 9.70208 2.2
      vertex 292.802 9.59274 0
      vertex 292.802 9.59274 2.2
    endloop
  endfacet
  facet normal -0.999181 0.0404609 0
    outer loop
      vertex 293.194 8.35183 0
      vertex 293.2 8.5 2.2
      vertex 293.2 8.5 0
    endloop
  endfacet
  facet normal -0.999181 0.0404609 0
    outer loop
      vertex 293.2 8.5 2.2
      vertex 293.194 8.35183 0
      vertex 293.194 8.35183 2.2
    endloop
  endfacet
  facet normal -0.676764 0.7362 0
    outer loop
      vertex 292.702 7.29792 0
      vertex 292.593 7.19772 2.2
      vertex 292.702 7.29792 2.2
    endloop
  endfacet
  facet normal -0.676764 0.7362 0
    outer loop
      vertex 292.593 7.19772 2.2
      vertex 292.702 7.29792 0
      vertex 292.593 7.19772 0
    endloop
  endfacet
  facet normal 0.791022 -0.611788 0
    outer loop
      vertex 290.107 9.47508 2.2
      vertex 290.198 9.59274 0
      vertex 290.198 9.59274 2.2
    endloop
  endfacet
  facet normal 0.791022 -0.611788 0
    outer loop
      vertex 290.198 9.59274 0
      vertex 290.107 9.47508 2.2
      vertex 290.107 9.47508 0
    endloop
  endfacet
  facet normal -0.382757 0.923849 0
    outer loop
      vertex 292.218 6.95928 0
      vertex 292.081 6.90252 2.2
      vertex 292.218 6.95928 2.2
    endloop
  endfacet
  facet normal -0.382757 0.923849 0
    outer loop
      vertex 292.081 6.90252 2.2
      vertex 292.218 6.95928 0
      vertex 292.081 6.90252 0
    endloop
  endfacet
  facet normal -0.952933 -0.303181 0
    outer loop
      vertex 293.142 8.93999 0
      vertex 293.097 9.08143 2.2
      vertex 293.097 9.08143 0
    endloop
  endfacet
  facet normal -0.952933 -0.303181 0
    outer loop
      vertex 293.097 9.08143 2.2
      vertex 293.142 8.93999 0
      vertex 293.142 8.93999 2.2
    endloop
  endfacet
  facet normal -0.130573 0.991439 0
    outer loop
      vertex 291.795 6.82583 0
      vertex 291.648 6.80647 2.2
      vertex 291.795 6.82583 2.2
    endloop
  endfacet
  facet normal -0.130573 0.991439 0
    outer loop
      vertex 291.648 6.80647 2.2
      vertex 291.795 6.82583 0
      vertex 291.648 6.80647 0
    endloop
  endfacet
  facet normal 0.976437 -0.215802 0
    outer loop
      vertex 289.826 8.7952 2.2
      vertex 289.858 8.93999 0
      vertex 289.858 8.93999 2.2
    endloop
  endfacet
  facet normal 0.976437 -0.215802 0
    outer loop
      vertex 289.858 8.93999 0
      vertex 289.826 8.7952 2.2
      vertex 289.826 8.7952 0
    endloop
  endfacet
  facet normal 0.607682 -0.79418 0
    outer loop
      vertex 290.407 9.80227 0
      vertex 290.525 9.89256 2.2
      vertex 290.407 9.80227 2.2
    endloop
  endfacet
  facet normal 0.607682 -0.79418 0
    outer loop
      vertex 290.525 9.89256 2.2
      vertex 290.407 9.80227 0
      vertex 290.525 9.89256 0
    endloop
  endfacet
  facet normal 0.0438766 -0.999037 0
    outer loop
      vertex 291.352 10.1935 0
      vertex 291.5 10.2 2.2
      vertex 291.352 10.1935 2.2
    endloop
  endfacet
  facet normal 0.0438766 -0.999037 0
    outer loop
      vertex 291.5 10.2 2.2
      vertex 291.352 10.1935 0
      vertex 291.5 10.2 0
    endloop
  endfacet
  facet normal 0.60764 0.794213 -0
    outer loop
      vertex 290.525 7.10744 0
      vertex 290.407 7.19772 2.2
      vertex 290.525 7.10744 2.2
    endloop
  endfacet
  facet normal 0.60764 0.794213 0
    outer loop
      vertex 290.407 7.19772 2.2
      vertex 290.525 7.10744 0
      vertex 290.407 7.19772 0
    endloop
  endfacet
  facet normal 0.382987 -0.923754 0
    outer loop
      vertex 290.782 10.0407 0
      vertex 290.919 10.0975 2.2
      vertex 290.782 10.0407 2.2
    endloop
  endfacet
  facet normal 0.382987 -0.923754 0
    outer loop
      vertex 290.919 10.0975 2.2
      vertex 290.782 10.0407 0
      vertex 290.919 10.0975 0
    endloop
  endfacet
  facet normal 0.999181 -0.0404636 0
    outer loop
      vertex 289.8 8.5 2.2
      vertex 289.806 8.64816 0
      vertex 289.806 8.64816 2.2
    endloop
  endfacet
  facet normal 0.999181 -0.0404636 0
    outer loop
      vertex 289.806 8.64816 0
      vertex 289.8 8.5 2.2
      vertex 289.8 8.5 0
    endloop
  endfacet
  facet normal -0.301584 -0.953439 0
    outer loop
      vertex 291.94 10.1421 0
      vertex 292.081 10.0975 2.2
      vertex 291.94 10.1421 2.2
    endloop
  endfacet
  facet normal -0.301584 -0.953439 -0
    outer loop
      vertex 292.081 10.0975 2.2
      vertex 291.94 10.1421 0
      vertex 292.081 10.0975 0
    endloop
  endfacet
  facet normal 0.301584 -0.953439 0
    outer loop
      vertex 290.919 10.0975 0
      vertex 291.06 10.1421 2.2
      vertex 290.919 10.0975 2.2
    endloop
  endfacet
  facet normal 0.301584 -0.953439 0
    outer loop
      vertex 291.06 10.1421 2.2
      vertex 290.919 10.0975 0
      vertex 291.06 10.1421 0
    endloop
  endfacet
  facet normal -0.925674 -0.378322 0
    outer loop
      vertex 293.097 9.08143 0
      vertex 293.041 9.21845 2.2
      vertex 293.041 9.21845 0
    endloop
  endfacet
  facet normal -0.925674 -0.378322 0
    outer loop
      vertex 293.041 9.21845 2.2
      vertex 293.097 9.08143 0
      vertex 293.097 9.08143 2.2
    endloop
  endfacet
  facet normal -0.301523 0.953459 0
    outer loop
      vertex 292.081 6.90252 0
      vertex 291.94 6.85793 2.2
      vertex 292.081 6.90252 2.2
    endloop
  endfacet
  facet normal -0.301523 0.953459 0
    outer loop
      vertex 291.94 6.85793 2.2
      vertex 292.081 6.90252 0
      vertex 291.94 6.85793 0
    endloop
  endfacet
  facet normal -0.216146 0.976361 0
    outer loop
      vertex 291.94 6.85793 0
      vertex 291.795 6.82583 2.2
      vertex 291.94 6.85793 2.2
    endloop
  endfacet
  facet normal -0.216146 0.976361 0
    outer loop
      vertex 291.795 6.82583 2.2
      vertex 291.94 6.85793 0
      vertex 291.795 6.82583 0
    endloop
  endfacet
  facet normal -0.607682 -0.79418 0
    outer loop
      vertex 292.475 9.89256 0
      vertex 292.593 9.80227 2.2
      vertex 292.475 9.89256 2.2
    endloop
  endfacet
  facet normal -0.607682 -0.79418 -0
    outer loop
      vertex 292.593 9.80227 2.2
      vertex 292.475 9.89256 0
      vertex 292.593 9.80227 0
    endloop
  endfacet
  facet normal 0.460506 0.887657 -0
    outer loop
      vertex 290.782 6.95928 0
      vertex 290.65 7.02776 2.2
      vertex 290.782 6.95928 2.2
    endloop
  endfacet
  facet normal 0.460506 0.887657 0
    outer loop
      vertex 290.65 7.02776 2.2
      vertex 290.782 6.95928 0
      vertex 290.65 7.02776 0
    endloop
  endfacet
  facet normal -0.0438766 -0.999037 0
    outer loop
      vertex 291.5 10.2 0
      vertex 291.648 10.1935 2.2
      vertex 291.5 10.2 2.2
    endloop
  endfacet
  facet normal -0.0438766 -0.999037 -0
    outer loop
      vertex 291.648 10.1935 2.2
      vertex 291.5 10.2 0
      vertex 291.648 10.1935 0
    endloop
  endfacet
  facet normal 0.537521 -0.84325 0
    outer loop
      vertex 290.525 9.89256 0
      vertex 290.65 9.97224 2.2
      vertex 290.525 9.89256 2.2
    endloop
  endfacet
  facet normal 0.537521 -0.84325 0
    outer loop
      vertex 290.65 9.97224 2.2
      vertex 290.525 9.89256 0
      vertex 290.65 9.97224 0
    endloop
  endfacet
  facet normal -0.130175 -0.991491 0
    outer loop
      vertex 291.648 10.1935 0
      vertex 291.795 10.1742 2.2
      vertex 291.648 10.1935 2.2
    endloop
  endfacet
  facet normal -0.130175 -0.991491 -0
    outer loop
      vertex 291.795 10.1742 2.2
      vertex 291.648 10.1935 0
      vertex 291.795 10.1742 0
    endloop
  endfacet
  facet normal -0.791022 0.611788 0
    outer loop
      vertex 292.802 7.40726 0
      vertex 292.893 7.52492 2.2
      vertex 292.893 7.52492 0
    endloop
  endfacet
  facet normal -0.791022 0.611788 0
    outer loop
      vertex 292.893 7.52492 2.2
      vertex 292.802 7.40726 0
      vertex 292.802 7.40726 2.2
    endloop
  endfacet
  facet normal -0.990875 0.134785 0
    outer loop
      vertex 293.174 8.2048 0
      vertex 293.194 8.35183 2.2
      vertex 293.194 8.35183 0
    endloop
  endfacet
  facet normal -0.990875 0.134785 0
    outer loop
      vertex 293.194 8.35183 2.2
      vertex 293.174 8.2048 0
      vertex 293.174 8.2048 2.2
    endloop
  endfacet
  facet normal -0.952933 0.303181 0
    outer loop
      vertex 293.097 7.91857 0
      vertex 293.142 8.06001 2.2
      vertex 293.142 8.06001 0
    endloop
  endfacet
  facet normal -0.952933 0.303181 0
    outer loop
      vertex 293.142 8.06001 2.2
      vertex 293.097 7.91857 0
      vertex 293.097 7.91857 2.2
    endloop
  endfacet
  facet normal -0.382987 -0.923754 0
    outer loop
      vertex 292.081 10.0975 0
      vertex 292.218 10.0407 2.2
      vertex 292.081 10.0975 2.2
    endloop
  endfacet
  facet normal -0.382987 -0.923754 -0
    outer loop
      vertex 292.218 10.0407 2.2
      vertex 292.081 10.0975 0
      vertex 292.218 10.0407 0
    endloop
  endfacet
  facet normal 0.676727 -0.736234 0
    outer loop
      vertex 290.298 9.70208 0
      vertex 290.407 9.80227 2.2
      vertex 290.298 9.70208 2.2
    endloop
  endfacet
  facet normal 0.676727 -0.736234 0
    outer loop
      vertex 290.407 9.80227 2.2
      vertex 290.298 9.70208 0
      vertex 290.407 9.80227 0
    endloop
  endfacet
  facet normal 0.845482 -0.534003 0
    outer loop
      vertex 290.028 9.35 2.2
      vertex 290.107 9.47508 0
      vertex 290.107 9.47508 2.2
    endloop
  endfacet
  facet normal 0.845482 -0.534003 0
    outer loop
      vertex 290.107 9.47508 0
      vertex 290.028 9.35 2.2
      vertex 290.028 9.35 0
    endloop
  endfacet
  facet normal 0.382757 0.923849 -0
    outer loop
      vertex 290.919 6.90252 0
      vertex 290.782 6.95928 2.2
      vertex 290.919 6.90252 2.2
    endloop
  endfacet
  facet normal 0.382757 0.923849 0
    outer loop
      vertex 290.782 6.95928 2.2
      vertex 290.919 6.90252 0
      vertex 290.782 6.95928 0
    endloop
  endfacet
  facet normal -0.460506 0.887657 0
    outer loop
      vertex 292.35 7.02776 0
      vertex 292.218 6.95928 2.2
      vertex 292.35 7.02776 2.2
    endloop
  endfacet
  facet normal -0.460506 0.887657 0
    outer loop
      vertex 292.218 6.95928 2.2
      vertex 292.35 7.02776 0
      vertex 292.218 6.95928 0
    endloop
  endfacet
  facet normal 0.301523 0.953459 -0
    outer loop
      vertex 291.06 6.85793 0
      vertex 290.919 6.90252 2.2
      vertex 291.06 6.85793 2.2
    endloop
  endfacet
  facet normal 0.301523 0.953459 0
    outer loop
      vertex 290.919 6.90252 2.2
      vertex 291.06 6.85793 0
      vertex 290.919 6.90252 0
    endloop
  endfacet
  facet normal -0.976437 0.215802 0
    outer loop
      vertex 293.142 8.06001 0
      vertex 293.174 8.2048 2.2
      vertex 293.174 8.2048 0
    endloop
  endfacet
  facet normal -0.976437 0.215802 0
    outer loop
      vertex 293.174 8.2048 2.2
      vertex 293.142 8.06001 0
      vertex 293.142 8.06001 2.2
    endloop
  endfacet
  facet normal -0.885574 -0.464497 0
    outer loop
      vertex 293.041 9.21845 0
      vertex 292.972 9.35 2.2
      vertex 292.972 9.35 0
    endloop
  endfacet
  facet normal -0.885574 -0.464497 0
    outer loop
      vertex 292.972 9.35 2.2
      vertex 293.041 9.21845 0
      vertex 293.041 9.21845 2.2
    endloop
  endfacet
  facet normal -0.676727 -0.736234 0
    outer loop
      vertex 292.593 9.80227 0
      vertex 292.702 9.70208 2.2
      vertex 292.593 9.80227 2.2
    endloop
  endfacet
  facet normal -0.676727 -0.736234 -0
    outer loop
      vertex 292.702 9.70208 2.2
      vertex 292.593 9.80227 0
      vertex 292.702 9.70208 0
    endloop
  endfacet
  facet normal 0.952933 0.303181 0
    outer loop
      vertex 289.903 7.91857 2.2
      vertex 289.858 8.06001 0
      vertex 289.858 8.06001 2.2
    endloop
  endfacet
  facet normal 0.952933 0.303181 0
    outer loop
      vertex 289.858 8.06001 0
      vertex 289.903 7.91857 2.2
      vertex 289.903 7.91857 0
    endloop
  endfacet
  facet normal -0.0436745 0.999046 0
    outer loop
      vertex 291.648 6.80647 0
      vertex 291.5 6.8 2.2
      vertex 291.648 6.80647 2.2
    endloop
  endfacet
  facet normal -0.0436745 0.999046 0
    outer loop
      vertex 291.5 6.8 2.2
      vertex 291.648 6.80647 0
      vertex 291.5 6.8 0
    endloop
  endfacet
  facet normal 0.130175 -0.991491 0
    outer loop
      vertex 291.205 10.1742 0
      vertex 291.352 10.1935 2.2
      vertex 291.205 10.1742 2.2
    endloop
  endfacet
  facet normal 0.130175 -0.991491 0
    outer loop
      vertex 291.352 10.1935 2.2
      vertex 291.205 10.1742 0
      vertex 291.352 10.1935 0
    endloop
  endfacet
  facet normal -0.885574 0.464497 0
    outer loop
      vertex 292.972 7.65 0
      vertex 293.041 7.78155 2.2
      vertex 293.041 7.78155 0
    endloop
  endfacet
  facet normal -0.885574 0.464497 0
    outer loop
      vertex 293.041 7.78155 2.2
      vertex 292.972 7.65 0
      vertex 292.972 7.65 2.2
    endloop
  endfacet
  facet normal 0.216146 0.976361 -0
    outer loop
      vertex 291.205 6.82583 0
      vertex 291.06 6.85793 2.2
      vertex 291.205 6.82583 2.2
    endloop
  endfacet
  facet normal 0.216146 0.976361 0
    outer loop
      vertex 291.06 6.85793 2.2
      vertex 291.205 6.82583 0
      vertex 291.06 6.85793 0
    endloop
  endfacet
  facet normal 0.952933 -0.303181 0
    outer loop
      vertex 289.858 8.93999 2.2
      vertex 289.903 9.08143 0
      vertex 289.903 9.08143 2.2
    endloop
  endfacet
  facet normal 0.952933 -0.303181 0
    outer loop
      vertex 289.903 9.08143 0
      vertex 289.858 8.93999 2.2
      vertex 289.858 8.93999 0
    endloop
  endfacet
  facet normal -0.925674 0.378322 0
    outer loop
      vertex 293.041 7.78155 0
      vertex 293.097 7.91857 2.2
      vertex 293.097 7.91857 0
    endloop
  endfacet
  facet normal -0.925674 0.378322 0
    outer loop
      vertex 293.097 7.91857 2.2
      vertex 293.041 7.78155 0
      vertex 293.041 7.78155 2.2
    endloop
  endfacet
  facet normal 0.885574 -0.464497 0
    outer loop
      vertex 289.959 9.21845 2.2
      vertex 290.028 9.35 0
      vertex 290.028 9.35 2.2
    endloop
  endfacet
  facet normal 0.885574 -0.464497 0
    outer loop
      vertex 290.028 9.35 0
      vertex 289.959 9.21845 2.2
      vertex 289.959 9.21845 0
    endloop
  endfacet
  facet normal 0.4604 -0.887712 0
    outer loop
      vertex 290.65 9.97224 0
      vertex 290.782 10.0407 2.2
      vertex 290.65 9.97224 2.2
    endloop
  endfacet
  facet normal 0.4604 -0.887712 0
    outer loop
      vertex 290.782 10.0407 2.2
      vertex 290.65 9.97224 0
      vertex 290.782 10.0407 0
    endloop
  endfacet
  facet normal 0.845482 0.534003 0
    outer loop
      vertex 290.107 7.52492 2.2
      vertex 290.028 7.65 0
      vertex 290.028 7.65 2.2
    endloop
  endfacet
  facet normal 0.845482 0.534003 0
    outer loop
      vertex 290.028 7.65 0
      vertex 290.107 7.52492 2.2
      vertex 290.107 7.52492 0
    endloop
  endfacet
  facet normal -0.791022 -0.611788 0
    outer loop
      vertex 292.893 9.47508 0
      vertex 292.802 9.59274 2.2
      vertex 292.802 9.59274 0
    endloop
  endfacet
  facet normal -0.791022 -0.611788 0
    outer loop
      vertex 292.802 9.59274 2.2
      vertex 292.893 9.47508 0
      vertex 292.893 9.47508 2.2
    endloop
  endfacet
  facet normal 0.990876 -0.134776 0
    outer loop
      vertex 289.806 8.64816 2.2
      vertex 289.826 8.7952 0
      vertex 289.826 8.7952 2.2
    endloop
  endfacet
  facet normal 0.990876 -0.134776 0
    outer loop
      vertex 289.826 8.7952 0
      vertex 289.806 8.64816 2.2
      vertex 289.806 8.64816 0
    endloop
  endfacet
  facet normal 0.737921 -0.674887 0
    outer loop
      vertex 290.198 9.59274 2.2
      vertex 290.298 9.70208 0
      vertex 290.298 9.70208 2.2
    endloop
  endfacet
  facet normal 0.737921 -0.674887 0
    outer loop
      vertex 290.298 9.70208 0
      vertex 290.198 9.59274 2.2
      vertex 290.198 9.59274 0
    endloop
  endfacet
  facet normal 0.885574 0.464497 0
    outer loop
      vertex 290.028 7.65 2.2
      vertex 289.959 7.78155 0
      vertex 289.959 7.78155 2.2
    endloop
  endfacet
  facet normal 0.885574 0.464497 0
    outer loop
      vertex 289.959 7.78155 0
      vertex 290.028 7.65 2.2
      vertex 290.028 7.65 0
    endloop
  endfacet
  facet normal 0.990875 0.134785 0
    outer loop
      vertex 289.826 8.2048 2.2
      vertex 289.806 8.35183 0
      vertex 289.806 8.35183 2.2
    endloop
  endfacet
  facet normal 0.990875 0.134785 0
    outer loop
      vertex 289.806 8.35183 0
      vertex 289.826 8.2048 2.2
      vertex 289.826 8.2048 0
    endloop
  endfacet
  facet normal 0.0436745 0.999046 -0
    outer loop
      vertex 291.5 6.8 0
      vertex 291.352 6.80647 2.2
      vertex 291.5 6.8 2.2
    endloop
  endfacet
  facet normal 0.0436745 0.999046 0
    outer loop
      vertex 291.352 6.80647 2.2
      vertex 291.5 6.8 0
      vertex 291.352 6.80647 0
    endloop
  endfacet
  facet normal 0.676764 0.7362 -0
    outer loop
      vertex 290.407 7.19772 0
      vertex 290.298 7.29792 2.2
      vertex 290.407 7.19772 2.2
    endloop
  endfacet
  facet normal 0.676764 0.7362 0
    outer loop
      vertex 290.298 7.29792 2.2
      vertex 290.407 7.19772 0
      vertex 290.298 7.29792 0
    endloop
  endfacet
  facet normal -0.4604 -0.887712 0
    outer loop
      vertex 292.218 10.0407 0
      vertex 292.35 9.97224 2.2
      vertex 292.218 10.0407 2.2
    endloop
  endfacet
  facet normal -0.4604 -0.887712 -0
    outer loop
      vertex 292.35 9.97224 2.2
      vertex 292.218 10.0407 0
      vertex 292.35 9.97224 0
    endloop
  endfacet
  facet normal -0.537521 0.84325 0
    outer loop
      vertex 292.475 7.10744 0
      vertex 292.35 7.02776 2.2
      vertex 292.475 7.10744 2.2
    endloop
  endfacet
  facet normal -0.537521 0.84325 0
    outer loop
      vertex 292.35 7.02776 2.2
      vertex 292.475 7.10744 0
      vertex 292.35 7.02776 0
    endloop
  endfacet
  facet normal 0.925674 0.378322 0
    outer loop
      vertex 289.959 7.78155 2.2
      vertex 289.903 7.91857 0
      vertex 289.903 7.91857 2.2
    endloop
  endfacet
  facet normal 0.925674 0.378322 0
    outer loop
      vertex 289.903 7.91857 0
      vertex 289.959 7.78155 2.2
      vertex 289.959 7.78155 0
    endloop
  endfacet
  facet normal 0.925674 -0.378322 0
    outer loop
      vertex 289.903 9.08143 2.2
      vertex 289.959 9.21845 0
      vertex 289.959 9.21845 2.2
    endloop
  endfacet
  facet normal 0.925674 -0.378322 0
    outer loop
      vertex 289.959 9.21845 0
      vertex 289.903 9.08143 2.2
      vertex 289.903 9.08143 0
    endloop
  endfacet
  facet normal -0.537521 -0.84325 0
    outer loop
      vertex 292.35 9.97224 0
      vertex 292.475 9.89256 2.2
      vertex 292.35 9.97224 2.2
    endloop
  endfacet
  facet normal -0.537521 -0.84325 -0
    outer loop
      vertex 292.475 9.89256 2.2
      vertex 292.35 9.97224 0
      vertex 292.475 9.89256 0
    endloop
  endfacet
  facet normal 0.737921 0.674887 0
    outer loop
      vertex 290.298 7.29792 2.2
      vertex 290.198 7.40726 0
      vertex 290.198 7.40726 2.2
    endloop
  endfacet
  facet normal 0.737921 0.674887 0
    outer loop
      vertex 290.198 7.40726 0
      vertex 290.298 7.29792 2.2
      vertex 290.298 7.29792 0
    endloop
  endfacet
  facet normal 0.791022 0.611788 0
    outer loop
      vertex 290.198 7.40726 2.2
      vertex 290.107 7.52492 0
      vertex 290.107 7.52492 2.2
    endloop
  endfacet
  facet normal 0.791022 0.611788 0
    outer loop
      vertex 290.107 7.52492 0
      vertex 290.198 7.40726 2.2
      vertex 290.198 7.40726 0
    endloop
  endfacet
  facet normal -0.60764 0.794213 0
    outer loop
      vertex 292.593 7.19772 0
      vertex 292.475 7.10744 2.2
      vertex 292.593 7.19772 2.2
    endloop
  endfacet
  facet normal -0.60764 0.794213 0
    outer loop
      vertex 292.475 7.10744 2.2
      vertex 292.593 7.19772 0
      vertex 292.475 7.10744 0
    endloop
  endfacet
  facet normal 0.999181 0.0404609 0
    outer loop
      vertex 289.806 8.35183 2.2
      vertex 289.8 8.5 0
      vertex 289.8 8.5 2.2
    endloop
  endfacet
  facet normal 0.999181 0.0404609 0
    outer loop
      vertex 289.8 8.5 0
      vertex 289.806 8.35183 2.2
      vertex 289.806 8.35183 0
    endloop
  endfacet
  facet normal -0.845482 0.534003 0
    outer loop
      vertex 292.893 7.52492 0
      vertex 292.972 7.65 2.2
      vertex 292.972 7.65 0
    endloop
  endfacet
  facet normal -0.845482 0.534003 0
    outer loop
      vertex 292.972 7.65 2.2
      vertex 292.893 7.52492 0
      vertex 292.893 7.52492 2.2
    endloop
  endfacet
  facet normal -0.737921 0.674887 0
    outer loop
      vertex 292.702 7.29792 0
      vertex 292.802 7.40726 2.2
      vertex 292.802 7.40726 0
    endloop
  endfacet
  facet normal -0.737921 0.674887 0
    outer loop
      vertex 292.802 7.40726 2.2
      vertex 292.702 7.29792 0
      vertex 292.702 7.29792 2.2
    endloop
  endfacet
  facet normal 0.537521 0.84325 -0
    outer loop
      vertex 290.65 7.02776 0
      vertex 290.525 7.10744 2.2
      vertex 290.65 7.02776 2.2
    endloop
  endfacet
  facet normal 0.537521 0.84325 0
    outer loop
      vertex 290.525 7.10744 2.2
      vertex 290.65 7.02776 0
      vertex 290.525 7.10744 0
    endloop
  endfacet
  facet normal -0.216146 -0.976361 0
    outer loop
      vertex 291.795 10.1742 0
      vertex 291.94 10.1421 2.2
      vertex 291.795 10.1742 2.2
    endloop
  endfacet
  facet normal -0.216146 -0.976361 -0
    outer loop
      vertex 291.94 10.1421 2.2
      vertex 291.795 10.1742 0
      vertex 291.94 10.1421 0
    endloop
  endfacet
  facet normal 0.130573 0.991439 -0
    outer loop
      vertex 291.352 6.80647 0
      vertex 291.205 6.82583 2.2
      vertex 291.352 6.80647 2.2
    endloop
  endfacet
  facet normal 0.130573 0.991439 0
    outer loop
      vertex 291.205 6.82583 2.2
      vertex 291.352 6.80647 0
      vertex 291.205 6.82583 0
    endloop
  endfacet
  facet normal -0.739615 0.232247 0.63169
    outer loop
      vertex 294.462 7.43213 3.97637
      vertex 294.56 7.67995 4
      vertex 293.142 8.06001 2.2
    endloop
  endfacet
  facet normal -0.735254 0.22996 0.637589
    outer loop
      vertex 294.56 7.67995 4
      vertex 294.462 7.43213 3.97637
      vertex 294.493 7.46573 4
    endloop
  endfacet
  facet normal -0.416683 -0.653681 0.631725
    outer loop
      vertex 292.475 9.89256 2.2
      vertex 293.084 11.2439 4
      vertex 292.35 9.97224 2.2
    endloop
  endfacet
  facet normal -0.398267 -0.663778 0.633074
    outer loop
      vertex 293.084 11.2439 4
      vertex 292.475 9.89256 2.2
      vertex 293.091 11.2397 4
    endloop
  endfacet
  facet normal 0.662183 -0.401323 0.632813
    outer loop
      vertex 288.756 10.0842 4
      vertex 290.107 9.47508 2.2
      vertex 288.76 10.0908 4
    endloop
  endfacet
  facet normal 0.655296 -0.413882 0.631893
    outer loop
      vertex 290.107 9.47508 2.2
      vertex 288.756 10.0842 4
      vertex 290.028 9.35 2.2
    endloop
  endfacet
  facet normal -0.774563 -0.0317503 0.631699
    outer loop
      vertex 294.668 8.5 4
      vertex 294.657 8.76835 4
      vertex 293.2 8.5 2.2
    endloop
  endfacet
  facet normal -0.768996 -0.0985892 0.631606
    outer loop
      vertex 293.194 8.64816 2.2
      vertex 294.657 8.76835 4
      vertex 294.656 8.77615 4
    endloop
  endfacet
  facet normal -0.7746 -0.0313688 0.631673
    outer loop
      vertex 294.657 8.76835 4
      vertex 293.194 8.64816 2.2
      vertex 293.2 8.5 2.2
    endloop
  endfacet
  facet normal 0.398267 -0.663778 0.633074
    outer loop
      vertex 290.525 9.89256 2.2
      vertex 289.916 11.2439 4
      vertex 289.909 11.2397 4
    endloop
  endfacet
  facet normal 0.416683 -0.653681 0.631725
    outer loop
      vertex 289.916 11.2439 4
      vertex 290.525 9.89256 2.2
      vertex 290.65 9.97224 2.2
    endloop
  endfacet
  facet normal -0.687589 -0.357834 0.631803
    outer loop
      vertex 294.372 9.83903 4
      vertex 294.248 10.0773 4
      vertex 293.041 9.21845 2.2
    endloop
  endfacet
  facet normal 0.358375 -0.687295 0.631817
    outer loop
      vertex 290.782 10.0407 2.2
      vertex 290.161 11.3716 4
      vertex 289.923 11.2475 4
    endloop
  endfacet
  facet normal -0.233929 0.741203 0.629202
    outer loop
      vertex 292.568 5.53787 3.97637
      vertex 292.32 5.43954 4
      vertex 292.534 5.50708 4
    endloop
  endfacet
  facet normal -0.232943 0.739331 0.631765
    outer loop
      vertex 292.32 5.43954 4
      vertex 292.568 5.53787 3.97637
      vertex 291.94 6.85793 2.2
    endloop
  endfacet
  facet normal 0.774563 0.0317503 0.631699
    outer loop
      vertex 288.343 8.23165 4
      vertex 289.8 8.5 2.2
      vertex 288.332 8.5 4
    endloop
  endfacet
  facet normal -0.297205 0.715906 0.631781
    outer loop
      vertex 292.584 5.55255 3.96622
      vertex 292.787 5.73907 3.85036
      vertex 292.218 6.95928 2.2
    endloop
  endfacet
  facet normal 0.572237 -0.522841 0.631809
    outer loop
      vertex 290.198 9.59274 2.2
      vertex 289.254 10.7347 4
      vertex 289.073 10.5366 4
    endloop
  endfacet
  facet normal 0.472018 -0.614923 0.631719
    outer loop
      vertex 290.525 9.89256 2.2
      vertex 289.683 11.0954 4
      vertex 289.47 10.9319 4
    endloop
  endfacet
  facet normal 0.356986 0.688115 0.631712
    outer loop
      vertex 290.65 7.02776 2.2
      vertex 289.923 5.75246 4
      vertex 290.782 6.95928 2.2
    endloop
  endfacet
  facet normal 0.35533 0.689005 0.631674
    outer loop
      vertex 289.923 5.75246 4
      vertex 290.65 7.02776 2.2
      vertex 289.916 5.75607 4
    endloop
  endfacet
  facet normal 0.161047 -0.757867 0.632219
    outer loop
      vertex 291.06 10.1421 2.2
      vertex 290.95 11.6203 4
      vertex 290.942 11.6186 4
    endloop
  endfacet
  facet normal 0.167547 -0.756834 0.631768
    outer loop
      vertex 290.95 11.6203 4
      vertex 291.06 10.1421 2.2
      vertex 291.205 10.1742 2.2
    endloop
  endfacet
  facet normal -0.101124 -0.768539 0.631761
    outer loop
      vertex 291.795 10.1742 2.2
      vertex 292.05 11.6203 4
      vertex 291.784 11.6553 4
    endloop
  endfacet
  facet normal -0.0338376 0.774422 0.631764
    outer loop
      vertex 291.768 5.34329 4
      vertex 291.5 6.8 2.2
      vertex 291.5 5.33158 4
    endloop
  endfacet
  facet normal -0.233316 -0.739218 0.63176
    outer loop
      vertex 292.576 11.4797 4
      vertex 292.32 11.5605 4
      vertex 291.94 10.1421 2.2
    endloop
  endfacet
  facet normal 0.233237 0.739244 0.631759
    outer loop
      vertex 290.68 5.43954 4
      vertex 291.06 6.85793 2.2
      vertex 290.424 5.52031 4
    endloop
  endfacet
  facet normal 0.655295 0.413881 0.631895
    outer loop
      vertex 288.756 6.91579 4
      vertex 290.107 7.52492 2.2
      vertex 290.028 7.65 2.2
    endloop
  endfacet
  facet normal 0.661685 0.40224 0.632752
    outer loop
      vertex 290.107 7.52492 2.2
      vertex 288.756 6.91579 4
      vertex 288.76 6.90921 4
    endloop
  endfacet
  facet normal -0.613056 0.474147 0.631939
    outer loop
      vertex 292.802 7.40726 2.2
      vertex 293.75 6.65461 3.68439
      vertex 292.893 7.52492 2.2
    endloop
  endfacet
  facet normal -0.613862 0.473115 0.63193
    outer loop
      vertex 293.75 6.65461 3.68439
      vertex 292.802 7.40726 2.2
      vertex 293.728 6.6307 3.68092
    endloop
  endfacet
  facet normal 0.615795 0.471021 0.631613
    outer loop
      vertex 289.068 6.46957 4
      vertex 290.107 7.52492 2.2
      vertex 288.905 6.68267 4
    endloop
  endfacet
  facet normal 0.739958 -0.231083 0.631714
    outer loop
      vertex 289.858 8.93999 2.2
      vertex 288.52 9.57622 4
      vertex 288.44 9.32005 4
    endloop
  endfacet
  facet normal 0.716966 -0.294691 0.631757
    outer loop
      vertex 289.959 9.21845 2.2
      vertex 288.628 9.83903 4
      vertex 288.526 9.59087 4
    endloop
  endfacet
  facet normal -0.233769 -0.739047 0.631792
    outer loop
      vertex 292.081 10.0975 2.2
      vertex 292.576 11.4797 4
      vertex 291.94 10.1421 2.2
    endloop
  endfacet
  facet normal -0.222794 -0.742646 0.631538
    outer loop
      vertex 292.576 11.4797 4
      vertex 292.081 10.0975 2.2
      vertex 292.584 11.4773 4
    endloop
  endfacet
  facet normal -0.0338089 -0.774426 0.63176
    outer loop
      vertex 291.768 11.6567 4
      vertex 291.5 11.6684 4
      vertex 291.5 10.2 2.2
    endloop
  endfacet
  facet normal -0.296859 -0.716015 0.631821
    outer loop
      vertex 292.218 10.0407 2.2
      vertex 292.584 11.4773 4
      vertex 292.081 10.0975 2.2
    endloop
  endfacet
  facet normal -0.296663 -0.716083 0.631835
    outer loop
      vertex 292.584 11.4773 4
      vertex 292.218 10.0407 2.2
      vertex 292.591 11.4744 4
    endloop
  endfacet
  facet normal -0.167819 -0.756774 0.631767
    outer loop
      vertex 292.32 11.5605 4
      vertex 292.058 11.6186 4
      vertex 291.94 10.1421 2.2
    endloop
  endfacet
  facet normal 0.739958 0.231083 0.631714
    outer loop
      vertex 288.52 7.42378 4
      vertex 289.858 8.06001 2.2
      vertex 288.44 7.67995 4
    endloop
  endfacet
  facet normal 0.105626 -0.768191 0.631448
    outer loop
      vertex 291.205 10.1742 2.2
      vertex 291.224 11.6564 4
      vertex 291.216 11.6553 4
    endloop
  endfacet
  facet normal 0.100904 -0.768545 0.631789
    outer loop
      vertex 291.224 11.6564 4
      vertex 291.205 10.1742 2.2
      vertex 291.352 10.1935 2.2
    endloop
  endfacet
  facet normal -0.739958 -0.231083 0.631714
    outer loop
      vertex 294.56 9.32005 4
      vertex 294.48 9.57622 4
      vertex 293.142 8.93999 2.2
    endloop
  endfacet
  facet normal -0.358375 -0.687295 0.631817
    outer loop
      vertex 293.077 11.2475 4
      vertex 292.839 11.3716 4
      vertex 292.218 10.0407 2.2
    endloop
  endfacet
  facet normal 0.101215 0.768522 0.631767
    outer loop
      vertex 291.205 6.82583 2.2
      vertex 291.224 5.34363 4
      vertex 291.352 6.80647 2.2
    endloop
  endfacet
  facet normal 0.098016 0.768753 0.631991
    outer loop
      vertex 291.224 5.34363 4
      vertex 291.205 6.82583 2.2
      vertex 291.216 5.34465 4
    endloop
  endfacet
  facet normal -0.0340111 -0.774406 0.631774
    outer loop
      vertex 291.648 10.1935 2.2
      vertex 291.768 11.6567 4
      vertex 291.5 10.2 2.2
    endloop
  endfacet
  facet normal -0.0290509 -0.77469 0.631674
    outer loop
      vertex 291.768 11.6567 4
      vertex 291.648 10.1935 2.2
      vertex 291.776 11.6564 4
    endloop
  endfacet
  facet normal 0.0290509 -0.77469 0.631674
    outer loop
      vertex 291.352 10.1935 2.2
      vertex 291.232 11.6567 4
      vertex 291.224 11.6564 4
    endloop
  endfacet
  facet normal 0.0340111 -0.774406 0.631774
    outer loop
      vertex 291.232 11.6567 4
      vertex 291.352 10.1935 2.2
      vertex 291.5 10.2 2.2
    endloop
  endfacet
  facet normal -0.686374 0.360014 0.631886
    outer loop
      vertex 292.972 7.65 2.2
      vertex 294.095 7.03135 3.77231
      vertex 293.041 7.78155 2.2
    endloop
  endfacet
  facet normal -0.683496 0.365365 0.631935
    outer loop
      vertex 294.095 7.03135 3.77231
      vertex 292.972 7.65 2.2
      vertex 294.077 7.01205 3.764
    endloop
  endfacet
  facet normal -0.472811 0.614243 0.631788
    outer loop
      vertex 293.181 6.09954 3.70826
      vertex 293.345 6.25033 3.68439
      vertex 292.475 7.10744 2.2
    endloop
  endfacet
  facet normal -0.774601 0.0313667 0.631672
    outer loop
      vertex 293.194 8.35183 2.2
      vertex 294.657 8.23165 4
      vertex 293.2 8.5 2.2
    endloop
  endfacet
  facet normal -0.768996 0.0985892 0.631605
    outer loop
      vertex 294.657 8.23165 4
      vertex 293.194 8.35183 2.2
      vertex 294.656 8.22385 4
    endloop
  endfacet
  facet normal 0.523722 0.571459 0.631783
    outer loop
      vertex 289.463 6.07285 4
      vertex 290.407 7.19772 2.2
      vertex 289.265 6.25431 4
    endloop
  endfacet
  facet normal 0.572157 0.522927 0.63181
    outer loop
      vertex 289.254 6.26534 4
      vertex 290.198 7.40726 2.2
      vertex 289.073 6.46338 4
    endloop
  endfacet
  facet normal -0.572062 0.523196 0.631673
    outer loop
      vertex 292.702 7.29792 2.2
      vertex 293.578 6.46777 3.68092
      vertex 292.802 7.40726 2.2
    endloop
  endfacet
  facet normal -0.572773 0.522429 0.631664
    outer loop
      vertex 293.578 6.46777 3.68092
      vertex 292.702 7.29792 2.2
      vertex 293.556 6.44365 3.68092
    endloop
  endfacet
  facet normal -0.570233 0.52498 0.631847
    outer loop
      vertex 293.578 6.46777 3.68092
      vertex 293.728 6.6307 3.68092
      vertex 292.802 7.40726 2.2
    endloop
  endfacet
  facet normal 0.101124 -0.768539 0.631761
    outer loop
      vertex 291.205 10.1742 2.2
      vertex 291.216 11.6553 4
      vertex 290.95 11.6203 4
    endloop
  endfacet
  facet normal 0.768996 -0.0985892 0.631606
    outer loop
      vertex 288.343 8.76835 4
      vertex 289.806 8.64816 2.2
      vertex 288.344 8.77615 4
    endloop
  endfacet
  facet normal 0.7746 -0.0313688 0.631673
    outer loop
      vertex 289.806 8.64816 2.2
      vertex 288.343 8.76835 4
      vertex 289.8 8.5 2.2
    endloop
  endfacet
  facet normal 0.296675 0.716075 0.631839
    outer loop
      vertex 290.782 6.95928 2.2
      vertex 290.416 5.52266 4
      vertex 290.919 6.90252 2.2
    endloop
  endfacet
  facet normal 0.30378 0.713576 0.63129
    outer loop
      vertex 290.416 5.52266 4
      vertex 290.782 6.95928 2.2
      vertex 290.409 5.52564 4
    endloop
  endfacet
  facet normal -0.768576 0.101015 0.631733
    outer loop
      vertex 294.62 7.94981 4
      vertex 294.655 8.21611 4
      vertex 293.174 8.2048 2.2
    endloop
  endfacet
  facet normal -0.525094 0.570238 0.631747
    outer loop
      vertex 292.702 7.29792 2.2
      vertex 293.532 6.42155 3.68092
      vertex 293.556 6.44365 3.68092
    endloop
  endfacet
  facet normal -0.524612 0.570686 0.631743
    outer loop
      vertex 293.532 6.42155 3.68092
      vertex 292.702 7.29792 2.2
      vertex 292.593 7.19772 2.2
    endloop
  endfacet
  facet normal 0.716962 0.294701 0.631757
    outer loop
      vertex 288.628 7.16097 4
      vertex 289.959 7.78155 2.2
      vertex 288.526 7.40912 4
    endloop
  endfacet
  facet normal 0.603197 -0.486449 0.632076
    outer loop
      vertex 289.068 10.5304 4
      vertex 290.198 9.59274 2.2
      vertex 289.073 10.5366 4
    endloop
  endfacet
  facet normal 0.613088 -0.474171 0.63189
    outer loop
      vertex 290.198 9.59274 2.2
      vertex 289.068 10.5304 4
      vertex 290.107 9.47508 2.2
    endloop
  endfacet
  facet normal -0.716966 -0.294691 0.631757
    outer loop
      vertex 294.474 9.59087 4
      vertex 294.372 9.83903 4
      vertex 293.041 9.21845 2.2
    endloop
  endfacet
  facet normal -0.774563 0.0317503 0.631699
    outer loop
      vertex 294.657 8.23165 4
      vertex 294.668 8.5 4
      vertex 293.2 8.5 2.2
    endloop
  endfacet
  facet normal -0.61642 0.470237 0.631588
    outer loop
      vertex 293.75 6.65461 3.68439
      vertex 293.9 6.81918 3.70826
      vertex 292.893 7.52492 2.2
    endloop
  endfacet
  facet normal -0.167929 0.75675 0.631767
    outer loop
      vertex 292.058 5.3814 4
      vertex 292.32 5.43954 4
      vertex 291.94 6.85793 2.2
    endloop
  endfacet
  facet normal -0.418338 0.652726 0.631619
    outer loop
      vertex 292.475 7.10744 2.2
      vertex 292.988 5.9228 3.764
      vertex 293.008 5.94125 3.75818
    endloop
  endfacet
  facet normal -0.416663 0.65365 0.63177
    outer loop
      vertex 292.988 5.9228 3.764
      vertex 292.475 7.10744 2.2
      vertex 292.35 7.02776 2.2
    endloop
  endfacet
  facet normal 0.0338547 0.77442 0.631766
    outer loop
      vertex 291.352 6.80647 2.2
      vertex 291.232 5.34329 4
      vertex 291.5 6.8 2.2
    endloop
  endfacet
  facet normal 0.0329152 0.774475 0.631748
    outer loop
      vertex 291.232 5.34329 4
      vertex 291.352 6.80647 2.2
      vertex 291.224 5.34363 4
    endloop
  endfacet
  facet normal -0.756293 0.170154 0.631718
    outer loop
      vertex 294.56 7.67995 4
      vertex 294.619 7.94219 4
      vertex 293.142 8.06001 2.2
    endloop
  endfacet
  facet normal -0.717494 0.293239 0.631834
    outer loop
      vertex 294.447 7.41611 3.96622
      vertex 293.097 7.91857 2.2
      vertex 293.041 7.78155 2.2
    endloop
  endfacet
  facet normal -0.706758 0.319626 0.631135
    outer loop
      vertex 293.097 7.91857 2.2
      vertex 294.447 7.41611 3.96622
      vertex 294.455 7.42444 3.97096
    endloop
  endfacet
  facet normal 0.354562 -0.689426 0.631647
    outer loop
      vertex 290.65 9.97224 2.2
      vertex 289.923 11.2475 4
      vertex 289.916 11.2439 4
    endloop
  endfacet
  facet normal 0.356907 -0.688165 0.631701
    outer loop
      vertex 289.923 11.2475 4
      vertex 290.65 9.97224 2.2
      vertex 290.782 10.0407 2.2
    endloop
  endfacet
  facet normal 0.65295 -0.418003 0.631609
    outer loop
      vertex 290.107 9.47508 2.2
      vertex 288.905 10.3173 4
      vertex 288.76 10.0908 4
    endloop
  endfacet
  facet normal -0.356907 -0.688165 0.631701
    outer loop
      vertex 292.35 9.97224 2.2
      vertex 293.077 11.2475 4
      vertex 292.218 10.0407 2.2
    endloop
  endfacet
  facet normal -0.354562 -0.689426 0.631647
    outer loop
      vertex 293.077 11.2475 4
      vertex 292.35 9.97224 2.2
      vertex 293.084 11.2439 4
    endloop
  endfacet
  facet normal 0.167546 0.75683 0.631773
    outer loop
      vertex 291.06 6.85793 2.2
      vertex 290.95 5.37971 4
      vertex 291.205 6.82583 2.2
    endloop
  endfacet
  facet normal 0.160129 0.758006 0.632286
    outer loop
      vertex 290.95 5.37971 4
      vertex 291.06 6.85793 2.2
      vertex 290.942 5.3814 4
    endloop
  endfacet
  facet normal -0.662183 -0.401323 0.632813
    outer loop
      vertex 292.893 9.47508 2.2
      vertex 294.244 10.0842 4
      vertex 294.24 10.0908 4
    endloop
  endfacet
  facet normal -0.655296 -0.413882 0.631893
    outer loop
      vertex 294.244 10.0842 4
      vertex 292.893 9.47508 2.2
      vertex 292.972 9.35 2.2
    endloop
  endfacet
  facet normal -0.416079 0.653996 0.631797
    outer loop
      vertex 293.008 5.94125 3.75818
      vertex 293.181 6.09954 3.70826
      vertex 292.475 7.10744 2.2
    endloop
  endfacet
  facet normal 0.233316 -0.739218 0.63176
    outer loop
      vertex 291.06 10.1421 2.2
      vertex 290.68 11.5605 4
      vertex 290.424 11.4797 4
    endloop
  endfacet
  facet normal 0.167929 0.75675 0.631767
    outer loop
      vertex 290.942 5.3814 4
      vertex 291.06 6.85793 2.2
      vertex 290.68 5.43954 4
    endloop
  endfacet
  facet normal -0.756909 0.167284 0.631748
    outer loop
      vertex 293.142 8.06001 2.2
      vertex 294.62 7.94981 4
      vertex 293.174 8.2048 2.2
    endloop
  endfacet
  facet normal -0.765906 0.100513 0.635047
    outer loop
      vertex 294.62 7.94981 4
      vertex 293.142 8.06001 2.2
      vertex 294.619 7.94219 4
    endloop
  endfacet
  facet normal -0.0329152 0.774475 0.631748
    outer loop
      vertex 291.648 6.80647 2.2
      vertex 291.768 5.34329 4
      vertex 291.776 5.34363 4
    endloop
  endfacet
  facet normal -0.0338547 0.77442 0.631766
    outer loop
      vertex 291.768 5.34329 4
      vertex 291.648 6.80647 2.2
      vertex 291.5 6.8 2.2
    endloop
  endfacet
  facet normal 0.296807 -0.716033 0.631825
    outer loop
      vertex 290.782 10.0407 2.2
      vertex 290.409 11.4744 4
      vertex 290.161 11.3716 4
    endloop
  endfacet
  facet normal -0.100904 -0.768545 0.631789
    outer loop
      vertex 291.795 10.1742 2.2
      vertex 291.776 11.6564 4
      vertex 291.648 10.1935 2.2
    endloop
  endfacet
  facet normal -0.105626 -0.768191 0.631448
    outer loop
      vertex 291.776 11.6564 4
      vertex 291.795 10.1742 2.2
      vertex 291.784 11.6553 4
    endloop
  endfacet
  facet normal -0.471059 0.615747 0.631632
    outer loop
      vertex 292.593 7.19772 2.2
      vertex 293.345 6.25033 3.68439
      vertex 293.369 6.27225 3.68092
    endloop
  endfacet
  facet normal -0.471084 0.615728 0.631633
    outer loop
      vertex 293.345 6.25033 3.68439
      vertex 292.593 7.19772 2.2
      vertex 292.475 7.10744 2.2
    endloop
  endfacet
  facet normal -0.563765 -0.531854 0.631902
    outer loop
      vertex 293.735 10.7457 4
      vertex 292.702 9.70208 2.2
      vertex 293.74 10.7404 4
    endloop
  endfacet
  facet normal -0.524517 -0.570639 0.631865
    outer loop
      vertex 292.702 9.70208 2.2
      vertex 293.735 10.7457 4
      vertex 292.593 9.80227 2.2
    endloop
  endfacet
  facet normal 0.652981 0.41795 0.631612
    outer loop
      vertex 288.905 6.68267 4
      vertex 290.107 7.52492 2.2
      vertex 288.76 6.90921 4
    endloop
  endfacet
  facet normal -0.35686 0.688105 0.631793
    outer loop
      vertex 292.787 5.73907 3.85036
      vertex 292.969 5.90512 3.77231
      vertex 292.218 6.95928 2.2
    endloop
  endfacet
  facet normal 0.358219 0.687383 0.63181
    outer loop
      vertex 290.161 5.62843 4
      vertex 290.782 6.95928 2.2
      vertex 289.923 5.75246 4
    endloop
  endfacet
  facet normal 0.756293 -0.170154 0.631718
    outer loop
      vertex 289.858 8.93999 2.2
      vertex 288.44 9.32005 4
      vertex 288.381 9.05781 4
    endloop
  endfacet
  facet normal -0.417165 -0.653356 0.631742
    outer loop
      vertex 293.317 11.0954 4
      vertex 293.091 11.2397 4
      vertex 292.475 9.89256 2.2
    endloop
  endfacet
  facet normal 0.765906 -0.100513 0.635047
    outer loop
      vertex 288.38 9.05019 4
      vertex 289.858 8.93999 2.2
      vertex 288.381 9.05781 4
    endloop
  endfacet
  facet normal 0.756909 -0.167284 0.631748
    outer loop
      vertex 289.858 8.93999 2.2
      vertex 288.38 9.05019 4
      vertex 289.826 8.7952 2.2
    endloop
  endfacet
  facet normal 0.222794 -0.742646 0.631538
    outer loop
      vertex 290.919 10.0975 2.2
      vertex 290.424 11.4797 4
      vertex 290.416 11.4773 4
    endloop
  endfacet
  facet normal 0.233769 -0.739047 0.631792
    outer loop
      vertex 290.424 11.4797 4
      vertex 290.919 10.0975 2.2
      vertex 291.06 10.1421 2.2
    endloop
  endfacet
  facet normal 0.524546 0.570614 0.631863
    outer loop
      vertex 290.298 7.29792 2.2
      vertex 289.265 6.25431 4
      vertex 290.407 7.19772 2.2
    endloop
  endfacet
  facet normal 0.562747 0.532905 0.631924
    outer loop
      vertex 289.265 6.25431 4
      vertex 290.298 7.29792 2.2
      vertex 289.26 6.25959 4
    endloop
  endfacet
  facet normal 0.768694 -0.099443 0.631839
    outer loop
      vertex 288.344 8.77615 4
      vertex 289.826 8.7952 2.2
      vertex 288.345 8.78388 4
    endloop
  endfacet
  facet normal 0.76832 -0.104505 0.631477
    outer loop
      vertex 289.826 8.7952 2.2
      vertex 288.344 8.77615 4
      vertex 289.806 8.64816 2.2
    endloop
  endfacet
  facet normal 0.687584 0.357846 0.631803
    outer loop
      vertex 288.752 6.92271 4
      vertex 289.959 7.78155 2.2
      vertex 288.628 7.16097 4
    endloop
  endfacet
  facet normal 0.0338376 0.774422 0.631764
    outer loop
      vertex 291.5 5.33158 4
      vertex 291.5 6.8 2.2
      vertex 291.232 5.34329 4
    endloop
  endfacet
  facet normal -0.523779 -0.571396 0.631793
    outer loop
      vertex 293.735 10.7457 4
      vertex 293.537 10.9272 4
      vertex 292.593 9.80227 2.2
    endloop
  endfacet
  facet normal 0.615798 -0.471024 0.631608
    outer loop
      vertex 290.107 9.47508 2.2
      vertex 289.068 10.5304 4
      vertex 288.905 10.3173 4
    endloop
  endfacet
  facet normal -0.73858 0.234984 0.631888
    outer loop
      vertex 293.097 7.91857 2.2
      vertex 294.462 7.43213 3.97637
      vertex 293.142 8.06001 2.2
    endloop
  endfacet
  facet normal -0.740395 0.229497 0.63178
    outer loop
      vertex 294.462 7.43213 3.97637
      vertex 293.097 7.91857 2.2
      vertex 294.455 7.42444 3.97096
    endloop
  endfacet
  facet normal -0.652773 0.418333 0.631573
    outer loop
      vertex 293.9 6.81918 3.70826
      vertex 294.059 6.99192 3.75818
      vertex 292.893 7.52492 2.2
    endloop
  endfacet
  facet normal 0.613085 0.474169 0.631894
    outer loop
      vertex 289.068 6.46957 4
      vertex 290.198 7.40726 2.2
      vertex 290.107 7.52492 2.2
    endloop
  endfacet
  facet normal 0.602808 0.48692 0.632085
    outer loop
      vertex 290.198 7.40726 2.2
      vertex 289.068 6.46957 4
      vertex 289.073 6.46338 4
    endloop
  endfacet
  facet normal 0.471083 0.615726 0.631634
    outer loop
      vertex 290.407 7.19772 2.2
      vertex 289.47 6.0681 4
      vertex 290.525 7.10744 2.2
    endloop
  endfacet
  facet normal 0.435983 0.642502 0.630166
    outer loop
      vertex 289.47 6.0681 4
      vertex 290.407 7.19772 2.2
      vertex 289.463 6.07285 4
    endloop
  endfacet
  facet normal -0.523637 0.571686 0.631648
    outer loop
      vertex 293.369 6.27225 3.68092
      vertex 293.532 6.42155 3.68092
      vertex 292.593 7.19772 2.2
    endloop
  endfacet
  facet normal 0.686313 0.359982 0.631971
    outer loop
      vertex 288.752 6.92271 4
      vertex 290.028 7.65 2.2
      vertex 289.959 7.78155 2.2
    endloop
  endfacet
  facet normal 0.670805 0.387749 0.632196
    outer loop
      vertex 290.028 7.65 2.2
      vertex 288.752 6.92271 4
      vertex 288.756 6.91579 4
    endloop
  endfacet
  facet normal -0.296681 0.71609 0.631819
    outer loop
      vertex 292.081 6.90252 2.2
      vertex 292.584 5.55255 3.96622
      vertex 292.218 6.95928 2.2
    endloop
  endfacet
  facet normal -0.305395 0.71259 0.631625
    outer loop
      vertex 292.584 5.55255 3.96622
      vertex 292.081 6.90252 2.2
      vertex 292.576 5.54492 3.97096
    endloop
  endfacet
  facet normal -0.226274 0.741487 0.631662
    outer loop
      vertex 292.081 6.90252 2.2
      vertex 292.568 5.53787 3.97637
      vertex 292.576 5.54492 3.97096
    endloop
  endfacet
  facet normal -0.233715 0.739039 0.631822
    outer loop
      vertex 292.568 5.53787 3.97637
      vertex 292.081 6.90252 2.2
      vertex 291.94 6.85793 2.2
    endloop
  endfacet
  facet normal 0.523779 -0.571396 0.631793
    outer loop
      vertex 290.407 9.80227 2.2
      vertex 289.463 10.9272 4
      vertex 289.265 10.7457 4
    endloop
  endfacet
  facet normal 0.417204 0.653327 0.631748
    outer loop
      vertex 289.909 5.76026 4
      vertex 290.525 7.10744 2.2
      vertex 289.683 5.90458 4
    endloop
  endfacet
  facet normal -0.768319 0.104512 0.631477
    outer loop
      vertex 293.174 8.2048 2.2
      vertex 294.656 8.22385 4
      vertex 293.194 8.35183 2.2
    endloop
  endfacet
  facet normal -0.768703 0.0993157 0.631848
    outer loop
      vertex 294.656 8.22385 4
      vertex 293.174 8.2048 2.2
      vertex 294.655 8.21611 4
    endloop
  endfacet
  facet normal 0.417165 -0.653356 0.631742
    outer loop
      vertex 290.525 9.89256 2.2
      vertex 289.909 11.2397 4
      vertex 289.683 11.0954 4
    endloop
  endfacet
  facet normal 0.233721 0.739061 0.631794
    outer loop
      vertex 290.919 6.90252 2.2
      vertex 290.424 5.52031 4
      vertex 291.06 6.85793 2.2
    endloop
  endfacet
  facet normal 0.218552 0.744006 0.63142
    outer loop
      vertex 290.424 5.52031 4
      vertex 290.919 6.90252 2.2
      vertex 290.416 5.52266 4
    endloop
  endfacet
  facet normal 0.0338089 -0.774426 0.63176
    outer loop
      vertex 291.5 10.2 2.2
      vertex 291.5 11.6684 4
      vertex 291.232 11.6567 4
    endloop
  endfacet
  facet normal -0.296807 -0.716033 0.631825
    outer loop
      vertex 292.839 11.3716 4
      vertex 292.591 11.4744 4
      vertex 292.218 10.0407 2.2
    endloop
  endfacet
  facet normal -0.361589 0.685573 0.631857
    outer loop
      vertex 292.35 7.02776 2.2
      vertex 292.969 5.90512 3.77231
      vertex 292.988 5.9228 3.764
    endloop
  endfacet
  facet normal -0.356952 0.68805 0.6318
    outer loop
      vertex 292.969 5.90512 3.77231
      vertex 292.35 7.02776 2.2
      vertex 292.218 6.95928 2.2
    endloop
  endfacet
  facet normal 0.167819 -0.756774 0.631767
    outer loop
      vertex 291.06 10.1421 2.2
      vertex 290.942 11.6186 4
      vertex 290.68 11.5605 4
    endloop
  endfacet
  facet normal -0.098016 0.768753 0.631991
    outer loop
      vertex 291.795 6.82583 2.2
      vertex 291.776 5.34363 4
      vertex 291.784 5.34465 4
    endloop
  endfacet
  facet normal -0.101215 0.768522 0.631767
    outer loop
      vertex 291.776 5.34363 4
      vertex 291.795 6.82583 2.2
      vertex 291.648 6.80647 2.2
    endloop
  endfacet
  facet normal -0.160129 0.758006 0.632286
    outer loop
      vertex 291.94 6.85793 2.2
      vertex 292.05 5.37971 4
      vertex 292.058 5.3814 4
    endloop
  endfacet
  facet normal -0.167546 0.75683 0.631773
    outer loop
      vertex 292.05 5.37971 4
      vertex 291.94 6.85793 2.2
      vertex 291.795 6.82583 2.2
    endloop
  endfacet
  facet normal 0.768577 -0.101011 0.631733
    outer loop
      vertex 289.826 8.7952 2.2
      vertex 288.38 9.05019 4
      vertex 288.345 8.78388 4
    endloop
  endfacet
  facet normal 0.774601 0.0313667 0.631672
    outer loop
      vertex 288.343 8.23165 4
      vertex 289.806 8.35183 2.2
      vertex 289.8 8.5 2.2
    endloop
  endfacet
  facet normal 0.768996 0.0985892 0.631605
    outer loop
      vertex 289.806 8.35183 2.2
      vertex 288.343 8.23165 4
      vertex 288.344 8.22385 4
    endloop
  endfacet
  facet normal -0.101293 0.768509 0.63177
    outer loop
      vertex 292.05 5.37971 4
      vertex 291.795 6.82583 2.2
      vertex 291.784 5.34465 4
    endloop
  endfacet
  facet normal 0.101293 0.768509 0.63177
    outer loop
      vertex 291.216 5.34465 4
      vertex 291.205 6.82583 2.2
      vertex 290.95 5.37971 4
    endloop
  endfacet
  facet normal -0.167547 -0.756834 0.631768
    outer loop
      vertex 291.94 10.1421 2.2
      vertex 292.05 11.6203 4
      vertex 291.795 10.1742 2.2
    endloop
  endfacet
  facet normal -0.161047 -0.757867 0.632219
    outer loop
      vertex 292.05 11.6203 4
      vertex 291.94 10.1421 2.2
      vertex 292.058 11.6186 4
    endloop
  endfacet
  facet normal -0.670319 -0.388591 0.632194
    outer loop
      vertex 292.972 9.35 2.2
      vertex 294.248 10.0773 4
      vertex 294.244 10.0842 4
    endloop
  endfacet
  facet normal -0.686313 -0.359981 0.631972
    outer loop
      vertex 294.248 10.0773 4
      vertex 292.972 9.35 2.2
      vertex 293.041 9.21845 2.2
    endloop
  endfacet
  facet normal 0.738496 0.234957 0.631996
    outer loop
      vertex 288.52 7.42378 4
      vertex 289.903 7.91857 2.2
      vertex 289.858 8.06001 2.2
    endloop
  endfacet
  facet normal 0.718785 0.289833 0.631937
    outer loop
      vertex 289.903 7.91857 2.2
      vertex 288.52 7.42378 4
      vertex 288.523 7.41634 4
    endloop
  endfacet
  facet normal -0.615798 -0.471024 0.631608
    outer loop
      vertex 294.095 10.3173 4
      vertex 293.932 10.5304 4
      vertex 292.893 9.47508 2.2
    endloop
  endfacet
  facet normal -0.765906 -0.100513 0.635047
    outer loop
      vertex 293.142 8.93999 2.2
      vertex 294.62 9.05019 4
      vertex 294.619 9.05781 4
    endloop
  endfacet
  facet normal -0.756909 -0.167284 0.631748
    outer loop
      vertex 294.62 9.05019 4
      vertex 293.142 8.93999 2.2
      vertex 293.174 8.7952 2.2
    endloop
  endfacet
  facet normal 0.296786 0.716052 0.631812
    outer loop
      vertex 290.409 5.52564 4
      vertex 290.782 6.95928 2.2
      vertex 290.161 5.62843 4
    endloop
  endfacet
  facet normal 0.717465 0.293227 0.631872
    outer loop
      vertex 288.523 7.41634 4
      vertex 289.959 7.78155 2.2
      vertex 289.903 7.91857 2.2
    endloop
  endfacet
  facet normal 0.715983 0.2975 0.631556
    outer loop
      vertex 289.959 7.78155 2.2
      vertex 288.523 7.41634 4
      vertex 288.526 7.40912 4
    endloop
  endfacet
  facet normal 0.471114 -0.615699 0.631637
    outer loop
      vertex 289.47 10.9319 4
      vertex 290.407 9.80227 2.2
      vertex 290.525 9.89256 2.2
    endloop
  endfacet
  facet normal 0.432908 -0.644757 0.629984
    outer loop
      vertex 290.407 9.80227 2.2
      vertex 289.47 10.9319 4
      vertex 289.463 10.9272 4
    endloop
  endfacet
  facet normal 0.472053 0.614893 0.631722
    outer loop
      vertex 289.683 5.90458 4
      vertex 290.525 7.10744 2.2
      vertex 289.47 6.0681 4
    endloop
  endfacet
  facet normal -0.687661 0.357851 0.631716
    outer loop
      vertex 294.095 7.03135 3.77231
      vertex 294.261 7.21256 3.85036
      vertex 293.041 7.78155 2.2
    endloop
  endfacet
  facet normal -0.716743 0.295394 0.631682
    outer loop
      vertex 294.261 7.21256 3.85036
      vertex 294.447 7.41611 3.96622
      vertex 293.041 7.78155 2.2
    endloop
  endfacet
  facet normal -0.655334 0.413906 0.631838
    outer loop
      vertex 292.893 7.52492 2.2
      vertex 294.077 7.01205 3.764
      vertex 292.972 7.65 2.2
    endloop
  endfacet
  facet normal -0.659273 0.406661 0.632445
    outer loop
      vertex 294.077 7.01205 3.764
      vertex 292.893 7.52492 2.2
      vertex 294.059 6.99192 3.75818
    endloop
  endfacet
  facet normal -0.65295 -0.418003 0.631609
    outer loop
      vertex 294.24 10.0908 4
      vertex 294.095 10.3173 4
      vertex 292.893 9.47508 2.2
    endloop
  endfacet
  facet normal -0.603197 -0.486449 0.632076
    outer loop
      vertex 292.802 9.59274 2.2
      vertex 293.932 10.5304 4
      vertex 293.927 10.5366 4
    endloop
  endfacet
  facet normal -0.613088 -0.474171 0.63189
    outer loop
      vertex 293.932 10.5304 4
      vertex 292.802 9.59274 2.2
      vertex 292.893 9.47508 2.2
    endloop
  endfacet
  facet normal 0.670319 -0.388591 0.632194
    outer loop
      vertex 288.752 10.0773 4
      vertex 290.028 9.35 2.2
      vertex 288.756 10.0842 4
    endloop
  endfacet
  facet normal 0.686313 -0.359981 0.631972
    outer loop
      vertex 290.028 9.35 2.2
      vertex 288.752 10.0773 4
      vertex 289.959 9.21845 2.2
    endloop
  endfacet
  facet normal -0.533792 -0.561886 0.631941
    outer loop
      vertex 292.702 9.70208 2.2
      vertex 293.746 10.7347 4
      vertex 293.74 10.7404 4
    endloop
  endfacet
  facet normal -0.571965 -0.523107 0.631835
    outer loop
      vertex 293.746 10.7347 4
      vertex 292.702 9.70208 2.2
      vertex 292.802 9.59274 2.2
    endloop
  endfacet
  facet normal -0.715857 -0.29786 0.631529
    outer loop
      vertex 293.041 9.21845 2.2
      vertex 294.477 9.58366 4
      vertex 294.474 9.59087 4
    endloop
  endfacet
  facet normal -0.717465 -0.293227 0.631872
    outer loop
      vertex 294.477 9.58366 4
      vertex 293.041 9.21845 2.2
      vertex 293.097 9.08143 2.2
    endloop
  endfacet
  facet normal 0.768703 0.0993157 0.631848
    outer loop
      vertex 289.826 8.2048 2.2
      vertex 288.344 8.22385 4
      vertex 288.345 8.21611 4
    endloop
  endfacet
  facet normal 0.768319 0.104512 0.631477
    outer loop
      vertex 288.344 8.22385 4
      vertex 289.826 8.2048 2.2
      vertex 289.806 8.35183 2.2
    endloop
  endfacet
  facet normal 0.768576 0.101015 0.631733
    outer loop
      vertex 288.38 7.94981 4
      vertex 289.826 8.2048 2.2
      vertex 288.345 8.21611 4
    endloop
  endfacet
  facet normal -0.472018 -0.614923 0.631719
    outer loop
      vertex 293.53 10.9319 4
      vertex 293.317 11.0954 4
      vertex 292.475 9.89256 2.2
    endloop
  endfacet
  facet normal 0.571969 0.523111 0.631828
    outer loop
      vertex 289.254 6.26534 4
      vertex 290.298 7.29792 2.2
      vertex 290.198 7.40726 2.2
    endloop
  endfacet
  facet normal 0.536215 0.559529 0.631982
    outer loop
      vertex 290.298 7.29792 2.2
      vertex 289.254 6.26534 4
      vertex 289.26 6.25959 4
    endloop
  endfacet
  facet normal -0.572237 -0.522841 0.631809
    outer loop
      vertex 293.927 10.5366 4
      vertex 293.746 10.7347 4
      vertex 292.802 9.59274 2.2
    endloop
  endfacet
  facet normal 0.687589 -0.357834 0.631803
    outer loop
      vertex 289.959 9.21845 2.2
      vertex 288.752 10.0773 4
      vertex 288.628 9.83903 4
    endloop
  endfacet
  facet normal 0.718785 -0.289833 0.631937
    outer loop
      vertex 288.52 9.57622 4
      vertex 289.903 9.08143 2.2
      vertex 288.523 9.58366 4
    endloop
  endfacet
  facet normal 0.738496 -0.234957 0.631996
    outer loop
      vertex 289.903 9.08143 2.2
      vertex 288.52 9.57622 4
      vertex 289.858 8.93999 2.2
    endloop
  endfacet
  facet normal 0.715857 -0.29786 0.631529
    outer loop
      vertex 288.523 9.58366 4
      vertex 289.959 9.21845 2.2
      vertex 288.526 9.59087 4
    endloop
  endfacet
  facet normal 0.717465 -0.293227 0.631872
    outer loop
      vertex 289.959 9.21845 2.2
      vertex 288.523 9.58366 4
      vertex 289.903 9.08143 2.2
    endloop
  endfacet
  facet normal 0.756293 0.170154 0.631718
    outer loop
      vertex 288.44 7.67995 4
      vertex 289.858 8.06001 2.2
      vertex 288.381 7.94219 4
    endloop
  endfacet
  facet normal 0.296663 -0.716083 0.631835
    outer loop
      vertex 290.782 10.0407 2.2
      vertex 290.416 11.4773 4
      vertex 290.409 11.4744 4
    endloop
  endfacet
  facet normal 0.296859 -0.716015 0.631821
    outer loop
      vertex 290.416 11.4773 4
      vertex 290.782 10.0407 2.2
      vertex 290.919 10.0975 2.2
    endloop
  endfacet
  facet normal -0.432908 -0.644757 0.629984
    outer loop
      vertex 293.53 10.9319 4
      vertex 292.593 9.80227 2.2
      vertex 293.537 10.9272 4
    endloop
  endfacet
  facet normal -0.471114 -0.615699 0.631637
    outer loop
      vertex 292.593 9.80227 2.2
      vertex 293.53 10.9319 4
      vertex 292.475 9.89256 2.2
    endloop
  endfacet
  facet normal 0.774563 -0.0317503 0.631699
    outer loop
      vertex 289.8 8.5 2.2
      vertex 288.343 8.76835 4
      vertex 288.332 8.5 4
    endloop
  endfacet
  facet normal 0.533792 -0.561886 0.631941
    outer loop
      vertex 289.254 10.7347 4
      vertex 290.298 9.70208 2.2
      vertex 289.26 10.7404 4
    endloop
  endfacet
  facet normal 0.571965 -0.523107 0.631835
    outer loop
      vertex 290.298 9.70208 2.2
      vertex 289.254 10.7347 4
      vertex 290.198 9.59274 2.2
    endloop
  endfacet
  facet normal 0.524517 -0.570639 0.631865
    outer loop
      vertex 289.265 10.7457 4
      vertex 290.298 9.70208 2.2
      vertex 290.407 9.80227 2.2
    endloop
  endfacet
  facet normal 0.563765 -0.531854 0.631902
    outer loop
      vertex 290.298 9.70208 2.2
      vertex 289.265 10.7457 4
      vertex 289.26 10.7404 4
    endloop
  endfacet
  facet normal 0.41668 0.653677 0.631732
    outer loop
      vertex 290.525 7.10744 2.2
      vertex 289.916 5.75607 4
      vertex 290.65 7.02776 2.2
    endloop
  endfacet
  facet normal 0.397546 0.664158 0.633128
    outer loop
      vertex 289.916 5.75607 4
      vertex 290.525 7.10744 2.2
      vertex 289.909 5.76026 4
    endloop
  endfacet
  facet normal -0.756293 -0.170154 0.631718
    outer loop
      vertex 294.619 9.05781 4
      vertex 294.56 9.32005 4
      vertex 293.142 8.93999 2.2
    endloop
  endfacet
  facet normal 0.756909 0.167284 0.631748
    outer loop
      vertex 288.38 7.94981 4
      vertex 289.858 8.06001 2.2
      vertex 289.826 8.2048 2.2
    endloop
  endfacet
  facet normal 0.765906 0.100513 0.635047
    outer loop
      vertex 289.858 8.06001 2.2
      vertex 288.38 7.94981 4
      vertex 288.381 7.94219 4
    endloop
  endfacet
  facet normal -0.718785 -0.289833 0.631937
    outer loop
      vertex 293.097 9.08143 2.2
      vertex 294.48 9.57622 4
      vertex 294.477 9.58366 4
    endloop
  endfacet
  facet normal -0.738496 -0.234957 0.631996
    outer loop
      vertex 294.48 9.57622 4
      vertex 293.097 9.08143 2.2
      vertex 293.142 8.93999 2.2
    endloop
  endfacet
  facet normal -0.768577 -0.101011 0.631733
    outer loop
      vertex 294.655 8.78388 4
      vertex 294.62 9.05019 4
      vertex 293.174 8.7952 2.2
    endloop
  endfacet
  facet normal -0.768694 -0.099443 0.631839
    outer loop
      vertex 293.174 8.7952 2.2
      vertex 294.656 8.77615 4
      vertex 294.655 8.78388 4
    endloop
  endfacet
  facet normal -0.76832 -0.104505 0.631477
    outer loop
      vertex 294.656 8.77615 4
      vertex 293.174 8.7952 2.2
      vertex 293.194 8.64816 2.2
    endloop
  endfacet
  facet normal -0.990871 -0.134812 0
    outer loop
      vertex 293.194 141.648 0
      vertex 293.174 141.795 2.2
      vertex 293.174 141.795 0
    endloop
  endfacet
  facet normal -0.990871 -0.134812 0
    outer loop
      vertex 293.174 141.795 2.2
      vertex 293.194 141.648 0
      vertex 293.194 141.648 2.2
    endloop
  endfacet
  facet normal -0.999179 -0.0405073 0
    outer loop
      vertex 293.2 141.5 0
      vertex 293.194 141.648 2.2
      vertex 293.194 141.648 0
    endloop
  endfacet
  facet normal -0.999179 -0.0405073 0
    outer loop
      vertex 293.194 141.648 2.2
      vertex 293.2 141.5 0
      vertex 293.2 141.5 2.2
    endloop
  endfacet
  facet normal -0.976503 -0.215504 0
    outer loop
      vertex 293.174 141.795 0
      vertex 293.142 141.94 2.2
      vertex 293.142 141.94 0
    endloop
  endfacet
  facet normal -0.976503 -0.215504 0
    outer loop
      vertex 293.142 141.94 2.2
      vertex 293.174 141.795 0
      vertex 293.174 141.795 2.2
    endloop
  endfacet
  facet normal 0.215504 -0.976503 0
    outer loop
      vertex 291.06 143.142 0
      vertex 291.205 143.174 2.2
      vertex 291.06 143.142 2.2
    endloop
  endfacet
  facet normal 0.215504 -0.976503 0
    outer loop
      vertex 291.205 143.174 2.2
      vertex 291.06 143.142 0
      vertex 291.205 143.174 0
    endloop
  endfacet
  facet normal -0.845328 -0.534247 0
    outer loop
      vertex 292.972 142.35 0
      vertex 292.893 142.475 2.2
      vertex 292.893 142.475 0
    endloop
  endfacet
  facet normal -0.845328 -0.534247 0
    outer loop
      vertex 292.893 142.475 2.2
      vertex 292.972 142.35 0
      vertex 292.972 142.35 2.2
    endloop
  endfacet
  facet normal 0.976503 0.215504 0
    outer loop
      vertex 289.858 141.06 2.2
      vertex 289.826 141.205 0
      vertex 289.826 141.205 2.2
    endloop
  endfacet
  facet normal 0.976503 0.215504 0
    outer loop
      vertex 289.826 141.205 0
      vertex 289.858 141.06 2.2
      vertex 289.858 141.06 0
    endloop
  endfacet
  facet normal -0.736873 -0.676031 0
    outer loop
      vertex 292.802 142.593 0
      vertex 292.702 142.702 2.2
      vertex 292.702 142.702 0
    endloop
  endfacet
  facet normal -0.736873 -0.676031 0
    outer loop
      vertex 292.702 142.702 2.2
      vertex 292.802 142.593 0
      vertex 292.802 142.593 2.2
    endloop
  endfacet
  facet normal -0.999179 0.0405073 0
    outer loop
      vertex 293.194 141.352 0
      vertex 293.2 141.5 2.2
      vertex 293.2 141.5 0
    endloop
  endfacet
  facet normal -0.999179 0.0405073 0
    outer loop
      vertex 293.2 141.5 2.2
      vertex 293.194 141.352 0
      vertex 293.194 141.352 2.2
    endloop
  endfacet
  facet normal -0.676031 0.736873 0
    outer loop
      vertex 292.702 140.298 0
      vertex 292.593 140.198 2.2
      vertex 292.702 140.298 2.2
    endloop
  endfacet
  facet normal -0.676031 0.736873 0
    outer loop
      vertex 292.593 140.198 2.2
      vertex 292.702 140.298 0
      vertex 292.593 140.198 0
    endloop
  endfacet
  facet normal 0.791875 -0.610683 0
    outer loop
      vertex 290.107 142.475 2.2
      vertex 290.198 142.593 0
      vertex 290.198 142.593 2.2
    endloop
  endfacet
  facet normal 0.791875 -0.610683 0
    outer loop
      vertex 290.198 142.593 0
      vertex 290.107 142.475 2.2
      vertex 290.107 142.475 0
    endloop
  endfacet
  facet normal -0.37837 0.925655 0
    outer loop
      vertex 292.218 139.959 0
      vertex 292.081 139.903 2.2
      vertex 292.218 139.959 2.2
    endloop
  endfacet
  facet normal -0.37837 0.925655 0
    outer loop
      vertex 292.081 139.903 2.2
      vertex 292.218 139.959 0
      vertex 292.081 139.903 0
    endloop
  endfacet
  facet normal -0.952659 -0.30404 0
    outer loop
      vertex 293.142 141.94 0
      vertex 293.097 142.081 2.2
      vertex 293.097 142.081 0
    endloop
  endfacet
  facet normal -0.952659 -0.30404 0
    outer loop
      vertex 293.097 142.081 2.2
      vertex 293.142 141.94 0
      vertex 293.142 141.94 2.2
    endloop
  endfacet
  facet normal -0.134812 0.990871 0
    outer loop
      vertex 291.795 139.826 0
      vertex 291.648 139.806 2.2
      vertex 291.795 139.826 2.2
    endloop
  endfacet
  facet normal -0.134812 0.990871 0
    outer loop
      vertex 291.648 139.806 2.2
      vertex 291.795 139.826 0
      vertex 291.648 139.806 0
    endloop
  endfacet
  facet normal 0.976503 -0.215504 0
    outer loop
      vertex 289.826 141.795 2.2
      vertex 289.858 141.94 0
      vertex 289.858 141.94 2.2
    endloop
  endfacet
  facet normal 0.976503 -0.215504 0
    outer loop
      vertex 289.858 141.94 0
      vertex 289.826 141.795 2.2
      vertex 289.826 141.795 0
    endloop
  endfacet
  facet normal 0.610683 -0.791875 0
    outer loop
      vertex 290.407 142.802 0
      vertex 290.525 142.893 2.2
      vertex 290.407 142.802 2.2
    endloop
  endfacet
  facet normal 0.610683 -0.791875 0
    outer loop
      vertex 290.525 142.893 2.2
      vertex 290.407 142.802 0
      vertex 290.525 142.893 0
    endloop
  endfacet
  facet normal 0.0405073 -0.999179 0
    outer loop
      vertex 291.352 143.194 0
      vertex 291.5 143.2 2.2
      vertex 291.352 143.194 2.2
    endloop
  endfacet
  facet normal 0.0405073 -0.999179 0
    outer loop
      vertex 291.5 143.2 2.2
      vertex 291.352 143.194 0
      vertex 291.5 143.2 0
    endloop
  endfacet
  facet normal 0.610683 0.791875 -0
    outer loop
      vertex 290.525 140.107 0
      vertex 290.407 140.198 2.2
      vertex 290.525 140.107 2.2
    endloop
  endfacet
  facet normal 0.610683 0.791875 0
    outer loop
      vertex 290.407 140.198 2.2
      vertex 290.525 140.107 0
      vertex 290.407 140.198 0
    endloop
  endfacet
  facet normal 0.37837 -0.925655 0
    outer loop
      vertex 290.782 143.041 0
      vertex 290.919 143.097 2.2
      vertex 290.782 143.041 2.2
    endloop
  endfacet
  facet normal 0.37837 -0.925655 0
    outer loop
      vertex 290.919 143.097 2.2
      vertex 290.782 143.041 0
      vertex 290.919 143.097 0
    endloop
  endfacet
  facet normal 0.999179 -0.0405073 0
    outer loop
      vertex 289.8 141.5 2.2
      vertex 289.806 141.648 0
      vertex 289.806 141.648 2.2
    endloop
  endfacet
  facet normal 0.999179 -0.0405073 0
    outer loop
      vertex 289.806 141.648 0
      vertex 289.8 141.5 2.2
      vertex 289.8 141.5 0
    endloop
  endfacet
  facet normal -0.30404 -0.952659 0
    outer loop
      vertex 291.94 143.142 0
      vertex 292.081 143.097 2.2
      vertex 291.94 143.142 2.2
    endloop
  endfacet
  facet normal -0.30404 -0.952659 -0
    outer loop
      vertex 292.081 143.097 2.2
      vertex 291.94 143.142 0
      vertex 292.081 143.097 0
    endloop
  endfacet
  facet normal 0.30404 -0.952659 0
    outer loop
      vertex 290.919 143.097 0
      vertex 291.06 143.142 2.2
      vertex 290.919 143.097 2.2
    endloop
  endfacet
  facet normal 0.30404 -0.952659 0
    outer loop
      vertex 291.06 143.142 2.2
      vertex 290.919 143.097 0
      vertex 291.06 143.142 0
    endloop
  endfacet
  facet normal -0.925655 -0.37837 0
    outer loop
      vertex 293.097 142.081 0
      vertex 293.041 142.218 2.2
      vertex 293.041 142.218 0
    endloop
  endfacet
  facet normal -0.925655 -0.37837 0
    outer loop
      vertex 293.041 142.218 2.2
      vertex 293.097 142.081 0
      vertex 293.097 142.081 2.2
    endloop
  endfacet
  facet normal -0.30404 0.952659 0
    outer loop
      vertex 292.081 139.903 0
      vertex 291.94 139.858 2.2
      vertex 292.081 139.903 2.2
    endloop
  endfacet
  facet normal -0.30404 0.952659 0
    outer loop
      vertex 291.94 139.858 2.2
      vertex 292.081 139.903 0
      vertex 291.94 139.858 0
    endloop
  endfacet
  facet normal -0.215504 0.976503 0
    outer loop
      vertex 291.94 139.858 0
      vertex 291.795 139.826 2.2
      vertex 291.94 139.858 2.2
    endloop
  endfacet
  facet normal -0.215504 0.976503 0
    outer loop
      vertex 291.795 139.826 2.2
      vertex 291.94 139.858 0
      vertex 291.795 139.826 0
    endloop
  endfacet
  facet normal -0.610683 -0.791875 0
    outer loop
      vertex 292.475 142.893 0
      vertex 292.593 142.802 2.2
      vertex 292.475 142.893 2.2
    endloop
  endfacet
  facet normal -0.610683 -0.791875 -0
    outer loop
      vertex 292.593 142.802 2.2
      vertex 292.475 142.893 0
      vertex 292.593 142.802 0
    endloop
  endfacet
  facet normal 0.463254 0.886225 -0
    outer loop
      vertex 290.782 139.959 0
      vertex 290.65 140.028 2.2
      vertex 290.782 139.959 2.2
    endloop
  endfacet
  facet normal 0.463254 0.886225 0
    outer loop
      vertex 290.65 140.028 2.2
      vertex 290.782 139.959 0
      vertex 290.65 140.028 0
    endloop
  endfacet
  facet normal -0.0405073 -0.999179 0
    outer loop
      vertex 291.5 143.2 0
      vertex 291.648 143.194 2.2
      vertex 291.5 143.2 2.2
    endloop
  endfacet
  facet normal -0.0405073 -0.999179 -0
    outer loop
      vertex 291.648 143.194 2.2
      vertex 291.5 143.2 0
      vertex 291.648 143.194 0
    endloop
  endfacet
  facet normal 0.534247 -0.845328 0
    outer loop
      vertex 290.525 142.893 0
      vertex 290.65 142.972 2.2
      vertex 290.525 142.893 2.2
    endloop
  endfacet
  facet normal 0.534247 -0.845328 0
    outer loop
      vertex 290.65 142.972 2.2
      vertex 290.525 142.893 0
      vertex 290.65 142.972 0
    endloop
  endfacet
  facet normal -0.134812 -0.990871 0
    outer loop
      vertex 291.648 143.194 0
      vertex 291.795 143.174 2.2
      vertex 291.648 143.194 2.2
    endloop
  endfacet
  facet normal -0.134812 -0.990871 -0
    outer loop
      vertex 291.795 143.174 2.2
      vertex 291.648 143.194 0
      vertex 291.795 143.174 0
    endloop
  endfacet
  facet normal -0.791875 0.610683 0
    outer loop
      vertex 292.802 140.407 0
      vertex 292.893 140.525 2.2
      vertex 292.893 140.525 0
    endloop
  endfacet
  facet normal -0.791875 0.610683 0
    outer loop
      vertex 292.893 140.525 2.2
      vertex 292.802 140.407 0
      vertex 292.802 140.407 2.2
    endloop
  endfacet
  facet normal -0.990871 0.134812 0
    outer loop
      vertex 293.174 141.205 0
      vertex 293.194 141.352 2.2
      vertex 293.194 141.352 0
    endloop
  endfacet
  facet normal -0.990871 0.134812 0
    outer loop
      vertex 293.194 141.352 2.2
      vertex 293.174 141.205 0
      vertex 293.174 141.205 2.2
    endloop
  endfacet
  facet normal -0.952659 0.30404 0
    outer loop
      vertex 293.097 140.919 0
      vertex 293.142 141.06 2.2
      vertex 293.142 141.06 0
    endloop
  endfacet
  facet normal -0.952659 0.30404 0
    outer loop
      vertex 293.142 141.06 2.2
      vertex 293.097 140.919 0
      vertex 293.097 140.919 2.2
    endloop
  endfacet
  facet normal -0.37837 -0.925655 0
    outer loop
      vertex 292.081 143.097 0
      vertex 292.218 143.041 2.2
      vertex 292.081 143.097 2.2
    endloop
  endfacet
  facet normal -0.37837 -0.925655 -0
    outer loop
      vertex 292.218 143.041 2.2
      vertex 292.081 143.097 0
      vertex 292.218 143.041 0
    endloop
  endfacet
  facet normal 0.676031 -0.736873 0
    outer loop
      vertex 290.298 142.702 0
      vertex 290.407 142.802 2.2
      vertex 290.298 142.702 2.2
    endloop
  endfacet
  facet normal 0.676031 -0.736873 0
    outer loop
      vertex 290.407 142.802 2.2
      vertex 290.298 142.702 0
      vertex 290.407 142.802 0
    endloop
  endfacet
  facet normal 0.845328 -0.534247 0
    outer loop
      vertex 290.028 142.35 2.2
      vertex 290.107 142.475 0
      vertex 290.107 142.475 2.2
    endloop
  endfacet
  facet normal 0.845328 -0.534247 0
    outer loop
      vertex 290.107 142.475 0
      vertex 290.028 142.35 2.2
      vertex 290.028 142.35 0
    endloop
  endfacet
  facet normal 0.37837 0.925655 -0
    outer loop
      vertex 290.919 139.903 0
      vertex 290.782 139.959 2.2
      vertex 290.919 139.903 2.2
    endloop
  endfacet
  facet normal 0.37837 0.925655 0
    outer loop
      vertex 290.782 139.959 2.2
      vertex 290.919 139.903 0
      vertex 290.782 139.959 0
    endloop
  endfacet
  facet normal -0.463254 0.886225 0
    outer loop
      vertex 292.35 140.028 0
      vertex 292.218 139.959 2.2
      vertex 292.35 140.028 2.2
    endloop
  endfacet
  facet normal -0.463254 0.886225 0
    outer loop
      vertex 292.218 139.959 2.2
      vertex 292.35 140.028 0
      vertex 292.218 139.959 0
    endloop
  endfacet
  facet normal 0.30404 0.952659 -0
    outer loop
      vertex 291.06 139.858 0
      vertex 290.919 139.903 2.2
      vertex 291.06 139.858 2.2
    endloop
  endfacet
  facet normal 0.30404 0.952659 0
    outer loop
      vertex 290.919 139.903 2.2
      vertex 291.06 139.858 0
      vertex 290.919 139.903 0
    endloop
  endfacet
  facet normal -0.976503 0.215504 0
    outer loop
      vertex 293.142 141.06 0
      vertex 293.174 141.205 2.2
      vertex 293.174 141.205 0
    endloop
  endfacet
  facet normal -0.976503 0.215504 0
    outer loop
      vertex 293.174 141.205 2.2
      vertex 293.142 141.06 0
      vertex 293.142 141.06 2.2
    endloop
  endfacet
  facet normal -0.886225 -0.463254 0
    outer loop
      vertex 293.041 142.218 0
      vertex 292.972 142.35 2.2
      vertex 292.972 142.35 0
    endloop
  endfacet
  facet normal -0.886225 -0.463254 0
    outer loop
      vertex 292.972 142.35 2.2
      vertex 293.041 142.218 0
      vertex 293.041 142.218 2.2
    endloop
  endfacet
  facet normal -0.676031 -0.736873 0
    outer loop
      vertex 292.593 142.802 0
      vertex 292.702 142.702 2.2
      vertex 292.593 142.802 2.2
    endloop
  endfacet
  facet normal -0.676031 -0.736873 -0
    outer loop
      vertex 292.702 142.702 2.2
      vertex 292.593 142.802 0
      vertex 292.702 142.702 0
    endloop
  endfacet
  facet normal 0.952659 0.30404 0
    outer loop
      vertex 289.903 140.919 2.2
      vertex 289.858 141.06 0
      vertex 289.858 141.06 2.2
    endloop
  endfacet
  facet normal 0.952659 0.30404 0
    outer loop
      vertex 289.858 141.06 0
      vertex 289.903 140.919 2.2
      vertex 289.903 140.919 0
    endloop
  endfacet
  facet normal -0.0405073 0.999179 0
    outer loop
      vertex 291.648 139.806 0
      vertex 291.5 139.8 2.2
      vertex 291.648 139.806 2.2
    endloop
  endfacet
  facet normal -0.0405073 0.999179 0
    outer loop
      vertex 291.5 139.8 2.2
      vertex 291.648 139.806 0
      vertex 291.5 139.8 0
    endloop
  endfacet
  facet normal 0.134812 -0.990871 0
    outer loop
      vertex 291.205 143.174 0
      vertex 291.352 143.194 2.2
      vertex 291.205 143.174 2.2
    endloop
  endfacet
  facet normal 0.134812 -0.990871 0
    outer loop
      vertex 291.352 143.194 2.2
      vertex 291.205 143.174 0
      vertex 291.352 143.194 0
    endloop
  endfacet
  facet normal -0.886225 0.463254 0
    outer loop
      vertex 292.972 140.65 0
      vertex 293.041 140.782 2.2
      vertex 293.041 140.782 0
    endloop
  endfacet
  facet normal -0.886225 0.463254 0
    outer loop
      vertex 293.041 140.782 2.2
      vertex 292.972 140.65 0
      vertex 292.972 140.65 2.2
    endloop
  endfacet
  facet normal 0.215504 0.976503 -0
    outer loop
      vertex 291.205 139.826 0
      vertex 291.06 139.858 2.2
      vertex 291.205 139.826 2.2
    endloop
  endfacet
  facet normal 0.215504 0.976503 0
    outer loop
      vertex 291.06 139.858 2.2
      vertex 291.205 139.826 0
      vertex 291.06 139.858 0
    endloop
  endfacet
  facet normal 0.952659 -0.30404 0
    outer loop
      vertex 289.858 141.94 2.2
      vertex 289.903 142.081 0
      vertex 289.903 142.081 2.2
    endloop
  endfacet
  facet normal 0.952659 -0.30404 0
    outer loop
      vertex 289.903 142.081 0
      vertex 289.858 141.94 2.2
      vertex 289.858 141.94 0
    endloop
  endfacet
  facet normal -0.925655 0.37837 0
    outer loop
      vertex 293.041 140.782 0
      vertex 293.097 140.919 2.2
      vertex 293.097 140.919 0
    endloop
  endfacet
  facet normal -0.925655 0.37837 0
    outer loop
      vertex 293.097 140.919 2.2
      vertex 293.041 140.782 0
      vertex 293.041 140.782 2.2
    endloop
  endfacet
  facet normal 0.886225 -0.463254 0
    outer loop
      vertex 289.959 142.218 2.2
      vertex 290.028 142.35 0
      vertex 290.028 142.35 2.2
    endloop
  endfacet
  facet normal 0.886225 -0.463254 0
    outer loop
      vertex 290.028 142.35 0
      vertex 289.959 142.218 2.2
      vertex 289.959 142.218 0
    endloop
  endfacet
  facet normal 0.463254 -0.886225 0
    outer loop
      vertex 290.65 142.972 0
      vertex 290.782 143.041 2.2
      vertex 290.65 142.972 2.2
    endloop
  endfacet
  facet normal 0.463254 -0.886225 0
    outer loop
      vertex 290.782 143.041 2.2
      vertex 290.65 142.972 0
      vertex 290.782 143.041 0
    endloop
  endfacet
  facet normal 0.845328 0.534247 0
    outer loop
      vertex 290.107 140.525 2.2
      vertex 290.028 140.65 0
      vertex 290.028 140.65 2.2
    endloop
  endfacet
  facet normal 0.845328 0.534247 0
    outer loop
      vertex 290.028 140.65 0
      vertex 290.107 140.525 2.2
      vertex 290.107 140.525 0
    endloop
  endfacet
  facet normal -0.791875 -0.610683 0
    outer loop
      vertex 292.893 142.475 0
      vertex 292.802 142.593 2.2
      vertex 292.802 142.593 0
    endloop
  endfacet
  facet normal -0.791875 -0.610683 0
    outer loop
      vertex 292.802 142.593 2.2
      vertex 292.893 142.475 0
      vertex 292.893 142.475 2.2
    endloop
  endfacet
  facet normal 0.990871 -0.134812 0
    outer loop
      vertex 289.806 141.648 2.2
      vertex 289.826 141.795 0
      vertex 289.826 141.795 2.2
    endloop
  endfacet
  facet normal 0.990871 -0.134812 0
    outer loop
      vertex 289.826 141.795 0
      vertex 289.806 141.648 2.2
      vertex 289.806 141.648 0
    endloop
  endfacet
  facet normal 0.736873 -0.676031 0
    outer loop
      vertex 290.198 142.593 2.2
      vertex 290.298 142.702 0
      vertex 290.298 142.702 2.2
    endloop
  endfacet
  facet normal 0.736873 -0.676031 0
    outer loop
      vertex 290.298 142.702 0
      vertex 290.198 142.593 2.2
      vertex 290.198 142.593 0
    endloop
  endfacet
  facet normal 0.886225 0.463254 0
    outer loop
      vertex 290.028 140.65 2.2
      vertex 289.959 140.782 0
      vertex 289.959 140.782 2.2
    endloop
  endfacet
  facet normal 0.886225 0.463254 0
    outer loop
      vertex 289.959 140.782 0
      vertex 290.028 140.65 2.2
      vertex 290.028 140.65 0
    endloop
  endfacet
  facet normal 0.990871 0.134812 0
    outer loop
      vertex 289.826 141.205 2.2
      vertex 289.806 141.352 0
      vertex 289.806 141.352 2.2
    endloop
  endfacet
  facet normal 0.990871 0.134812 0
    outer loop
      vertex 289.806 141.352 0
      vertex 289.826 141.205 2.2
      vertex 289.826 141.205 0
    endloop
  endfacet
  facet normal 0.0405073 0.999179 -0
    outer loop
      vertex 291.5 139.8 0
      vertex 291.352 139.806 2.2
      vertex 291.5 139.8 2.2
    endloop
  endfacet
  facet normal 0.0405073 0.999179 0
    outer loop
      vertex 291.352 139.806 2.2
      vertex 291.5 139.8 0
      vertex 291.352 139.806 0
    endloop
  endfacet
  facet normal 0.676031 0.736873 -0
    outer loop
      vertex 290.407 140.198 0
      vertex 290.298 140.298 2.2
      vertex 290.407 140.198 2.2
    endloop
  endfacet
  facet normal 0.676031 0.736873 0
    outer loop
      vertex 290.298 140.298 2.2
      vertex 290.407 140.198 0
      vertex 290.298 140.298 0
    endloop
  endfacet
  facet normal -0.463254 -0.886225 0
    outer loop
      vertex 292.218 143.041 0
      vertex 292.35 142.972 2.2
      vertex 292.218 143.041 2.2
    endloop
  endfacet
  facet normal -0.463254 -0.886225 -0
    outer loop
      vertex 292.35 142.972 2.2
      vertex 292.218 143.041 0
      vertex 292.35 142.972 0
    endloop
  endfacet
  facet normal -0.534247 0.845328 0
    outer loop
      vertex 292.475 140.107 0
      vertex 292.35 140.028 2.2
      vertex 292.475 140.107 2.2
    endloop
  endfacet
  facet normal -0.534247 0.845328 0
    outer loop
      vertex 292.35 140.028 2.2
      vertex 292.475 140.107 0
      vertex 292.35 140.028 0
    endloop
  endfacet
  facet normal 0.925655 0.37837 0
    outer loop
      vertex 289.959 140.782 2.2
      vertex 289.903 140.919 0
      vertex 289.903 140.919 2.2
    endloop
  endfacet
  facet normal 0.925655 0.37837 0
    outer loop
      vertex 289.903 140.919 0
      vertex 289.959 140.782 2.2
      vertex 289.959 140.782 0
    endloop
  endfacet
  facet normal 0.925655 -0.37837 0
    outer loop
      vertex 289.903 142.081 2.2
      vertex 289.959 142.218 0
      vertex 289.959 142.218 2.2
    endloop
  endfacet
  facet normal 0.925655 -0.37837 0
    outer loop
      vertex 289.959 142.218 0
      vertex 289.903 142.081 2.2
      vertex 289.903 142.081 0
    endloop
  endfacet
  facet normal -0.534247 -0.845328 0
    outer loop
      vertex 292.35 142.972 0
      vertex 292.475 142.893 2.2
      vertex 292.35 142.972 2.2
    endloop
  endfacet
  facet normal -0.534247 -0.845328 -0
    outer loop
      vertex 292.475 142.893 2.2
      vertex 292.35 142.972 0
      vertex 292.475 142.893 0
    endloop
  endfacet
  facet normal 0.736873 0.676031 0
    outer loop
      vertex 290.298 140.298 2.2
      vertex 290.198 140.407 0
      vertex 290.198 140.407 2.2
    endloop
  endfacet
  facet normal 0.736873 0.676031 0
    outer loop
      vertex 290.198 140.407 0
      vertex 290.298 140.298 2.2
      vertex 290.298 140.298 0
    endloop
  endfacet
  facet normal 0.791875 0.610683 0
    outer loop
      vertex 290.198 140.407 2.2
      vertex 290.107 140.525 0
      vertex 290.107 140.525 2.2
    endloop
  endfacet
  facet normal 0.791875 0.610683 0
    outer loop
      vertex 290.107 140.525 0
      vertex 290.198 140.407 2.2
      vertex 290.198 140.407 0
    endloop
  endfacet
  facet normal -0.610683 0.791875 0
    outer loop
      vertex 292.593 140.198 0
      vertex 292.475 140.107 2.2
      vertex 292.593 140.198 2.2
    endloop
  endfacet
  facet normal -0.610683 0.791875 0
    outer loop
      vertex 292.475 140.107 2.2
      vertex 292.593 140.198 0
      vertex 292.475 140.107 0
    endloop
  endfacet
  facet normal 0.999179 0.0405073 0
    outer loop
      vertex 289.806 141.352 2.2
      vertex 289.8 141.5 0
      vertex 289.8 141.5 2.2
    endloop
  endfacet
  facet normal 0.999179 0.0405073 0
    outer loop
      vertex 289.8 141.5 0
      vertex 289.806 141.352 2.2
      vertex 289.806 141.352 0
    endloop
  endfacet
  facet normal -0.845328 0.534247 0
    outer loop
      vertex 292.893 140.525 0
      vertex 292.972 140.65 2.2
      vertex 292.972 140.65 0
    endloop
  endfacet
  facet normal -0.845328 0.534247 0
    outer loop
      vertex 292.972 140.65 2.2
      vertex 292.893 140.525 0
      vertex 292.893 140.525 2.2
    endloop
  endfacet
  facet normal -0.736873 0.676031 0
    outer loop
      vertex 292.702 140.298 0
      vertex 292.802 140.407 2.2
      vertex 292.802 140.407 0
    endloop
  endfacet
  facet normal -0.736873 0.676031 0
    outer loop
      vertex 292.802 140.407 2.2
      vertex 292.702 140.298 0
      vertex 292.702 140.298 2.2
    endloop
  endfacet
  facet normal 0.534247 0.845328 -0
    outer loop
      vertex 290.65 140.028 0
      vertex 290.525 140.107 2.2
      vertex 290.65 140.028 2.2
    endloop
  endfacet
  facet normal 0.534247 0.845328 0
    outer loop
      vertex 290.525 140.107 2.2
      vertex 290.65 140.028 0
      vertex 290.525 140.107 0
    endloop
  endfacet
  facet normal -0.215504 -0.976503 0
    outer loop
      vertex 291.795 143.174 0
      vertex 291.94 143.142 2.2
      vertex 291.795 143.174 2.2
    endloop
  endfacet
  facet normal -0.215504 -0.976503 -0
    outer loop
      vertex 291.94 143.142 2.2
      vertex 291.795 143.174 0
      vertex 291.94 143.142 0
    endloop
  endfacet
  facet normal 0.134812 0.990871 -0
    outer loop
      vertex 291.352 139.806 0
      vertex 291.205 139.826 2.2
      vertex 291.352 139.806 2.2
    endloop
  endfacet
  facet normal 0.134812 0.990871 0
    outer loop
      vertex 291.205 139.826 2.2
      vertex 291.352 139.806 0
      vertex 291.205 139.826 0
    endloop
  endfacet
  facet normal -0.73992 0.231225 0.631707
    outer loop
      vertex 294.48 140.424 4
      vertex 294.56 140.68 4
      vertex 293.142 141.06 2.2
    endloop
  endfacet
  facet normal -0.414094 -0.655212 0.631842
    outer loop
      vertex 292.475 142.893 2.2
      vertex 292.988 144.077 3.764
      vertex 292.35 142.972 2.2
    endloop
  endfacet
  facet normal -0.408452 -0.658286 0.632319
    outer loop
      vertex 292.988 144.077 3.764
      vertex 292.475 142.893 2.2
      vertex 293.008 144.059 3.75818
    endloop
  endfacet
  facet normal 0.671541 -0.383738 0.63386
    outer loop
      vertex 288.756 143.084 4
      vertex 290.107 142.475 2.2
      vertex 288.76 143.091 4
    endloop
  endfacet
  facet normal 0.655198 -0.414085 0.631861
    outer loop
      vertex 290.107 142.475 2.2
      vertex 288.756 143.084 4
      vertex 290.028 142.35 2.2
    endloop
  endfacet
  facet normal -0.774562 -0.0317917 0.631698
    outer loop
      vertex 294.668 141.5 4
      vertex 294.657 141.768 4
      vertex 293.2 141.5 2.2
    endloop
  endfacet
  facet normal -0.769265 -0.0961582 0.631652
    outer loop
      vertex 293.194 141.648 2.2
      vertex 294.657 141.768 4
      vertex 294.656 141.776 4
    endloop
  endfacet
  facet normal -0.7746 -0.0314027 0.631671
    outer loop
      vertex 294.657 141.768 4
      vertex 293.194 141.648 2.2
      vertex 293.2 141.5 2.2
    endloop
  endfacet
  facet normal 0.383738 -0.671541 0.63386
    outer loop
      vertex 290.525 142.893 2.2
      vertex 289.916 144.244 4
      vertex 289.909 144.24 4
    endloop
  endfacet
  facet normal 0.414085 -0.655198 0.631861
    outer loop
      vertex 289.916 144.244 4
      vertex 290.525 142.893 2.2
      vertex 290.65 142.972 2.2
    endloop
  endfacet
  facet normal -0.688196 -0.356774 0.631743
    outer loop
      vertex 294.261 142.787 3.85036
      vertex 294.095 142.969 3.77231
      vertex 293.041 142.218 2.2
    endloop
  endfacet
  facet normal 0.358137 -0.687392 0.631846
    outer loop
      vertex 290.782 143.041 2.2
      vertex 290.161 144.372 4
      vertex 289.923 144.248 4
    endloop
  endfacet
  facet normal -0.231225 0.73992 0.631707
    outer loop
      vertex 292.32 138.44 4
      vertex 292.576 138.52 4
      vertex 291.94 139.858 2.2
    endloop
  endfacet
  facet normal 0.774562 0.0317917 0.631698
    outer loop
      vertex 288.343 141.232 4
      vertex 289.8 141.5 2.2
      vertex 288.332 141.5 4
    endloop
  endfacet
  facet normal -0.29484 0.716865 0.631802
    outer loop
      vertex 292.591 138.526 4
      vertex 292.839 138.628 4
      vertex 292.218 139.959 2.2
    endloop
  endfacet
  facet normal 0.572093 -0.522974 0.631829
    outer loop
      vertex 290.198 142.593 2.2
      vertex 289.254 143.735 4
      vertex 289.073 143.537 4
    endloop
  endfacet
  facet normal 0.471182 -0.615716 0.63157
    outer loop
      vertex 290.525 142.893 2.2
      vertex 289.683 144.095 4
      vertex 289.47 143.932 4
    endloop
  endfacet
  facet normal 0.359039 0.686857 0.631917
    outer loop
      vertex 290.65 140.028 2.2
      vertex 289.923 138.752 4
      vertex 290.782 139.959 2.2
    endloop
  endfacet
  facet normal 0.384425 0.672744 0.632166
    outer loop
      vertex 289.923 138.752 4
      vertex 290.65 140.028 2.2
      vertex 289.916 138.756 4
    endloop
  endfacet
  facet normal 0.0958016 -0.766413 0.635164
    outer loop
      vertex 291.06 143.142 2.2
      vertex 290.95 144.62 4
      vertex 290.942 144.619 4
    endloop
  endfacet
  facet normal 0.167052 -0.756955 0.631753
    outer loop
      vertex 290.95 144.62 4
      vertex 291.06 143.142 2.2
      vertex 291.205 143.174 2.2
    endloop
  endfacet
  facet normal -0.101126 -0.768559 0.631736
    outer loop
      vertex 291.795 143.174 2.2
      vertex 292.05 144.62 4
      vertex 291.784 144.655 4
    endloop
  endfacet
  facet normal -0.0317917 0.774562 0.631698
    outer loop
      vertex 291.768 138.343 4
      vertex 291.5 139.8 2.2
      vertex 291.5 138.332 4
    endloop
  endfacet
  facet normal -0.230806 -0.7372 0.635032
    outer loop
      vertex 292.32 144.56 4
      vertex 292.568 144.462 3.97637
      vertex 292.534 144.493 4
    endloop
  endfacet
  facet normal -0.232097 -0.739663 0.631688
    outer loop
      vertex 292.568 144.462 3.97637
      vertex 292.32 144.56 4
      vertex 291.94 143.142 2.2
    endloop
  endfacet
  facet normal 0.231225 0.73992 0.631707
    outer loop
      vertex 290.68 138.44 4
      vertex 291.06 139.858 2.2
      vertex 290.424 138.52 4
    endloop
  endfacet
  facet normal 0.655198 0.414085 0.631861
    outer loop
      vertex 288.756 139.916 4
      vertex 290.107 140.525 2.2
      vertex 290.028 140.65 2.2
    endloop
  endfacet
  facet normal 0.671541 0.383738 0.63386
    outer loop
      vertex 290.107 140.525 2.2
      vertex 288.756 139.916 4
      vertex 288.76 139.909 4
    endloop
  endfacet
  facet normal -0.613829 0.473376 0.631767
    outer loop
      vertex 292.802 140.407 2.2
      vertex 293.932 139.47 4
      vertex 292.893 140.525 2.2
    endloop
  endfacet
  facet normal -0.631269 0.450906 0.631018
    outer loop
      vertex 293.932 139.47 4
      vertex 292.802 140.407 2.2
      vertex 293.927 139.463 4
    endloop
  endfacet
  facet normal 0.615716 0.471182 0.63157
    outer loop
      vertex 289.068 139.47 4
      vertex 290.107 140.525 2.2
      vertex 288.905 139.683 4
    endloop
  endfacet
  facet normal 0.73992 -0.231225 0.631707
    outer loop
      vertex 289.858 141.94 2.2
      vertex 288.52 142.576 4
      vertex 288.44 142.32 4
    endloop
  endfacet
  facet normal 0.716865 -0.29484 0.631802
    outer loop
      vertex 289.959 142.218 2.2
      vertex 288.628 142.839 4
      vertex 288.526 142.591 4
    endloop
  endfacet
  facet normal -0.223336 -0.742926 0.631016
    outer loop
      vertex 291.94 143.142 2.2
      vertex 292.576 144.455 3.97096
      vertex 292.568 144.462 3.97637
    endloop
  endfacet
  facet normal -0.235624 -0.738288 0.63199
    outer loop
      vertex 292.576 144.455 3.97096
      vertex 291.94 143.142 2.2
      vertex 292.081 143.097 2.2
    endloop
  endfacet
  facet normal -0.0317917 -0.774562 0.631698
    outer loop
      vertex 291.768 144.657 4
      vertex 291.5 144.668 4
      vertex 291.5 143.2 2.2
    endloop
  endfacet
  facet normal -0.328975 -0.702737 0.630822
    outer loop
      vertex 292.081 143.097 2.2
      vertex 292.584 144.447 3.96622
      vertex 292.576 144.455 3.97096
    endloop
  endfacet
  facet normal -0.293259 -0.717438 0.631887
    outer loop
      vertex 292.584 144.447 3.96622
      vertex 292.081 143.097 2.2
      vertex 292.218 143.041 2.2
    endloop
  endfacet
  facet normal -0.170303 -0.75626 0.631718
    outer loop
      vertex 292.32 144.56 4
      vertex 292.058 144.619 4
      vertex 291.94 143.142 2.2
    endloop
  endfacet
  facet normal 0.73992 0.231225 0.631707
    outer loop
      vertex 288.52 140.424 4
      vertex 289.858 141.06 2.2
      vertex 288.44 140.68 4
    endloop
  endfacet
  facet normal 0.096116 -0.768928 0.632069
    outer loop
      vertex 291.205 143.174 2.2
      vertex 291.224 144.656 4
      vertex 291.216 144.655 4
    endloop
  endfacet
  facet normal 0.104533 -0.768316 0.631477
    outer loop
      vertex 291.224 144.656 4
      vertex 291.205 143.174 2.2
      vertex 291.352 143.194 2.2
    endloop
  endfacet
  facet normal -0.7372 -0.230806 0.635032
    outer loop
      vertex 294.462 142.568 3.97637
      vertex 294.56 142.32 4
      vertex 294.493 142.534 4
    endloop
  endfacet
  facet normal -0.739663 -0.232097 0.631688
    outer loop
      vertex 294.56 142.32 4
      vertex 294.462 142.568 3.97637
      vertex 293.142 141.94 2.2
    endloop
  endfacet
  facet normal -0.356774 -0.688196 0.631743
    outer loop
      vertex 292.969 144.095 3.77231
      vertex 292.787 144.261 3.85036
      vertex 292.218 143.041 2.2
    endloop
  endfacet
  facet normal 0.104533 0.768316 0.631477
    outer loop
      vertex 291.205 139.826 2.2
      vertex 291.224 138.344 4
      vertex 291.352 139.806 2.2
    endloop
  endfacet
  facet normal 0.096116 0.768928 0.632069
    outer loop
      vertex 291.224 138.344 4
      vertex 291.205 139.826 2.2
      vertex 291.216 138.345 4
    endloop
  endfacet
  facet normal -0.0314027 -0.7746 0.631671
    outer loop
      vertex 291.648 143.194 2.2
      vertex 291.768 144.657 4
      vertex 291.5 143.2 2.2
    endloop
  endfacet
  facet normal -0.0961582 -0.769265 0.631652
    outer loop
      vertex 291.768 144.657 4
      vertex 291.648 143.194 2.2
      vertex 291.776 144.656 4
    endloop
  endfacet
  facet normal 0.0961582 -0.769265 0.631652
    outer loop
      vertex 291.352 143.194 2.2
      vertex 291.232 144.657 4
      vertex 291.224 144.656 4
    endloop
  endfacet
  facet normal 0.0314027 -0.7746 0.631671
    outer loop
      vertex 291.232 144.657 4
      vertex 291.352 143.194 2.2
      vertex 291.5 143.2 2.2
    endloop
  endfacet
  facet normal -0.686857 0.359039 0.631917
    outer loop
      vertex 292.972 140.65 2.2
      vertex 294.248 139.923 4
      vertex 293.041 140.782 2.2
    endloop
  endfacet
  facet normal -0.672744 0.384425 0.632166
    outer loop
      vertex 294.248 139.923 4
      vertex 292.972 140.65 2.2
      vertex 294.244 139.916 4
    endloop
  endfacet
  facet normal -0.471182 0.615716 0.63157
    outer loop
      vertex 293.317 138.905 4
      vertex 293.53 139.068 4
      vertex 292.475 140.107 2.2
    endloop
  endfacet
  facet normal -0.7746 0.0314027 0.631671
    outer loop
      vertex 293.194 141.352 2.2
      vertex 294.657 141.232 4
      vertex 293.2 141.5 2.2
    endloop
  endfacet
  facet normal -0.769265 0.0961582 0.631652
    outer loop
      vertex 294.657 141.232 4
      vertex 293.194 141.352 2.2
      vertex 294.656 141.224 4
    endloop
  endfacet
  facet normal 0.522974 0.572093 0.631829
    outer loop
      vertex 289.463 139.073 4
      vertex 290.407 140.198 2.2
      vertex 289.265 139.254 4
    endloop
  endfacet
  facet normal 0.572093 0.522974 0.631829
    outer loop
      vertex 289.254 139.265 4
      vertex 290.198 140.407 2.2
      vertex 289.073 139.463 4
    endloop
  endfacet
  facet normal -0.5711 0.523945 0.631924
    outer loop
      vertex 292.702 140.298 2.2
      vertex 293.746 139.265 4
      vertex 292.802 140.407 2.2
    endloop
  endfacet
  facet normal -0.496934 0.59632 0.630443
    outer loop
      vertex 293.746 139.265 4
      vertex 292.702 140.298 2.2
      vertex 293.74 139.26 4
    endloop
  endfacet
  facet normal -0.572093 0.522974 0.631829
    outer loop
      vertex 293.746 139.265 4
      vertex 293.927 139.463 4
      vertex 292.802 140.407 2.2
    endloop
  endfacet
  facet normal 0.101126 -0.768559 0.631736
    outer loop
      vertex 291.205 143.174 2.2
      vertex 291.216 144.655 4
      vertex 290.95 144.62 4
    endloop
  endfacet
  facet normal 0.769265 -0.0961582 0.631652
    outer loop
      vertex 288.343 141.768 4
      vertex 289.806 141.648 2.2
      vertex 288.344 141.776 4
    endloop
  endfacet
  facet normal 0.7746 -0.0314027 0.631671
    outer loop
      vertex 289.806 141.648 2.2
      vertex 288.343 141.768 4
      vertex 289.8 141.5 2.2
    endloop
  endfacet
  facet normal 0.293241 0.717394 0.631946
    outer loop
      vertex 290.782 139.959 2.2
      vertex 290.416 138.523 4
      vertex 290.919 139.903 2.2
    endloop
  endfacet
  facet normal 0.305596 0.713057 0.630999
    outer loop
      vertex 290.416 138.523 4
      vertex 290.782 139.959 2.2
      vertex 290.409 138.526 4
    endloop
  endfacet
  facet normal -0.768559 0.101126 0.631736
    outer loop
      vertex 294.62 140.95 4
      vertex 294.655 141.216 4
      vertex 293.174 141.205 2.2
    endloop
  endfacet
  facet normal -0.59632 0.496934 0.630443
    outer loop
      vertex 292.702 140.298 2.2
      vertex 293.735 139.254 4
      vertex 293.74 139.26 4
    endloop
  endfacet
  facet normal -0.523945 0.5711 0.631924
    outer loop
      vertex 293.735 139.254 4
      vertex 292.702 140.298 2.2
      vertex 292.593 140.198 2.2
    endloop
  endfacet
  facet normal 0.716865 0.29484 0.631802
    outer loop
      vertex 288.628 140.161 4
      vertex 289.959 140.782 2.2
      vertex 288.526 140.409 4
    endloop
  endfacet
  facet normal 0.631269 -0.450906 0.631018
    outer loop
      vertex 289.068 143.53 4
      vertex 290.198 142.593 2.2
      vertex 289.073 143.537 4
    endloop
  endfacet
  facet normal 0.613829 -0.473376 0.631767
    outer loop
      vertex 290.198 142.593 2.2
      vertex 289.068 143.53 4
      vertex 290.107 142.475 2.2
    endloop
  endfacet
  facet normal -0.716496 -0.29596 0.631697
    outer loop
      vertex 294.447 142.584 3.96622
      vertex 294.261 142.787 3.85036
      vertex 293.041 142.218 2.2
    endloop
  endfacet
  facet normal -0.774562 0.0317917 0.631698
    outer loop
      vertex 294.657 141.232 4
      vertex 294.668 141.5 4
      vertex 293.2 141.5 2.2
    endloop
  endfacet
  facet normal -0.615716 0.471182 0.63157
    outer loop
      vertex 293.932 139.47 4
      vertex 294.095 139.683 4
      vertex 292.893 140.525 2.2
    endloop
  endfacet
  facet normal -0.170303 0.75626 0.631718
    outer loop
      vertex 292.058 138.381 4
      vertex 292.32 138.44 4
      vertex 291.94 139.858 2.2
    endloop
  endfacet
  facet normal -0.383738 0.671541 0.63386
    outer loop
      vertex 292.475 140.107 2.2
      vertex 293.084 138.756 4
      vertex 293.091 138.76 4
    endloop
  endfacet
  facet normal -0.414085 0.655198 0.631861
    outer loop
      vertex 293.084 138.756 4
      vertex 292.475 140.107 2.2
      vertex 292.35 140.028 2.2
    endloop
  endfacet
  facet normal 0.0314027 0.7746 0.631671
    outer loop
      vertex 291.352 139.806 2.2
      vertex 291.232 138.343 4
      vertex 291.5 139.8 2.2
    endloop
  endfacet
  facet normal 0.0961582 0.769265 0.631652
    outer loop
      vertex 291.232 138.343 4
      vertex 291.352 139.806 2.2
      vertex 291.224 138.344 4
    endloop
  endfacet
  facet normal -0.75626 0.170303 0.631718
    outer loop
      vertex 294.56 140.68 4
      vertex 294.619 140.942 4
      vertex 293.142 141.06 2.2
    endloop
  endfacet
  facet normal -0.717394 0.293241 0.631946
    outer loop
      vertex 293.041 140.782 2.2
      vertex 294.477 140.416 4
      vertex 293.097 140.919 2.2
    endloop
  endfacet
  facet normal -0.713057 0.305596 0.630999
    outer loop
      vertex 294.477 140.416 4
      vertex 293.041 140.782 2.2
      vertex 294.474 140.409 4
    endloop
  endfacet
  facet normal 0.384425 -0.672744 0.632166
    outer loop
      vertex 290.65 142.972 2.2
      vertex 289.923 144.248 4
      vertex 289.916 144.244 4
    endloop
  endfacet
  facet normal 0.359039 -0.686857 0.631917
    outer loop
      vertex 289.923 144.248 4
      vertex 290.65 142.972 2.2
      vertex 290.782 143.041 2.2
    endloop
  endfacet
  facet normal 0.65254 -0.418665 0.631594
    outer loop
      vertex 290.107 142.475 2.2
      vertex 288.905 143.317 4
      vertex 288.76 143.091 4
    endloop
  endfacet
  facet normal -0.359036 -0.686852 0.631923
    outer loop
      vertex 292.35 142.972 2.2
      vertex 292.969 144.095 3.77231
      vertex 292.218 143.041 2.2
    endloop
  endfacet
  facet normal -0.369125 -0.681407 0.632006
    outer loop
      vertex 292.969 144.095 3.77231
      vertex 292.35 142.972 2.2
      vertex 292.988 144.077 3.764
    endloop
  endfacet
  facet normal 0.167052 0.756955 0.631753
    outer loop
      vertex 291.06 139.858 2.2
      vertex 290.95 138.38 4
      vertex 291.205 139.826 2.2
    endloop
  endfacet
  facet normal 0.0958016 0.766413 0.635164
    outer loop
      vertex 290.95 138.38 4
      vertex 291.06 139.858 2.2
      vertex 290.942 138.381 4
    endloop
  endfacet
  facet normal -0.658286 -0.408452 0.632319
    outer loop
      vertex 292.893 142.475 2.2
      vertex 294.077 142.988 3.764
      vertex 294.059 143.008 3.75818
    endloop
  endfacet
  facet normal -0.655212 -0.414094 0.631842
    outer loop
      vertex 294.077 142.988 3.764
      vertex 292.893 142.475 2.2
      vertex 292.972 142.35 2.2
    endloop
  endfacet
  facet normal -0.418665 0.65254 0.631594
    outer loop
      vertex 293.091 138.76 4
      vertex 293.317 138.905 4
      vertex 292.475 140.107 2.2
    endloop
  endfacet
  facet normal 0.231225 -0.73992 0.631707
    outer loop
      vertex 291.06 143.142 2.2
      vertex 290.68 144.56 4
      vertex 290.424 144.48 4
    endloop
  endfacet
  facet normal 0.170303 0.75626 0.631718
    outer loop
      vertex 290.942 138.381 4
      vertex 291.06 139.858 2.2
      vertex 290.68 138.44 4
    endloop
  endfacet
  facet normal -0.756955 0.167052 0.631753
    outer loop
      vertex 293.142 141.06 2.2
      vertex 294.62 140.95 4
      vertex 293.174 141.205 2.2
    endloop
  endfacet
  facet normal -0.766413 0.0958016 0.635164
    outer loop
      vertex 294.62 140.95 4
      vertex 293.142 141.06 2.2
      vertex 294.619 140.942 4
    endloop
  endfacet
  facet normal -0.0961582 0.769265 0.631652
    outer loop
      vertex 291.648 139.806 2.2
      vertex 291.768 138.343 4
      vertex 291.776 138.344 4
    endloop
  endfacet
  facet normal -0.0314027 0.7746 0.631671
    outer loop
      vertex 291.768 138.343 4
      vertex 291.648 139.806 2.2
      vertex 291.5 139.8 2.2
    endloop
  endfacet
  facet normal 0.29484 -0.716865 0.631802
    outer loop
      vertex 290.782 143.041 2.2
      vertex 290.409 144.474 4
      vertex 290.161 144.372 4
    endloop
  endfacet
  facet normal -0.104533 -0.768316 0.631477
    outer loop
      vertex 291.795 143.174 2.2
      vertex 291.776 144.656 4
      vertex 291.648 143.194 2.2
    endloop
  endfacet
  facet normal -0.096116 -0.768928 0.632069
    outer loop
      vertex 291.776 144.656 4
      vertex 291.795 143.174 2.2
      vertex 291.784 144.655 4
    endloop
  endfacet
  facet normal -0.450906 0.631269 0.631018
    outer loop
      vertex 292.593 140.198 2.2
      vertex 293.53 139.068 4
      vertex 293.537 139.073 4
    endloop
  endfacet
  facet normal -0.473376 0.613829 0.631767
    outer loop
      vertex 293.53 139.068 4
      vertex 292.593 140.198 2.2
      vertex 292.475 140.107 2.2
    endloop
  endfacet
  facet normal -0.523859 -0.571482 0.631649
    outer loop
      vertex 293.532 143.578 3.68092
      vertex 292.702 142.702 2.2
      vertex 293.556 143.556 3.68092
    endloop
  endfacet
  facet normal -0.524095 -0.571263 0.631651
    outer loop
      vertex 292.702 142.702 2.2
      vertex 293.532 143.578 3.68092
      vertex 292.593 142.802 2.2
    endloop
  endfacet
  facet normal 0.65254 0.418665 0.631594
    outer loop
      vertex 288.905 139.683 4
      vertex 290.107 140.525 2.2
      vertex 288.76 139.909 4
    endloop
  endfacet
  facet normal -0.358137 0.687392 0.631846
    outer loop
      vertex 292.839 138.628 4
      vertex 293.077 138.752 4
      vertex 292.218 139.959 2.2
    endloop
  endfacet
  facet normal 0.358137 0.687392 0.631846
    outer loop
      vertex 290.161 138.628 4
      vertex 290.782 139.959 2.2
      vertex 289.923 138.752 4
    endloop
  endfacet
  facet normal 0.75626 -0.170303 0.631718
    outer loop
      vertex 289.858 141.94 2.2
      vertex 288.44 142.32 4
      vertex 288.381 142.058 4
    endloop
  endfacet
  facet normal -0.417912 -0.65301 0.631607
    outer loop
      vertex 293.181 143.9 3.70826
      vertex 293.008 144.059 3.75818
      vertex 292.475 142.893 2.2
    endloop
  endfacet
  facet normal 0.766413 -0.0958016 0.635164
    outer loop
      vertex 288.38 142.05 4
      vertex 289.858 141.94 2.2
      vertex 288.381 142.058 4
    endloop
  endfacet
  facet normal 0.756955 -0.167052 0.631753
    outer loop
      vertex 289.858 141.94 2.2
      vertex 288.38 142.05 4
      vertex 289.826 141.795 2.2
    endloop
  endfacet
  facet normal 0.272049 -0.725464 0.632212
    outer loop
      vertex 290.919 143.097 2.2
      vertex 290.424 144.48 4
      vertex 290.416 144.477 4
    endloop
  endfacet
  facet normal 0.235615 -0.738261 0.632025
    outer loop
      vertex 290.424 144.48 4
      vertex 290.919 143.097 2.2
      vertex 291.06 143.142 2.2
    endloop
  endfacet
  facet normal 0.523945 0.5711 0.631924
    outer loop
      vertex 290.298 140.298 2.2
      vertex 289.265 139.254 4
      vertex 290.407 140.198 2.2
    endloop
  endfacet
  facet normal 0.59632 0.496934 0.630443
    outer loop
      vertex 289.265 139.254 4
      vertex 290.298 140.298 2.2
      vertex 289.26 139.26 4
    endloop
  endfacet
  facet normal 0.768928 -0.096116 0.632069
    outer loop
      vertex 288.344 141.776 4
      vertex 289.826 141.795 2.2
      vertex 288.345 141.784 4
    endloop
  endfacet
  facet normal 0.768316 -0.104533 0.631477
    outer loop
      vertex 289.826 141.795 2.2
      vertex 288.344 141.776 4
      vertex 289.806 141.648 2.2
    endloop
  endfacet
  facet normal 0.687392 0.358137 0.631846
    outer loop
      vertex 288.752 139.923 4
      vertex 289.959 140.782 2.2
      vertex 288.628 140.161 4
    endloop
  endfacet
  facet normal 0.0317917 0.774562 0.631698
    outer loop
      vertex 291.5 138.332 4
      vertex 291.5 139.8 2.2
      vertex 291.232 138.343 4
    endloop
  endfacet
  facet normal -0.524922 -0.570415 0.631731
    outer loop
      vertex 293.532 143.578 3.68092
      vertex 293.369 143.728 3.68092
      vertex 292.593 142.802 2.2
    endloop
  endfacet
  facet normal 0.615716 -0.471182 0.63157
    outer loop
      vertex 290.107 142.475 2.2
      vertex 289.068 143.53 4
      vertex 288.905 143.317 4
    endloop
  endfacet
  facet normal -0.738261 0.235615 0.632025
    outer loop
      vertex 293.097 140.919 2.2
      vertex 294.48 140.424 4
      vertex 293.142 141.06 2.2
    endloop
  endfacet
  facet normal -0.725464 0.272049 0.632212
    outer loop
      vertex 294.48 140.424 4
      vertex 293.097 140.919 2.2
      vertex 294.477 140.416 4
    endloop
  endfacet
  facet normal -0.65254 0.418665 0.631594
    outer loop
      vertex 294.095 139.683 4
      vertex 294.24 139.909 4
      vertex 292.893 140.525 2.2
    endloop
  endfacet
  facet normal 0.613829 0.473376 0.631767
    outer loop
      vertex 289.068 139.47 4
      vertex 290.198 140.407 2.2
      vertex 290.107 140.525 2.2
    endloop
  endfacet
  facet normal 0.631269 0.450906 0.631018
    outer loop
      vertex 290.198 140.407 2.2
      vertex 289.068 139.47 4
      vertex 289.073 139.463 4
    endloop
  endfacet
  facet normal 0.473376 0.613829 0.631767
    outer loop
      vertex 290.407 140.198 2.2
      vertex 289.47 139.068 4
      vertex 290.525 140.107 2.2
    endloop
  endfacet
  facet normal 0.450906 0.631269 0.631018
    outer loop
      vertex 289.47 139.068 4
      vertex 290.407 140.198 2.2
      vertex 289.463 139.073 4
    endloop
  endfacet
  facet normal -0.522974 0.572093 0.631829
    outer loop
      vertex 293.537 139.073 4
      vertex 293.735 139.254 4
      vertex 292.593 140.198 2.2
    endloop
  endfacet
  facet normal 0.686857 0.359039 0.631917
    outer loop
      vertex 288.752 139.923 4
      vertex 290.028 140.65 2.2
      vertex 289.959 140.782 2.2
    endloop
  endfacet
  facet normal 0.672744 0.384425 0.632166
    outer loop
      vertex 290.028 140.65 2.2
      vertex 288.752 139.923 4
      vertex 288.756 139.916 4
    endloop
  endfacet
  facet normal -0.305596 0.713057 0.630999
    outer loop
      vertex 292.218 139.959 2.2
      vertex 292.584 138.523 4
      vertex 292.591 138.526 4
    endloop
  endfacet
  facet normal -0.293241 0.717394 0.631946
    outer loop
      vertex 292.584 138.523 4
      vertex 292.218 139.959 2.2
      vertex 292.081 139.903 2.2
    endloop
  endfacet
  facet normal -0.272049 0.725464 0.632212
    outer loop
      vertex 292.081 139.903 2.2
      vertex 292.576 138.52 4
      vertex 292.584 138.523 4
    endloop
  endfacet
  facet normal -0.235615 0.738261 0.632025
    outer loop
      vertex 292.576 138.52 4
      vertex 292.081 139.903 2.2
      vertex 291.94 139.858 2.2
    endloop
  endfacet
  facet normal 0.522974 -0.572093 0.631829
    outer loop
      vertex 290.407 142.802 2.2
      vertex 289.463 143.927 4
      vertex 289.265 143.746 4
    endloop
  endfacet
  facet normal 0.418665 0.65254 0.631594
    outer loop
      vertex 289.909 138.76 4
      vertex 290.525 140.107 2.2
      vertex 289.683 138.905 4
    endloop
  endfacet
  facet normal -0.768316 0.104533 0.631477
    outer loop
      vertex 293.174 141.205 2.2
      vertex 294.656 141.224 4
      vertex 293.194 141.352 2.2
    endloop
  endfacet
  facet normal -0.768928 0.096116 0.632069
    outer loop
      vertex 294.656 141.224 4
      vertex 293.174 141.205 2.2
      vertex 294.655 141.216 4
    endloop
  endfacet
  facet normal 0.418665 -0.65254 0.631594
    outer loop
      vertex 290.525 142.893 2.2
      vertex 289.909 144.24 4
      vertex 289.683 144.095 4
    endloop
  endfacet
  facet normal 0.235615 0.738261 0.632025
    outer loop
      vertex 290.919 139.903 2.2
      vertex 290.424 138.52 4
      vertex 291.06 139.858 2.2
    endloop
  endfacet
  facet normal 0.272049 0.725464 0.632212
    outer loop
      vertex 290.424 138.52 4
      vertex 290.919 139.903 2.2
      vertex 290.416 138.523 4
    endloop
  endfacet
  facet normal 0.0317917 -0.774562 0.631698
    outer loop
      vertex 291.5 143.2 2.2
      vertex 291.5 144.668 4
      vertex 291.232 144.657 4
    endloop
  endfacet
  facet normal -0.29596 -0.716496 0.631697
    outer loop
      vertex 292.787 144.261 3.85036
      vertex 292.584 144.447 3.96622
      vertex 292.218 143.041 2.2
    endloop
  endfacet
  facet normal -0.384425 0.672744 0.632166
    outer loop
      vertex 292.35 140.028 2.2
      vertex 293.077 138.752 4
      vertex 293.084 138.756 4
    endloop
  endfacet
  facet normal -0.359039 0.686857 0.631917
    outer loop
      vertex 293.077 138.752 4
      vertex 292.35 140.028 2.2
      vertex 292.218 139.959 2.2
    endloop
  endfacet
  facet normal 0.170303 -0.75626 0.631718
    outer loop
      vertex 291.06 143.142 2.2
      vertex 290.942 144.619 4
      vertex 290.68 144.56 4
    endloop
  endfacet
  facet normal -0.096116 0.768928 0.632069
    outer loop
      vertex 291.795 139.826 2.2
      vertex 291.776 138.344 4
      vertex 291.784 138.345 4
    endloop
  endfacet
  facet normal -0.104533 0.768316 0.631477
    outer loop
      vertex 291.776 138.344 4
      vertex 291.795 139.826 2.2
      vertex 291.648 139.806 2.2
    endloop
  endfacet
  facet normal -0.0958016 0.766413 0.635164
    outer loop
      vertex 291.94 139.858 2.2
      vertex 292.05 138.38 4
      vertex 292.058 138.381 4
    endloop
  endfacet
  facet normal -0.167052 0.756955 0.631753
    outer loop
      vertex 292.05 138.38 4
      vertex 291.94 139.858 2.2
      vertex 291.795 139.826 2.2
    endloop
  endfacet
  facet normal 0.768559 -0.101126 0.631736
    outer loop
      vertex 289.826 141.795 2.2
      vertex 288.38 142.05 4
      vertex 288.345 141.784 4
    endloop
  endfacet
  facet normal 0.7746 0.0314027 0.631671
    outer loop
      vertex 288.343 141.232 4
      vertex 289.806 141.352 2.2
      vertex 289.8 141.5 2.2
    endloop
  endfacet
  facet normal 0.769265 0.0961582 0.631652
    outer loop
      vertex 289.806 141.352 2.2
      vertex 288.343 141.232 4
      vertex 288.344 141.224 4
    endloop
  endfacet
  facet normal -0.101126 0.768559 0.631736
    outer loop
      vertex 292.05 138.38 4
      vertex 291.795 139.826 2.2
      vertex 291.784 138.345 4
    endloop
  endfacet
  facet normal 0.101126 0.768559 0.631736
    outer loop
      vertex 291.216 138.345 4
      vertex 291.205 139.826 2.2
      vertex 290.95 138.38 4
    endloop
  endfacet
  facet normal -0.167052 -0.756955 0.631753
    outer loop
      vertex 291.94 143.142 2.2
      vertex 292.05 144.62 4
      vertex 291.795 143.174 2.2
    endloop
  endfacet
  facet normal -0.0958016 -0.766413 0.635164
    outer loop
      vertex 292.05 144.62 4
      vertex 291.94 143.142 2.2
      vertex 292.058 144.619 4
    endloop
  endfacet
  facet normal -0.681407 -0.369125 0.632006
    outer loop
      vertex 292.972 142.35 2.2
      vertex 294.095 142.969 3.77231
      vertex 294.077 142.988 3.764
    endloop
  endfacet
  facet normal -0.686852 -0.359036 0.631923
    outer loop
      vertex 294.095 142.969 3.77231
      vertex 292.972 142.35 2.2
      vertex 293.041 142.218 2.2
    endloop
  endfacet
  facet normal 0.738261 0.235615 0.632025
    outer loop
      vertex 288.52 140.424 4
      vertex 289.903 140.919 2.2
      vertex 289.858 141.06 2.2
    endloop
  endfacet
  facet normal 0.725464 0.272049 0.632212
    outer loop
      vertex 289.903 140.919 2.2
      vertex 288.52 140.424 4
      vertex 288.523 140.416 4
    endloop
  endfacet
  facet normal -0.615671 -0.471184 0.631613
    outer loop
      vertex 293.9 143.181 3.70826
      vertex 293.75 143.345 3.68439
      vertex 292.893 142.475 2.2
    endloop
  endfacet
  facet normal -0.766413 -0.0958016 0.635164
    outer loop
      vertex 293.142 141.94 2.2
      vertex 294.62 142.05 4
      vertex 294.619 142.058 4
    endloop
  endfacet
  facet normal -0.756955 -0.167052 0.631753
    outer loop
      vertex 294.62 142.05 4
      vertex 293.142 141.94 2.2
      vertex 293.174 141.795 2.2
    endloop
  endfacet
  facet normal 0.29484 0.716865 0.631802
    outer loop
      vertex 290.409 138.526 4
      vertex 290.782 139.959 2.2
      vertex 290.161 138.628 4
    endloop
  endfacet
  facet normal 0.717394 0.293241 0.631946
    outer loop
      vertex 288.523 140.416 4
      vertex 289.959 140.782 2.2
      vertex 289.903 140.919 2.2
    endloop
  endfacet
  facet normal 0.713057 0.305596 0.630999
    outer loop
      vertex 289.959 140.782 2.2
      vertex 288.523 140.416 4
      vertex 288.526 140.409 4
    endloop
  endfacet
  facet normal 0.473376 -0.613829 0.631767
    outer loop
      vertex 289.47 143.932 4
      vertex 290.407 142.802 2.2
      vertex 290.525 142.893 2.2
    endloop
  endfacet
  facet normal 0.450906 -0.631269 0.631018
    outer loop
      vertex 290.407 142.802 2.2
      vertex 289.47 143.932 4
      vertex 289.463 143.927 4
    endloop
  endfacet
  facet normal 0.471182 0.615716 0.63157
    outer loop
      vertex 289.683 138.905 4
      vertex 290.525 140.107 2.2
      vertex 289.47 139.068 4
    endloop
  endfacet
  facet normal -0.687392 0.358137 0.631846
    outer loop
      vertex 294.248 139.923 4
      vertex 294.372 140.161 4
      vertex 293.041 140.782 2.2
    endloop
  endfacet
  facet normal -0.716865 0.29484 0.631802
    outer loop
      vertex 294.372 140.161 4
      vertex 294.474 140.409 4
      vertex 293.041 140.782 2.2
    endloop
  endfacet
  facet normal -0.655198 0.414085 0.631861
    outer loop
      vertex 292.893 140.525 2.2
      vertex 294.244 139.916 4
      vertex 292.972 140.65 2.2
    endloop
  endfacet
  facet normal -0.671541 0.383738 0.63386
    outer loop
      vertex 294.244 139.916 4
      vertex 292.893 140.525 2.2
      vertex 294.24 139.909 4
    endloop
  endfacet
  facet normal -0.65301 -0.417912 0.631607
    outer loop
      vertex 294.059 143.008 3.75818
      vertex 293.9 143.181 3.70826
      vertex 292.893 142.475 2.2
    endloop
  endfacet
  facet normal -0.614735 -0.472159 0.631796
    outer loop
      vertex 292.802 142.593 2.2
      vertex 293.75 143.345 3.68439
      vertex 293.728 143.369 3.68092
    endloop
  endfacet
  facet normal -0.613802 -0.473356 0.631807
    outer loop
      vertex 293.75 143.345 3.68439
      vertex 292.802 142.593 2.2
      vertex 292.893 142.475 2.2
    endloop
  endfacet
  facet normal 0.672744 -0.384425 0.632166
    outer loop
      vertex 288.752 143.077 4
      vertex 290.028 142.35 2.2
      vertex 288.756 143.084 4
    endloop
  endfacet
  facet normal 0.686857 -0.359039 0.631917
    outer loop
      vertex 290.028 142.35 2.2
      vertex 288.752 143.077 4
      vertex 289.959 142.218 2.2
    endloop
  endfacet
  facet normal -0.571482 -0.523859 0.631649
    outer loop
      vertex 292.702 142.702 2.2
      vertex 293.578 143.532 3.68092
      vertex 293.556 143.556 3.68092
    endloop
  endfacet
  facet normal -0.571263 -0.524095 0.631651
    outer loop
      vertex 293.578 143.532 3.68092
      vertex 292.702 142.702 2.2
      vertex 292.802 142.593 2.2
    endloop
  endfacet
  facet normal -0.717438 -0.293259 0.631887
    outer loop
      vertex 293.097 142.081 2.2
      vertex 294.447 142.584 3.96622
      vertex 293.041 142.218 2.2
    endloop
  endfacet
  facet normal -0.702737 -0.328975 0.630822
    outer loop
      vertex 294.447 142.584 3.96622
      vertex 293.097 142.081 2.2
      vertex 294.455 142.576 3.97096
    endloop
  endfacet
  facet normal 0.768928 0.096116 0.632069
    outer loop
      vertex 289.826 141.205 2.2
      vertex 288.344 141.224 4
      vertex 288.345 141.216 4
    endloop
  endfacet
  facet normal 0.768316 0.104533 0.631477
    outer loop
      vertex 288.344 141.224 4
      vertex 289.826 141.205 2.2
      vertex 289.806 141.352 2.2
    endloop
  endfacet
  facet normal 0.768559 0.101126 0.631736
    outer loop
      vertex 288.38 140.95 4
      vertex 289.826 141.205 2.2
      vertex 288.345 141.216 4
    endloop
  endfacet
  facet normal -0.471184 -0.615671 0.631613
    outer loop
      vertex 293.345 143.75 3.68439
      vertex 293.181 143.9 3.70826
      vertex 292.475 142.893 2.2
    endloop
  endfacet
  facet normal 0.5711 0.523945 0.631924
    outer loop
      vertex 289.254 139.265 4
      vertex 290.298 140.298 2.2
      vertex 290.198 140.407 2.2
    endloop
  endfacet
  facet normal 0.496934 0.59632 0.630443
    outer loop
      vertex 290.298 140.298 2.2
      vertex 289.254 139.265 4
      vertex 289.26 139.26 4
    endloop
  endfacet
  facet normal -0.570415 -0.524922 0.631731
    outer loop
      vertex 293.728 143.369 3.68092
      vertex 293.578 143.532 3.68092
      vertex 292.802 142.593 2.2
    endloop
  endfacet
  facet normal 0.687392 -0.358137 0.631846
    outer loop
      vertex 289.959 142.218 2.2
      vertex 288.752 143.077 4
      vertex 288.628 142.839 4
    endloop
  endfacet
  facet normal 0.725464 -0.272049 0.632212
    outer loop
      vertex 288.52 142.576 4
      vertex 289.903 142.081 2.2
      vertex 288.523 142.584 4
    endloop
  endfacet
  facet normal 0.738261 -0.235615 0.632025
    outer loop
      vertex 289.903 142.081 2.2
      vertex 288.52 142.576 4
      vertex 289.858 141.94 2.2
    endloop
  endfacet
  facet normal 0.713057 -0.305596 0.630999
    outer loop
      vertex 288.523 142.584 4
      vertex 289.959 142.218 2.2
      vertex 288.526 142.591 4
    endloop
  endfacet
  facet normal 0.717394 -0.293241 0.631946
    outer loop
      vertex 289.959 142.218 2.2
      vertex 288.523 142.584 4
      vertex 289.903 142.081 2.2
    endloop
  endfacet
  facet normal 0.75626 0.170303 0.631718
    outer loop
      vertex 288.44 140.68 4
      vertex 289.858 141.06 2.2
      vertex 288.381 140.942 4
    endloop
  endfacet
  facet normal 0.305596 -0.713057 0.630999
    outer loop
      vertex 290.782 143.041 2.2
      vertex 290.416 144.477 4
      vertex 290.409 144.474 4
    endloop
  endfacet
  facet normal 0.293241 -0.717394 0.631946
    outer loop
      vertex 290.416 144.477 4
      vertex 290.782 143.041 2.2
      vertex 290.919 143.097 2.2
    endloop
  endfacet
  facet normal -0.472159 -0.614735 0.631796
    outer loop
      vertex 293.345 143.75 3.68439
      vertex 292.593 142.802 2.2
      vertex 293.369 143.728 3.68092
    endloop
  endfacet
  facet normal -0.473356 -0.613802 0.631807
    outer loop
      vertex 292.593 142.802 2.2
      vertex 293.345 143.75 3.68439
      vertex 292.475 142.893 2.2
    endloop
  endfacet
  facet normal 0.774562 -0.0317917 0.631698
    outer loop
      vertex 289.8 141.5 2.2
      vertex 288.343 141.768 4
      vertex 288.332 141.5 4
    endloop
  endfacet
  facet normal 0.496934 -0.59632 0.630443
    outer loop
      vertex 289.254 143.735 4
      vertex 290.298 142.702 2.2
      vertex 289.26 143.74 4
    endloop
  endfacet
  facet normal 0.5711 -0.523945 0.631924
    outer loop
      vertex 290.298 142.702 2.2
      vertex 289.254 143.735 4
      vertex 290.198 142.593 2.2
    endloop
  endfacet
  facet normal 0.523945 -0.5711 0.631924
    outer loop
      vertex 289.265 143.746 4
      vertex 290.298 142.702 2.2
      vertex 290.407 142.802 2.2
    endloop
  endfacet
  facet normal 0.59632 -0.496934 0.630443
    outer loop
      vertex 290.298 142.702 2.2
      vertex 289.265 143.746 4
      vertex 289.26 143.74 4
    endloop
  endfacet
  facet normal 0.414085 0.655198 0.631861
    outer loop
      vertex 290.525 140.107 2.2
      vertex 289.916 138.756 4
      vertex 290.65 140.028 2.2
    endloop
  endfacet
  facet normal 0.383738 0.671541 0.63386
    outer loop
      vertex 289.916 138.756 4
      vertex 290.525 140.107 2.2
      vertex 289.909 138.76 4
    endloop
  endfacet
  facet normal -0.75626 -0.170303 0.631718
    outer loop
      vertex 294.619 142.058 4
      vertex 294.56 142.32 4
      vertex 293.142 141.94 2.2
    endloop
  endfacet
  facet normal 0.756955 0.167052 0.631753
    outer loop
      vertex 288.38 140.95 4
      vertex 289.858 141.06 2.2
      vertex 289.826 141.205 2.2
    endloop
  endfacet
  facet normal 0.766413 0.0958016 0.635164
    outer loop
      vertex 289.858 141.06 2.2
      vertex 288.38 140.95 4
      vertex 288.381 140.942 4
    endloop
  endfacet
  facet normal -0.742597 -0.222614 0.631658
    outer loop
      vertex 293.097 142.081 2.2
      vertex 294.462 142.568 3.97637
      vertex 294.455 142.576 3.97096
    endloop
  endfacet
  facet normal -0.738324 -0.235635 0.631944
    outer loop
      vertex 294.462 142.568 3.97637
      vertex 293.097 142.081 2.2
      vertex 293.142 141.94 2.2
    endloop
  endfacet
  facet normal -0.768559 -0.101126 0.631736
    outer loop
      vertex 294.655 141.784 4
      vertex 294.62 142.05 4
      vertex 293.174 141.795 2.2
    endloop
  endfacet
  facet normal -0.768928 -0.096116 0.632069
    outer loop
      vertex 293.174 141.795 2.2
      vertex 294.656 141.776 4
      vertex 294.655 141.784 4
    endloop
  endfacet
  facet normal -0.768316 -0.104533 0.631477
    outer loop
      vertex 294.656 141.776 4
      vertex 293.174 141.795 2.2
      vertex 293.194 141.648 2.2
    endloop
  endfacet
  facet normal -1 0 0
    outer loop
      vertex 216 6.3 -3
      vertex 216 4.3 -3
      vertex 216 6.3 0
    endloop
  endfacet
  facet normal -1 0 0
    outer loop
      vertex 216 145.7 -3
      vertex 216 143.7 -3
      vertex 216 145.7 0
    endloop
  endfacet
  facet normal -1 0 0
    outer loop
      vertex 216 145.7 0
      vertex 216 150 4
      vertex 216 150 0
    endloop
  endfacet
  facet normal -1 0 0
    outer loop
      vertex 216 143.7 0
      vertex 216 145.7 0
      vertex 216 143.7 -3
    endloop
  endfacet
  facet normal -1 0 0
    outer loop
      vertex 216 143.7 0
      vertex 216 150 4
      vertex 216 145.7 0
    endloop
  endfacet
  facet normal -1 0 0
    outer loop
      vertex 216 6.3 0
      vertex 216 150 4
      vertex 216 143.7 0
    endloop
  endfacet
  facet normal -1 0 0
    outer loop
      vertex 216 4.3 0
      vertex 216 6.3 0
      vertex 216 4.3 -3
    endloop
  endfacet
  facet normal -1 0 0
    outer loop
      vertex 216 0 4
      vertex 216 6.3 0
      vertex 216 4.3 0
    endloop
  endfacet
  facet normal -1 0 0
    outer loop
      vertex 216 0 4
      vertex 216 4.3 0
      vertex 216 0 0
    endloop
  endfacet
  facet normal -1 0 0
    outer loop
      vertex 216 6.3 0
      vertex 216 0 4
      vertex 216 150 4
    endloop
  endfacet
endsolid OpenSCAD_Model
