solid OpenSCAD_Model
  facet normal 0 0 -1
    outer loop
      vertex 188.008 44.8257 0
      vertex 175.992 44.8257 0
      vertex 176 45 0
    endloop
  endfacet
  facet normal 0 0 -1
    outer loop
      vertex 188.468 43.7144 0
      vertex 175.97 44.6527 0
      vertex 175.992 44.8257 0
    endloop
  endfacet
  facet normal 0 0 -1
    outer loop
      vertex 188.468 43.7144 0
      vertex 175.932 44.4824 0
      vertex 175.97 44.6527 0
    endloop
  endfacet
  facet normal 0 0 -1
    outer loop
      vertex 188.468 43.7144 0
      vertex 175.879 44.316 0
      vertex 175.932 44.4824 0
    endloop
  endfacet
  facet normal 0 0 -1
    outer loop
      vertex 188.468 43.7144 0
      vertex 175.813 44.1548 0
      vertex 175.879 44.316 0
    endloop
  endfacet
  facet normal 0 0 -1
    outer loop
      vertex 188.468 43.7144 0
      vertex 175.732 44 0
      vertex 175.813 44.1548 0
    endloop
  endfacet
  facet normal 0 0 -1
    outer loop
      vertex 188.468 43.7144 0
      vertex 175.638 43.8528 0
      vertex 175.732 44 0
    endloop
  endfacet
  facet normal 0 0 -1
    outer loop
      vertex 188.468 43.7144 0
      vertex 175.532 43.7144 0
      vertex 175.638 43.8528 0
    endloop
  endfacet
  facet normal -0 0 -1
    outer loop
      vertex 188.468 43.7144 0
      vertex 175.414 43.5858 0
      vertex 175.532 43.7144 0
    endloop
  endfacet
  facet normal 0 0 -1
    outer loop
      vertex 180 28 0
      vertex 175.286 43.4679 0
      vertex 175.414 43.5858 0
    endloop
  endfacet
  facet normal 0 0 -1
    outer loop
      vertex 180 28 0
      vertex 175.147 43.3617 0
      vertex 175.286 43.4679 0
    endloop
  endfacet
  facet normal 0 0 -1
    outer loop
      vertex 180 28 0
      vertex 175 43.2679 0
      vertex 175.147 43.3617 0
    endloop
  endfacet
  facet normal 0 0 -1
    outer loop
      vertex 180 28 0
      vertex 174.845 43.1874 0
      vertex 175 43.2679 0
    endloop
  endfacet
  facet normal 0 0 -1
    outer loop
      vertex 180 28 0
      vertex 174.684 43.1206 0
      vertex 174.845 43.1874 0
    endloop
  endfacet
  facet normal 0 0 -1
    outer loop
      vertex 180 28 0
      vertex 174.518 43.0681 0
      vertex 174.684 43.1206 0
    endloop
  endfacet
  facet normal 0 0 -1
    outer loop
      vertex 180 28 0
      vertex 174.347 43.0304 0
      vertex 174.518 43.0681 0
    endloop
  endfacet
  facet normal 0 0 -1
    outer loop
      vertex 180 28 0
      vertex 174.174 43.0076 0
      vertex 174.347 43.0304 0
    endloop
  endfacet
  facet normal 0 0 -1
    outer loop
      vertex 180 28 0
      vertex 174 43 0
      vertex 174.174 43.0076 0
    endloop
  endfacet
  facet normal 0 0 -1
    outer loop
      vertex 180 28 0
      vertex 173.826 43.0076 0
      vertex 174 43 0
    endloop
  endfacet
  facet normal 0 0 -1
    outer loop
      vertex 180 28 0
      vertex 173.653 43.0304 0
      vertex 173.826 43.0076 0
    endloop
  endfacet
  facet normal 0 0 -1
    outer loop
      vertex 180 28 0
      vertex 173.482 43.0681 0
      vertex 173.653 43.0304 0
    endloop
  endfacet
  facet normal 0 0 -1
    outer loop
      vertex 180 28 0
      vertex 173.316 43.1206 0
      vertex 173.482 43.0681 0
    endloop
  endfacet
  facet normal 0 0 -1
    outer loop
      vertex 180 28 0
      vertex 173.155 43.1874 0
      vertex 173.316 43.1206 0
    endloop
  endfacet
  facet normal 0 0 -1
    outer loop
      vertex 180 28 0
      vertex 173 43.2679 0
      vertex 173.155 43.1874 0
    endloop
  endfacet
  facet normal 0 0 -1
    outer loop
      vertex 159 43.2679 0
      vertex 173 43.2679 0
      vertex 180 28 0
    endloop
  endfacet
  facet normal 0 0 -1
    outer loop
      vertex 173 43.2679 0
      vertex 159 43.2679 0
      vertex 172.853 43.3617 0
    endloop
  endfacet
  facet normal 0 -0 -1
    outer loop
      vertex 159.147 43.3617 0
      vertex 172.853 43.3617 0
      vertex 159 43.2679 0
    endloop
  endfacet
  facet normal 0 0 -1
    outer loop
      vertex 172.853 43.3617 0
      vertex 159.147 43.3617 0
      vertex 172.714 43.4679 0
    endloop
  endfacet
  facet normal 0 -0 -1
    outer loop
      vertex 159.286 43.4679 0
      vertex 172.714 43.4679 0
      vertex 159.147 43.3617 0
    endloop
  endfacet
  facet normal 0 0 -1
    outer loop
      vertex 172.714 43.4679 0
      vertex 159.286 43.4679 0
      vertex 172.586 43.5858 0
    endloop
  endfacet
  facet normal 0 -0 -1
    outer loop
      vertex 159.414 43.5858 0
      vertex 172.586 43.5858 0
      vertex 159.286 43.4679 0
    endloop
  endfacet
  facet normal 0 0 -1
    outer loop
      vertex 172 45 0
      vertex 160 45 0
      vertex 172 105 0
    endloop
  endfacet
  facet normal 0 0 -1
    outer loop
      vertex 172.008 44.8257 0
      vertex 160 45 0
      vertex 172 45 0
    endloop
  endfacet
  facet normal 0 0 -1
    outer loop
      vertex 159.992 44.8257 0
      vertex 172.008 44.8257 0
      vertex 172.03 44.6527 0
    endloop
  endfacet
  facet normal 0 0 -1
    outer loop
      vertex 159.97 44.6527 0
      vertex 172.03 44.6527 0
      vertex 172.068 44.4824 0
    endloop
  endfacet
  facet normal 0 0 -1
    outer loop
      vertex 159.932 44.4824 0
      vertex 172.068 44.4824 0
      vertex 172.121 44.316 0
    endloop
  endfacet
  facet normal 0 0 -1
    outer loop
      vertex 159.879 44.316 0
      vertex 172.121 44.316 0
      vertex 172.187 44.1548 0
    endloop
  endfacet
  facet normal 0 0 -1
    outer loop
      vertex 172.586 43.5858 0
      vertex 159.414 43.5858 0
      vertex 172.468 43.7144 0
    endloop
  endfacet
  facet normal 0 0 -1
    outer loop
      vertex 172.008 44.8257 0
      vertex 159.992 44.8257 0
      vertex 160 45 0
    endloop
  endfacet
  facet normal 0 0 -1
    outer loop
      vertex 172.03 44.6527 0
      vertex 159.97 44.6527 0
      vertex 159.992 44.8257 0
    endloop
  endfacet
  facet normal 0 0 -1
    outer loop
      vertex 172.068 44.4824 0
      vertex 159.932 44.4824 0
      vertex 159.97 44.6527 0
    endloop
  endfacet
  facet normal 0 0 -1
    outer loop
      vertex 172.121 44.316 0
      vertex 159.879 44.316 0
      vertex 159.932 44.4824 0
    endloop
  endfacet
  facet normal 0 0 -1
    outer loop
      vertex 172.187 44.1548 0
      vertex 159.813 44.1548 0
      vertex 159.879 44.316 0
    endloop
  endfacet
  facet normal -0 0 -1
    outer loop
      vertex 172.187 44.1548 0
      vertex 159.732 44 0
      vertex 159.813 44.1548 0
    endloop
  endfacet
  facet normal 0 0 -1
    outer loop
      vertex 172.268 44 0
      vertex 159.732 44 0
      vertex 172.187 44.1548 0
    endloop
  endfacet
  facet normal 0 -0 -1
    outer loop
      vertex 159.732 44 0
      vertex 172.268 44 0
      vertex 159.638 43.8528 0
    endloop
  endfacet
  facet normal 0 0 -1
    outer loop
      vertex 172.362 43.8528 0
      vertex 159.638 43.8528 0
      vertex 172.268 44 0
    endloop
  endfacet
  facet normal 0 -0 -1
    outer loop
      vertex 159.638 43.8528 0
      vertex 172.362 43.8528 0
      vertex 159.532 43.7144 0
    endloop
  endfacet
  facet normal 0 0 -1
    outer loop
      vertex 172.468 43.7144 0
      vertex 159.532 43.7144 0
      vertex 172.362 43.8528 0
    endloop
  endfacet
  facet normal 0 -0 -1
    outer loop
      vertex 159.532 43.7144 0
      vertex 172.468 43.7144 0
      vertex 159.414 43.5858 0
    endloop
  endfacet
  facet normal 0 0 -1
    outer loop
      vertex 180 28 0
      vertex 158.845 43.1874 0
      vertex 159 43.2679 0
    endloop
  endfacet
  facet normal 0 0 -1
    outer loop
      vertex 180 28 0
      vertex 158.684 43.1206 0
      vertex 158.845 43.1874 0
    endloop
  endfacet
  facet normal 0 0 -1
    outer loop
      vertex 180 28 0
      vertex 158.518 43.0681 0
      vertex 158.684 43.1206 0
    endloop
  endfacet
  facet normal 0 0 -1
    outer loop
      vertex 180 28 0
      vertex 158.347 43.0304 0
      vertex 158.518 43.0681 0
    endloop
  endfacet
  facet normal 0 0 -1
    outer loop
      vertex 180 28 0
      vertex 158.174 43.0076 0
      vertex 158.347 43.0304 0
    endloop
  endfacet
  facet normal 0 0 -1
    outer loop
      vertex 180 28 0
      vertex 158 43 0
      vertex 158.174 43.0076 0
    endloop
  endfacet
  facet normal 0 0 -1
    outer loop
      vertex 180 28 0
      vertex 157.826 43.0076 0
      vertex 158 43 0
    endloop
  endfacet
  facet normal 0 0 -1
    outer loop
      vertex 180 28 0
      vertex 157.653 43.0304 0
      vertex 157.826 43.0076 0
    endloop
  endfacet
  facet normal 0 0 -1
    outer loop
      vertex 180 28 0
      vertex 157.482 43.0681 0
      vertex 157.653 43.0304 0
    endloop
  endfacet
  facet normal 0 0 -1
    outer loop
      vertex 142.518 43.0681 0
      vertex 157.482 43.0681 0
      vertex 180 28 0
    endloop
  endfacet
  facet normal 0 0 -1
    outer loop
      vertex 157.482 43.0681 0
      vertex 142.518 43.0681 0
      vertex 157.316 43.1206 0
    endloop
  endfacet
  facet normal 0 -0 -1
    outer loop
      vertex 142.684 43.1206 0
      vertex 157.316 43.1206 0
      vertex 142.518 43.0681 0
    endloop
  endfacet
  facet normal 0 0 -1
    outer loop
      vertex 157.316 43.1206 0
      vertex 142.684 43.1206 0
      vertex 157.155 43.1874 0
    endloop
  endfacet
  facet normal 0 0 -1
    outer loop
      vertex 144 105 0
      vertex 156 105 0
      vertex 156 45 0
    endloop
  endfacet
  facet normal 0 0 -1
    outer loop
      vertex 144 45 0
      vertex 156 45 0
      vertex 156.008 44.8257 0
    endloop
  endfacet
  facet normal 0 0 -1
    outer loop
      vertex 156 105 0
      vertex 151.694 141.352 0
      vertex 151.7 141.5 0
    endloop
  endfacet
  facet normal 0 0 -1
    outer loop
      vertex 156 105 0
      vertex 151.674 141.205 0
      vertex 151.694 141.352 0
    endloop
  endfacet
  facet normal 0 0 -1
    outer loop
      vertex 156 105 0
      vertex 151.642 141.06 0
      vertex 151.674 141.205 0
    endloop
  endfacet
  facet normal 0 0 -1
    outer loop
      vertex 156 105 0
      vertex 151.597 140.919 0
      vertex 151.642 141.06 0
    endloop
  endfacet
  facet normal 0 0 -1
    outer loop
      vertex 143.992 105.174 0
      vertex 156 105 0
      vertex 144 105 0
    endloop
  endfacet
  facet normal 0 0 -1
    outer loop
      vertex 156 105 0
      vertex 151.541 140.782 0
      vertex 151.597 140.919 0
    endloop
  endfacet
  facet normal 0 0 -1
    outer loop
      vertex 143.97 105.347 0
      vertex 156 105 0
      vertex 143.992 105.174 0
    endloop
  endfacet
  facet normal 0 0 -1
    outer loop
      vertex 156 105 0
      vertex 151.472 140.65 0
      vertex 151.541 140.782 0
    endloop
  endfacet
  facet normal 0 0 -1
    outer loop
      vertex 143.932 105.518 0
      vertex 156 105 0
      vertex 143.97 105.347 0
    endloop
  endfacet
  facet normal 0 0 -1
    outer loop
      vertex 156 105 0
      vertex 151.393 140.525 0
      vertex 151.472 140.65 0
    endloop
  endfacet
  facet normal 0 0 -1
    outer loop
      vertex 143.879 105.684 0
      vertex 156 105 0
      vertex 143.932 105.518 0
    endloop
  endfacet
  facet normal 0 0 -1
    outer loop
      vertex 156 105 0
      vertex 151.302 140.407 0
      vertex 151.393 140.525 0
    endloop
  endfacet
  facet normal 0 0 -1
    outer loop
      vertex 143.813 105.845 0
      vertex 156 105 0
      vertex 143.879 105.684 0
    endloop
  endfacet
  facet normal 0 0 -1
    outer loop
      vertex 156 105 0
      vertex 151.202 140.298 0
      vertex 151.302 140.407 0
    endloop
  endfacet
  facet normal 0 0 -1
    outer loop
      vertex 143.732 106 0
      vertex 156 105 0
      vertex 143.813 105.845 0
    endloop
  endfacet
  facet normal 0 0 -1
    outer loop
      vertex 156 105 0
      vertex 151.093 140.198 0
      vertex 151.202 140.298 0
    endloop
  endfacet
  facet normal 0 0 -1
    outer loop
      vertex 143.638 106.147 0
      vertex 156 105 0
      vertex 143.732 106 0
    endloop
  endfacet
  facet normal 0 0 -1
    outer loop
      vertex 156 105 0
      vertex 150.975 140.107 0
      vertex 151.093 140.198 0
    endloop
  endfacet
  facet normal 0 0 -1
    outer loop
      vertex 143.532 106.286 0
      vertex 156 105 0
      vertex 143.638 106.147 0
    endloop
  endfacet
  facet normal 0 0 -1
    outer loop
      vertex 156 105 0
      vertex 150.85 140.028 0
      vertex 150.975 140.107 0
    endloop
  endfacet
  facet normal 0 0 -1
    outer loop
      vertex 143.414 106.414 0
      vertex 156 105 0
      vertex 143.532 106.286 0
    endloop
  endfacet
  facet normal 0 0 -1
    outer loop
      vertex 156 105 0
      vertex 150.718 139.959 0
      vertex 150.85 140.028 0
    endloop
  endfacet
  facet normal 0 0 -1
    outer loop
      vertex 143.286 106.532 0
      vertex 156 105 0
      vertex 143.414 106.414 0
    endloop
  endfacet
  facet normal 0 0 -1
    outer loop
      vertex 156 105 0
      vertex 150.581 139.903 0
      vertex 150.718 139.959 0
    endloop
  endfacet
  facet normal 0 0 -1
    outer loop
      vertex 143.147 106.638 0
      vertex 156 105 0
      vertex 143.286 106.532 0
    endloop
  endfacet
  facet normal 0 0 -1
    outer loop
      vertex 156 105 0
      vertex 150.44 139.858 0
      vertex 150.581 139.903 0
    endloop
  endfacet
  facet normal 0 0 -1
    outer loop
      vertex 143 106.732 0
      vertex 156 105 0
      vertex 143.147 106.638 0
    endloop
  endfacet
  facet normal 0 0 -1
    outer loop
      vertex 156 105 0
      vertex 150.295 139.826 0
      vertex 150.44 139.858 0
    endloop
  endfacet
  facet normal 0 -0 -1
    outer loop
      vertex 150.148 139.806 0
      vertex 156 105 0
      vertex 143 106.732 0
    endloop
  endfacet
  facet normal 0 0 -1
    outer loop
      vertex 156 105 0
      vertex 150.148 139.806 0
      vertex 150.295 139.826 0
    endloop
  endfacet
  facet normal 0 0 -1
    outer loop
      vertex 150.148 139.806 0
      vertex 143 106.732 0
      vertex 150 139.8 0
    endloop
  endfacet
  facet normal 0 0 -1
    outer loop
      vertex 142.845 106.813 0
      vertex 150 139.8 0
      vertex 143 106.732 0
    endloop
  endfacet
  facet normal -0 0 -1
    outer loop
      vertex 150 139.8 0
      vertex 142.845 106.813 0
      vertex 149.852 139.806 0
    endloop
  endfacet
  facet normal 0 0 -1
    outer loop
      vertex 142.684 106.879 0
      vertex 149.852 139.806 0
      vertex 142.845 106.813 0
    endloop
  endfacet
  facet normal -0 0 -1
    outer loop
      vertex 149.852 139.806 0
      vertex 142.684 106.879 0
      vertex 149.705 139.826 0
    endloop
  endfacet
  facet normal 0 0 -1
    outer loop
      vertex 142.518 106.932 0
      vertex 149.705 139.826 0
      vertex 142.684 106.879 0
    endloop
  endfacet
  facet normal 0 0 -1
    outer loop
      vertex 156 45 0
      vertex 144 45 0
      vertex 144 105 0
    endloop
  endfacet
  facet normal 0 0 -1
    outer loop
      vertex 143.992 44.8257 0
      vertex 156.008 44.8257 0
      vertex 156.03 44.6527 0
    endloop
  endfacet
  facet normal 0 0 -1
    outer loop
      vertex 143.97 44.6527 0
      vertex 156.03 44.6527 0
      vertex 156.068 44.4824 0
    endloop
  endfacet
  facet normal 0 0 -1
    outer loop
      vertex 143.932 44.4824 0
      vertex 156.068 44.4824 0
      vertex 156.121 44.316 0
    endloop
  endfacet
  facet normal 0 0 -1
    outer loop
      vertex 143.879 44.316 0
      vertex 156.121 44.316 0
      vertex 156.187 44.1548 0
    endloop
  endfacet
  facet normal 0 0 -1
    outer loop
      vertex 143.813 44.1548 0
      vertex 156.187 44.1548 0
      vertex 156.268 44 0
    endloop
  endfacet
  facet normal 0 0 -1
    outer loop
      vertex 143.732 44 0
      vertex 156.268 44 0
      vertex 156.362 43.8528 0
    endloop
  endfacet
  facet normal 0 0 -1
    outer loop
      vertex 143.638 43.8528 0
      vertex 156.362 43.8528 0
      vertex 156.468 43.7144 0
    endloop
  endfacet
  facet normal 0 0 -1
    outer loop
      vertex 143.532 43.7144 0
      vertex 156.468 43.7144 0
      vertex 156.586 43.5858 0
    endloop
  endfacet
  facet normal 0 0 -1
    outer loop
      vertex 143.414 43.5858 0
      vertex 156.586 43.5858 0
      vertex 156.714 43.4679 0
    endloop
  endfacet
  facet normal 0 0 -1
    outer loop
      vertex 143.286 43.4679 0
      vertex 156.714 43.4679 0
      vertex 156.853 43.3617 0
    endloop
  endfacet
  facet normal 0 -0 -1
    outer loop
      vertex 142.845 43.1874 0
      vertex 157.155 43.1874 0
      vertex 142.684 43.1206 0
    endloop
  endfacet
  facet normal 0 0 -1
    outer loop
      vertex 156.008 44.8257 0
      vertex 143.992 44.8257 0
      vertex 144 45 0
    endloop
  endfacet
  facet normal 0 0 -1
    outer loop
      vertex 156.03 44.6527 0
      vertex 143.97 44.6527 0
      vertex 143.992 44.8257 0
    endloop
  endfacet
  facet normal 0 0 -1
    outer loop
      vertex 156.068 44.4824 0
      vertex 143.932 44.4824 0
      vertex 143.97 44.6527 0
    endloop
  endfacet
  facet normal 0 0 -1
    outer loop
      vertex 156.121 44.316 0
      vertex 143.879 44.316 0
      vertex 143.932 44.4824 0
    endloop
  endfacet
  facet normal 0 0 -1
    outer loop
      vertex 156.187 44.1548 0
      vertex 143.813 44.1548 0
      vertex 143.879 44.316 0
    endloop
  endfacet
  facet normal 0 0 -1
    outer loop
      vertex 156.268 44 0
      vertex 143.732 44 0
      vertex 143.813 44.1548 0
    endloop
  endfacet
  facet normal 0 0 -1
    outer loop
      vertex 156.362 43.8528 0
      vertex 143.638 43.8528 0
      vertex 143.732 44 0
    endloop
  endfacet
  facet normal 0 0 -1
    outer loop
      vertex 156.468 43.7144 0
      vertex 143.532 43.7144 0
      vertex 143.638 43.8528 0
    endloop
  endfacet
  facet normal 0 0 -1
    outer loop
      vertex 156.586 43.5858 0
      vertex 143.414 43.5858 0
      vertex 143.532 43.7144 0
    endloop
  endfacet
  facet normal 0 0 -1
    outer loop
      vertex 156.714 43.4679 0
      vertex 143.286 43.4679 0
      vertex 143.414 43.5858 0
    endloop
  endfacet
  facet normal 0 0 -1
    outer loop
      vertex 156.853 43.3617 0
      vertex 143.147 43.3617 0
      vertex 143.286 43.4679 0
    endloop
  endfacet
  facet normal -0 0 -1
    outer loop
      vertex 156.853 43.3617 0
      vertex 143 43.2679 0
      vertex 143.147 43.3617 0
    endloop
  endfacet
  facet normal 0 0 -1
    outer loop
      vertex 157 43.2679 0
      vertex 143 43.2679 0
      vertex 156.853 43.3617 0
    endloop
  endfacet
  facet normal 0 -0 -1
    outer loop
      vertex 143 43.2679 0
      vertex 157 43.2679 0
      vertex 142.845 43.1874 0
    endloop
  endfacet
  facet normal 0 0 -1
    outer loop
      vertex 157.155 43.1874 0
      vertex 142.845 43.1874 0
      vertex 157 43.2679 0
    endloop
  endfacet
  facet normal 0 0 -1
    outer loop
      vertex 180 28 0
      vertex 142.347 43.0304 0
      vertex 142.518 43.0681 0
    endloop
  endfacet
  facet normal 0 0 -1
    outer loop
      vertex 120 28 0
      vertex 142.347 43.0304 0
      vertex 180 28 0
    endloop
  endfacet
  facet normal 0 0 -1
    outer loop
      vertex 142.347 43.0304 0
      vertex 120 28 0
      vertex 142.174 43.0076 0
    endloop
  endfacet
  facet normal 0 0 -1
    outer loop
      vertex 142.174 43.0076 0
      vertex 120 28 0
      vertex 142 43 0
    endloop
  endfacet
  facet normal -0 0 -1
    outer loop
      vertex 142 43 0
      vertex 120 28 0
      vertex 141.826 43.0076 0
    endloop
  endfacet
  facet normal -0 0 -1
    outer loop
      vertex 141.826 43.0076 0
      vertex 120 28 0
      vertex 141.653 43.0304 0
    endloop
  endfacet
  facet normal -0 0 -1
    outer loop
      vertex 141.653 43.0304 0
      vertex 120 28 0
      vertex 141.482 43.0681 0
    endloop
  endfacet
  facet normal 0 0 -1
    outer loop
      vertex 140 45 0
      vertex 128 45 0
      vertex 140 105 0
    endloop
  endfacet
  facet normal 0 0 -1
    outer loop
      vertex 140.008 44.8257 0
      vertex 128 45 0
      vertex 140 45 0
    endloop
  endfacet
  facet normal 0 0 -1
    outer loop
      vertex 127.992 44.8257 0
      vertex 140.008 44.8257 0
      vertex 140.03 44.6527 0
    endloop
  endfacet
  facet normal 0 0 -1
    outer loop
      vertex 127.97 44.6527 0
      vertex 140.03 44.6527 0
      vertex 140.068 44.4824 0
    endloop
  endfacet
  facet normal 0 0 -1
    outer loop
      vertex 127.932 44.4824 0
      vertex 140.068 44.4824 0
      vertex 140.121 44.316 0
    endloop
  endfacet
  facet normal 0 0 -1
    outer loop
      vertex 127.879 44.316 0
      vertex 140.121 44.316 0
      vertex 140.187 44.1548 0
    endloop
  endfacet
  facet normal 0 0 -1
    outer loop
      vertex 127.813 44.1548 0
      vertex 140.187 44.1548 0
      vertex 140.268 44 0
    endloop
  endfacet
  facet normal 0 0 -1
    outer loop
      vertex 127.732 44 0
      vertex 140.268 44 0
      vertex 140.362 43.8528 0
    endloop
  endfacet
  facet normal 0 0 -1
    outer loop
      vertex 127.638 43.8528 0
      vertex 140.362 43.8528 0
      vertex 140.468 43.7144 0
    endloop
  endfacet
  facet normal 0 0 -1
    outer loop
      vertex 127.532 43.7144 0
      vertex 140.468 43.7144 0
      vertex 140.586 43.5858 0
    endloop
  endfacet
  facet normal 0 0 -1
    outer loop
      vertex 127.414 43.5858 0
      vertex 140.586 43.5858 0
      vertex 140.714 43.4679 0
    endloop
  endfacet
  facet normal 0 0 -1
    outer loop
      vertex 127.286 43.4679 0
      vertex 140.714 43.4679 0
      vertex 140.853 43.3617 0
    endloop
  endfacet
  facet normal 0 0 -1
    outer loop
      vertex 127.147 43.3617 0
      vertex 140.853 43.3617 0
      vertex 141 43.2679 0
    endloop
  endfacet
  facet normal 0 0 -1
    outer loop
      vertex 120 28 0
      vertex 141 43.2679 0
      vertex 141.155 43.1874 0
    endloop
  endfacet
  facet normal 0 0 -1
    outer loop
      vertex 120 28 0
      vertex 141.155 43.1874 0
      vertex 141.316 43.1206 0
    endloop
  endfacet
  facet normal -0 0 -1
    outer loop
      vertex 141.482 43.0681 0
      vertex 120 28 0
      vertex 141.316 43.1206 0
    endloop
  endfacet
  facet normal 0 0 -1
    outer loop
      vertex 140.008 44.8257 0
      vertex 127.992 44.8257 0
      vertex 128 45 0
    endloop
  endfacet
  facet normal 0 0 -1
    outer loop
      vertex 140.03 44.6527 0
      vertex 127.97 44.6527 0
      vertex 127.992 44.8257 0
    endloop
  endfacet
  facet normal 0 0 -1
    outer loop
      vertex 140.068 44.4824 0
      vertex 127.932 44.4824 0
      vertex 127.97 44.6527 0
    endloop
  endfacet
  facet normal 0 0 -1
    outer loop
      vertex 140.121 44.316 0
      vertex 127.879 44.316 0
      vertex 127.932 44.4824 0
    endloop
  endfacet
  facet normal 0 0 -1
    outer loop
      vertex 140.187 44.1548 0
      vertex 127.813 44.1548 0
      vertex 127.879 44.316 0
    endloop
  endfacet
  facet normal 0 0 -1
    outer loop
      vertex 140.268 44 0
      vertex 127.732 44 0
      vertex 127.813 44.1548 0
    endloop
  endfacet
  facet normal 0 0 -1
    outer loop
      vertex 140.362 43.8528 0
      vertex 127.638 43.8528 0
      vertex 127.732 44 0
    endloop
  endfacet
  facet normal 0 0 -1
    outer loop
      vertex 140.468 43.7144 0
      vertex 127.532 43.7144 0
      vertex 127.638 43.8528 0
    endloop
  endfacet
  facet normal 0 0 -1
    outer loop
      vertex 140.586 43.5858 0
      vertex 127.414 43.5858 0
      vertex 127.532 43.7144 0
    endloop
  endfacet
  facet normal -0 0 -1
    outer loop
      vertex 141 43.2679 0
      vertex 120 28 0
      vertex 127 43.2679 0
    endloop
  endfacet
  facet normal 0 0 -1
    outer loop
      vertex 140.714 43.4679 0
      vertex 127.286 43.4679 0
      vertex 127.414 43.5858 0
    endloop
  endfacet
  facet normal 0 0 -1
    outer loop
      vertex 140.853 43.3617 0
      vertex 127.147 43.3617 0
      vertex 127.286 43.4679 0
    endloop
  endfacet
  facet normal 0 0 -1
    outer loop
      vertex 141 43.2679 0
      vertex 127 43.2679 0
      vertex 127.147 43.3617 0
    endloop
  endfacet
  facet normal 0 0 -1
    outer loop
      vertex 127 43.2679 0
      vertex 120 28 0
      vertex 126.845 43.1874 0
    endloop
  endfacet
  facet normal 0 0 -1
    outer loop
      vertex 126.845 43.1874 0
      vertex 120 28 0
      vertex 126.684 43.1206 0
    endloop
  endfacet
  facet normal 0 0 -1
    outer loop
      vertex 126.684 43.1206 0
      vertex 120 28 0
      vertex 126.518 43.0681 0
    endloop
  endfacet
  facet normal 0 0 -1
    outer loop
      vertex 126.518 43.0681 0
      vertex 120 28 0
      vertex 126.347 43.0304 0
    endloop
  endfacet
  facet normal 0 0 -1
    outer loop
      vertex 126.347 43.0304 0
      vertex 120 28 0
      vertex 126.174 43.0076 0
    endloop
  endfacet
  facet normal 0 0 -1
    outer loop
      vertex 126.174 43.0076 0
      vertex 120 28 0
      vertex 126 43 0
    endloop
  endfacet
  facet normal -0 0 -1
    outer loop
      vertex 126 43 0
      vertex 120 28 0
      vertex 125.826 43.0076 0
    endloop
  endfacet
  facet normal -0 0 -1
    outer loop
      vertex 125.826 43.0076 0
      vertex 120 28 0
      vertex 125.653 43.0304 0
    endloop
  endfacet
  facet normal 0 -0 -1
    outer loop
      vertex 111.879 44.316 0
      vertex 124.121 44.316 0
      vertex 111.813 44.1548 0
    endloop
  endfacet
  facet normal 0 0 -1
    outer loop
      vertex 124.187 44.1548 0
      vertex 111.813 44.1548 0
      vertex 124.121 44.316 0
    endloop
  endfacet
  facet normal 0 -0 -1
    outer loop
      vertex 111.813 44.1548 0
      vertex 124.187 44.1548 0
      vertex 111.732 44 0
    endloop
  endfacet
  facet normal 0 0 -1
    outer loop
      vertex 124.268 44 0
      vertex 111.732 44 0
      vertex 124.187 44.1548 0
    endloop
  endfacet
  facet normal 0 -0 -1
    outer loop
      vertex 111.732 44 0
      vertex 124.268 44 0
      vertex 111.638 43.8528 0
    endloop
  endfacet
  facet normal 0 0 -1
    outer loop
      vertex 124.362 43.8528 0
      vertex 111.638 43.8528 0
      vertex 124.268 44 0
    endloop
  endfacet
  facet normal 0 -0 -1
    outer loop
      vertex 111.638 43.8528 0
      vertex 124.362 43.8528 0
      vertex 111.532 43.7144 0
    endloop
  endfacet
  facet normal 0 0 -1
    outer loop
      vertex 124.468 43.7144 0
      vertex 111.532 43.7144 0
      vertex 124.362 43.8528 0
    endloop
  endfacet
  facet normal 0 0 -1
    outer loop
      vertex 124.586 43.5858 0
      vertex 111.532 43.7144 0
      vertex 124.468 43.7144 0
    endloop
  endfacet
  facet normal 0 0 -1
    outer loop
      vertex 111.532 43.7144 0
      vertex 124.586 43.5858 0
      vertex 120 28 0
    endloop
  endfacet
  facet normal -0 0 -1
    outer loop
      vertex 124.714 43.4679 0
      vertex 120 28 0
      vertex 124.586 43.5858 0
    endloop
  endfacet
  facet normal -0 0 -1
    outer loop
      vertex 124.853 43.3617 0
      vertex 120 28 0
      vertex 124.714 43.4679 0
    endloop
  endfacet
  facet normal -0 0 -1
    outer loop
      vertex 125 43.2679 0
      vertex 120 28 0
      vertex 124.853 43.3617 0
    endloop
  endfacet
  facet normal -0 0 -1
    outer loop
      vertex 125.155 43.1874 0
      vertex 120 28 0
      vertex 125 43.2679 0
    endloop
  endfacet
  facet normal -0 0 -1
    outer loop
      vertex 125.316 43.1206 0
      vertex 120 28 0
      vertex 125.155 43.1874 0
    endloop
  endfacet
  facet normal -0 0 -1
    outer loop
      vertex 125.482 43.0681 0
      vertex 120 28 0
      vertex 125.316 43.1206 0
    endloop
  endfacet
  facet normal -0 0 -1
    outer loop
      vertex 125.653 43.0304 0
      vertex 120 28 0
      vertex 125.482 43.0681 0
    endloop
  endfacet
  facet normal 0 0 -1
    outer loop
      vertex 215.7 6.3 0
      vertex 208 45 0
      vertex 215.7 143.7 0
    endloop
  endfacet
  facet normal 0 0 -1
    outer loop
      vertex 215.7 6.3 0
      vertex 207.992 44.8257 0
      vertex 208 45 0
    endloop
  endfacet
  facet normal 0 0 -1
    outer loop
      vertex 215.7 6.3 0
      vertex 207.97 44.6527 0
      vertex 207.992 44.8257 0
    endloop
  endfacet
  facet normal 0 0 -1
    outer loop
      vertex 215.7 6.3 0
      vertex 207.932 44.4824 0
      vertex 207.97 44.6527 0
    endloop
  endfacet
  facet normal 0 0 -1
    outer loop
      vertex 215.7 6.3 0
      vertex 207.879 44.316 0
      vertex 207.932 44.4824 0
    endloop
  endfacet
  facet normal 0 0 -1
    outer loop
      vertex 215.7 6.3 0
      vertex 207.813 44.1548 0
      vertex 207.879 44.316 0
    endloop
  endfacet
  facet normal 0 0 -1
    outer loop
      vertex 215.7 6.3 0
      vertex 207.732 44 0
      vertex 207.813 44.1548 0
    endloop
  endfacet
  facet normal 0 0 -1
    outer loop
      vertex 215.7 6.3 0
      vertex 207.638 43.8528 0
      vertex 207.732 44 0
    endloop
  endfacet
  facet normal 0 0 -1
    outer loop
      vertex 215.7 6.3 0
      vertex 207.532 43.7144 0
      vertex 207.638 43.8528 0
    endloop
  endfacet
  facet normal 0 0 -1
    outer loop
      vertex 215.7 6.3 0
      vertex 207.414 43.5858 0
      vertex 207.532 43.7144 0
    endloop
  endfacet
  facet normal 0 0 -1
    outer loop
      vertex 215.7 6.3 0
      vertex 207.286 43.4679 0
      vertex 207.414 43.5858 0
    endloop
  endfacet
  facet normal 0 0 -1
    outer loop
      vertex 215.7 6.3 0
      vertex 207.147 43.3617 0
      vertex 207.286 43.4679 0
    endloop
  endfacet
  facet normal 0 0 -1
    outer loop
      vertex 215.7 6.3 0
      vertex 207 43.2679 0
      vertex 207.147 43.3617 0
    endloop
  endfacet
  facet normal 0 0 -1
    outer loop
      vertex 215.7 6.3 0
      vertex 206.845 43.1874 0
      vertex 207 43.2679 0
    endloop
  endfacet
  facet normal 0 0 -1
    outer loop
      vertex 215.7 6.3 0
      vertex 206.684 43.1206 0
      vertex 206.845 43.1874 0
    endloop
  endfacet
  facet normal 0 0 -1
    outer loop
      vertex 215.7 6.3 0
      vertex 206.518 43.0681 0
      vertex 206.684 43.1206 0
    endloop
  endfacet
  facet normal 0 0 -1
    outer loop
      vertex 215.7 6.3 0
      vertex 206.347 43.0304 0
      vertex 206.518 43.0681 0
    endloop
  endfacet
  facet normal 0 0 -1
    outer loop
      vertex 215.7 6.3 0
      vertex 206.174 43.0076 0
      vertex 206.347 43.0304 0
    endloop
  endfacet
  facet normal 0 0 -1
    outer loop
      vertex 215.7 6.3 0
      vertex 206 43 0
      vertex 206.174 43.0076 0
    endloop
  endfacet
  facet normal 0 0 -1
    outer loop
      vertex 215.7 6.3 0
      vertex 205.826 43.0076 0
      vertex 206 43 0
    endloop
  endfacet
  facet normal 0 0 -1
    outer loop
      vertex 215.7 6.3 0
      vertex 205.653 43.0304 0
      vertex 205.826 43.0076 0
    endloop
  endfacet
  facet normal 0 0 -1
    outer loop
      vertex 215.7 6.3 0
      vertex 205.482 43.0681 0
      vertex 205.653 43.0304 0
    endloop
  endfacet
  facet normal 0 0 -1
    outer loop
      vertex 180 28 0
      vertex 205.482 43.0681 0
      vertex 215.7 6.3 0
    endloop
  endfacet
  facet normal -0 0 -1
    outer loop
      vertex 205.482 43.0681 0
      vertex 180 28 0
      vertex 205.316 43.1206 0
    endloop
  endfacet
  facet normal -0 0 -1
    outer loop
      vertex 205.316 43.1206 0
      vertex 180 28 0
      vertex 205.155 43.1874 0
    endloop
  endfacet
  facet normal 0 -0 -1
    outer loop
      vertex 190.845 43.1874 0
      vertex 205.155 43.1874 0
      vertex 180 28 0
    endloop
  endfacet
  facet normal 0 0 -1
    outer loop
      vertex 205.155 43.1874 0
      vertex 190.845 43.1874 0
      vertex 205 43.2679 0
    endloop
  endfacet
  facet normal 0 -0 -1
    outer loop
      vertex 191 43.2679 0
      vertex 205 43.2679 0
      vertex 190.845 43.1874 0
    endloop
  endfacet
  facet normal 0 0 -1
    outer loop
      vertex 205 43.2679 0
      vertex 191 43.2679 0
      vertex 204.853 43.3617 0
    endloop
  endfacet
  facet normal 0 -0 -1
    outer loop
      vertex 191.147 43.3617 0
      vertex 204.853 43.3617 0
      vertex 191 43.2679 0
    endloop
  endfacet
  facet normal 0 0 -1
    outer loop
      vertex 204.853 43.3617 0
      vertex 191.147 43.3617 0
      vertex 204.714 43.4679 0
    endloop
  endfacet
  facet normal 0 -0 -1
    outer loop
      vertex 191.286 43.4679 0
      vertex 204.714 43.4679 0
      vertex 191.147 43.3617 0
    endloop
  endfacet
  facet normal 0 0 -1
    outer loop
      vertex 204.714 43.4679 0
      vertex 191.286 43.4679 0
      vertex 204.586 43.5858 0
    endloop
  endfacet
  facet normal 0 -0 -1
    outer loop
      vertex 191.414 43.5858 0
      vertex 204.586 43.5858 0
      vertex 191.286 43.4679 0
    endloop
  endfacet
  facet normal 0 0 -1
    outer loop
      vertex 204 45 0
      vertex 192 45 0
      vertex 204 105 0
    endloop
  endfacet
  facet normal 0 0 -1
    outer loop
      vertex 204.008 44.8257 0
      vertex 192 45 0
      vertex 204 45 0
    endloop
  endfacet
  facet normal 0 0 -1
    outer loop
      vertex 191.992 44.8257 0
      vertex 204.008 44.8257 0
      vertex 204.03 44.6527 0
    endloop
  endfacet
  facet normal 0 0 -1
    outer loop
      vertex 191.97 44.6527 0
      vertex 204.03 44.6527 0
      vertex 204.068 44.4824 0
    endloop
  endfacet
  facet normal 0 0 -1
    outer loop
      vertex 204.586 43.5858 0
      vertex 191.414 43.5858 0
      vertex 204.468 43.7144 0
    endloop
  endfacet
  facet normal 0 0 -1
    outer loop
      vertex 204.008 44.8257 0
      vertex 191.992 44.8257 0
      vertex 192 45 0
    endloop
  endfacet
  facet normal 0 0 -1
    outer loop
      vertex 204.03 44.6527 0
      vertex 191.97 44.6527 0
      vertex 191.992 44.8257 0
    endloop
  endfacet
  facet normal 0 0 -1
    outer loop
      vertex 204.068 44.4824 0
      vertex 191.932 44.4824 0
      vertex 191.97 44.6527 0
    endloop
  endfacet
  facet normal -0 0 -1
    outer loop
      vertex 204.068 44.4824 0
      vertex 191.879 44.316 0
      vertex 191.932 44.4824 0
    endloop
  endfacet
  facet normal 0 0 -1
    outer loop
      vertex 204.121 44.316 0
      vertex 191.879 44.316 0
      vertex 204.068 44.4824 0
    endloop
  endfacet
  facet normal 0 -0 -1
    outer loop
      vertex 191.879 44.316 0
      vertex 204.121 44.316 0
      vertex 191.813 44.1548 0
    endloop
  endfacet
  facet normal 0 0 -1
    outer loop
      vertex 204.187 44.1548 0
      vertex 191.813 44.1548 0
      vertex 204.121 44.316 0
    endloop
  endfacet
  facet normal 0 -0 -1
    outer loop
      vertex 191.813 44.1548 0
      vertex 204.187 44.1548 0
      vertex 191.732 44 0
    endloop
  endfacet
  facet normal 0 0 -1
    outer loop
      vertex 204.268 44 0
      vertex 191.732 44 0
      vertex 204.187 44.1548 0
    endloop
  endfacet
  facet normal 0 -0 -1
    outer loop
      vertex 191.732 44 0
      vertex 204.268 44 0
      vertex 191.638 43.8528 0
    endloop
  endfacet
  facet normal 0 0 -1
    outer loop
      vertex 204.362 43.8528 0
      vertex 191.638 43.8528 0
      vertex 204.268 44 0
    endloop
  endfacet
  facet normal 0 -0 -1
    outer loop
      vertex 191.638 43.8528 0
      vertex 204.362 43.8528 0
      vertex 191.532 43.7144 0
    endloop
  endfacet
  facet normal 0 -0 -1
    outer loop
      vertex 191.532 43.7144 0
      vertex 204.468 43.7144 0
      vertex 191.414 43.5858 0
    endloop
  endfacet
  facet normal 0 0 -1
    outer loop
      vertex 204.468 43.7144 0
      vertex 191.532 43.7144 0
      vertex 204.362 43.8528 0
    endloop
  endfacet
  facet normal 0 0 -1
    outer loop
      vertex 190.845 43.1874 0
      vertex 180 28 0
      vertex 190.684 43.1206 0
    endloop
  endfacet
  facet normal 0 0 -1
    outer loop
      vertex 190.684 43.1206 0
      vertex 180 28 0
      vertex 190.518 43.0681 0
    endloop
  endfacet
  facet normal 0 0 -1
    outer loop
      vertex 190.518 43.0681 0
      vertex 180 28 0
      vertex 190.347 43.0304 0
    endloop
  endfacet
  facet normal 0 0 -1
    outer loop
      vertex 190.347 43.0304 0
      vertex 180 28 0
      vertex 190.174 43.0076 0
    endloop
  endfacet
  facet normal 0 0 -1
    outer loop
      vertex 190.174 43.0076 0
      vertex 180 28 0
      vertex 190 43 0
    endloop
  endfacet
  facet normal -0 0 -1
    outer loop
      vertex 190 43 0
      vertex 180 28 0
      vertex 189.826 43.0076 0
    endloop
  endfacet
  facet normal -0 0 -1
    outer loop
      vertex 189.826 43.0076 0
      vertex 180 28 0
      vertex 189.653 43.0304 0
    endloop
  endfacet
  facet normal -0 0 -1
    outer loop
      vertex 189.653 43.0304 0
      vertex 180 28 0
      vertex 189.482 43.0681 0
    endloop
  endfacet
  facet normal -0 0 -1
    outer loop
      vertex 189.482 43.0681 0
      vertex 180 28 0
      vertex 189.316 43.1206 0
    endloop
  endfacet
  facet normal -0 0 -1
    outer loop
      vertex 189.316 43.1206 0
      vertex 180 28 0
      vertex 189.155 43.1874 0
    endloop
  endfacet
  facet normal -0 0 -1
    outer loop
      vertex 189.155 43.1874 0
      vertex 180 28 0
      vertex 189 43.2679 0
    endloop
  endfacet
  facet normal -0 0 -1
    outer loop
      vertex 189 43.2679 0
      vertex 180 28 0
      vertex 188.853 43.3617 0
    endloop
  endfacet
  facet normal -0 0 -1
    outer loop
      vertex 188.853 43.3617 0
      vertex 180 28 0
      vertex 188.714 43.4679 0
    endloop
  endfacet
  facet normal -0 0 -1
    outer loop
      vertex 188.714 43.4679 0
      vertex 180 28 0
      vertex 188.586 43.5858 0
    endloop
  endfacet
  facet normal 0 0 -1
    outer loop
      vertex 175.414 43.5858 0
      vertex 188.586 43.5858 0
      vertex 180 28 0
    endloop
  endfacet
  facet normal 0 0 -1
    outer loop
      vertex 175.992 44.8257 0
      vertex 188.008 44.8257 0
      vertex 188.03 44.6527 0
    endloop
  endfacet
  facet normal 0 0 -1
    outer loop
      vertex 175.992 44.8257 0
      vertex 188.03 44.6527 0
      vertex 188.068 44.4824 0
    endloop
  endfacet
  facet normal 0 0 -1
    outer loop
      vertex 175.992 44.8257 0
      vertex 188.068 44.4824 0
      vertex 188.121 44.316 0
    endloop
  endfacet
  facet normal 0 0 -1
    outer loop
      vertex 175.992 44.8257 0
      vertex 188.121 44.316 0
      vertex 188.187 44.1548 0
    endloop
  endfacet
  facet normal 0 0 -1
    outer loop
      vertex 175.992 44.8257 0
      vertex 188.187 44.1548 0
      vertex 188.268 44 0
    endloop
  endfacet
  facet normal 0 0 -1
    outer loop
      vertex 175.992 44.8257 0
      vertex 188.268 44 0
      vertex 188.362 43.8528 0
    endloop
  endfacet
  facet normal 0 0 -1
    outer loop
      vertex 175.992 44.8257 0
      vertex 188.362 43.8528 0
      vertex 188.468 43.7144 0
    endloop
  endfacet
  facet normal 0 0 -1
    outer loop
      vertex 188.586 43.5858 0
      vertex 175.414 43.5858 0
      vertex 188.468 43.7144 0
    endloop
  endfacet
  facet normal 0 0 -1
    outer loop
      vertex 180 28 0
      vertex 215.7 6.3 0
      vertex 180 12 0
    endloop
  endfacet
  facet normal 0 0 -1
    outer loop
      vertex 150.581 6.90252 0
      vertex 180 12 0
      vertex 215.7 6.3 0
    endloop
  endfacet
  facet normal 0 0 -1
    outer loop
      vertex 180 12 0
      vertex 151.694 8.35183 0
      vertex 151.7 8.5 0
    endloop
  endfacet
  facet normal 0 0 -1
    outer loop
      vertex 180 12 0
      vertex 151.674 8.2048 0
      vertex 151.694 8.35183 0
    endloop
  endfacet
  facet normal 0 0 -1
    outer loop
      vertex 180 12 0
      vertex 151.642 8.06001 0
      vertex 151.674 8.2048 0
    endloop
  endfacet
  facet normal 0 0 -1
    outer loop
      vertex 180 12 0
      vertex 151.597 7.91857 0
      vertex 151.642 8.06001 0
    endloop
  endfacet
  facet normal 0 0 -1
    outer loop
      vertex 180 12 0
      vertex 151.541 7.78155 0
      vertex 151.597 7.91857 0
    endloop
  endfacet
  facet normal 0 0 -1
    outer loop
      vertex 180 12 0
      vertex 151.472 7.65 0
      vertex 151.541 7.78155 0
    endloop
  endfacet
  facet normal 0 0 -1
    outer loop
      vertex 180 12 0
      vertex 151.393 7.52492 0
      vertex 151.472 7.65 0
    endloop
  endfacet
  facet normal 0 0 -1
    outer loop
      vertex 180 12 0
      vertex 151.302 7.40726 0
      vertex 151.393 7.52492 0
    endloop
  endfacet
  facet normal 0 0 -1
    outer loop
      vertex 180 12 0
      vertex 151.202 7.29792 0
      vertex 151.302 7.40726 0
    endloop
  endfacet
  facet normal 0 0 -1
    outer loop
      vertex 180 12 0
      vertex 151.093 7.19772 0
      vertex 151.202 7.29792 0
    endloop
  endfacet
  facet normal 0 0 -1
    outer loop
      vertex 180 12 0
      vertex 150.975 7.10744 0
      vertex 151.093 7.19772 0
    endloop
  endfacet
  facet normal 0 0 -1
    outer loop
      vertex 180 12 0
      vertex 150.85 7.02776 0
      vertex 150.975 7.10744 0
    endloop
  endfacet
  facet normal 0 0 -1
    outer loop
      vertex 180 12 0
      vertex 150.718 6.95928 0
      vertex 150.85 7.02776 0
    endloop
  endfacet
  facet normal 0 0 -1
    outer loop
      vertex 180 12 0
      vertex 150.581 6.90252 0
      vertex 150.718 6.95928 0
    endloop
  endfacet
  facet normal 0 0 -1
    outer loop
      vertex 215.7 6.3 0
      vertex 150.44 6.85793 0
      vertex 150.581 6.90252 0
    endloop
  endfacet
  facet normal 0 0 -1
    outer loop
      vertex 215.7 6.3 0
      vertex 150.295 6.82583 0
      vertex 150.44 6.85793 0
    endloop
  endfacet
  facet normal 0 0 -1
    outer loop
      vertex 215.7 6.3 0
      vertex 150.148 6.80647 0
      vertex 150.295 6.82583 0
    endloop
  endfacet
  facet normal 0 0 -1
    outer loop
      vertex 215.7 6.3 0
      vertex 150 6.8 0
      vertex 150.148 6.80647 0
    endloop
  endfacet
  facet normal 0 0 -1
    outer loop
      vertex 148.306 8.35183 0
      vertex 120 12 0
      vertex 148.3 8.5 0
    endloop
  endfacet
  facet normal 0 0 -1
    outer loop
      vertex 148.326 8.2048 0
      vertex 120 12 0
      vertex 148.306 8.35183 0
    endloop
  endfacet
  facet normal 0 0 -1
    outer loop
      vertex 148.358 8.06001 0
      vertex 120 12 0
      vertex 148.326 8.2048 0
    endloop
  endfacet
  facet normal 0 0 -1
    outer loop
      vertex 148.403 7.91857 0
      vertex 120 12 0
      vertex 148.358 8.06001 0
    endloop
  endfacet
  facet normal 0 0 -1
    outer loop
      vertex 148.459 7.78155 0
      vertex 120 12 0
      vertex 148.403 7.91857 0
    endloop
  endfacet
  facet normal 0 0 -1
    outer loop
      vertex 148.528 7.65 0
      vertex 120 12 0
      vertex 148.459 7.78155 0
    endloop
  endfacet
  facet normal 0 0 -1
    outer loop
      vertex 148.607 7.52492 0
      vertex 120 12 0
      vertex 148.528 7.65 0
    endloop
  endfacet
  facet normal 0 0 -1
    outer loop
      vertex 148.698 7.40726 0
      vertex 120 12 0
      vertex 148.607 7.52492 0
    endloop
  endfacet
  facet normal 0 0 -1
    outer loop
      vertex 148.798 7.29792 0
      vertex 120 12 0
      vertex 148.698 7.40726 0
    endloop
  endfacet
  facet normal 0 0 -1
    outer loop
      vertex 148.907 7.19772 0
      vertex 120 12 0
      vertex 148.798 7.29792 0
    endloop
  endfacet
  facet normal 0 0 -1
    outer loop
      vertex 149.025 7.10744 0
      vertex 120 12 0
      vertex 148.907 7.19772 0
    endloop
  endfacet
  facet normal 0 0 -1
    outer loop
      vertex 149.15 7.02776 0
      vertex 120 12 0
      vertex 149.025 7.10744 0
    endloop
  endfacet
  facet normal 0 0 -1
    outer loop
      vertex 149.282 6.95928 0
      vertex 120 12 0
      vertex 149.15 7.02776 0
    endloop
  endfacet
  facet normal 0 0 -1
    outer loop
      vertex 149.419 6.90252 0
      vertex 120 12 0
      vertex 149.282 6.95928 0
    endloop
  endfacet
  facet normal 0 0 -1
    outer loop
      vertex 84 6.3 0
      vertex 149.419 6.90252 0
      vertex 149.56 6.85793 0
    endloop
  endfacet
  facet normal 0 0 -1
    outer loop
      vertex 84 6.3 0
      vertex 149.56 6.85793 0
      vertex 149.705 6.82583 0
    endloop
  endfacet
  facet normal 0 0 -1
    outer loop
      vertex 84 6.3 0
      vertex 120 28 0
      vertex 120 12 0
    endloop
  endfacet
  facet normal -0 0 -1
    outer loop
      vertex 124 45 0
      vertex 111.992 44.8257 0
      vertex 112 45 0
    endloop
  endfacet
  facet normal 0 0 -1
    outer loop
      vertex 124.008 44.8257 0
      vertex 111.992 44.8257 0
      vertex 124 45 0
    endloop
  endfacet
  facet normal 0 -0 -1
    outer loop
      vertex 111.992 44.8257 0
      vertex 124.008 44.8257 0
      vertex 111.97 44.6527 0
    endloop
  endfacet
  facet normal 0 0 -1
    outer loop
      vertex 124.03 44.6527 0
      vertex 111.97 44.6527 0
      vertex 124.008 44.8257 0
    endloop
  endfacet
  facet normal 0 -0 -1
    outer loop
      vertex 111.97 44.6527 0
      vertex 124.03 44.6527 0
      vertex 111.932 44.4824 0
    endloop
  endfacet
  facet normal 0 0 -1
    outer loop
      vertex 124.068 44.4824 0
      vertex 111.932 44.4824 0
      vertex 124.03 44.6527 0
    endloop
  endfacet
  facet normal 0 -0 -1
    outer loop
      vertex 111.932 44.4824 0
      vertex 124.068 44.4824 0
      vertex 111.879 44.316 0
    endloop
  endfacet
  facet normal 0 0 -1
    outer loop
      vertex 124.121 44.316 0
      vertex 111.879 44.316 0
      vertex 124.068 44.4824 0
    endloop
  endfacet
  facet normal 0 0 -1
    outer loop
      vertex 120 28 0
      vertex 111.414 43.5858 0
      vertex 111.532 43.7144 0
    endloop
  endfacet
  facet normal 0 0 -1
    outer loop
      vertex 120 28 0
      vertex 111.286 43.4679 0
      vertex 111.414 43.5858 0
    endloop
  endfacet
  facet normal 0 0 -1
    outer loop
      vertex 120 28 0
      vertex 111.147 43.3617 0
      vertex 111.286 43.4679 0
    endloop
  endfacet
  facet normal 0 0 -1
    outer loop
      vertex 120 28 0
      vertex 111 43.2679 0
      vertex 111.147 43.3617 0
    endloop
  endfacet
  facet normal 0 0 -1
    outer loop
      vertex 120 28 0
      vertex 110.845 43.1874 0
      vertex 111 43.2679 0
    endloop
  endfacet
  facet normal 0 0 -1
    outer loop
      vertex 120 28 0
      vertex 110.684 43.1206 0
      vertex 110.845 43.1874 0
    endloop
  endfacet
  facet normal 0 0 -1
    outer loop
      vertex 120 28 0
      vertex 110.518 43.0681 0
      vertex 110.684 43.1206 0
    endloop
  endfacet
  facet normal 0 0 -1
    outer loop
      vertex 120 28 0
      vertex 110.347 43.0304 0
      vertex 110.518 43.0681 0
    endloop
  endfacet
  facet normal 0 0 -1
    outer loop
      vertex 120 28 0
      vertex 110.174 43.0076 0
      vertex 110.347 43.0304 0
    endloop
  endfacet
  facet normal 0 0 -1
    outer loop
      vertex 120 28 0
      vertex 110 43 0
      vertex 110.174 43.0076 0
    endloop
  endfacet
  facet normal 0 0 -1
    outer loop
      vertex 120 28 0
      vertex 109.826 43.0076 0
      vertex 110 43 0
    endloop
  endfacet
  facet normal 0 0 -1
    outer loop
      vertex 120 28 0
      vertex 109.653 43.0304 0
      vertex 109.826 43.0076 0
    endloop
  endfacet
  facet normal 0 0 -1
    outer loop
      vertex 120 28 0
      vertex 109.482 43.0681 0
      vertex 109.653 43.0304 0
    endloop
  endfacet
  facet normal 0 0 -1
    outer loop
      vertex 120 28 0
      vertex 109.316 43.1206 0
      vertex 109.482 43.0681 0
    endloop
  endfacet
  facet normal 0 -0 -1
    outer loop
      vertex 94.8452 43.1874 0
      vertex 120 28 0
      vertex 94.684 43.1206 0
    endloop
  endfacet
  facet normal 0 0 -1
    outer loop
      vertex 120 28 0
      vertex 109.155 43.1874 0
      vertex 109.316 43.1206 0
    endloop
  endfacet
  facet normal 0 0 -1
    outer loop
      vertex 120 28 0
      vertex 94.8452 43.1874 0
      vertex 109.155 43.1874 0
    endloop
  endfacet
  facet normal 0 0 -1
    outer loop
      vertex 109.155 43.1874 0
      vertex 94.8452 43.1874 0
      vertex 109 43.2679 0
    endloop
  endfacet
  facet normal 0 -0 -1
    outer loop
      vertex 95 43.2679 0
      vertex 109 43.2679 0
      vertex 94.8452 43.1874 0
    endloop
  endfacet
  facet normal 0 0 -1
    outer loop
      vertex 109 43.2679 0
      vertex 95 43.2679 0
      vertex 108.853 43.3617 0
    endloop
  endfacet
  facet normal 0 -0 -1
    outer loop
      vertex 95.1472 43.3617 0
      vertex 108.853 43.3617 0
      vertex 95 43.2679 0
    endloop
  endfacet
  facet normal 0 0 -1
    outer loop
      vertex 108.853 43.3617 0
      vertex 95.1472 43.3617 0
      vertex 108.714 43.4679 0
    endloop
  endfacet
  facet normal 0 0 -1
    outer loop
      vertex 108.714 43.4679 0
      vertex 95.2856 43.4679 0
      vertex 108.586 43.5858 0
    endloop
  endfacet
  facet normal 0 -0 -1
    outer loop
      vertex 95.4142 43.5858 0
      vertex 108.586 43.5858 0
      vertex 95.2856 43.4679 0
    endloop
  endfacet
  facet normal 0 0 -1
    outer loop
      vertex 108 45 0
      vertex 96 45 0
      vertex 108 105 0
    endloop
  endfacet
  facet normal 0 0 -1
    outer loop
      vertex 108.008 44.8257 0
      vertex 96 45 0
      vertex 108 45 0
    endloop
  endfacet
  facet normal 0 0 -1
    outer loop
      vertex 95.9924 44.8257 0
      vertex 108.008 44.8257 0
      vertex 108.03 44.6527 0
    endloop
  endfacet
  facet normal 0 0 -1
    outer loop
      vertex 95.9696 44.6527 0
      vertex 108.03 44.6527 0
      vertex 108.068 44.4824 0
    endloop
  endfacet
  facet normal 0 0 -1
    outer loop
      vertex 95.9319 44.4824 0
      vertex 108.068 44.4824 0
      vertex 108.121 44.316 0
    endloop
  endfacet
  facet normal 0 0 -1
    outer loop
      vertex 108.586 43.5858 0
      vertex 95.4142 43.5858 0
      vertex 108.468 43.7144 0
    endloop
  endfacet
  facet normal 0 0 -1
    outer loop
      vertex 108.008 44.8257 0
      vertex 95.9924 44.8257 0
      vertex 96 45 0
    endloop
  endfacet
  facet normal 0 0 -1
    outer loop
      vertex 108.03 44.6527 0
      vertex 95.9696 44.6527 0
      vertex 95.9924 44.8257 0
    endloop
  endfacet
  facet normal 0 0 -1
    outer loop
      vertex 108.068 44.4824 0
      vertex 95.9319 44.4824 0
      vertex 95.9696 44.6527 0
    endloop
  endfacet
  facet normal 0 0 -1
    outer loop
      vertex 108.121 44.316 0
      vertex 95.8794 44.316 0
      vertex 95.9319 44.4824 0
    endloop
  endfacet
  facet normal -0 0 -1
    outer loop
      vertex 108.121 44.316 0
      vertex 95.8126 44.1548 0
      vertex 95.8794 44.316 0
    endloop
  endfacet
  facet normal 0 0 -1
    outer loop
      vertex 108.187 44.1548 0
      vertex 95.8126 44.1548 0
      vertex 108.121 44.316 0
    endloop
  endfacet
  facet normal 0 -0 -1
    outer loop
      vertex 95.8126 44.1548 0
      vertex 108.187 44.1548 0
      vertex 95.732 44 0
    endloop
  endfacet
  facet normal 0 0 -1
    outer loop
      vertex 108.268 44 0
      vertex 95.732 44 0
      vertex 108.187 44.1548 0
    endloop
  endfacet
  facet normal 0 -0 -1
    outer loop
      vertex 95.732 44 0
      vertex 108.268 44 0
      vertex 95.6383 43.8528 0
    endloop
  endfacet
  facet normal 0 0 -1
    outer loop
      vertex 108.362 43.8528 0
      vertex 95.6383 43.8528 0
      vertex 108.268 44 0
    endloop
  endfacet
  facet normal 0 -0 -1
    outer loop
      vertex 95.6383 43.8528 0
      vertex 108.362 43.8528 0
      vertex 95.5321 43.7144 0
    endloop
  endfacet
  facet normal 0 0 -1
    outer loop
      vertex 108.468 43.7144 0
      vertex 95.5321 43.7144 0
      vertex 108.362 43.8528 0
    endloop
  endfacet
  facet normal 0 -0 -1
    outer loop
      vertex 95.5321 43.7144 0
      vertex 108.468 43.7144 0
      vertex 95.4142 43.5858 0
    endloop
  endfacet
  facet normal 0 -0 -1
    outer loop
      vertex 95.2856 43.4679 0
      vertex 108.714 43.4679 0
      vertex 95.1472 43.3617 0
    endloop
  endfacet
  facet normal 0 0 -1
    outer loop
      vertex 120 28 0
      vertex 94.5176 43.0681 0
      vertex 94.684 43.1206 0
    endloop
  endfacet
  facet normal -0 0 -1
    outer loop
      vertex 120 28 0
      vertex 84 6.3 0
      vertex 94.5176 43.0681 0
    endloop
  endfacet
  facet normal 0 0 -1
    outer loop
      vertex 94.5176 43.0681 0
      vertex 84 6.3 0
      vertex 94.3473 43.0304 0
    endloop
  endfacet
  facet normal 0 0 -1
    outer loop
      vertex 94.3473 43.0304 0
      vertex 84 6.3 0
      vertex 94.1743 43.0076 0
    endloop
  endfacet
  facet normal 0 0 -1
    outer loop
      vertex 94.1743 43.0076 0
      vertex 84 6.3 0
      vertex 94 43 0
    endloop
  endfacet
  facet normal -0 0 -1
    outer loop
      vertex 94 43 0
      vertex 84 6.3 0
      vertex 93.8257 43.0076 0
    endloop
  endfacet
  facet normal -0 0 -1
    outer loop
      vertex 93.8257 43.0076 0
      vertex 84 6.3 0
      vertex 93.6527 43.0304 0
    endloop
  endfacet
  facet normal -0 0 -1
    outer loop
      vertex 93.6527 43.0304 0
      vertex 84 6.3 0
      vertex 93.4824 43.0681 0
    endloop
  endfacet
  facet normal -0 0 -1
    outer loop
      vertex 93.4824 43.0681 0
      vertex 84 6.3 0
      vertex 93.316 43.1206 0
    endloop
  endfacet
  facet normal -0 0 -1
    outer loop
      vertex 93.316 43.1206 0
      vertex 84 6.3 0
      vertex 93.1548 43.1874 0
    endloop
  endfacet
  facet normal -0 0 -1
    outer loop
      vertex 93.1548 43.1874 0
      vertex 84 6.3 0
      vertex 93 43.2679 0
    endloop
  endfacet
  facet normal -0 0 -1
    outer loop
      vertex 93 43.2679 0
      vertex 84 6.3 0
      vertex 92.8528 43.3617 0
    endloop
  endfacet
  facet normal -0 0 -1
    outer loop
      vertex 92.8528 43.3617 0
      vertex 84 6.3 0
      vertex 92.7144 43.4679 0
    endloop
  endfacet
  facet normal -0 0 -1
    outer loop
      vertex 92.7144 43.4679 0
      vertex 84 6.3 0
      vertex 92.5858 43.5858 0
    endloop
  endfacet
  facet normal -0 0 -1
    outer loop
      vertex 92 45 0
      vertex 84 6.3 0
      vertex 92 105 0
    endloop
  endfacet
  facet normal -0 0 -1
    outer loop
      vertex 92.0076 44.8257 0
      vertex 84 6.3 0
      vertex 92 45 0
    endloop
  endfacet
  facet normal -0 0 -1
    outer loop
      vertex 92.0304 44.6527 0
      vertex 84 6.3 0
      vertex 92.0076 44.8257 0
    endloop
  endfacet
  facet normal -0 0 -1
    outer loop
      vertex 92.0681 44.4824 0
      vertex 84 6.3 0
      vertex 92.0304 44.6527 0
    endloop
  endfacet
  facet normal -0 0 -1
    outer loop
      vertex 92.1206 44.316 0
      vertex 84 6.3 0
      vertex 92.0681 44.4824 0
    endloop
  endfacet
  facet normal -0 0 -1
    outer loop
      vertex 92.1874 44.1548 0
      vertex 84 6.3 0
      vertex 92.1206 44.316 0
    endloop
  endfacet
  facet normal -0 0 -1
    outer loop
      vertex 92.268 44 0
      vertex 84 6.3 0
      vertex 92.1874 44.1548 0
    endloop
  endfacet
  facet normal -0 0 -1
    outer loop
      vertex 92.3617 43.8528 0
      vertex 84 6.3 0
      vertex 92.268 44 0
    endloop
  endfacet
  facet normal -0 0 -1
    outer loop
      vertex 92.4679 43.7144 0
      vertex 84 6.3 0
      vertex 92.3617 43.8528 0
    endloop
  endfacet
  facet normal -0 0 -1
    outer loop
      vertex 92.5858 43.5858 0
      vertex 84 6.3 0
      vertex 92.4679 43.7144 0
    endloop
  endfacet
  facet normal -0 0 -1
    outer loop
      vertex 149.419 6.90252 0
      vertex 84 6.3 0
      vertex 120 12 0
    endloop
  endfacet
  facet normal -0 0 -1
    outer loop
      vertex 149.852 6.80647 0
      vertex 84 6.3 0
      vertex 149.705 6.82583 0
    endloop
  endfacet
  facet normal -0 0 -1
    outer loop
      vertex 150 6.8 0
      vertex 84 6.3 0
      vertex 149.852 6.80647 0
    endloop
  endfacet
  facet normal 0 0 -1
    outer loop
      vertex 84 6.3 0
      vertex 150 6.8 0
      vertex 215.7 6.3 0
    endloop
  endfacet
  facet normal 0 0 -1
    outer loop
      vertex 208 105 0
      vertex 215.7 143.7 0
      vertex 208 45 0
    endloop
  endfacet
  facet normal 0 0 -1
    outer loop
      vertex 207.992 105.174 0
      vertex 215.7 143.7 0
      vertex 208 105 0
    endloop
  endfacet
  facet normal 0 0 -1
    outer loop
      vertex 207.97 105.347 0
      vertex 215.7 143.7 0
      vertex 207.992 105.174 0
    endloop
  endfacet
  facet normal 0 0 -1
    outer loop
      vertex 207.932 105.518 0
      vertex 215.7 143.7 0
      vertex 207.97 105.347 0
    endloop
  endfacet
  facet normal 0 0 -1
    outer loop
      vertex 207.879 105.684 0
      vertex 215.7 143.7 0
      vertex 207.932 105.518 0
    endloop
  endfacet
  facet normal 0 0 -1
    outer loop
      vertex 207.813 105.845 0
      vertex 215.7 143.7 0
      vertex 207.879 105.684 0
    endloop
  endfacet
  facet normal 0 0 -1
    outer loop
      vertex 207.732 106 0
      vertex 215.7 143.7 0
      vertex 207.813 105.845 0
    endloop
  endfacet
  facet normal 0 0 -1
    outer loop
      vertex 207.638 106.147 0
      vertex 215.7 143.7 0
      vertex 207.732 106 0
    endloop
  endfacet
  facet normal 0 0 -1
    outer loop
      vertex 207.532 106.286 0
      vertex 215.7 143.7 0
      vertex 207.638 106.147 0
    endloop
  endfacet
  facet normal 0 0 -1
    outer loop
      vertex 207.414 106.414 0
      vertex 215.7 143.7 0
      vertex 207.532 106.286 0
    endloop
  endfacet
  facet normal 0 0 -1
    outer loop
      vertex 207.286 106.532 0
      vertex 215.7 143.7 0
      vertex 207.414 106.414 0
    endloop
  endfacet
  facet normal 0 0 -1
    outer loop
      vertex 207.147 106.638 0
      vertex 215.7 143.7 0
      vertex 207.286 106.532 0
    endloop
  endfacet
  facet normal 0 0 -1
    outer loop
      vertex 207 106.732 0
      vertex 215.7 143.7 0
      vertex 207.147 106.638 0
    endloop
  endfacet
  facet normal 0 0 -1
    outer loop
      vertex 206.845 106.813 0
      vertex 215.7 143.7 0
      vertex 207 106.732 0
    endloop
  endfacet
  facet normal 0 0 -1
    outer loop
      vertex 206.684 106.879 0
      vertex 215.7 143.7 0
      vertex 206.845 106.813 0
    endloop
  endfacet
  facet normal 0 0 -1
    outer loop
      vertex 206.518 106.932 0
      vertex 215.7 143.7 0
      vertex 206.684 106.879 0
    endloop
  endfacet
  facet normal 0 0 -1
    outer loop
      vertex 206.347 106.97 0
      vertex 215.7 143.7 0
      vertex 206.518 106.932 0
    endloop
  endfacet
  facet normal 0 0 -1
    outer loop
      vertex 206.174 106.992 0
      vertex 215.7 143.7 0
      vertex 206.347 106.97 0
    endloop
  endfacet
  facet normal 0 0 -1
    outer loop
      vertex 206 107 0
      vertex 215.7 143.7 0
      vertex 206.174 106.992 0
    endloop
  endfacet
  facet normal 0 0 -1
    outer loop
      vertex 205.826 106.992 0
      vertex 215.7 143.7 0
      vertex 206 107 0
    endloop
  endfacet
  facet normal 0 0 -1
    outer loop
      vertex 205.653 106.97 0
      vertex 215.7 143.7 0
      vertex 205.826 106.992 0
    endloop
  endfacet
  facet normal 0 0 -1
    outer loop
      vertex 205.482 106.932 0
      vertex 215.7 143.7 0
      vertex 205.653 106.97 0
    endloop
  endfacet
  facet normal 0 0 -1
    outer loop
      vertex 205.316 106.879 0
      vertex 215.7 143.7 0
      vertex 205.482 106.932 0
    endloop
  endfacet
  facet normal 0 0 -1
    outer loop
      vertex 190.684 106.879 0
      vertex 205.316 106.879 0
      vertex 205.155 106.813 0
    endloop
  endfacet
  facet normal 0 0 -1
    outer loop
      vertex 190.845 106.813 0
      vertex 205.155 106.813 0
      vertex 205 106.732 0
    endloop
  endfacet
  facet normal 0 0 -1
    outer loop
      vertex 191 106.732 0
      vertex 205 106.732 0
      vertex 204.853 106.638 0
    endloop
  endfacet
  facet normal 0 0 -1
    outer loop
      vertex 191.147 106.638 0
      vertex 204.853 106.638 0
      vertex 204.714 106.532 0
    endloop
  endfacet
  facet normal 0 0 -1
    outer loop
      vertex 191.286 106.532 0
      vertex 204.714 106.532 0
      vertex 204.586 106.414 0
    endloop
  endfacet
  facet normal 0 0 -1
    outer loop
      vertex 191.414 106.414 0
      vertex 204.586 106.414 0
      vertex 204.468 106.286 0
    endloop
  endfacet
  facet normal 0 0 -1
    outer loop
      vertex 191.532 106.286 0
      vertex 204.468 106.286 0
      vertex 204.362 106.147 0
    endloop
  endfacet
  facet normal 0 0 -1
    outer loop
      vertex 191.638 106.147 0
      vertex 204.362 106.147 0
      vertex 204.268 106 0
    endloop
  endfacet
  facet normal 0 0 -1
    outer loop
      vertex 191.732 106 0
      vertex 204.268 106 0
      vertex 204.187 105.845 0
    endloop
  endfacet
  facet normal 0 0 -1
    outer loop
      vertex 191.813 105.845 0
      vertex 204.187 105.845 0
      vertex 204.121 105.684 0
    endloop
  endfacet
  facet normal 0 0 -1
    outer loop
      vertex 191.879 105.684 0
      vertex 204.121 105.684 0
      vertex 204.068 105.518 0
    endloop
  endfacet
  facet normal 0 0 -1
    outer loop
      vertex 192 105 0
      vertex 204 105 0
      vertex 192 45 0
    endloop
  endfacet
  facet normal 0 0 -1
    outer loop
      vertex 204 105 0
      vertex 192 105 0
      vertex 204.008 105.174 0
    endloop
  endfacet
  facet normal 0 0 -1
    outer loop
      vertex 191.992 105.174 0
      vertex 204.008 105.174 0
      vertex 192 105 0
    endloop
  endfacet
  facet normal 0 0 -1
    outer loop
      vertex 204.008 105.174 0
      vertex 191.992 105.174 0
      vertex 204.03 105.347 0
    endloop
  endfacet
  facet normal 0 0 -1
    outer loop
      vertex 191.97 105.347 0
      vertex 204.03 105.347 0
      vertex 191.992 105.174 0
    endloop
  endfacet
  facet normal 0 0 -1
    outer loop
      vertex 204.03 105.347 0
      vertex 191.97 105.347 0
      vertex 204.068 105.518 0
    endloop
  endfacet
  facet normal 0 0 -1
    outer loop
      vertex 191.932 105.518 0
      vertex 204.068 105.518 0
      vertex 191.97 105.347 0
    endloop
  endfacet
  facet normal 0 0 -1
    outer loop
      vertex 191.879 105.684 0
      vertex 204.068 105.518 0
      vertex 191.932 105.518 0
    endloop
  endfacet
  facet normal 0 0 -1
    outer loop
      vertex 204.121 105.684 0
      vertex 191.879 105.684 0
      vertex 191.813 105.845 0
    endloop
  endfacet
  facet normal 0 0 -1
    outer loop
      vertex 204.187 105.845 0
      vertex 191.813 105.845 0
      vertex 191.732 106 0
    endloop
  endfacet
  facet normal 0 0 -1
    outer loop
      vertex 204.268 106 0
      vertex 191.732 106 0
      vertex 191.638 106.147 0
    endloop
  endfacet
  facet normal 0 0 -1
    outer loop
      vertex 204.362 106.147 0
      vertex 191.638 106.147 0
      vertex 191.532 106.286 0
    endloop
  endfacet
  facet normal 0 0 -1
    outer loop
      vertex 204.468 106.286 0
      vertex 191.532 106.286 0
      vertex 191.414 106.414 0
    endloop
  endfacet
  facet normal 0 0 -1
    outer loop
      vertex 204.586 106.414 0
      vertex 191.414 106.414 0
      vertex 191.286 106.532 0
    endloop
  endfacet
  facet normal 0 0 -1
    outer loop
      vertex 204.714 106.532 0
      vertex 191.286 106.532 0
      vertex 191.147 106.638 0
    endloop
  endfacet
  facet normal 0 0 -1
    outer loop
      vertex 204.853 106.638 0
      vertex 191.147 106.638 0
      vertex 191 106.732 0
    endloop
  endfacet
  facet normal 0 0 -1
    outer loop
      vertex 205 106.732 0
      vertex 191 106.732 0
      vertex 190.845 106.813 0
    endloop
  endfacet
  facet normal 0 0 -1
    outer loop
      vertex 205.155 106.813 0
      vertex 190.845 106.813 0
      vertex 190.684 106.879 0
    endloop
  endfacet
  facet normal 0 0 -1
    outer loop
      vertex 205.316 106.879 0
      vertex 190.684 106.879 0
      vertex 215.7 143.7 0
    endloop
  endfacet
  facet normal 0 0 -1
    outer loop
      vertex 190.518 106.932 0
      vertex 215.7 143.7 0
      vertex 190.684 106.879 0
    endloop
  endfacet
  facet normal 0 0 -1
    outer loop
      vertex 190.347 106.97 0
      vertex 215.7 143.7 0
      vertex 190.518 106.932 0
    endloop
  endfacet
  facet normal 0 0 -1
    outer loop
      vertex 190.174 106.992 0
      vertex 215.7 143.7 0
      vertex 190.347 106.97 0
    endloop
  endfacet
  facet normal 0 0 -1
    outer loop
      vertex 190 107 0
      vertex 215.7 143.7 0
      vertex 190.174 106.992 0
    endloop
  endfacet
  facet normal 0 0 -1
    outer loop
      vertex 189.826 106.992 0
      vertex 215.7 143.7 0
      vertex 190 107 0
    endloop
  endfacet
  facet normal 0 0 -1
    outer loop
      vertex 189.653 106.97 0
      vertex 215.7 143.7 0
      vertex 189.826 106.992 0
    endloop
  endfacet
  facet normal 0 0 -1
    outer loop
      vertex 151.7 141.5 0
      vertex 189.653 106.97 0
      vertex 189.482 106.932 0
    endloop
  endfacet
  facet normal 0 0 -1
    outer loop
      vertex 174.518 106.932 0
      vertex 189.482 106.932 0
      vertex 189.316 106.879 0
    endloop
  endfacet
  facet normal 0 0 -1
    outer loop
      vertex 174.684 106.879 0
      vertex 189.316 106.879 0
      vertex 189.155 106.813 0
    endloop
  endfacet
  facet normal 0 0 -1
    outer loop
      vertex 174.845 106.813 0
      vertex 189.155 106.813 0
      vertex 189 106.732 0
    endloop
  endfacet
  facet normal 0 0 -1
    outer loop
      vertex 175 106.732 0
      vertex 189 106.732 0
      vertex 188.853 106.638 0
    endloop
  endfacet
  facet normal 0 0 -1
    outer loop
      vertex 175.147 106.638 0
      vertex 188.853 106.638 0
      vertex 188.714 106.532 0
    endloop
  endfacet
  facet normal 0 0 -1
    outer loop
      vertex 175.286 106.532 0
      vertex 188.714 106.532 0
      vertex 188.586 106.414 0
    endloop
  endfacet
  facet normal 0 0 -1
    outer loop
      vertex 175.414 106.414 0
      vertex 188.586 106.414 0
      vertex 188.468 106.286 0
    endloop
  endfacet
  facet normal 0 0 -1
    outer loop
      vertex 175.532 106.286 0
      vertex 188.468 106.286 0
      vertex 188.362 106.147 0
    endloop
  endfacet
  facet normal 0 0 -1
    outer loop
      vertex 188.008 44.8257 0
      vertex 176 45 0
      vertex 188 45 0
    endloop
  endfacet
  facet normal 0 0 -1
    outer loop
      vertex 188 45 0
      vertex 176 45 0
      vertex 188 105 0
    endloop
  endfacet
  facet normal 0 0 -1
    outer loop
      vertex 176 105 0
      vertex 188 105 0
      vertex 176 45 0
    endloop
  endfacet
  facet normal 0 0 -1
    outer loop
      vertex 188 105 0
      vertex 176 105 0
      vertex 188.008 105.174 0
    endloop
  endfacet
  facet normal 0 0 -1
    outer loop
      vertex 175.992 105.174 0
      vertex 188.008 105.174 0
      vertex 176 105 0
    endloop
  endfacet
  facet normal 0 0 -1
    outer loop
      vertex 188.008 105.174 0
      vertex 175.992 105.174 0
      vertex 188.03 105.347 0
    endloop
  endfacet
  facet normal 0 0 -1
    outer loop
      vertex 175.97 105.347 0
      vertex 188.03 105.347 0
      vertex 175.992 105.174 0
    endloop
  endfacet
  facet normal 0 0 -1
    outer loop
      vertex 188.03 105.347 0
      vertex 175.97 105.347 0
      vertex 188.068 105.518 0
    endloop
  endfacet
  facet normal 0 0 -1
    outer loop
      vertex 175.932 105.518 0
      vertex 188.068 105.518 0
      vertex 175.97 105.347 0
    endloop
  endfacet
  facet normal 0 0 -1
    outer loop
      vertex 188.068 105.518 0
      vertex 175.932 105.518 0
      vertex 188.121 105.684 0
    endloop
  endfacet
  facet normal 0 0 -1
    outer loop
      vertex 175.879 105.684 0
      vertex 188.121 105.684 0
      vertex 175.932 105.518 0
    endloop
  endfacet
  facet normal 0 0 -1
    outer loop
      vertex 188.121 105.684 0
      vertex 175.879 105.684 0
      vertex 188.187 105.845 0
    endloop
  endfacet
  facet normal 0 0 -1
    outer loop
      vertex 175.813 105.845 0
      vertex 188.187 105.845 0
      vertex 175.879 105.684 0
    endloop
  endfacet
  facet normal 0 0 -1
    outer loop
      vertex 188.187 105.845 0
      vertex 175.813 105.845 0
      vertex 188.268 106 0
    endloop
  endfacet
  facet normal 0 0 -1
    outer loop
      vertex 175.732 106 0
      vertex 188.268 106 0
      vertex 175.813 105.845 0
    endloop
  endfacet
  facet normal 0 0 -1
    outer loop
      vertex 188.268 106 0
      vertex 175.732 106 0
      vertex 188.362 106.147 0
    endloop
  endfacet
  facet normal 0 0 -1
    outer loop
      vertex 175.638 106.147 0
      vertex 188.362 106.147 0
      vertex 175.732 106 0
    endloop
  endfacet
  facet normal 0 0 -1
    outer loop
      vertex 175.532 106.286 0
      vertex 188.362 106.147 0
      vertex 175.638 106.147 0
    endloop
  endfacet
  facet normal 0 0 -1
    outer loop
      vertex 188.468 106.286 0
      vertex 175.532 106.286 0
      vertex 175.414 106.414 0
    endloop
  endfacet
  facet normal 0 0 -1
    outer loop
      vertex 188.586 106.414 0
      vertex 175.414 106.414 0
      vertex 175.286 106.532 0
    endloop
  endfacet
  facet normal 0 0 -1
    outer loop
      vertex 188.714 106.532 0
      vertex 175.286 106.532 0
      vertex 175.147 106.638 0
    endloop
  endfacet
  facet normal 0 0 -1
    outer loop
      vertex 188.853 106.638 0
      vertex 175.147 106.638 0
      vertex 175 106.732 0
    endloop
  endfacet
  facet normal 0 0 -1
    outer loop
      vertex 189 106.732 0
      vertex 175 106.732 0
      vertex 174.845 106.813 0
    endloop
  endfacet
  facet normal 0 0 -1
    outer loop
      vertex 189.155 106.813 0
      vertex 174.845 106.813 0
      vertex 174.684 106.879 0
    endloop
  endfacet
  facet normal 0 0 -1
    outer loop
      vertex 189.316 106.879 0
      vertex 174.684 106.879 0
      vertex 174.518 106.932 0
    endloop
  endfacet
  facet normal 0 0 -1
    outer loop
      vertex 189.482 106.932 0
      vertex 174.518 106.932 0
      vertex 151.7 141.5 0
    endloop
  endfacet
  facet normal 0 0 -1
    outer loop
      vertex 151.7 141.5 0
      vertex 174.518 106.932 0
      vertex 174.347 106.97 0
    endloop
  endfacet
  facet normal 0 0 -1
    outer loop
      vertex 151.7 141.5 0
      vertex 174.347 106.97 0
      vertex 174.174 106.992 0
    endloop
  endfacet
  facet normal 0 0 -1
    outer loop
      vertex 151.7 141.5 0
      vertex 174.174 106.992 0
      vertex 174 107 0
    endloop
  endfacet
  facet normal 0 0 -1
    outer loop
      vertex 151.7 141.5 0
      vertex 174 107 0
      vertex 173.826 106.992 0
    endloop
  endfacet
  facet normal 0 0 -1
    outer loop
      vertex 151.7 141.5 0
      vertex 173.826 106.992 0
      vertex 173.653 106.97 0
    endloop
  endfacet
  facet normal 0 0 -1
    outer loop
      vertex 151.7 141.5 0
      vertex 173.653 106.97 0
      vertex 173.482 106.932 0
    endloop
  endfacet
  facet normal 0 0 -1
    outer loop
      vertex 151.7 141.5 0
      vertex 173.482 106.932 0
      vertex 173.316 106.879 0
    endloop
  endfacet
  facet normal 0 0 -1
    outer loop
      vertex 158.684 106.879 0
      vertex 173.316 106.879 0
      vertex 173.155 106.813 0
    endloop
  endfacet
  facet normal 0 0 -1
    outer loop
      vertex 158.845 106.813 0
      vertex 173.155 106.813 0
      vertex 173 106.732 0
    endloop
  endfacet
  facet normal 0 0 -1
    outer loop
      vertex 159 106.732 0
      vertex 173 106.732 0
      vertex 172.853 106.638 0
    endloop
  endfacet
  facet normal 0 0 -1
    outer loop
      vertex 159.147 106.638 0
      vertex 172.853 106.638 0
      vertex 172.714 106.532 0
    endloop
  endfacet
  facet normal 0 0 -1
    outer loop
      vertex 160 105 0
      vertex 172 105 0
      vertex 160 45 0
    endloop
  endfacet
  facet normal 0 0 -1
    outer loop
      vertex 172 105 0
      vertex 160 105 0
      vertex 172.008 105.174 0
    endloop
  endfacet
  facet normal 0 0 -1
    outer loop
      vertex 159.992 105.174 0
      vertex 172.008 105.174 0
      vertex 160 105 0
    endloop
  endfacet
  facet normal 0 0 -1
    outer loop
      vertex 172.008 105.174 0
      vertex 159.992 105.174 0
      vertex 172.03 105.347 0
    endloop
  endfacet
  facet normal 0 0 -1
    outer loop
      vertex 159.97 105.347 0
      vertex 172.03 105.347 0
      vertex 159.992 105.174 0
    endloop
  endfacet
  facet normal 0 0 -1
    outer loop
      vertex 172.03 105.347 0
      vertex 159.97 105.347 0
      vertex 172.068 105.518 0
    endloop
  endfacet
  facet normal 0 0 -1
    outer loop
      vertex 159.932 105.518 0
      vertex 172.068 105.518 0
      vertex 159.97 105.347 0
    endloop
  endfacet
  facet normal 0 0 -1
    outer loop
      vertex 172.068 105.518 0
      vertex 159.932 105.518 0
      vertex 172.121 105.684 0
    endloop
  endfacet
  facet normal 0 0 -1
    outer loop
      vertex 159.879 105.684 0
      vertex 172.121 105.684 0
      vertex 159.932 105.518 0
    endloop
  endfacet
  facet normal 0 0 -1
    outer loop
      vertex 172.121 105.684 0
      vertex 159.879 105.684 0
      vertex 172.187 105.845 0
    endloop
  endfacet
  facet normal 0 0 -1
    outer loop
      vertex 159.813 105.845 0
      vertex 172.187 105.845 0
      vertex 159.879 105.684 0
    endloop
  endfacet
  facet normal 0 0 -1
    outer loop
      vertex 172.187 105.845 0
      vertex 159.813 105.845 0
      vertex 172.268 106 0
    endloop
  endfacet
  facet normal 0 0 -1
    outer loop
      vertex 159.732 106 0
      vertex 172.268 106 0
      vertex 159.813 105.845 0
    endloop
  endfacet
  facet normal 0 0 -1
    outer loop
      vertex 172.268 106 0
      vertex 159.732 106 0
      vertex 172.362 106.147 0
    endloop
  endfacet
  facet normal 0 0 -1
    outer loop
      vertex 159.638 106.147 0
      vertex 172.362 106.147 0
      vertex 159.732 106 0
    endloop
  endfacet
  facet normal 0 0 -1
    outer loop
      vertex 172.362 106.147 0
      vertex 159.638 106.147 0
      vertex 172.468 106.286 0
    endloop
  endfacet
  facet normal 0 0 -1
    outer loop
      vertex 159.532 106.286 0
      vertex 172.468 106.286 0
      vertex 159.638 106.147 0
    endloop
  endfacet
  facet normal 0 0 -1
    outer loop
      vertex 172.468 106.286 0
      vertex 159.532 106.286 0
      vertex 172.586 106.414 0
    endloop
  endfacet
  facet normal 0 0 -1
    outer loop
      vertex 159.414 106.414 0
      vertex 172.586 106.414 0
      vertex 159.532 106.286 0
    endloop
  endfacet
  facet normal 0 0 -1
    outer loop
      vertex 172.586 106.414 0
      vertex 159.414 106.414 0
      vertex 172.714 106.532 0
    endloop
  endfacet
  facet normal 0 0 -1
    outer loop
      vertex 159.286 106.532 0
      vertex 172.714 106.532 0
      vertex 159.414 106.414 0
    endloop
  endfacet
  facet normal 0 0 -1
    outer loop
      vertex 159.147 106.638 0
      vertex 172.714 106.532 0
      vertex 159.286 106.532 0
    endloop
  endfacet
  facet normal 0 0 -1
    outer loop
      vertex 172.853 106.638 0
      vertex 159.147 106.638 0
      vertex 159 106.732 0
    endloop
  endfacet
  facet normal 0 0 -1
    outer loop
      vertex 173 106.732 0
      vertex 159 106.732 0
      vertex 158.845 106.813 0
    endloop
  endfacet
  facet normal 0 0 -1
    outer loop
      vertex 173.155 106.813 0
      vertex 158.845 106.813 0
      vertex 158.684 106.879 0
    endloop
  endfacet
  facet normal 0 0 -1
    outer loop
      vertex 173.316 106.879 0
      vertex 158.684 106.879 0
      vertex 151.7 141.5 0
    endloop
  endfacet
  facet normal 0 0 -1
    outer loop
      vertex 151.7 141.5 0
      vertex 158.684 106.879 0
      vertex 158.518 106.932 0
    endloop
  endfacet
  facet normal 0 0 -1
    outer loop
      vertex 151.7 141.5 0
      vertex 158.518 106.932 0
      vertex 158.347 106.97 0
    endloop
  endfacet
  facet normal 0 0 -1
    outer loop
      vertex 151.7 141.5 0
      vertex 158.347 106.97 0
      vertex 158.174 106.992 0
    endloop
  endfacet
  facet normal 0 0 -1
    outer loop
      vertex 151.7 141.5 0
      vertex 158.174 106.992 0
      vertex 158 107 0
    endloop
  endfacet
  facet normal 0 0 -1
    outer loop
      vertex 151.7 141.5 0
      vertex 158 107 0
      vertex 157.826 106.992 0
    endloop
  endfacet
  facet normal 0 0 -1
    outer loop
      vertex 151.7 141.5 0
      vertex 157.826 106.992 0
      vertex 157.653 106.97 0
    endloop
  endfacet
  facet normal 0 0 -1
    outer loop
      vertex 151.7 141.5 0
      vertex 157.653 106.97 0
      vertex 157.482 106.932 0
    endloop
  endfacet
  facet normal 0 0 -1
    outer loop
      vertex 151.7 141.5 0
      vertex 157.482 106.932 0
      vertex 157.316 106.879 0
    endloop
  endfacet
  facet normal 0 0 -1
    outer loop
      vertex 151.7 141.5 0
      vertex 157.316 106.879 0
      vertex 157.155 106.813 0
    endloop
  endfacet
  facet normal 0 0 -1
    outer loop
      vertex 151.7 141.5 0
      vertex 157.155 106.813 0
      vertex 157 106.732 0
    endloop
  endfacet
  facet normal 0 0 -1
    outer loop
      vertex 151.7 141.5 0
      vertex 156.008 105.174 0
      vertex 156 105 0
    endloop
  endfacet
  facet normal 0 0 -1
    outer loop
      vertex 151.7 141.5 0
      vertex 156.03 105.347 0
      vertex 156.008 105.174 0
    endloop
  endfacet
  facet normal 0 0 -1
    outer loop
      vertex 151.7 141.5 0
      vertex 156.068 105.518 0
      vertex 156.03 105.347 0
    endloop
  endfacet
  facet normal 0 0 -1
    outer loop
      vertex 151.7 141.5 0
      vertex 156.121 105.684 0
      vertex 156.068 105.518 0
    endloop
  endfacet
  facet normal 0 0 -1
    outer loop
      vertex 151.7 141.5 0
      vertex 156.187 105.845 0
      vertex 156.121 105.684 0
    endloop
  endfacet
  facet normal 0 0 -1
    outer loop
      vertex 151.7 141.5 0
      vertex 156.268 106 0
      vertex 156.187 105.845 0
    endloop
  endfacet
  facet normal 0 0 -1
    outer loop
      vertex 151.7 141.5 0
      vertex 156.362 106.147 0
      vertex 156.268 106 0
    endloop
  endfacet
  facet normal 0 0 -1
    outer loop
      vertex 151.7 141.5 0
      vertex 156.468 106.286 0
      vertex 156.362 106.147 0
    endloop
  endfacet
  facet normal 0 0 -1
    outer loop
      vertex 151.7 141.5 0
      vertex 156.586 106.414 0
      vertex 156.468 106.286 0
    endloop
  endfacet
  facet normal 0 0 -1
    outer loop
      vertex 151.7 141.5 0
      vertex 156.714 106.532 0
      vertex 156.586 106.414 0
    endloop
  endfacet
  facet normal 0 0 -1
    outer loop
      vertex 151.7 141.5 0
      vertex 156.853 106.638 0
      vertex 156.714 106.532 0
    endloop
  endfacet
  facet normal 0 0 -1
    outer loop
      vertex 151.7 141.5 0
      vertex 157 106.732 0
      vertex 156.853 106.638 0
    endloop
  endfacet
  facet normal 0 0 -1
    outer loop
      vertex 189.653 106.97 0
      vertex 151.7 141.5 0
      vertex 215.7 143.7 0
    endloop
  endfacet
  facet normal 0 0 -1
    outer loop
      vertex 151.694 141.648 0
      vertex 215.7 143.7 0
      vertex 151.7 141.5 0
    endloop
  endfacet
  facet normal 0 0 -1
    outer loop
      vertex 151.674 141.795 0
      vertex 215.7 143.7 0
      vertex 151.694 141.648 0
    endloop
  endfacet
  facet normal 0 0 -1
    outer loop
      vertex 151.642 141.94 0
      vertex 215.7 143.7 0
      vertex 151.674 141.795 0
    endloop
  endfacet
  facet normal 0 0 -1
    outer loop
      vertex 151.597 142.081 0
      vertex 215.7 143.7 0
      vertex 151.642 141.94 0
    endloop
  endfacet
  facet normal 0 0 -1
    outer loop
      vertex 151.541 142.218 0
      vertex 215.7 143.7 0
      vertex 151.597 142.081 0
    endloop
  endfacet
  facet normal 0 0 -1
    outer loop
      vertex 151.472 142.35 0
      vertex 215.7 143.7 0
      vertex 151.541 142.218 0
    endloop
  endfacet
  facet normal 0 0 -1
    outer loop
      vertex 151.393 142.475 0
      vertex 215.7 143.7 0
      vertex 151.472 142.35 0
    endloop
  endfacet
  facet normal 0 0 -1
    outer loop
      vertex 151.302 142.593 0
      vertex 215.7 143.7 0
      vertex 151.393 142.475 0
    endloop
  endfacet
  facet normal 0 0 -1
    outer loop
      vertex 151.202 142.702 0
      vertex 215.7 143.7 0
      vertex 151.302 142.593 0
    endloop
  endfacet
  facet normal 0 0 -1
    outer loop
      vertex 151.093 142.802 0
      vertex 215.7 143.7 0
      vertex 151.202 142.702 0
    endloop
  endfacet
  facet normal 0 0 -1
    outer loop
      vertex 150.975 142.893 0
      vertex 215.7 143.7 0
      vertex 151.093 142.802 0
    endloop
  endfacet
  facet normal 0 0 -1
    outer loop
      vertex 150.85 142.972 0
      vertex 215.7 143.7 0
      vertex 150.975 142.893 0
    endloop
  endfacet
  facet normal 0 0 -1
    outer loop
      vertex 150.718 143.041 0
      vertex 215.7 143.7 0
      vertex 150.85 142.972 0
    endloop
  endfacet
  facet normal 0 0 -1
    outer loop
      vertex 150.581 143.097 0
      vertex 215.7 143.7 0
      vertex 150.718 143.041 0
    endloop
  endfacet
  facet normal 0 0 -1
    outer loop
      vertex 150.44 143.142 0
      vertex 215.7 143.7 0
      vertex 150.581 143.097 0
    endloop
  endfacet
  facet normal 0 0 -1
    outer loop
      vertex 150.295 143.174 0
      vertex 215.7 143.7 0
      vertex 150.44 143.142 0
    endloop
  endfacet
  facet normal 0 0 -1
    outer loop
      vertex 150.148 143.194 0
      vertex 215.7 143.7 0
      vertex 150.295 143.174 0
    endloop
  endfacet
  facet normal 0 0 -1
    outer loop
      vertex 150 143.2 0
      vertex 215.7 143.7 0
      vertex 150.148 143.194 0
    endloop
  endfacet
  facet normal -0 0 -1
    outer loop
      vertex 149.705 139.826 0
      vertex 142.518 106.932 0
      vertex 149.56 139.858 0
    endloop
  endfacet
  facet normal 0 0 -1
    outer loop
      vertex 142.347 106.97 0
      vertex 149.56 139.858 0
      vertex 142.518 106.932 0
    endloop
  endfacet
  facet normal -0 0 -1
    outer loop
      vertex 149.56 139.858 0
      vertex 142.347 106.97 0
      vertex 149.419 139.903 0
    endloop
  endfacet
  facet normal 0 0 -1
    outer loop
      vertex 142.174 106.992 0
      vertex 149.419 139.903 0
      vertex 142.347 106.97 0
    endloop
  endfacet
  facet normal -0 0 -1
    outer loop
      vertex 149.419 139.903 0
      vertex 142.174 106.992 0
      vertex 149.282 139.959 0
    endloop
  endfacet
  facet normal 0 0 -1
    outer loop
      vertex 142 107 0
      vertex 149.282 139.959 0
      vertex 142.174 106.992 0
    endloop
  endfacet
  facet normal -0 0 -1
    outer loop
      vertex 149.282 139.959 0
      vertex 142 107 0
      vertex 149.15 140.028 0
    endloop
  endfacet
  facet normal 0 0 -1
    outer loop
      vertex 141.826 106.992 0
      vertex 149.15 140.028 0
      vertex 142 107 0
    endloop
  endfacet
  facet normal -0 0 -1
    outer loop
      vertex 149.15 140.028 0
      vertex 141.826 106.992 0
      vertex 149.025 140.107 0
    endloop
  endfacet
  facet normal 0 0 -1
    outer loop
      vertex 141.653 106.97 0
      vertex 149.025 140.107 0
      vertex 141.826 106.992 0
    endloop
  endfacet
  facet normal -0 0 -1
    outer loop
      vertex 149.025 140.107 0
      vertex 141.653 106.97 0
      vertex 148.907 140.198 0
    endloop
  endfacet
  facet normal 0 0 -1
    outer loop
      vertex 141.482 106.932 0
      vertex 148.907 140.198 0
      vertex 141.653 106.97 0
    endloop
  endfacet
  facet normal -0 0 -1
    outer loop
      vertex 148.907 140.198 0
      vertex 141.482 106.932 0
      vertex 148.798 140.298 0
    endloop
  endfacet
  facet normal 0 0 -1
    outer loop
      vertex 141.316 106.879 0
      vertex 148.798 140.298 0
      vertex 141.482 106.932 0
    endloop
  endfacet
  facet normal 0 0 -1
    outer loop
      vertex 126.684 106.879 0
      vertex 148.798 140.298 0
      vertex 141.316 106.879 0
    endloop
  endfacet
  facet normal -0 0 -1
    outer loop
      vertex 148.798 140.298 0
      vertex 126.684 106.879 0
      vertex 148.698 140.407 0
    endloop
  endfacet
  facet normal 0 0 -1
    outer loop
      vertex 126.518 106.932 0
      vertex 148.698 140.407 0
      vertex 126.684 106.879 0
    endloop
  endfacet
  facet normal -0 0 -1
    outer loop
      vertex 148.698 140.407 0
      vertex 126.518 106.932 0
      vertex 148.607 140.525 0
    endloop
  endfacet
  facet normal 0 0 -1
    outer loop
      vertex 126.347 106.97 0
      vertex 148.607 140.525 0
      vertex 126.518 106.932 0
    endloop
  endfacet
  facet normal -0 0 -1
    outer loop
      vertex 148.607 140.525 0
      vertex 126.347 106.97 0
      vertex 148.528 140.65 0
    endloop
  endfacet
  facet normal 0 0 -1
    outer loop
      vertex 126.174 106.992 0
      vertex 148.528 140.65 0
      vertex 126.347 106.97 0
    endloop
  endfacet
  facet normal -0 0 -1
    outer loop
      vertex 148.528 140.65 0
      vertex 126.174 106.992 0
      vertex 148.459 140.782 0
    endloop
  endfacet
  facet normal 0 0 -1
    outer loop
      vertex 126 107 0
      vertex 148.459 140.782 0
      vertex 126.174 106.992 0
    endloop
  endfacet
  facet normal -0 0 -1
    outer loop
      vertex 148.459 140.782 0
      vertex 126 107 0
      vertex 148.403 140.919 0
    endloop
  endfacet
  facet normal 0 0 -1
    outer loop
      vertex 125.826 106.992 0
      vertex 148.403 140.919 0
      vertex 126 107 0
    endloop
  endfacet
  facet normal 0 0 -1
    outer loop
      vertex 126.684 106.879 0
      vertex 141.316 106.879 0
      vertex 141.155 106.813 0
    endloop
  endfacet
  facet normal 0 0 -1
    outer loop
      vertex 126.845 106.813 0
      vertex 141.155 106.813 0
      vertex 141 106.732 0
    endloop
  endfacet
  facet normal 0 0 -1
    outer loop
      vertex 127 106.732 0
      vertex 141 106.732 0
      vertex 140.853 106.638 0
    endloop
  endfacet
  facet normal 0 0 -1
    outer loop
      vertex 127.147 106.638 0
      vertex 140.853 106.638 0
      vertex 140.714 106.532 0
    endloop
  endfacet
  facet normal 0 0 -1
    outer loop
      vertex 127.286 106.532 0
      vertex 140.714 106.532 0
      vertex 140.586 106.414 0
    endloop
  endfacet
  facet normal 0 0 -1
    outer loop
      vertex 127.414 106.414 0
      vertex 140.586 106.414 0
      vertex 140.468 106.286 0
    endloop
  endfacet
  facet normal 0 0 -1
    outer loop
      vertex 127.532 106.286 0
      vertex 140.468 106.286 0
      vertex 140.362 106.147 0
    endloop
  endfacet
  facet normal 0 0 -1
    outer loop
      vertex 141.155 106.813 0
      vertex 126.845 106.813 0
      vertex 126.684 106.879 0
    endloop
  endfacet
  facet normal 0 0 -1
    outer loop
      vertex 127.638 106.147 0
      vertex 140.362 106.147 0
      vertex 140.268 106 0
    endloop
  endfacet
  facet normal 0 0 -1
    outer loop
      vertex 127.732 106 0
      vertex 140.268 106 0
      vertex 140.187 105.845 0
    endloop
  endfacet
  facet normal 0 0 -1
    outer loop
      vertex 127.813 105.845 0
      vertex 140.187 105.845 0
      vertex 140.121 105.684 0
    endloop
  endfacet
  facet normal 0 0 -1
    outer loop
      vertex 127.879 105.684 0
      vertex 140.121 105.684 0
      vertex 140.068 105.518 0
    endloop
  endfacet
  facet normal 0 0 -1
    outer loop
      vertex 128 105 0
      vertex 140 105 0
      vertex 128 45 0
    endloop
  endfacet
  facet normal 0 0 -1
    outer loop
      vertex 140 105 0
      vertex 128 105 0
      vertex 140.008 105.174 0
    endloop
  endfacet
  facet normal 0 0 -1
    outer loop
      vertex 127.992 105.174 0
      vertex 140.008 105.174 0
      vertex 128 105 0
    endloop
  endfacet
  facet normal 0 0 -1
    outer loop
      vertex 140.008 105.174 0
      vertex 127.992 105.174 0
      vertex 140.03 105.347 0
    endloop
  endfacet
  facet normal 0 0 -1
    outer loop
      vertex 127.97 105.347 0
      vertex 140.03 105.347 0
      vertex 127.992 105.174 0
    endloop
  endfacet
  facet normal 0 0 -1
    outer loop
      vertex 140.03 105.347 0
      vertex 127.97 105.347 0
      vertex 140.068 105.518 0
    endloop
  endfacet
  facet normal 0 0 -1
    outer loop
      vertex 127.932 105.518 0
      vertex 140.068 105.518 0
      vertex 127.97 105.347 0
    endloop
  endfacet
  facet normal 0 0 -1
    outer loop
      vertex 127.879 105.684 0
      vertex 140.068 105.518 0
      vertex 127.932 105.518 0
    endloop
  endfacet
  facet normal 0 0 -1
    outer loop
      vertex 140.121 105.684 0
      vertex 127.879 105.684 0
      vertex 127.813 105.845 0
    endloop
  endfacet
  facet normal 0 0 -1
    outer loop
      vertex 140.187 105.845 0
      vertex 127.813 105.845 0
      vertex 127.732 106 0
    endloop
  endfacet
  facet normal 0 0 -1
    outer loop
      vertex 140.268 106 0
      vertex 127.732 106 0
      vertex 127.638 106.147 0
    endloop
  endfacet
  facet normal 0 0 -1
    outer loop
      vertex 140.362 106.147 0
      vertex 127.638 106.147 0
      vertex 127.532 106.286 0
    endloop
  endfacet
  facet normal 0 0 -1
    outer loop
      vertex 140.468 106.286 0
      vertex 127.532 106.286 0
      vertex 127.414 106.414 0
    endloop
  endfacet
  facet normal 0 0 -1
    outer loop
      vertex 140.586 106.414 0
      vertex 127.414 106.414 0
      vertex 127.286 106.532 0
    endloop
  endfacet
  facet normal 0 0 -1
    outer loop
      vertex 140.714 106.532 0
      vertex 127.286 106.532 0
      vertex 127.147 106.638 0
    endloop
  endfacet
  facet normal 0 0 -1
    outer loop
      vertex 140.853 106.638 0
      vertex 127.147 106.638 0
      vertex 127 106.732 0
    endloop
  endfacet
  facet normal 0 0 -1
    outer loop
      vertex 141 106.732 0
      vertex 127 106.732 0
      vertex 126.845 106.813 0
    endloop
  endfacet
  facet normal -0 0 -1
    outer loop
      vertex 148.403 140.919 0
      vertex 125.826 106.992 0
      vertex 148.358 141.06 0
    endloop
  endfacet
  facet normal 0 0 -1
    outer loop
      vertex 125.653 106.97 0
      vertex 148.358 141.06 0
      vertex 125.826 106.992 0
    endloop
  endfacet
  facet normal -0 0 -1
    outer loop
      vertex 148.358 141.06 0
      vertex 125.653 106.97 0
      vertex 148.326 141.205 0
    endloop
  endfacet
  facet normal 0 0 -1
    outer loop
      vertex 125.482 106.932 0
      vertex 148.326 141.205 0
      vertex 125.653 106.97 0
    endloop
  endfacet
  facet normal 0 0 -1
    outer loop
      vertex 110.518 106.932 0
      vertex 148.326 141.205 0
      vertex 125.482 106.932 0
    endloop
  endfacet
  facet normal -0 0 -1
    outer loop
      vertex 148.326 141.205 0
      vertex 110.518 106.932 0
      vertex 148.306 141.352 0
    endloop
  endfacet
  facet normal 0 0 -1
    outer loop
      vertex 110.347 106.97 0
      vertex 148.306 141.352 0
      vertex 110.518 106.932 0
    endloop
  endfacet
  facet normal 0 0 -1
    outer loop
      vertex 84 143.7 0
      vertex 148.306 141.352 0
      vertex 110.347 106.97 0
    endloop
  endfacet
  facet normal 0 0 -1
    outer loop
      vertex 148.306 141.352 0
      vertex 84 143.7 0
      vertex 148.3 141.5 0
    endloop
  endfacet
  facet normal 0 0 -1
    outer loop
      vertex 148.3 141.5 0
      vertex 84 143.7 0
      vertex 148.306 141.648 0
    endloop
  endfacet
  facet normal 0 0 -1
    outer loop
      vertex 148.306 141.648 0
      vertex 84 143.7 0
      vertex 148.326 141.795 0
    endloop
  endfacet
  facet normal 0 0 -1
    outer loop
      vertex 148.326 141.795 0
      vertex 84 143.7 0
      vertex 148.358 141.94 0
    endloop
  endfacet
  facet normal 0 0 -1
    outer loop
      vertex 148.358 141.94 0
      vertex 84 143.7 0
      vertex 148.403 142.081 0
    endloop
  endfacet
  facet normal 0 0 -1
    outer loop
      vertex 110.518 106.932 0
      vertex 125.482 106.932 0
      vertex 125.316 106.879 0
    endloop
  endfacet
  facet normal 0 0 -1
    outer loop
      vertex 110.684 106.879 0
      vertex 125.316 106.879 0
      vertex 125.155 106.813 0
    endloop
  endfacet
  facet normal 0 0 -1
    outer loop
      vertex 110.845 106.813 0
      vertex 125.155 106.813 0
      vertex 125 106.732 0
    endloop
  endfacet
  facet normal 0 0 -1
    outer loop
      vertex 111 106.732 0
      vertex 125 106.732 0
      vertex 124.853 106.638 0
    endloop
  endfacet
  facet normal 0 0 -1
    outer loop
      vertex 111.147 106.638 0
      vertex 124.853 106.638 0
      vertex 124.714 106.532 0
    endloop
  endfacet
  facet normal 0 0 -1
    outer loop
      vertex 111.286 106.532 0
      vertex 124.714 106.532 0
      vertex 124.586 106.414 0
    endloop
  endfacet
  facet normal 0 0 -1
    outer loop
      vertex 111.414 106.414 0
      vertex 124.586 106.414 0
      vertex 124.468 106.286 0
    endloop
  endfacet
  facet normal 0 0 -1
    outer loop
      vertex 111.532 106.286 0
      vertex 124.468 106.286 0
      vertex 124.362 106.147 0
    endloop
  endfacet
  facet normal 0 0 -1
    outer loop
      vertex 124 45 0
      vertex 112 45 0
      vertex 124 105 0
    endloop
  endfacet
  facet normal 0 0 -1
    outer loop
      vertex 112 105 0
      vertex 124 105 0
      vertex 112 45 0
    endloop
  endfacet
  facet normal 0 0 -1
    outer loop
      vertex 124 105 0
      vertex 112 105 0
      vertex 124.008 105.174 0
    endloop
  endfacet
  facet normal 0 0 -1
    outer loop
      vertex 111.992 105.174 0
      vertex 124.008 105.174 0
      vertex 112 105 0
    endloop
  endfacet
  facet normal 0 0 -1
    outer loop
      vertex 124.008 105.174 0
      vertex 111.992 105.174 0
      vertex 124.03 105.347 0
    endloop
  endfacet
  facet normal 0 0 -1
    outer loop
      vertex 111.97 105.347 0
      vertex 124.03 105.347 0
      vertex 111.992 105.174 0
    endloop
  endfacet
  facet normal 0 0 -1
    outer loop
      vertex 124.03 105.347 0
      vertex 111.97 105.347 0
      vertex 124.068 105.518 0
    endloop
  endfacet
  facet normal 0 0 -1
    outer loop
      vertex 111.932 105.518 0
      vertex 124.068 105.518 0
      vertex 111.97 105.347 0
    endloop
  endfacet
  facet normal 0 0 -1
    outer loop
      vertex 124.068 105.518 0
      vertex 111.932 105.518 0
      vertex 124.121 105.684 0
    endloop
  endfacet
  facet normal 0 0 -1
    outer loop
      vertex 111.879 105.684 0
      vertex 124.121 105.684 0
      vertex 111.932 105.518 0
    endloop
  endfacet
  facet normal 0 0 -1
    outer loop
      vertex 124.121 105.684 0
      vertex 111.879 105.684 0
      vertex 124.187 105.845 0
    endloop
  endfacet
  facet normal 0 0 -1
    outer loop
      vertex 111.813 105.845 0
      vertex 124.187 105.845 0
      vertex 111.879 105.684 0
    endloop
  endfacet
  facet normal 0 0 -1
    outer loop
      vertex 124.187 105.845 0
      vertex 111.813 105.845 0
      vertex 124.268 106 0
    endloop
  endfacet
  facet normal 0 0 -1
    outer loop
      vertex 111.732 106 0
      vertex 124.268 106 0
      vertex 111.813 105.845 0
    endloop
  endfacet
  facet normal 0 0 -1
    outer loop
      vertex 124.268 106 0
      vertex 111.732 106 0
      vertex 124.362 106.147 0
    endloop
  endfacet
  facet normal 0 0 -1
    outer loop
      vertex 111.638 106.147 0
      vertex 124.362 106.147 0
      vertex 111.732 106 0
    endloop
  endfacet
  facet normal 0 0 -1
    outer loop
      vertex 111.532 106.286 0
      vertex 124.362 106.147 0
      vertex 111.638 106.147 0
    endloop
  endfacet
  facet normal 0 0 -1
    outer loop
      vertex 124.468 106.286 0
      vertex 111.532 106.286 0
      vertex 111.414 106.414 0
    endloop
  endfacet
  facet normal 0 0 -1
    outer loop
      vertex 124.586 106.414 0
      vertex 111.414 106.414 0
      vertex 111.286 106.532 0
    endloop
  endfacet
  facet normal 0 0 -1
    outer loop
      vertex 124.714 106.532 0
      vertex 111.286 106.532 0
      vertex 111.147 106.638 0
    endloop
  endfacet
  facet normal 0 0 -1
    outer loop
      vertex 124.853 106.638 0
      vertex 111.147 106.638 0
      vertex 111 106.732 0
    endloop
  endfacet
  facet normal 0 0 -1
    outer loop
      vertex 125 106.732 0
      vertex 111 106.732 0
      vertex 110.845 106.813 0
    endloop
  endfacet
  facet normal 0 0 -1
    outer loop
      vertex 125.155 106.813 0
      vertex 110.845 106.813 0
      vertex 110.684 106.879 0
    endloop
  endfacet
  facet normal 0 0 -1
    outer loop
      vertex 125.316 106.879 0
      vertex 110.684 106.879 0
      vertex 110.518 106.932 0
    endloop
  endfacet
  facet normal 0 0 -1
    outer loop
      vertex 148.403 142.081 0
      vertex 84 143.7 0
      vertex 148.459 142.218 0
    endloop
  endfacet
  facet normal 0 0 -1
    outer loop
      vertex 148.459 142.218 0
      vertex 84 143.7 0
      vertex 148.528 142.35 0
    endloop
  endfacet
  facet normal 0 0 -1
    outer loop
      vertex 148.528 142.35 0
      vertex 84 143.7 0
      vertex 148.607 142.475 0
    endloop
  endfacet
  facet normal 0 0 -1
    outer loop
      vertex 148.607 142.475 0
      vertex 84 143.7 0
      vertex 148.698 142.593 0
    endloop
  endfacet
  facet normal 0 0 -1
    outer loop
      vertex 84 143.7 0
      vertex 110.347 106.97 0
      vertex 110.174 106.992 0
    endloop
  endfacet
  facet normal 0 0 -1
    outer loop
      vertex 84 143.7 0
      vertex 110.174 106.992 0
      vertex 110 107 0
    endloop
  endfacet
  facet normal 0 0 -1
    outer loop
      vertex 84 143.7 0
      vertex 110 107 0
      vertex 109.826 106.992 0
    endloop
  endfacet
  facet normal 0 0 -1
    outer loop
      vertex 84 143.7 0
      vertex 109.826 106.992 0
      vertex 109.653 106.97 0
    endloop
  endfacet
  facet normal 0 0 -1
    outer loop
      vertex 148.698 142.593 0
      vertex 84 143.7 0
      vertex 148.798 142.702 0
    endloop
  endfacet
  facet normal 0 0 -1
    outer loop
      vertex 84 143.7 0
      vertex 109.653 106.97 0
      vertex 109.482 106.932 0
    endloop
  endfacet
  facet normal 0 0 -1
    outer loop
      vertex 84 143.7 0
      vertex 109.482 106.932 0
      vertex 109.316 106.879 0
    endloop
  endfacet
  facet normal 0 0 -1
    outer loop
      vertex 94.684 106.879 0
      vertex 109.316 106.879 0
      vertex 109.155 106.813 0
    endloop
  endfacet
  facet normal 0 0 -1
    outer loop
      vertex 94.8452 106.813 0
      vertex 109.155 106.813 0
      vertex 109 106.732 0
    endloop
  endfacet
  facet normal 0 0 -1
    outer loop
      vertex 95 106.732 0
      vertex 109 106.732 0
      vertex 108.853 106.638 0
    endloop
  endfacet
  facet normal 0 0 -1
    outer loop
      vertex 95.1472 106.638 0
      vertex 108.853 106.638 0
      vertex 108.714 106.532 0
    endloop
  endfacet
  facet normal 0 0 -1
    outer loop
      vertex 96 105 0
      vertex 108 105 0
      vertex 96 45 0
    endloop
  endfacet
  facet normal 0 0 -1
    outer loop
      vertex 108 105 0
      vertex 96 105 0
      vertex 108.008 105.174 0
    endloop
  endfacet
  facet normal 0 0 -1
    outer loop
      vertex 95.9924 105.174 0
      vertex 108.008 105.174 0
      vertex 96 105 0
    endloop
  endfacet
  facet normal 0 0 -1
    outer loop
      vertex 108.008 105.174 0
      vertex 95.9924 105.174 0
      vertex 108.03 105.347 0
    endloop
  endfacet
  facet normal 0 0 -1
    outer loop
      vertex 95.9696 105.347 0
      vertex 108.03 105.347 0
      vertex 95.9924 105.174 0
    endloop
  endfacet
  facet normal 0 0 -1
    outer loop
      vertex 108.03 105.347 0
      vertex 95.9696 105.347 0
      vertex 108.068 105.518 0
    endloop
  endfacet
  facet normal 0 0 -1
    outer loop
      vertex 95.9319 105.518 0
      vertex 108.068 105.518 0
      vertex 95.9696 105.347 0
    endloop
  endfacet
  facet normal 0 0 -1
    outer loop
      vertex 108.068 105.518 0
      vertex 95.9319 105.518 0
      vertex 108.121 105.684 0
    endloop
  endfacet
  facet normal 0 0 -1
    outer loop
      vertex 95.8794 105.684 0
      vertex 108.121 105.684 0
      vertex 95.9319 105.518 0
    endloop
  endfacet
  facet normal 0 0 -1
    outer loop
      vertex 108.121 105.684 0
      vertex 95.8794 105.684 0
      vertex 108.187 105.845 0
    endloop
  endfacet
  facet normal 0 0 -1
    outer loop
      vertex 95.8126 105.845 0
      vertex 108.187 105.845 0
      vertex 95.8794 105.684 0
    endloop
  endfacet
  facet normal 0 0 -1
    outer loop
      vertex 108.187 105.845 0
      vertex 95.8126 105.845 0
      vertex 108.268 106 0
    endloop
  endfacet
  facet normal 0 0 -1
    outer loop
      vertex 95.732 106 0
      vertex 108.268 106 0
      vertex 95.8126 105.845 0
    endloop
  endfacet
  facet normal 0 0 -1
    outer loop
      vertex 108.268 106 0
      vertex 95.732 106 0
      vertex 108.362 106.147 0
    endloop
  endfacet
  facet normal 0 0 -1
    outer loop
      vertex 95.6383 106.147 0
      vertex 108.362 106.147 0
      vertex 95.732 106 0
    endloop
  endfacet
  facet normal 0 0 -1
    outer loop
      vertex 108.362 106.147 0
      vertex 95.6383 106.147 0
      vertex 108.468 106.286 0
    endloop
  endfacet
  facet normal 0 0 -1
    outer loop
      vertex 95.5321 106.286 0
      vertex 108.468 106.286 0
      vertex 95.6383 106.147 0
    endloop
  endfacet
  facet normal 0 0 -1
    outer loop
      vertex 108.468 106.286 0
      vertex 95.5321 106.286 0
      vertex 108.586 106.414 0
    endloop
  endfacet
  facet normal 0 0 -1
    outer loop
      vertex 95.4142 106.414 0
      vertex 108.586 106.414 0
      vertex 95.5321 106.286 0
    endloop
  endfacet
  facet normal 0 0 -1
    outer loop
      vertex 108.586 106.414 0
      vertex 95.4142 106.414 0
      vertex 108.714 106.532 0
    endloop
  endfacet
  facet normal 0 0 -1
    outer loop
      vertex 95.2856 106.532 0
      vertex 108.714 106.532 0
      vertex 95.4142 106.414 0
    endloop
  endfacet
  facet normal 0 0 -1
    outer loop
      vertex 95.1472 106.638 0
      vertex 108.714 106.532 0
      vertex 95.2856 106.532 0
    endloop
  endfacet
  facet normal 0 0 -1
    outer loop
      vertex 148.798 142.702 0
      vertex 84 143.7 0
      vertex 148.907 142.802 0
    endloop
  endfacet
  facet normal 0 0 -1
    outer loop
      vertex 108.853 106.638 0
      vertex 95.1472 106.638 0
      vertex 95 106.732 0
    endloop
  endfacet
  facet normal 0 0 -1
    outer loop
      vertex 109 106.732 0
      vertex 95 106.732 0
      vertex 94.8452 106.813 0
    endloop
  endfacet
  facet normal 0 0 -1
    outer loop
      vertex 109.155 106.813 0
      vertex 94.8452 106.813 0
      vertex 94.684 106.879 0
    endloop
  endfacet
  facet normal 0 0 -1
    outer loop
      vertex 109.316 106.879 0
      vertex 94.684 106.879 0
      vertex 84 143.7 0
    endloop
  endfacet
  facet normal 0 0 -1
    outer loop
      vertex 84 143.7 0
      vertex 94.684 106.879 0
      vertex 94.5176 106.932 0
    endloop
  endfacet
  facet normal 0 0 -1
    outer loop
      vertex 84 143.7 0
      vertex 94.5176 106.932 0
      vertex 94.3473 106.97 0
    endloop
  endfacet
  facet normal 0 0 -1
    outer loop
      vertex 84 143.7 0
      vertex 94.3473 106.97 0
      vertex 94.1743 106.992 0
    endloop
  endfacet
  facet normal 0 0 -1
    outer loop
      vertex 84 143.7 0
      vertex 94.1743 106.992 0
      vertex 94 107 0
    endloop
  endfacet
  facet normal 0 0 -1
    outer loop
      vertex 84 143.7 0
      vertex 94 107 0
      vertex 93.8257 106.992 0
    endloop
  endfacet
  facet normal 0 0 -1
    outer loop
      vertex 84 143.7 0
      vertex 93.8257 106.992 0
      vertex 93.6527 106.97 0
    endloop
  endfacet
  facet normal 0 0 -1
    outer loop
      vertex 84 143.7 0
      vertex 93.6527 106.97 0
      vertex 93.4824 106.932 0
    endloop
  endfacet
  facet normal 0 0 -1
    outer loop
      vertex 84 143.7 0
      vertex 93.4824 106.932 0
      vertex 93.316 106.879 0
    endloop
  endfacet
  facet normal 0 0 -1
    outer loop
      vertex 84 143.7 0
      vertex 93.316 106.879 0
      vertex 93.1548 106.813 0
    endloop
  endfacet
  facet normal 0 0 -1
    outer loop
      vertex 84 143.7 0
      vertex 93.1548 106.813 0
      vertex 93 106.732 0
    endloop
  endfacet
  facet normal 0 0 -1
    outer loop
      vertex 84 143.7 0
      vertex 93 106.732 0
      vertex 92.8528 106.638 0
    endloop
  endfacet
  facet normal 0 0 -1
    outer loop
      vertex 84 143.7 0
      vertex 92 105 0
      vertex 84 6.3 0
    endloop
  endfacet
  facet normal 0 0 -1
    outer loop
      vertex 150 143.2 0
      vertex 84 143.7 0
      vertex 215.7 143.7 0
    endloop
  endfacet
  facet normal 0 0 -1
    outer loop
      vertex 149.852 143.194 0
      vertex 84 143.7 0
      vertex 150 143.2 0
    endloop
  endfacet
  facet normal 0 0 -1
    outer loop
      vertex 149.705 143.174 0
      vertex 84 143.7 0
      vertex 149.852 143.194 0
    endloop
  endfacet
  facet normal 0 0 -1
    outer loop
      vertex 149.56 143.142 0
      vertex 84 143.7 0
      vertex 149.705 143.174 0
    endloop
  endfacet
  facet normal 0 0 -1
    outer loop
      vertex 149.419 143.097 0
      vertex 84 143.7 0
      vertex 149.56 143.142 0
    endloop
  endfacet
  facet normal 0 0 -1
    outer loop
      vertex 149.282 143.041 0
      vertex 84 143.7 0
      vertex 149.419 143.097 0
    endloop
  endfacet
  facet normal 0 0 -1
    outer loop
      vertex 149.15 142.972 0
      vertex 84 143.7 0
      vertex 149.282 143.041 0
    endloop
  endfacet
  facet normal 0 0 -1
    outer loop
      vertex 149.025 142.893 0
      vertex 84 143.7 0
      vertex 149.15 142.972 0
    endloop
  endfacet
  facet normal 0 0 -1
    outer loop
      vertex 148.907 142.802 0
      vertex 84 143.7 0
      vertex 149.025 142.893 0
    endloop
  endfacet
  facet normal 0 0 -1
    outer loop
      vertex 92.7144 106.532 0
      vertex 84 143.7 0
      vertex 92.8528 106.638 0
    endloop
  endfacet
  facet normal 0 0 -1
    outer loop
      vertex 92.5858 106.414 0
      vertex 84 143.7 0
      vertex 92.7144 106.532 0
    endloop
  endfacet
  facet normal 0 0 -1
    outer loop
      vertex 92.4679 106.286 0
      vertex 84 143.7 0
      vertex 92.5858 106.414 0
    endloop
  endfacet
  facet normal 0 0 -1
    outer loop
      vertex 92.3617 106.147 0
      vertex 84 143.7 0
      vertex 92.4679 106.286 0
    endloop
  endfacet
  facet normal 0 0 -1
    outer loop
      vertex 92.268 106 0
      vertex 84 143.7 0
      vertex 92.3617 106.147 0
    endloop
  endfacet
  facet normal 0 0 -1
    outer loop
      vertex 92.1874 105.845 0
      vertex 84 143.7 0
      vertex 92.268 106 0
    endloop
  endfacet
  facet normal 0 0 -1
    outer loop
      vertex 92.1206 105.684 0
      vertex 84 143.7 0
      vertex 92.1874 105.845 0
    endloop
  endfacet
  facet normal 0 0 -1
    outer loop
      vertex 92.0681 105.518 0
      vertex 84 143.7 0
      vertex 92.1206 105.684 0
    endloop
  endfacet
  facet normal 0 0 -1
    outer loop
      vertex 92.0304 105.347 0
      vertex 84 143.7 0
      vertex 92.0681 105.518 0
    endloop
  endfacet
  facet normal 0 0 -1
    outer loop
      vertex 92.0076 105.174 0
      vertex 84 143.7 0
      vertex 92.0304 105.347 0
    endloop
  endfacet
  facet normal 0 0 -1
    outer loop
      vertex 92 105 0
      vertex 84 143.7 0
      vertex 92.0076 105.174 0
    endloop
  endfacet
  facet normal 0 0 -1
    outer loop
      vertex 151.694 8.64816 0
      vertex 180 12 0
      vertex 151.7 8.5 0
    endloop
  endfacet
  facet normal 0 0 -1
    outer loop
      vertex 151.674 8.7952 0
      vertex 180 12 0
      vertex 151.694 8.64816 0
    endloop
  endfacet
  facet normal 0 0 -1
    outer loop
      vertex 151.642 8.93999 0
      vertex 180 12 0
      vertex 151.674 8.7952 0
    endloop
  endfacet
  facet normal 0 0 -1
    outer loop
      vertex 151.597 9.08143 0
      vertex 180 12 0
      vertex 151.642 8.93999 0
    endloop
  endfacet
  facet normal 0 0 -1
    outer loop
      vertex 151.541 9.21845 0
      vertex 180 12 0
      vertex 151.597 9.08143 0
    endloop
  endfacet
  facet normal 0 0 -1
    outer loop
      vertex 151.472 9.35 0
      vertex 180 12 0
      vertex 151.541 9.21845 0
    endloop
  endfacet
  facet normal 0 0 -1
    outer loop
      vertex 151.393 9.47508 0
      vertex 180 12 0
      vertex 151.472 9.35 0
    endloop
  endfacet
  facet normal 0 0 -1
    outer loop
      vertex 151.302 9.59274 0
      vertex 180 12 0
      vertex 151.393 9.47508 0
    endloop
  endfacet
  facet normal 0 0 -1
    outer loop
      vertex 151.202 9.70208 0
      vertex 180 12 0
      vertex 151.302 9.59274 0
    endloop
  endfacet
  facet normal 0 0 -1
    outer loop
      vertex 151.093 9.80227 0
      vertex 180 12 0
      vertex 151.202 9.70208 0
    endloop
  endfacet
  facet normal 0 0 -1
    outer loop
      vertex 150.975 9.89256 0
      vertex 180 12 0
      vertex 151.093 9.80227 0
    endloop
  endfacet
  facet normal 0 0 -1
    outer loop
      vertex 150.85 9.97224 0
      vertex 180 12 0
      vertex 150.975 9.89256 0
    endloop
  endfacet
  facet normal 0 0 -1
    outer loop
      vertex 150.718 10.0407 0
      vertex 180 12 0
      vertex 150.85 9.97224 0
    endloop
  endfacet
  facet normal 0 0 -1
    outer loop
      vertex 150.581 10.0975 0
      vertex 180 12 0
      vertex 150.718 10.0407 0
    endloop
  endfacet
  facet normal 0 0 -1
    outer loop
      vertex 150.44 10.1421 0
      vertex 180 12 0
      vertex 150.581 10.0975 0
    endloop
  endfacet
  facet normal 0 0 -1
    outer loop
      vertex 150.295 10.1742 0
      vertex 180 12 0
      vertex 150.44 10.1421 0
    endloop
  endfacet
  facet normal 0 0 -1
    outer loop
      vertex 150.148 10.1935 0
      vertex 180 12 0
      vertex 150.295 10.1742 0
    endloop
  endfacet
  facet normal 0 0 -1
    outer loop
      vertex 150 10.2 0
      vertex 180 12 0
      vertex 150.148 10.1935 0
    endloop
  endfacet
  facet normal 0 0 -1
    outer loop
      vertex 120 12 0
      vertex 150 10.2 0
      vertex 149.852 10.1935 0
    endloop
  endfacet
  facet normal 0 0 -1
    outer loop
      vertex 150 10.2 0
      vertex 120 12 0
      vertex 180 12 0
    endloop
  endfacet
  facet normal 0 0 -1
    outer loop
      vertex 149.705 10.1742 0
      vertex 120 12 0
      vertex 149.852 10.1935 0
    endloop
  endfacet
  facet normal 0 0 -1
    outer loop
      vertex 149.56 10.1421 0
      vertex 120 12 0
      vertex 149.705 10.1742 0
    endloop
  endfacet
  facet normal 0 0 -1
    outer loop
      vertex 149.419 10.0975 0
      vertex 120 12 0
      vertex 149.56 10.1421 0
    endloop
  endfacet
  facet normal 0 0 -1
    outer loop
      vertex 149.282 10.0407 0
      vertex 120 12 0
      vertex 149.419 10.0975 0
    endloop
  endfacet
  facet normal 0 0 -1
    outer loop
      vertex 149.15 9.97224 0
      vertex 120 12 0
      vertex 149.282 10.0407 0
    endloop
  endfacet
  facet normal 0 0 -1
    outer loop
      vertex 149.025 9.89256 0
      vertex 120 12 0
      vertex 149.15 9.97224 0
    endloop
  endfacet
  facet normal 0 0 -1
    outer loop
      vertex 148.907 9.80227 0
      vertex 120 12 0
      vertex 149.025 9.89256 0
    endloop
  endfacet
  facet normal 0 0 -1
    outer loop
      vertex 148.798 9.70208 0
      vertex 120 12 0
      vertex 148.907 9.80227 0
    endloop
  endfacet
  facet normal 0 0 -1
    outer loop
      vertex 148.698 9.59274 0
      vertex 120 12 0
      vertex 148.798 9.70208 0
    endloop
  endfacet
  facet normal 0 0 -1
    outer loop
      vertex 148.607 9.47508 0
      vertex 120 12 0
      vertex 148.698 9.59274 0
    endloop
  endfacet
  facet normal 0 0 -1
    outer loop
      vertex 148.528 9.35 0
      vertex 120 12 0
      vertex 148.607 9.47508 0
    endloop
  endfacet
  facet normal 0 0 -1
    outer loop
      vertex 148.459 9.21845 0
      vertex 120 12 0
      vertex 148.528 9.35 0
    endloop
  endfacet
  facet normal 0 0 -1
    outer loop
      vertex 148.403 9.08143 0
      vertex 120 12 0
      vertex 148.459 9.21845 0
    endloop
  endfacet
  facet normal 0 0 -1
    outer loop
      vertex 148.358 8.93999 0
      vertex 120 12 0
      vertex 148.403 9.08143 0
    endloop
  endfacet
  facet normal 0 0 -1
    outer loop
      vertex 148.326 8.7952 0
      vertex 120 12 0
      vertex 148.358 8.93999 0
    endloop
  endfacet
  facet normal 0 0 -1
    outer loop
      vertex 148.306 8.64816 0
      vertex 120 12 0
      vertex 148.326 8.7952 0
    endloop
  endfacet
  facet normal 0 0 -1
    outer loop
      vertex 120 12 0
      vertex 148.306 8.64816 0
      vertex 148.3 8.5 0
    endloop
  endfacet
  facet normal 0 0 -1
    outer loop
      vertex 84 145.7 0
      vertex 215.7 150 0
      vertex 215.7 145.7 0
    endloop
  endfacet
  facet normal -0 0 -1
    outer loop
      vertex 215.7 150 0
      vertex 84 145.7 0
      vertex 84 150 0
    endloop
  endfacet
  facet normal 0 0 -1
    outer loop
      vertex 84 0 0
      vertex 215.7 4.3 0
      vertex 215.7 0 0
    endloop
  endfacet
  facet normal -0 0 -1
    outer loop
      vertex 215.7 4.3 0
      vertex 84 0 0
      vertex 84 4.3 0
    endloop
  endfacet
  facet normal 0 0 -1
    outer loop
      vertex 84 4.3 -3
      vertex 215.7 6.3 -3
      vertex 215.7 4.3 -3
    endloop
  endfacet
  facet normal -0 0 -1
    outer loop
      vertex 215.7 6.3 -3
      vertex 84 4.3 -3
      vertex 84 6.3 -3
    endloop
  endfacet
  facet normal 0 0 -1
    outer loop
      vertex 84 143.7 -3
      vertex 215.7 145.7 -3
      vertex 215.7 143.7 -3
    endloop
  endfacet
  facet normal -0 0 -1
    outer loop
      vertex 215.7 145.7 -3
      vertex 84 143.7 -3
      vertex 84 145.7 -3
    endloop
  endfacet
  facet normal 0 1 -0
    outer loop
      vertex 215.7 145.7 -3
      vertex 84 145.7 0
      vertex 215.7 145.7 0
    endloop
  endfacet
  facet normal 0 1 0
    outer loop
      vertex 84 145.7 0
      vertex 215.7 145.7 -3
      vertex 84 145.7 -3
    endloop
  endfacet
  facet normal 0 -1 0
    outer loop
      vertex 84 4.3 -3
      vertex 215.7 4.3 0
      vertex 84 4.3 0
    endloop
  endfacet
  facet normal 0 -1 -0
    outer loop
      vertex 215.7 4.3 0
      vertex 84 4.3 -3
      vertex 215.7 4.3 -3
    endloop
  endfacet
  facet normal 0 -1 0
    outer loop
      vertex 84 143.7 -3
      vertex 215.7 143.7 0
      vertex 84 143.7 0
    endloop
  endfacet
  facet normal 0 -1 -0
    outer loop
      vertex 215.7 143.7 0
      vertex 84 143.7 -3
      vertex 215.7 143.7 -3
    endloop
  endfacet
  facet normal 0 1 -0
    outer loop
      vertex 215.7 6.3 -3
      vertex 84 6.3 0
      vertex 215.7 6.3 0
    endloop
  endfacet
  facet normal 0 1 0
    outer loop
      vertex 84 6.3 0
      vertex 215.7 6.3 -3
      vertex 84 6.3 -3
    endloop
  endfacet
  facet normal 0 1 -0
    outer loop
      vertex 215.7 150 0
      vertex 84 150 4
      vertex 215.7 150 4
    endloop
  endfacet
  facet normal 0 1 0
    outer loop
      vertex 84 150 4
      vertex 215.7 150 0
      vertex 84 150 0
    endloop
  endfacet
  facet normal 0 -1 0
    outer loop
      vertex 84 0 0
      vertex 215.7 0 4
      vertex 84 0 4
    endloop
  endfacet
  facet normal 0 -1 -0
    outer loop
      vertex 215.7 0 4
      vertex 84 0 0
      vertex 215.7 0 0
    endloop
  endfacet
  facet normal 0 0 1
    outer loop
      vertex 180 12 4
      vertex 153.157 8.76835 4
      vertex 153.168 8.5 4
    endloop
  endfacet
  facet normal 0 0 1
    outer loop
      vertex 180 12 4
      vertex 153.156 8.77615 4
      vertex 153.157 8.76835 4
    endloop
  endfacet
  facet normal 0 0 1
    outer loop
      vertex 180 12 4
      vertex 153.155 8.78388 4
      vertex 153.156 8.77615 4
    endloop
  endfacet
  facet normal 0 0 1
    outer loop
      vertex 180 12 4
      vertex 153.12 9.05019 4
      vertex 153.155 8.78388 4
    endloop
  endfacet
  facet normal 0 0 1
    outer loop
      vertex 180 12 4
      vertex 153.119 9.05781 4
      vertex 153.12 9.05019 4
    endloop
  endfacet
  facet normal 0 0 1
    outer loop
      vertex 180 12 4
      vertex 153.06 9.32005 4
      vertex 153.119 9.05781 4
    endloop
  endfacet
  facet normal 0 0 1
    outer loop
      vertex 180 12 4
      vertex 152.98 9.57622 4
      vertex 153.06 9.32005 4
    endloop
  endfacet
  facet normal 0 0 1
    outer loop
      vertex 180 12 4
      vertex 152.977 9.58366 4
      vertex 152.98 9.57622 4
    endloop
  endfacet
  facet normal 0 0 1
    outer loop
      vertex 180 12 4
      vertex 152.974 9.59087 4
      vertex 152.977 9.58366 4
    endloop
  endfacet
  facet normal 0 0 1
    outer loop
      vertex 180 12 4
      vertex 152.872 9.83903 4
      vertex 152.974 9.59087 4
    endloop
  endfacet
  facet normal 0 0 1
    outer loop
      vertex 180 12 4
      vertex 152.748 10.0773 4
      vertex 152.872 9.83903 4
    endloop
  endfacet
  facet normal 0 0 1
    outer loop
      vertex 180 12 4
      vertex 152.744 10.0842 4
      vertex 152.748 10.0773 4
    endloop
  endfacet
  facet normal 0 0 1
    outer loop
      vertex 180 12 4
      vertex 152.74 10.0908 4
      vertex 152.744 10.0842 4
    endloop
  endfacet
  facet normal 0 0 1
    outer loop
      vertex 180 12 4
      vertex 152.595 10.3173 4
      vertex 152.74 10.0908 4
    endloop
  endfacet
  facet normal 0 0 1
    outer loop
      vertex 180 12 4
      vertex 152.432 10.5304 4
      vertex 152.595 10.3173 4
    endloop
  endfacet
  facet normal 0 0 1
    outer loop
      vertex 180 12 4
      vertex 152.427 10.5366 4
      vertex 152.432 10.5304 4
    endloop
  endfacet
  facet normal 0 0 1
    outer loop
      vertex 180 12 4
      vertex 152.246 10.7347 4
      vertex 152.427 10.5366 4
    endloop
  endfacet
  facet normal 0 0 1
    outer loop
      vertex 180 12 4
      vertex 152.24 10.7404 4
      vertex 152.246 10.7347 4
    endloop
  endfacet
  facet normal 0 0 1
    outer loop
      vertex 180 12 4
      vertex 152.235 10.7457 4
      vertex 152.24 10.7404 4
    endloop
  endfacet
  facet normal 0 0 1
    outer loop
      vertex 180 12 4
      vertex 152.037 10.9272 4
      vertex 152.235 10.7457 4
    endloop
  endfacet
  facet normal 0 0 1
    outer loop
      vertex 180 12 4
      vertex 152.03 10.9319 4
      vertex 152.037 10.9272 4
    endloop
  endfacet
  facet normal 0 0 1
    outer loop
      vertex 180 12 4
      vertex 151.817 11.0954 4
      vertex 152.03 10.9319 4
    endloop
  endfacet
  facet normal 0 0 1
    outer loop
      vertex 180 12 4
      vertex 151.591 11.2397 4
      vertex 151.817 11.0954 4
    endloop
  endfacet
  facet normal 0 0 1
    outer loop
      vertex 180 12 4
      vertex 151.584 11.2439 4
      vertex 151.591 11.2397 4
    endloop
  endfacet
  facet normal 0 0 1
    outer loop
      vertex 180 12 4
      vertex 151.577 11.2475 4
      vertex 151.584 11.2439 4
    endloop
  endfacet
  facet normal 0 0 1
    outer loop
      vertex 180 12 4
      vertex 151.339 11.3716 4
      vertex 151.577 11.2475 4
    endloop
  endfacet
  facet normal 0 0 1
    outer loop
      vertex 180 12 4
      vertex 151.091 11.4744 4
      vertex 151.339 11.3716 4
    endloop
  endfacet
  facet normal 0 0 1
    outer loop
      vertex 180 12 4
      vertex 151.084 11.4773 4
      vertex 151.091 11.4744 4
    endloop
  endfacet
  facet normal 0 0 1
    outer loop
      vertex 180 12 4
      vertex 151.076 11.4797 4
      vertex 151.084 11.4773 4
    endloop
  endfacet
  facet normal 0 0 1
    outer loop
      vertex 180 12 4
      vertex 150.82 11.5605 4
      vertex 151.076 11.4797 4
    endloop
  endfacet
  facet normal 0 0 1
    outer loop
      vertex 180 12 4
      vertex 150.558 11.6186 4
      vertex 150.82 11.5605 4
    endloop
  endfacet
  facet normal 0 0 1
    outer loop
      vertex 180 12 4
      vertex 150.55 11.6203 4
      vertex 150.558 11.6186 4
    endloop
  endfacet
  facet normal 0 0 1
    outer loop
      vertex 180 12 4
      vertex 150.284 11.6553 4
      vertex 150.55 11.6203 4
    endloop
  endfacet
  facet normal 0 0 1
    outer loop
      vertex 180 12 4
      vertex 150.276 11.6564 4
      vertex 150.284 11.6553 4
    endloop
  endfacet
  facet normal 0 0 1
    outer loop
      vertex 180 12 4
      vertex 150.268 11.6567 4
      vertex 150.276 11.6564 4
    endloop
  endfacet
  facet normal 0 0 1
    outer loop
      vertex 180 12 4
      vertex 150 11.6684 4
      vertex 150.268 11.6567 4
    endloop
  endfacet
  facet normal 0 0 1
    outer loop
      vertex 150 11.6684 4
      vertex 149.724 11.6564 4
      vertex 149.732 11.6567 4
    endloop
  endfacet
  facet normal 0 0 1
    outer loop
      vertex 148.661 11.3716 4
      vertex 148.416 11.2439 4
      vertex 148.423 11.2475 4
    endloop
  endfacet
  facet normal 0 0 -1
    outer loop
      vertex 148.416 11.2439 4
      vertex 148.183 11.0954 4
      vertex 148.409 11.2397 4
    endloop
  endfacet
  facet normal 0 0 1
    outer loop
      vertex 148.183 11.0954 4
      vertex 147.963 10.9272 4
      vertex 147.97 10.9319 4
    endloop
  endfacet
  facet normal 0 0 -1
    outer loop
      vertex 147.76 10.7404 4
      vertex 147.573 10.5366 4
      vertex 147.754 10.7347 4
    endloop
  endfacet
  facet normal 0 0 -1
    outer loop
      vertex 147.573 10.5366 4
      vertex 147.405 10.3173 4
      vertex 147.568 10.5304 4
    endloop
  endfacet
  facet normal 0 0 1
    outer loop
      vertex 147.128 9.83903 4
      vertex 147.023 9.58366 4
      vertex 147.026 9.59087 4
    endloop
  endfacet
  facet normal 0 0 -1
    outer loop
      vertex 146.94 9.32005 4
      vertex 146.88 9.05019 4
      vertex 146.881 9.05781 4
    endloop
  endfacet
  facet normal 0 0 -1
    outer loop
      vertex 146.88 9.05019 4
      vertex 146.844 8.77615 4
      vertex 146.845 8.78388 4
    endloop
  endfacet
  facet normal 0 0 -1
    outer loop
      vertex 146.844 8.77615 4
      vertex 146.832 8.5 4
      vertex 146.843 8.76835 4
    endloop
  endfacet
  facet normal 0 0 1
    outer loop
      vertex 146.844 8.77615 4
      vertex 120 12 4
      vertex 146.832 8.5 4
    endloop
  endfacet
  facet normal 0 0 1
    outer loop
      vertex 146.88 9.05019 4
      vertex 120 12 4
      vertex 146.844 8.77615 4
    endloop
  endfacet
  facet normal 0 0 1
    outer loop
      vertex 146.94 9.32005 4
      vertex 120 12 4
      vertex 146.88 9.05019 4
    endloop
  endfacet
  facet normal 0 0 1
    outer loop
      vertex 147.02 9.57622 4
      vertex 120 12 4
      vertex 146.94 9.32005 4
    endloop
  endfacet
  facet normal 0 0 1
    outer loop
      vertex 147.023 9.58366 4
      vertex 120 12 4
      vertex 147.02 9.57622 4
    endloop
  endfacet
  facet normal 0 0 1
    outer loop
      vertex 147.128 9.83903 4
      vertex 120 12 4
      vertex 147.023 9.58366 4
    endloop
  endfacet
  facet normal 0 0 1
    outer loop
      vertex 147.252 10.0773 4
      vertex 120 12 4
      vertex 147.128 9.83903 4
    endloop
  endfacet
  facet normal 0 0 1
    outer loop
      vertex 147.256 10.0842 4
      vertex 120 12 4
      vertex 147.252 10.0773 4
    endloop
  endfacet
  facet normal 0 0 1
    outer loop
      vertex 147.26 10.0908 4
      vertex 120 12 4
      vertex 147.256 10.0842 4
    endloop
  endfacet
  facet normal 0 0 1
    outer loop
      vertex 147.405 10.3173 4
      vertex 120 12 4
      vertex 147.26 10.0908 4
    endloop
  endfacet
  facet normal 0 0 1
    outer loop
      vertex 147.573 10.5366 4
      vertex 120 12 4
      vertex 147.405 10.3173 4
    endloop
  endfacet
  facet normal 0 0 1
    outer loop
      vertex 147.76 10.7404 4
      vertex 120 12 4
      vertex 147.573 10.5366 4
    endloop
  endfacet
  facet normal 0 0 1
    outer loop
      vertex 147.765 10.7457 4
      vertex 120 12 4
      vertex 147.76 10.7404 4
    endloop
  endfacet
  facet normal 0 0 1
    outer loop
      vertex 147.963 10.9272 4
      vertex 120 12 4
      vertex 147.765 10.7457 4
    endloop
  endfacet
  facet normal 0 0 1
    outer loop
      vertex 148.183 11.0954 4
      vertex 120 12 4
      vertex 147.963 10.9272 4
    endloop
  endfacet
  facet normal 0 0 1
    outer loop
      vertex 148.416 11.2439 4
      vertex 120 12 4
      vertex 148.183 11.0954 4
    endloop
  endfacet
  facet normal 0 0 1
    outer loop
      vertex 148.661 11.3716 4
      vertex 120 12 4
      vertex 148.416 11.2439 4
    endloop
  endfacet
  facet normal 0 0 1
    outer loop
      vertex 148.909 11.4744 4
      vertex 120 12 4
      vertex 148.661 11.3716 4
    endloop
  endfacet
  facet normal 0 0 1
    outer loop
      vertex 148.916 11.4773 4
      vertex 120 12 4
      vertex 148.909 11.4744 4
    endloop
  endfacet
  facet normal 0 0 1
    outer loop
      vertex 148.924 11.4797 4
      vertex 120 12 4
      vertex 148.916 11.4773 4
    endloop
  endfacet
  facet normal 0 0 1
    outer loop
      vertex 149.18 11.5605 4
      vertex 120 12 4
      vertex 148.924 11.4797 4
    endloop
  endfacet
  facet normal 0 0 1
    outer loop
      vertex 149.442 11.6186 4
      vertex 120 12 4
      vertex 149.18 11.5605 4
    endloop
  endfacet
  facet normal 0 0 1
    outer loop
      vertex 149.45 11.6203 4
      vertex 120 12 4
      vertex 149.442 11.6186 4
    endloop
  endfacet
  facet normal 0 0 1
    outer loop
      vertex 149.716 11.6553 4
      vertex 120 12 4
      vertex 149.45 11.6203 4
    endloop
  endfacet
  facet normal 0 0 1
    outer loop
      vertex 149.724 11.6564 4
      vertex 120 12 4
      vertex 149.716 11.6553 4
    endloop
  endfacet
  facet normal 0 0 1
    outer loop
      vertex 150 11.6684 4
      vertex 120 12 4
      vertex 149.724 11.6564 4
    endloop
  endfacet
  facet normal -0 0 1
    outer loop
      vertex 120 12 4
      vertex 150 11.6684 4
      vertex 180 12 4
    endloop
  endfacet
  facet normal 0 0 1
    outer loop
      vertex 215.7 150 4
      vertex 208 105 4
      vertex 215.7 0 4
    endloop
  endfacet
  facet normal 0 0 1
    outer loop
      vertex 215.7 150 4
      vertex 207.992 105.174 4
      vertex 208 105 4
    endloop
  endfacet
  facet normal 0 0 1
    outer loop
      vertex 215.7 150 4
      vertex 207.97 105.347 4
      vertex 207.992 105.174 4
    endloop
  endfacet
  facet normal 0 0 1
    outer loop
      vertex 215.7 150 4
      vertex 207.932 105.518 4
      vertex 207.97 105.347 4
    endloop
  endfacet
  facet normal 0 0 1
    outer loop
      vertex 215.7 150 4
      vertex 207.879 105.684 4
      vertex 207.932 105.518 4
    endloop
  endfacet
  facet normal 0 0 1
    outer loop
      vertex 215.7 150 4
      vertex 207.813 105.845 4
      vertex 207.879 105.684 4
    endloop
  endfacet
  facet normal 0 0 1
    outer loop
      vertex 215.7 150 4
      vertex 207.732 106 4
      vertex 207.813 105.845 4
    endloop
  endfacet
  facet normal 0 0 1
    outer loop
      vertex 215.7 150 4
      vertex 207.638 106.147 4
      vertex 207.732 106 4
    endloop
  endfacet
  facet normal 0 0 1
    outer loop
      vertex 215.7 150 4
      vertex 207.532 106.286 4
      vertex 207.638 106.147 4
    endloop
  endfacet
  facet normal 0 0 1
    outer loop
      vertex 215.7 150 4
      vertex 207.414 106.414 4
      vertex 207.532 106.286 4
    endloop
  endfacet
  facet normal 0 0 1
    outer loop
      vertex 215.7 150 4
      vertex 207.286 106.532 4
      vertex 207.414 106.414 4
    endloop
  endfacet
  facet normal 0 0 1
    outer loop
      vertex 215.7 150 4
      vertex 207.147 106.638 4
      vertex 207.286 106.532 4
    endloop
  endfacet
  facet normal 0 0 1
    outer loop
      vertex 215.7 150 4
      vertex 207 106.732 4
      vertex 207.147 106.638 4
    endloop
  endfacet
  facet normal 0 0 1
    outer loop
      vertex 215.7 150 4
      vertex 206.845 106.813 4
      vertex 207 106.732 4
    endloop
  endfacet
  facet normal 0 0 1
    outer loop
      vertex 215.7 150 4
      vertex 206.684 106.879 4
      vertex 206.845 106.813 4
    endloop
  endfacet
  facet normal 0 0 1
    outer loop
      vertex 215.7 150 4
      vertex 206.518 106.932 4
      vertex 206.684 106.879 4
    endloop
  endfacet
  facet normal 0 0 1
    outer loop
      vertex 215.7 150 4
      vertex 206.347 106.97 4
      vertex 206.518 106.932 4
    endloop
  endfacet
  facet normal 0 0 1
    outer loop
      vertex 215.7 150 4
      vertex 206.174 106.992 4
      vertex 206.347 106.97 4
    endloop
  endfacet
  facet normal 0 0 1
    outer loop
      vertex 215.7 150 4
      vertex 206 107 4
      vertex 206.174 106.992 4
    endloop
  endfacet
  facet normal 0 0 1
    outer loop
      vertex 215.7 150 4
      vertex 205.826 106.992 4
      vertex 206 107 4
    endloop
  endfacet
  facet normal 0 0 1
    outer loop
      vertex 215.7 150 4
      vertex 205.653 106.97 4
      vertex 205.826 106.992 4
    endloop
  endfacet
  facet normal 0 0 1
    outer loop
      vertex 215.7 150 4
      vertex 205.482 106.932 4
      vertex 205.653 106.97 4
    endloop
  endfacet
  facet normal 0 0 1
    outer loop
      vertex 190.518 106.932 4
      vertex 205.482 106.932 4
      vertex 215.7 150 4
    endloop
  endfacet
  facet normal 0 0 1
    outer loop
      vertex 205.482 106.932 4
      vertex 190.518 106.932 4
      vertex 205.316 106.879 4
    endloop
  endfacet
  facet normal 0 -0 1
    outer loop
      vertex 190.684 106.879 4
      vertex 205.316 106.879 4
      vertex 190.518 106.932 4
    endloop
  endfacet
  facet normal 0 -0 1
    outer loop
      vertex 190.845 106.813 4
      vertex 205.155 106.813 4
      vertex 190.684 106.879 4
    endloop
  endfacet
  facet normal 0 0 1
    outer loop
      vertex 205.155 106.813 4
      vertex 190.845 106.813 4
      vertex 205 106.732 4
    endloop
  endfacet
  facet normal 0 -0 1
    outer loop
      vertex 191 106.732 4
      vertex 205 106.732 4
      vertex 190.845 106.813 4
    endloop
  endfacet
  facet normal 0 0 1
    outer loop
      vertex 205 106.732 4
      vertex 191 106.732 4
      vertex 204.853 106.638 4
    endloop
  endfacet
  facet normal 0 -0 1
    outer loop
      vertex 191.147 106.638 4
      vertex 204.853 106.638 4
      vertex 191 106.732 4
    endloop
  endfacet
  facet normal 0 0 1
    outer loop
      vertex 204.853 106.638 4
      vertex 191.147 106.638 4
      vertex 204.714 106.532 4
    endloop
  endfacet
  facet normal 0 -0 1
    outer loop
      vertex 191.286 106.532 4
      vertex 204.714 106.532 4
      vertex 191.147 106.638 4
    endloop
  endfacet
  facet normal 0 0 1
    outer loop
      vertex 204.714 106.532 4
      vertex 191.286 106.532 4
      vertex 204.586 106.414 4
    endloop
  endfacet
  facet normal 0 -0 1
    outer loop
      vertex 191.414 106.414 4
      vertex 204.586 106.414 4
      vertex 191.286 106.532 4
    endloop
  endfacet
  facet normal 0 0 1
    outer loop
      vertex 204 105 4
      vertex 192 105 4
      vertex 204 45 4
    endloop
  endfacet
  facet normal 0 0 1
    outer loop
      vertex 204.008 105.174 4
      vertex 192 105 4
      vertex 204 105 4
    endloop
  endfacet
  facet normal 0 0 1
    outer loop
      vertex 191.992 105.174 4
      vertex 204.008 105.174 4
      vertex 204.03 105.347 4
    endloop
  endfacet
  facet normal 0 0 1
    outer loop
      vertex 191.97 105.347 4
      vertex 204.03 105.347 4
      vertex 204.068 105.518 4
    endloop
  endfacet
  facet normal 0 0 1
    outer loop
      vertex 204.586 106.414 4
      vertex 191.414 106.414 4
      vertex 204.468 106.286 4
    endloop
  endfacet
  facet normal 0 0 1
    outer loop
      vertex 204.008 105.174 4
      vertex 191.992 105.174 4
      vertex 192 105 4
    endloop
  endfacet
  facet normal 0 0 1
    outer loop
      vertex 204.03 105.347 4
      vertex 191.97 105.347 4
      vertex 191.992 105.174 4
    endloop
  endfacet
  facet normal 0 0 1
    outer loop
      vertex 204.068 105.518 4
      vertex 191.932 105.518 4
      vertex 191.97 105.347 4
    endloop
  endfacet
  facet normal 0 0 1
    outer loop
      vertex 204.068 105.518 4
      vertex 191.879 105.684 4
      vertex 191.932 105.518 4
    endloop
  endfacet
  facet normal 0 0 1
    outer loop
      vertex 204.121 105.684 4
      vertex 191.879 105.684 4
      vertex 204.068 105.518 4
    endloop
  endfacet
  facet normal 0 -0 1
    outer loop
      vertex 191.879 105.684 4
      vertex 204.121 105.684 4
      vertex 191.813 105.845 4
    endloop
  endfacet
  facet normal 0 0 1
    outer loop
      vertex 204.187 105.845 4
      vertex 191.813 105.845 4
      vertex 204.121 105.684 4
    endloop
  endfacet
  facet normal 0 -0 1
    outer loop
      vertex 191.813 105.845 4
      vertex 204.187 105.845 4
      vertex 191.732 106 4
    endloop
  endfacet
  facet normal 0 0 1
    outer loop
      vertex 204.268 106 4
      vertex 191.732 106 4
      vertex 204.187 105.845 4
    endloop
  endfacet
  facet normal 0 -0 1
    outer loop
      vertex 191.732 106 4
      vertex 204.268 106 4
      vertex 191.638 106.147 4
    endloop
  endfacet
  facet normal 0 0 1
    outer loop
      vertex 204.362 106.147 4
      vertex 191.638 106.147 4
      vertex 204.268 106 4
    endloop
  endfacet
  facet normal 0 -0 1
    outer loop
      vertex 191.638 106.147 4
      vertex 204.362 106.147 4
      vertex 191.532 106.286 4
    endloop
  endfacet
  facet normal 0 0 1
    outer loop
      vertex 204.468 106.286 4
      vertex 191.532 106.286 4
      vertex 204.362 106.147 4
    endloop
  endfacet
  facet normal 0 -0 1
    outer loop
      vertex 191.532 106.286 4
      vertex 204.468 106.286 4
      vertex 191.414 106.414 4
    endloop
  endfacet
  facet normal 0 0 1
    outer loop
      vertex 205.316 106.879 4
      vertex 190.684 106.879 4
      vertex 205.155 106.813 4
    endloop
  endfacet
  facet normal 0 0 1
    outer loop
      vertex 215.7 150 4
      vertex 190.347 106.97 4
      vertex 190.518 106.932 4
    endloop
  endfacet
  facet normal 0 0 1
    outer loop
      vertex 215.7 150 4
      vertex 190.174 106.992 4
      vertex 190.347 106.97 4
    endloop
  endfacet
  facet normal 0 0 1
    outer loop
      vertex 215.7 150 4
      vertex 190 107 4
      vertex 190.174 106.992 4
    endloop
  endfacet
  facet normal 0 0 1
    outer loop
      vertex 215.7 150 4
      vertex 189.826 106.992 4
      vertex 190 107 4
    endloop
  endfacet
  facet normal 0 0 1
    outer loop
      vertex 215.7 150 4
      vertex 189.653 106.97 4
      vertex 189.826 106.992 4
    endloop
  endfacet
  facet normal -0 0 1
    outer loop
      vertex 153.156 141.224 4
      vertex 189.653 106.97 4
      vertex 215.7 150 4
    endloop
  endfacet
  facet normal -0 0 1
    outer loop
      vertex 153.155 141.216 4
      vertex 189.653 106.97 4
      vertex 153.156 141.224 4
    endloop
  endfacet
  facet normal -0 0 1
    outer loop
      vertex 153.12 140.95 4
      vertex 189.653 106.97 4
      vertex 153.155 141.216 4
    endloop
  endfacet
  facet normal 0 0 1
    outer loop
      vertex 189.653 106.97 4
      vertex 153.12 140.95 4
      vertex 189.482 106.932 4
    endloop
  endfacet
  facet normal 0 -0 1
    outer loop
      vertex 174.518 106.932 4
      vertex 189.482 106.932 4
      vertex 153.12 140.95 4
    endloop
  endfacet
  facet normal 0 0 1
    outer loop
      vertex 189.482 106.932 4
      vertex 174.518 106.932 4
      vertex 189.316 106.879 4
    endloop
  endfacet
  facet normal 0 -0 1
    outer loop
      vertex 174.684 106.879 4
      vertex 189.316 106.879 4
      vertex 174.518 106.932 4
    endloop
  endfacet
  facet normal 0 0 1
    outer loop
      vertex 189.316 106.879 4
      vertex 174.684 106.879 4
      vertex 189.155 106.813 4
    endloop
  endfacet
  facet normal 0 -0 1
    outer loop
      vertex 174.845 106.813 4
      vertex 189.155 106.813 4
      vertex 174.684 106.879 4
    endloop
  endfacet
  facet normal 0 0 1
    outer loop
      vertex 189.155 106.813 4
      vertex 174.845 106.813 4
      vertex 189 106.732 4
    endloop
  endfacet
  facet normal 0 0 1
    outer loop
      vertex 176 45 4
      vertex 188 45 4
      vertex 188 105 4
    endloop
  endfacet
  facet normal 0 0 1
    outer loop
      vertex 176 105 4
      vertex 188 105 4
      vertex 188.008 105.174 4
    endloop
  endfacet
  facet normal 0 0 1
    outer loop
      vertex 188 105 4
      vertex 176 105 4
      vertex 176 45 4
    endloop
  endfacet
  facet normal 0 0 1
    outer loop
      vertex 175.992 105.174 4
      vertex 188.008 105.174 4
      vertex 188.03 105.347 4
    endloop
  endfacet
  facet normal 0 0 1
    outer loop
      vertex 175.97 105.347 4
      vertex 188.03 105.347 4
      vertex 188.068 105.518 4
    endloop
  endfacet
  facet normal 0 0 1
    outer loop
      vertex 175.932 105.518 4
      vertex 188.068 105.518 4
      vertex 188.121 105.684 4
    endloop
  endfacet
  facet normal 0 0 1
    outer loop
      vertex 175.879 105.684 4
      vertex 188.121 105.684 4
      vertex 188.187 105.845 4
    endloop
  endfacet
  facet normal 0 0 1
    outer loop
      vertex 175.813 105.845 4
      vertex 188.187 105.845 4
      vertex 188.268 106 4
    endloop
  endfacet
  facet normal 0 -0 1
    outer loop
      vertex 175 106.732 4
      vertex 189 106.732 4
      vertex 174.845 106.813 4
    endloop
  endfacet
  facet normal 0 0 1
    outer loop
      vertex 188.008 105.174 4
      vertex 175.992 105.174 4
      vertex 176 105 4
    endloop
  endfacet
  facet normal 0 0 1
    outer loop
      vertex 188.03 105.347 4
      vertex 175.97 105.347 4
      vertex 175.992 105.174 4
    endloop
  endfacet
  facet normal 0 0 1
    outer loop
      vertex 188.068 105.518 4
      vertex 175.932 105.518 4
      vertex 175.97 105.347 4
    endloop
  endfacet
  facet normal 0 0 1
    outer loop
      vertex 188.121 105.684 4
      vertex 175.879 105.684 4
      vertex 175.932 105.518 4
    endloop
  endfacet
  facet normal 0 0 1
    outer loop
      vertex 188.187 105.845 4
      vertex 175.813 105.845 4
      vertex 175.879 105.684 4
    endloop
  endfacet
  facet normal 0 0 1
    outer loop
      vertex 188.268 106 4
      vertex 175.732 106 4
      vertex 175.813 105.845 4
    endloop
  endfacet
  facet normal 0 0 1
    outer loop
      vertex 188.268 106 4
      vertex 175.638 106.147 4
      vertex 175.732 106 4
    endloop
  endfacet
  facet normal 0 0 1
    outer loop
      vertex 188.362 106.147 4
      vertex 175.638 106.147 4
      vertex 188.268 106 4
    endloop
  endfacet
  facet normal 0 -0 1
    outer loop
      vertex 175.638 106.147 4
      vertex 188.362 106.147 4
      vertex 175.532 106.286 4
    endloop
  endfacet
  facet normal 0 0 1
    outer loop
      vertex 188.468 106.286 4
      vertex 175.532 106.286 4
      vertex 188.362 106.147 4
    endloop
  endfacet
  facet normal 0 -0 1
    outer loop
      vertex 175.532 106.286 4
      vertex 188.468 106.286 4
      vertex 175.414 106.414 4
    endloop
  endfacet
  facet normal 0 0 1
    outer loop
      vertex 188.586 106.414 4
      vertex 175.414 106.414 4
      vertex 188.468 106.286 4
    endloop
  endfacet
  facet normal 0 -0 1
    outer loop
      vertex 175.414 106.414 4
      vertex 188.586 106.414 4
      vertex 175.286 106.532 4
    endloop
  endfacet
  facet normal 0 0 1
    outer loop
      vertex 188.714 106.532 4
      vertex 175.286 106.532 4
      vertex 188.586 106.414 4
    endloop
  endfacet
  facet normal 0 0 1
    outer loop
      vertex 189 106.732 4
      vertex 175 106.732 4
      vertex 188.853 106.638 4
    endloop
  endfacet
  facet normal 0 -0 1
    outer loop
      vertex 175.147 106.638 4
      vertex 188.853 106.638 4
      vertex 175 106.732 4
    endloop
  endfacet
  facet normal 0 0 1
    outer loop
      vertex 188.853 106.638 4
      vertex 175.147 106.638 4
      vertex 188.714 106.532 4
    endloop
  endfacet
  facet normal 0 -0 1
    outer loop
      vertex 175.286 106.532 4
      vertex 188.714 106.532 4
      vertex 175.147 106.638 4
    endloop
  endfacet
  facet normal -0 0 1
    outer loop
      vertex 153.119 140.942 4
      vertex 174.518 106.932 4
      vertex 153.12 140.95 4
    endloop
  endfacet
  facet normal 0 0 1
    outer loop
      vertex 174.518 106.932 4
      vertex 153.119 140.942 4
      vertex 174.347 106.97 4
    endloop
  endfacet
  facet normal -0 0 1
    outer loop
      vertex 153.06 140.68 4
      vertex 174.347 106.97 4
      vertex 153.119 140.942 4
    endloop
  endfacet
  facet normal 0 0 1
    outer loop
      vertex 174.347 106.97 4
      vertex 153.06 140.68 4
      vertex 174.174 106.992 4
    endloop
  endfacet
  facet normal -0 0 1
    outer loop
      vertex 152.977 140.416 4
      vertex 174.174 106.992 4
      vertex 152.98 140.424 4
    endloop
  endfacet
  facet normal -0 0 1
    outer loop
      vertex 152.974 140.409 4
      vertex 174 107 4
      vertex 152.977 140.416 4
    endloop
  endfacet
  facet normal -0 0 1
    outer loop
      vertex 152.872 140.161 4
      vertex 174 107 4
      vertex 152.974 140.409 4
    endloop
  endfacet
  facet normal 0 0 1
    outer loop
      vertex 174 107 4
      vertex 152.872 140.161 4
      vertex 173.826 106.992 4
    endloop
  endfacet
  facet normal -0 0 1
    outer loop
      vertex 152.748 139.923 4
      vertex 173.826 106.992 4
      vertex 152.872 140.161 4
    endloop
  endfacet
  facet normal 0 0 1
    outer loop
      vertex 172 105 4
      vertex 160 105 4
      vertex 172 45 4
    endloop
  endfacet
  facet normal 0 0 1
    outer loop
      vertex 172.008 105.174 4
      vertex 160 105 4
      vertex 172 105 4
    endloop
  endfacet
  facet normal 0 0 1
    outer loop
      vertex 159.992 105.174 4
      vertex 172.008 105.174 4
      vertex 172.03 105.347 4
    endloop
  endfacet
  facet normal 0 0 1
    outer loop
      vertex 159.97 105.347 4
      vertex 172.03 105.347 4
      vertex 172.068 105.518 4
    endloop
  endfacet
  facet normal 0 0 1
    outer loop
      vertex 159.932 105.518 4
      vertex 172.068 105.518 4
      vertex 172.121 105.684 4
    endloop
  endfacet
  facet normal 0 0 1
    outer loop
      vertex 159.879 105.684 4
      vertex 172.121 105.684 4
      vertex 172.187 105.845 4
    endloop
  endfacet
  facet normal 0 0 1
    outer loop
      vertex 159.813 105.845 4
      vertex 172.187 105.845 4
      vertex 172.268 106 4
    endloop
  endfacet
  facet normal 0 0 1
    outer loop
      vertex 159.732 106 4
      vertex 172.268 106 4
      vertex 172.362 106.147 4
    endloop
  endfacet
  facet normal 0 0 1
    outer loop
      vertex 159.638 106.147 4
      vertex 172.362 106.147 4
      vertex 172.468 106.286 4
    endloop
  endfacet
  facet normal 0 0 1
    outer loop
      vertex 159.532 106.286 4
      vertex 172.468 106.286 4
      vertex 172.586 106.414 4
    endloop
  endfacet
  facet normal -0 0 1
    outer loop
      vertex 152.744 139.916 4
      vertex 173.826 106.992 4
      vertex 152.748 139.923 4
    endloop
  endfacet
  facet normal 0 0 1
    outer loop
      vertex 172.008 105.174 4
      vertex 159.992 105.174 4
      vertex 160 105 4
    endloop
  endfacet
  facet normal 0 0 1
    outer loop
      vertex 172.03 105.347 4
      vertex 159.97 105.347 4
      vertex 159.992 105.174 4
    endloop
  endfacet
  facet normal 0 0 1
    outer loop
      vertex 172.068 105.518 4
      vertex 159.932 105.518 4
      vertex 159.97 105.347 4
    endloop
  endfacet
  facet normal 0 0 1
    outer loop
      vertex 172.121 105.684 4
      vertex 159.879 105.684 4
      vertex 159.932 105.518 4
    endloop
  endfacet
  facet normal 0 0 1
    outer loop
      vertex 172.187 105.845 4
      vertex 159.813 105.845 4
      vertex 159.879 105.684 4
    endloop
  endfacet
  facet normal 0 0 1
    outer loop
      vertex 172.268 106 4
      vertex 159.732 106 4
      vertex 159.813 105.845 4
    endloop
  endfacet
  facet normal 0 0 1
    outer loop
      vertex 172.362 106.147 4
      vertex 159.638 106.147 4
      vertex 159.732 106 4
    endloop
  endfacet
  facet normal 0 0 1
    outer loop
      vertex 172.468 106.286 4
      vertex 159.532 106.286 4
      vertex 159.638 106.147 4
    endloop
  endfacet
  facet normal -0 0 1
    outer loop
      vertex 152.432 139.47 4
      vertex 173.482 106.932 4
      vertex 152.595 139.683 4
    endloop
  endfacet
  facet normal 0 0 1
    outer loop
      vertex 172.586 106.414 4
      vertex 159.414 106.414 4
      vertex 159.532 106.286 4
    endloop
  endfacet
  facet normal -0 0 1
    outer loop
      vertex 152.427 139.463 4
      vertex 173.482 106.932 4
      vertex 152.432 139.47 4
    endloop
  endfacet
  facet normal 0 0 1
    outer loop
      vertex 173.482 106.932 4
      vertex 152.427 139.463 4
      vertex 173.316 106.879 4
    endloop
  endfacet
  facet normal 0 0 1
    outer loop
      vertex 172.586 106.414 4
      vertex 159.286 106.532 4
      vertex 159.414 106.414 4
    endloop
  endfacet
  facet normal -0 0 1
    outer loop
      vertex 152.246 139.265 4
      vertex 173.316 106.879 4
      vertex 152.427 139.463 4
    endloop
  endfacet
  facet normal -0 0 1
    outer loop
      vertex 152.24 139.26 4
      vertex 173.316 106.879 4
      vertex 152.246 139.265 4
    endloop
  endfacet
  facet normal 0 0 1
    outer loop
      vertex 172.714 106.532 4
      vertex 159.286 106.532 4
      vertex 172.586 106.414 4
    endloop
  endfacet
  facet normal 0 -0 1
    outer loop
      vertex 158.684 106.879 4
      vertex 173.316 106.879 4
      vertex 152.24 139.26 4
    endloop
  endfacet
  facet normal 0 0 1
    outer loop
      vertex 173.316 106.879 4
      vertex 158.684 106.879 4
      vertex 173.155 106.813 4
    endloop
  endfacet
  facet normal 0 -0 1
    outer loop
      vertex 159.286 106.532 4
      vertex 172.714 106.532 4
      vertex 159.147 106.638 4
    endloop
  endfacet
  facet normal 0 -0 1
    outer loop
      vertex 158.845 106.813 4
      vertex 173.155 106.813 4
      vertex 158.684 106.879 4
    endloop
  endfacet
  facet normal 0 0 1
    outer loop
      vertex 173.155 106.813 4
      vertex 158.845 106.813 4
      vertex 173 106.732 4
    endloop
  endfacet
  facet normal 0 0 1
    outer loop
      vertex 172.853 106.638 4
      vertex 159.147 106.638 4
      vertex 172.714 106.532 4
    endloop
  endfacet
  facet normal 0 0 1
    outer loop
      vertex 173 106.732 4
      vertex 159 106.732 4
      vertex 172.853 106.638 4
    endloop
  endfacet
  facet normal 0 -0 1
    outer loop
      vertex 159.147 106.638 4
      vertex 172.853 106.638 4
      vertex 159 106.732 4
    endloop
  endfacet
  facet normal 0 -0 1
    outer loop
      vertex 159 106.732 4
      vertex 173 106.732 4
      vertex 158.845 106.813 4
    endloop
  endfacet
  facet normal -0 0 1
    outer loop
      vertex 151.817 138.905 4
      vertex 158.518 106.932 4
      vertex 152.03 139.068 4
    endloop
  endfacet
  facet normal -0 0 1
    outer loop
      vertex 152.03 139.068 4
      vertex 158.518 106.932 4
      vertex 152.037 139.073 4
    endloop
  endfacet
  facet normal 0 0 1
    outer loop
      vertex 158.684 106.879 4
      vertex 152.037 139.073 4
      vertex 158.518 106.932 4
    endloop
  endfacet
  facet normal -0 0 1
    outer loop
      vertex 152.037 139.073 4
      vertex 158.684 106.879 4
      vertex 152.235 139.254 4
    endloop
  endfacet
  facet normal -0 0 1
    outer loop
      vertex 152.235 139.254 4
      vertex 158.684 106.879 4
      vertex 152.24 139.26 4
    endloop
  endfacet
  facet normal 0 0 1
    outer loop
      vertex 173.653 106.97 4
      vertex 152.595 139.683 4
      vertex 173.482 106.932 4
    endloop
  endfacet
  facet normal -0 0 1
    outer loop
      vertex 152.595 139.683 4
      vertex 173.653 106.97 4
      vertex 152.74 139.909 4
    endloop
  endfacet
  facet normal -0 0 1
    outer loop
      vertex 152.74 139.909 4
      vertex 173.653 106.97 4
      vertex 152.744 139.916 4
    endloop
  endfacet
  facet normal 0 0 1
    outer loop
      vertex 173.826 106.992 4
      vertex 152.744 139.916 4
      vertex 173.653 106.97 4
    endloop
  endfacet
  facet normal 0 0 1
    outer loop
      vertex 174.174 106.992 4
      vertex 152.977 140.416 4
      vertex 174 107 4
    endloop
  endfacet
  facet normal -0 0 1
    outer loop
      vertex 152.98 140.424 4
      vertex 174.174 106.992 4
      vertex 153.06 140.68 4
    endloop
  endfacet
  facet normal 0 0 1
    outer loop
      vertex 153.156 141.224 4
      vertex 215.7 150 4
      vertex 153.157 141.232 4
    endloop
  endfacet
  facet normal 0 0 1
    outer loop
      vertex 153.157 141.232 4
      vertex 215.7 150 4
      vertex 153.168 141.5 4
    endloop
  endfacet
  facet normal 0 0 1
    outer loop
      vertex 215.7 150 4
      vertex 153.157 141.768 4
      vertex 153.168 141.5 4
    endloop
  endfacet
  facet normal 0 0 1
    outer loop
      vertex 215.7 150 4
      vertex 153.156 141.776 4
      vertex 153.157 141.768 4
    endloop
  endfacet
  facet normal 0 0 1
    outer loop
      vertex 215.7 150 4
      vertex 153.155 141.784 4
      vertex 153.156 141.776 4
    endloop
  endfacet
  facet normal 0 0 1
    outer loop
      vertex 215.7 150 4
      vertex 153.12 142.05 4
      vertex 153.155 141.784 4
    endloop
  endfacet
  facet normal 0 0 1
    outer loop
      vertex 215.7 150 4
      vertex 153.119 142.058 4
      vertex 153.12 142.05 4
    endloop
  endfacet
  facet normal 0 0 1
    outer loop
      vertex 215.7 150 4
      vertex 153.06 142.32 4
      vertex 153.119 142.058 4
    endloop
  endfacet
  facet normal 0 0 1
    outer loop
      vertex 215.7 150 4
      vertex 152.98 142.576 4
      vertex 153.06 142.32 4
    endloop
  endfacet
  facet normal 0 0 1
    outer loop
      vertex 215.7 150 4
      vertex 152.977 142.584 4
      vertex 152.98 142.576 4
    endloop
  endfacet
  facet normal 0 0 1
    outer loop
      vertex 215.7 150 4
      vertex 152.974 142.591 4
      vertex 152.977 142.584 4
    endloop
  endfacet
  facet normal 0 0 1
    outer loop
      vertex 215.7 150 4
      vertex 152.872 142.839 4
      vertex 152.974 142.591 4
    endloop
  endfacet
  facet normal 0 0 1
    outer loop
      vertex 215.7 150 4
      vertex 152.748 143.077 4
      vertex 152.872 142.839 4
    endloop
  endfacet
  facet normal 0 0 1
    outer loop
      vertex 215.7 150 4
      vertex 152.744 143.084 4
      vertex 152.748 143.077 4
    endloop
  endfacet
  facet normal 0 0 1
    outer loop
      vertex 215.7 150 4
      vertex 152.74 143.091 4
      vertex 152.744 143.084 4
    endloop
  endfacet
  facet normal 0 0 1
    outer loop
      vertex 215.7 150 4
      vertex 152.595 143.317 4
      vertex 152.74 143.091 4
    endloop
  endfacet
  facet normal 0 0 1
    outer loop
      vertex 215.7 150 4
      vertex 152.432 143.53 4
      vertex 152.595 143.317 4
    endloop
  endfacet
  facet normal 0 0 1
    outer loop
      vertex 215.7 150 4
      vertex 152.427 143.537 4
      vertex 152.432 143.53 4
    endloop
  endfacet
  facet normal 0 0 1
    outer loop
      vertex 215.7 150 4
      vertex 152.246 143.735 4
      vertex 152.427 143.537 4
    endloop
  endfacet
  facet normal 0 0 1
    outer loop
      vertex 215.7 150 4
      vertex 152.24 143.74 4
      vertex 152.246 143.735 4
    endloop
  endfacet
  facet normal 0 0 1
    outer loop
      vertex 215.7 150 4
      vertex 152.235 143.746 4
      vertex 152.24 143.74 4
    endloop
  endfacet
  facet normal 0 0 1
    outer loop
      vertex 215.7 150 4
      vertex 152.037 143.927 4
      vertex 152.235 143.746 4
    endloop
  endfacet
  facet normal 0 0 1
    outer loop
      vertex 215.7 150 4
      vertex 152.03 143.932 4
      vertex 152.037 143.927 4
    endloop
  endfacet
  facet normal 0 0 1
    outer loop
      vertex 215.7 150 4
      vertex 151.817 144.095 4
      vertex 152.03 143.932 4
    endloop
  endfacet
  facet normal 0 0 1
    outer loop
      vertex 215.7 150 4
      vertex 151.591 144.24 4
      vertex 151.817 144.095 4
    endloop
  endfacet
  facet normal 0 0 1
    outer loop
      vertex 215.7 150 4
      vertex 151.584 144.244 4
      vertex 151.591 144.24 4
    endloop
  endfacet
  facet normal 0 0 1
    outer loop
      vertex 215.7 150 4
      vertex 151.577 144.248 4
      vertex 151.584 144.244 4
    endloop
  endfacet
  facet normal 0 0 1
    outer loop
      vertex 215.7 150 4
      vertex 151.339 144.372 4
      vertex 151.577 144.248 4
    endloop
  endfacet
  facet normal 0 0 1
    outer loop
      vertex 215.7 150 4
      vertex 151.091 144.474 4
      vertex 151.339 144.372 4
    endloop
  endfacet
  facet normal 0 0 1
    outer loop
      vertex 215.7 150 4
      vertex 151.084 144.477 4
      vertex 151.091 144.474 4
    endloop
  endfacet
  facet normal 0 0 1
    outer loop
      vertex 215.7 150 4
      vertex 151.076 144.48 4
      vertex 151.084 144.477 4
    endloop
  endfacet
  facet normal 0 0 1
    outer loop
      vertex 215.7 150 4
      vertex 150.82 144.56 4
      vertex 151.076 144.48 4
    endloop
  endfacet
  facet normal 0 0 1
    outer loop
      vertex 215.7 150 4
      vertex 150.558 144.619 4
      vertex 150.82 144.56 4
    endloop
  endfacet
  facet normal 0 0 1
    outer loop
      vertex 215.7 150 4
      vertex 150.55 144.62 4
      vertex 150.558 144.619 4
    endloop
  endfacet
  facet normal 0 0 1
    outer loop
      vertex 215.7 150 4
      vertex 150.284 144.655 4
      vertex 150.55 144.62 4
    endloop
  endfacet
  facet normal 0 0 1
    outer loop
      vertex 215.7 150 4
      vertex 150.276 144.656 4
      vertex 150.284 144.655 4
    endloop
  endfacet
  facet normal 0 0 1
    outer loop
      vertex 215.7 150 4
      vertex 150.268 144.657 4
      vertex 150.276 144.656 4
    endloop
  endfacet
  facet normal 0 0 1
    outer loop
      vertex 215.7 150 4
      vertex 150 144.668 4
      vertex 150.268 144.657 4
    endloop
  endfacet
  facet normal -0 0 1
    outer loop
      vertex 84 150 4
      vertex 150 144.668 4
      vertex 215.7 150 4
    endloop
  endfacet
  facet normal 0 0 1
    outer loop
      vertex 150 144.668 4
      vertex 84 150 4
      vertex 149.732 144.657 4
    endloop
  endfacet
  facet normal 0 0 -1
    outer loop
      vertex 149.724 144.656 4
      vertex 149.45 144.62 4
      vertex 149.716 144.655 4
    endloop
  endfacet
  facet normal 0 0 -1
    outer loop
      vertex 149.45 144.62 4
      vertex 149.18 144.56 4
      vertex 149.442 144.619 4
    endloop
  endfacet
  facet normal 0 0 1
    outer loop
      vertex 148.916 144.477 4
      vertex 148.661 144.372 4
      vertex 148.909 144.474 4
    endloop
  endfacet
  facet normal 0 0 1
    outer loop
      vertex 148.183 144.095 4
      vertex 147.963 143.927 4
      vertex 147.97 143.932 4
    endloop
  endfacet
  facet normal 0 0 -1
    outer loop
      vertex 147.963 143.927 4
      vertex 147.76 143.74 4
      vertex 147.765 143.746 4
    endloop
  endfacet
  facet normal 0 0 -1
    outer loop
      vertex 147.76 143.74 4
      vertex 147.573 143.537 4
      vertex 147.754 143.735 4
    endloop
  endfacet
  facet normal 0 0 1
    outer loop
      vertex 147.573 143.537 4
      vertex 147.405 143.317 4
      vertex 147.568 143.53 4
    endloop
  endfacet
  facet normal 0 0 1
    outer loop
      vertex 147.128 142.839 4
      vertex 147.023 142.584 4
      vertex 147.026 142.591 4
    endloop
  endfacet
  facet normal 0 0 -1
    outer loop
      vertex 146.94 142.32 4
      vertex 146.88 142.05 4
      vertex 146.881 142.058 4
    endloop
  endfacet
  facet normal 0 0 -1
    outer loop
      vertex 146.88 142.05 4
      vertex 146.844 141.776 4
      vertex 146.845 141.784 4
    endloop
  endfacet
  facet normal 0 0 -1
    outer loop
      vertex 146.844 141.776 4
      vertex 146.832 141.5 4
      vertex 146.843 141.768 4
    endloop
  endfacet
  facet normal 0 0 1
    outer loop
      vertex 84 150 4
      vertex 146.832 141.5 4
      vertex 146.844 141.776 4
    endloop
  endfacet
  facet normal 0 0 1
    outer loop
      vertex 146.832 141.5 4
      vertex 143.992 105.174 4
      vertex 144 105 4
    endloop
  endfacet
  facet normal 0 0 1
    outer loop
      vertex 146.832 141.5 4
      vertex 143.97 105.347 4
      vertex 143.992 105.174 4
    endloop
  endfacet
  facet normal 0 0 1
    outer loop
      vertex 146.832 141.5 4
      vertex 143.932 105.518 4
      vertex 143.97 105.347 4
    endloop
  endfacet
  facet normal 0 0 1
    outer loop
      vertex 146.832 141.5 4
      vertex 143.879 105.684 4
      vertex 143.932 105.518 4
    endloop
  endfacet
  facet normal 0 0 1
    outer loop
      vertex 146.832 141.5 4
      vertex 143.813 105.845 4
      vertex 143.879 105.684 4
    endloop
  endfacet
  facet normal 0 0 1
    outer loop
      vertex 146.832 141.5 4
      vertex 143.732 106 4
      vertex 143.813 105.845 4
    endloop
  endfacet
  facet normal 0 0 1
    outer loop
      vertex 146.832 141.5 4
      vertex 143.638 106.147 4
      vertex 143.732 106 4
    endloop
  endfacet
  facet normal 0 0 1
    outer loop
      vertex 146.832 141.5 4
      vertex 143.532 106.286 4
      vertex 143.638 106.147 4
    endloop
  endfacet
  facet normal 0 0 1
    outer loop
      vertex 146.832 141.5 4
      vertex 143.414 106.414 4
      vertex 143.532 106.286 4
    endloop
  endfacet
  facet normal 0 0 1
    outer loop
      vertex 146.832 141.5 4
      vertex 143.286 106.532 4
      vertex 143.414 106.414 4
    endloop
  endfacet
  facet normal 0 0 1
    outer loop
      vertex 146.832 141.5 4
      vertex 143.147 106.638 4
      vertex 143.286 106.532 4
    endloop
  endfacet
  facet normal 0 0 1
    outer loop
      vertex 146.832 141.5 4
      vertex 143 106.732 4
      vertex 143.147 106.638 4
    endloop
  endfacet
  facet normal 0 0 1
    outer loop
      vertex 146.832 141.5 4
      vertex 142.845 106.813 4
      vertex 143 106.732 4
    endloop
  endfacet
  facet normal 0 0 1
    outer loop
      vertex 146.832 141.5 4
      vertex 142.684 106.879 4
      vertex 142.845 106.813 4
    endloop
  endfacet
  facet normal 0 0 1
    outer loop
      vertex 146.832 141.5 4
      vertex 142.518 106.932 4
      vertex 142.684 106.879 4
    endloop
  endfacet
  facet normal 0 0 1
    outer loop
      vertex 146.832 141.5 4
      vertex 142.347 106.97 4
      vertex 142.518 106.932 4
    endloop
  endfacet
  facet normal 0 0 1
    outer loop
      vertex 146.832 141.5 4
      vertex 142.174 106.992 4
      vertex 142.347 106.97 4
    endloop
  endfacet
  facet normal 0 0 1
    outer loop
      vertex 84 150 4
      vertex 146.844 141.776 4
      vertex 146.88 142.05 4
    endloop
  endfacet
  facet normal 0 0 1
    outer loop
      vertex 146.832 141.5 4
      vertex 142 107 4
      vertex 142.174 106.992 4
    endloop
  endfacet
  facet normal 0 0 1
    outer loop
      vertex 146.832 141.5 4
      vertex 141.826 106.992 4
      vertex 142 107 4
    endloop
  endfacet
  facet normal 0 0 1
    outer loop
      vertex 146.832 141.5 4
      vertex 141.653 106.97 4
      vertex 141.826 106.992 4
    endloop
  endfacet
  facet normal 0 0 1
    outer loop
      vertex 146.832 141.5 4
      vertex 141.482 106.932 4
      vertex 141.653 106.97 4
    endloop
  endfacet
  facet normal 0 0 1
    outer loop
      vertex 146.832 141.5 4
      vertex 141.316 106.879 4
      vertex 141.482 106.932 4
    endloop
  endfacet
  facet normal 0 0 1
    outer loop
      vertex 146.832 141.5 4
      vertex 126.684 106.879 4
      vertex 141.316 106.879 4
    endloop
  endfacet
  facet normal 0 0 1
    outer loop
      vertex 141.316 106.879 4
      vertex 126.684 106.879 4
      vertex 141.155 106.813 4
    endloop
  endfacet
  facet normal 0 -0 1
    outer loop
      vertex 126.845 106.813 4
      vertex 141.155 106.813 4
      vertex 126.684 106.879 4
    endloop
  endfacet
  facet normal 0 0 1
    outer loop
      vertex 141.155 106.813 4
      vertex 126.845 106.813 4
      vertex 141 106.732 4
    endloop
  endfacet
  facet normal 0 -0 1
    outer loop
      vertex 127 106.732 4
      vertex 141 106.732 4
      vertex 126.845 106.813 4
    endloop
  endfacet
  facet normal 0 0 1
    outer loop
      vertex 141 106.732 4
      vertex 127 106.732 4
      vertex 140.853 106.638 4
    endloop
  endfacet
  facet normal 0 -0 1
    outer loop
      vertex 127.147 106.638 4
      vertex 140.853 106.638 4
      vertex 127 106.732 4
    endloop
  endfacet
  facet normal 0 -0 1
    outer loop
      vertex 127.286 106.532 4
      vertex 140.714 106.532 4
      vertex 127.147 106.638 4
    endloop
  endfacet
  facet normal 0 0 1
    outer loop
      vertex 140.714 106.532 4
      vertex 127.286 106.532 4
      vertex 140.586 106.414 4
    endloop
  endfacet
  facet normal 0 -0 1
    outer loop
      vertex 127.414 106.414 4
      vertex 140.586 106.414 4
      vertex 127.286 106.532 4
    endloop
  endfacet
  facet normal 0 0 1
    outer loop
      vertex 140.586 106.414 4
      vertex 127.414 106.414 4
      vertex 140.468 106.286 4
    endloop
  endfacet
  facet normal 0 -0 1
    outer loop
      vertex 127.532 106.286 4
      vertex 140.468 106.286 4
      vertex 127.414 106.414 4
    endloop
  endfacet
  facet normal 0 0 1
    outer loop
      vertex 140 105 4
      vertex 128 105 4
      vertex 140 45 4
    endloop
  endfacet
  facet normal 0 0 1
    outer loop
      vertex 140.008 105.174 4
      vertex 128 105 4
      vertex 140 105 4
    endloop
  endfacet
  facet normal 0 0 1
    outer loop
      vertex 127.992 105.174 4
      vertex 140.008 105.174 4
      vertex 140.03 105.347 4
    endloop
  endfacet
  facet normal 0 0 1
    outer loop
      vertex 140.468 106.286 4
      vertex 127.532 106.286 4
      vertex 140.362 106.147 4
    endloop
  endfacet
  facet normal 0 0 1
    outer loop
      vertex 84 150 4
      vertex 146.88 142.05 4
      vertex 146.94 142.32 4
    endloop
  endfacet
  facet normal 0 0 1
    outer loop
      vertex 84 150 4
      vertex 146.94 142.32 4
      vertex 147.02 142.576 4
    endloop
  endfacet
  facet normal 0 0 1
    outer loop
      vertex 84 150 4
      vertex 147.02 142.576 4
      vertex 147.023 142.584 4
    endloop
  endfacet
  facet normal 0 0 1
    outer loop
      vertex 84 150 4
      vertex 147.023 142.584 4
      vertex 147.128 142.839 4
    endloop
  endfacet
  facet normal 0 0 1
    outer loop
      vertex 140.008 105.174 4
      vertex 127.992 105.174 4
      vertex 128 105 4
    endloop
  endfacet
  facet normal 0 0 1
    outer loop
      vertex 140.03 105.347 4
      vertex 127.97 105.347 4
      vertex 127.992 105.174 4
    endloop
  endfacet
  facet normal 0 0 1
    outer loop
      vertex 140.03 105.347 4
      vertex 127.932 105.518 4
      vertex 127.97 105.347 4
    endloop
  endfacet
  facet normal 0 0 1
    outer loop
      vertex 140.068 105.518 4
      vertex 127.932 105.518 4
      vertex 140.03 105.347 4
    endloop
  endfacet
  facet normal 0 -0 1
    outer loop
      vertex 127.932 105.518 4
      vertex 140.068 105.518 4
      vertex 127.879 105.684 4
    endloop
  endfacet
  facet normal 0 0 1
    outer loop
      vertex 84 150 4
      vertex 147.128 142.839 4
      vertex 147.252 143.077 4
    endloop
  endfacet
  facet normal 0 0 1
    outer loop
      vertex 84 150 4
      vertex 147.252 143.077 4
      vertex 147.256 143.084 4
    endloop
  endfacet
  facet normal 0 0 1
    outer loop
      vertex 140.121 105.684 4
      vertex 127.879 105.684 4
      vertex 140.068 105.518 4
    endloop
  endfacet
  facet normal 0 -0 1
    outer loop
      vertex 127.879 105.684 4
      vertex 140.121 105.684 4
      vertex 127.813 105.845 4
    endloop
  endfacet
  facet normal 0 0 1
    outer loop
      vertex 140.187 105.845 4
      vertex 127.813 105.845 4
      vertex 140.121 105.684 4
    endloop
  endfacet
  facet normal 0 -0 1
    outer loop
      vertex 127.813 105.845 4
      vertex 140.187 105.845 4
      vertex 127.732 106 4
    endloop
  endfacet
  facet normal 0 0 1
    outer loop
      vertex 140.268 106 4
      vertex 127.732 106 4
      vertex 140.187 105.845 4
    endloop
  endfacet
  facet normal 0 -0 1
    outer loop
      vertex 127.732 106 4
      vertex 140.268 106 4
      vertex 127.638 106.147 4
    endloop
  endfacet
  facet normal 0 0 1
    outer loop
      vertex 140.362 106.147 4
      vertex 127.638 106.147 4
      vertex 140.268 106 4
    endloop
  endfacet
  facet normal 0 -0 1
    outer loop
      vertex 127.638 106.147 4
      vertex 140.362 106.147 4
      vertex 127.532 106.286 4
    endloop
  endfacet
  facet normal 0 0 1
    outer loop
      vertex 140.853 106.638 4
      vertex 127.147 106.638 4
      vertex 140.714 106.532 4
    endloop
  endfacet
  facet normal 0 0 1
    outer loop
      vertex 146.832 141.5 4
      vertex 126.518 106.932 4
      vertex 126.684 106.879 4
    endloop
  endfacet
  facet normal 0 0 1
    outer loop
      vertex 146.832 141.5 4
      vertex 126.347 106.97 4
      vertex 126.518 106.932 4
    endloop
  endfacet
  facet normal 0 0 1
    outer loop
      vertex 146.832 141.5 4
      vertex 126.174 106.992 4
      vertex 126.347 106.97 4
    endloop
  endfacet
  facet normal 0 0 1
    outer loop
      vertex 146.832 141.5 4
      vertex 126 107 4
      vertex 126.174 106.992 4
    endloop
  endfacet
  facet normal 0 0 1
    outer loop
      vertex 146.832 141.5 4
      vertex 125.826 106.992 4
      vertex 126 107 4
    endloop
  endfacet
  facet normal 0 0 1
    outer loop
      vertex 146.832 141.5 4
      vertex 125.653 106.97 4
      vertex 125.826 106.992 4
    endloop
  endfacet
  facet normal 0 0 1
    outer loop
      vertex 146.832 141.5 4
      vertex 125.482 106.932 4
      vertex 125.653 106.97 4
    endloop
  endfacet
  facet normal 0 0 1
    outer loop
      vertex 146.832 141.5 4
      vertex 110.518 106.932 4
      vertex 125.482 106.932 4
    endloop
  endfacet
  facet normal 0 0 1
    outer loop
      vertex 125.482 106.932 4
      vertex 110.518 106.932 4
      vertex 125.316 106.879 4
    endloop
  endfacet
  facet normal 0 -0 1
    outer loop
      vertex 110.684 106.879 4
      vertex 125.316 106.879 4
      vertex 110.518 106.932 4
    endloop
  endfacet
  facet normal 0 0 1
    outer loop
      vertex 125.316 106.879 4
      vertex 110.684 106.879 4
      vertex 125.155 106.813 4
    endloop
  endfacet
  facet normal 0 -0 1
    outer loop
      vertex 110.845 106.813 4
      vertex 125.155 106.813 4
      vertex 110.684 106.879 4
    endloop
  endfacet
  facet normal 0 0 1
    outer loop
      vertex 125.155 106.813 4
      vertex 110.845 106.813 4
      vertex 125 106.732 4
    endloop
  endfacet
  facet normal 0 -0 1
    outer loop
      vertex 111 106.732 4
      vertex 125 106.732 4
      vertex 110.845 106.813 4
    endloop
  endfacet
  facet normal 0 0 1
    outer loop
      vertex 125 106.732 4
      vertex 111 106.732 4
      vertex 124.853 106.638 4
    endloop
  endfacet
  facet normal 0 -0 1
    outer loop
      vertex 111.147 106.638 4
      vertex 124.853 106.638 4
      vertex 111 106.732 4
    endloop
  endfacet
  facet normal 0 0 1
    outer loop
      vertex 112 45 4
      vertex 124 45 4
      vertex 124 105 4
    endloop
  endfacet
  facet normal 0 0 1
    outer loop
      vertex 112 105 4
      vertex 124 105 4
      vertex 124.008 105.174 4
    endloop
  endfacet
  facet normal 0 0 1
    outer loop
      vertex 111.992 44.8257 4
      vertex 124 45 4
      vertex 112 45 4
    endloop
  endfacet
  facet normal 0 0 1
    outer loop
      vertex 124 105 4
      vertex 112 105 4
      vertex 112 45 4
    endloop
  endfacet
  facet normal 0 0 1
    outer loop
      vertex 111.992 105.174 4
      vertex 124.008 105.174 4
      vertex 124.03 105.347 4
    endloop
  endfacet
  facet normal 0 0 1
    outer loop
      vertex 111.97 105.347 4
      vertex 124.03 105.347 4
      vertex 124.068 105.518 4
    endloop
  endfacet
  facet normal 0 0 1
    outer loop
      vertex 111.932 105.518 4
      vertex 124.068 105.518 4
      vertex 124.121 105.684 4
    endloop
  endfacet
  facet normal 0 0 1
    outer loop
      vertex 111.879 105.684 4
      vertex 124.121 105.684 4
      vertex 124.187 105.845 4
    endloop
  endfacet
  facet normal 0 0 1
    outer loop
      vertex 111.813 105.845 4
      vertex 124.187 105.845 4
      vertex 124.268 106 4
    endloop
  endfacet
  facet normal 0 -0 1
    outer loop
      vertex 111.286 106.532 4
      vertex 124.714 106.532 4
      vertex 111.147 106.638 4
    endloop
  endfacet
  facet normal 0 0 1
    outer loop
      vertex 84 150 4
      vertex 147.256 143.084 4
      vertex 147.26 143.091 4
    endloop
  endfacet
  facet normal 0 0 1
    outer loop
      vertex 84 150 4
      vertex 147.26 143.091 4
      vertex 147.405 143.317 4
    endloop
  endfacet
  facet normal 0 0 1
    outer loop
      vertex 84 150 4
      vertex 147.405 143.317 4
      vertex 147.573 143.537 4
    endloop
  endfacet
  facet normal 0 0 1
    outer loop
      vertex 84 150 4
      vertex 147.573 143.537 4
      vertex 147.76 143.74 4
    endloop
  endfacet
  facet normal 0 0 1
    outer loop
      vertex 124.008 105.174 4
      vertex 111.992 105.174 4
      vertex 112 105 4
    endloop
  endfacet
  facet normal 0 0 1
    outer loop
      vertex 124.03 105.347 4
      vertex 111.97 105.347 4
      vertex 111.992 105.174 4
    endloop
  endfacet
  facet normal 0 0 1
    outer loop
      vertex 124.068 105.518 4
      vertex 111.932 105.518 4
      vertex 111.97 105.347 4
    endloop
  endfacet
  facet normal 0 0 1
    outer loop
      vertex 124.121 105.684 4
      vertex 111.879 105.684 4
      vertex 111.932 105.518 4
    endloop
  endfacet
  facet normal 0 0 1
    outer loop
      vertex 124.187 105.845 4
      vertex 111.813 105.845 4
      vertex 111.879 105.684 4
    endloop
  endfacet
  facet normal 0 0 1
    outer loop
      vertex 124.268 106 4
      vertex 111.732 106 4
      vertex 111.813 105.845 4
    endloop
  endfacet
  facet normal 0 0 1
    outer loop
      vertex 124.268 106 4
      vertex 111.638 106.147 4
      vertex 111.732 106 4
    endloop
  endfacet
  facet normal 0 0 1
    outer loop
      vertex 124.362 106.147 4
      vertex 111.638 106.147 4
      vertex 124.268 106 4
    endloop
  endfacet
  facet normal 0 -0 1
    outer loop
      vertex 111.638 106.147 4
      vertex 124.362 106.147 4
      vertex 111.532 106.286 4
    endloop
  endfacet
  facet normal 0 0 1
    outer loop
      vertex 124.468 106.286 4
      vertex 111.532 106.286 4
      vertex 124.362 106.147 4
    endloop
  endfacet
  facet normal 0 -0 1
    outer loop
      vertex 111.532 106.286 4
      vertex 124.468 106.286 4
      vertex 111.414 106.414 4
    endloop
  endfacet
  facet normal 0 0 1
    outer loop
      vertex 124.586 106.414 4
      vertex 111.414 106.414 4
      vertex 124.468 106.286 4
    endloop
  endfacet
  facet normal 0 -0 1
    outer loop
      vertex 111.414 106.414 4
      vertex 124.586 106.414 4
      vertex 111.286 106.532 4
    endloop
  endfacet
  facet normal 0 0 1
    outer loop
      vertex 124.714 106.532 4
      vertex 111.286 106.532 4
      vertex 124.586 106.414 4
    endloop
  endfacet
  facet normal 0 0 1
    outer loop
      vertex 124.853 106.638 4
      vertex 111.147 106.638 4
      vertex 124.714 106.532 4
    endloop
  endfacet
  facet normal 0 0 1
    outer loop
      vertex 146.832 141.5 4
      vertex 110.347 106.97 4
      vertex 110.518 106.932 4
    endloop
  endfacet
  facet normal 0 0 1
    outer loop
      vertex 146.832 141.5 4
      vertex 84 150 4
      vertex 110.347 106.97 4
    endloop
  endfacet
  facet normal 0 0 1
    outer loop
      vertex 110.347 106.97 4
      vertex 84 150 4
      vertex 110.174 106.992 4
    endloop
  endfacet
  facet normal 0 0 1
    outer loop
      vertex 110.174 106.992 4
      vertex 84 150 4
      vertex 110 107 4
    endloop
  endfacet
  facet normal 0 0 1
    outer loop
      vertex 110 107 4
      vertex 84 150 4
      vertex 109.826 106.992 4
    endloop
  endfacet
  facet normal 0 0 1
    outer loop
      vertex 109.826 106.992 4
      vertex 84 150 4
      vertex 109.653 106.97 4
    endloop
  endfacet
  facet normal 0 0 1
    outer loop
      vertex 109.653 106.97 4
      vertex 84 150 4
      vertex 109.482 106.932 4
    endloop
  endfacet
  facet normal 0 -0 1
    outer loop
      vertex 94.5176 106.932 4
      vertex 109.482 106.932 4
      vertex 84 150 4
    endloop
  endfacet
  facet normal 0 0 1
    outer loop
      vertex 109.482 106.932 4
      vertex 94.5176 106.932 4
      vertex 109.316 106.879 4
    endloop
  endfacet
  facet normal 0 -0 1
    outer loop
      vertex 94.684 106.879 4
      vertex 109.316 106.879 4
      vertex 94.5176 106.932 4
    endloop
  endfacet
  facet normal 0 0 1
    outer loop
      vertex 109.316 106.879 4
      vertex 94.684 106.879 4
      vertex 109.155 106.813 4
    endloop
  endfacet
  facet normal 0 0 1
    outer loop
      vertex 109.155 106.813 4
      vertex 94.8452 106.813 4
      vertex 109 106.732 4
    endloop
  endfacet
  facet normal 0 0 1
    outer loop
      vertex 108 105 4
      vertex 96 105 4
      vertex 108 45 4
    endloop
  endfacet
  facet normal 0 0 1
    outer loop
      vertex 108.008 105.174 4
      vertex 96 105 4
      vertex 108 105 4
    endloop
  endfacet
  facet normal 0 0 1
    outer loop
      vertex 95.9924 105.174 4
      vertex 108.008 105.174 4
      vertex 108.03 105.347 4
    endloop
  endfacet
  facet normal 0 0 1
    outer loop
      vertex 95.9696 105.347 4
      vertex 108.03 105.347 4
      vertex 108.068 105.518 4
    endloop
  endfacet
  facet normal 0 0 1
    outer loop
      vertex 95.9319 105.518 4
      vertex 108.068 105.518 4
      vertex 108.121 105.684 4
    endloop
  endfacet
  facet normal 0 0 1
    outer loop
      vertex 95.8794 105.684 4
      vertex 108.121 105.684 4
      vertex 108.187 105.845 4
    endloop
  endfacet
  facet normal 0 0 1
    outer loop
      vertex 95.8126 105.845 4
      vertex 108.187 105.845 4
      vertex 108.268 106 4
    endloop
  endfacet
  facet normal 0 0 1
    outer loop
      vertex 95.732 106 4
      vertex 108.268 106 4
      vertex 108.362 106.147 4
    endloop
  endfacet
  facet normal 0 0 1
    outer loop
      vertex 95.6383 106.147 4
      vertex 108.362 106.147 4
      vertex 108.468 106.286 4
    endloop
  endfacet
  facet normal 0 0 1
    outer loop
      vertex 95.5321 106.286 4
      vertex 108.468 106.286 4
      vertex 108.586 106.414 4
    endloop
  endfacet
  facet normal 0 -0 1
    outer loop
      vertex 95 106.732 4
      vertex 109 106.732 4
      vertex 94.8452 106.813 4
    endloop
  endfacet
  facet normal 0 0 1
    outer loop
      vertex 84 150 4
      vertex 147.76 143.74 4
      vertex 147.963 143.927 4
    endloop
  endfacet
  facet normal 0 0 1
    outer loop
      vertex 84 150 4
      vertex 147.963 143.927 4
      vertex 148.183 144.095 4
    endloop
  endfacet
  facet normal 0 0 1
    outer loop
      vertex 108.008 105.174 4
      vertex 95.9924 105.174 4
      vertex 96 105 4
    endloop
  endfacet
  facet normal 0 0 1
    outer loop
      vertex 108.03 105.347 4
      vertex 95.9696 105.347 4
      vertex 95.9924 105.174 4
    endloop
  endfacet
  facet normal 0 0 1
    outer loop
      vertex 108.068 105.518 4
      vertex 95.9319 105.518 4
      vertex 95.9696 105.347 4
    endloop
  endfacet
  facet normal 0 0 1
    outer loop
      vertex 108.121 105.684 4
      vertex 95.8794 105.684 4
      vertex 95.9319 105.518 4
    endloop
  endfacet
  facet normal 0 0 1
    outer loop
      vertex 108.187 105.845 4
      vertex 95.8126 105.845 4
      vertex 95.8794 105.684 4
    endloop
  endfacet
  facet normal 0 0 1
    outer loop
      vertex 108.268 106 4
      vertex 95.732 106 4
      vertex 95.8126 105.845 4
    endloop
  endfacet
  facet normal 0 0 1
    outer loop
      vertex 108.362 106.147 4
      vertex 95.6383 106.147 4
      vertex 95.732 106 4
    endloop
  endfacet
  facet normal 0 0 1
    outer loop
      vertex 108.468 106.286 4
      vertex 95.5321 106.286 4
      vertex 95.6383 106.147 4
    endloop
  endfacet
  facet normal 0 0 1
    outer loop
      vertex 108.586 106.414 4
      vertex 95.4142 106.414 4
      vertex 95.5321 106.286 4
    endloop
  endfacet
  facet normal 0 0 1
    outer loop
      vertex 108.586 106.414 4
      vertex 95.2856 106.532 4
      vertex 95.4142 106.414 4
    endloop
  endfacet
  facet normal 0 0 1
    outer loop
      vertex 108.714 106.532 4
      vertex 95.2856 106.532 4
      vertex 108.586 106.414 4
    endloop
  endfacet
  facet normal 0 0 1
    outer loop
      vertex 109 106.732 4
      vertex 95 106.732 4
      vertex 108.853 106.638 4
    endloop
  endfacet
  facet normal 0 -0 1
    outer loop
      vertex 95.2856 106.532 4
      vertex 108.714 106.532 4
      vertex 95.1472 106.638 4
    endloop
  endfacet
  facet normal 0 0 1
    outer loop
      vertex 108.853 106.638 4
      vertex 95.1472 106.638 4
      vertex 108.714 106.532 4
    endloop
  endfacet
  facet normal 0 -0 1
    outer loop
      vertex 95.1472 106.638 4
      vertex 108.853 106.638 4
      vertex 95 106.732 4
    endloop
  endfacet
  facet normal 0 -0 1
    outer loop
      vertex 94.8452 106.813 4
      vertex 109.155 106.813 4
      vertex 94.684 106.879 4
    endloop
  endfacet
  facet normal 0 0 1
    outer loop
      vertex 94.5176 106.932 4
      vertex 84 150 4
      vertex 94.3473 106.97 4
    endloop
  endfacet
  facet normal 0 0 1
    outer loop
      vertex 94.3473 106.97 4
      vertex 84 150 4
      vertex 94.1743 106.992 4
    endloop
  endfacet
  facet normal 0 0 1
    outer loop
      vertex 94.1743 106.992 4
      vertex 84 150 4
      vertex 94 107 4
    endloop
  endfacet
  facet normal 0 0 1
    outer loop
      vertex 94 107 4
      vertex 84 150 4
      vertex 93.8257 106.992 4
    endloop
  endfacet
  facet normal 0 0 1
    outer loop
      vertex 93.8257 106.992 4
      vertex 84 150 4
      vertex 93.6527 106.97 4
    endloop
  endfacet
  facet normal 0 0 1
    outer loop
      vertex 93.6527 106.97 4
      vertex 84 150 4
      vertex 93.4824 106.932 4
    endloop
  endfacet
  facet normal 0 0 1
    outer loop
      vertex 93.4824 106.932 4
      vertex 84 150 4
      vertex 93.316 106.879 4
    endloop
  endfacet
  facet normal 0 0 1
    outer loop
      vertex 93.316 106.879 4
      vertex 84 150 4
      vertex 93.1548 106.813 4
    endloop
  endfacet
  facet normal 0 0 1
    outer loop
      vertex 93.1548 106.813 4
      vertex 84 150 4
      vertex 93 106.732 4
    endloop
  endfacet
  facet normal 0 0 1
    outer loop
      vertex 92 105 4
      vertex 84 150 4
      vertex 92 45 4
    endloop
  endfacet
  facet normal 0 0 1
    outer loop
      vertex 92.0076 105.174 4
      vertex 84 150 4
      vertex 92 105 4
    endloop
  endfacet
  facet normal 0 0 1
    outer loop
      vertex 92.0304 105.347 4
      vertex 84 150 4
      vertex 92.0076 105.174 4
    endloop
  endfacet
  facet normal 0 0 1
    outer loop
      vertex 92.0681 105.518 4
      vertex 84 150 4
      vertex 92.0304 105.347 4
    endloop
  endfacet
  facet normal 0 0 1
    outer loop
      vertex 92.1206 105.684 4
      vertex 84 150 4
      vertex 92.0681 105.518 4
    endloop
  endfacet
  facet normal 0 0 1
    outer loop
      vertex 92.1874 105.845 4
      vertex 84 150 4
      vertex 92.1206 105.684 4
    endloop
  endfacet
  facet normal 0 0 1
    outer loop
      vertex 92.268 106 4
      vertex 84 150 4
      vertex 92.1874 105.845 4
    endloop
  endfacet
  facet normal 0 0 1
    outer loop
      vertex 92.3617 106.147 4
      vertex 84 150 4
      vertex 92.268 106 4
    endloop
  endfacet
  facet normal 0 0 1
    outer loop
      vertex 92.4679 106.286 4
      vertex 84 150 4
      vertex 92.3617 106.147 4
    endloop
  endfacet
  facet normal 0 0 1
    outer loop
      vertex 92.5858 106.414 4
      vertex 84 150 4
      vertex 92.4679 106.286 4
    endloop
  endfacet
  facet normal 0 0 1
    outer loop
      vertex 92.7144 106.532 4
      vertex 84 150 4
      vertex 92.5858 106.414 4
    endloop
  endfacet
  facet normal 0 0 1
    outer loop
      vertex 92.8528 106.638 4
      vertex 84 150 4
      vertex 92.7144 106.532 4
    endloop
  endfacet
  facet normal 0 0 1
    outer loop
      vertex 93 106.732 4
      vertex 84 150 4
      vertex 92.8528 106.638 4
    endloop
  endfacet
  facet normal 0 0 1
    outer loop
      vertex 148.409 144.24 4
      vertex 84 150 4
      vertex 148.183 144.095 4
    endloop
  endfacet
  facet normal 0 0 1
    outer loop
      vertex 148.416 144.244 4
      vertex 84 150 4
      vertex 148.409 144.24 4
    endloop
  endfacet
  facet normal 0 0 1
    outer loop
      vertex 148.423 144.248 4
      vertex 84 150 4
      vertex 148.416 144.244 4
    endloop
  endfacet
  facet normal 0 0 1
    outer loop
      vertex 148.661 144.372 4
      vertex 84 150 4
      vertex 148.423 144.248 4
    endloop
  endfacet
  facet normal 0 0 1
    outer loop
      vertex 148.916 144.477 4
      vertex 84 150 4
      vertex 148.661 144.372 4
    endloop
  endfacet
  facet normal 0 0 1
    outer loop
      vertex 148.924 144.48 4
      vertex 84 150 4
      vertex 148.916 144.477 4
    endloop
  endfacet
  facet normal 0 0 1
    outer loop
      vertex 149.18 144.56 4
      vertex 84 150 4
      vertex 148.924 144.48 4
    endloop
  endfacet
  facet normal 0 0 1
    outer loop
      vertex 149.45 144.62 4
      vertex 84 150 4
      vertex 149.18 144.56 4
    endloop
  endfacet
  facet normal 0 0 1
    outer loop
      vertex 149.724 144.656 4
      vertex 84 150 4
      vertex 149.45 144.62 4
    endloop
  endfacet
  facet normal 0 0 1
    outer loop
      vertex 149.732 144.657 4
      vertex 84 150 4
      vertex 149.724 144.656 4
    endloop
  endfacet
  facet normal -0 0 1
    outer loop
      vertex 208 45 4
      vertex 215.7 0 4
      vertex 208 105 4
    endloop
  endfacet
  facet normal -0 0 1
    outer loop
      vertex 207.992 44.8257 4
      vertex 215.7 0 4
      vertex 208 45 4
    endloop
  endfacet
  facet normal -0 0 1
    outer loop
      vertex 207.97 44.6527 4
      vertex 215.7 0 4
      vertex 207.992 44.8257 4
    endloop
  endfacet
  facet normal -0 0 1
    outer loop
      vertex 207.932 44.4824 4
      vertex 215.7 0 4
      vertex 207.97 44.6527 4
    endloop
  endfacet
  facet normal -0 0 1
    outer loop
      vertex 207.879 44.316 4
      vertex 215.7 0 4
      vertex 207.932 44.4824 4
    endloop
  endfacet
  facet normal -0 0 1
    outer loop
      vertex 207.813 44.1548 4
      vertex 215.7 0 4
      vertex 207.879 44.316 4
    endloop
  endfacet
  facet normal -0 0 1
    outer loop
      vertex 207.732 44 4
      vertex 215.7 0 4
      vertex 207.813 44.1548 4
    endloop
  endfacet
  facet normal -0 0 1
    outer loop
      vertex 207.638 43.8528 4
      vertex 215.7 0 4
      vertex 207.732 44 4
    endloop
  endfacet
  facet normal -0 0 1
    outer loop
      vertex 207.532 43.7144 4
      vertex 215.7 0 4
      vertex 207.638 43.8528 4
    endloop
  endfacet
  facet normal -0 0 1
    outer loop
      vertex 207.414 43.5858 4
      vertex 215.7 0 4
      vertex 207.532 43.7144 4
    endloop
  endfacet
  facet normal -0 0 1
    outer loop
      vertex 207.286 43.4679 4
      vertex 215.7 0 4
      vertex 207.414 43.5858 4
    endloop
  endfacet
  facet normal -0 0 1
    outer loop
      vertex 207.147 43.3617 4
      vertex 215.7 0 4
      vertex 207.286 43.4679 4
    endloop
  endfacet
  facet normal -0 0 1
    outer loop
      vertex 207 43.2679 4
      vertex 215.7 0 4
      vertex 207.147 43.3617 4
    endloop
  endfacet
  facet normal -0 0 1
    outer loop
      vertex 206.845 43.1874 4
      vertex 215.7 0 4
      vertex 207 43.2679 4
    endloop
  endfacet
  facet normal -0 0 1
    outer loop
      vertex 206.684 43.1206 4
      vertex 215.7 0 4
      vertex 206.845 43.1874 4
    endloop
  endfacet
  facet normal -0 0 1
    outer loop
      vertex 206.518 43.0681 4
      vertex 215.7 0 4
      vertex 206.684 43.1206 4
    endloop
  endfacet
  facet normal -0 0 1
    outer loop
      vertex 206.347 43.0304 4
      vertex 215.7 0 4
      vertex 206.518 43.0681 4
    endloop
  endfacet
  facet normal -0 0 1
    outer loop
      vertex 206.174 43.0076 4
      vertex 215.7 0 4
      vertex 206.347 43.0304 4
    endloop
  endfacet
  facet normal -0 0 1
    outer loop
      vertex 206 43 4
      vertex 215.7 0 4
      vertex 206.174 43.0076 4
    endloop
  endfacet
  facet normal 0 0 1
    outer loop
      vertex 205.826 43.0076 4
      vertex 215.7 0 4
      vertex 206 43 4
    endloop
  endfacet
  facet normal 0 0 1
    outer loop
      vertex 205.653 43.0304 4
      vertex 215.7 0 4
      vertex 205.826 43.0076 4
    endloop
  endfacet
  facet normal 0 0 1
    outer loop
      vertex 180 28 4
      vertex 205.653 43.0304 4
      vertex 205.482 43.0681 4
    endloop
  endfacet
  facet normal 0 0 1
    outer loop
      vertex 180 28 4
      vertex 205.482 43.0681 4
      vertex 205.316 43.1206 4
    endloop
  endfacet
  facet normal 0 0 1
    outer loop
      vertex 180 28 4
      vertex 205.316 43.1206 4
      vertex 205.155 43.1874 4
    endloop
  endfacet
  facet normal 0 0 1
    outer loop
      vertex 190.845 43.1874 4
      vertex 205.155 43.1874 4
      vertex 205 43.2679 4
    endloop
  endfacet
  facet normal 0 0 1
    outer loop
      vertex 191 43.2679 4
      vertex 205 43.2679 4
      vertex 204.853 43.3617 4
    endloop
  endfacet
  facet normal 0 0 1
    outer loop
      vertex 191.147 43.3617 4
      vertex 204.853 43.3617 4
      vertex 204.714 43.4679 4
    endloop
  endfacet
  facet normal 0 0 1
    outer loop
      vertex 191.286 43.4679 4
      vertex 204.714 43.4679 4
      vertex 204.586 43.5858 4
    endloop
  endfacet
  facet normal 0 0 1
    outer loop
      vertex 191.414 43.5858 4
      vertex 204.586 43.5858 4
      vertex 204.468 43.7144 4
    endloop
  endfacet
  facet normal 0 0 1
    outer loop
      vertex 191.532 43.7144 4
      vertex 204.468 43.7144 4
      vertex 204.362 43.8528 4
    endloop
  endfacet
  facet normal 0 0 1
    outer loop
      vertex 191.638 43.8528 4
      vertex 204.362 43.8528 4
      vertex 204.268 44 4
    endloop
  endfacet
  facet normal 0 0 1
    outer loop
      vertex 191.732 44 4
      vertex 204.268 44 4
      vertex 204.187 44.1548 4
    endloop
  endfacet
  facet normal 0 0 1
    outer loop
      vertex 191.813 44.1548 4
      vertex 204.187 44.1548 4
      vertex 204.121 44.316 4
    endloop
  endfacet
  facet normal 0 0 1
    outer loop
      vertex 191.879 44.316 4
      vertex 204.121 44.316 4
      vertex 204.068 44.4824 4
    endloop
  endfacet
  facet normal 0 0 1
    outer loop
      vertex 192 45 4
      vertex 204 45 4
      vertex 192 105 4
    endloop
  endfacet
  facet normal 0 0 1
    outer loop
      vertex 204 45 4
      vertex 192 45 4
      vertex 204.008 44.8257 4
    endloop
  endfacet
  facet normal 0 0 1
    outer loop
      vertex 191.992 44.8257 4
      vertex 204.008 44.8257 4
      vertex 192 45 4
    endloop
  endfacet
  facet normal 0 0 1
    outer loop
      vertex 204.008 44.8257 4
      vertex 191.992 44.8257 4
      vertex 204.03 44.6527 4
    endloop
  endfacet
  facet normal 0 0 1
    outer loop
      vertex 191.97 44.6527 4
      vertex 204.03 44.6527 4
      vertex 191.992 44.8257 4
    endloop
  endfacet
  facet normal 0 0 1
    outer loop
      vertex 204.03 44.6527 4
      vertex 191.97 44.6527 4
      vertex 204.068 44.4824 4
    endloop
  endfacet
  facet normal 0 0 1
    outer loop
      vertex 191.932 44.4824 4
      vertex 204.068 44.4824 4
      vertex 191.97 44.6527 4
    endloop
  endfacet
  facet normal 0 0 1
    outer loop
      vertex 191.879 44.316 4
      vertex 204.068 44.4824 4
      vertex 191.932 44.4824 4
    endloop
  endfacet
  facet normal 0 0 1
    outer loop
      vertex 204.121 44.316 4
      vertex 191.879 44.316 4
      vertex 191.813 44.1548 4
    endloop
  endfacet
  facet normal 0 0 1
    outer loop
      vertex 204.187 44.1548 4
      vertex 191.813 44.1548 4
      vertex 191.732 44 4
    endloop
  endfacet
  facet normal 0 0 1
    outer loop
      vertex 204.268 44 4
      vertex 191.732 44 4
      vertex 191.638 43.8528 4
    endloop
  endfacet
  facet normal 0 0 1
    outer loop
      vertex 204.362 43.8528 4
      vertex 191.638 43.8528 4
      vertex 191.532 43.7144 4
    endloop
  endfacet
  facet normal 0 0 1
    outer loop
      vertex 204.468 43.7144 4
      vertex 191.532 43.7144 4
      vertex 191.414 43.5858 4
    endloop
  endfacet
  facet normal 0 0 1
    outer loop
      vertex 204.586 43.5858 4
      vertex 191.414 43.5858 4
      vertex 191.286 43.4679 4
    endloop
  endfacet
  facet normal 0 0 1
    outer loop
      vertex 204.714 43.4679 4
      vertex 191.286 43.4679 4
      vertex 191.147 43.3617 4
    endloop
  endfacet
  facet normal 0 0 1
    outer loop
      vertex 204.853 43.3617 4
      vertex 191.147 43.3617 4
      vertex 191 43.2679 4
    endloop
  endfacet
  facet normal 0 0 1
    outer loop
      vertex 205 43.2679 4
      vertex 191 43.2679 4
      vertex 190.845 43.1874 4
    endloop
  endfacet
  facet normal 0 0 1
    outer loop
      vertex 205.155 43.1874 4
      vertex 190.845 43.1874 4
      vertex 180 28 4
    endloop
  endfacet
  facet normal 0 0 1
    outer loop
      vertex 180 28 4
      vertex 190.845 43.1874 4
      vertex 190.684 43.1206 4
    endloop
  endfacet
  facet normal 0 0 1
    outer loop
      vertex 180 28 4
      vertex 190.684 43.1206 4
      vertex 190.518 43.0681 4
    endloop
  endfacet
  facet normal 0 0 1
    outer loop
      vertex 180 28 4
      vertex 190.518 43.0681 4
      vertex 190.347 43.0304 4
    endloop
  endfacet
  facet normal 0 0 1
    outer loop
      vertex 180 28 4
      vertex 190.347 43.0304 4
      vertex 190.174 43.0076 4
    endloop
  endfacet
  facet normal 0 0 1
    outer loop
      vertex 180 28 4
      vertex 190.174 43.0076 4
      vertex 190 43 4
    endloop
  endfacet
  facet normal 0 0 1
    outer loop
      vertex 180 28 4
      vertex 190 43 4
      vertex 189.826 43.0076 4
    endloop
  endfacet
  facet normal 0 0 1
    outer loop
      vertex 180 28 4
      vertex 189.826 43.0076 4
      vertex 189.653 43.0304 4
    endloop
  endfacet
  facet normal 0 0 1
    outer loop
      vertex 180 28 4
      vertex 189.653 43.0304 4
      vertex 189.482 43.0681 4
    endloop
  endfacet
  facet normal 0 0 1
    outer loop
      vertex 180 28 4
      vertex 189.482 43.0681 4
      vertex 189.316 43.1206 4
    endloop
  endfacet
  facet normal 0 0 1
    outer loop
      vertex 180 28 4
      vertex 189.316 43.1206 4
      vertex 189.155 43.1874 4
    endloop
  endfacet
  facet normal 0 0 1
    outer loop
      vertex 180 28 4
      vertex 189.155 43.1874 4
      vertex 189 43.2679 4
    endloop
  endfacet
  facet normal 0 0 1
    outer loop
      vertex 180 28 4
      vertex 189 43.2679 4
      vertex 188.853 43.3617 4
    endloop
  endfacet
  facet normal 0 0 1
    outer loop
      vertex 180 28 4
      vertex 188.853 43.3617 4
      vertex 188.714 43.4679 4
    endloop
  endfacet
  facet normal 0 0 1
    outer loop
      vertex 180 28 4
      vertex 188.714 43.4679 4
      vertex 188.586 43.5858 4
    endloop
  endfacet
  facet normal 0 0 1
    outer loop
      vertex 180 28 4
      vertex 188.586 43.5858 4
      vertex 188.468 43.7144 4
    endloop
  endfacet
  facet normal 0 0 1
    outer loop
      vertex 180 28 4
      vertex 188.468 43.7144 4
      vertex 188.362 43.8528 4
    endloop
  endfacet
  facet normal 0 0 1
    outer loop
      vertex 180 28 4
      vertex 188.362 43.8528 4
      vertex 188.268 44 4
    endloop
  endfacet
  facet normal 0 0 1
    outer loop
      vertex 180 28 4
      vertex 188.008 44.8257 4
      vertex 188 45 4
    endloop
  endfacet
  facet normal 0 0 1
    outer loop
      vertex 180 28 4
      vertex 188.03 44.6527 4
      vertex 188.008 44.8257 4
    endloop
  endfacet
  facet normal 0 0 1
    outer loop
      vertex 180 28 4
      vertex 188.068 44.4824 4
      vertex 188.03 44.6527 4
    endloop
  endfacet
  facet normal 0 0 1
    outer loop
      vertex 180 28 4
      vertex 188.121 44.316 4
      vertex 188.068 44.4824 4
    endloop
  endfacet
  facet normal 0 0 1
    outer loop
      vertex 180 28 4
      vertex 188.187 44.1548 4
      vertex 188.121 44.316 4
    endloop
  endfacet
  facet normal 0 0 1
    outer loop
      vertex 180 28 4
      vertex 188.268 44 4
      vertex 188.187 44.1548 4
    endloop
  endfacet
  facet normal 0 0 1
    outer loop
      vertex 205.653 43.0304 4
      vertex 180 28 4
      vertex 180 12 4
    endloop
  endfacet
  facet normal 0 0 1
    outer loop
      vertex 205.653 43.0304 4
      vertex 180 12 4
      vertex 215.7 0 4
    endloop
  endfacet
  facet normal 0 0 1
    outer loop
      vertex 153.157 8.23165 4
      vertex 180 12 4
      vertex 153.168 8.5 4
    endloop
  endfacet
  facet normal 0 0 1
    outer loop
      vertex 153.156 8.22385 4
      vertex 180 12 4
      vertex 153.157 8.23165 4
    endloop
  endfacet
  facet normal 0 0 1
    outer loop
      vertex 153.155 8.21611 4
      vertex 180 12 4
      vertex 153.156 8.22385 4
    endloop
  endfacet
  facet normal 0 0 1
    outer loop
      vertex 153.12 7.94981 4
      vertex 180 12 4
      vertex 153.155 8.21611 4
    endloop
  endfacet
  facet normal 0 0 1
    outer loop
      vertex 153.119 7.94219 4
      vertex 180 12 4
      vertex 153.12 7.94981 4
    endloop
  endfacet
  facet normal 0 0 1
    outer loop
      vertex 153.06 7.67995 4
      vertex 180 12 4
      vertex 153.119 7.94219 4
    endloop
  endfacet
  facet normal 0 0 1
    outer loop
      vertex 152.98 7.42378 4
      vertex 180 12 4
      vertex 153.06 7.67995 4
    endloop
  endfacet
  facet normal 0 0 1
    outer loop
      vertex 152.977 7.41634 4
      vertex 180 12 4
      vertex 152.98 7.42378 4
    endloop
  endfacet
  facet normal 0 0 1
    outer loop
      vertex 152.974 7.40912 4
      vertex 180 12 4
      vertex 152.977 7.41634 4
    endloop
  endfacet
  facet normal 0 0 1
    outer loop
      vertex 152.872 7.16097 4
      vertex 180 12 4
      vertex 152.974 7.40912 4
    endloop
  endfacet
  facet normal 0 0 1
    outer loop
      vertex 152.748 6.92271 4
      vertex 180 12 4
      vertex 152.872 7.16097 4
    endloop
  endfacet
  facet normal 0 0 1
    outer loop
      vertex 152.744 6.91579 4
      vertex 180 12 4
      vertex 152.748 6.92271 4
    endloop
  endfacet
  facet normal 0 0 1
    outer loop
      vertex 152.74 6.90921 4
      vertex 180 12 4
      vertex 152.744 6.91579 4
    endloop
  endfacet
  facet normal 0 0 1
    outer loop
      vertex 152.595 6.68267 4
      vertex 180 12 4
      vertex 152.74 6.90921 4
    endloop
  endfacet
  facet normal 0 0 1
    outer loop
      vertex 152.432 6.46957 4
      vertex 180 12 4
      vertex 152.595 6.68267 4
    endloop
  endfacet
  facet normal 0 0 1
    outer loop
      vertex 152.427 6.46338 4
      vertex 180 12 4
      vertex 152.432 6.46957 4
    endloop
  endfacet
  facet normal 0 0 1
    outer loop
      vertex 152.246 6.26534 4
      vertex 180 12 4
      vertex 152.427 6.46338 4
    endloop
  endfacet
  facet normal 0 0 1
    outer loop
      vertex 152.24 6.25959 4
      vertex 180 12 4
      vertex 152.246 6.26534 4
    endloop
  endfacet
  facet normal 0 0 1
    outer loop
      vertex 152.235 6.25431 4
      vertex 180 12 4
      vertex 152.24 6.25959 4
    endloop
  endfacet
  facet normal 0 0 1
    outer loop
      vertex 152.037 6.07285 4
      vertex 180 12 4
      vertex 152.235 6.25431 4
    endloop
  endfacet
  facet normal 0 0 1
    outer loop
      vertex 152.03 6.0681 4
      vertex 180 12 4
      vertex 152.037 6.07285 4
    endloop
  endfacet
  facet normal 0 0 1
    outer loop
      vertex 151.817 5.90458 4
      vertex 180 12 4
      vertex 152.03 6.0681 4
    endloop
  endfacet
  facet normal 0 0 1
    outer loop
      vertex 151.591 5.76026 4
      vertex 180 12 4
      vertex 151.817 5.90458 4
    endloop
  endfacet
  facet normal 0 0 1
    outer loop
      vertex 151.584 5.75607 4
      vertex 180 12 4
      vertex 151.591 5.76026 4
    endloop
  endfacet
  facet normal 0 0 1
    outer loop
      vertex 151.577 5.75246 4
      vertex 180 12 4
      vertex 151.584 5.75607 4
    endloop
  endfacet
  facet normal 0 0 1
    outer loop
      vertex 151.339 5.62843 4
      vertex 180 12 4
      vertex 151.577 5.75246 4
    endloop
  endfacet
  facet normal 0 0 1
    outer loop
      vertex 180 12 4
      vertex 151.339 5.62843 4
      vertex 215.7 0 4
    endloop
  endfacet
  facet normal -0 0 1
    outer loop
      vertex 151.091 5.52564 4
      vertex 215.7 0 4
      vertex 151.339 5.62843 4
    endloop
  endfacet
  facet normal -0 0 1
    outer loop
      vertex 151.084 5.52266 4
      vertex 215.7 0 4
      vertex 151.091 5.52564 4
    endloop
  endfacet
  facet normal -0 0 1
    outer loop
      vertex 151.076 5.52031 4
      vertex 215.7 0 4
      vertex 151.084 5.52266 4
    endloop
  endfacet
  facet normal -0 0 1
    outer loop
      vertex 150.82 5.43954 4
      vertex 215.7 0 4
      vertex 151.076 5.52031 4
    endloop
  endfacet
  facet normal -0 0 1
    outer loop
      vertex 150.558 5.3814 4
      vertex 215.7 0 4
      vertex 150.82 5.43954 4
    endloop
  endfacet
  facet normal -0 0 1
    outer loop
      vertex 150.55 5.37971 4
      vertex 215.7 0 4
      vertex 150.558 5.3814 4
    endloop
  endfacet
  facet normal -0 0 1
    outer loop
      vertex 150.284 5.34465 4
      vertex 215.7 0 4
      vertex 150.55 5.37971 4
    endloop
  endfacet
  facet normal -0 0 1
    outer loop
      vertex 150.276 5.34363 4
      vertex 215.7 0 4
      vertex 150.284 5.34465 4
    endloop
  endfacet
  facet normal -0 0 1
    outer loop
      vertex 150.268 5.34329 4
      vertex 215.7 0 4
      vertex 150.276 5.34363 4
    endloop
  endfacet
  facet normal -0 0 1
    outer loop
      vertex 150 5.33158 4
      vertex 215.7 0 4
      vertex 150.268 5.34329 4
    endloop
  endfacet
  facet normal 0 0 1
    outer loop
      vertex 84 0 4
      vertex 150 5.33158 4
      vertex 149.732 5.34329 4
    endloop
  endfacet
  facet normal 0 0 1
    outer loop
      vertex 84 0 4
      vertex 149.732 5.34329 4
      vertex 149.724 5.34363 4
    endloop
  endfacet
  facet normal 0 0 1
    outer loop
      vertex 148.916 5.52266 4
      vertex 149.18 5.43954 4
      vertex 148.924 5.52031 4
    endloop
  endfacet
  facet normal 0 0 1
    outer loop
      vertex 148.416 5.75607 4
      vertex 148.661 5.62843 4
      vertex 148.423 5.75246 4
    endloop
  endfacet
  facet normal 0 0 -1
    outer loop
      vertex 148.183 5.90458 4
      vertex 148.416 5.75607 4
      vertex 148.409 5.76026 4
    endloop
  endfacet
  facet normal 0 0 1
    outer loop
      vertex 147.963 6.07285 4
      vertex 148.183 5.90458 4
      vertex 147.97 6.0681 4
    endloop
  endfacet
  facet normal 0 0 -1
    outer loop
      vertex 147.573 6.46338 4
      vertex 147.76 6.25959 4
      vertex 147.754 6.26534 4
    endloop
  endfacet
  facet normal 0 0 -1
    outer loop
      vertex 147.405 6.68267 4
      vertex 147.573 6.46338 4
      vertex 147.568 6.46957 4
    endloop
  endfacet
  facet normal 0 0 1
    outer loop
      vertex 147.023 7.41634 4
      vertex 147.128 7.16097 4
      vertex 147.026 7.40912 4
    endloop
  endfacet
  facet normal 0 0 -1
    outer loop
      vertex 146.88 7.94981 4
      vertex 146.94 7.67995 4
      vertex 146.881 7.94219 4
    endloop
  endfacet
  facet normal 0 0 -1
    outer loop
      vertex 146.844 8.22385 4
      vertex 146.88 7.94981 4
      vertex 146.845 8.21611 4
    endloop
  endfacet
  facet normal 0 0 -1
    outer loop
      vertex 146.832 8.5 4
      vertex 146.844 8.22385 4
      vertex 146.843 8.23165 4
    endloop
  endfacet
  facet normal 0 0 1
    outer loop
      vertex 120 12 4
      vertex 146.844 8.22385 4
      vertex 146.832 8.5 4
    endloop
  endfacet
  facet normal 0 0 1
    outer loop
      vertex 120 12 4
      vertex 146.88 7.94981 4
      vertex 146.844 8.22385 4
    endloop
  endfacet
  facet normal 0 0 1
    outer loop
      vertex 120 12 4
      vertex 146.94 7.67995 4
      vertex 146.88 7.94981 4
    endloop
  endfacet
  facet normal 0 0 1
    outer loop
      vertex 120 12 4
      vertex 147.02 7.42378 4
      vertex 146.94 7.67995 4
    endloop
  endfacet
  facet normal 0 0 1
    outer loop
      vertex 120 12 4
      vertex 147.023 7.41634 4
      vertex 147.02 7.42378 4
    endloop
  endfacet
  facet normal 0 0 1
    outer loop
      vertex 120 12 4
      vertex 147.128 7.16097 4
      vertex 147.023 7.41634 4
    endloop
  endfacet
  facet normal 0 0 1
    outer loop
      vertex 120 12 4
      vertex 147.252 6.92271 4
      vertex 147.128 7.16097 4
    endloop
  endfacet
  facet normal 0 0 1
    outer loop
      vertex 120 12 4
      vertex 147.256 6.91579 4
      vertex 147.252 6.92271 4
    endloop
  endfacet
  facet normal 0 0 1
    outer loop
      vertex 120 12 4
      vertex 147.26 6.90921 4
      vertex 147.256 6.91579 4
    endloop
  endfacet
  facet normal 0 0 1
    outer loop
      vertex 120 12 4
      vertex 147.405 6.68267 4
      vertex 147.26 6.90921 4
    endloop
  endfacet
  facet normal 0 0 1
    outer loop
      vertex 120 12 4
      vertex 147.573 6.46338 4
      vertex 147.405 6.68267 4
    endloop
  endfacet
  facet normal 0 0 1
    outer loop
      vertex 120 12 4
      vertex 147.76 6.25959 4
      vertex 147.573 6.46338 4
    endloop
  endfacet
  facet normal 0 0 1
    outer loop
      vertex 120 12 4
      vertex 147.765 6.25431 4
      vertex 147.76 6.25959 4
    endloop
  endfacet
  facet normal 0 0 1
    outer loop
      vertex 120 12 4
      vertex 147.963 6.07285 4
      vertex 147.765 6.25431 4
    endloop
  endfacet
  facet normal 0 0 1
    outer loop
      vertex 120 12 4
      vertex 148.183 5.90458 4
      vertex 147.963 6.07285 4
    endloop
  endfacet
  facet normal 0 0 1
    outer loop
      vertex 120 12 4
      vertex 148.416 5.75607 4
      vertex 148.183 5.90458 4
    endloop
  endfacet
  facet normal 0 0 1
    outer loop
      vertex 120 12 4
      vertex 148.661 5.62843 4
      vertex 148.416 5.75607 4
    endloop
  endfacet
  facet normal 0 0 1
    outer loop
      vertex 84 0 4
      vertex 148.661 5.62843 4
      vertex 120 12 4
    endloop
  endfacet
  facet normal 0 0 1
    outer loop
      vertex 148.661 5.62843 4
      vertex 84 0 4
      vertex 148.909 5.52564 4
    endloop
  endfacet
  facet normal 0 0 1
    outer loop
      vertex 148.909 5.52564 4
      vertex 84 0 4
      vertex 148.916 5.52266 4
    endloop
  endfacet
  facet normal 0 0 1
    outer loop
      vertex 111.97 44.6527 4
      vertex 124 45 4
      vertex 111.992 44.8257 4
    endloop
  endfacet
  facet normal 0 0 1
    outer loop
      vertex 111.932 44.4824 4
      vertex 124 45 4
      vertex 111.97 44.6527 4
    endloop
  endfacet
  facet normal 0 0 1
    outer loop
      vertex 111.879 44.316 4
      vertex 124 45 4
      vertex 111.932 44.4824 4
    endloop
  endfacet
  facet normal 0 0 1
    outer loop
      vertex 111.813 44.1548 4
      vertex 124 45 4
      vertex 111.879 44.316 4
    endloop
  endfacet
  facet normal 0 0 1
    outer loop
      vertex 111.732 44 4
      vertex 124 45 4
      vertex 111.813 44.1548 4
    endloop
  endfacet
  facet normal 0 0 1
    outer loop
      vertex 111.638 43.8528 4
      vertex 124 45 4
      vertex 111.732 44 4
    endloop
  endfacet
  facet normal 0 0 1
    outer loop
      vertex 111.532 43.7144 4
      vertex 124 45 4
      vertex 111.638 43.8528 4
    endloop
  endfacet
  facet normal 0 0 1
    outer loop
      vertex 124 45 4
      vertex 111.532 43.7144 4
      vertex 120 28 4
    endloop
  endfacet
  facet normal -0 0 1
    outer loop
      vertex 111.414 43.5858 4
      vertex 120 28 4
      vertex 111.532 43.7144 4
    endloop
  endfacet
  facet normal -0 0 1
    outer loop
      vertex 111.286 43.4679 4
      vertex 120 28 4
      vertex 111.414 43.5858 4
    endloop
  endfacet
  facet normal -0 0 1
    outer loop
      vertex 111.147 43.3617 4
      vertex 120 28 4
      vertex 111.286 43.4679 4
    endloop
  endfacet
  facet normal -0 0 1
    outer loop
      vertex 111 43.2679 4
      vertex 120 28 4
      vertex 111.147 43.3617 4
    endloop
  endfacet
  facet normal -0 0 1
    outer loop
      vertex 110.845 43.1874 4
      vertex 120 28 4
      vertex 111 43.2679 4
    endloop
  endfacet
  facet normal -0 0 1
    outer loop
      vertex 110.684 43.1206 4
      vertex 120 28 4
      vertex 110.845 43.1874 4
    endloop
  endfacet
  facet normal -0 0 1
    outer loop
      vertex 110.518 43.0681 4
      vertex 120 28 4
      vertex 110.684 43.1206 4
    endloop
  endfacet
  facet normal -0 0 1
    outer loop
      vertex 110.347 43.0304 4
      vertex 120 28 4
      vertex 110.518 43.0681 4
    endloop
  endfacet
  facet normal -0 0 1
    outer loop
      vertex 110.174 43.0076 4
      vertex 120 28 4
      vertex 110.347 43.0304 4
    endloop
  endfacet
  facet normal -0 0 1
    outer loop
      vertex 110 43 4
      vertex 120 28 4
      vertex 110.174 43.0076 4
    endloop
  endfacet
  facet normal 0 0 1
    outer loop
      vertex 109.826 43.0076 4
      vertex 120 28 4
      vertex 110 43 4
    endloop
  endfacet
  facet normal 0 0 1
    outer loop
      vertex 109.653 43.0304 4
      vertex 120 28 4
      vertex 109.826 43.0076 4
    endloop
  endfacet
  facet normal 0 0 1
    outer loop
      vertex 109.482 43.0681 4
      vertex 120 28 4
      vertex 109.653 43.0304 4
    endloop
  endfacet
  facet normal 0 0 1
    outer loop
      vertex 109.316 43.1206 4
      vertex 120 28 4
      vertex 109.482 43.0681 4
    endloop
  endfacet
  facet normal 0 0 1
    outer loop
      vertex 109.155 43.1874 4
      vertex 120 28 4
      vertex 109.316 43.1206 4
    endloop
  endfacet
  facet normal -0 0 1
    outer loop
      vertex 94.8452 43.1874 4
      vertex 120 28 4
      vertex 109.155 43.1874 4
    endloop
  endfacet
  facet normal 0 0 1
    outer loop
      vertex 94.8452 43.1874 4
      vertex 109.155 43.1874 4
      vertex 109 43.2679 4
    endloop
  endfacet
  facet normal 0 0 1
    outer loop
      vertex 95 43.2679 4
      vertex 109 43.2679 4
      vertex 108.853 43.3617 4
    endloop
  endfacet
  facet normal 0 0 1
    outer loop
      vertex 95.1472 43.3617 4
      vertex 108.853 43.3617 4
      vertex 108.714 43.4679 4
    endloop
  endfacet
  facet normal 0 0 1
    outer loop
      vertex 95.2856 43.4679 4
      vertex 108.714 43.4679 4
      vertex 108.586 43.5858 4
    endloop
  endfacet
  facet normal 0 0 1
    outer loop
      vertex 95.4142 43.5858 4
      vertex 108.586 43.5858 4
      vertex 108.468 43.7144 4
    endloop
  endfacet
  facet normal 0 0 1
    outer loop
      vertex 95.5321 43.7144 4
      vertex 108.468 43.7144 4
      vertex 108.362 43.8528 4
    endloop
  endfacet
  facet normal 0 0 1
    outer loop
      vertex 95.6383 43.8528 4
      vertex 108.362 43.8528 4
      vertex 108.268 44 4
    endloop
  endfacet
  facet normal 0 0 1
    outer loop
      vertex 95.732 44 4
      vertex 108.268 44 4
      vertex 108.187 44.1548 4
    endloop
  endfacet
  facet normal 0 0 1
    outer loop
      vertex 95.8126 44.1548 4
      vertex 108.187 44.1548 4
      vertex 108.121 44.316 4
    endloop
  endfacet
  facet normal 0 0 1
    outer loop
      vertex 96 45 4
      vertex 108 45 4
      vertex 96 105 4
    endloop
  endfacet
  facet normal 0 0 1
    outer loop
      vertex 108 45 4
      vertex 96 45 4
      vertex 108.008 44.8257 4
    endloop
  endfacet
  facet normal 0 0 1
    outer loop
      vertex 95.9924 44.8257 4
      vertex 108.008 44.8257 4
      vertex 96 45 4
    endloop
  endfacet
  facet normal 0 0 1
    outer loop
      vertex 108.008 44.8257 4
      vertex 95.9924 44.8257 4
      vertex 108.03 44.6527 4
    endloop
  endfacet
  facet normal 0 0 1
    outer loop
      vertex 95.9696 44.6527 4
      vertex 108.03 44.6527 4
      vertex 95.9924 44.8257 4
    endloop
  endfacet
  facet normal 0 0 1
    outer loop
      vertex 108.03 44.6527 4
      vertex 95.9696 44.6527 4
      vertex 108.068 44.4824 4
    endloop
  endfacet
  facet normal 0 0 1
    outer loop
      vertex 95.9319 44.4824 4
      vertex 108.068 44.4824 4
      vertex 95.9696 44.6527 4
    endloop
  endfacet
  facet normal 0 0 1
    outer loop
      vertex 108.068 44.4824 4
      vertex 95.9319 44.4824 4
      vertex 108.121 44.316 4
    endloop
  endfacet
  facet normal 0 0 1
    outer loop
      vertex 95.8794 44.316 4
      vertex 108.121 44.316 4
      vertex 95.9319 44.4824 4
    endloop
  endfacet
  facet normal 0 0 1
    outer loop
      vertex 95.8126 44.1548 4
      vertex 108.121 44.316 4
      vertex 95.8794 44.316 4
    endloop
  endfacet
  facet normal 0 0 1
    outer loop
      vertex 108.187 44.1548 4
      vertex 95.8126 44.1548 4
      vertex 95.732 44 4
    endloop
  endfacet
  facet normal 0 0 1
    outer loop
      vertex 108.268 44 4
      vertex 95.732 44 4
      vertex 95.6383 43.8528 4
    endloop
  endfacet
  facet normal 0 0 1
    outer loop
      vertex 108.362 43.8528 4
      vertex 95.6383 43.8528 4
      vertex 95.5321 43.7144 4
    endloop
  endfacet
  facet normal 0 0 1
    outer loop
      vertex 108.468 43.7144 4
      vertex 95.5321 43.7144 4
      vertex 95.4142 43.5858 4
    endloop
  endfacet
  facet normal 0 0 1
    outer loop
      vertex 108.586 43.5858 4
      vertex 95.4142 43.5858 4
      vertex 95.2856 43.4679 4
    endloop
  endfacet
  facet normal 0 0 1
    outer loop
      vertex 108.714 43.4679 4
      vertex 95.2856 43.4679 4
      vertex 95.1472 43.3617 4
    endloop
  endfacet
  facet normal 0 0 1
    outer loop
      vertex 108.853 43.3617 4
      vertex 95.1472 43.3617 4
      vertex 95 43.2679 4
    endloop
  endfacet
  facet normal 0 0 1
    outer loop
      vertex 109 43.2679 4
      vertex 95 43.2679 4
      vertex 94.8452 43.1874 4
    endloop
  endfacet
  facet normal 0 0 1
    outer loop
      vertex 120 28 4
      vertex 94.8452 43.1874 4
      vertex 94.684 43.1206 4
    endloop
  endfacet
  facet normal -0 0 1
    outer loop
      vertex 94.5176 43.0681 4
      vertex 120 28 4
      vertex 94.684 43.1206 4
    endloop
  endfacet
  facet normal -0 0 1
    outer loop
      vertex 94.3473 43.0304 4
      vertex 120 28 4
      vertex 94.5176 43.0681 4
    endloop
  endfacet
  facet normal 0 0 1
    outer loop
      vertex 120 28 4
      vertex 94.3473 43.0304 4
      vertex 120 12 4
    endloop
  endfacet
  facet normal -0 0 1
    outer loop
      vertex 94.1743 43.0076 4
      vertex 120 12 4
      vertex 94.3473 43.0304 4
    endloop
  endfacet
  facet normal 0 0 1
    outer loop
      vertex 84 0 4
      vertex 94.1743 43.0076 4
      vertex 94 43 4
    endloop
  endfacet
  facet normal 0 0 1
    outer loop
      vertex 84 0 4
      vertex 94 43 4
      vertex 93.8257 43.0076 4
    endloop
  endfacet
  facet normal 0 0 1
    outer loop
      vertex 84 0 4
      vertex 93.8257 43.0076 4
      vertex 93.6527 43.0304 4
    endloop
  endfacet
  facet normal 0 0 1
    outer loop
      vertex 84 0 4
      vertex 93.6527 43.0304 4
      vertex 93.4824 43.0681 4
    endloop
  endfacet
  facet normal 0 0 1
    outer loop
      vertex 84 0 4
      vertex 93.4824 43.0681 4
      vertex 93.316 43.1206 4
    endloop
  endfacet
  facet normal 0 0 1
    outer loop
      vertex 84 0 4
      vertex 93.316 43.1206 4
      vertex 93.1548 43.1874 4
    endloop
  endfacet
  facet normal 0 0 1
    outer loop
      vertex 84 0 4
      vertex 93.1548 43.1874 4
      vertex 93 43.2679 4
    endloop
  endfacet
  facet normal 0 0 1
    outer loop
      vertex 84 0 4
      vertex 93 43.2679 4
      vertex 92.8528 43.3617 4
    endloop
  endfacet
  facet normal 0 0 1
    outer loop
      vertex 84 0 4
      vertex 92.8528 43.3617 4
      vertex 92.7144 43.4679 4
    endloop
  endfacet
  facet normal 0 0 1
    outer loop
      vertex 84 0 4
      vertex 92.7144 43.4679 4
      vertex 92.5858 43.5858 4
    endloop
  endfacet
  facet normal 0 0 1
    outer loop
      vertex 84 0 4
      vertex 92.5858 43.5858 4
      vertex 92.4679 43.7144 4
    endloop
  endfacet
  facet normal 0 0 1
    outer loop
      vertex 84 0 4
      vertex 92 45 4
      vertex 84 150 4
    endloop
  endfacet
  facet normal 0 0 1
    outer loop
      vertex 150 5.33158 4
      vertex 84 0 4
      vertex 215.7 0 4
    endloop
  endfacet
  facet normal 0 0 1
    outer loop
      vertex 149.716 5.34465 4
      vertex 84 0 4
      vertex 149.724 5.34363 4
    endloop
  endfacet
  facet normal 0 0 1
    outer loop
      vertex 149.45 5.37971 4
      vertex 84 0 4
      vertex 149.716 5.34465 4
    endloop
  endfacet
  facet normal 0 0 1
    outer loop
      vertex 149.442 5.3814 4
      vertex 84 0 4
      vertex 149.45 5.37971 4
    endloop
  endfacet
  facet normal 0 0 1
    outer loop
      vertex 149.18 5.43954 4
      vertex 84 0 4
      vertex 149.442 5.3814 4
    endloop
  endfacet
  facet normal 0 0 1
    outer loop
      vertex 148.916 5.52266 4
      vertex 84 0 4
      vertex 149.18 5.43954 4
    endloop
  endfacet
  facet normal 0 0 1
    outer loop
      vertex 94.1743 43.0076 4
      vertex 84 0 4
      vertex 120 12 4
    endloop
  endfacet
  facet normal 0 0 1
    outer loop
      vertex 92.3617 43.8528 4
      vertex 84 0 4
      vertex 92.4679 43.7144 4
    endloop
  endfacet
  facet normal 0 0 1
    outer loop
      vertex 92.268 44 4
      vertex 84 0 4
      vertex 92.3617 43.8528 4
    endloop
  endfacet
  facet normal 0 0 1
    outer loop
      vertex 92.1874 44.1548 4
      vertex 84 0 4
      vertex 92.268 44 4
    endloop
  endfacet
  facet normal 0 0 1
    outer loop
      vertex 92.1206 44.316 4
      vertex 84 0 4
      vertex 92.1874 44.1548 4
    endloop
  endfacet
  facet normal 0 0 1
    outer loop
      vertex 92.0681 44.4824 4
      vertex 84 0 4
      vertex 92.1206 44.316 4
    endloop
  endfacet
  facet normal 0 0 1
    outer loop
      vertex 92.0304 44.6527 4
      vertex 84 0 4
      vertex 92.0681 44.4824 4
    endloop
  endfacet
  facet normal 0 0 1
    outer loop
      vertex 92.0076 44.8257 4
      vertex 84 0 4
      vertex 92.0304 44.6527 4
    endloop
  endfacet
  facet normal 0 0 1
    outer loop
      vertex 92 45 4
      vertex 84 0 4
      vertex 92.0076 44.8257 4
    endloop
  endfacet
  facet normal 0 0 1
    outer loop
      vertex 175.992 44.8257 4
      vertex 188 45 4
      vertex 176 45 4
    endloop
  endfacet
  facet normal 0 0 1
    outer loop
      vertex 175.97 44.6527 4
      vertex 188 45 4
      vertex 175.992 44.8257 4
    endloop
  endfacet
  facet normal 0 0 1
    outer loop
      vertex 175.932 44.4824 4
      vertex 188 45 4
      vertex 175.97 44.6527 4
    endloop
  endfacet
  facet normal 0 0 1
    outer loop
      vertex 175.879 44.316 4
      vertex 188 45 4
      vertex 175.932 44.4824 4
    endloop
  endfacet
  facet normal 0 0 1
    outer loop
      vertex 175.813 44.1548 4
      vertex 188 45 4
      vertex 175.879 44.316 4
    endloop
  endfacet
  facet normal 0 0 1
    outer loop
      vertex 175.732 44 4
      vertex 188 45 4
      vertex 175.813 44.1548 4
    endloop
  endfacet
  facet normal 0 0 1
    outer loop
      vertex 175.638 43.8528 4
      vertex 188 45 4
      vertex 175.732 44 4
    endloop
  endfacet
  facet normal 0 0 1
    outer loop
      vertex 175.532 43.7144 4
      vertex 188 45 4
      vertex 175.638 43.8528 4
    endloop
  endfacet
  facet normal 0 0 1
    outer loop
      vertex 188 45 4
      vertex 175.532 43.7144 4
      vertex 180 28 4
    endloop
  endfacet
  facet normal -0 0 1
    outer loop
      vertex 175.414 43.5858 4
      vertex 180 28 4
      vertex 175.532 43.7144 4
    endloop
  endfacet
  facet normal -0 0 1
    outer loop
      vertex 175.286 43.4679 4
      vertex 180 28 4
      vertex 175.414 43.5858 4
    endloop
  endfacet
  facet normal -0 0 1
    outer loop
      vertex 175.147 43.3617 4
      vertex 180 28 4
      vertex 175.286 43.4679 4
    endloop
  endfacet
  facet normal -0 0 1
    outer loop
      vertex 175 43.2679 4
      vertex 180 28 4
      vertex 175.147 43.3617 4
    endloop
  endfacet
  facet normal -0 0 1
    outer loop
      vertex 174.845 43.1874 4
      vertex 180 28 4
      vertex 175 43.2679 4
    endloop
  endfacet
  facet normal -0 0 1
    outer loop
      vertex 174.684 43.1206 4
      vertex 180 28 4
      vertex 174.845 43.1874 4
    endloop
  endfacet
  facet normal -0 0 1
    outer loop
      vertex 174.518 43.0681 4
      vertex 180 28 4
      vertex 174.684 43.1206 4
    endloop
  endfacet
  facet normal -0 0 1
    outer loop
      vertex 174.347 43.0304 4
      vertex 180 28 4
      vertex 174.518 43.0681 4
    endloop
  endfacet
  facet normal -0 0 1
    outer loop
      vertex 174.174 43.0076 4
      vertex 180 28 4
      vertex 174.347 43.0304 4
    endloop
  endfacet
  facet normal -0 0 1
    outer loop
      vertex 174 43 4
      vertex 180 28 4
      vertex 174.174 43.0076 4
    endloop
  endfacet
  facet normal 0 0 1
    outer loop
      vertex 173.826 43.0076 4
      vertex 180 28 4
      vertex 174 43 4
    endloop
  endfacet
  facet normal 0 0 1
    outer loop
      vertex 173.653 43.0304 4
      vertex 180 28 4
      vertex 173.826 43.0076 4
    endloop
  endfacet
  facet normal 0 0 1
    outer loop
      vertex 173.482 43.0681 4
      vertex 180 28 4
      vertex 173.653 43.0304 4
    endloop
  endfacet
  facet normal 0 0 1
    outer loop
      vertex 173.316 43.1206 4
      vertex 180 28 4
      vertex 173.482 43.0681 4
    endloop
  endfacet
  facet normal 0 0 1
    outer loop
      vertex 173.155 43.1874 4
      vertex 180 28 4
      vertex 173.316 43.1206 4
    endloop
  endfacet
  facet normal 0 0 1
    outer loop
      vertex 173 43.2679 4
      vertex 180 28 4
      vertex 173.155 43.1874 4
    endloop
  endfacet
  facet normal 0 0 1
    outer loop
      vertex 159 43.2679 4
      vertex 173 43.2679 4
      vertex 172.853 43.3617 4
    endloop
  endfacet
  facet normal 0 0 1
    outer loop
      vertex 159.147 43.3617 4
      vertex 172.853 43.3617 4
      vertex 172.714 43.4679 4
    endloop
  endfacet
  facet normal 0 0 1
    outer loop
      vertex 159.286 43.4679 4
      vertex 172.714 43.4679 4
      vertex 172.586 43.5858 4
    endloop
  endfacet
  facet normal 0 0 1
    outer loop
      vertex 159.414 43.5858 4
      vertex 172.586 43.5858 4
      vertex 172.468 43.7144 4
    endloop
  endfacet
  facet normal 0 0 1
    outer loop
      vertex 159.532 43.7144 4
      vertex 172.468 43.7144 4
      vertex 172.362 43.8528 4
    endloop
  endfacet
  facet normal 0 0 1
    outer loop
      vertex 159.638 43.8528 4
      vertex 172.362 43.8528 4
      vertex 172.268 44 4
    endloop
  endfacet
  facet normal 0 0 1
    outer loop
      vertex 159.732 44 4
      vertex 172.268 44 4
      vertex 172.187 44.1548 4
    endloop
  endfacet
  facet normal 0 0 1
    outer loop
      vertex 160 45 4
      vertex 172 45 4
      vertex 160 105 4
    endloop
  endfacet
  facet normal 0 0 1
    outer loop
      vertex 172 45 4
      vertex 160 45 4
      vertex 172.008 44.8257 4
    endloop
  endfacet
  facet normal 0 0 1
    outer loop
      vertex 159.992 44.8257 4
      vertex 172.008 44.8257 4
      vertex 160 45 4
    endloop
  endfacet
  facet normal 0 0 1
    outer loop
      vertex 172.008 44.8257 4
      vertex 159.992 44.8257 4
      vertex 172.03 44.6527 4
    endloop
  endfacet
  facet normal 0 0 1
    outer loop
      vertex 159.97 44.6527 4
      vertex 172.03 44.6527 4
      vertex 159.992 44.8257 4
    endloop
  endfacet
  facet normal 0 0 1
    outer loop
      vertex 172.03 44.6527 4
      vertex 159.97 44.6527 4
      vertex 172.068 44.4824 4
    endloop
  endfacet
  facet normal 0 0 1
    outer loop
      vertex 159.932 44.4824 4
      vertex 172.068 44.4824 4
      vertex 159.97 44.6527 4
    endloop
  endfacet
  facet normal 0 0 1
    outer loop
      vertex 172.068 44.4824 4
      vertex 159.932 44.4824 4
      vertex 172.121 44.316 4
    endloop
  endfacet
  facet normal 0 0 1
    outer loop
      vertex 159.879 44.316 4
      vertex 172.121 44.316 4
      vertex 159.932 44.4824 4
    endloop
  endfacet
  facet normal 0 0 1
    outer loop
      vertex 172.121 44.316 4
      vertex 159.879 44.316 4
      vertex 172.187 44.1548 4
    endloop
  endfacet
  facet normal 0 0 1
    outer loop
      vertex 159.813 44.1548 4
      vertex 172.187 44.1548 4
      vertex 159.879 44.316 4
    endloop
  endfacet
  facet normal 0 0 1
    outer loop
      vertex 159.732 44 4
      vertex 172.187 44.1548 4
      vertex 159.813 44.1548 4
    endloop
  endfacet
  facet normal 0 0 1
    outer loop
      vertex 172.268 44 4
      vertex 159.732 44 4
      vertex 159.638 43.8528 4
    endloop
  endfacet
  facet normal 0 0 1
    outer loop
      vertex 172.362 43.8528 4
      vertex 159.638 43.8528 4
      vertex 159.532 43.7144 4
    endloop
  endfacet
  facet normal 0 0 1
    outer loop
      vertex 172.468 43.7144 4
      vertex 159.532 43.7144 4
      vertex 159.414 43.5858 4
    endloop
  endfacet
  facet normal 0 0 1
    outer loop
      vertex 172.586 43.5858 4
      vertex 159.414 43.5858 4
      vertex 159.286 43.4679 4
    endloop
  endfacet
  facet normal 0 0 1
    outer loop
      vertex 172.714 43.4679 4
      vertex 159.286 43.4679 4
      vertex 159.147 43.3617 4
    endloop
  endfacet
  facet normal 0 0 1
    outer loop
      vertex 172.853 43.3617 4
      vertex 159.147 43.3617 4
      vertex 159 43.2679 4
    endloop
  endfacet
  facet normal 0 0 1
    outer loop
      vertex 173 43.2679 4
      vertex 159 43.2679 4
      vertex 180 28 4
    endloop
  endfacet
  facet normal -0 0 1
    outer loop
      vertex 158.845 43.1874 4
      vertex 180 28 4
      vertex 159 43.2679 4
    endloop
  endfacet
  facet normal -0 0 1
    outer loop
      vertex 158.684 43.1206 4
      vertex 180 28 4
      vertex 158.845 43.1874 4
    endloop
  endfacet
  facet normal -0 0 1
    outer loop
      vertex 158.518 43.0681 4
      vertex 180 28 4
      vertex 158.684 43.1206 4
    endloop
  endfacet
  facet normal -0 0 1
    outer loop
      vertex 158.347 43.0304 4
      vertex 180 28 4
      vertex 158.518 43.0681 4
    endloop
  endfacet
  facet normal -0 0 1
    outer loop
      vertex 158.174 43.0076 4
      vertex 180 28 4
      vertex 158.347 43.0304 4
    endloop
  endfacet
  facet normal -0 0 1
    outer loop
      vertex 158 43 4
      vertex 180 28 4
      vertex 158.174 43.0076 4
    endloop
  endfacet
  facet normal 0 0 1
    outer loop
      vertex 157.826 43.0076 4
      vertex 180 28 4
      vertex 158 43 4
    endloop
  endfacet
  facet normal 0 0 1
    outer loop
      vertex 157.653 43.0304 4
      vertex 180 28 4
      vertex 157.826 43.0076 4
    endloop
  endfacet
  facet normal 0 0 1
    outer loop
      vertex 157.482 43.0681 4
      vertex 180 28 4
      vertex 157.653 43.0304 4
    endloop
  endfacet
  facet normal 0 0 1
    outer loop
      vertex 142.518 43.0681 4
      vertex 157.482 43.0681 4
      vertex 157.316 43.1206 4
    endloop
  endfacet
  facet normal 0 0 1
    outer loop
      vertex 142.684 43.1206 4
      vertex 157.316 43.1206 4
      vertex 157.155 43.1874 4
    endloop
  endfacet
  facet normal 0 0 1
    outer loop
      vertex 142.845 43.1874 4
      vertex 157.155 43.1874 4
      vertex 157 43.2679 4
    endloop
  endfacet
  facet normal 0 0 1
    outer loop
      vertex 143 43.2679 4
      vertex 157 43.2679 4
      vertex 156.853 43.3617 4
    endloop
  endfacet
  facet normal 0 0 1
    outer loop
      vertex 158.518 106.932 4
      vertex 151.817 138.905 4
      vertex 158.347 106.97 4
    endloop
  endfacet
  facet normal -0 0 1
    outer loop
      vertex 151.591 138.76 4
      vertex 158.347 106.97 4
      vertex 151.817 138.905 4
    endloop
  endfacet
  facet normal -0 0 1
    outer loop
      vertex 151.584 138.756 4
      vertex 158.347 106.97 4
      vertex 151.591 138.76 4
    endloop
  endfacet
  facet normal 0 0 1
    outer loop
      vertex 158.347 106.97 4
      vertex 151.584 138.756 4
      vertex 158.174 106.992 4
    endloop
  endfacet
  facet normal -0 0 1
    outer loop
      vertex 151.577 138.752 4
      vertex 158.174 106.992 4
      vertex 151.584 138.756 4
    endloop
  endfacet
  facet normal -0 0 1
    outer loop
      vertex 151.339 138.628 4
      vertex 158.174 106.992 4
      vertex 151.577 138.752 4
    endloop
  endfacet
  facet normal 0 0 1
    outer loop
      vertex 158.174 106.992 4
      vertex 151.339 138.628 4
      vertex 158 107 4
    endloop
  endfacet
  facet normal -0 0 1
    outer loop
      vertex 151.091 138.526 4
      vertex 158 107 4
      vertex 151.339 138.628 4
    endloop
  endfacet
  facet normal -0 0 1
    outer loop
      vertex 151.084 138.523 4
      vertex 158 107 4
      vertex 151.091 138.526 4
    endloop
  endfacet
  facet normal 0 0 1
    outer loop
      vertex 158 107 4
      vertex 151.084 138.523 4
      vertex 157.826 106.992 4
    endloop
  endfacet
  facet normal -0 0 1
    outer loop
      vertex 151.076 138.52 4
      vertex 157.826 106.992 4
      vertex 151.084 138.523 4
    endloop
  endfacet
  facet normal -0 0 1
    outer loop
      vertex 150.82 138.44 4
      vertex 157.826 106.992 4
      vertex 151.076 138.52 4
    endloop
  endfacet
  facet normal 0 0 1
    outer loop
      vertex 157.826 106.992 4
      vertex 150.82 138.44 4
      vertex 157.653 106.97 4
    endloop
  endfacet
  facet normal 0 0 1
    outer loop
      vertex 157.653 106.97 4
      vertex 150.82 138.44 4
      vertex 157.482 106.932 4
    endloop
  endfacet
  facet normal -0 0 1
    outer loop
      vertex 150.558 138.381 4
      vertex 157.482 106.932 4
      vertex 150.82 138.44 4
    endloop
  endfacet
  facet normal -0 0 1
    outer loop
      vertex 150.55 138.38 4
      vertex 157.482 106.932 4
      vertex 150.558 138.381 4
    endloop
  endfacet
  facet normal 0 0 1
    outer loop
      vertex 157.482 106.932 4
      vertex 150.55 138.38 4
      vertex 157.316 106.879 4
    endloop
  endfacet
  facet normal -0 0 1
    outer loop
      vertex 150.284 138.345 4
      vertex 157.316 106.879 4
      vertex 150.55 138.38 4
    endloop
  endfacet
  facet normal -0 0 1
    outer loop
      vertex 150.276 138.344 4
      vertex 157.316 106.879 4
      vertex 150.284 138.345 4
    endloop
  endfacet
  facet normal 0 0 1
    outer loop
      vertex 157.316 106.879 4
      vertex 150.276 138.344 4
      vertex 157.155 106.813 4
    endloop
  endfacet
  facet normal -0 0 1
    outer loop
      vertex 150.268 138.343 4
      vertex 157.155 106.813 4
      vertex 150.276 138.344 4
    endloop
  endfacet
  facet normal -0 0 1
    outer loop
      vertex 150 138.332 4
      vertex 157.155 106.813 4
      vertex 150.268 138.343 4
    endloop
  endfacet
  facet normal 0 0 1
    outer loop
      vertex 156 105 4
      vertex 144 105 4
      vertex 156 45 4
    endloop
  endfacet
  facet normal 0 0 1
    outer loop
      vertex 157.155 106.813 4
      vertex 150 138.332 4
      vertex 157 106.732 4
    endloop
  endfacet
  facet normal 0 0 1
    outer loop
      vertex 149.732 138.343 4
      vertex 157 106.732 4
      vertex 150 138.332 4
    endloop
  endfacet
  facet normal 0 0 1
    outer loop
      vertex 149.724 138.344 4
      vertex 157 106.732 4
      vertex 149.732 138.343 4
    endloop
  endfacet
  facet normal 0 0 1
    outer loop
      vertex 144 105 4
      vertex 157 106.732 4
      vertex 149.724 138.344 4
    endloop
  endfacet
  facet normal 0 0 1
    outer loop
      vertex 157 106.732 4
      vertex 144 105 4
      vertex 156.853 106.638 4
    endloop
  endfacet
  facet normal 0 0 1
    outer loop
      vertex 156.853 106.638 4
      vertex 144 105 4
      vertex 156.714 106.532 4
    endloop
  endfacet
  facet normal 0 0 1
    outer loop
      vertex 156.714 106.532 4
      vertex 144 105 4
      vertex 156.586 106.414 4
    endloop
  endfacet
  facet normal 0 0 1
    outer loop
      vertex 156.586 106.414 4
      vertex 144 105 4
      vertex 156.468 106.286 4
    endloop
  endfacet
  facet normal 0 0 1
    outer loop
      vertex 156.268 106 4
      vertex 144 105 4
      vertex 156.187 105.845 4
    endloop
  endfacet
  facet normal 0 0 1
    outer loop
      vertex 156.187 105.845 4
      vertex 144 105 4
      vertex 156.121 105.684 4
    endloop
  endfacet
  facet normal 0 0 1
    outer loop
      vertex 156.121 105.684 4
      vertex 144 105 4
      vertex 156.068 105.518 4
    endloop
  endfacet
  facet normal 0 0 1
    outer loop
      vertex 156.068 105.518 4
      vertex 144 105 4
      vertex 156.03 105.347 4
    endloop
  endfacet
  facet normal 0 0 1
    outer loop
      vertex 156.03 105.347 4
      vertex 144 105 4
      vertex 156.008 105.174 4
    endloop
  endfacet
  facet normal 0 0 1
    outer loop
      vertex 156.008 105.174 4
      vertex 144 105 4
      vertex 156 105 4
    endloop
  endfacet
  facet normal 0 0 1
    outer loop
      vertex 156.362 106.147 4
      vertex 144 105 4
      vertex 156.268 106 4
    endloop
  endfacet
  facet normal 0 0 1
    outer loop
      vertex 156.468 106.286 4
      vertex 144 105 4
      vertex 156.362 106.147 4
    endloop
  endfacet
  facet normal 0 0 1
    outer loop
      vertex 144 105 4
      vertex 149.724 138.344 4
      vertex 149.716 138.345 4
    endloop
  endfacet
  facet normal 0 0 1
    outer loop
      vertex 144 105 4
      vertex 149.716 138.345 4
      vertex 149.45 138.38 4
    endloop
  endfacet
  facet normal 0 0 1
    outer loop
      vertex 144 105 4
      vertex 149.45 138.38 4
      vertex 149.442 138.381 4
    endloop
  endfacet
  facet normal 0 0 1
    outer loop
      vertex 144 105 4
      vertex 149.442 138.381 4
      vertex 149.18 138.44 4
    endloop
  endfacet
  facet normal 0 0 1
    outer loop
      vertex 144 105 4
      vertex 149.18 138.44 4
      vertex 148.924 138.52 4
    endloop
  endfacet
  facet normal 0 0 1
    outer loop
      vertex 144 105 4
      vertex 148.924 138.52 4
      vertex 148.916 138.523 4
    endloop
  endfacet
  facet normal 0 0 1
    outer loop
      vertex 144 105 4
      vertex 148.916 138.523 4
      vertex 148.909 138.526 4
    endloop
  endfacet
  facet normal 0 0 1
    outer loop
      vertex 144 105 4
      vertex 148.909 138.526 4
      vertex 148.661 138.628 4
    endloop
  endfacet
  facet normal 0 0 1
    outer loop
      vertex 144 105 4
      vertex 148.661 138.628 4
      vertex 148.423 138.752 4
    endloop
  endfacet
  facet normal 0 0 1
    outer loop
      vertex 144 105 4
      vertex 148.423 138.752 4
      vertex 148.416 138.756 4
    endloop
  endfacet
  facet normal 0 0 1
    outer loop
      vertex 144 105 4
      vertex 148.416 138.756 4
      vertex 148.409 138.76 4
    endloop
  endfacet
  facet normal 0 0 1
    outer loop
      vertex 144 105 4
      vertex 148.409 138.76 4
      vertex 148.183 138.905 4
    endloop
  endfacet
  facet normal 0 0 1
    outer loop
      vertex 144 105 4
      vertex 148.183 138.905 4
      vertex 147.97 139.068 4
    endloop
  endfacet
  facet normal 0 0 1
    outer loop
      vertex 144 105 4
      vertex 147.97 139.068 4
      vertex 147.963 139.073 4
    endloop
  endfacet
  facet normal 0 0 1
    outer loop
      vertex 144 105 4
      vertex 147.963 139.073 4
      vertex 147.765 139.254 4
    endloop
  endfacet
  facet normal 0 0 1
    outer loop
      vertex 144 105 4
      vertex 147.765 139.254 4
      vertex 147.76 139.26 4
    endloop
  endfacet
  facet normal 0 0 1
    outer loop
      vertex 144 105 4
      vertex 147.76 139.26 4
      vertex 147.754 139.265 4
    endloop
  endfacet
  facet normal 0 0 1
    outer loop
      vertex 144 105 4
      vertex 147.754 139.265 4
      vertex 147.573 139.463 4
    endloop
  endfacet
  facet normal 0 0 1
    outer loop
      vertex 144 105 4
      vertex 147.573 139.463 4
      vertex 147.568 139.47 4
    endloop
  endfacet
  facet normal 0 0 1
    outer loop
      vertex 144 105 4
      vertex 147.568 139.47 4
      vertex 147.405 139.683 4
    endloop
  endfacet
  facet normal 0 0 1
    outer loop
      vertex 144 105 4
      vertex 147.405 139.683 4
      vertex 147.26 139.909 4
    endloop
  endfacet
  facet normal 0 0 1
    outer loop
      vertex 144 105 4
      vertex 147.26 139.909 4
      vertex 147.256 139.916 4
    endloop
  endfacet
  facet normal 0 0 1
    outer loop
      vertex 144 105 4
      vertex 147.256 139.916 4
      vertex 147.252 139.923 4
    endloop
  endfacet
  facet normal 0 0 1
    outer loop
      vertex 144 105 4
      vertex 147.252 139.923 4
      vertex 147.128 140.161 4
    endloop
  endfacet
  facet normal 0 0 1
    outer loop
      vertex 144 105 4
      vertex 147.128 140.161 4
      vertex 147.026 140.409 4
    endloop
  endfacet
  facet normal 0 0 1
    outer loop
      vertex 144 105 4
      vertex 147.026 140.409 4
      vertex 147.023 140.416 4
    endloop
  endfacet
  facet normal 0 0 1
    outer loop
      vertex 144 105 4
      vertex 147.023 140.416 4
      vertex 147.02 140.424 4
    endloop
  endfacet
  facet normal 0 0 1
    outer loop
      vertex 144 105 4
      vertex 147.02 140.424 4
      vertex 146.94 140.68 4
    endloop
  endfacet
  facet normal 0 0 1
    outer loop
      vertex 144 105 4
      vertex 146.94 140.68 4
      vertex 146.881 140.942 4
    endloop
  endfacet
  facet normal 0 0 1
    outer loop
      vertex 144 105 4
      vertex 146.881 140.942 4
      vertex 146.88 140.95 4
    endloop
  endfacet
  facet normal 0 0 1
    outer loop
      vertex 144 105 4
      vertex 146.88 140.95 4
      vertex 146.845 141.216 4
    endloop
  endfacet
  facet normal 0 0 1
    outer loop
      vertex 144 105 4
      vertex 146.845 141.216 4
      vertex 146.844 141.224 4
    endloop
  endfacet
  facet normal 0 0 -1
    outer loop
      vertex 146.832 141.5 4
      vertex 146.844 141.224 4
      vertex 146.843 141.232 4
    endloop
  endfacet
  facet normal 0 0 1
    outer loop
      vertex 144 105 4
      vertex 146.844 141.224 4
      vertex 146.832 141.5 4
    endloop
  endfacet
  facet normal 0 0 1
    outer loop
      vertex 144 45 4
      vertex 156 45 4
      vertex 144 105 4
    endloop
  endfacet
  facet normal 0 0 1
    outer loop
      vertex 156 45 4
      vertex 144 45 4
      vertex 156.008 44.8257 4
    endloop
  endfacet
  facet normal 0 0 1
    outer loop
      vertex 143.992 44.8257 4
      vertex 156.008 44.8257 4
      vertex 144 45 4
    endloop
  endfacet
  facet normal 0 0 1
    outer loop
      vertex 156.008 44.8257 4
      vertex 143.992 44.8257 4
      vertex 156.03 44.6527 4
    endloop
  endfacet
  facet normal 0 0 1
    outer loop
      vertex 143.97 44.6527 4
      vertex 156.03 44.6527 4
      vertex 143.992 44.8257 4
    endloop
  endfacet
  facet normal 0 0 1
    outer loop
      vertex 156.03 44.6527 4
      vertex 143.97 44.6527 4
      vertex 156.068 44.4824 4
    endloop
  endfacet
  facet normal 0 0 1
    outer loop
      vertex 143.932 44.4824 4
      vertex 156.068 44.4824 4
      vertex 143.97 44.6527 4
    endloop
  endfacet
  facet normal 0 0 1
    outer loop
      vertex 156.068 44.4824 4
      vertex 143.932 44.4824 4
      vertex 156.121 44.316 4
    endloop
  endfacet
  facet normal 0 0 1
    outer loop
      vertex 143.879 44.316 4
      vertex 156.121 44.316 4
      vertex 143.932 44.4824 4
    endloop
  endfacet
  facet normal 0 0 1
    outer loop
      vertex 156.121 44.316 4
      vertex 143.879 44.316 4
      vertex 156.187 44.1548 4
    endloop
  endfacet
  facet normal 0 0 1
    outer loop
      vertex 143.813 44.1548 4
      vertex 156.187 44.1548 4
      vertex 143.879 44.316 4
    endloop
  endfacet
  facet normal 0 0 1
    outer loop
      vertex 156.187 44.1548 4
      vertex 143.813 44.1548 4
      vertex 156.268 44 4
    endloop
  endfacet
  facet normal 0 0 1
    outer loop
      vertex 143.732 44 4
      vertex 156.268 44 4
      vertex 143.813 44.1548 4
    endloop
  endfacet
  facet normal 0 0 1
    outer loop
      vertex 156.268 44 4
      vertex 143.732 44 4
      vertex 156.362 43.8528 4
    endloop
  endfacet
  facet normal 0 0 1
    outer loop
      vertex 143.638 43.8528 4
      vertex 156.362 43.8528 4
      vertex 143.732 44 4
    endloop
  endfacet
  facet normal 0 0 1
    outer loop
      vertex 156.362 43.8528 4
      vertex 143.638 43.8528 4
      vertex 156.468 43.7144 4
    endloop
  endfacet
  facet normal 0 0 1
    outer loop
      vertex 143.532 43.7144 4
      vertex 156.468 43.7144 4
      vertex 143.638 43.8528 4
    endloop
  endfacet
  facet normal 0 0 1
    outer loop
      vertex 156.468 43.7144 4
      vertex 143.532 43.7144 4
      vertex 156.586 43.5858 4
    endloop
  endfacet
  facet normal 0 0 1
    outer loop
      vertex 143.414 43.5858 4
      vertex 156.586 43.5858 4
      vertex 143.532 43.7144 4
    endloop
  endfacet
  facet normal 0 0 1
    outer loop
      vertex 156.586 43.5858 4
      vertex 143.414 43.5858 4
      vertex 156.714 43.4679 4
    endloop
  endfacet
  facet normal 0 0 1
    outer loop
      vertex 143.286 43.4679 4
      vertex 156.714 43.4679 4
      vertex 143.414 43.5858 4
    endloop
  endfacet
  facet normal 0 0 1
    outer loop
      vertex 156.714 43.4679 4
      vertex 143.286 43.4679 4
      vertex 156.853 43.3617 4
    endloop
  endfacet
  facet normal 0 0 1
    outer loop
      vertex 143.147 43.3617 4
      vertex 156.853 43.3617 4
      vertex 143.286 43.4679 4
    endloop
  endfacet
  facet normal 0 0 1
    outer loop
      vertex 143 43.2679 4
      vertex 156.853 43.3617 4
      vertex 143.147 43.3617 4
    endloop
  endfacet
  facet normal 0 0 1
    outer loop
      vertex 157 43.2679 4
      vertex 143 43.2679 4
      vertex 142.845 43.1874 4
    endloop
  endfacet
  facet normal 0 0 1
    outer loop
      vertex 157.155 43.1874 4
      vertex 142.845 43.1874 4
      vertex 142.684 43.1206 4
    endloop
  endfacet
  facet normal 0 0 1
    outer loop
      vertex 157.316 43.1206 4
      vertex 142.684 43.1206 4
      vertex 142.518 43.0681 4
    endloop
  endfacet
  facet normal 0 0 1
    outer loop
      vertex 157.482 43.0681 4
      vertex 142.518 43.0681 4
      vertex 180 28 4
    endloop
  endfacet
  facet normal -0 0 1
    outer loop
      vertex 142.347 43.0304 4
      vertex 180 28 4
      vertex 142.518 43.0681 4
    endloop
  endfacet
  facet normal 0 0 1
    outer loop
      vertex 120 28 4
      vertex 142.347 43.0304 4
      vertex 142.174 43.0076 4
    endloop
  endfacet
  facet normal 0 0 1
    outer loop
      vertex 120 28 4
      vertex 142.174 43.0076 4
      vertex 142 43 4
    endloop
  endfacet
  facet normal 0 0 1
    outer loop
      vertex 120 28 4
      vertex 142 43 4
      vertex 141.826 43.0076 4
    endloop
  endfacet
  facet normal 0 0 1
    outer loop
      vertex 120 28 4
      vertex 141.826 43.0076 4
      vertex 141.653 43.0304 4
    endloop
  endfacet
  facet normal 0 0 1
    outer loop
      vertex 120 28 4
      vertex 141.653 43.0304 4
      vertex 141.482 43.0681 4
    endloop
  endfacet
  facet normal 0 0 1
    outer loop
      vertex 120 28 4
      vertex 141.482 43.0681 4
      vertex 141.316 43.1206 4
    endloop
  endfacet
  facet normal 0 0 1
    outer loop
      vertex 128 45 4
      vertex 140 45 4
      vertex 128 105 4
    endloop
  endfacet
  facet normal 0 0 1
    outer loop
      vertex 140 45 4
      vertex 128 45 4
      vertex 140.008 44.8257 4
    endloop
  endfacet
  facet normal 0 0 1
    outer loop
      vertex 127.992 44.8257 4
      vertex 140.008 44.8257 4
      vertex 128 45 4
    endloop
  endfacet
  facet normal 0 0 1
    outer loop
      vertex 140.008 44.8257 4
      vertex 127.992 44.8257 4
      vertex 140.03 44.6527 4
    endloop
  endfacet
  facet normal 0 0 1
    outer loop
      vertex 127.97 44.6527 4
      vertex 140.03 44.6527 4
      vertex 127.992 44.8257 4
    endloop
  endfacet
  facet normal 0 0 1
    outer loop
      vertex 140.03 44.6527 4
      vertex 127.97 44.6527 4
      vertex 140.068 44.4824 4
    endloop
  endfacet
  facet normal 0 0 1
    outer loop
      vertex 127.932 44.4824 4
      vertex 140.068 44.4824 4
      vertex 127.97 44.6527 4
    endloop
  endfacet
  facet normal 0 0 1
    outer loop
      vertex 140.068 44.4824 4
      vertex 127.932 44.4824 4
      vertex 140.121 44.316 4
    endloop
  endfacet
  facet normal 0 0 1
    outer loop
      vertex 127.879 44.316 4
      vertex 140.121 44.316 4
      vertex 127.932 44.4824 4
    endloop
  endfacet
  facet normal 0 0 1
    outer loop
      vertex 140.121 44.316 4
      vertex 127.879 44.316 4
      vertex 140.187 44.1548 4
    endloop
  endfacet
  facet normal 0 0 1
    outer loop
      vertex 127.813 44.1548 4
      vertex 140.187 44.1548 4
      vertex 127.879 44.316 4
    endloop
  endfacet
  facet normal 0 0 1
    outer loop
      vertex 140.187 44.1548 4
      vertex 127.813 44.1548 4
      vertex 140.268 44 4
    endloop
  endfacet
  facet normal 0 0 1
    outer loop
      vertex 127.732 44 4
      vertex 140.268 44 4
      vertex 127.813 44.1548 4
    endloop
  endfacet
  facet normal 0 0 1
    outer loop
      vertex 140.268 44 4
      vertex 127.732 44 4
      vertex 140.362 43.8528 4
    endloop
  endfacet
  facet normal 0 0 1
    outer loop
      vertex 127.638 43.8528 4
      vertex 140.362 43.8528 4
      vertex 127.732 44 4
    endloop
  endfacet
  facet normal 0 0 1
    outer loop
      vertex 140.362 43.8528 4
      vertex 127.638 43.8528 4
      vertex 140.468 43.7144 4
    endloop
  endfacet
  facet normal 0 0 1
    outer loop
      vertex 127.532 43.7144 4
      vertex 140.468 43.7144 4
      vertex 127.638 43.8528 4
    endloop
  endfacet
  facet normal 0 0 1
    outer loop
      vertex 140.468 43.7144 4
      vertex 127.532 43.7144 4
      vertex 140.586 43.5858 4
    endloop
  endfacet
  facet normal 0 0 1
    outer loop
      vertex 127.414 43.5858 4
      vertex 140.586 43.5858 4
      vertex 127.532 43.7144 4
    endloop
  endfacet
  facet normal 0 0 1
    outer loop
      vertex 140.586 43.5858 4
      vertex 127.414 43.5858 4
      vertex 140.714 43.4679 4
    endloop
  endfacet
  facet normal 0 0 1
    outer loop
      vertex 127.286 43.4679 4
      vertex 140.714 43.4679 4
      vertex 127.414 43.5858 4
    endloop
  endfacet
  facet normal 0 0 1
    outer loop
      vertex 140.714 43.4679 4
      vertex 127.286 43.4679 4
      vertex 140.853 43.3617 4
    endloop
  endfacet
  facet normal 0 0 1
    outer loop
      vertex 127.147 43.3617 4
      vertex 140.853 43.3617 4
      vertex 127.286 43.4679 4
    endloop
  endfacet
  facet normal 0 0 1
    outer loop
      vertex 140.853 43.3617 4
      vertex 127.147 43.3617 4
      vertex 141 43.2679 4
    endloop
  endfacet
  facet normal 0 0 1
    outer loop
      vertex 127 43.2679 4
      vertex 141 43.2679 4
      vertex 127.147 43.3617 4
    endloop
  endfacet
  facet normal 0 0 1
    outer loop
      vertex 120 28 4
      vertex 141 43.2679 4
      vertex 127 43.2679 4
    endloop
  endfacet
  facet normal 0 0 1
    outer loop
      vertex 141 43.2679 4
      vertex 120 28 4
      vertex 141.155 43.1874 4
    endloop
  endfacet
  facet normal 0 0 1
    outer loop
      vertex 141.155 43.1874 4
      vertex 120 28 4
      vertex 141.316 43.1206 4
    endloop
  endfacet
  facet normal 0 0 1
    outer loop
      vertex 120 28 4
      vertex 127 43.2679 4
      vertex 126.845 43.1874 4
    endloop
  endfacet
  facet normal 0 0 1
    outer loop
      vertex 120 28 4
      vertex 126.845 43.1874 4
      vertex 126.684 43.1206 4
    endloop
  endfacet
  facet normal 0 0 1
    outer loop
      vertex 120 28 4
      vertex 126.684 43.1206 4
      vertex 126.518 43.0681 4
    endloop
  endfacet
  facet normal 0 0 1
    outer loop
      vertex 120 28 4
      vertex 126.518 43.0681 4
      vertex 126.347 43.0304 4
    endloop
  endfacet
  facet normal 0 0 1
    outer loop
      vertex 120 28 4
      vertex 126.347 43.0304 4
      vertex 126.174 43.0076 4
    endloop
  endfacet
  facet normal 0 0 1
    outer loop
      vertex 120 28 4
      vertex 126.174 43.0076 4
      vertex 126 43 4
    endloop
  endfacet
  facet normal 0 0 1
    outer loop
      vertex 120 28 4
      vertex 126 43 4
      vertex 125.826 43.0076 4
    endloop
  endfacet
  facet normal 0 0 1
    outer loop
      vertex 120 28 4
      vertex 125.826 43.0076 4
      vertex 125.653 43.0304 4
    endloop
  endfacet
  facet normal 0 0 1
    outer loop
      vertex 120 28 4
      vertex 125.653 43.0304 4
      vertex 125.482 43.0681 4
    endloop
  endfacet
  facet normal 0 0 1
    outer loop
      vertex 142.347 43.0304 4
      vertex 120 28 4
      vertex 180 28 4
    endloop
  endfacet
  facet normal 0 0 1
    outer loop
      vertex 125.316 43.1206 4
      vertex 120 28 4
      vertex 125.482 43.0681 4
    endloop
  endfacet
  facet normal 0 0 1
    outer loop
      vertex 125.155 43.1874 4
      vertex 120 28 4
      vertex 125.316 43.1206 4
    endloop
  endfacet
  facet normal 0 0 1
    outer loop
      vertex 125 43.2679 4
      vertex 120 28 4
      vertex 125.155 43.1874 4
    endloop
  endfacet
  facet normal 0 0 1
    outer loop
      vertex 124.853 43.3617 4
      vertex 120 28 4
      vertex 125 43.2679 4
    endloop
  endfacet
  facet normal 0 0 1
    outer loop
      vertex 124.714 43.4679 4
      vertex 120 28 4
      vertex 124.853 43.3617 4
    endloop
  endfacet
  facet normal 0 0 1
    outer loop
      vertex 124.586 43.5858 4
      vertex 120 28 4
      vertex 124.714 43.4679 4
    endloop
  endfacet
  facet normal 0 0 1
    outer loop
      vertex 124.468 43.7144 4
      vertex 120 28 4
      vertex 124.586 43.5858 4
    endloop
  endfacet
  facet normal 0 0 1
    outer loop
      vertex 124.362 43.8528 4
      vertex 120 28 4
      vertex 124.468 43.7144 4
    endloop
  endfacet
  facet normal 0 0 1
    outer loop
      vertex 124.268 44 4
      vertex 120 28 4
      vertex 124.362 43.8528 4
    endloop
  endfacet
  facet normal 0 0 1
    outer loop
      vertex 124.187 44.1548 4
      vertex 120 28 4
      vertex 124.268 44 4
    endloop
  endfacet
  facet normal 0 0 1
    outer loop
      vertex 124.121 44.316 4
      vertex 120 28 4
      vertex 124.187 44.1548 4
    endloop
  endfacet
  facet normal 0 0 1
    outer loop
      vertex 124.068 44.4824 4
      vertex 120 28 4
      vertex 124.121 44.316 4
    endloop
  endfacet
  facet normal 0 0 1
    outer loop
      vertex 124.03 44.6527 4
      vertex 120 28 4
      vertex 124.068 44.4824 4
    endloop
  endfacet
  facet normal 0 0 1
    outer loop
      vertex 124.008 44.8257 4
      vertex 120 28 4
      vertex 124.03 44.6527 4
    endloop
  endfacet
  facet normal 0 0 1
    outer loop
      vertex 120 28 4
      vertex 124.008 44.8257 4
      vertex 124 45 4
    endloop
  endfacet
  facet normal -0.990876 -0.134776 0
    outer loop
      vertex 151.694 8.64816 0
      vertex 151.674 8.7952 2.2
      vertex 151.674 8.7952 0
    endloop
  endfacet
  facet normal -0.990876 -0.134776 0
    outer loop
      vertex 151.674 8.7952 2.2
      vertex 151.694 8.64816 0
      vertex 151.694 8.64816 2.2
    endloop
  endfacet
  facet normal -0.999181 -0.0404636 0
    outer loop
      vertex 151.7 8.5 0
      vertex 151.694 8.64816 2.2
      vertex 151.694 8.64816 0
    endloop
  endfacet
  facet normal -0.999181 -0.0404636 0
    outer loop
      vertex 151.694 8.64816 2.2
      vertex 151.7 8.5 0
      vertex 151.7 8.5 2.2
    endloop
  endfacet
  facet normal -0.976437 -0.215802 0
    outer loop
      vertex 151.674 8.7952 0
      vertex 151.642 8.93999 2.2
      vertex 151.642 8.93999 0
    endloop
  endfacet
  facet normal -0.976437 -0.215802 0
    outer loop
      vertex 151.642 8.93999 2.2
      vertex 151.674 8.7952 0
      vertex 151.674 8.7952 2.2
    endloop
  endfacet
  facet normal 0.216146 -0.976361 0
    outer loop
      vertex 149.56 10.1421 0
      vertex 149.705 10.1742 2.2
      vertex 149.56 10.1421 2.2
    endloop
  endfacet
  facet normal 0.216146 -0.976361 0
    outer loop
      vertex 149.705 10.1742 2.2
      vertex 149.56 10.1421 0
      vertex 149.705 10.1742 0
    endloop
  endfacet
  facet normal -0.845482 -0.534003 0
    outer loop
      vertex 151.472 9.35 0
      vertex 151.393 9.47508 2.2
      vertex 151.393 9.47508 0
    endloop
  endfacet
  facet normal -0.845482 -0.534003 0
    outer loop
      vertex 151.393 9.47508 2.2
      vertex 151.472 9.35 0
      vertex 151.472 9.35 2.2
    endloop
  endfacet
  facet normal 0.976437 0.215802 0
    outer loop
      vertex 148.358 8.06001 2.2
      vertex 148.326 8.2048 0
      vertex 148.326 8.2048 2.2
    endloop
  endfacet
  facet normal 0.976437 0.215802 0
    outer loop
      vertex 148.326 8.2048 0
      vertex 148.358 8.06001 2.2
      vertex 148.358 8.06001 0
    endloop
  endfacet
  facet normal -0.737921 -0.674887 0
    outer loop
      vertex 151.302 9.59274 0
      vertex 151.202 9.70208 2.2
      vertex 151.202 9.70208 0
    endloop
  endfacet
  facet normal -0.737921 -0.674887 0
    outer loop
      vertex 151.202 9.70208 2.2
      vertex 151.302 9.59274 0
      vertex 151.302 9.59274 2.2
    endloop
  endfacet
  facet normal -0.999181 0.0404609 0
    outer loop
      vertex 151.694 8.35183 0
      vertex 151.7 8.5 2.2
      vertex 151.7 8.5 0
    endloop
  endfacet
  facet normal -0.999181 0.0404609 0
    outer loop
      vertex 151.7 8.5 2.2
      vertex 151.694 8.35183 0
      vertex 151.694 8.35183 2.2
    endloop
  endfacet
  facet normal -0.676764 0.7362 0
    outer loop
      vertex 151.202 7.29792 0
      vertex 151.093 7.19772 2.2
      vertex 151.202 7.29792 2.2
    endloop
  endfacet
  facet normal -0.676764 0.7362 0
    outer loop
      vertex 151.093 7.19772 2.2
      vertex 151.202 7.29792 0
      vertex 151.093 7.19772 0
    endloop
  endfacet
  facet normal 0.791022 -0.611788 0
    outer loop
      vertex 148.607 9.47508 2.2
      vertex 148.698 9.59274 0
      vertex 148.698 9.59274 2.2
    endloop
  endfacet
  facet normal 0.791022 -0.611788 0
    outer loop
      vertex 148.698 9.59274 0
      vertex 148.607 9.47508 2.2
      vertex 148.607 9.47508 0
    endloop
  endfacet
  facet normal -0.382757 0.923849 0
    outer loop
      vertex 150.718 6.95928 0
      vertex 150.581 6.90252 2.2
      vertex 150.718 6.95928 2.2
    endloop
  endfacet
  facet normal -0.382757 0.923849 0
    outer loop
      vertex 150.581 6.90252 2.2
      vertex 150.718 6.95928 0
      vertex 150.581 6.90252 0
    endloop
  endfacet
  facet normal -0.952933 -0.303181 0
    outer loop
      vertex 151.642 8.93999 0
      vertex 151.597 9.08143 2.2
      vertex 151.597 9.08143 0
    endloop
  endfacet
  facet normal -0.952933 -0.303181 0
    outer loop
      vertex 151.597 9.08143 2.2
      vertex 151.642 8.93999 0
      vertex 151.642 8.93999 2.2
    endloop
  endfacet
  facet normal -0.130573 0.991439 0
    outer loop
      vertex 150.295 6.82583 0
      vertex 150.148 6.80647 2.2
      vertex 150.295 6.82583 2.2
    endloop
  endfacet
  facet normal -0.130573 0.991439 0
    outer loop
      vertex 150.148 6.80647 2.2
      vertex 150.295 6.82583 0
      vertex 150.148 6.80647 0
    endloop
  endfacet
  facet normal 0.976437 -0.215802 0
    outer loop
      vertex 148.326 8.7952 2.2
      vertex 148.358 8.93999 0
      vertex 148.358 8.93999 2.2
    endloop
  endfacet
  facet normal 0.976437 -0.215802 0
    outer loop
      vertex 148.358 8.93999 0
      vertex 148.326 8.7952 2.2
      vertex 148.326 8.7952 0
    endloop
  endfacet
  facet normal 0.607682 -0.79418 0
    outer loop
      vertex 148.907 9.80227 0
      vertex 149.025 9.89256 2.2
      vertex 148.907 9.80227 2.2
    endloop
  endfacet
  facet normal 0.607682 -0.79418 0
    outer loop
      vertex 149.025 9.89256 2.2
      vertex 148.907 9.80227 0
      vertex 149.025 9.89256 0
    endloop
  endfacet
  facet normal 0.0438766 -0.999037 0
    outer loop
      vertex 149.852 10.1935 0
      vertex 150 10.2 2.2
      vertex 149.852 10.1935 2.2
    endloop
  endfacet
  facet normal 0.0438766 -0.999037 0
    outer loop
      vertex 150 10.2 2.2
      vertex 149.852 10.1935 0
      vertex 150 10.2 0
    endloop
  endfacet
  facet normal 0.60764 0.794213 -0
    outer loop
      vertex 149.025 7.10744 0
      vertex 148.907 7.19772 2.2
      vertex 149.025 7.10744 2.2
    endloop
  endfacet
  facet normal 0.60764 0.794213 0
    outer loop
      vertex 148.907 7.19772 2.2
      vertex 149.025 7.10744 0
      vertex 148.907 7.19772 0
    endloop
  endfacet
  facet normal 0.382987 -0.923754 0
    outer loop
      vertex 149.282 10.0407 0
      vertex 149.419 10.0975 2.2
      vertex 149.282 10.0407 2.2
    endloop
  endfacet
  facet normal 0.382987 -0.923754 0
    outer loop
      vertex 149.419 10.0975 2.2
      vertex 149.282 10.0407 0
      vertex 149.419 10.0975 0
    endloop
  endfacet
  facet normal 0.999181 -0.0404636 0
    outer loop
      vertex 148.3 8.5 2.2
      vertex 148.306 8.64816 0
      vertex 148.306 8.64816 2.2
    endloop
  endfacet
  facet normal 0.999181 -0.0404636 0
    outer loop
      vertex 148.306 8.64816 0
      vertex 148.3 8.5 2.2
      vertex 148.3 8.5 0
    endloop
  endfacet
  facet normal -0.301584 -0.953439 0
    outer loop
      vertex 150.44 10.1421 0
      vertex 150.581 10.0975 2.2
      vertex 150.44 10.1421 2.2
    endloop
  endfacet
  facet normal -0.301584 -0.953439 -0
    outer loop
      vertex 150.581 10.0975 2.2
      vertex 150.44 10.1421 0
      vertex 150.581 10.0975 0
    endloop
  endfacet
  facet normal 0.301584 -0.953439 0
    outer loop
      vertex 149.419 10.0975 0
      vertex 149.56 10.1421 2.2
      vertex 149.419 10.0975 2.2
    endloop
  endfacet
  facet normal 0.301584 -0.953439 0
    outer loop
      vertex 149.56 10.1421 2.2
      vertex 149.419 10.0975 0
      vertex 149.56 10.1421 0
    endloop
  endfacet
  facet normal -0.925674 -0.378322 0
    outer loop
      vertex 151.597 9.08143 0
      vertex 151.541 9.21845 2.2
      vertex 151.541 9.21845 0
    endloop
  endfacet
  facet normal -0.925674 -0.378322 0
    outer loop
      vertex 151.541 9.21845 2.2
      vertex 151.597 9.08143 0
      vertex 151.597 9.08143 2.2
    endloop
  endfacet
  facet normal -0.301523 0.953459 0
    outer loop
      vertex 150.581 6.90252 0
      vertex 150.44 6.85793 2.2
      vertex 150.581 6.90252 2.2
    endloop
  endfacet
  facet normal -0.301523 0.953459 0
    outer loop
      vertex 150.44 6.85793 2.2
      vertex 150.581 6.90252 0
      vertex 150.44 6.85793 0
    endloop
  endfacet
  facet normal -0.216146 0.976361 0
    outer loop
      vertex 150.44 6.85793 0
      vertex 150.295 6.82583 2.2
      vertex 150.44 6.85793 2.2
    endloop
  endfacet
  facet normal -0.216146 0.976361 0
    outer loop
      vertex 150.295 6.82583 2.2
      vertex 150.44 6.85793 0
      vertex 150.295 6.82583 0
    endloop
  endfacet
  facet normal -0.607682 -0.79418 0
    outer loop
      vertex 150.975 9.89256 0
      vertex 151.093 9.80227 2.2
      vertex 150.975 9.89256 2.2
    endloop
  endfacet
  facet normal -0.607682 -0.79418 -0
    outer loop
      vertex 151.093 9.80227 2.2
      vertex 150.975 9.89256 0
      vertex 151.093 9.80227 0
    endloop
  endfacet
  facet normal 0.460506 0.887657 -0
    outer loop
      vertex 149.282 6.95928 0
      vertex 149.15 7.02776 2.2
      vertex 149.282 6.95928 2.2
    endloop
  endfacet
  facet normal 0.460506 0.887657 0
    outer loop
      vertex 149.15 7.02776 2.2
      vertex 149.282 6.95928 0
      vertex 149.15 7.02776 0
    endloop
  endfacet
  facet normal -0.0438766 -0.999037 0
    outer loop
      vertex 150 10.2 0
      vertex 150.148 10.1935 2.2
      vertex 150 10.2 2.2
    endloop
  endfacet
  facet normal -0.0438766 -0.999037 -0
    outer loop
      vertex 150.148 10.1935 2.2
      vertex 150 10.2 0
      vertex 150.148 10.1935 0
    endloop
  endfacet
  facet normal 0.537521 -0.84325 0
    outer loop
      vertex 149.025 9.89256 0
      vertex 149.15 9.97224 2.2
      vertex 149.025 9.89256 2.2
    endloop
  endfacet
  facet normal 0.537521 -0.84325 0
    outer loop
      vertex 149.15 9.97224 2.2
      vertex 149.025 9.89256 0
      vertex 149.15 9.97224 0
    endloop
  endfacet
  facet normal -0.130175 -0.991491 0
    outer loop
      vertex 150.148 10.1935 0
      vertex 150.295 10.1742 2.2
      vertex 150.148 10.1935 2.2
    endloop
  endfacet
  facet normal -0.130175 -0.991491 -0
    outer loop
      vertex 150.295 10.1742 2.2
      vertex 150.148 10.1935 0
      vertex 150.295 10.1742 0
    endloop
  endfacet
  facet normal -0.791022 0.611788 0
    outer loop
      vertex 151.302 7.40726 0
      vertex 151.393 7.52492 2.2
      vertex 151.393 7.52492 0
    endloop
  endfacet
  facet normal -0.791022 0.611788 0
    outer loop
      vertex 151.393 7.52492 2.2
      vertex 151.302 7.40726 0
      vertex 151.302 7.40726 2.2
    endloop
  endfacet
  facet normal -0.990875 0.134785 0
    outer loop
      vertex 151.674 8.2048 0
      vertex 151.694 8.35183 2.2
      vertex 151.694 8.35183 0
    endloop
  endfacet
  facet normal -0.990875 0.134785 0
    outer loop
      vertex 151.694 8.35183 2.2
      vertex 151.674 8.2048 0
      vertex 151.674 8.2048 2.2
    endloop
  endfacet
  facet normal -0.382987 -0.923754 0
    outer loop
      vertex 150.581 10.0975 0
      vertex 150.718 10.0407 2.2
      vertex 150.581 10.0975 2.2
    endloop
  endfacet
  facet normal -0.382987 -0.923754 -0
    outer loop
      vertex 150.718 10.0407 2.2
      vertex 150.581 10.0975 0
      vertex 150.718 10.0407 0
    endloop
  endfacet
  facet normal 0.676727 -0.736234 0
    outer loop
      vertex 148.798 9.70208 0
      vertex 148.907 9.80227 2.2
      vertex 148.798 9.70208 2.2
    endloop
  endfacet
  facet normal 0.676727 -0.736234 0
    outer loop
      vertex 148.907 9.80227 2.2
      vertex 148.798 9.70208 0
      vertex 148.907 9.80227 0
    endloop
  endfacet
  facet normal 0.845482 -0.534003 0
    outer loop
      vertex 148.528 9.35 2.2
      vertex 148.607 9.47508 0
      vertex 148.607 9.47508 2.2
    endloop
  endfacet
  facet normal 0.845482 -0.534003 0
    outer loop
      vertex 148.607 9.47508 0
      vertex 148.528 9.35 2.2
      vertex 148.528 9.35 0
    endloop
  endfacet
  facet normal 0.382757 0.923849 -0
    outer loop
      vertex 149.419 6.90252 0
      vertex 149.282 6.95928 2.2
      vertex 149.419 6.90252 2.2
    endloop
  endfacet
  facet normal 0.382757 0.923849 0
    outer loop
      vertex 149.282 6.95928 2.2
      vertex 149.419 6.90252 0
      vertex 149.282 6.95928 0
    endloop
  endfacet
  facet normal -0.460506 0.887657 0
    outer loop
      vertex 150.85 7.02776 0
      vertex 150.718 6.95928 2.2
      vertex 150.85 7.02776 2.2
    endloop
  endfacet
  facet normal -0.460506 0.887657 0
    outer loop
      vertex 150.718 6.95928 2.2
      vertex 150.85 7.02776 0
      vertex 150.718 6.95928 0
    endloop
  endfacet
  facet normal 0.301523 0.953459 -0
    outer loop
      vertex 149.56 6.85793 0
      vertex 149.419 6.90252 2.2
      vertex 149.56 6.85793 2.2
    endloop
  endfacet
  facet normal 0.301523 0.953459 0
    outer loop
      vertex 149.419 6.90252 2.2
      vertex 149.56 6.85793 0
      vertex 149.419 6.90252 0
    endloop
  endfacet
  facet normal -0.976437 0.215802 0
    outer loop
      vertex 151.642 8.06001 0
      vertex 151.674 8.2048 2.2
      vertex 151.674 8.2048 0
    endloop
  endfacet
  facet normal -0.976437 0.215802 0
    outer loop
      vertex 151.674 8.2048 2.2
      vertex 151.642 8.06001 0
      vertex 151.642 8.06001 2.2
    endloop
  endfacet
  facet normal -0.952933 0.303181 0
    outer loop
      vertex 151.597 7.91857 0
      vertex 151.642 8.06001 2.2
      vertex 151.642 8.06001 0
    endloop
  endfacet
  facet normal -0.952933 0.303181 0
    outer loop
      vertex 151.642 8.06001 2.2
      vertex 151.597 7.91857 0
      vertex 151.597 7.91857 2.2
    endloop
  endfacet
  facet normal -0.885574 -0.464497 0
    outer loop
      vertex 151.541 9.21845 0
      vertex 151.472 9.35 2.2
      vertex 151.472 9.35 0
    endloop
  endfacet
  facet normal -0.885574 -0.464497 0
    outer loop
      vertex 151.472 9.35 2.2
      vertex 151.541 9.21845 0
      vertex 151.541 9.21845 2.2
    endloop
  endfacet
  facet normal -0.676727 -0.736234 0
    outer loop
      vertex 151.093 9.80227 0
      vertex 151.202 9.70208 2.2
      vertex 151.093 9.80227 2.2
    endloop
  endfacet
  facet normal -0.676727 -0.736234 -0
    outer loop
      vertex 151.202 9.70208 2.2
      vertex 151.093 9.80227 0
      vertex 151.202 9.70208 0
    endloop
  endfacet
  facet normal 0.952933 0.303181 0
    outer loop
      vertex 148.403 7.91857 2.2
      vertex 148.358 8.06001 0
      vertex 148.358 8.06001 2.2
    endloop
  endfacet
  facet normal 0.952933 0.303181 0
    outer loop
      vertex 148.358 8.06001 0
      vertex 148.403 7.91857 2.2
      vertex 148.403 7.91857 0
    endloop
  endfacet
  facet normal -0.0436745 0.999046 0
    outer loop
      vertex 150.148 6.80647 0
      vertex 150 6.8 2.2
      vertex 150.148 6.80647 2.2
    endloop
  endfacet
  facet normal -0.0436745 0.999046 0
    outer loop
      vertex 150 6.8 2.2
      vertex 150.148 6.80647 0
      vertex 150 6.8 0
    endloop
  endfacet
  facet normal 0.130175 -0.991491 0
    outer loop
      vertex 149.705 10.1742 0
      vertex 149.852 10.1935 2.2
      vertex 149.705 10.1742 2.2
    endloop
  endfacet
  facet normal 0.130175 -0.991491 0
    outer loop
      vertex 149.852 10.1935 2.2
      vertex 149.705 10.1742 0
      vertex 149.852 10.1935 0
    endloop
  endfacet
  facet normal -0.885574 0.464497 0
    outer loop
      vertex 151.472 7.65 0
      vertex 151.541 7.78155 2.2
      vertex 151.541 7.78155 0
    endloop
  endfacet
  facet normal -0.885574 0.464497 0
    outer loop
      vertex 151.541 7.78155 2.2
      vertex 151.472 7.65 0
      vertex 151.472 7.65 2.2
    endloop
  endfacet
  facet normal 0.216146 0.976361 -0
    outer loop
      vertex 149.705 6.82583 0
      vertex 149.56 6.85793 2.2
      vertex 149.705 6.82583 2.2
    endloop
  endfacet
  facet normal 0.216146 0.976361 0
    outer loop
      vertex 149.56 6.85793 2.2
      vertex 149.705 6.82583 0
      vertex 149.56 6.85793 0
    endloop
  endfacet
  facet normal 0.952933 -0.303181 0
    outer loop
      vertex 148.358 8.93999 2.2
      vertex 148.403 9.08143 0
      vertex 148.403 9.08143 2.2
    endloop
  endfacet
  facet normal 0.952933 -0.303181 0
    outer loop
      vertex 148.403 9.08143 0
      vertex 148.358 8.93999 2.2
      vertex 148.358 8.93999 0
    endloop
  endfacet
  facet normal -0.925674 0.378322 0
    outer loop
      vertex 151.541 7.78155 0
      vertex 151.597 7.91857 2.2
      vertex 151.597 7.91857 0
    endloop
  endfacet
  facet normal -0.925674 0.378322 0
    outer loop
      vertex 151.597 7.91857 2.2
      vertex 151.541 7.78155 0
      vertex 151.541 7.78155 2.2
    endloop
  endfacet
  facet normal 0.885574 -0.464497 0
    outer loop
      vertex 148.459 9.21845 2.2
      vertex 148.528 9.35 0
      vertex 148.528 9.35 2.2
    endloop
  endfacet
  facet normal 0.885574 -0.464497 0
    outer loop
      vertex 148.528 9.35 0
      vertex 148.459 9.21845 2.2
      vertex 148.459 9.21845 0
    endloop
  endfacet
  facet normal 0.4604 -0.887712 0
    outer loop
      vertex 149.15 9.97224 0
      vertex 149.282 10.0407 2.2
      vertex 149.15 9.97224 2.2
    endloop
  endfacet
  facet normal 0.4604 -0.887712 0
    outer loop
      vertex 149.282 10.0407 2.2
      vertex 149.15 9.97224 0
      vertex 149.282 10.0407 0
    endloop
  endfacet
  facet normal 0.845482 0.534003 0
    outer loop
      vertex 148.607 7.52492 2.2
      vertex 148.528 7.65 0
      vertex 148.528 7.65 2.2
    endloop
  endfacet
  facet normal 0.845482 0.534003 0
    outer loop
      vertex 148.528 7.65 0
      vertex 148.607 7.52492 2.2
      vertex 148.607 7.52492 0
    endloop
  endfacet
  facet normal -0.791022 -0.611788 0
    outer loop
      vertex 151.393 9.47508 0
      vertex 151.302 9.59274 2.2
      vertex 151.302 9.59274 0
    endloop
  endfacet
  facet normal -0.791022 -0.611788 0
    outer loop
      vertex 151.302 9.59274 2.2
      vertex 151.393 9.47508 0
      vertex 151.393 9.47508 2.2
    endloop
  endfacet
  facet normal 0.990876 -0.134776 0
    outer loop
      vertex 148.306 8.64816 2.2
      vertex 148.326 8.7952 0
      vertex 148.326 8.7952 2.2
    endloop
  endfacet
  facet normal 0.990876 -0.134776 0
    outer loop
      vertex 148.326 8.7952 0
      vertex 148.306 8.64816 2.2
      vertex 148.306 8.64816 0
    endloop
  endfacet
  facet normal 0.737921 -0.674887 0
    outer loop
      vertex 148.698 9.59274 2.2
      vertex 148.798 9.70208 0
      vertex 148.798 9.70208 2.2
    endloop
  endfacet
  facet normal 0.737921 -0.674887 0
    outer loop
      vertex 148.798 9.70208 0
      vertex 148.698 9.59274 2.2
      vertex 148.698 9.59274 0
    endloop
  endfacet
  facet normal 0.885574 0.464497 0
    outer loop
      vertex 148.528 7.65 2.2
      vertex 148.459 7.78155 0
      vertex 148.459 7.78155 2.2
    endloop
  endfacet
  facet normal 0.885574 0.464497 0
    outer loop
      vertex 148.459 7.78155 0
      vertex 148.528 7.65 2.2
      vertex 148.528 7.65 0
    endloop
  endfacet
  facet normal 0.990875 0.134785 0
    outer loop
      vertex 148.326 8.2048 2.2
      vertex 148.306 8.35183 0
      vertex 148.306 8.35183 2.2
    endloop
  endfacet
  facet normal 0.990875 0.134785 0
    outer loop
      vertex 148.306 8.35183 0
      vertex 148.326 8.2048 2.2
      vertex 148.326 8.2048 0
    endloop
  endfacet
  facet normal 0.0436745 0.999046 -0
    outer loop
      vertex 150 6.8 0
      vertex 149.852 6.80647 2.2
      vertex 150 6.8 2.2
    endloop
  endfacet
  facet normal 0.0436745 0.999046 0
    outer loop
      vertex 149.852 6.80647 2.2
      vertex 150 6.8 0
      vertex 149.852 6.80647 0
    endloop
  endfacet
  facet normal 0.676764 0.7362 -0
    outer loop
      vertex 148.907 7.19772 0
      vertex 148.798 7.29792 2.2
      vertex 148.907 7.19772 2.2
    endloop
  endfacet
  facet normal 0.676764 0.7362 0
    outer loop
      vertex 148.798 7.29792 2.2
      vertex 148.907 7.19772 0
      vertex 148.798 7.29792 0
    endloop
  endfacet
  facet normal -0.4604 -0.887712 0
    outer loop
      vertex 150.718 10.0407 0
      vertex 150.85 9.97224 2.2
      vertex 150.718 10.0407 2.2
    endloop
  endfacet
  facet normal -0.4604 -0.887712 -0
    outer loop
      vertex 150.85 9.97224 2.2
      vertex 150.718 10.0407 0
      vertex 150.85 9.97224 0
    endloop
  endfacet
  facet normal -0.537521 0.84325 0
    outer loop
      vertex 150.975 7.10744 0
      vertex 150.85 7.02776 2.2
      vertex 150.975 7.10744 2.2
    endloop
  endfacet
  facet normal -0.537521 0.84325 0
    outer loop
      vertex 150.85 7.02776 2.2
      vertex 150.975 7.10744 0
      vertex 150.85 7.02776 0
    endloop
  endfacet
  facet normal 0.925674 0.378322 0
    outer loop
      vertex 148.459 7.78155 2.2
      vertex 148.403 7.91857 0
      vertex 148.403 7.91857 2.2
    endloop
  endfacet
  facet normal 0.925674 0.378322 0
    outer loop
      vertex 148.403 7.91857 0
      vertex 148.459 7.78155 2.2
      vertex 148.459 7.78155 0
    endloop
  endfacet
  facet normal 0.925674 -0.378322 0
    outer loop
      vertex 148.403 9.08143 2.2
      vertex 148.459 9.21845 0
      vertex 148.459 9.21845 2.2
    endloop
  endfacet
  facet normal 0.925674 -0.378322 0
    outer loop
      vertex 148.459 9.21845 0
      vertex 148.403 9.08143 2.2
      vertex 148.403 9.08143 0
    endloop
  endfacet
  facet normal -0.537521 -0.84325 0
    outer loop
      vertex 150.85 9.97224 0
      vertex 150.975 9.89256 2.2
      vertex 150.85 9.97224 2.2
    endloop
  endfacet
  facet normal -0.537521 -0.84325 -0
    outer loop
      vertex 150.975 9.89256 2.2
      vertex 150.85 9.97224 0
      vertex 150.975 9.89256 0
    endloop
  endfacet
  facet normal 0.737921 0.674887 0
    outer loop
      vertex 148.798 7.29792 2.2
      vertex 148.698 7.40726 0
      vertex 148.698 7.40726 2.2
    endloop
  endfacet
  facet normal 0.737921 0.674887 0
    outer loop
      vertex 148.698 7.40726 0
      vertex 148.798 7.29792 2.2
      vertex 148.798 7.29792 0
    endloop
  endfacet
  facet normal 0.791022 0.611788 0
    outer loop
      vertex 148.698 7.40726 2.2
      vertex 148.607 7.52492 0
      vertex 148.607 7.52492 2.2
    endloop
  endfacet
  facet normal 0.791022 0.611788 0
    outer loop
      vertex 148.607 7.52492 0
      vertex 148.698 7.40726 2.2
      vertex 148.698 7.40726 0
    endloop
  endfacet
  facet normal -0.60764 0.794213 0
    outer loop
      vertex 151.093 7.19772 0
      vertex 150.975 7.10744 2.2
      vertex 151.093 7.19772 2.2
    endloop
  endfacet
  facet normal -0.60764 0.794213 0
    outer loop
      vertex 150.975 7.10744 2.2
      vertex 151.093 7.19772 0
      vertex 150.975 7.10744 0
    endloop
  endfacet
  facet normal 0.999181 0.0404609 0
    outer loop
      vertex 148.306 8.35183 2.2
      vertex 148.3 8.5 0
      vertex 148.3 8.5 2.2
    endloop
  endfacet
  facet normal 0.999181 0.0404609 0
    outer loop
      vertex 148.3 8.5 0
      vertex 148.306 8.35183 2.2
      vertex 148.306 8.35183 0
    endloop
  endfacet
  facet normal -0.845482 0.534003 0
    outer loop
      vertex 151.393 7.52492 0
      vertex 151.472 7.65 2.2
      vertex 151.472 7.65 0
    endloop
  endfacet
  facet normal -0.845482 0.534003 0
    outer loop
      vertex 151.472 7.65 2.2
      vertex 151.393 7.52492 0
      vertex 151.393 7.52492 2.2
    endloop
  endfacet
  facet normal -0.737921 0.674887 0
    outer loop
      vertex 151.202 7.29792 0
      vertex 151.302 7.40726 2.2
      vertex 151.302 7.40726 0
    endloop
  endfacet
  facet normal -0.737921 0.674887 0
    outer loop
      vertex 151.302 7.40726 2.2
      vertex 151.202 7.29792 0
      vertex 151.202 7.29792 2.2
    endloop
  endfacet
  facet normal 0.537521 0.84325 -0
    outer loop
      vertex 149.15 7.02776 0
      vertex 149.025 7.10744 2.2
      vertex 149.15 7.02776 2.2
    endloop
  endfacet
  facet normal 0.537521 0.84325 0
    outer loop
      vertex 149.025 7.10744 2.2
      vertex 149.15 7.02776 0
      vertex 149.025 7.10744 0
    endloop
  endfacet
  facet normal -0.216146 -0.976361 0
    outer loop
      vertex 150.295 10.1742 0
      vertex 150.44 10.1421 2.2
      vertex 150.295 10.1742 2.2
    endloop
  endfacet
  facet normal -0.216146 -0.976361 -0
    outer loop
      vertex 150.44 10.1421 2.2
      vertex 150.295 10.1742 0
      vertex 150.44 10.1421 0
    endloop
  endfacet
  facet normal 0.130573 0.991439 -0
    outer loop
      vertex 149.852 6.80647 0
      vertex 149.705 6.82583 2.2
      vertex 149.852 6.80647 2.2
    endloop
  endfacet
  facet normal 0.130573 0.991439 0
    outer loop
      vertex 149.705 6.82583 2.2
      vertex 149.852 6.80647 0
      vertex 149.705 6.82583 0
    endloop
  endfacet
  facet normal -0.739958 0.231083 0.631714
    outer loop
      vertex 152.98 7.42378 4
      vertex 153.06 7.67995 4
      vertex 151.642 8.06001 2.2
    endloop
  endfacet
  facet normal -0.416683 -0.653681 0.631725
    outer loop
      vertex 150.975 9.89256 2.2
      vertex 151.584 11.2439 4
      vertex 150.85 9.97224 2.2
    endloop
  endfacet
  facet normal -0.398267 -0.663778 0.633074
    outer loop
      vertex 151.584 11.2439 4
      vertex 150.975 9.89256 2.2
      vertex 151.591 11.2397 4
    endloop
  endfacet
  facet normal 0.662183 -0.401323 0.632813
    outer loop
      vertex 147.256 10.0842 4
      vertex 148.607 9.47508 2.2
      vertex 147.26 10.0908 4
    endloop
  endfacet
  facet normal 0.655296 -0.413882 0.631893
    outer loop
      vertex 148.607 9.47508 2.2
      vertex 147.256 10.0842 4
      vertex 148.528 9.35 2.2
    endloop
  endfacet
  facet normal -0.774563 -0.0317503 0.631699
    outer loop
      vertex 153.168 8.5 4
      vertex 153.157 8.76835 4
      vertex 151.7 8.5 2.2
    endloop
  endfacet
  facet normal -0.768996 -0.0985892 0.631606
    outer loop
      vertex 151.694 8.64816 2.2
      vertex 153.157 8.76835 4
      vertex 153.156 8.77615 4
    endloop
  endfacet
  facet normal -0.7746 -0.0313688 0.631673
    outer loop
      vertex 153.157 8.76835 4
      vertex 151.694 8.64816 2.2
      vertex 151.7 8.5 2.2
    endloop
  endfacet
  facet normal 0.398267 -0.663778 0.633074
    outer loop
      vertex 149.025 9.89256 2.2
      vertex 148.416 11.2439 4
      vertex 148.409 11.2397 4
    endloop
  endfacet
  facet normal 0.416683 -0.653681 0.631725
    outer loop
      vertex 148.416 11.2439 4
      vertex 149.025 9.89256 2.2
      vertex 149.15 9.97224 2.2
    endloop
  endfacet
  facet normal -0.687589 -0.357834 0.631803
    outer loop
      vertex 152.872 9.83903 4
      vertex 152.748 10.0773 4
      vertex 151.541 9.21845 2.2
    endloop
  endfacet
  facet normal 0.358375 -0.687295 0.631817
    outer loop
      vertex 149.282 10.0407 2.2
      vertex 148.661 11.3716 4
      vertex 148.423 11.2475 4
    endloop
  endfacet
  facet normal -0.233237 0.739244 0.631759
    outer loop
      vertex 150.82 5.43954 4
      vertex 151.076 5.52031 4
      vertex 150.44 6.85793 2.2
    endloop
  endfacet
  facet normal 0.774563 0.0317503 0.631699
    outer loop
      vertex 146.843 8.23165 4
      vertex 148.3 8.5 2.2
      vertex 146.832 8.5 4
    endloop
  endfacet
  facet normal -0.296786 0.716052 0.631812
    outer loop
      vertex 151.091 5.52564 4
      vertex 151.339 5.62843 4
      vertex 150.718 6.95928 2.2
    endloop
  endfacet
  facet normal 0.572237 -0.522841 0.631809
    outer loop
      vertex 148.698 9.59274 2.2
      vertex 147.754 10.7347 4
      vertex 147.573 10.5366 4
    endloop
  endfacet
  facet normal 0.472018 -0.614923 0.631719
    outer loop
      vertex 149.025 9.89256 2.2
      vertex 148.183 11.0954 4
      vertex 147.97 10.9319 4
    endloop
  endfacet
  facet normal 0.356986 0.688115 0.631712
    outer loop
      vertex 149.15 7.02776 2.2
      vertex 148.423 5.75246 4
      vertex 149.282 6.95928 2.2
    endloop
  endfacet
  facet normal 0.35533 0.689005 0.631674
    outer loop
      vertex 148.423 5.75246 4
      vertex 149.15 7.02776 2.2
      vertex 148.416 5.75607 4
    endloop
  endfacet
  facet normal 0.161047 -0.757867 0.632219
    outer loop
      vertex 149.56 10.1421 2.2
      vertex 149.45 11.6203 4
      vertex 149.442 11.6186 4
    endloop
  endfacet
  facet normal 0.167547 -0.756834 0.631768
    outer loop
      vertex 149.45 11.6203 4
      vertex 149.56 10.1421 2.2
      vertex 149.705 10.1742 2.2
    endloop
  endfacet
  facet normal -0.101124 -0.768539 0.631761
    outer loop
      vertex 150.295 10.1742 2.2
      vertex 150.55 11.6203 4
      vertex 150.284 11.6553 4
    endloop
  endfacet
  facet normal -0.0338376 0.774422 0.631764
    outer loop
      vertex 150.268 5.34329 4
      vertex 150 6.8 2.2
      vertex 150 5.33158 4
    endloop
  endfacet
  facet normal -0.233316 -0.739218 0.63176
    outer loop
      vertex 151.076 11.4797 4
      vertex 150.82 11.5605 4
      vertex 150.44 10.1421 2.2
    endloop
  endfacet
  facet normal 0.233237 0.739244 0.631759
    outer loop
      vertex 149.18 5.43954 4
      vertex 149.56 6.85793 2.2
      vertex 148.924 5.52031 4
    endloop
  endfacet
  facet normal 0.655295 0.413881 0.631895
    outer loop
      vertex 147.256 6.91579 4
      vertex 148.607 7.52492 2.2
      vertex 148.528 7.65 2.2
    endloop
  endfacet
  facet normal 0.661685 0.40224 0.632752
    outer loop
      vertex 148.607 7.52492 2.2
      vertex 147.256 6.91579 4
      vertex 147.26 6.90921 4
    endloop
  endfacet
  facet normal -0.613085 0.474169 0.631894
    outer loop
      vertex 151.302 7.40726 2.2
      vertex 152.432 6.46957 4
      vertex 151.393 7.52492 2.2
    endloop
  endfacet
  facet normal -0.602808 0.48692 0.632085
    outer loop
      vertex 152.432 6.46957 4
      vertex 151.302 7.40726 2.2
      vertex 152.427 6.46338 4
    endloop
  endfacet
  facet normal 0.615795 0.471021 0.631613
    outer loop
      vertex 147.568 6.46957 4
      vertex 148.607 7.52492 2.2
      vertex 147.405 6.68267 4
    endloop
  endfacet
  facet normal 0.739958 -0.231083 0.631714
    outer loop
      vertex 148.358 8.93999 2.2
      vertex 147.02 9.57622 4
      vertex 146.94 9.32005 4
    endloop
  endfacet
  facet normal 0.716966 -0.294691 0.631757
    outer loop
      vertex 148.459 9.21845 2.2
      vertex 147.128 9.83903 4
      vertex 147.026 9.59087 4
    endloop
  endfacet
  facet normal -0.233769 -0.739047 0.631792
    outer loop
      vertex 150.581 10.0975 2.2
      vertex 151.076 11.4797 4
      vertex 150.44 10.1421 2.2
    endloop
  endfacet
  facet normal -0.222794 -0.742646 0.631538
    outer loop
      vertex 151.076 11.4797 4
      vertex 150.581 10.0975 2.2
      vertex 151.084 11.4773 4
    endloop
  endfacet
  facet normal -0.0338089 -0.774426 0.63176
    outer loop
      vertex 150.268 11.6567 4
      vertex 150 11.6684 4
      vertex 150 10.2 2.2
    endloop
  endfacet
  facet normal -0.296859 -0.716015 0.631821
    outer loop
      vertex 150.718 10.0407 2.2
      vertex 151.084 11.4773 4
      vertex 150.581 10.0975 2.2
    endloop
  endfacet
  facet normal -0.296663 -0.716083 0.631835
    outer loop
      vertex 151.084 11.4773 4
      vertex 150.718 10.0407 2.2
      vertex 151.091 11.4744 4
    endloop
  endfacet
  facet normal -0.167819 -0.756774 0.631767
    outer loop
      vertex 150.82 11.5605 4
      vertex 150.558 11.6186 4
      vertex 150.44 10.1421 2.2
    endloop
  endfacet
  facet normal 0.739958 0.231083 0.631714
    outer loop
      vertex 147.02 7.42378 4
      vertex 148.358 8.06001 2.2
      vertex 146.94 7.67995 4
    endloop
  endfacet
  facet normal 0.105626 -0.768191 0.631448
    outer loop
      vertex 149.705 10.1742 2.2
      vertex 149.724 11.6564 4
      vertex 149.716 11.6553 4
    endloop
  endfacet
  facet normal 0.100904 -0.768545 0.631789
    outer loop
      vertex 149.724 11.6564 4
      vertex 149.705 10.1742 2.2
      vertex 149.852 10.1935 2.2
    endloop
  endfacet
  facet normal -0.739958 -0.231083 0.631714
    outer loop
      vertex 153.06 9.32005 4
      vertex 152.98 9.57622 4
      vertex 151.642 8.93999 2.2
    endloop
  endfacet
  facet normal -0.358375 -0.687295 0.631817
    outer loop
      vertex 151.577 11.2475 4
      vertex 151.339 11.3716 4
      vertex 150.718 10.0407 2.2
    endloop
  endfacet
  facet normal 0.101215 0.768522 0.631767
    outer loop
      vertex 149.705 6.82583 2.2
      vertex 149.724 5.34363 4
      vertex 149.852 6.80647 2.2
    endloop
  endfacet
  facet normal 0.098016 0.768753 0.631991
    outer loop
      vertex 149.724 5.34363 4
      vertex 149.705 6.82583 2.2
      vertex 149.716 5.34465 4
    endloop
  endfacet
  facet normal -0.0340111 -0.774406 0.631774
    outer loop
      vertex 150.148 10.1935 2.2
      vertex 150.268 11.6567 4
      vertex 150 10.2 2.2
    endloop
  endfacet
  facet normal -0.0290509 -0.77469 0.631674
    outer loop
      vertex 150.268 11.6567 4
      vertex 150.148 10.1935 2.2
      vertex 150.276 11.6564 4
    endloop
  endfacet
  facet normal 0.0290509 -0.77469 0.631674
    outer loop
      vertex 149.852 10.1935 2.2
      vertex 149.732 11.6567 4
      vertex 149.724 11.6564 4
    endloop
  endfacet
  facet normal 0.0340111 -0.774406 0.631774
    outer loop
      vertex 149.732 11.6567 4
      vertex 149.852 10.1935 2.2
      vertex 150 10.2 2.2
    endloop
  endfacet
  facet normal -0.686313 0.359982 0.631971
    outer loop
      vertex 151.472 7.65 2.2
      vertex 152.748 6.92271 4
      vertex 151.541 7.78155 2.2
    endloop
  endfacet
  facet normal -0.670805 0.387749 0.632196
    outer loop
      vertex 152.748 6.92271 4
      vertex 151.472 7.65 2.2
      vertex 152.744 6.91579 4
    endloop
  endfacet
  facet normal -0.472053 0.614893 0.631722
    outer loop
      vertex 151.817 5.90458 4
      vertex 152.03 6.0681 4
      vertex 150.975 7.10744 2.2
    endloop
  endfacet
  facet normal -0.774601 0.0313667 0.631672
    outer loop
      vertex 151.694 8.35183 2.2
      vertex 153.157 8.23165 4
      vertex 151.7 8.5 2.2
    endloop
  endfacet
  facet normal -0.768996 0.0985892 0.631605
    outer loop
      vertex 153.157 8.23165 4
      vertex 151.694 8.35183 2.2
      vertex 153.156 8.22385 4
    endloop
  endfacet
  facet normal 0.523722 0.571459 0.631783
    outer loop
      vertex 147.963 6.07285 4
      vertex 148.907 7.19772 2.2
      vertex 147.765 6.25431 4
    endloop
  endfacet
  facet normal 0.572157 0.522927 0.63181
    outer loop
      vertex 147.754 6.26534 4
      vertex 148.698 7.40726 2.2
      vertex 147.573 6.46338 4
    endloop
  endfacet
  facet normal -0.571969 0.523111 0.631828
    outer loop
      vertex 151.202 7.29792 2.2
      vertex 152.246 6.26534 4
      vertex 151.302 7.40726 2.2
    endloop
  endfacet
  facet normal -0.536215 0.559529 0.631982
    outer loop
      vertex 152.246 6.26534 4
      vertex 151.202 7.29792 2.2
      vertex 152.24 6.25959 4
    endloop
  endfacet
  facet normal -0.572157 0.522927 0.63181
    outer loop
      vertex 152.246 6.26534 4
      vertex 152.427 6.46338 4
      vertex 151.302 7.40726 2.2
    endloop
  endfacet
  facet normal 0.101124 -0.768539 0.631761
    outer loop
      vertex 149.705 10.1742 2.2
      vertex 149.716 11.6553 4
      vertex 149.45 11.6203 4
    endloop
  endfacet
  facet normal 0.768996 -0.0985892 0.631606
    outer loop
      vertex 146.843 8.76835 4
      vertex 148.306 8.64816 2.2
      vertex 146.844 8.77615 4
    endloop
  endfacet
  facet normal 0.7746 -0.0313688 0.631673
    outer loop
      vertex 148.306 8.64816 2.2
      vertex 146.843 8.76835 4
      vertex 148.3 8.5 2.2
    endloop
  endfacet
  facet normal 0.296675 0.716075 0.631839
    outer loop
      vertex 149.282 6.95928 2.2
      vertex 148.916 5.52266 4
      vertex 149.419 6.90252 2.2
    endloop
  endfacet
  facet normal 0.30378 0.713576 0.63129
    outer loop
      vertex 148.916 5.52266 4
      vertex 149.282 6.95928 2.2
      vertex 148.909 5.52564 4
    endloop
  endfacet
  facet normal -0.768576 0.101015 0.631733
    outer loop
      vertex 153.12 7.94981 4
      vertex 153.155 8.21611 4
      vertex 151.674 8.2048 2.2
    endloop
  endfacet
  facet normal -0.562747 0.532905 0.631924
    outer loop
      vertex 151.202 7.29792 2.2
      vertex 152.235 6.25431 4
      vertex 152.24 6.25959 4
    endloop
  endfacet
  facet normal -0.524546 0.570614 0.631863
    outer loop
      vertex 152.235 6.25431 4
      vertex 151.202 7.29792 2.2
      vertex 151.093 7.19772 2.2
    endloop
  endfacet
  facet normal 0.716962 0.294701 0.631757
    outer loop
      vertex 147.128 7.16097 4
      vertex 148.459 7.78155 2.2
      vertex 147.026 7.40912 4
    endloop
  endfacet
  facet normal 0.603197 -0.486449 0.632076
    outer loop
      vertex 147.568 10.5304 4
      vertex 148.698 9.59274 2.2
      vertex 147.573 10.5366 4
    endloop
  endfacet
  facet normal 0.613088 -0.474171 0.63189
    outer loop
      vertex 148.698 9.59274 2.2
      vertex 147.568 10.5304 4
      vertex 148.607 9.47508 2.2
    endloop
  endfacet
  facet normal -0.716966 -0.294691 0.631757
    outer loop
      vertex 152.974 9.59087 4
      vertex 152.872 9.83903 4
      vertex 151.541 9.21845 2.2
    endloop
  endfacet
  facet normal -0.774563 0.0317503 0.631699
    outer loop
      vertex 153.157 8.23165 4
      vertex 153.168 8.5 4
      vertex 151.7 8.5 2.2
    endloop
  endfacet
  facet normal -0.615795 0.471021 0.631613
    outer loop
      vertex 152.432 6.46957 4
      vertex 152.595 6.68267 4
      vertex 151.393 7.52492 2.2
    endloop
  endfacet
  facet normal -0.167929 0.75675 0.631767
    outer loop
      vertex 150.558 5.3814 4
      vertex 150.82 5.43954 4
      vertex 150.44 6.85793 2.2
    endloop
  endfacet
  facet normal -0.397546 0.664158 0.633128
    outer loop
      vertex 150.975 7.10744 2.2
      vertex 151.584 5.75607 4
      vertex 151.591 5.76026 4
    endloop
  endfacet
  facet normal -0.41668 0.653677 0.631732
    outer loop
      vertex 151.584 5.75607 4
      vertex 150.975 7.10744 2.2
      vertex 150.85 7.02776 2.2
    endloop
  endfacet
  facet normal 0.0338547 0.77442 0.631766
    outer loop
      vertex 149.852 6.80647 2.2
      vertex 149.732 5.34329 4
      vertex 150 6.8 2.2
    endloop
  endfacet
  facet normal 0.0329152 0.774475 0.631748
    outer loop
      vertex 149.732 5.34329 4
      vertex 149.852 6.80647 2.2
      vertex 149.724 5.34363 4
    endloop
  endfacet
  facet normal -0.756293 0.170154 0.631718
    outer loop
      vertex 153.06 7.67995 4
      vertex 153.119 7.94219 4
      vertex 151.642 8.06001 2.2
    endloop
  endfacet
  facet normal -0.717465 0.293227 0.631872
    outer loop
      vertex 151.541 7.78155 2.2
      vertex 152.977 7.41634 4
      vertex 151.597 7.91857 2.2
    endloop
  endfacet
  facet normal -0.715983 0.2975 0.631556
    outer loop
      vertex 152.977 7.41634 4
      vertex 151.541 7.78155 2.2
      vertex 152.974 7.40912 4
    endloop
  endfacet
  facet normal 0.354562 -0.689426 0.631647
    outer loop
      vertex 149.15 9.97224 2.2
      vertex 148.423 11.2475 4
      vertex 148.416 11.2439 4
    endloop
  endfacet
  facet normal 0.356907 -0.688165 0.631701
    outer loop
      vertex 148.423 11.2475 4
      vertex 149.15 9.97224 2.2
      vertex 149.282 10.0407 2.2
    endloop
  endfacet
  facet normal 0.65295 -0.418003 0.631609
    outer loop
      vertex 148.607 9.47508 2.2
      vertex 147.405 10.3173 4
      vertex 147.26 10.0908 4
    endloop
  endfacet
  facet normal -0.356907 -0.688165 0.631701
    outer loop
      vertex 150.85 9.97224 2.2
      vertex 151.577 11.2475 4
      vertex 150.718 10.0407 2.2
    endloop
  endfacet
  facet normal -0.354562 -0.689426 0.631647
    outer loop
      vertex 151.577 11.2475 4
      vertex 150.85 9.97224 2.2
      vertex 151.584 11.2439 4
    endloop
  endfacet
  facet normal 0.167546 0.75683 0.631773
    outer loop
      vertex 149.56 6.85793 2.2
      vertex 149.45 5.37971 4
      vertex 149.705 6.82583 2.2
    endloop
  endfacet
  facet normal 0.160129 0.758006 0.632286
    outer loop
      vertex 149.45 5.37971 4
      vertex 149.56 6.85793 2.2
      vertex 149.442 5.3814 4
    endloop
  endfacet
  facet normal -0.662183 -0.401323 0.632813
    outer loop
      vertex 151.393 9.47508 2.2
      vertex 152.744 10.0842 4
      vertex 152.74 10.0908 4
    endloop
  endfacet
  facet normal -0.655296 -0.413882 0.631893
    outer loop
      vertex 152.744 10.0842 4
      vertex 151.393 9.47508 2.2
      vertex 151.472 9.35 2.2
    endloop
  endfacet
  facet normal -0.417204 0.653327 0.631748
    outer loop
      vertex 151.591 5.76026 4
      vertex 151.817 5.90458 4
      vertex 150.975 7.10744 2.2
    endloop
  endfacet
  facet normal 0.233316 -0.739218 0.63176
    outer loop
      vertex 149.56 10.1421 2.2
      vertex 149.18 11.5605 4
      vertex 148.924 11.4797 4
    endloop
  endfacet
  facet normal 0.167929 0.75675 0.631767
    outer loop
      vertex 149.442 5.3814 4
      vertex 149.56 6.85793 2.2
      vertex 149.18 5.43954 4
    endloop
  endfacet
  facet normal -0.756909 0.167284 0.631748
    outer loop
      vertex 151.642 8.06001 2.2
      vertex 153.12 7.94981 4
      vertex 151.674 8.2048 2.2
    endloop
  endfacet
  facet normal -0.765906 0.100513 0.635047
    outer loop
      vertex 153.12 7.94981 4
      vertex 151.642 8.06001 2.2
      vertex 153.119 7.94219 4
    endloop
  endfacet
  facet normal -0.0329152 0.774475 0.631748
    outer loop
      vertex 150.148 6.80647 2.2
      vertex 150.268 5.34329 4
      vertex 150.276 5.34363 4
    endloop
  endfacet
  facet normal -0.0338547 0.77442 0.631766
    outer loop
      vertex 150.268 5.34329 4
      vertex 150.148 6.80647 2.2
      vertex 150 6.8 2.2
    endloop
  endfacet
  facet normal 0.296807 -0.716033 0.631825
    outer loop
      vertex 149.282 10.0407 2.2
      vertex 148.909 11.4744 4
      vertex 148.661 11.3716 4
    endloop
  endfacet
  facet normal -0.100904 -0.768545 0.631789
    outer loop
      vertex 150.295 10.1742 2.2
      vertex 150.276 11.6564 4
      vertex 150.148 10.1935 2.2
    endloop
  endfacet
  facet normal -0.105626 -0.768191 0.631448
    outer loop
      vertex 150.276 11.6564 4
      vertex 150.295 10.1742 2.2
      vertex 150.284 11.6553 4
    endloop
  endfacet
  facet normal -0.435983 0.642502 0.630166
    outer loop
      vertex 151.093 7.19772 2.2
      vertex 152.03 6.0681 4
      vertex 152.037 6.07285 4
    endloop
  endfacet
  facet normal -0.471083 0.615726 0.631634
    outer loop
      vertex 152.03 6.0681 4
      vertex 151.093 7.19772 2.2
      vertex 150.975 7.10744 2.2
    endloop
  endfacet
  facet normal -0.563765 -0.531854 0.631902
    outer loop
      vertex 152.235 10.7457 4
      vertex 151.202 9.70208 2.2
      vertex 152.24 10.7404 4
    endloop
  endfacet
  facet normal -0.524517 -0.570639 0.631865
    outer loop
      vertex 151.202 9.70208 2.2
      vertex 152.235 10.7457 4
      vertex 151.093 9.80227 2.2
    endloop
  endfacet
  facet normal 0.652981 0.41795 0.631612
    outer loop
      vertex 147.405 6.68267 4
      vertex 148.607 7.52492 2.2
      vertex 147.26 6.90921 4
    endloop
  endfacet
  facet normal -0.358219 0.687383 0.63181
    outer loop
      vertex 151.339 5.62843 4
      vertex 151.577 5.75246 4
      vertex 150.718 6.95928 2.2
    endloop
  endfacet
  facet normal 0.358219 0.687383 0.63181
    outer loop
      vertex 148.661 5.62843 4
      vertex 149.282 6.95928 2.2
      vertex 148.423 5.75246 4
    endloop
  endfacet
  facet normal 0.756293 -0.170154 0.631718
    outer loop
      vertex 148.358 8.93999 2.2
      vertex 146.94 9.32005 4
      vertex 146.881 9.05781 4
    endloop
  endfacet
  facet normal -0.417165 -0.653356 0.631742
    outer loop
      vertex 151.817 11.0954 4
      vertex 151.591 11.2397 4
      vertex 150.975 9.89256 2.2
    endloop
  endfacet
  facet normal 0.765906 -0.100513 0.635047
    outer loop
      vertex 146.88 9.05019 4
      vertex 148.358 8.93999 2.2
      vertex 146.881 9.05781 4
    endloop
  endfacet
  facet normal 0.756909 -0.167284 0.631748
    outer loop
      vertex 148.358 8.93999 2.2
      vertex 146.88 9.05019 4
      vertex 148.326 8.7952 2.2
    endloop
  endfacet
  facet normal 0.222794 -0.742646 0.631538
    outer loop
      vertex 149.419 10.0975 2.2
      vertex 148.924 11.4797 4
      vertex 148.916 11.4773 4
    endloop
  endfacet
  facet normal 0.233769 -0.739047 0.631792
    outer loop
      vertex 148.924 11.4797 4
      vertex 149.419 10.0975 2.2
      vertex 149.56 10.1421 2.2
    endloop
  endfacet
  facet normal 0.524546 0.570614 0.631863
    outer loop
      vertex 148.798 7.29792 2.2
      vertex 147.765 6.25431 4
      vertex 148.907 7.19772 2.2
    endloop
  endfacet
  facet normal 0.562747 0.532905 0.631924
    outer loop
      vertex 147.765 6.25431 4
      vertex 148.798 7.29792 2.2
      vertex 147.76 6.25959 4
    endloop
  endfacet
  facet normal 0.768694 -0.099443 0.631839
    outer loop
      vertex 146.844 8.77615 4
      vertex 148.326 8.7952 2.2
      vertex 146.845 8.78388 4
    endloop
  endfacet
  facet normal 0.76832 -0.104505 0.631477
    outer loop
      vertex 148.326 8.7952 2.2
      vertex 146.844 8.77615 4
      vertex 148.306 8.64816 2.2
    endloop
  endfacet
  facet normal 0.687584 0.357846 0.631803
    outer loop
      vertex 147.252 6.92271 4
      vertex 148.459 7.78155 2.2
      vertex 147.128 7.16097 4
    endloop
  endfacet
  facet normal 0.0338376 0.774422 0.631764
    outer loop
      vertex 150 5.33158 4
      vertex 150 6.8 2.2
      vertex 149.732 5.34329 4
    endloop
  endfacet
  facet normal -0.523779 -0.571396 0.631793
    outer loop
      vertex 152.235 10.7457 4
      vertex 152.037 10.9272 4
      vertex 151.093 9.80227 2.2
    endloop
  endfacet
  facet normal 0.615798 -0.471024 0.631608
    outer loop
      vertex 148.607 9.47508 2.2
      vertex 147.568 10.5304 4
      vertex 147.405 10.3173 4
    endloop
  endfacet
  facet normal -0.738496 0.234957 0.631996
    outer loop
      vertex 151.597 7.91857 2.2
      vertex 152.98 7.42378 4
      vertex 151.642 8.06001 2.2
    endloop
  endfacet
  facet normal -0.718785 0.289833 0.631937
    outer loop
      vertex 152.98 7.42378 4
      vertex 151.597 7.91857 2.2
      vertex 152.977 7.41634 4
    endloop
  endfacet
  facet normal -0.652981 0.41795 0.631612
    outer loop
      vertex 152.595 6.68267 4
      vertex 152.74 6.90921 4
      vertex 151.393 7.52492 2.2
    endloop
  endfacet
  facet normal 0.613085 0.474169 0.631894
    outer loop
      vertex 147.568 6.46957 4
      vertex 148.698 7.40726 2.2
      vertex 148.607 7.52492 2.2
    endloop
  endfacet
  facet normal 0.602808 0.48692 0.632085
    outer loop
      vertex 148.698 7.40726 2.2
      vertex 147.568 6.46957 4
      vertex 147.573 6.46338 4
    endloop
  endfacet
  facet normal 0.471083 0.615726 0.631634
    outer loop
      vertex 148.907 7.19772 2.2
      vertex 147.97 6.0681 4
      vertex 149.025 7.10744 2.2
    endloop
  endfacet
  facet normal 0.435983 0.642502 0.630166
    outer loop
      vertex 147.97 6.0681 4
      vertex 148.907 7.19772 2.2
      vertex 147.963 6.07285 4
    endloop
  endfacet
  facet normal -0.523722 0.571459 0.631783
    outer loop
      vertex 152.037 6.07285 4
      vertex 152.235 6.25431 4
      vertex 151.093 7.19772 2.2
    endloop
  endfacet
  facet normal 0.686313 0.359982 0.631971
    outer loop
      vertex 147.252 6.92271 4
      vertex 148.528 7.65 2.2
      vertex 148.459 7.78155 2.2
    endloop
  endfacet
  facet normal 0.670805 0.387749 0.632196
    outer loop
      vertex 148.528 7.65 2.2
      vertex 147.252 6.92271 4
      vertex 147.256 6.91579 4
    endloop
  endfacet
  facet normal -0.30378 0.713576 0.63129
    outer loop
      vertex 150.718 6.95928 2.2
      vertex 151.084 5.52266 4
      vertex 151.091 5.52564 4
    endloop
  endfacet
  facet normal -0.296675 0.716075 0.631839
    outer loop
      vertex 151.084 5.52266 4
      vertex 150.718 6.95928 2.2
      vertex 150.581 6.90252 2.2
    endloop
  endfacet
  facet normal -0.218552 0.744006 0.63142
    outer loop
      vertex 150.581 6.90252 2.2
      vertex 151.076 5.52031 4
      vertex 151.084 5.52266 4
    endloop
  endfacet
  facet normal -0.233721 0.739061 0.631794
    outer loop
      vertex 151.076 5.52031 4
      vertex 150.581 6.90252 2.2
      vertex 150.44 6.85793 2.2
    endloop
  endfacet
  facet normal 0.523779 -0.571396 0.631793
    outer loop
      vertex 148.907 9.80227 2.2
      vertex 147.963 10.9272 4
      vertex 147.765 10.7457 4
    endloop
  endfacet
  facet normal 0.417204 0.653327 0.631748
    outer loop
      vertex 148.409 5.76026 4
      vertex 149.025 7.10744 2.2
      vertex 148.183 5.90458 4
    endloop
  endfacet
  facet normal -0.768319 0.104512 0.631477
    outer loop
      vertex 151.674 8.2048 2.2
      vertex 153.156 8.22385 4
      vertex 151.694 8.35183 2.2
    endloop
  endfacet
  facet normal -0.768703 0.0993157 0.631848
    outer loop
      vertex 153.156 8.22385 4
      vertex 151.674 8.2048 2.2
      vertex 153.155 8.21611 4
    endloop
  endfacet
  facet normal 0.417165 -0.653356 0.631742
    outer loop
      vertex 149.025 9.89256 2.2
      vertex 148.409 11.2397 4
      vertex 148.183 11.0954 4
    endloop
  endfacet
  facet normal 0.233721 0.739061 0.631794
    outer loop
      vertex 149.419 6.90252 2.2
      vertex 148.924 5.52031 4
      vertex 149.56 6.85793 2.2
    endloop
  endfacet
  facet normal 0.218552 0.744006 0.63142
    outer loop
      vertex 148.924 5.52031 4
      vertex 149.419 6.90252 2.2
      vertex 148.916 5.52266 4
    endloop
  endfacet
  facet normal 0.0338089 -0.774426 0.63176
    outer loop
      vertex 150 10.2 2.2
      vertex 150 11.6684 4
      vertex 149.732 11.6567 4
    endloop
  endfacet
  facet normal -0.296807 -0.716033 0.631825
    outer loop
      vertex 151.339 11.3716 4
      vertex 151.091 11.4744 4
      vertex 150.718 10.0407 2.2
    endloop
  endfacet
  facet normal -0.35533 0.689005 0.631674
    outer loop
      vertex 150.85 7.02776 2.2
      vertex 151.577 5.75246 4
      vertex 151.584 5.75607 4
    endloop
  endfacet
  facet normal -0.356986 0.688115 0.631712
    outer loop
      vertex 151.577 5.75246 4
      vertex 150.85 7.02776 2.2
      vertex 150.718 6.95928 2.2
    endloop
  endfacet
  facet normal 0.167819 -0.756774 0.631767
    outer loop
      vertex 149.56 10.1421 2.2
      vertex 149.442 11.6186 4
      vertex 149.18 11.5605 4
    endloop
  endfacet
  facet normal -0.098016 0.768753 0.631991
    outer loop
      vertex 150.295 6.82583 2.2
      vertex 150.276 5.34363 4
      vertex 150.284 5.34465 4
    endloop
  endfacet
  facet normal -0.101215 0.768522 0.631767
    outer loop
      vertex 150.276 5.34363 4
      vertex 150.295 6.82583 2.2
      vertex 150.148 6.80647 2.2
    endloop
  endfacet
  facet normal -0.160129 0.758006 0.632286
    outer loop
      vertex 150.44 6.85793 2.2
      vertex 150.55 5.37971 4
      vertex 150.558 5.3814 4
    endloop
  endfacet
  facet normal -0.167546 0.75683 0.631773
    outer loop
      vertex 150.55 5.37971 4
      vertex 150.44 6.85793 2.2
      vertex 150.295 6.82583 2.2
    endloop
  endfacet
  facet normal 0.768577 -0.101011 0.631733
    outer loop
      vertex 148.326 8.7952 2.2
      vertex 146.88 9.05019 4
      vertex 146.845 8.78388 4
    endloop
  endfacet
  facet normal 0.774601 0.0313667 0.631672
    outer loop
      vertex 146.843 8.23165 4
      vertex 148.306 8.35183 2.2
      vertex 148.3 8.5 2.2
    endloop
  endfacet
  facet normal 0.768996 0.0985892 0.631605
    outer loop
      vertex 148.306 8.35183 2.2
      vertex 146.843 8.23165 4
      vertex 146.844 8.22385 4
    endloop
  endfacet
  facet normal -0.101293 0.768509 0.63177
    outer loop
      vertex 150.55 5.37971 4
      vertex 150.295 6.82583 2.2
      vertex 150.284 5.34465 4
    endloop
  endfacet
  facet normal 0.101293 0.768509 0.63177
    outer loop
      vertex 149.716 5.34465 4
      vertex 149.705 6.82583 2.2
      vertex 149.45 5.37971 4
    endloop
  endfacet
  facet normal -0.167547 -0.756834 0.631768
    outer loop
      vertex 150.44 10.1421 2.2
      vertex 150.55 11.6203 4
      vertex 150.295 10.1742 2.2
    endloop
  endfacet
  facet normal -0.161047 -0.757867 0.632219
    outer loop
      vertex 150.55 11.6203 4
      vertex 150.44 10.1421 2.2
      vertex 150.558 11.6186 4
    endloop
  endfacet
  facet normal -0.670319 -0.388591 0.632194
    outer loop
      vertex 151.472 9.35 2.2
      vertex 152.748 10.0773 4
      vertex 152.744 10.0842 4
    endloop
  endfacet
  facet normal -0.686313 -0.359981 0.631972
    outer loop
      vertex 152.748 10.0773 4
      vertex 151.472 9.35 2.2
      vertex 151.541 9.21845 2.2
    endloop
  endfacet
  facet normal 0.738496 0.234957 0.631996
    outer loop
      vertex 147.02 7.42378 4
      vertex 148.403 7.91857 2.2
      vertex 148.358 8.06001 2.2
    endloop
  endfacet
  facet normal 0.718785 0.289833 0.631937
    outer loop
      vertex 148.403 7.91857 2.2
      vertex 147.02 7.42378 4
      vertex 147.023 7.41634 4
    endloop
  endfacet
  facet normal -0.615798 -0.471024 0.631608
    outer loop
      vertex 152.595 10.3173 4
      vertex 152.432 10.5304 4
      vertex 151.393 9.47508 2.2
    endloop
  endfacet
  facet normal -0.765906 -0.100513 0.635047
    outer loop
      vertex 151.642 8.93999 2.2
      vertex 153.12 9.05019 4
      vertex 153.119 9.05781 4
    endloop
  endfacet
  facet normal -0.756909 -0.167284 0.631748
    outer loop
      vertex 153.12 9.05019 4
      vertex 151.642 8.93999 2.2
      vertex 151.674 8.7952 2.2
    endloop
  endfacet
  facet normal 0.296786 0.716052 0.631812
    outer loop
      vertex 148.909 5.52564 4
      vertex 149.282 6.95928 2.2
      vertex 148.661 5.62843 4
    endloop
  endfacet
  facet normal 0.717465 0.293227 0.631872
    outer loop
      vertex 147.023 7.41634 4
      vertex 148.459 7.78155 2.2
      vertex 148.403 7.91857 2.2
    endloop
  endfacet
  facet normal 0.715983 0.2975 0.631556
    outer loop
      vertex 148.459 7.78155 2.2
      vertex 147.023 7.41634 4
      vertex 147.026 7.40912 4
    endloop
  endfacet
  facet normal 0.471114 -0.615699 0.631637
    outer loop
      vertex 147.97 10.9319 4
      vertex 148.907 9.80227 2.2
      vertex 149.025 9.89256 2.2
    endloop
  endfacet
  facet normal 0.432908 -0.644757 0.629984
    outer loop
      vertex 148.907 9.80227 2.2
      vertex 147.97 10.9319 4
      vertex 147.963 10.9272 4
    endloop
  endfacet
  facet normal 0.472053 0.614893 0.631722
    outer loop
      vertex 148.183 5.90458 4
      vertex 149.025 7.10744 2.2
      vertex 147.97 6.0681 4
    endloop
  endfacet
  facet normal -0.687584 0.357846 0.631803
    outer loop
      vertex 152.748 6.92271 4
      vertex 152.872 7.16097 4
      vertex 151.541 7.78155 2.2
    endloop
  endfacet
  facet normal -0.716962 0.294701 0.631757
    outer loop
      vertex 152.872 7.16097 4
      vertex 152.974 7.40912 4
      vertex 151.541 7.78155 2.2
    endloop
  endfacet
  facet normal -0.655295 0.413881 0.631895
    outer loop
      vertex 151.393 7.52492 2.2
      vertex 152.744 6.91579 4
      vertex 151.472 7.65 2.2
    endloop
  endfacet
  facet normal -0.661685 0.40224 0.632752
    outer loop
      vertex 152.744 6.91579 4
      vertex 151.393 7.52492 2.2
      vertex 152.74 6.90921 4
    endloop
  endfacet
  facet normal -0.65295 -0.418003 0.631609
    outer loop
      vertex 152.74 10.0908 4
      vertex 152.595 10.3173 4
      vertex 151.393 9.47508 2.2
    endloop
  endfacet
  facet normal -0.603197 -0.486449 0.632076
    outer loop
      vertex 151.302 9.59274 2.2
      vertex 152.432 10.5304 4
      vertex 152.427 10.5366 4
    endloop
  endfacet
  facet normal -0.613088 -0.474171 0.63189
    outer loop
      vertex 152.432 10.5304 4
      vertex 151.302 9.59274 2.2
      vertex 151.393 9.47508 2.2
    endloop
  endfacet
  facet normal 0.670319 -0.388591 0.632194
    outer loop
      vertex 147.252 10.0773 4
      vertex 148.528 9.35 2.2
      vertex 147.256 10.0842 4
    endloop
  endfacet
  facet normal 0.686313 -0.359981 0.631972
    outer loop
      vertex 148.528 9.35 2.2
      vertex 147.252 10.0773 4
      vertex 148.459 9.21845 2.2
    endloop
  endfacet
  facet normal -0.533792 -0.561886 0.631941
    outer loop
      vertex 151.202 9.70208 2.2
      vertex 152.246 10.7347 4
      vertex 152.24 10.7404 4
    endloop
  endfacet
  facet normal -0.571965 -0.523107 0.631835
    outer loop
      vertex 152.246 10.7347 4
      vertex 151.202 9.70208 2.2
      vertex 151.302 9.59274 2.2
    endloop
  endfacet
  facet normal -0.715857 -0.29786 0.631529
    outer loop
      vertex 151.541 9.21845 2.2
      vertex 152.977 9.58366 4
      vertex 152.974 9.59087 4
    endloop
  endfacet
  facet normal -0.717465 -0.293227 0.631872
    outer loop
      vertex 152.977 9.58366 4
      vertex 151.541 9.21845 2.2
      vertex 151.597 9.08143 2.2
    endloop
  endfacet
  facet normal 0.768703 0.0993157 0.631848
    outer loop
      vertex 148.326 8.2048 2.2
      vertex 146.844 8.22385 4
      vertex 146.845 8.21611 4
    endloop
  endfacet
  facet normal 0.768319 0.104512 0.631477
    outer loop
      vertex 146.844 8.22385 4
      vertex 148.326 8.2048 2.2
      vertex 148.306 8.35183 2.2
    endloop
  endfacet
  facet normal 0.768576 0.101015 0.631733
    outer loop
      vertex 146.88 7.94981 4
      vertex 148.326 8.2048 2.2
      vertex 146.845 8.21611 4
    endloop
  endfacet
  facet normal -0.472018 -0.614923 0.631719
    outer loop
      vertex 152.03 10.9319 4
      vertex 151.817 11.0954 4
      vertex 150.975 9.89256 2.2
    endloop
  endfacet
  facet normal 0.571969 0.523111 0.631828
    outer loop
      vertex 147.754 6.26534 4
      vertex 148.798 7.29792 2.2
      vertex 148.698 7.40726 2.2
    endloop
  endfacet
  facet normal 0.536215 0.559529 0.631982
    outer loop
      vertex 148.798 7.29792 2.2
      vertex 147.754 6.26534 4
      vertex 147.76 6.25959 4
    endloop
  endfacet
  facet normal -0.572237 -0.522841 0.631809
    outer loop
      vertex 152.427 10.5366 4
      vertex 152.246 10.7347 4
      vertex 151.302 9.59274 2.2
    endloop
  endfacet
  facet normal 0.687589 -0.357834 0.631803
    outer loop
      vertex 148.459 9.21845 2.2
      vertex 147.252 10.0773 4
      vertex 147.128 9.83903 4
    endloop
  endfacet
  facet normal 0.718785 -0.289833 0.631937
    outer loop
      vertex 147.02 9.57622 4
      vertex 148.403 9.08143 2.2
      vertex 147.023 9.58366 4
    endloop
  endfacet
  facet normal 0.738496 -0.234957 0.631996
    outer loop
      vertex 148.403 9.08143 2.2
      vertex 147.02 9.57622 4
      vertex 148.358 8.93999 2.2
    endloop
  endfacet
  facet normal 0.715857 -0.29786 0.631529
    outer loop
      vertex 147.023 9.58366 4
      vertex 148.459 9.21845 2.2
      vertex 147.026 9.59087 4
    endloop
  endfacet
  facet normal 0.717465 -0.293227 0.631872
    outer loop
      vertex 148.459 9.21845 2.2
      vertex 147.023 9.58366 4
      vertex 148.403 9.08143 2.2
    endloop
  endfacet
  facet normal 0.756293 0.170154 0.631718
    outer loop
      vertex 146.94 7.67995 4
      vertex 148.358 8.06001 2.2
      vertex 146.881 7.94219 4
    endloop
  endfacet
  facet normal 0.296663 -0.716083 0.631835
    outer loop
      vertex 149.282 10.0407 2.2
      vertex 148.916 11.4773 4
      vertex 148.909 11.4744 4
    endloop
  endfacet
  facet normal 0.296859 -0.716015 0.631821
    outer loop
      vertex 148.916 11.4773 4
      vertex 149.282 10.0407 2.2
      vertex 149.419 10.0975 2.2
    endloop
  endfacet
  facet normal -0.432908 -0.644757 0.629984
    outer loop
      vertex 152.03 10.9319 4
      vertex 151.093 9.80227 2.2
      vertex 152.037 10.9272 4
    endloop
  endfacet
  facet normal -0.471114 -0.615699 0.631637
    outer loop
      vertex 151.093 9.80227 2.2
      vertex 152.03 10.9319 4
      vertex 150.975 9.89256 2.2
    endloop
  endfacet
  facet normal 0.774563 -0.0317503 0.631699
    outer loop
      vertex 148.3 8.5 2.2
      vertex 146.843 8.76835 4
      vertex 146.832 8.5 4
    endloop
  endfacet
  facet normal 0.533792 -0.561886 0.631941
    outer loop
      vertex 147.754 10.7347 4
      vertex 148.798 9.70208 2.2
      vertex 147.76 10.7404 4
    endloop
  endfacet
  facet normal 0.571965 -0.523107 0.631835
    outer loop
      vertex 148.798 9.70208 2.2
      vertex 147.754 10.7347 4
      vertex 148.698 9.59274 2.2
    endloop
  endfacet
  facet normal 0.524517 -0.570639 0.631865
    outer loop
      vertex 147.765 10.7457 4
      vertex 148.798 9.70208 2.2
      vertex 148.907 9.80227 2.2
    endloop
  endfacet
  facet normal 0.563765 -0.531854 0.631902
    outer loop
      vertex 148.798 9.70208 2.2
      vertex 147.765 10.7457 4
      vertex 147.76 10.7404 4
    endloop
  endfacet
  facet normal 0.41668 0.653677 0.631732
    outer loop
      vertex 149.025 7.10744 2.2
      vertex 148.416 5.75607 4
      vertex 149.15 7.02776 2.2
    endloop
  endfacet
  facet normal 0.397546 0.664158 0.633128
    outer loop
      vertex 148.416 5.75607 4
      vertex 149.025 7.10744 2.2
      vertex 148.409 5.76026 4
    endloop
  endfacet
  facet normal -0.756293 -0.170154 0.631718
    outer loop
      vertex 153.119 9.05781 4
      vertex 153.06 9.32005 4
      vertex 151.642 8.93999 2.2
    endloop
  endfacet
  facet normal 0.756909 0.167284 0.631748
    outer loop
      vertex 146.88 7.94981 4
      vertex 148.358 8.06001 2.2
      vertex 148.326 8.2048 2.2
    endloop
  endfacet
  facet normal 0.765906 0.100513 0.635047
    outer loop
      vertex 148.358 8.06001 2.2
      vertex 146.88 7.94981 4
      vertex 146.881 7.94219 4
    endloop
  endfacet
  facet normal -0.718785 -0.289833 0.631937
    outer loop
      vertex 151.597 9.08143 2.2
      vertex 152.98 9.57622 4
      vertex 152.977 9.58366 4
    endloop
  endfacet
  facet normal -0.738496 -0.234957 0.631996
    outer loop
      vertex 152.98 9.57622 4
      vertex 151.597 9.08143 2.2
      vertex 151.642 8.93999 2.2
    endloop
  endfacet
  facet normal -0.768577 -0.101011 0.631733
    outer loop
      vertex 153.155 8.78388 4
      vertex 153.12 9.05019 4
      vertex 151.674 8.7952 2.2
    endloop
  endfacet
  facet normal -0.768694 -0.099443 0.631839
    outer loop
      vertex 151.674 8.7952 2.2
      vertex 153.156 8.77615 4
      vertex 153.155 8.78388 4
    endloop
  endfacet
  facet normal -0.76832 -0.104505 0.631477
    outer loop
      vertex 153.156 8.77615 4
      vertex 151.674 8.7952 2.2
      vertex 151.694 8.64816 2.2
    endloop
  endfacet
  facet normal -0.990871 -0.134812 0
    outer loop
      vertex 151.694 141.648 0
      vertex 151.674 141.795 2.2
      vertex 151.674 141.795 0
    endloop
  endfacet
  facet normal -0.990871 -0.134812 0
    outer loop
      vertex 151.674 141.795 2.2
      vertex 151.694 141.648 0
      vertex 151.694 141.648 2.2
    endloop
  endfacet
  facet normal -0.999179 -0.0405073 0
    outer loop
      vertex 151.7 141.5 0
      vertex 151.694 141.648 2.2
      vertex 151.694 141.648 0
    endloop
  endfacet
  facet normal -0.999179 -0.0405073 0
    outer loop
      vertex 151.694 141.648 2.2
      vertex 151.7 141.5 0
      vertex 151.7 141.5 2.2
    endloop
  endfacet
  facet normal -0.976503 -0.215504 0
    outer loop
      vertex 151.674 141.795 0
      vertex 151.642 141.94 2.2
      vertex 151.642 141.94 0
    endloop
  endfacet
  facet normal -0.976503 -0.215504 0
    outer loop
      vertex 151.642 141.94 2.2
      vertex 151.674 141.795 0
      vertex 151.674 141.795 2.2
    endloop
  endfacet
  facet normal 0.215504 -0.976503 0
    outer loop
      vertex 149.56 143.142 0
      vertex 149.705 143.174 2.2
      vertex 149.56 143.142 2.2
    endloop
  endfacet
  facet normal 0.215504 -0.976503 0
    outer loop
      vertex 149.705 143.174 2.2
      vertex 149.56 143.142 0
      vertex 149.705 143.174 0
    endloop
  endfacet
  facet normal -0.845328 -0.534247 0
    outer loop
      vertex 151.472 142.35 0
      vertex 151.393 142.475 2.2
      vertex 151.393 142.475 0
    endloop
  endfacet
  facet normal -0.845328 -0.534247 0
    outer loop
      vertex 151.393 142.475 2.2
      vertex 151.472 142.35 0
      vertex 151.472 142.35 2.2
    endloop
  endfacet
  facet normal 0.976503 0.215504 0
    outer loop
      vertex 148.358 141.06 2.2
      vertex 148.326 141.205 0
      vertex 148.326 141.205 2.2
    endloop
  endfacet
  facet normal 0.976503 0.215504 0
    outer loop
      vertex 148.326 141.205 0
      vertex 148.358 141.06 2.2
      vertex 148.358 141.06 0
    endloop
  endfacet
  facet normal -0.736873 -0.676031 0
    outer loop
      vertex 151.302 142.593 0
      vertex 151.202 142.702 2.2
      vertex 151.202 142.702 0
    endloop
  endfacet
  facet normal -0.736873 -0.676031 0
    outer loop
      vertex 151.202 142.702 2.2
      vertex 151.302 142.593 0
      vertex 151.302 142.593 2.2
    endloop
  endfacet
  facet normal -0.999179 0.0405073 0
    outer loop
      vertex 151.694 141.352 0
      vertex 151.7 141.5 2.2
      vertex 151.7 141.5 0
    endloop
  endfacet
  facet normal -0.999179 0.0405073 0
    outer loop
      vertex 151.7 141.5 2.2
      vertex 151.694 141.352 0
      vertex 151.694 141.352 2.2
    endloop
  endfacet
  facet normal -0.676031 0.736873 0
    outer loop
      vertex 151.202 140.298 0
      vertex 151.093 140.198 2.2
      vertex 151.202 140.298 2.2
    endloop
  endfacet
  facet normal -0.676031 0.736873 0
    outer loop
      vertex 151.093 140.198 2.2
      vertex 151.202 140.298 0
      vertex 151.093 140.198 0
    endloop
  endfacet
  facet normal 0.791875 -0.610683 0
    outer loop
      vertex 148.607 142.475 2.2
      vertex 148.698 142.593 0
      vertex 148.698 142.593 2.2
    endloop
  endfacet
  facet normal 0.791875 -0.610683 0
    outer loop
      vertex 148.698 142.593 0
      vertex 148.607 142.475 2.2
      vertex 148.607 142.475 0
    endloop
  endfacet
  facet normal -0.37837 0.925655 0
    outer loop
      vertex 150.718 139.959 0
      vertex 150.581 139.903 2.2
      vertex 150.718 139.959 2.2
    endloop
  endfacet
  facet normal -0.37837 0.925655 0
    outer loop
      vertex 150.581 139.903 2.2
      vertex 150.718 139.959 0
      vertex 150.581 139.903 0
    endloop
  endfacet
  facet normal -0.952659 -0.30404 0
    outer loop
      vertex 151.642 141.94 0
      vertex 151.597 142.081 2.2
      vertex 151.597 142.081 0
    endloop
  endfacet
  facet normal -0.952659 -0.30404 0
    outer loop
      vertex 151.597 142.081 2.2
      vertex 151.642 141.94 0
      vertex 151.642 141.94 2.2
    endloop
  endfacet
  facet normal -0.134812 0.990871 0
    outer loop
      vertex 150.295 139.826 0
      vertex 150.148 139.806 2.2
      vertex 150.295 139.826 2.2
    endloop
  endfacet
  facet normal -0.134812 0.990871 0
    outer loop
      vertex 150.148 139.806 2.2
      vertex 150.295 139.826 0
      vertex 150.148 139.806 0
    endloop
  endfacet
  facet normal 0.976503 -0.215504 0
    outer loop
      vertex 148.326 141.795 2.2
      vertex 148.358 141.94 0
      vertex 148.358 141.94 2.2
    endloop
  endfacet
  facet normal 0.976503 -0.215504 0
    outer loop
      vertex 148.358 141.94 0
      vertex 148.326 141.795 2.2
      vertex 148.326 141.795 0
    endloop
  endfacet
  facet normal 0.610683 -0.791875 0
    outer loop
      vertex 148.907 142.802 0
      vertex 149.025 142.893 2.2
      vertex 148.907 142.802 2.2
    endloop
  endfacet
  facet normal 0.610683 -0.791875 0
    outer loop
      vertex 149.025 142.893 2.2
      vertex 148.907 142.802 0
      vertex 149.025 142.893 0
    endloop
  endfacet
  facet normal 0.0405073 -0.999179 0
    outer loop
      vertex 149.852 143.194 0
      vertex 150 143.2 2.2
      vertex 149.852 143.194 2.2
    endloop
  endfacet
  facet normal 0.0405073 -0.999179 0
    outer loop
      vertex 150 143.2 2.2
      vertex 149.852 143.194 0
      vertex 150 143.2 0
    endloop
  endfacet
  facet normal 0.610683 0.791875 -0
    outer loop
      vertex 149.025 140.107 0
      vertex 148.907 140.198 2.2
      vertex 149.025 140.107 2.2
    endloop
  endfacet
  facet normal 0.610683 0.791875 0
    outer loop
      vertex 148.907 140.198 2.2
      vertex 149.025 140.107 0
      vertex 148.907 140.198 0
    endloop
  endfacet
  facet normal 0.37837 -0.925655 0
    outer loop
      vertex 149.282 143.041 0
      vertex 149.419 143.097 2.2
      vertex 149.282 143.041 2.2
    endloop
  endfacet
  facet normal 0.37837 -0.925655 0
    outer loop
      vertex 149.419 143.097 2.2
      vertex 149.282 143.041 0
      vertex 149.419 143.097 0
    endloop
  endfacet
  facet normal 0.999179 -0.0405073 0
    outer loop
      vertex 148.3 141.5 2.2
      vertex 148.306 141.648 0
      vertex 148.306 141.648 2.2
    endloop
  endfacet
  facet normal 0.999179 -0.0405073 0
    outer loop
      vertex 148.306 141.648 0
      vertex 148.3 141.5 2.2
      vertex 148.3 141.5 0
    endloop
  endfacet
  facet normal -0.30404 -0.952659 0
    outer loop
      vertex 150.44 143.142 0
      vertex 150.581 143.097 2.2
      vertex 150.44 143.142 2.2
    endloop
  endfacet
  facet normal -0.30404 -0.952659 -0
    outer loop
      vertex 150.581 143.097 2.2
      vertex 150.44 143.142 0
      vertex 150.581 143.097 0
    endloop
  endfacet
  facet normal 0.30404 -0.952659 0
    outer loop
      vertex 149.419 143.097 0
      vertex 149.56 143.142 2.2
      vertex 149.419 143.097 2.2
    endloop
  endfacet
  facet normal 0.30404 -0.952659 0
    outer loop
      vertex 149.56 143.142 2.2
      vertex 149.419 143.097 0
      vertex 149.56 143.142 0
    endloop
  endfacet
  facet normal -0.925655 -0.37837 0
    outer loop
      vertex 151.597 142.081 0
      vertex 151.541 142.218 2.2
      vertex 151.541 142.218 0
    endloop
  endfacet
  facet normal -0.925655 -0.37837 0
    outer loop
      vertex 151.541 142.218 2.2
      vertex 151.597 142.081 0
      vertex 151.597 142.081 2.2
    endloop
  endfacet
  facet normal -0.30404 0.952659 0
    outer loop
      vertex 150.581 139.903 0
      vertex 150.44 139.858 2.2
      vertex 150.581 139.903 2.2
    endloop
  endfacet
  facet normal -0.30404 0.952659 0
    outer loop
      vertex 150.44 139.858 2.2
      vertex 150.581 139.903 0
      vertex 150.44 139.858 0
    endloop
  endfacet
  facet normal -0.215504 0.976503 0
    outer loop
      vertex 150.44 139.858 0
      vertex 150.295 139.826 2.2
      vertex 150.44 139.858 2.2
    endloop
  endfacet
  facet normal -0.215504 0.976503 0
    outer loop
      vertex 150.295 139.826 2.2
      vertex 150.44 139.858 0
      vertex 150.295 139.826 0
    endloop
  endfacet
  facet normal -0.610683 -0.791875 0
    outer loop
      vertex 150.975 142.893 0
      vertex 151.093 142.802 2.2
      vertex 150.975 142.893 2.2
    endloop
  endfacet
  facet normal -0.610683 -0.791875 -0
    outer loop
      vertex 151.093 142.802 2.2
      vertex 150.975 142.893 0
      vertex 151.093 142.802 0
    endloop
  endfacet
  facet normal 0.463254 0.886225 -0
    outer loop
      vertex 149.282 139.959 0
      vertex 149.15 140.028 2.2
      vertex 149.282 139.959 2.2
    endloop
  endfacet
  facet normal 0.463254 0.886225 0
    outer loop
      vertex 149.15 140.028 2.2
      vertex 149.282 139.959 0
      vertex 149.15 140.028 0
    endloop
  endfacet
  facet normal -0.0405073 -0.999179 0
    outer loop
      vertex 150 143.2 0
      vertex 150.148 143.194 2.2
      vertex 150 143.2 2.2
    endloop
  endfacet
  facet normal -0.0405073 -0.999179 -0
    outer loop
      vertex 150.148 143.194 2.2
      vertex 150 143.2 0
      vertex 150.148 143.194 0
    endloop
  endfacet
  facet normal 0.534247 -0.845328 0
    outer loop
      vertex 149.025 142.893 0
      vertex 149.15 142.972 2.2
      vertex 149.025 142.893 2.2
    endloop
  endfacet
  facet normal 0.534247 -0.845328 0
    outer loop
      vertex 149.15 142.972 2.2
      vertex 149.025 142.893 0
      vertex 149.15 142.972 0
    endloop
  endfacet
  facet normal -0.134812 -0.990871 0
    outer loop
      vertex 150.148 143.194 0
      vertex 150.295 143.174 2.2
      vertex 150.148 143.194 2.2
    endloop
  endfacet
  facet normal -0.134812 -0.990871 -0
    outer loop
      vertex 150.295 143.174 2.2
      vertex 150.148 143.194 0
      vertex 150.295 143.174 0
    endloop
  endfacet
  facet normal -0.791875 0.610683 0
    outer loop
      vertex 151.302 140.407 0
      vertex 151.393 140.525 2.2
      vertex 151.393 140.525 0
    endloop
  endfacet
  facet normal -0.791875 0.610683 0
    outer loop
      vertex 151.393 140.525 2.2
      vertex 151.302 140.407 0
      vertex 151.302 140.407 2.2
    endloop
  endfacet
  facet normal -0.990871 0.134812 0
    outer loop
      vertex 151.674 141.205 0
      vertex 151.694 141.352 2.2
      vertex 151.694 141.352 0
    endloop
  endfacet
  facet normal -0.990871 0.134812 0
    outer loop
      vertex 151.694 141.352 2.2
      vertex 151.674 141.205 0
      vertex 151.674 141.205 2.2
    endloop
  endfacet
  facet normal -0.952659 0.30404 0
    outer loop
      vertex 151.597 140.919 0
      vertex 151.642 141.06 2.2
      vertex 151.642 141.06 0
    endloop
  endfacet
  facet normal -0.952659 0.30404 0
    outer loop
      vertex 151.642 141.06 2.2
      vertex 151.597 140.919 0
      vertex 151.597 140.919 2.2
    endloop
  endfacet
  facet normal -0.37837 -0.925655 0
    outer loop
      vertex 150.581 143.097 0
      vertex 150.718 143.041 2.2
      vertex 150.581 143.097 2.2
    endloop
  endfacet
  facet normal -0.37837 -0.925655 -0
    outer loop
      vertex 150.718 143.041 2.2
      vertex 150.581 143.097 0
      vertex 150.718 143.041 0
    endloop
  endfacet
  facet normal 0.676031 -0.736873 0
    outer loop
      vertex 148.798 142.702 0
      vertex 148.907 142.802 2.2
      vertex 148.798 142.702 2.2
    endloop
  endfacet
  facet normal 0.676031 -0.736873 0
    outer loop
      vertex 148.907 142.802 2.2
      vertex 148.798 142.702 0
      vertex 148.907 142.802 0
    endloop
  endfacet
  facet normal 0.845328 -0.534247 0
    outer loop
      vertex 148.528 142.35 2.2
      vertex 148.607 142.475 0
      vertex 148.607 142.475 2.2
    endloop
  endfacet
  facet normal 0.845328 -0.534247 0
    outer loop
      vertex 148.607 142.475 0
      vertex 148.528 142.35 2.2
      vertex 148.528 142.35 0
    endloop
  endfacet
  facet normal 0.37837 0.925655 -0
    outer loop
      vertex 149.419 139.903 0
      vertex 149.282 139.959 2.2
      vertex 149.419 139.903 2.2
    endloop
  endfacet
  facet normal 0.37837 0.925655 0
    outer loop
      vertex 149.282 139.959 2.2
      vertex 149.419 139.903 0
      vertex 149.282 139.959 0
    endloop
  endfacet
  facet normal -0.463254 0.886225 0
    outer loop
      vertex 150.85 140.028 0
      vertex 150.718 139.959 2.2
      vertex 150.85 140.028 2.2
    endloop
  endfacet
  facet normal -0.463254 0.886225 0
    outer loop
      vertex 150.718 139.959 2.2
      vertex 150.85 140.028 0
      vertex 150.718 139.959 0
    endloop
  endfacet
  facet normal 0.30404 0.952659 -0
    outer loop
      vertex 149.56 139.858 0
      vertex 149.419 139.903 2.2
      vertex 149.56 139.858 2.2
    endloop
  endfacet
  facet normal 0.30404 0.952659 0
    outer loop
      vertex 149.419 139.903 2.2
      vertex 149.56 139.858 0
      vertex 149.419 139.903 0
    endloop
  endfacet
  facet normal -0.976503 0.215504 0
    outer loop
      vertex 151.642 141.06 0
      vertex 151.674 141.205 2.2
      vertex 151.674 141.205 0
    endloop
  endfacet
  facet normal -0.976503 0.215504 0
    outer loop
      vertex 151.674 141.205 2.2
      vertex 151.642 141.06 0
      vertex 151.642 141.06 2.2
    endloop
  endfacet
  facet normal -0.886225 -0.463254 0
    outer loop
      vertex 151.541 142.218 0
      vertex 151.472 142.35 2.2
      vertex 151.472 142.35 0
    endloop
  endfacet
  facet normal -0.886225 -0.463254 0
    outer loop
      vertex 151.472 142.35 2.2
      vertex 151.541 142.218 0
      vertex 151.541 142.218 2.2
    endloop
  endfacet
  facet normal -0.676031 -0.736873 0
    outer loop
      vertex 151.093 142.802 0
      vertex 151.202 142.702 2.2
      vertex 151.093 142.802 2.2
    endloop
  endfacet
  facet normal -0.676031 -0.736873 -0
    outer loop
      vertex 151.202 142.702 2.2
      vertex 151.093 142.802 0
      vertex 151.202 142.702 0
    endloop
  endfacet
  facet normal 0.952659 0.30404 0
    outer loop
      vertex 148.403 140.919 2.2
      vertex 148.358 141.06 0
      vertex 148.358 141.06 2.2
    endloop
  endfacet
  facet normal 0.952659 0.30404 0
    outer loop
      vertex 148.358 141.06 0
      vertex 148.403 140.919 2.2
      vertex 148.403 140.919 0
    endloop
  endfacet
  facet normal -0.0405073 0.999179 0
    outer loop
      vertex 150.148 139.806 0
      vertex 150 139.8 2.2
      vertex 150.148 139.806 2.2
    endloop
  endfacet
  facet normal -0.0405073 0.999179 0
    outer loop
      vertex 150 139.8 2.2
      vertex 150.148 139.806 0
      vertex 150 139.8 0
    endloop
  endfacet
  facet normal 0.134812 -0.990871 0
    outer loop
      vertex 149.705 143.174 0
      vertex 149.852 143.194 2.2
      vertex 149.705 143.174 2.2
    endloop
  endfacet
  facet normal 0.134812 -0.990871 0
    outer loop
      vertex 149.852 143.194 2.2
      vertex 149.705 143.174 0
      vertex 149.852 143.194 0
    endloop
  endfacet
  facet normal -0.886225 0.463254 0
    outer loop
      vertex 151.472 140.65 0
      vertex 151.541 140.782 2.2
      vertex 151.541 140.782 0
    endloop
  endfacet
  facet normal -0.886225 0.463254 0
    outer loop
      vertex 151.541 140.782 2.2
      vertex 151.472 140.65 0
      vertex 151.472 140.65 2.2
    endloop
  endfacet
  facet normal 0.215504 0.976503 -0
    outer loop
      vertex 149.705 139.826 0
      vertex 149.56 139.858 2.2
      vertex 149.705 139.826 2.2
    endloop
  endfacet
  facet normal 0.215504 0.976503 0
    outer loop
      vertex 149.56 139.858 2.2
      vertex 149.705 139.826 0
      vertex 149.56 139.858 0
    endloop
  endfacet
  facet normal 0.952659 -0.30404 0
    outer loop
      vertex 148.358 141.94 2.2
      vertex 148.403 142.081 0
      vertex 148.403 142.081 2.2
    endloop
  endfacet
  facet normal 0.952659 -0.30404 0
    outer loop
      vertex 148.403 142.081 0
      vertex 148.358 141.94 2.2
      vertex 148.358 141.94 0
    endloop
  endfacet
  facet normal -0.925655 0.37837 0
    outer loop
      vertex 151.541 140.782 0
      vertex 151.597 140.919 2.2
      vertex 151.597 140.919 0
    endloop
  endfacet
  facet normal -0.925655 0.37837 0
    outer loop
      vertex 151.597 140.919 2.2
      vertex 151.541 140.782 0
      vertex 151.541 140.782 2.2
    endloop
  endfacet
  facet normal 0.886225 -0.463254 0
    outer loop
      vertex 148.459 142.218 2.2
      vertex 148.528 142.35 0
      vertex 148.528 142.35 2.2
    endloop
  endfacet
  facet normal 0.886225 -0.463254 0
    outer loop
      vertex 148.528 142.35 0
      vertex 148.459 142.218 2.2
      vertex 148.459 142.218 0
    endloop
  endfacet
  facet normal 0.463254 -0.886225 0
    outer loop
      vertex 149.15 142.972 0
      vertex 149.282 143.041 2.2
      vertex 149.15 142.972 2.2
    endloop
  endfacet
  facet normal 0.463254 -0.886225 0
    outer loop
      vertex 149.282 143.041 2.2
      vertex 149.15 142.972 0
      vertex 149.282 143.041 0
    endloop
  endfacet
  facet normal 0.845328 0.534247 0
    outer loop
      vertex 148.607 140.525 2.2
      vertex 148.528 140.65 0
      vertex 148.528 140.65 2.2
    endloop
  endfacet
  facet normal 0.845328 0.534247 0
    outer loop
      vertex 148.528 140.65 0
      vertex 148.607 140.525 2.2
      vertex 148.607 140.525 0
    endloop
  endfacet
  facet normal -0.791875 -0.610683 0
    outer loop
      vertex 151.393 142.475 0
      vertex 151.302 142.593 2.2
      vertex 151.302 142.593 0
    endloop
  endfacet
  facet normal -0.791875 -0.610683 0
    outer loop
      vertex 151.302 142.593 2.2
      vertex 151.393 142.475 0
      vertex 151.393 142.475 2.2
    endloop
  endfacet
  facet normal 0.990871 -0.134812 0
    outer loop
      vertex 148.306 141.648 2.2
      vertex 148.326 141.795 0
      vertex 148.326 141.795 2.2
    endloop
  endfacet
  facet normal 0.990871 -0.134812 0
    outer loop
      vertex 148.326 141.795 0
      vertex 148.306 141.648 2.2
      vertex 148.306 141.648 0
    endloop
  endfacet
  facet normal 0.736873 -0.676031 0
    outer loop
      vertex 148.698 142.593 2.2
      vertex 148.798 142.702 0
      vertex 148.798 142.702 2.2
    endloop
  endfacet
  facet normal 0.736873 -0.676031 0
    outer loop
      vertex 148.798 142.702 0
      vertex 148.698 142.593 2.2
      vertex 148.698 142.593 0
    endloop
  endfacet
  facet normal 0.886225 0.463254 0
    outer loop
      vertex 148.528 140.65 2.2
      vertex 148.459 140.782 0
      vertex 148.459 140.782 2.2
    endloop
  endfacet
  facet normal 0.886225 0.463254 0
    outer loop
      vertex 148.459 140.782 0
      vertex 148.528 140.65 2.2
      vertex 148.528 140.65 0
    endloop
  endfacet
  facet normal 0.990871 0.134812 0
    outer loop
      vertex 148.326 141.205 2.2
      vertex 148.306 141.352 0
      vertex 148.306 141.352 2.2
    endloop
  endfacet
  facet normal 0.990871 0.134812 0
    outer loop
      vertex 148.306 141.352 0
      vertex 148.326 141.205 2.2
      vertex 148.326 141.205 0
    endloop
  endfacet
  facet normal 0.0405073 0.999179 -0
    outer loop
      vertex 150 139.8 0
      vertex 149.852 139.806 2.2
      vertex 150 139.8 2.2
    endloop
  endfacet
  facet normal 0.0405073 0.999179 0
    outer loop
      vertex 149.852 139.806 2.2
      vertex 150 139.8 0
      vertex 149.852 139.806 0
    endloop
  endfacet
  facet normal 0.676031 0.736873 -0
    outer loop
      vertex 148.907 140.198 0
      vertex 148.798 140.298 2.2
      vertex 148.907 140.198 2.2
    endloop
  endfacet
  facet normal 0.676031 0.736873 0
    outer loop
      vertex 148.798 140.298 2.2
      vertex 148.907 140.198 0
      vertex 148.798 140.298 0
    endloop
  endfacet
  facet normal -0.463254 -0.886225 0
    outer loop
      vertex 150.718 143.041 0
      vertex 150.85 142.972 2.2
      vertex 150.718 143.041 2.2
    endloop
  endfacet
  facet normal -0.463254 -0.886225 -0
    outer loop
      vertex 150.85 142.972 2.2
      vertex 150.718 143.041 0
      vertex 150.85 142.972 0
    endloop
  endfacet
  facet normal -0.534247 0.845328 0
    outer loop
      vertex 150.975 140.107 0
      vertex 150.85 140.028 2.2
      vertex 150.975 140.107 2.2
    endloop
  endfacet
  facet normal -0.534247 0.845328 0
    outer loop
      vertex 150.85 140.028 2.2
      vertex 150.975 140.107 0
      vertex 150.85 140.028 0
    endloop
  endfacet
  facet normal 0.925655 0.37837 0
    outer loop
      vertex 148.459 140.782 2.2
      vertex 148.403 140.919 0
      vertex 148.403 140.919 2.2
    endloop
  endfacet
  facet normal 0.925655 0.37837 0
    outer loop
      vertex 148.403 140.919 0
      vertex 148.459 140.782 2.2
      vertex 148.459 140.782 0
    endloop
  endfacet
  facet normal 0.925655 -0.37837 0
    outer loop
      vertex 148.403 142.081 2.2
      vertex 148.459 142.218 0
      vertex 148.459 142.218 2.2
    endloop
  endfacet
  facet normal 0.925655 -0.37837 0
    outer loop
      vertex 148.459 142.218 0
      vertex 148.403 142.081 2.2
      vertex 148.403 142.081 0
    endloop
  endfacet
  facet normal -0.534247 -0.845328 0
    outer loop
      vertex 150.85 142.972 0
      vertex 150.975 142.893 2.2
      vertex 150.85 142.972 2.2
    endloop
  endfacet
  facet normal -0.534247 -0.845328 -0
    outer loop
      vertex 150.975 142.893 2.2
      vertex 150.85 142.972 0
      vertex 150.975 142.893 0
    endloop
  endfacet
  facet normal 0.736873 0.676031 0
    outer loop
      vertex 148.798 140.298 2.2
      vertex 148.698 140.407 0
      vertex 148.698 140.407 2.2
    endloop
  endfacet
  facet normal 0.736873 0.676031 0
    outer loop
      vertex 148.698 140.407 0
      vertex 148.798 140.298 2.2
      vertex 148.798 140.298 0
    endloop
  endfacet
  facet normal 0.791875 0.610683 0
    outer loop
      vertex 148.698 140.407 2.2
      vertex 148.607 140.525 0
      vertex 148.607 140.525 2.2
    endloop
  endfacet
  facet normal 0.791875 0.610683 0
    outer loop
      vertex 148.607 140.525 0
      vertex 148.698 140.407 2.2
      vertex 148.698 140.407 0
    endloop
  endfacet
  facet normal -0.610683 0.791875 0
    outer loop
      vertex 151.093 140.198 0
      vertex 150.975 140.107 2.2
      vertex 151.093 140.198 2.2
    endloop
  endfacet
  facet normal -0.610683 0.791875 0
    outer loop
      vertex 150.975 140.107 2.2
      vertex 151.093 140.198 0
      vertex 150.975 140.107 0
    endloop
  endfacet
  facet normal 0.999179 0.0405073 0
    outer loop
      vertex 148.306 141.352 2.2
      vertex 148.3 141.5 0
      vertex 148.3 141.5 2.2
    endloop
  endfacet
  facet normal 0.999179 0.0405073 0
    outer loop
      vertex 148.3 141.5 0
      vertex 148.306 141.352 2.2
      vertex 148.306 141.352 0
    endloop
  endfacet
  facet normal -0.845328 0.534247 0
    outer loop
      vertex 151.393 140.525 0
      vertex 151.472 140.65 2.2
      vertex 151.472 140.65 0
    endloop
  endfacet
  facet normal -0.845328 0.534247 0
    outer loop
      vertex 151.472 140.65 2.2
      vertex 151.393 140.525 0
      vertex 151.393 140.525 2.2
    endloop
  endfacet
  facet normal -0.736873 0.676031 0
    outer loop
      vertex 151.202 140.298 0
      vertex 151.302 140.407 2.2
      vertex 151.302 140.407 0
    endloop
  endfacet
  facet normal -0.736873 0.676031 0
    outer loop
      vertex 151.302 140.407 2.2
      vertex 151.202 140.298 0
      vertex 151.202 140.298 2.2
    endloop
  endfacet
  facet normal 0.534247 0.845328 -0
    outer loop
      vertex 149.15 140.028 0
      vertex 149.025 140.107 2.2
      vertex 149.15 140.028 2.2
    endloop
  endfacet
  facet normal 0.534247 0.845328 0
    outer loop
      vertex 149.025 140.107 2.2
      vertex 149.15 140.028 0
      vertex 149.025 140.107 0
    endloop
  endfacet
  facet normal -0.215504 -0.976503 0
    outer loop
      vertex 150.295 143.174 0
      vertex 150.44 143.142 2.2
      vertex 150.295 143.174 2.2
    endloop
  endfacet
  facet normal -0.215504 -0.976503 -0
    outer loop
      vertex 150.44 143.142 2.2
      vertex 150.295 143.174 0
      vertex 150.44 143.142 0
    endloop
  endfacet
  facet normal 0.134812 0.990871 -0
    outer loop
      vertex 149.852 139.806 0
      vertex 149.705 139.826 2.2
      vertex 149.852 139.806 2.2
    endloop
  endfacet
  facet normal 0.134812 0.990871 0
    outer loop
      vertex 149.705 139.826 2.2
      vertex 149.852 139.806 0
      vertex 149.705 139.826 0
    endloop
  endfacet
  facet normal -0.73992 0.231225 0.631707
    outer loop
      vertex 152.98 140.424 4
      vertex 153.06 140.68 4
      vertex 151.642 141.06 2.2
    endloop
  endfacet
  facet normal -0.414085 -0.655198 0.631861
    outer loop
      vertex 150.975 142.893 2.2
      vertex 151.584 144.244 4
      vertex 150.85 142.972 2.2
    endloop
  endfacet
  facet normal -0.383738 -0.671541 0.63386
    outer loop
      vertex 151.584 144.244 4
      vertex 150.975 142.893 2.2
      vertex 151.591 144.24 4
    endloop
  endfacet
  facet normal 0.671541 -0.383738 0.63386
    outer loop
      vertex 147.256 143.084 4
      vertex 148.607 142.475 2.2
      vertex 147.26 143.091 4
    endloop
  endfacet
  facet normal 0.655198 -0.414085 0.631861
    outer loop
      vertex 148.607 142.475 2.2
      vertex 147.256 143.084 4
      vertex 148.528 142.35 2.2
    endloop
  endfacet
  facet normal -0.774562 -0.0317917 0.631698
    outer loop
      vertex 153.168 141.5 4
      vertex 153.157 141.768 4
      vertex 151.7 141.5 2.2
    endloop
  endfacet
  facet normal -0.769265 -0.0961582 0.631652
    outer loop
      vertex 151.694 141.648 2.2
      vertex 153.157 141.768 4
      vertex 153.156 141.776 4
    endloop
  endfacet
  facet normal -0.7746 -0.0314027 0.631671
    outer loop
      vertex 153.157 141.768 4
      vertex 151.694 141.648 2.2
      vertex 151.7 141.5 2.2
    endloop
  endfacet
  facet normal 0.383738 -0.671541 0.63386
    outer loop
      vertex 149.025 142.893 2.2
      vertex 148.416 144.244 4
      vertex 148.409 144.24 4
    endloop
  endfacet
  facet normal 0.414085 -0.655198 0.631861
    outer loop
      vertex 148.416 144.244 4
      vertex 149.025 142.893 2.2
      vertex 149.15 142.972 2.2
    endloop
  endfacet
  facet normal -0.687392 -0.358137 0.631846
    outer loop
      vertex 152.872 142.839 4
      vertex 152.748 143.077 4
      vertex 151.541 142.218 2.2
    endloop
  endfacet
  facet normal 0.358137 -0.687392 0.631846
    outer loop
      vertex 149.282 143.041 2.2
      vertex 148.661 144.372 4
      vertex 148.423 144.248 4
    endloop
  endfacet
  facet normal -0.231225 0.73992 0.631707
    outer loop
      vertex 150.82 138.44 4
      vertex 151.076 138.52 4
      vertex 150.44 139.858 2.2
    endloop
  endfacet
  facet normal 0.774562 0.0317917 0.631698
    outer loop
      vertex 146.843 141.232 4
      vertex 148.3 141.5 2.2
      vertex 146.832 141.5 4
    endloop
  endfacet
  facet normal -0.29484 0.716865 0.631802
    outer loop
      vertex 151.091 138.526 4
      vertex 151.339 138.628 4
      vertex 150.718 139.959 2.2
    endloop
  endfacet
  facet normal 0.572093 -0.522974 0.631829
    outer loop
      vertex 148.698 142.593 2.2
      vertex 147.754 143.735 4
      vertex 147.573 143.537 4
    endloop
  endfacet
  facet normal 0.471182 -0.615716 0.63157
    outer loop
      vertex 149.025 142.893 2.2
      vertex 148.183 144.095 4
      vertex 147.97 143.932 4
    endloop
  endfacet
  facet normal 0.359039 0.686857 0.631917
    outer loop
      vertex 149.15 140.028 2.2
      vertex 148.423 138.752 4
      vertex 149.282 139.959 2.2
    endloop
  endfacet
  facet normal 0.384425 0.672744 0.632166
    outer loop
      vertex 148.423 138.752 4
      vertex 149.15 140.028 2.2
      vertex 148.416 138.756 4
    endloop
  endfacet
  facet normal 0.0958016 -0.766413 0.635164
    outer loop
      vertex 149.56 143.142 2.2
      vertex 149.45 144.62 4
      vertex 149.442 144.619 4
    endloop
  endfacet
  facet normal 0.167052 -0.756955 0.631753
    outer loop
      vertex 149.45 144.62 4
      vertex 149.56 143.142 2.2
      vertex 149.705 143.174 2.2
    endloop
  endfacet
  facet normal -0.101126 -0.768559 0.631736
    outer loop
      vertex 150.295 143.174 2.2
      vertex 150.55 144.62 4
      vertex 150.284 144.655 4
    endloop
  endfacet
  facet normal -0.0317917 0.774562 0.631698
    outer loop
      vertex 150.268 138.343 4
      vertex 150 139.8 2.2
      vertex 150 138.332 4
    endloop
  endfacet
  facet normal -0.231225 -0.73992 0.631707
    outer loop
      vertex 151.076 144.48 4
      vertex 150.82 144.56 4
      vertex 150.44 143.142 2.2
    endloop
  endfacet
  facet normal 0.231225 0.73992 0.631707
    outer loop
      vertex 149.18 138.44 4
      vertex 149.56 139.858 2.2
      vertex 148.924 138.52 4
    endloop
  endfacet
  facet normal 0.655198 0.414085 0.631861
    outer loop
      vertex 147.256 139.916 4
      vertex 148.607 140.525 2.2
      vertex 148.528 140.65 2.2
    endloop
  endfacet
  facet normal 0.671541 0.383738 0.63386
    outer loop
      vertex 148.607 140.525 2.2
      vertex 147.256 139.916 4
      vertex 147.26 139.909 4
    endloop
  endfacet
  facet normal -0.613829 0.473376 0.631767
    outer loop
      vertex 151.302 140.407 2.2
      vertex 152.432 139.47 4
      vertex 151.393 140.525 2.2
    endloop
  endfacet
  facet normal -0.631269 0.450906 0.631018
    outer loop
      vertex 152.432 139.47 4
      vertex 151.302 140.407 2.2
      vertex 152.427 139.463 4
    endloop
  endfacet
  facet normal 0.615716 0.471182 0.63157
    outer loop
      vertex 147.568 139.47 4
      vertex 148.607 140.525 2.2
      vertex 147.405 139.683 4
    endloop
  endfacet
  facet normal 0.73992 -0.231225 0.631707
    outer loop
      vertex 148.358 141.94 2.2
      vertex 147.02 142.576 4
      vertex 146.94 142.32 4
    endloop
  endfacet
  facet normal 0.716865 -0.29484 0.631802
    outer loop
      vertex 148.459 142.218 2.2
      vertex 147.128 142.839 4
      vertex 147.026 142.591 4
    endloop
  endfacet
  facet normal -0.235615 -0.738261 0.632025
    outer loop
      vertex 150.581 143.097 2.2
      vertex 151.076 144.48 4
      vertex 150.44 143.142 2.2
    endloop
  endfacet
  facet normal -0.272049 -0.725464 0.632212
    outer loop
      vertex 151.076 144.48 4
      vertex 150.581 143.097 2.2
      vertex 151.084 144.477 4
    endloop
  endfacet
  facet normal -0.0317917 -0.774562 0.631698
    outer loop
      vertex 150.268 144.657 4
      vertex 150 144.668 4
      vertex 150 143.2 2.2
    endloop
  endfacet
  facet normal -0.293241 -0.717394 0.631946
    outer loop
      vertex 150.718 143.041 2.2
      vertex 151.084 144.477 4
      vertex 150.581 143.097 2.2
    endloop
  endfacet
  facet normal -0.305596 -0.713057 0.630999
    outer loop
      vertex 151.084 144.477 4
      vertex 150.718 143.041 2.2
      vertex 151.091 144.474 4
    endloop
  endfacet
  facet normal -0.170303 -0.75626 0.631718
    outer loop
      vertex 150.82 144.56 4
      vertex 150.558 144.619 4
      vertex 150.44 143.142 2.2
    endloop
  endfacet
  facet normal 0.73992 0.231225 0.631707
    outer loop
      vertex 147.02 140.424 4
      vertex 148.358 141.06 2.2
      vertex 146.94 140.68 4
    endloop
  endfacet
  facet normal 0.096116 -0.768928 0.632069
    outer loop
      vertex 149.705 143.174 2.2
      vertex 149.724 144.656 4
      vertex 149.716 144.655 4
    endloop
  endfacet
  facet normal 0.104533 -0.768316 0.631477
    outer loop
      vertex 149.724 144.656 4
      vertex 149.705 143.174 2.2
      vertex 149.852 143.194 2.2
    endloop
  endfacet
  facet normal -0.73992 -0.231225 0.631707
    outer loop
      vertex 153.06 142.32 4
      vertex 152.98 142.576 4
      vertex 151.642 141.94 2.2
    endloop
  endfacet
  facet normal -0.358137 -0.687392 0.631846
    outer loop
      vertex 151.577 144.248 4
      vertex 151.339 144.372 4
      vertex 150.718 143.041 2.2
    endloop
  endfacet
  facet normal 0.104533 0.768316 0.631477
    outer loop
      vertex 149.705 139.826 2.2
      vertex 149.724 138.344 4
      vertex 149.852 139.806 2.2
    endloop
  endfacet
  facet normal 0.096116 0.768928 0.632069
    outer loop
      vertex 149.724 138.344 4
      vertex 149.705 139.826 2.2
      vertex 149.716 138.345 4
    endloop
  endfacet
  facet normal -0.0314027 -0.7746 0.631671
    outer loop
      vertex 150.148 143.194 2.2
      vertex 150.268 144.657 4
      vertex 150 143.2 2.2
    endloop
  endfacet
  facet normal -0.0961582 -0.769265 0.631652
    outer loop
      vertex 150.268 144.657 4
      vertex 150.148 143.194 2.2
      vertex 150.276 144.656 4
    endloop
  endfacet
  facet normal 0.0961582 -0.769265 0.631652
    outer loop
      vertex 149.852 143.194 2.2
      vertex 149.732 144.657 4
      vertex 149.724 144.656 4
    endloop
  endfacet
  facet normal 0.0314027 -0.7746 0.631671
    outer loop
      vertex 149.732 144.657 4
      vertex 149.852 143.194 2.2
      vertex 150 143.2 2.2
    endloop
  endfacet
  facet normal -0.686857 0.359039 0.631917
    outer loop
      vertex 151.472 140.65 2.2
      vertex 152.748 139.923 4
      vertex 151.541 140.782 2.2
    endloop
  endfacet
  facet normal -0.672744 0.384425 0.632166
    outer loop
      vertex 152.748 139.923 4
      vertex 151.472 140.65 2.2
      vertex 152.744 139.916 4
    endloop
  endfacet
  facet normal -0.471182 0.615716 0.63157
    outer loop
      vertex 151.817 138.905 4
      vertex 152.03 139.068 4
      vertex 150.975 140.107 2.2
    endloop
  endfacet
  facet normal -0.7746 0.0314027 0.631671
    outer loop
      vertex 151.694 141.352 2.2
      vertex 153.157 141.232 4
      vertex 151.7 141.5 2.2
    endloop
  endfacet
  facet normal -0.769265 0.0961582 0.631652
    outer loop
      vertex 153.157 141.232 4
      vertex 151.694 141.352 2.2
      vertex 153.156 141.224 4
    endloop
  endfacet
  facet normal 0.522974 0.572093 0.631829
    outer loop
      vertex 147.963 139.073 4
      vertex 148.907 140.198 2.2
      vertex 147.765 139.254 4
    endloop
  endfacet
  facet normal 0.572093 0.522974 0.631829
    outer loop
      vertex 147.754 139.265 4
      vertex 148.698 140.407 2.2
      vertex 147.573 139.463 4
    endloop
  endfacet
  facet normal -0.5711 0.523945 0.631924
    outer loop
      vertex 151.202 140.298 2.2
      vertex 152.246 139.265 4
      vertex 151.302 140.407 2.2
    endloop
  endfacet
  facet normal -0.496934 0.59632 0.630443
    outer loop
      vertex 152.246 139.265 4
      vertex 151.202 140.298 2.2
      vertex 152.24 139.26 4
    endloop
  endfacet
  facet normal -0.572093 0.522974 0.631829
    outer loop
      vertex 152.246 139.265 4
      vertex 152.427 139.463 4
      vertex 151.302 140.407 2.2
    endloop
  endfacet
  facet normal 0.101126 -0.768559 0.631736
    outer loop
      vertex 149.705 143.174 2.2
      vertex 149.716 144.655 4
      vertex 149.45 144.62 4
    endloop
  endfacet
  facet normal 0.769265 -0.0961582 0.631652
    outer loop
      vertex 146.843 141.768 4
      vertex 148.306 141.648 2.2
      vertex 146.844 141.776 4
    endloop
  endfacet
  facet normal 0.7746 -0.0314027 0.631671
    outer loop
      vertex 148.306 141.648 2.2
      vertex 146.843 141.768 4
      vertex 148.3 141.5 2.2
    endloop
  endfacet
  facet normal 0.293241 0.717394 0.631946
    outer loop
      vertex 149.282 139.959 2.2
      vertex 148.916 138.523 4
      vertex 149.419 139.903 2.2
    endloop
  endfacet
  facet normal 0.305596 0.713057 0.630999
    outer loop
      vertex 148.916 138.523 4
      vertex 149.282 139.959 2.2
      vertex 148.909 138.526 4
    endloop
  endfacet
  facet normal -0.768559 0.101126 0.631736
    outer loop
      vertex 153.12 140.95 4
      vertex 153.155 141.216 4
      vertex 151.674 141.205 2.2
    endloop
  endfacet
  facet normal -0.59632 0.496934 0.630443
    outer loop
      vertex 151.202 140.298 2.2
      vertex 152.235 139.254 4
      vertex 152.24 139.26 4
    endloop
  endfacet
  facet normal -0.523945 0.5711 0.631924
    outer loop
      vertex 152.235 139.254 4
      vertex 151.202 140.298 2.2
      vertex 151.093 140.198 2.2
    endloop
  endfacet
  facet normal 0.716865 0.29484 0.631802
    outer loop
      vertex 147.128 140.161 4
      vertex 148.459 140.782 2.2
      vertex 147.026 140.409 4
    endloop
  endfacet
  facet normal 0.631269 -0.450906 0.631018
    outer loop
      vertex 147.568 143.53 4
      vertex 148.698 142.593 2.2
      vertex 147.573 143.537 4
    endloop
  endfacet
  facet normal 0.613829 -0.473376 0.631767
    outer loop
      vertex 148.698 142.593 2.2
      vertex 147.568 143.53 4
      vertex 148.607 142.475 2.2
    endloop
  endfacet
  facet normal -0.716865 -0.29484 0.631802
    outer loop
      vertex 152.974 142.591 4
      vertex 152.872 142.839 4
      vertex 151.541 142.218 2.2
    endloop
  endfacet
  facet normal -0.774562 0.0317917 0.631698
    outer loop
      vertex 153.157 141.232 4
      vertex 153.168 141.5 4
      vertex 151.7 141.5 2.2
    endloop
  endfacet
  facet normal -0.615716 0.471182 0.63157
    outer loop
      vertex 152.432 139.47 4
      vertex 152.595 139.683 4
      vertex 151.393 140.525 2.2
    endloop
  endfacet
  facet normal -0.170303 0.75626 0.631718
    outer loop
      vertex 150.558 138.381 4
      vertex 150.82 138.44 4
      vertex 150.44 139.858 2.2
    endloop
  endfacet
  facet normal -0.383738 0.671541 0.63386
    outer loop
      vertex 150.975 140.107 2.2
      vertex 151.584 138.756 4
      vertex 151.591 138.76 4
    endloop
  endfacet
  facet normal -0.414085 0.655198 0.631861
    outer loop
      vertex 151.584 138.756 4
      vertex 150.975 140.107 2.2
      vertex 150.85 140.028 2.2
    endloop
  endfacet
  facet normal 0.0314027 0.7746 0.631671
    outer loop
      vertex 149.852 139.806 2.2
      vertex 149.732 138.343 4
      vertex 150 139.8 2.2
    endloop
  endfacet
  facet normal 0.0961582 0.769265 0.631652
    outer loop
      vertex 149.732 138.343 4
      vertex 149.852 139.806 2.2
      vertex 149.724 138.344 4
    endloop
  endfacet
  facet normal -0.75626 0.170303 0.631718
    outer loop
      vertex 153.06 140.68 4
      vertex 153.119 140.942 4
      vertex 151.642 141.06 2.2
    endloop
  endfacet
  facet normal -0.717394 0.293241 0.631946
    outer loop
      vertex 151.541 140.782 2.2
      vertex 152.977 140.416 4
      vertex 151.597 140.919 2.2
    endloop
  endfacet
  facet normal -0.713057 0.305596 0.630999
    outer loop
      vertex 152.977 140.416 4
      vertex 151.541 140.782 2.2
      vertex 152.974 140.409 4
    endloop
  endfacet
  facet normal 0.384425 -0.672744 0.632166
    outer loop
      vertex 149.15 142.972 2.2
      vertex 148.423 144.248 4
      vertex 148.416 144.244 4
    endloop
  endfacet
  facet normal 0.359039 -0.686857 0.631917
    outer loop
      vertex 148.423 144.248 4
      vertex 149.15 142.972 2.2
      vertex 149.282 143.041 2.2
    endloop
  endfacet
  facet normal 0.65254 -0.418665 0.631594
    outer loop
      vertex 148.607 142.475 2.2
      vertex 147.405 143.317 4
      vertex 147.26 143.091 4
    endloop
  endfacet
  facet normal -0.359039 -0.686857 0.631917
    outer loop
      vertex 150.85 142.972 2.2
      vertex 151.577 144.248 4
      vertex 150.718 143.041 2.2
    endloop
  endfacet
  facet normal -0.384425 -0.672744 0.632166
    outer loop
      vertex 151.577 144.248 4
      vertex 150.85 142.972 2.2
      vertex 151.584 144.244 4
    endloop
  endfacet
  facet normal 0.167052 0.756955 0.631753
    outer loop
      vertex 149.56 139.858 2.2
      vertex 149.45 138.38 4
      vertex 149.705 139.826 2.2
    endloop
  endfacet
  facet normal 0.0958016 0.766413 0.635164
    outer loop
      vertex 149.45 138.38 4
      vertex 149.56 139.858 2.2
      vertex 149.442 138.381 4
    endloop
  endfacet
  facet normal -0.671541 -0.383738 0.63386
    outer loop
      vertex 151.393 142.475 2.2
      vertex 152.744 143.084 4
      vertex 152.74 143.091 4
    endloop
  endfacet
  facet normal -0.655198 -0.414085 0.631861
    outer loop
      vertex 152.744 143.084 4
      vertex 151.393 142.475 2.2
      vertex 151.472 142.35 2.2
    endloop
  endfacet
  facet normal -0.418665 0.65254 0.631594
    outer loop
      vertex 151.591 138.76 4
      vertex 151.817 138.905 4
      vertex 150.975 140.107 2.2
    endloop
  endfacet
  facet normal 0.231225 -0.73992 0.631707
    outer loop
      vertex 149.56 143.142 2.2
      vertex 149.18 144.56 4
      vertex 148.924 144.48 4
    endloop
  endfacet
  facet normal 0.170303 0.75626 0.631718
    outer loop
      vertex 149.442 138.381 4
      vertex 149.56 139.858 2.2
      vertex 149.18 138.44 4
    endloop
  endfacet
  facet normal -0.756955 0.167052 0.631753
    outer loop
      vertex 151.642 141.06 2.2
      vertex 153.12 140.95 4
      vertex 151.674 141.205 2.2
    endloop
  endfacet
  facet normal -0.766413 0.0958016 0.635164
    outer loop
      vertex 153.12 140.95 4
      vertex 151.642 141.06 2.2
      vertex 153.119 140.942 4
    endloop
  endfacet
  facet normal -0.0961582 0.769265 0.631652
    outer loop
      vertex 150.148 139.806 2.2
      vertex 150.268 138.343 4
      vertex 150.276 138.344 4
    endloop
  endfacet
  facet normal -0.0314027 0.7746 0.631671
    outer loop
      vertex 150.268 138.343 4
      vertex 150.148 139.806 2.2
      vertex 150 139.8 2.2
    endloop
  endfacet
  facet normal 0.29484 -0.716865 0.631802
    outer loop
      vertex 149.282 143.041 2.2
      vertex 148.909 144.474 4
      vertex 148.661 144.372 4
    endloop
  endfacet
  facet normal -0.104533 -0.768316 0.631477
    outer loop
      vertex 150.295 143.174 2.2
      vertex 150.276 144.656 4
      vertex 150.148 143.194 2.2
    endloop
  endfacet
  facet normal -0.096116 -0.768928 0.632069
    outer loop
      vertex 150.276 144.656 4
      vertex 150.295 143.174 2.2
      vertex 150.284 144.655 4
    endloop
  endfacet
  facet normal -0.450906 0.631269 0.631018
    outer loop
      vertex 151.093 140.198 2.2
      vertex 152.03 139.068 4
      vertex 152.037 139.073 4
    endloop
  endfacet
  facet normal -0.473376 0.613829 0.631767
    outer loop
      vertex 152.03 139.068 4
      vertex 151.093 140.198 2.2
      vertex 150.975 140.107 2.2
    endloop
  endfacet
  facet normal -0.59632 -0.496934 0.630443
    outer loop
      vertex 152.235 143.746 4
      vertex 151.202 142.702 2.2
      vertex 152.24 143.74 4
    endloop
  endfacet
  facet normal -0.523945 -0.5711 0.631924
    outer loop
      vertex 151.202 142.702 2.2
      vertex 152.235 143.746 4
      vertex 151.093 142.802 2.2
    endloop
  endfacet
  facet normal 0.65254 0.418665 0.631594
    outer loop
      vertex 147.405 139.683 4
      vertex 148.607 140.525 2.2
      vertex 147.26 139.909 4
    endloop
  endfacet
  facet normal -0.358137 0.687392 0.631846
    outer loop
      vertex 151.339 138.628 4
      vertex 151.577 138.752 4
      vertex 150.718 139.959 2.2
    endloop
  endfacet
  facet normal 0.358137 0.687392 0.631846
    outer loop
      vertex 148.661 138.628 4
      vertex 149.282 139.959 2.2
      vertex 148.423 138.752 4
    endloop
  endfacet
  facet normal 0.75626 -0.170303 0.631718
    outer loop
      vertex 148.358 141.94 2.2
      vertex 146.94 142.32 4
      vertex 146.881 142.058 4
    endloop
  endfacet
  facet normal -0.418665 -0.65254 0.631594
    outer loop
      vertex 151.817 144.095 4
      vertex 151.591 144.24 4
      vertex 150.975 142.893 2.2
    endloop
  endfacet
  facet normal 0.766413 -0.0958016 0.635164
    outer loop
      vertex 146.88 142.05 4
      vertex 148.358 141.94 2.2
      vertex 146.881 142.058 4
    endloop
  endfacet
  facet normal 0.756955 -0.167052 0.631753
    outer loop
      vertex 148.358 141.94 2.2
      vertex 146.88 142.05 4
      vertex 148.326 141.795 2.2
    endloop
  endfacet
  facet normal 0.272049 -0.725464 0.632212
    outer loop
      vertex 149.419 143.097 2.2
      vertex 148.924 144.48 4
      vertex 148.916 144.477 4
    endloop
  endfacet
  facet normal 0.235615 -0.738261 0.632025
    outer loop
      vertex 148.924 144.48 4
      vertex 149.419 143.097 2.2
      vertex 149.56 143.142 2.2
    endloop
  endfacet
  facet normal 0.523945 0.5711 0.631924
    outer loop
      vertex 148.798 140.298 2.2
      vertex 147.765 139.254 4
      vertex 148.907 140.198 2.2
    endloop
  endfacet
  facet normal 0.59632 0.496934 0.630443
    outer loop
      vertex 147.765 139.254 4
      vertex 148.798 140.298 2.2
      vertex 147.76 139.26 4
    endloop
  endfacet
  facet normal 0.768928 -0.096116 0.632069
    outer loop
      vertex 146.844 141.776 4
      vertex 148.326 141.795 2.2
      vertex 146.845 141.784 4
    endloop
  endfacet
  facet normal 0.768316 -0.104533 0.631477
    outer loop
      vertex 148.326 141.795 2.2
      vertex 146.844 141.776 4
      vertex 148.306 141.648 2.2
    endloop
  endfacet
  facet normal 0.687392 0.358137 0.631846
    outer loop
      vertex 147.252 139.923 4
      vertex 148.459 140.782 2.2
      vertex 147.128 140.161 4
    endloop
  endfacet
  facet normal 0.0317917 0.774562 0.631698
    outer loop
      vertex 150 138.332 4
      vertex 150 139.8 2.2
      vertex 149.732 138.343 4
    endloop
  endfacet
  facet normal -0.522974 -0.572093 0.631829
    outer loop
      vertex 152.235 143.746 4
      vertex 152.037 143.927 4
      vertex 151.093 142.802 2.2
    endloop
  endfacet
  facet normal 0.615716 -0.471182 0.63157
    outer loop
      vertex 148.607 142.475 2.2
      vertex 147.568 143.53 4
      vertex 147.405 143.317 4
    endloop
  endfacet
  facet normal -0.738261 0.235615 0.632025
    outer loop
      vertex 151.597 140.919 2.2
      vertex 152.98 140.424 4
      vertex 151.642 141.06 2.2
    endloop
  endfacet
  facet normal -0.725464 0.272049 0.632212
    outer loop
      vertex 152.98 140.424 4
      vertex 151.597 140.919 2.2
      vertex 152.977 140.416 4
    endloop
  endfacet
  facet normal -0.65254 0.418665 0.631594
    outer loop
      vertex 152.595 139.683 4
      vertex 152.74 139.909 4
      vertex 151.393 140.525 2.2
    endloop
  endfacet
  facet normal 0.613829 0.473376 0.631767
    outer loop
      vertex 147.568 139.47 4
      vertex 148.698 140.407 2.2
      vertex 148.607 140.525 2.2
    endloop
  endfacet
  facet normal 0.631269 0.450906 0.631018
    outer loop
      vertex 148.698 140.407 2.2
      vertex 147.568 139.47 4
      vertex 147.573 139.463 4
    endloop
  endfacet
  facet normal 0.473376 0.613829 0.631767
    outer loop
      vertex 148.907 140.198 2.2
      vertex 147.97 139.068 4
      vertex 149.025 140.107 2.2
    endloop
  endfacet
  facet normal 0.450906 0.631269 0.631018
    outer loop
      vertex 147.97 139.068 4
      vertex 148.907 140.198 2.2
      vertex 147.963 139.073 4
    endloop
  endfacet
  facet normal -0.522974 0.572093 0.631829
    outer loop
      vertex 152.037 139.073 4
      vertex 152.235 139.254 4
      vertex 151.093 140.198 2.2
    endloop
  endfacet
  facet normal 0.686857 0.359039 0.631917
    outer loop
      vertex 147.252 139.923 4
      vertex 148.528 140.65 2.2
      vertex 148.459 140.782 2.2
    endloop
  endfacet
  facet normal 0.672744 0.384425 0.632166
    outer loop
      vertex 148.528 140.65 2.2
      vertex 147.252 139.923 4
      vertex 147.256 139.916 4
    endloop
  endfacet
  facet normal -0.305596 0.713057 0.630999
    outer loop
      vertex 150.718 139.959 2.2
      vertex 151.084 138.523 4
      vertex 151.091 138.526 4
    endloop
  endfacet
  facet normal -0.293241 0.717394 0.631946
    outer loop
      vertex 151.084 138.523 4
      vertex 150.718 139.959 2.2
      vertex 150.581 139.903 2.2
    endloop
  endfacet
  facet normal -0.272049 0.725464 0.632212
    outer loop
      vertex 150.581 139.903 2.2
      vertex 151.076 138.52 4
      vertex 151.084 138.523 4
    endloop
  endfacet
  facet normal -0.235615 0.738261 0.632025
    outer loop
      vertex 151.076 138.52 4
      vertex 150.581 139.903 2.2
      vertex 150.44 139.858 2.2
    endloop
  endfacet
  facet normal 0.522974 -0.572093 0.631829
    outer loop
      vertex 148.907 142.802 2.2
      vertex 147.963 143.927 4
      vertex 147.765 143.746 4
    endloop
  endfacet
  facet normal 0.418665 0.65254 0.631594
    outer loop
      vertex 148.409 138.76 4
      vertex 149.025 140.107 2.2
      vertex 148.183 138.905 4
    endloop
  endfacet
  facet normal -0.768316 0.104533 0.631477
    outer loop
      vertex 151.674 141.205 2.2
      vertex 153.156 141.224 4
      vertex 151.694 141.352 2.2
    endloop
  endfacet
  facet normal -0.768928 0.096116 0.632069
    outer loop
      vertex 153.156 141.224 4
      vertex 151.674 141.205 2.2
      vertex 153.155 141.216 4
    endloop
  endfacet
  facet normal 0.418665 -0.65254 0.631594
    outer loop
      vertex 149.025 142.893 2.2
      vertex 148.409 144.24 4
      vertex 148.183 144.095 4
    endloop
  endfacet
  facet normal 0.235615 0.738261 0.632025
    outer loop
      vertex 149.419 139.903 2.2
      vertex 148.924 138.52 4
      vertex 149.56 139.858 2.2
    endloop
  endfacet
  facet normal 0.272049 0.725464 0.632212
    outer loop
      vertex 148.924 138.52 4
      vertex 149.419 139.903 2.2
      vertex 148.916 138.523 4
    endloop
  endfacet
  facet normal 0.0317917 -0.774562 0.631698
    outer loop
      vertex 150 143.2 2.2
      vertex 150 144.668 4
      vertex 149.732 144.657 4
    endloop
  endfacet
  facet normal -0.29484 -0.716865 0.631802
    outer loop
      vertex 151.339 144.372 4
      vertex 151.091 144.474 4
      vertex 150.718 143.041 2.2
    endloop
  endfacet
  facet normal -0.384425 0.672744 0.632166
    outer loop
      vertex 150.85 140.028 2.2
      vertex 151.577 138.752 4
      vertex 151.584 138.756 4
    endloop
  endfacet
  facet normal -0.359039 0.686857 0.631917
    outer loop
      vertex 151.577 138.752 4
      vertex 150.85 140.028 2.2
      vertex 150.718 139.959 2.2
    endloop
  endfacet
  facet normal 0.170303 -0.75626 0.631718
    outer loop
      vertex 149.56 143.142 2.2
      vertex 149.442 144.619 4
      vertex 149.18 144.56 4
    endloop
  endfacet
  facet normal -0.096116 0.768928 0.632069
    outer loop
      vertex 150.295 139.826 2.2
      vertex 150.276 138.344 4
      vertex 150.284 138.345 4
    endloop
  endfacet
  facet normal -0.104533 0.768316 0.631477
    outer loop
      vertex 150.276 138.344 4
      vertex 150.295 139.826 2.2
      vertex 150.148 139.806 2.2
    endloop
  endfacet
  facet normal -0.0958016 0.766413 0.635164
    outer loop
      vertex 150.44 139.858 2.2
      vertex 150.55 138.38 4
      vertex 150.558 138.381 4
    endloop
  endfacet
  facet normal -0.167052 0.756955 0.631753
    outer loop
      vertex 150.55 138.38 4
      vertex 150.44 139.858 2.2
      vertex 150.295 139.826 2.2
    endloop
  endfacet
  facet normal 0.768559 -0.101126 0.631736
    outer loop
      vertex 148.326 141.795 2.2
      vertex 146.88 142.05 4
      vertex 146.845 141.784 4
    endloop
  endfacet
  facet normal 0.7746 0.0314027 0.631671
    outer loop
      vertex 146.843 141.232 4
      vertex 148.306 141.352 2.2
      vertex 148.3 141.5 2.2
    endloop
  endfacet
  facet normal 0.769265 0.0961582 0.631652
    outer loop
      vertex 148.306 141.352 2.2
      vertex 146.843 141.232 4
      vertex 146.844 141.224 4
    endloop
  endfacet
  facet normal -0.101126 0.768559 0.631736
    outer loop
      vertex 150.55 138.38 4
      vertex 150.295 139.826 2.2
      vertex 150.284 138.345 4
    endloop
  endfacet
  facet normal 0.101126 0.768559 0.631736
    outer loop
      vertex 149.716 138.345 4
      vertex 149.705 139.826 2.2
      vertex 149.45 138.38 4
    endloop
  endfacet
  facet normal -0.167052 -0.756955 0.631753
    outer loop
      vertex 150.44 143.142 2.2
      vertex 150.55 144.62 4
      vertex 150.295 143.174 2.2
    endloop
  endfacet
  facet normal -0.0958016 -0.766413 0.635164
    outer loop
      vertex 150.55 144.62 4
      vertex 150.44 143.142 2.2
      vertex 150.558 144.619 4
    endloop
  endfacet
  facet normal -0.672744 -0.384425 0.632166
    outer loop
      vertex 151.472 142.35 2.2
      vertex 152.748 143.077 4
      vertex 152.744 143.084 4
    endloop
  endfacet
  facet normal -0.686857 -0.359039 0.631917
    outer loop
      vertex 152.748 143.077 4
      vertex 151.472 142.35 2.2
      vertex 151.541 142.218 2.2
    endloop
  endfacet
  facet normal 0.738261 0.235615 0.632025
    outer loop
      vertex 147.02 140.424 4
      vertex 148.403 140.919 2.2
      vertex 148.358 141.06 2.2
    endloop
  endfacet
  facet normal 0.725464 0.272049 0.632212
    outer loop
      vertex 148.403 140.919 2.2
      vertex 147.02 140.424 4
      vertex 147.023 140.416 4
    endloop
  endfacet
  facet normal -0.615716 -0.471182 0.63157
    outer loop
      vertex 152.595 143.317 4
      vertex 152.432 143.53 4
      vertex 151.393 142.475 2.2
    endloop
  endfacet
  facet normal -0.766413 -0.0958016 0.635164
    outer loop
      vertex 151.642 141.94 2.2
      vertex 153.12 142.05 4
      vertex 153.119 142.058 4
    endloop
  endfacet
  facet normal -0.756955 -0.167052 0.631753
    outer loop
      vertex 153.12 142.05 4
      vertex 151.642 141.94 2.2
      vertex 151.674 141.795 2.2
    endloop
  endfacet
  facet normal 0.29484 0.716865 0.631802
    outer loop
      vertex 148.909 138.526 4
      vertex 149.282 139.959 2.2
      vertex 148.661 138.628 4
    endloop
  endfacet
  facet normal 0.717394 0.293241 0.631946
    outer loop
      vertex 147.023 140.416 4
      vertex 148.459 140.782 2.2
      vertex 148.403 140.919 2.2
    endloop
  endfacet
  facet normal 0.713057 0.305596 0.630999
    outer loop
      vertex 148.459 140.782 2.2
      vertex 147.023 140.416 4
      vertex 147.026 140.409 4
    endloop
  endfacet
  facet normal 0.473376 -0.613829 0.631767
    outer loop
      vertex 147.97 143.932 4
      vertex 148.907 142.802 2.2
      vertex 149.025 142.893 2.2
    endloop
  endfacet
  facet normal 0.450906 -0.631269 0.631018
    outer loop
      vertex 148.907 142.802 2.2
      vertex 147.97 143.932 4
      vertex 147.963 143.927 4
    endloop
  endfacet
  facet normal 0.471182 0.615716 0.63157
    outer loop
      vertex 148.183 138.905 4
      vertex 149.025 140.107 2.2
      vertex 147.97 139.068 4
    endloop
  endfacet
  facet normal -0.687392 0.358137 0.631846
    outer loop
      vertex 152.748 139.923 4
      vertex 152.872 140.161 4
      vertex 151.541 140.782 2.2
    endloop
  endfacet
  facet normal -0.716865 0.29484 0.631802
    outer loop
      vertex 152.872 140.161 4
      vertex 152.974 140.409 4
      vertex 151.541 140.782 2.2
    endloop
  endfacet
  facet normal -0.655198 0.414085 0.631861
    outer loop
      vertex 151.393 140.525 2.2
      vertex 152.744 139.916 4
      vertex 151.472 140.65 2.2
    endloop
  endfacet
  facet normal -0.671541 0.383738 0.63386
    outer loop
      vertex 152.744 139.916 4
      vertex 151.393 140.525 2.2
      vertex 152.74 139.909 4
    endloop
  endfacet
  facet normal -0.65254 -0.418665 0.631594
    outer loop
      vertex 152.74 143.091 4
      vertex 152.595 143.317 4
      vertex 151.393 142.475 2.2
    endloop
  endfacet
  facet normal -0.631269 -0.450906 0.631018
    outer loop
      vertex 151.302 142.593 2.2
      vertex 152.432 143.53 4
      vertex 152.427 143.537 4
    endloop
  endfacet
  facet normal -0.613829 -0.473376 0.631767
    outer loop
      vertex 152.432 143.53 4
      vertex 151.302 142.593 2.2
      vertex 151.393 142.475 2.2
    endloop
  endfacet
  facet normal 0.672744 -0.384425 0.632166
    outer loop
      vertex 147.252 143.077 4
      vertex 148.528 142.35 2.2
      vertex 147.256 143.084 4
    endloop
  endfacet
  facet normal 0.686857 -0.359039 0.631917
    outer loop
      vertex 148.528 142.35 2.2
      vertex 147.252 143.077 4
      vertex 148.459 142.218 2.2
    endloop
  endfacet
  facet normal -0.496934 -0.59632 0.630443
    outer loop
      vertex 151.202 142.702 2.2
      vertex 152.246 143.735 4
      vertex 152.24 143.74 4
    endloop
  endfacet
  facet normal -0.5711 -0.523945 0.631924
    outer loop
      vertex 152.246 143.735 4
      vertex 151.202 142.702 2.2
      vertex 151.302 142.593 2.2
    endloop
  endfacet
  facet normal -0.713057 -0.305596 0.630999
    outer loop
      vertex 151.541 142.218 2.2
      vertex 152.977 142.584 4
      vertex 152.974 142.591 4
    endloop
  endfacet
  facet normal -0.717394 -0.293241 0.631946
    outer loop
      vertex 152.977 142.584 4
      vertex 151.541 142.218 2.2
      vertex 151.597 142.081 2.2
    endloop
  endfacet
  facet normal 0.768928 0.096116 0.632069
    outer loop
      vertex 148.326 141.205 2.2
      vertex 146.844 141.224 4
      vertex 146.845 141.216 4
    endloop
  endfacet
  facet normal 0.768316 0.104533 0.631477
    outer loop
      vertex 146.844 141.224 4
      vertex 148.326 141.205 2.2
      vertex 148.306 141.352 2.2
    endloop
  endfacet
  facet normal 0.768559 0.101126 0.631736
    outer loop
      vertex 146.88 140.95 4
      vertex 148.326 141.205 2.2
      vertex 146.845 141.216 4
    endloop
  endfacet
  facet normal -0.471182 -0.615716 0.63157
    outer loop
      vertex 152.03 143.932 4
      vertex 151.817 144.095 4
      vertex 150.975 142.893 2.2
    endloop
  endfacet
  facet normal 0.5711 0.523945 0.631924
    outer loop
      vertex 147.754 139.265 4
      vertex 148.798 140.298 2.2
      vertex 148.698 140.407 2.2
    endloop
  endfacet
  facet normal 0.496934 0.59632 0.630443
    outer loop
      vertex 148.798 140.298 2.2
      vertex 147.754 139.265 4
      vertex 147.76 139.26 4
    endloop
  endfacet
  facet normal -0.572093 -0.522974 0.631829
    outer loop
      vertex 152.427 143.537 4
      vertex 152.246 143.735 4
      vertex 151.302 142.593 2.2
    endloop
  endfacet
  facet normal 0.687392 -0.358137 0.631846
    outer loop
      vertex 148.459 142.218 2.2
      vertex 147.252 143.077 4
      vertex 147.128 142.839 4
    endloop
  endfacet
  facet normal 0.725464 -0.272049 0.632212
    outer loop
      vertex 147.02 142.576 4
      vertex 148.403 142.081 2.2
      vertex 147.023 142.584 4
    endloop
  endfacet
  facet normal 0.738261 -0.235615 0.632025
    outer loop
      vertex 148.403 142.081 2.2
      vertex 147.02 142.576 4
      vertex 148.358 141.94 2.2
    endloop
  endfacet
  facet normal 0.713057 -0.305596 0.630999
    outer loop
      vertex 147.023 142.584 4
      vertex 148.459 142.218 2.2
      vertex 147.026 142.591 4
    endloop
  endfacet
  facet normal 0.717394 -0.293241 0.631946
    outer loop
      vertex 148.459 142.218 2.2
      vertex 147.023 142.584 4
      vertex 148.403 142.081 2.2
    endloop
  endfacet
  facet normal 0.75626 0.170303 0.631718
    outer loop
      vertex 146.94 140.68 4
      vertex 148.358 141.06 2.2
      vertex 146.881 140.942 4
    endloop
  endfacet
  facet normal 0.305596 -0.713057 0.630999
    outer loop
      vertex 149.282 143.041 2.2
      vertex 148.916 144.477 4
      vertex 148.909 144.474 4
    endloop
  endfacet
  facet normal 0.293241 -0.717394 0.631946
    outer loop
      vertex 148.916 144.477 4
      vertex 149.282 143.041 2.2
      vertex 149.419 143.097 2.2
    endloop
  endfacet
  facet normal -0.450906 -0.631269 0.631018
    outer loop
      vertex 152.03 143.932 4
      vertex 151.093 142.802 2.2
      vertex 152.037 143.927 4
    endloop
  endfacet
  facet normal -0.473376 -0.613829 0.631767
    outer loop
      vertex 151.093 142.802 2.2
      vertex 152.03 143.932 4
      vertex 150.975 142.893 2.2
    endloop
  endfacet
  facet normal 0.774562 -0.0317917 0.631698
    outer loop
      vertex 148.3 141.5 2.2
      vertex 146.843 141.768 4
      vertex 146.832 141.5 4
    endloop
  endfacet
  facet normal 0.496934 -0.59632 0.630443
    outer loop
      vertex 147.754 143.735 4
      vertex 148.798 142.702 2.2
      vertex 147.76 143.74 4
    endloop
  endfacet
  facet normal 0.5711 -0.523945 0.631924
    outer loop
      vertex 148.798 142.702 2.2
      vertex 147.754 143.735 4
      vertex 148.698 142.593 2.2
    endloop
  endfacet
  facet normal 0.523945 -0.5711 0.631924
    outer loop
      vertex 147.765 143.746 4
      vertex 148.798 142.702 2.2
      vertex 148.907 142.802 2.2
    endloop
  endfacet
  facet normal 0.59632 -0.496934 0.630443
    outer loop
      vertex 148.798 142.702 2.2
      vertex 147.765 143.746 4
      vertex 147.76 143.74 4
    endloop
  endfacet
  facet normal 0.414085 0.655198 0.631861
    outer loop
      vertex 149.025 140.107 2.2
      vertex 148.416 138.756 4
      vertex 149.15 140.028 2.2
    endloop
  endfacet
  facet normal 0.383738 0.671541 0.63386
    outer loop
      vertex 148.416 138.756 4
      vertex 149.025 140.107 2.2
      vertex 148.409 138.76 4
    endloop
  endfacet
  facet normal -0.75626 -0.170303 0.631718
    outer loop
      vertex 153.119 142.058 4
      vertex 153.06 142.32 4
      vertex 151.642 141.94 2.2
    endloop
  endfacet
  facet normal 0.756955 0.167052 0.631753
    outer loop
      vertex 146.88 140.95 4
      vertex 148.358 141.06 2.2
      vertex 148.326 141.205 2.2
    endloop
  endfacet
  facet normal 0.766413 0.0958016 0.635164
    outer loop
      vertex 148.358 141.06 2.2
      vertex 146.88 140.95 4
      vertex 146.881 140.942 4
    endloop
  endfacet
  facet normal -0.725464 -0.272049 0.632212
    outer loop
      vertex 151.597 142.081 2.2
      vertex 152.98 142.576 4
      vertex 152.977 142.584 4
    endloop
  endfacet
  facet normal -0.738261 -0.235615 0.632025
    outer loop
      vertex 152.98 142.576 4
      vertex 151.597 142.081 2.2
      vertex 151.642 141.94 2.2
    endloop
  endfacet
  facet normal -0.768559 -0.101126 0.631736
    outer loop
      vertex 153.155 141.784 4
      vertex 153.12 142.05 4
      vertex 151.674 141.795 2.2
    endloop
  endfacet
  facet normal -0.768928 -0.096116 0.632069
    outer loop
      vertex 151.674 141.795 2.2
      vertex 153.156 141.776 4
      vertex 153.155 141.784 4
    endloop
  endfacet
  facet normal -0.768316 -0.104533 0.631477
    outer loop
      vertex 153.156 141.776 4
      vertex 151.674 141.795 2.2
      vertex 151.694 141.648 2.2
    endloop
  endfacet
  facet normal -0.991427 0.130662 0
    outer loop
      vertex 95.9696 44.6527 0
      vertex 95.9924 44.8257 4
      vertex 95.9924 44.8257 0
    endloop
  endfacet
  facet normal -0.991427 0.130662 0
    outer loop
      vertex 95.9924 44.8257 4
      vertex 95.9696 44.6527 0
      vertex 95.9696 44.6527 4
    endloop
  endfacet
  facet normal 0.21778 -0.975998 0
    outer loop
      vertex 93.4824 106.932 0
      vertex 93.6527 106.97 4
      vertex 93.4824 106.932 4
    endloop
  endfacet
  facet normal 0.21778 -0.975998 0
    outer loop
      vertex 93.6527 106.97 4
      vertex 93.4824 106.932 0
      vertex 93.6527 106.97 0
    endloop
  endfacet
  facet normal 1 -0 0
    outer loop
      vertex 92 45 4
      vertex 92 105 0
      vertex 92 105 4
    endloop
  endfacet
  facet normal 1 0 0
    outer loop
      vertex 92 105 0
      vertex 92 45 4
      vertex 92 45 0
    endloop
  endfacet
  facet normal 0.793348 0.608768 0
    outer loop
      vertex 92.4679 43.7144 4
      vertex 92.3617 43.8528 0
      vertex 92.3617 43.8528 4
    endloop
  endfacet
  facet normal 0.793348 0.608768 0
    outer loop
      vertex 92.3617 43.8528 0
      vertex 92.4679 43.7144 4
      vertex 92.4679 43.7144 0
    endloop
  endfacet
  facet normal -0.130662 0.991427 0
    outer loop
      vertex 94.3473 43.0304 0
      vertex 94.1743 43.0076 4
      vertex 94.3473 43.0304 4
    endloop
  endfacet
  facet normal -0.130662 0.991427 0
    outer loop
      vertex 94.1743 43.0076 4
      vertex 94.3473 43.0304 0
      vertex 94.1743 43.0076 0
    endloop
  endfacet
  facet normal 0.999051 0.0435616 0
    outer loop
      vertex 92.0076 44.8257 4
      vertex 92 45 0
      vertex 92 45 4
    endloop
  endfacet
  facet normal 0.999051 0.0435616 0
    outer loop
      vertex 92 45 0
      vertex 92.0076 44.8257 4
      vertex 92.0076 44.8257 0
    endloop
  endfacet
  facet normal -1 0 0
    outer loop
      vertex 96 45 0
      vertex 96 105 4
      vertex 96 105 0
    endloop
  endfacet
  facet normal -1 -0 0
    outer loop
      vertex 96 105 4
      vertex 96 45 0
      vertex 96 45 4
    endloop
  endfacet
  facet normal 0.953452 -0.301544 0
    outer loop
      vertex 92.0681 105.518 4
      vertex 92.1206 105.684 0
      vertex 92.1206 105.684 4
    endloop
  endfacet
  facet normal 0.953452 -0.301544 0
    outer loop
      vertex 92.1206 105.684 0
      vertex 92.0681 105.518 4
      vertex 92.0681 105.518 0
    endloop
  endfacet
  facet normal -0.976548 -0.215298 0
    outer loop
      vertex 95.9696 105.347 0
      vertex 95.9319 105.518 4
      vertex 95.9319 105.518 0
    endloop
  endfacet
  facet normal -0.976548 -0.215298 0
    outer loop
      vertex 95.9319 105.518 4
      vertex 95.9696 105.347 0
      vertex 95.9696 105.347 4
    endloop
  endfacet
  facet normal 0.130662 0.991427 -0
    outer loop
      vertex 93.8257 43.0076 0
      vertex 93.6527 43.0304 4
      vertex 93.8257 43.0076 4
    endloop
  endfacet
  facet normal 0.130662 0.991427 0
    outer loop
      vertex 93.6527 43.0304 4
      vertex 93.8257 43.0076 0
      vertex 93.6527 43.0304 0
    endloop
  endfacet
  facet normal 0.923821 0.382824 0
    outer loop
      vertex 92.1874 44.1548 4
      vertex 92.1206 44.316 0
      vertex 92.1206 44.316 4
    endloop
  endfacet
  facet normal 0.923821 0.382824 0
    outer loop
      vertex 92.1206 44.316 0
      vertex 92.1874 44.1548 4
      vertex 92.1874 44.1548 0
    endloop
  endfacet
  facet normal 0.537394 0.843331 -0
    outer loop
      vertex 93 43.2679 0
      vertex 92.8528 43.3617 4
      vertex 93 43.2679 4
    endloop
  endfacet
  facet normal 0.537394 0.843331 0
    outer loop
      vertex 92.8528 43.3617 4
      vertex 93 43.2679 0
      vertex 92.8528 43.3617 0
    endloop
  endfacet
  facet normal 0.126152 -0.992011 0
    outer loop
      vertex 93.6527 106.97 0
      vertex 93.8257 106.992 4
      vertex 93.6527 106.97 4
    endloop
  endfacet
  facet normal 0.126152 -0.992011 0
    outer loop
      vertex 93.8257 106.992 4
      vertex 93.6527 106.97 0
      vertex 93.8257 106.992 0
    endloop
  endfacet
  facet normal -0.463622 -0.886033 0
    outer loop
      vertex 94.8452 106.813 0
      vertex 95 106.732 4
      vertex 94.8452 106.813 4
    endloop
  endfacet
  facet normal -0.463622 -0.886033 -0
    outer loop
      vertex 95 106.732 4
      vertex 94.8452 106.813 0
      vertex 95 106.732 0
    endloop
  endfacet
  facet normal 0.0458496 -0.998948 0
    outer loop
      vertex 93.8257 106.992 0
      vertex 94 107 4
      vertex 93.8257 106.992 4
    endloop
  endfacet
  facet normal 0.0458496 -0.998948 0
    outer loop
      vertex 94 107 4
      vertex 93.8257 106.992 0
      vertex 94 107 0
    endloop
  endfacet
  facet normal -0.999047 -0.0436366 0
    outer loop
      vertex 96 105 0
      vertex 95.9924 105.174 4
      vertex 95.9924 105.174 0
    endloop
  endfacet
  facet normal -0.999047 -0.0436366 0
    outer loop
      vertex 95.9924 105.174 4
      vertex 96 105 0
      vertex 96 105 4
    endloop
  endfacet
  facet normal -0.976362 0.216141 0
    outer loop
      vertex 95.9319 44.4824 0
      vertex 95.9696 44.6527 4
      vertex 95.9696 44.6527 0
    endloop
  endfacet
  facet normal -0.976362 0.216141 0
    outer loop
      vertex 95.9696 44.6527 4
      vertex 95.9319 44.4824 0
      vertex 95.9319 44.4824 4
    endloop
  endfacet
  facet normal -0.794617 -0.607111 0
    outer loop
      vertex 95.6383 106.147 0
      vertex 95.5321 106.286 4
      vertex 95.5321 106.286 0
    endloop
  endfacet
  facet normal -0.794617 -0.607111 0
    outer loop
      vertex 95.5321 106.286 4
      vertex 95.6383 106.147 0
      vertex 95.6383 106.147 4
    endloop
  endfacet
  facet normal 0.886973 0.461822 0
    outer loop
      vertex 92.268 44 4
      vertex 92.1874 44.1548 0
      vertex 92.1874 44.1548 4
    endloop
  endfacet
  facet normal 0.886973 0.461822 0
    outer loop
      vertex 92.1874 44.1548 0
      vertex 92.268 44 4
      vertex 92.268 44 0
    endloop
  endfacet
  facet normal 0.991427 -0.130662 0
    outer loop
      vertex 92.0076 105.174 4
      vertex 92.0304 105.347 0
      vertex 92.0304 105.347 4
    endloop
  endfacet
  facet normal 0.991427 -0.130662 0
    outer loop
      vertex 92.0304 105.347 0
      vertex 92.0076 105.174 4
      vertex 92.0076 105.174 0
    endloop
  endfacet
  facet normal -0.675777 0.737107 0
    outer loop
      vertex 95.4142 43.5858 0
      vertex 95.2856 43.4679 4
      vertex 95.4142 43.5858 4
    endloop
  endfacet
  facet normal -0.675777 0.737107 0
    outer loop
      vertex 95.2856 43.4679 4
      vertex 95.4142 43.5858 0
      vertex 95.2856 43.4679 0
    endloop
  endfacet
  facet normal -0.608768 0.793348 0
    outer loop
      vertex 95.2856 43.4679 0
      vertex 95.1472 43.3617 4
      vertex 95.2856 43.4679 4
    endloop
  endfacet
  facet normal -0.608768 0.793348 0
    outer loop
      vertex 95.1472 43.3617 4
      vertex 95.2856 43.4679 0
      vertex 95.1472 43.3617 0
    endloop
  endfacet
  facet normal 0.794617 -0.607111 0
    outer loop
      vertex 92.3617 106.147 4
      vertex 92.4679 106.286 0
      vertex 92.4679 106.286 4
    endloop
  endfacet
  facet normal 0.794617 -0.607111 0
    outer loop
      vertex 92.4679 106.286 0
      vertex 92.3617 106.147 4
      vertex 92.3617 106.147 0
    endloop
  endfacet
  facet normal 0.991427 0.130662 0
    outer loop
      vertex 92.0304 44.6527 4
      vertex 92.0076 44.8257 0
      vertex 92.0076 44.8257 4
    endloop
  endfacet
  facet normal 0.991427 0.130662 0
    outer loop
      vertex 92.0076 44.8257 0
      vertex 92.0304 44.6527 4
      vertex 92.0304 44.6527 0
    endloop
  endfacet
  facet normal -0.999051 0.0435616 0
    outer loop
      vertex 95.9924 44.8257 0
      vertex 96 45 4
      vertex 96 45 0
    endloop
  endfacet
  facet normal -0.999051 0.0435616 0
    outer loop
      vertex 96 45 4
      vertex 95.9924 44.8257 0
      vertex 95.9924 44.8257 4
    endloop
  endfacet
  facet normal 0.303487 -0.952835 0
    outer loop
      vertex 93.316 106.879 0
      vertex 93.4824 106.932 4
      vertex 93.316 106.879 4
    endloop
  endfacet
  facet normal 0.303487 -0.952835 0
    outer loop
      vertex 93.4824 106.932 4
      vertex 93.316 106.879 0
      vertex 93.4824 106.932 0
    endloop
  endfacet
  facet normal -0.953661 0.300885 0
    outer loop
      vertex 95.8794 44.316 0
      vertex 95.9319 44.4824 4
      vertex 95.9319 44.4824 0
    endloop
  endfacet
  facet normal -0.953661 0.300885 0
    outer loop
      vertex 95.9319 44.4824 4
      vertex 95.8794 44.316 0
      vertex 95.8794 44.316 4
    endloop
  endfacet
  facet normal 0.999047 -0.0436366 0
    outer loop
      vertex 92 105 4
      vertex 92.0076 105.174 0
      vertex 92.0076 105.174 4
    endloop
  endfacet
  facet normal 0.999047 -0.0436366 0
    outer loop
      vertex 92.0076 105.174 0
      vertex 92 105 4
      vertex 92 105 0
    endloop
  endfacet
  facet normal 0.84326 -0.537506 0
    outer loop
      vertex 92.268 106 4
      vertex 92.3617 106.147 0
      vertex 92.3617 106.147 4
    endloop
  endfacet
  facet normal 0.84326 -0.537506 0
    outer loop
      vertex 92.3617 106.147 0
      vertex 92.268 106 4
      vertex 92.268 106 0
    endloop
  endfacet
  facet normal -0.303487 -0.952835 0
    outer loop
      vertex 94.5176 106.932 0
      vertex 94.684 106.879 4
      vertex 94.5176 106.932 4
    endloop
  endfacet
  facet normal -0.303487 -0.952835 -0
    outer loop
      vertex 94.684 106.879 4
      vertex 94.5176 106.932 0
      vertex 94.684 106.879 0
    endloop
  endfacet
  facet normal 0.608046 -0.793902 0
    outer loop
      vertex 92.7144 106.532 0
      vertex 92.8528 106.638 4
      vertex 92.7144 106.532 4
    endloop
  endfacet
  facet normal 0.608046 -0.793902 0
    outer loop
      vertex 92.8528 106.638 4
      vertex 92.7144 106.532 0
      vertex 92.8528 106.638 0
    endloop
  endfacet
  facet normal -0.300885 0.953661 0
    outer loop
      vertex 94.684 43.1206 0
      vertex 94.5176 43.0681 4
      vertex 94.684 43.1206 4
    endloop
  endfacet
  facet normal -0.300885 0.953661 0
    outer loop
      vertex 94.5176 43.0681 4
      vertex 94.684 43.1206 0
      vertex 94.5176 43.0681 0
    endloop
  endfacet
  facet normal 0.843591 0.536987 0
    outer loop
      vertex 92.3617 43.8528 4
      vertex 92.268 44 0
      vertex 92.268 44 4
    endloop
  endfacet
  facet normal 0.843591 0.536987 0
    outer loop
      vertex 92.268 44 0
      vertex 92.3617 43.8528 4
      vertex 92.3617 43.8528 0
    endloop
  endfacet
  facet normal -0.538209 -0.842812 0
    outer loop
      vertex 95 106.732 0
      vertex 95.1472 106.638 4
      vertex 95 106.732 4
    endloop
  endfacet
  facet normal -0.538209 -0.842812 -0
    outer loop
      vertex 95.1472 106.638 4
      vertex 95 106.732 0
      vertex 95.1472 106.638 0
    endloop
  endfacet
  facet normal 0.976362 0.216141 0
    outer loop
      vertex 92.0681 44.4824 4
      vertex 92.0304 44.6527 0
      vertex 92.0304 44.6527 4
    endloop
  endfacet
  facet normal 0.976362 0.216141 0
    outer loop
      vertex 92.0304 44.6527 0
      vertex 92.0681 44.4824 4
      vertex 92.0681 44.4824 0
    endloop
  endfacet
  facet normal 0.953661 0.300885 0
    outer loop
      vertex 92.1206 44.316 4
      vertex 92.0681 44.4824 0
      vertex 92.0681 44.4824 4
    endloop
  endfacet
  facet normal 0.953661 0.300885 0
    outer loop
      vertex 92.0681 44.4824 0
      vertex 92.1206 44.316 4
      vertex 92.1206 44.316 0
    endloop
  endfacet
  facet normal 0.538209 -0.842812 0
    outer loop
      vertex 92.8528 106.638 0
      vertex 93 106.732 4
      vertex 92.8528 106.638 4
    endloop
  endfacet
  facet normal 0.538209 -0.842812 0
    outer loop
      vertex 93 106.732 4
      vertex 92.8528 106.638 0
      vertex 93 106.732 0
    endloop
  endfacet
  facet normal 0.976548 -0.215298 0
    outer loop
      vertex 92.0304 105.347 4
      vertex 92.0681 105.518 0
      vertex 92.0681 105.518 4
    endloop
  endfacet
  facet normal 0.976548 -0.215298 0
    outer loop
      vertex 92.0681 105.518 0
      vertex 92.0304 105.347 4
      vertex 92.0304 105.347 0
    endloop
  endfacet
  facet normal 0.463622 -0.886033 0
    outer loop
      vertex 93 106.732 0
      vertex 93.1548 106.813 4
      vertex 93 106.732 4
    endloop
  endfacet
  facet normal 0.463622 -0.886033 0
    outer loop
      vertex 93.1548 106.813 4
      vertex 93 106.732 0
      vertex 93.1548 106.813 0
    endloop
  endfacet
  facet normal 0.887217 -0.461353 0
    outer loop
      vertex 92.1874 105.845 4
      vertex 92.268 106 0
      vertex 92.268 106 4
    endloop
  endfacet
  facet normal 0.887217 -0.461353 0
    outer loop
      vertex 92.268 106 0
      vertex 92.1874 105.845 4
      vertex 92.1874 105.845 0
    endloop
  endfacet
  facet normal -0.0458496 -0.998948 0
    outer loop
      vertex 94 107 0
      vertex 94.1743 106.992 4
      vertex 94 107 4
    endloop
  endfacet
  facet normal -0.0458496 -0.998948 -0
    outer loop
      vertex 94.1743 106.992 4
      vertex 94 107 0
      vertex 94.1743 106.992 0
    endloop
  endfacet
  facet normal -0.73553 -0.677492 0
    outer loop
      vertex 95.5321 106.286 0
      vertex 95.4142 106.414 4
      vertex 95.4142 106.414 0
    endloop
  endfacet
  facet normal -0.73553 -0.677492 0
    outer loop
      vertex 95.4142 106.414 4
      vertex 95.5321 106.286 0
      vertex 95.5321 106.286 4
    endloop
  endfacet
  facet normal -0.126152 -0.992011 0
    outer loop
      vertex 94.1743 106.992 0
      vertex 94.3473 106.97 4
      vertex 94.1743 106.992 4
    endloop
  endfacet
  facet normal -0.126152 -0.992011 -0
    outer loop
      vertex 94.3473 106.97 4
      vertex 94.1743 106.992 0
      vertex 94.3473 106.97 0
    endloop
  endfacet
  facet normal -0.923653 -0.38323 0
    outer loop
      vertex 95.8794 105.684 0
      vertex 95.8126 105.845 4
      vertex 95.8126 105.845 0
    endloop
  endfacet
  facet normal -0.923653 -0.38323 0
    outer loop
      vertex 95.8126 105.845 4
      vertex 95.8794 105.684 0
      vertex 95.8794 105.684 4
    endloop
  endfacet
  facet normal -0.676088 -0.736821 0
    outer loop
      vertex 95.2856 106.532 0
      vertex 95.4142 106.414 4
      vertex 95.2856 106.532 4
    endloop
  endfacet
  facet normal -0.676088 -0.736821 -0
    outer loop
      vertex 95.4142 106.414 4
      vertex 95.2856 106.532 0
      vertex 95.4142 106.414 0
    endloop
  endfacet
  facet normal -0.382824 0.923821 0
    outer loop
      vertex 94.8452 43.1874 0
      vertex 94.684 43.1206 4
      vertex 94.8452 43.1874 4
    endloop
  endfacet
  facet normal -0.382824 0.923821 0
    outer loop
      vertex 94.684 43.1206 4
      vertex 94.8452 43.1874 0
      vertex 94.684 43.1206 0
    endloop
  endfacet
  facet normal -0.953452 -0.301544 0
    outer loop
      vertex 95.9319 105.518 0
      vertex 95.8794 105.684 4
      vertex 95.8794 105.684 0
    endloop
  endfacet
  facet normal -0.953452 -0.301544 0
    outer loop
      vertex 95.8794 105.684 4
      vertex 95.9319 105.518 0
      vertex 95.9319 105.518 4
    endloop
  endfacet
  facet normal 0.378901 -0.925437 0
    outer loop
      vertex 93.1548 106.813 0
      vertex 93.316 106.879 4
      vertex 93.1548 106.813 4
    endloop
  endfacet
  facet normal 0.378901 -0.925437 0
    outer loop
      vertex 93.316 106.879 4
      vertex 93.1548 106.813 0
      vertex 93.316 106.879 0
    endloop
  endfacet
  facet normal -0.843591 0.536987 0
    outer loop
      vertex 95.6383 43.8528 0
      vertex 95.732 44 4
      vertex 95.732 44 0
    endloop
  endfacet
  facet normal -0.843591 0.536987 0
    outer loop
      vertex 95.732 44 4
      vertex 95.6383 43.8528 0
      vertex 95.6383 43.8528 4
    endloop
  endfacet
  facet normal -0.991427 -0.130662 0
    outer loop
      vertex 95.9924 105.174 0
      vertex 95.9696 105.347 4
      vertex 95.9696 105.347 0
    endloop
  endfacet
  facet normal -0.991427 -0.130662 0
    outer loop
      vertex 95.9696 105.347 4
      vertex 95.9924 105.174 0
      vertex 95.9924 105.174 4
    endloop
  endfacet
  facet normal 0.73553 -0.677492 0
    outer loop
      vertex 92.4679 106.286 4
      vertex 92.5858 106.414 0
      vertex 92.5858 106.414 4
    endloop
  endfacet
  facet normal 0.73553 -0.677492 0
    outer loop
      vertex 92.5858 106.414 0
      vertex 92.4679 106.286 4
      vertex 92.4679 106.286 0
    endloop
  endfacet
  facet normal 0.676088 -0.736821 0
    outer loop
      vertex 92.5858 106.414 0
      vertex 92.7144 106.532 4
      vertex 92.5858 106.414 4
    endloop
  endfacet
  facet normal 0.676088 -0.736821 0
    outer loop
      vertex 92.7144 106.532 4
      vertex 92.5858 106.414 0
      vertex 92.7144 106.532 0
    endloop
  endfacet
  facet normal 0.675777 0.737107 -0
    outer loop
      vertex 92.7144 43.4679 0
      vertex 92.5858 43.5858 4
      vertex 92.7144 43.4679 4
    endloop
  endfacet
  facet normal 0.675777 0.737107 0
    outer loop
      vertex 92.5858 43.5858 4
      vertex 92.7144 43.4679 0
      vertex 92.5858 43.5858 0
    endloop
  endfacet
  facet normal -0.378901 -0.925437 0
    outer loop
      vertex 94.684 106.879 0
      vertex 94.8452 106.813 4
      vertex 94.684 106.879 4
    endloop
  endfacet
  facet normal -0.378901 -0.925437 -0
    outer loop
      vertex 94.8452 106.813 4
      vertex 94.684 106.879 0
      vertex 94.8452 106.813 0
    endloop
  endfacet
  facet normal -0.216141 0.976362 0
    outer loop
      vertex 94.5176 43.0681 0
      vertex 94.3473 43.0304 4
      vertex 94.5176 43.0681 4
    endloop
  endfacet
  facet normal -0.216141 0.976362 0
    outer loop
      vertex 94.3473 43.0304 4
      vertex 94.5176 43.0681 0
      vertex 94.3473 43.0304 0
    endloop
  endfacet
  facet normal -0.887217 -0.461353 0
    outer loop
      vertex 95.8126 105.845 0
      vertex 95.732 106 4
      vertex 95.732 106 0
    endloop
  endfacet
  facet normal -0.887217 -0.461353 0
    outer loop
      vertex 95.732 106 4
      vertex 95.8126 105.845 0
      vertex 95.8126 105.845 4
    endloop
  endfacet
  facet normal -0.0435616 0.999051 0
    outer loop
      vertex 94.1743 43.0076 0
      vertex 94 43 4
      vertex 94.1743 43.0076 4
    endloop
  endfacet
  facet normal -0.0435616 0.999051 0
    outer loop
      vertex 94 43 4
      vertex 94.1743 43.0076 0
      vertex 94 43 0
    endloop
  endfacet
  facet normal 0.923653 -0.38323 0
    outer loop
      vertex 92.1206 105.684 4
      vertex 92.1874 105.845 0
      vertex 92.1874 105.845 4
    endloop
  endfacet
  facet normal 0.923653 -0.38323 0
    outer loop
      vertex 92.1874 105.845 0
      vertex 92.1206 105.684 4
      vertex 92.1206 105.684 0
    endloop
  endfacet
  facet normal 0.737107 0.675777 0
    outer loop
      vertex 92.5858 43.5858 4
      vertex 92.4679 43.7144 0
      vertex 92.4679 43.7144 4
    endloop
  endfacet
  facet normal 0.737107 0.675777 0
    outer loop
      vertex 92.4679 43.7144 0
      vertex 92.5858 43.5858 4
      vertex 92.5858 43.5858 0
    endloop
  endfacet
  facet normal -0.21778 -0.975998 0
    outer loop
      vertex 94.3473 106.97 0
      vertex 94.5176 106.932 4
      vertex 94.3473 106.97 4
    endloop
  endfacet
  facet normal -0.21778 -0.975998 -0
    outer loop
      vertex 94.5176 106.932 4
      vertex 94.3473 106.97 0
      vertex 94.5176 106.932 0
    endloop
  endfacet
  facet normal -0.537394 0.843331 0
    outer loop
      vertex 95.1472 43.3617 0
      vertex 95 43.2679 4
      vertex 95.1472 43.3617 4
    endloop
  endfacet
  facet normal -0.537394 0.843331 0
    outer loop
      vertex 95 43.2679 4
      vertex 95.1472 43.3617 0
      vertex 95 43.2679 0
    endloop
  endfacet
  facet normal -0.84326 -0.537506 0
    outer loop
      vertex 95.732 106 0
      vertex 95.6383 106.147 4
      vertex 95.6383 106.147 0
    endloop
  endfacet
  facet normal -0.84326 -0.537506 0
    outer loop
      vertex 95.6383 106.147 4
      vertex 95.732 106 0
      vertex 95.732 106 4
    endloop
  endfacet
  facet normal 0.382824 0.923821 -0
    outer loop
      vertex 93.316 43.1206 0
      vertex 93.1548 43.1874 4
      vertex 93.316 43.1206 4
    endloop
  endfacet
  facet normal 0.382824 0.923821 0
    outer loop
      vertex 93.1548 43.1874 4
      vertex 93.316 43.1206 0
      vertex 93.1548 43.1874 0
    endloop
  endfacet
  facet normal 0.216141 0.976362 -0
    outer loop
      vertex 93.6527 43.0304 0
      vertex 93.4824 43.0681 4
      vertex 93.6527 43.0304 4
    endloop
  endfacet
  facet normal 0.216141 0.976362 0
    outer loop
      vertex 93.4824 43.0681 4
      vertex 93.6527 43.0304 0
      vertex 93.4824 43.0681 0
    endloop
  endfacet
  facet normal 0.461371 0.887207 -0
    outer loop
      vertex 93.1548 43.1874 0
      vertex 93 43.2679 4
      vertex 93.1548 43.1874 4
    endloop
  endfacet
  facet normal 0.461371 0.887207 0
    outer loop
      vertex 93 43.2679 4
      vertex 93.1548 43.1874 0
      vertex 93 43.2679 0
    endloop
  endfacet
  facet normal 0.0435616 0.999051 -0
    outer loop
      vertex 94 43 0
      vertex 93.8257 43.0076 4
      vertex 94 43 4
    endloop
  endfacet
  facet normal 0.0435616 0.999051 0
    outer loop
      vertex 93.8257 43.0076 4
      vertex 94 43 0
      vertex 93.8257 43.0076 0
    endloop
  endfacet
  facet normal 0.300885 0.953661 -0
    outer loop
      vertex 93.4824 43.0681 0
      vertex 93.316 43.1206 4
      vertex 93.4824 43.0681 4
    endloop
  endfacet
  facet normal 0.300885 0.953661 0
    outer loop
      vertex 93.316 43.1206 4
      vertex 93.4824 43.0681 0
      vertex 93.316 43.1206 0
    endloop
  endfacet
  facet normal -0.608046 -0.793902 0
    outer loop
      vertex 95.1472 106.638 0
      vertex 95.2856 106.532 4
      vertex 95.1472 106.638 4
    endloop
  endfacet
  facet normal -0.608046 -0.793902 -0
    outer loop
      vertex 95.2856 106.532 4
      vertex 95.1472 106.638 0
      vertex 95.2856 106.532 0
    endloop
  endfacet
  facet normal -0.737107 0.675777 0
    outer loop
      vertex 95.4142 43.5858 0
      vertex 95.5321 43.7144 4
      vertex 95.5321 43.7144 0
    endloop
  endfacet
  facet normal -0.737107 0.675777 0
    outer loop
      vertex 95.5321 43.7144 4
      vertex 95.4142 43.5858 0
      vertex 95.4142 43.5858 4
    endloop
  endfacet
  facet normal 0.608768 0.793348 -0
    outer loop
      vertex 92.8528 43.3617 0
      vertex 92.7144 43.4679 4
      vertex 92.8528 43.3617 4
    endloop
  endfacet
  facet normal 0.608768 0.793348 0
    outer loop
      vertex 92.7144 43.4679 4
      vertex 92.8528 43.3617 0
      vertex 92.7144 43.4679 0
    endloop
  endfacet
  facet normal -0.461371 0.887207 0
    outer loop
      vertex 95 43.2679 0
      vertex 94.8452 43.1874 4
      vertex 95 43.2679 4
    endloop
  endfacet
  facet normal -0.461371 0.887207 0
    outer loop
      vertex 94.8452 43.1874 4
      vertex 95 43.2679 0
      vertex 94.8452 43.1874 0
    endloop
  endfacet
  facet normal -0.886973 0.461822 0
    outer loop
      vertex 95.732 44 0
      vertex 95.8126 44.1548 4
      vertex 95.8126 44.1548 0
    endloop
  endfacet
  facet normal -0.886973 0.461822 0
    outer loop
      vertex 95.8126 44.1548 4
      vertex 95.732 44 0
      vertex 95.732 44 4
    endloop
  endfacet
  facet normal -0.793348 0.608768 0
    outer loop
      vertex 95.5321 43.7144 0
      vertex 95.6383 43.8528 4
      vertex 95.6383 43.8528 0
    endloop
  endfacet
  facet normal -0.793348 0.608768 0
    outer loop
      vertex 95.6383 43.8528 4
      vertex 95.5321 43.7144 0
      vertex 95.5321 43.7144 4
    endloop
  endfacet
  facet normal -0.923821 0.382824 0
    outer loop
      vertex 95.8126 44.1548 0
      vertex 95.8794 44.316 4
      vertex 95.8794 44.316 0
    endloop
  endfacet
  facet normal -0.923821 0.382824 0
    outer loop
      vertex 95.8794 44.316 4
      vertex 95.8126 44.1548 0
      vertex 95.8126 44.1548 4
    endloop
  endfacet
  facet normal -0.992011 0.126152 0
    outer loop
      vertex 111.97 44.6527 0
      vertex 111.992 44.8257 4
      vertex 111.992 44.8257 0
    endloop
  endfacet
  facet normal -0.992011 0.126152 0
    outer loop
      vertex 111.992 44.8257 4
      vertex 111.97 44.6527 0
      vertex 111.97 44.6527 4
    endloop
  endfacet
  facet normal 0.21693 -0.976187 0
    outer loop
      vertex 109.482 106.932 0
      vertex 109.653 106.97 4
      vertex 109.482 106.932 4
    endloop
  endfacet
  facet normal 0.21693 -0.976187 0
    outer loop
      vertex 109.653 106.97 4
      vertex 109.482 106.932 0
      vertex 109.653 106.97 0
    endloop
  endfacet
  facet normal 1 -0 0
    outer loop
      vertex 108 45 4
      vertex 108 105 0
      vertex 108 105 4
    endloop
  endfacet
  facet normal 1 0 0
    outer loop
      vertex 108 105 0
      vertex 108 45 4
      vertex 108 45 0
    endloop
  endfacet
  facet normal 0.793902 0.608046 0
    outer loop
      vertex 108.468 43.7144 4
      vertex 108.362 43.8528 0
      vertex 108.362 43.8528 4
    endloop
  endfacet
  facet normal 0.793902 0.608046 0
    outer loop
      vertex 108.362 43.8528 0
      vertex 108.468 43.7144 4
      vertex 108.468 43.7144 0
    endloop
  endfacet
  facet normal -0.130662 0.991427 0
    outer loop
      vertex 110.347 43.0304 0
      vertex 110.174 43.0076 4
      vertex 110.347 43.0304 4
    endloop
  endfacet
  facet normal -0.130662 0.991427 0
    outer loop
      vertex 110.174 43.0076 4
      vertex 110.347 43.0304 0
      vertex 110.174 43.0076 0
    endloop
  endfacet
  facet normal 0.998948 0.0458496 0
    outer loop
      vertex 108.008 44.8257 4
      vertex 108 45 0
      vertex 108 45 4
    endloop
  endfacet
  facet normal 0.998948 0.0458496 0
    outer loop
      vertex 108 45 0
      vertex 108.008 44.8257 4
      vertex 108.008 44.8257 0
    endloop
  endfacet
  facet normal -1 0 0
    outer loop
      vertex 112 45 0
      vertex 112 105 4
      vertex 112 105 0
    endloop
  endfacet
  facet normal -1 -0 0
    outer loop
      vertex 112 105 4
      vertex 112 45 0
      vertex 112 45 4
    endloop
  endfacet
  facet normal 0.952624 -0.304151 0
    outer loop
      vertex 108.068 105.518 4
      vertex 108.121 105.684 0
      vertex 108.121 105.684 4
    endloop
  endfacet
  facet normal 0.952624 -0.304151 0
    outer loop
      vertex 108.121 105.684 0
      vertex 108.068 105.518 4
      vertex 108.068 105.518 0
    endloop
  endfacet
  facet normal -0.976187 -0.21693 0
    outer loop
      vertex 111.97 105.347 0
      vertex 111.932 105.518 4
      vertex 111.932 105.518 0
    endloop
  endfacet
  facet normal -0.976187 -0.21693 0
    outer loop
      vertex 111.932 105.518 4
      vertex 111.97 105.347 0
      vertex 111.97 105.347 4
    endloop
  endfacet
  facet normal 0.130662 0.991427 -0
    outer loop
      vertex 109.826 43.0076 0
      vertex 109.653 43.0304 4
      vertex 109.826 43.0076 4
    endloop
  endfacet
  facet normal 0.130662 0.991427 0
    outer loop
      vertex 109.653 43.0304 4
      vertex 109.826 43.0076 0
      vertex 109.653 43.0304 0
    endloop
  endfacet
  facet normal 0.925437 0.378901 0
    outer loop
      vertex 108.187 44.1548 4
      vertex 108.121 44.316 0
      vertex 108.121 44.316 4
    endloop
  endfacet
  facet normal 0.925437 0.378901 0
    outer loop
      vertex 108.121 44.316 0
      vertex 108.187 44.1548 4
      vertex 108.187 44.1548 0
    endloop
  endfacet
  facet normal 0.537914 0.843 -0
    outer loop
      vertex 109 43.2679 0
      vertex 108.853 43.3617 4
      vertex 109 43.2679 4
    endloop
  endfacet
  facet normal 0.537914 0.843 0
    outer loop
      vertex 108.853 43.3617 4
      vertex 109 43.2679 0
      vertex 108.853 43.3617 0
    endloop
  endfacet
  facet normal 0.126152 -0.992011 0
    outer loop
      vertex 109.653 106.97 0
      vertex 109.826 106.992 4
      vertex 109.653 106.97 4
    endloop
  endfacet
  facet normal 0.126152 -0.992011 0
    outer loop
      vertex 109.826 106.992 4
      vertex 109.653 106.97 0
      vertex 109.826 106.992 0
    endloop
  endfacet
  facet normal -0.463152 -0.886279 0
    outer loop
      vertex 110.845 106.813 0
      vertex 111 106.732 4
      vertex 110.845 106.813 4
    endloop
  endfacet
  facet normal -0.463152 -0.886279 -0
    outer loop
      vertex 111 106.732 4
      vertex 110.845 106.813 0
      vertex 111 106.732 0
    endloop
  endfacet
  facet normal 0.0459285 -0.998945 0
    outer loop
      vertex 109.826 106.992 0
      vertex 110 107 4
      vertex 109.826 106.992 4
    endloop
  endfacet
  facet normal 0.0459285 -0.998945 0
    outer loop
      vertex 110 107 4
      vertex 109.826 106.992 0
      vertex 110 107 0
    endloop
  endfacet
  facet normal -0.998945 -0.0459285 0
    outer loop
      vertex 112 105 0
      vertex 111.992 105.174 4
      vertex 111.992 105.174 0
    endloop
  endfacet
  facet normal -0.998945 -0.0459285 0
    outer loop
      vertex 111.992 105.174 4
      vertex 112 105 0
      vertex 112 105 4
    endloop
  endfacet
  facet normal -0.975998 0.21778 0
    outer loop
      vertex 111.932 44.4824 0
      vertex 111.97 44.6527 4
      vertex 111.97 44.6527 0
    endloop
  endfacet
  facet normal -0.975998 0.21778 0
    outer loop
      vertex 111.97 44.6527 4
      vertex 111.932 44.4824 0
      vertex 111.932 44.4824 4
    endloop
  endfacet
  facet normal -0.795169 -0.606388 0
    outer loop
      vertex 111.638 106.147 0
      vertex 111.532 106.286 4
      vertex 111.532 106.286 0
    endloop
  endfacet
  facet normal -0.795169 -0.606388 0
    outer loop
      vertex 111.532 106.286 4
      vertex 111.638 106.147 0
      vertex 111.638 106.147 4
    endloop
  endfacet
  facet normal 0.886033 0.463622 0
    outer loop
      vertex 108.268 44 4
      vertex 108.187 44.1548 0
      vertex 108.187 44.1548 4
    endloop
  endfacet
  facet normal 0.886033 0.463622 0
    outer loop
      vertex 108.187 44.1548 0
      vertex 108.268 44 4
      vertex 108.268 44 0
    endloop
  endfacet
  facet normal 0.992011 -0.126152 0
    outer loop
      vertex 108.008 105.174 4
      vertex 108.03 105.347 0
      vertex 108.03 105.347 4
    endloop
  endfacet
  facet normal 0.992011 -0.126152 0
    outer loop
      vertex 108.03 105.347 0
      vertex 108.008 105.174 4
      vertex 108.008 105.174 0
    endloop
  endfacet
  facet normal -0.677492 0.73553 0
    outer loop
      vertex 111.414 43.5858 0
      vertex 111.286 43.4679 4
      vertex 111.414 43.5858 4
    endloop
  endfacet
  facet normal -0.677492 0.73553 0
    outer loop
      vertex 111.286 43.4679 4
      vertex 111.414 43.5858 0
      vertex 111.286 43.4679 0
    endloop
  endfacet
  facet normal -0.607111 0.794617 0
    outer loop
      vertex 111.286 43.4679 0
      vertex 111.147 43.3617 4
      vertex 111.286 43.4679 4
    endloop
  endfacet
  facet normal -0.607111 0.794617 0
    outer loop
      vertex 111.147 43.3617 4
      vertex 111.286 43.4679 0
      vertex 111.147 43.3617 0
    endloop
  endfacet
  facet normal 0.795169 -0.606388 0
    outer loop
      vertex 108.362 106.147 4
      vertex 108.468 106.286 0
      vertex 108.468 106.286 4
    endloop
  endfacet
  facet normal 0.795169 -0.606388 0
    outer loop
      vertex 108.468 106.286 0
      vertex 108.362 106.147 4
      vertex 108.362 106.147 0
    endloop
  endfacet
  facet normal 0.992011 0.126152 0
    outer loop
      vertex 108.03 44.6527 4
      vertex 108.008 44.8257 0
      vertex 108.008 44.8257 4
    endloop
  endfacet
  facet normal 0.992011 0.126152 0
    outer loop
      vertex 108.008 44.8257 0
      vertex 108.03 44.6527 4
      vertex 108.03 44.6527 0
    endloop
  endfacet
  facet normal -0.998948 0.0458496 0
    outer loop
      vertex 111.992 44.8257 0
      vertex 112 45 4
      vertex 112 45 0
    endloop
  endfacet
  facet normal -0.998948 0.0458496 0
    outer loop
      vertex 112 45 4
      vertex 111.992 44.8257 0
      vertex 111.992 44.8257 4
    endloop
  endfacet
  facet normal 0.304151 -0.952624 0
    outer loop
      vertex 109.316 106.879 0
      vertex 109.482 106.932 4
      vertex 109.316 106.879 4
    endloop
  endfacet
  facet normal 0.304151 -0.952624 0
    outer loop
      vertex 109.482 106.932 4
      vertex 109.316 106.879 0
      vertex 109.482 106.932 0
    endloop
  endfacet
  facet normal -0.952835 0.303487 0
    outer loop
      vertex 111.879 44.316 0
      vertex 111.932 44.4824 4
      vertex 111.932 44.4824 0
    endloop
  endfacet
  facet normal -0.952835 0.303487 0
    outer loop
      vertex 111.932 44.4824 4
      vertex 111.879 44.316 0
      vertex 111.879 44.316 4
    endloop
  endfacet
  facet normal 0.998945 -0.0459285 0
    outer loop
      vertex 108 105 4
      vertex 108.008 105.174 0
      vertex 108.008 105.174 4
    endloop
  endfacet
  facet normal 0.998945 -0.0459285 0
    outer loop
      vertex 108.008 105.174 0
      vertex 108 105 4
      vertex 108 105 0
    endloop
  endfacet
  facet normal 0.84248 -0.538728 0
    outer loop
      vertex 108.268 106 4
      vertex 108.362 106.147 0
      vertex 108.362 106.147 4
    endloop
  endfacet
  facet normal 0.84248 -0.538728 0
    outer loop
      vertex 108.362 106.147 0
      vertex 108.268 106 4
      vertex 108.268 106 0
    endloop
  endfacet
  facet normal -0.304151 -0.952624 0
    outer loop
      vertex 110.518 106.932 0
      vertex 110.684 106.879 4
      vertex 110.518 106.932 4
    endloop
  endfacet
  facet normal -0.304151 -0.952624 -0
    outer loop
      vertex 110.684 106.879 4
      vertex 110.518 106.932 0
      vertex 110.684 106.879 0
    endloop
  endfacet
  facet normal 0.606388 -0.795169 0
    outer loop
      vertex 108.714 106.532 0
      vertex 108.853 106.638 4
      vertex 108.714 106.532 4
    endloop
  endfacet
  facet normal 0.606388 -0.795169 0
    outer loop
      vertex 108.853 106.638 4
      vertex 108.714 106.532 0
      vertex 108.853 106.638 0
    endloop
  endfacet
  facet normal -0.301544 0.953452 0
    outer loop
      vertex 110.684 43.1206 0
      vertex 110.518 43.0681 4
      vertex 110.684 43.1206 4
    endloop
  endfacet
  facet normal -0.301544 0.953452 0
    outer loop
      vertex 110.518 43.0681 4
      vertex 110.684 43.1206 0
      vertex 110.518 43.0681 0
    endloop
  endfacet
  facet normal 0.842812 0.538209 0
    outer loop
      vertex 108.362 43.8528 4
      vertex 108.268 44 0
      vertex 108.268 44 4
    endloop
  endfacet
  facet normal 0.842812 0.538209 0
    outer loop
      vertex 108.268 44 0
      vertex 108.362 43.8528 4
      vertex 108.362 43.8528 0
    endloop
  endfacet
  facet normal -0.538728 -0.84248 0
    outer loop
      vertex 111 106.732 0
      vertex 111.147 106.638 4
      vertex 111 106.732 4
    endloop
  endfacet
  facet normal -0.538728 -0.84248 -0
    outer loop
      vertex 111.147 106.638 4
      vertex 111 106.732 0
      vertex 111.147 106.638 0
    endloop
  endfacet
  facet normal 0.975998 0.21778 0
    outer loop
      vertex 108.068 44.4824 4
      vertex 108.03 44.6527 0
      vertex 108.03 44.6527 4
    endloop
  endfacet
  facet normal 0.975998 0.21778 0
    outer loop
      vertex 108.03 44.6527 0
      vertex 108.068 44.4824 4
      vertex 108.068 44.4824 0
    endloop
  endfacet
  facet normal 0.952835 0.303487 0
    outer loop
      vertex 108.121 44.316 4
      vertex 108.068 44.4824 0
      vertex 108.068 44.4824 4
    endloop
  endfacet
  facet normal 0.952835 0.303487 0
    outer loop
      vertex 108.068 44.4824 0
      vertex 108.121 44.316 4
      vertex 108.121 44.316 0
    endloop
  endfacet
  facet normal 0.538728 -0.84248 0
    outer loop
      vertex 108.853 106.638 0
      vertex 109 106.732 4
      vertex 108.853 106.638 4
    endloop
  endfacet
  facet normal 0.538728 -0.84248 0
    outer loop
      vertex 109 106.732 4
      vertex 108.853 106.638 0
      vertex 109 106.732 0
    endloop
  endfacet
  facet normal 0.976187 -0.21693 0
    outer loop
      vertex 108.03 105.347 4
      vertex 108.068 105.518 0
      vertex 108.068 105.518 4
    endloop
  endfacet
  facet normal 0.976187 -0.21693 0
    outer loop
      vertex 108.068 105.518 0
      vertex 108.03 105.347 4
      vertex 108.03 105.347 0
    endloop
  endfacet
  facet normal 0.463152 -0.886279 0
    outer loop
      vertex 109 106.732 0
      vertex 109.155 106.813 4
      vertex 109 106.732 4
    endloop
  endfacet
  facet normal 0.463152 -0.886279 0
    outer loop
      vertex 109.155 106.813 4
      vertex 109 106.732 0
      vertex 109.155 106.813 0
    endloop
  endfacet
  facet normal -0.793902 0.608046 0
    outer loop
      vertex 111.532 43.7144 0
      vertex 111.638 43.8528 4
      vertex 111.638 43.8528 0
    endloop
  endfacet
  facet normal -0.793902 0.608046 0
    outer loop
      vertex 111.638 43.8528 4
      vertex 111.532 43.7144 0
      vertex 111.532 43.7144 4
    endloop
  endfacet
  facet normal 0.886279 -0.463152 0
    outer loop
      vertex 108.187 105.845 4
      vertex 108.268 106 0
      vertex 108.268 106 4
    endloop
  endfacet
  facet normal 0.886279 -0.463152 0
    outer loop
      vertex 108.268 106 0
      vertex 108.187 105.845 4
      vertex 108.187 105.845 0
    endloop
  endfacet
  facet normal -0.0459285 -0.998945 0
    outer loop
      vertex 110 107 0
      vertex 110.174 106.992 4
      vertex 110 107 4
    endloop
  endfacet
  facet normal -0.0459285 -0.998945 -0
    outer loop
      vertex 110.174 106.992 4
      vertex 110 107 0
      vertex 110.174 106.992 0
    endloop
  endfacet
  facet normal -0.735244 -0.677803 0
    outer loop
      vertex 111.532 106.286 0
      vertex 111.414 106.414 4
      vertex 111.414 106.414 0
    endloop
  endfacet
  facet normal -0.735244 -0.677803 0
    outer loop
      vertex 111.414 106.414 4
      vertex 111.532 106.286 0
      vertex 111.532 106.286 4
    endloop
  endfacet
  facet normal -0.126152 -0.992011 0
    outer loop
      vertex 110.174 106.992 0
      vertex 110.347 106.97 4
      vertex 110.174 106.992 4
    endloop
  endfacet
  facet normal -0.126152 -0.992011 -0
    outer loop
      vertex 110.347 106.97 4
      vertex 110.174 106.992 0
      vertex 110.347 106.97 0
    endloop
  endfacet
  facet normal -0.925272 -0.379304 0
    outer loop
      vertex 111.879 105.684 0
      vertex 111.813 105.845 4
      vertex 111.813 105.845 0
    endloop
  endfacet
  facet normal -0.925272 -0.379304 0
    outer loop
      vertex 111.813 105.845 4
      vertex 111.879 105.684 0
      vertex 111.879 105.684 4
    endloop
  endfacet
  facet normal -0.379304 -0.925272 0
    outer loop
      vertex 110.684 106.879 0
      vertex 110.845 106.813 4
      vertex 110.684 106.879 4
    endloop
  endfacet
  facet normal -0.379304 -0.925272 -0
    outer loop
      vertex 110.845 106.813 4
      vertex 110.684 106.879 0
      vertex 110.845 106.813 0
    endloop
  endfacet
  facet normal -0.677803 -0.735244 0
    outer loop
      vertex 111.286 106.532 0
      vertex 111.414 106.414 4
      vertex 111.286 106.532 4
    endloop
  endfacet
  facet normal -0.677803 -0.735244 -0
    outer loop
      vertex 111.414 106.414 4
      vertex 111.286 106.532 0
      vertex 111.414 106.414 0
    endloop
  endfacet
  facet normal -0.38323 0.923653 0
    outer loop
      vertex 110.845 43.1874 0
      vertex 110.684 43.1206 4
      vertex 110.845 43.1874 4
    endloop
  endfacet
  facet normal -0.38323 0.923653 0
    outer loop
      vertex 110.684 43.1206 4
      vertex 110.845 43.1874 0
      vertex 110.684 43.1206 0
    endloop
  endfacet
  facet normal -0.952624 -0.304151 0
    outer loop
      vertex 111.932 105.518 0
      vertex 111.879 105.684 4
      vertex 111.879 105.684 0
    endloop
  endfacet
  facet normal -0.952624 -0.304151 0
    outer loop
      vertex 111.879 105.684 4
      vertex 111.932 105.518 0
      vertex 111.932 105.518 4
    endloop
  endfacet
  facet normal 0.379304 -0.925272 0
    outer loop
      vertex 109.155 106.813 0
      vertex 109.316 106.879 4
      vertex 109.155 106.813 4
    endloop
  endfacet
  facet normal 0.379304 -0.925272 0
    outer loop
      vertex 109.316 106.879 4
      vertex 109.155 106.813 0
      vertex 109.316 106.879 0
    endloop
  endfacet
  facet normal -0.992011 -0.126152 0
    outer loop
      vertex 111.992 105.174 0
      vertex 111.97 105.347 4
      vertex 111.97 105.347 0
    endloop
  endfacet
  facet normal -0.992011 -0.126152 0
    outer loop
      vertex 111.97 105.347 4
      vertex 111.992 105.174 0
      vertex 111.992 105.174 4
    endloop
  endfacet
  facet normal 0.735244 -0.677803 0
    outer loop
      vertex 108.468 106.286 4
      vertex 108.586 106.414 0
      vertex 108.586 106.414 4
    endloop
  endfacet
  facet normal 0.735244 -0.677803 0
    outer loop
      vertex 108.586 106.414 0
      vertex 108.468 106.286 4
      vertex 108.468 106.286 0
    endloop
  endfacet
  facet normal 0.677803 -0.735244 0
    outer loop
      vertex 108.586 106.414 0
      vertex 108.714 106.532 4
      vertex 108.586 106.414 4
    endloop
  endfacet
  facet normal 0.677803 -0.735244 0
    outer loop
      vertex 108.714 106.532 4
      vertex 108.586 106.414 0
      vertex 108.714 106.532 0
    endloop
  endfacet
  facet normal 0.677492 0.73553 -0
    outer loop
      vertex 108.714 43.4679 0
      vertex 108.586 43.5858 4
      vertex 108.714 43.4679 4
    endloop
  endfacet
  facet normal 0.677492 0.73553 0
    outer loop
      vertex 108.586 43.5858 4
      vertex 108.714 43.4679 0
      vertex 108.586 43.5858 0
    endloop
  endfacet
  facet normal -0.215298 0.976548 0
    outer loop
      vertex 110.518 43.0681 0
      vertex 110.347 43.0304 4
      vertex 110.518 43.0681 4
    endloop
  endfacet
  facet normal -0.215298 0.976548 0
    outer loop
      vertex 110.347 43.0304 4
      vertex 110.518 43.0681 0
      vertex 110.347 43.0304 0
    endloop
  endfacet
  facet normal -0.886279 -0.463152 0
    outer loop
      vertex 111.813 105.845 0
      vertex 111.732 106 4
      vertex 111.732 106 0
    endloop
  endfacet
  facet normal -0.886279 -0.463152 0
    outer loop
      vertex 111.732 106 4
      vertex 111.813 105.845 0
      vertex 111.813 105.845 4
    endloop
  endfacet
  facet normal -0.0436366 0.999047 0
    outer loop
      vertex 110.174 43.0076 0
      vertex 110 43 4
      vertex 110.174 43.0076 4
    endloop
  endfacet
  facet normal -0.0436366 0.999047 0
    outer loop
      vertex 110 43 4
      vertex 110.174 43.0076 0
      vertex 110 43 0
    endloop
  endfacet
  facet normal 0.925272 -0.379304 0
    outer loop
      vertex 108.121 105.684 4
      vertex 108.187 105.845 0
      vertex 108.187 105.845 4
    endloop
  endfacet
  facet normal 0.925272 -0.379304 0
    outer loop
      vertex 108.187 105.845 0
      vertex 108.121 105.684 4
      vertex 108.121 105.684 0
    endloop
  endfacet
  facet normal 0.736821 0.676088 0
    outer loop
      vertex 108.586 43.5858 4
      vertex 108.468 43.7144 0
      vertex 108.468 43.7144 4
    endloop
  endfacet
  facet normal 0.736821 0.676088 0
    outer loop
      vertex 108.468 43.7144 0
      vertex 108.586 43.5858 4
      vertex 108.586 43.5858 0
    endloop
  endfacet
  facet normal -0.21693 -0.976187 0
    outer loop
      vertex 110.347 106.97 0
      vertex 110.518 106.932 4
      vertex 110.347 106.97 4
    endloop
  endfacet
  facet normal -0.21693 -0.976187 -0
    outer loop
      vertex 110.518 106.932 4
      vertex 110.347 106.97 0
      vertex 110.518 106.932 0
    endloop
  endfacet
  facet normal -0.537914 0.843 0
    outer loop
      vertex 111.147 43.3617 0
      vertex 111 43.2679 4
      vertex 111.147 43.3617 4
    endloop
  endfacet
  facet normal -0.537914 0.843 0
    outer loop
      vertex 111 43.2679 4
      vertex 111.147 43.3617 0
      vertex 111 43.2679 0
    endloop
  endfacet
  facet normal -0.84248 -0.538728 0
    outer loop
      vertex 111.732 106 0
      vertex 111.638 106.147 4
      vertex 111.638 106.147 0
    endloop
  endfacet
  facet normal -0.84248 -0.538728 0
    outer loop
      vertex 111.638 106.147 4
      vertex 111.732 106 0
      vertex 111.732 106 4
    endloop
  endfacet
  facet normal 0.38323 0.923653 -0
    outer loop
      vertex 109.316 43.1206 0
      vertex 109.155 43.1874 4
      vertex 109.316 43.1206 4
    endloop
  endfacet
  facet normal 0.38323 0.923653 0
    outer loop
      vertex 109.155 43.1874 4
      vertex 109.316 43.1206 0
      vertex 109.155 43.1874 0
    endloop
  endfacet
  facet normal 0.215298 0.976548 -0
    outer loop
      vertex 109.653 43.0304 0
      vertex 109.482 43.0681 4
      vertex 109.653 43.0304 4
    endloop
  endfacet
  facet normal 0.215298 0.976548 0
    outer loop
      vertex 109.482 43.0681 4
      vertex 109.653 43.0304 0
      vertex 109.482 43.0681 0
    endloop
  endfacet
  facet normal 0.460902 0.887451 -0
    outer loop
      vertex 109.155 43.1874 0
      vertex 109 43.2679 4
      vertex 109.155 43.1874 4
    endloop
  endfacet
  facet normal 0.460902 0.887451 0
    outer loop
      vertex 109 43.2679 4
      vertex 109.155 43.1874 0
      vertex 109 43.2679 0
    endloop
  endfacet
  facet normal 0.0436366 0.999047 -0
    outer loop
      vertex 110 43 0
      vertex 109.826 43.0076 4
      vertex 110 43 4
    endloop
  endfacet
  facet normal 0.0436366 0.999047 0
    outer loop
      vertex 109.826 43.0076 4
      vertex 110 43 0
      vertex 109.826 43.0076 0
    endloop
  endfacet
  facet normal 0.301544 0.953452 -0
    outer loop
      vertex 109.482 43.0681 0
      vertex 109.316 43.1206 4
      vertex 109.482 43.0681 4
    endloop
  endfacet
  facet normal 0.301544 0.953452 0
    outer loop
      vertex 109.316 43.1206 4
      vertex 109.482 43.0681 0
      vertex 109.316 43.1206 0
    endloop
  endfacet
  facet normal -0.606388 -0.795169 0
    outer loop
      vertex 111.147 106.638 0
      vertex 111.286 106.532 4
      vertex 111.147 106.638 4
    endloop
  endfacet
  facet normal -0.606388 -0.795169 -0
    outer loop
      vertex 111.286 106.532 4
      vertex 111.147 106.638 0
      vertex 111.286 106.532 0
    endloop
  endfacet
  facet normal -0.736821 0.676088 0
    outer loop
      vertex 111.414 43.5858 0
      vertex 111.532 43.7144 4
      vertex 111.532 43.7144 0
    endloop
  endfacet
  facet normal -0.736821 0.676088 0
    outer loop
      vertex 111.532 43.7144 4
      vertex 111.414 43.5858 0
      vertex 111.414 43.5858 4
    endloop
  endfacet
  facet normal -0.842812 0.538209 0
    outer loop
      vertex 111.638 43.8528 0
      vertex 111.732 44 4
      vertex 111.732 44 0
    endloop
  endfacet
  facet normal -0.842812 0.538209 0
    outer loop
      vertex 111.732 44 4
      vertex 111.638 43.8528 0
      vertex 111.638 43.8528 4
    endloop
  endfacet
  facet normal 0.607111 0.794617 -0
    outer loop
      vertex 108.853 43.3617 0
      vertex 108.714 43.4679 4
      vertex 108.853 43.3617 4
    endloop
  endfacet
  facet normal 0.607111 0.794617 0
    outer loop
      vertex 108.714 43.4679 4
      vertex 108.853 43.3617 0
      vertex 108.714 43.4679 0
    endloop
  endfacet
  facet normal -0.460902 0.887451 0
    outer loop
      vertex 111 43.2679 0
      vertex 110.845 43.1874 4
      vertex 111 43.2679 4
    endloop
  endfacet
  facet normal -0.460902 0.887451 0
    outer loop
      vertex 110.845 43.1874 4
      vertex 111 43.2679 0
      vertex 110.845 43.1874 0
    endloop
  endfacet
  facet normal -0.886033 0.463622 0
    outer loop
      vertex 111.732 44 0
      vertex 111.813 44.1548 4
      vertex 111.813 44.1548 0
    endloop
  endfacet
  facet normal -0.886033 0.463622 0
    outer loop
      vertex 111.813 44.1548 4
      vertex 111.732 44 0
      vertex 111.732 44 4
    endloop
  endfacet
  facet normal -0.925437 0.378901 0
    outer loop
      vertex 111.813 44.1548 0
      vertex 111.879 44.316 4
      vertex 111.879 44.316 0
    endloop
  endfacet
  facet normal -0.925437 0.378901 0
    outer loop
      vertex 111.879 44.316 4
      vertex 111.813 44.1548 0
      vertex 111.813 44.1548 4
    endloop
  endfacet
  facet normal -0.992011 0.126152 0
    outer loop
      vertex 127.97 44.6527 0
      vertex 127.992 44.8257 4
      vertex 127.992 44.8257 0
    endloop
  endfacet
  facet normal -0.992011 0.126152 0
    outer loop
      vertex 127.992 44.8257 4
      vertex 127.97 44.6527 0
      vertex 127.97 44.6527 4
    endloop
  endfacet
  facet normal 0.21693 -0.976187 0
    outer loop
      vertex 125.482 106.932 0
      vertex 125.653 106.97 4
      vertex 125.482 106.932 4
    endloop
  endfacet
  facet normal 0.21693 -0.976187 0
    outer loop
      vertex 125.653 106.97 4
      vertex 125.482 106.932 0
      vertex 125.653 106.97 0
    endloop
  endfacet
  facet normal 1 -0 0
    outer loop
      vertex 124 45 4
      vertex 124 105 0
      vertex 124 105 4
    endloop
  endfacet
  facet normal 1 0 0
    outer loop
      vertex 124 105 0
      vertex 124 45 4
      vertex 124 45 0
    endloop
  endfacet
  facet normal 0.793902 0.608046 0
    outer loop
      vertex 124.468 43.7144 4
      vertex 124.362 43.8528 0
      vertex 124.362 43.8528 4
    endloop
  endfacet
  facet normal 0.793902 0.608046 0
    outer loop
      vertex 124.362 43.8528 0
      vertex 124.468 43.7144 4
      vertex 124.468 43.7144 0
    endloop
  endfacet
  facet normal -0.130662 0.991427 0
    outer loop
      vertex 126.347 43.0304 0
      vertex 126.174 43.0076 4
      vertex 126.347 43.0304 4
    endloop
  endfacet
  facet normal -0.130662 0.991427 0
    outer loop
      vertex 126.174 43.0076 4
      vertex 126.347 43.0304 0
      vertex 126.174 43.0076 0
    endloop
  endfacet
  facet normal 0.998948 0.0458496 0
    outer loop
      vertex 124.008 44.8257 4
      vertex 124 45 0
      vertex 124 45 4
    endloop
  endfacet
  facet normal 0.998948 0.0458496 0
    outer loop
      vertex 124 45 0
      vertex 124.008 44.8257 4
      vertex 124.008 44.8257 0
    endloop
  endfacet
  facet normal -1 0 0
    outer loop
      vertex 128 45 0
      vertex 128 105 4
      vertex 128 105 0
    endloop
  endfacet
  facet normal -1 -0 0
    outer loop
      vertex 128 105 4
      vertex 128 45 0
      vertex 128 45 4
    endloop
  endfacet
  facet normal 0.952624 -0.304151 0
    outer loop
      vertex 124.068 105.518 4
      vertex 124.121 105.684 0
      vertex 124.121 105.684 4
    endloop
  endfacet
  facet normal 0.952624 -0.304151 0
    outer loop
      vertex 124.121 105.684 0
      vertex 124.068 105.518 4
      vertex 124.068 105.518 0
    endloop
  endfacet
  facet normal -0.976187 -0.21693 0
    outer loop
      vertex 127.97 105.347 0
      vertex 127.932 105.518 4
      vertex 127.932 105.518 0
    endloop
  endfacet
  facet normal -0.976187 -0.21693 0
    outer loop
      vertex 127.932 105.518 4
      vertex 127.97 105.347 0
      vertex 127.97 105.347 4
    endloop
  endfacet
  facet normal 0.130662 0.991427 -0
    outer loop
      vertex 125.826 43.0076 0
      vertex 125.653 43.0304 4
      vertex 125.826 43.0076 4
    endloop
  endfacet
  facet normal 0.130662 0.991427 0
    outer loop
      vertex 125.653 43.0304 4
      vertex 125.826 43.0076 0
      vertex 125.653 43.0304 0
    endloop
  endfacet
  facet normal 0.925437 0.378901 0
    outer loop
      vertex 124.187 44.1548 4
      vertex 124.121 44.316 0
      vertex 124.121 44.316 4
    endloop
  endfacet
  facet normal 0.925437 0.378901 0
    outer loop
      vertex 124.121 44.316 0
      vertex 124.187 44.1548 4
      vertex 124.187 44.1548 0
    endloop
  endfacet
  facet normal 0.537914 0.843 -0
    outer loop
      vertex 125 43.2679 0
      vertex 124.853 43.3617 4
      vertex 125 43.2679 4
    endloop
  endfacet
  facet normal 0.537914 0.843 0
    outer loop
      vertex 124.853 43.3617 4
      vertex 125 43.2679 0
      vertex 124.853 43.3617 0
    endloop
  endfacet
  facet normal 0.126152 -0.992011 0
    outer loop
      vertex 125.653 106.97 0
      vertex 125.826 106.992 4
      vertex 125.653 106.97 4
    endloop
  endfacet
  facet normal 0.126152 -0.992011 0
    outer loop
      vertex 125.826 106.992 4
      vertex 125.653 106.97 0
      vertex 125.826 106.992 0
    endloop
  endfacet
  facet normal -0.463152 -0.886279 0
    outer loop
      vertex 126.845 106.813 0
      vertex 127 106.732 4
      vertex 126.845 106.813 4
    endloop
  endfacet
  facet normal -0.463152 -0.886279 -0
    outer loop
      vertex 127 106.732 4
      vertex 126.845 106.813 0
      vertex 127 106.732 0
    endloop
  endfacet
  facet normal 0.0459285 -0.998945 0
    outer loop
      vertex 125.826 106.992 0
      vertex 126 107 4
      vertex 125.826 106.992 4
    endloop
  endfacet
  facet normal 0.0459285 -0.998945 0
    outer loop
      vertex 126 107 4
      vertex 125.826 106.992 0
      vertex 126 107 0
    endloop
  endfacet
  facet normal -0.998945 -0.0459285 0
    outer loop
      vertex 128 105 0
      vertex 127.992 105.174 4
      vertex 127.992 105.174 0
    endloop
  endfacet
  facet normal -0.998945 -0.0459285 0
    outer loop
      vertex 127.992 105.174 4
      vertex 128 105 0
      vertex 128 105 4
    endloop
  endfacet
  facet normal -0.975998 0.21778 0
    outer loop
      vertex 127.932 44.4824 0
      vertex 127.97 44.6527 4
      vertex 127.97 44.6527 0
    endloop
  endfacet
  facet normal -0.975998 0.21778 0
    outer loop
      vertex 127.97 44.6527 4
      vertex 127.932 44.4824 0
      vertex 127.932 44.4824 4
    endloop
  endfacet
  facet normal -0.795169 -0.606388 0
    outer loop
      vertex 127.638 106.147 0
      vertex 127.532 106.286 4
      vertex 127.532 106.286 0
    endloop
  endfacet
  facet normal -0.795169 -0.606388 0
    outer loop
      vertex 127.532 106.286 4
      vertex 127.638 106.147 0
      vertex 127.638 106.147 4
    endloop
  endfacet
  facet normal 0.886033 0.463622 0
    outer loop
      vertex 124.268 44 4
      vertex 124.187 44.1548 0
      vertex 124.187 44.1548 4
    endloop
  endfacet
  facet normal 0.886033 0.463622 0
    outer loop
      vertex 124.187 44.1548 0
      vertex 124.268 44 4
      vertex 124.268 44 0
    endloop
  endfacet
  facet normal 0.992011 -0.126152 0
    outer loop
      vertex 124.008 105.174 4
      vertex 124.03 105.347 0
      vertex 124.03 105.347 4
    endloop
  endfacet
  facet normal 0.992011 -0.126152 0
    outer loop
      vertex 124.03 105.347 0
      vertex 124.008 105.174 4
      vertex 124.008 105.174 0
    endloop
  endfacet
  facet normal -0.677492 0.73553 0
    outer loop
      vertex 127.414 43.5858 0
      vertex 127.286 43.4679 4
      vertex 127.414 43.5858 4
    endloop
  endfacet
  facet normal -0.677492 0.73553 0
    outer loop
      vertex 127.286 43.4679 4
      vertex 127.414 43.5858 0
      vertex 127.286 43.4679 0
    endloop
  endfacet
  facet normal -0.607111 0.794617 0
    outer loop
      vertex 127.286 43.4679 0
      vertex 127.147 43.3617 4
      vertex 127.286 43.4679 4
    endloop
  endfacet
  facet normal -0.607111 0.794617 0
    outer loop
      vertex 127.147 43.3617 4
      vertex 127.286 43.4679 0
      vertex 127.147 43.3617 0
    endloop
  endfacet
  facet normal 0.795169 -0.606388 0
    outer loop
      vertex 124.362 106.147 4
      vertex 124.468 106.286 0
      vertex 124.468 106.286 4
    endloop
  endfacet
  facet normal 0.795169 -0.606388 0
    outer loop
      vertex 124.468 106.286 0
      vertex 124.362 106.147 4
      vertex 124.362 106.147 0
    endloop
  endfacet
  facet normal 0.992011 0.126152 0
    outer loop
      vertex 124.03 44.6527 4
      vertex 124.008 44.8257 0
      vertex 124.008 44.8257 4
    endloop
  endfacet
  facet normal 0.992011 0.126152 0
    outer loop
      vertex 124.008 44.8257 0
      vertex 124.03 44.6527 4
      vertex 124.03 44.6527 0
    endloop
  endfacet
  facet normal -0.998948 0.0458496 0
    outer loop
      vertex 127.992 44.8257 0
      vertex 128 45 4
      vertex 128 45 0
    endloop
  endfacet
  facet normal -0.998948 0.0458496 0
    outer loop
      vertex 128 45 4
      vertex 127.992 44.8257 0
      vertex 127.992 44.8257 4
    endloop
  endfacet
  facet normal 0.304151 -0.952624 0
    outer loop
      vertex 125.316 106.879 0
      vertex 125.482 106.932 4
      vertex 125.316 106.879 4
    endloop
  endfacet
  facet normal 0.304151 -0.952624 0
    outer loop
      vertex 125.482 106.932 4
      vertex 125.316 106.879 0
      vertex 125.482 106.932 0
    endloop
  endfacet
  facet normal -0.952835 0.303487 0
    outer loop
      vertex 127.879 44.316 0
      vertex 127.932 44.4824 4
      vertex 127.932 44.4824 0
    endloop
  endfacet
  facet normal -0.952835 0.303487 0
    outer loop
      vertex 127.932 44.4824 4
      vertex 127.879 44.316 0
      vertex 127.879 44.316 4
    endloop
  endfacet
  facet normal 0.998945 -0.0459285 0
    outer loop
      vertex 124 105 4
      vertex 124.008 105.174 0
      vertex 124.008 105.174 4
    endloop
  endfacet
  facet normal 0.998945 -0.0459285 0
    outer loop
      vertex 124.008 105.174 0
      vertex 124 105 4
      vertex 124 105 0
    endloop
  endfacet
  facet normal 0.84248 -0.538728 0
    outer loop
      vertex 124.268 106 4
      vertex 124.362 106.147 0
      vertex 124.362 106.147 4
    endloop
  endfacet
  facet normal 0.84248 -0.538728 0
    outer loop
      vertex 124.362 106.147 0
      vertex 124.268 106 4
      vertex 124.268 106 0
    endloop
  endfacet
  facet normal -0.304151 -0.952624 0
    outer loop
      vertex 126.518 106.932 0
      vertex 126.684 106.879 4
      vertex 126.518 106.932 4
    endloop
  endfacet
  facet normal -0.304151 -0.952624 -0
    outer loop
      vertex 126.684 106.879 4
      vertex 126.518 106.932 0
      vertex 126.684 106.879 0
    endloop
  endfacet
  facet normal 0.606388 -0.795169 0
    outer loop
      vertex 124.714 106.532 0
      vertex 124.853 106.638 4
      vertex 124.714 106.532 4
    endloop
  endfacet
  facet normal 0.606388 -0.795169 0
    outer loop
      vertex 124.853 106.638 4
      vertex 124.714 106.532 0
      vertex 124.853 106.638 0
    endloop
  endfacet
  facet normal -0.301544 0.953452 0
    outer loop
      vertex 126.684 43.1206 0
      vertex 126.518 43.0681 4
      vertex 126.684 43.1206 4
    endloop
  endfacet
  facet normal -0.301544 0.953452 0
    outer loop
      vertex 126.518 43.0681 4
      vertex 126.684 43.1206 0
      vertex 126.518 43.0681 0
    endloop
  endfacet
  facet normal 0.842812 0.538209 0
    outer loop
      vertex 124.362 43.8528 4
      vertex 124.268 44 0
      vertex 124.268 44 4
    endloop
  endfacet
  facet normal 0.842812 0.538209 0
    outer loop
      vertex 124.268 44 0
      vertex 124.362 43.8528 4
      vertex 124.362 43.8528 0
    endloop
  endfacet
  facet normal -0.538728 -0.84248 0
    outer loop
      vertex 127 106.732 0
      vertex 127.147 106.638 4
      vertex 127 106.732 4
    endloop
  endfacet
  facet normal -0.538728 -0.84248 -0
    outer loop
      vertex 127.147 106.638 4
      vertex 127 106.732 0
      vertex 127.147 106.638 0
    endloop
  endfacet
  facet normal 0.975998 0.21778 0
    outer loop
      vertex 124.068 44.4824 4
      vertex 124.03 44.6527 0
      vertex 124.03 44.6527 4
    endloop
  endfacet
  facet normal 0.975998 0.21778 0
    outer loop
      vertex 124.03 44.6527 0
      vertex 124.068 44.4824 4
      vertex 124.068 44.4824 0
    endloop
  endfacet
  facet normal 0.952835 0.303487 0
    outer loop
      vertex 124.121 44.316 4
      vertex 124.068 44.4824 0
      vertex 124.068 44.4824 4
    endloop
  endfacet
  facet normal 0.952835 0.303487 0
    outer loop
      vertex 124.068 44.4824 0
      vertex 124.121 44.316 4
      vertex 124.121 44.316 0
    endloop
  endfacet
  facet normal 0.538728 -0.84248 0
    outer loop
      vertex 124.853 106.638 0
      vertex 125 106.732 4
      vertex 124.853 106.638 4
    endloop
  endfacet
  facet normal 0.538728 -0.84248 0
    outer loop
      vertex 125 106.732 4
      vertex 124.853 106.638 0
      vertex 125 106.732 0
    endloop
  endfacet
  facet normal 0.976187 -0.21693 0
    outer loop
      vertex 124.03 105.347 4
      vertex 124.068 105.518 0
      vertex 124.068 105.518 4
    endloop
  endfacet
  facet normal 0.976187 -0.21693 0
    outer loop
      vertex 124.068 105.518 0
      vertex 124.03 105.347 4
      vertex 124.03 105.347 0
    endloop
  endfacet
  facet normal 0.925272 -0.379304 0
    outer loop
      vertex 124.121 105.684 4
      vertex 124.187 105.845 0
      vertex 124.187 105.845 4
    endloop
  endfacet
  facet normal 0.925272 -0.379304 0
    outer loop
      vertex 124.187 105.845 0
      vertex 124.121 105.684 4
      vertex 124.121 105.684 0
    endloop
  endfacet
  facet normal 0.463152 -0.886279 0
    outer loop
      vertex 125 106.732 0
      vertex 125.155 106.813 4
      vertex 125 106.732 4
    endloop
  endfacet
  facet normal 0.463152 -0.886279 0
    outer loop
      vertex 125.155 106.813 4
      vertex 125 106.732 0
      vertex 125.155 106.813 0
    endloop
  endfacet
  facet normal -0.793902 0.608046 0
    outer loop
      vertex 127.532 43.7144 0
      vertex 127.638 43.8528 4
      vertex 127.638 43.8528 0
    endloop
  endfacet
  facet normal -0.793902 0.608046 0
    outer loop
      vertex 127.638 43.8528 4
      vertex 127.532 43.7144 0
      vertex 127.532 43.7144 4
    endloop
  endfacet
  facet normal 0.886279 -0.463152 0
    outer loop
      vertex 124.187 105.845 4
      vertex 124.268 106 0
      vertex 124.268 106 4
    endloop
  endfacet
  facet normal 0.886279 -0.463152 0
    outer loop
      vertex 124.268 106 0
      vertex 124.187 105.845 4
      vertex 124.187 105.845 0
    endloop
  endfacet
  facet normal -0.0459285 -0.998945 0
    outer loop
      vertex 126 107 0
      vertex 126.174 106.992 4
      vertex 126 107 4
    endloop
  endfacet
  facet normal -0.0459285 -0.998945 -0
    outer loop
      vertex 126.174 106.992 4
      vertex 126 107 0
      vertex 126.174 106.992 0
    endloop
  endfacet
  facet normal -0.735244 -0.677803 0
    outer loop
      vertex 127.532 106.286 0
      vertex 127.414 106.414 4
      vertex 127.414 106.414 0
    endloop
  endfacet
  facet normal -0.735244 -0.677803 0
    outer loop
      vertex 127.414 106.414 4
      vertex 127.532 106.286 0
      vertex 127.532 106.286 4
    endloop
  endfacet
  facet normal -0.126152 -0.992011 0
    outer loop
      vertex 126.174 106.992 0
      vertex 126.347 106.97 4
      vertex 126.174 106.992 4
    endloop
  endfacet
  facet normal -0.126152 -0.992011 -0
    outer loop
      vertex 126.347 106.97 4
      vertex 126.174 106.992 0
      vertex 126.347 106.97 0
    endloop
  endfacet
  facet normal -0.925272 -0.379304 0
    outer loop
      vertex 127.879 105.684 0
      vertex 127.813 105.845 4
      vertex 127.813 105.845 0
    endloop
  endfacet
  facet normal -0.925272 -0.379304 0
    outer loop
      vertex 127.813 105.845 4
      vertex 127.879 105.684 0
      vertex 127.879 105.684 4
    endloop
  endfacet
  facet normal -0.379304 -0.925272 0
    outer loop
      vertex 126.684 106.879 0
      vertex 126.845 106.813 4
      vertex 126.684 106.879 4
    endloop
  endfacet
  facet normal -0.379304 -0.925272 -0
    outer loop
      vertex 126.845 106.813 4
      vertex 126.684 106.879 0
      vertex 126.845 106.813 0
    endloop
  endfacet
  facet normal -0.677803 -0.735244 0
    outer loop
      vertex 127.286 106.532 0
      vertex 127.414 106.414 4
      vertex 127.286 106.532 4
    endloop
  endfacet
  facet normal -0.677803 -0.735244 -0
    outer loop
      vertex 127.414 106.414 4
      vertex 127.286 106.532 0
      vertex 127.414 106.414 0
    endloop
  endfacet
  facet normal -0.38323 0.923653 0
    outer loop
      vertex 126.845 43.1874 0
      vertex 126.684 43.1206 4
      vertex 126.845 43.1874 4
    endloop
  endfacet
  facet normal -0.38323 0.923653 0
    outer loop
      vertex 126.684 43.1206 4
      vertex 126.845 43.1874 0
      vertex 126.684 43.1206 0
    endloop
  endfacet
  facet normal -0.952624 -0.304151 0
    outer loop
      vertex 127.932 105.518 0
      vertex 127.879 105.684 4
      vertex 127.879 105.684 0
    endloop
  endfacet
  facet normal -0.952624 -0.304151 0
    outer loop
      vertex 127.879 105.684 4
      vertex 127.932 105.518 0
      vertex 127.932 105.518 4
    endloop
  endfacet
  facet normal 0.379304 -0.925272 0
    outer loop
      vertex 125.155 106.813 0
      vertex 125.316 106.879 4
      vertex 125.155 106.813 4
    endloop
  endfacet
  facet normal 0.379304 -0.925272 0
    outer loop
      vertex 125.316 106.879 4
      vertex 125.155 106.813 0
      vertex 125.316 106.879 0
    endloop
  endfacet
  facet normal -0.992011 -0.126152 0
    outer loop
      vertex 127.992 105.174 0
      vertex 127.97 105.347 4
      vertex 127.97 105.347 0
    endloop
  endfacet
  facet normal -0.992011 -0.126152 0
    outer loop
      vertex 127.97 105.347 4
      vertex 127.992 105.174 0
      vertex 127.992 105.174 4
    endloop
  endfacet
  facet normal 0.735244 -0.677803 0
    outer loop
      vertex 124.468 106.286 4
      vertex 124.586 106.414 0
      vertex 124.586 106.414 4
    endloop
  endfacet
  facet normal 0.735244 -0.677803 0
    outer loop
      vertex 124.586 106.414 0
      vertex 124.468 106.286 4
      vertex 124.468 106.286 0
    endloop
  endfacet
  facet normal 0.677803 -0.735244 0
    outer loop
      vertex 124.586 106.414 0
      vertex 124.714 106.532 4
      vertex 124.586 106.414 4
    endloop
  endfacet
  facet normal 0.677803 -0.735244 0
    outer loop
      vertex 124.714 106.532 4
      vertex 124.586 106.414 0
      vertex 124.714 106.532 0
    endloop
  endfacet
  facet normal 0.677492 0.73553 -0
    outer loop
      vertex 124.714 43.4679 0
      vertex 124.586 43.5858 4
      vertex 124.714 43.4679 4
    endloop
  endfacet
  facet normal 0.677492 0.73553 0
    outer loop
      vertex 124.586 43.5858 4
      vertex 124.714 43.4679 0
      vertex 124.586 43.5858 0
    endloop
  endfacet
  facet normal -0.215298 0.976548 0
    outer loop
      vertex 126.518 43.0681 0
      vertex 126.347 43.0304 4
      vertex 126.518 43.0681 4
    endloop
  endfacet
  facet normal -0.215298 0.976548 0
    outer loop
      vertex 126.347 43.0304 4
      vertex 126.518 43.0681 0
      vertex 126.347 43.0304 0
    endloop
  endfacet
  facet normal -0.886279 -0.463152 0
    outer loop
      vertex 127.813 105.845 0
      vertex 127.732 106 4
      vertex 127.732 106 0
    endloop
  endfacet
  facet normal -0.886279 -0.463152 0
    outer loop
      vertex 127.732 106 4
      vertex 127.813 105.845 0
      vertex 127.813 105.845 4
    endloop
  endfacet
  facet normal -0.0436366 0.999047 0
    outer loop
      vertex 126.174 43.0076 0
      vertex 126 43 4
      vertex 126.174 43.0076 4
    endloop
  endfacet
  facet normal -0.0436366 0.999047 0
    outer loop
      vertex 126 43 4
      vertex 126.174 43.0076 0
      vertex 126 43 0
    endloop
  endfacet
  facet normal 0.736821 0.676088 0
    outer loop
      vertex 124.586 43.5858 4
      vertex 124.468 43.7144 0
      vertex 124.468 43.7144 4
    endloop
  endfacet
  facet normal 0.736821 0.676088 0
    outer loop
      vertex 124.468 43.7144 0
      vertex 124.586 43.5858 4
      vertex 124.586 43.5858 0
    endloop
  endfacet
  facet normal -0.21693 -0.976187 0
    outer loop
      vertex 126.347 106.97 0
      vertex 126.518 106.932 4
      vertex 126.347 106.97 4
    endloop
  endfacet
  facet normal -0.21693 -0.976187 -0
    outer loop
      vertex 126.518 106.932 4
      vertex 126.347 106.97 0
      vertex 126.518 106.932 0
    endloop
  endfacet
  facet normal -0.537914 0.843 0
    outer loop
      vertex 127.147 43.3617 0
      vertex 127 43.2679 4
      vertex 127.147 43.3617 4
    endloop
  endfacet
  facet normal -0.537914 0.843 0
    outer loop
      vertex 127 43.2679 4
      vertex 127.147 43.3617 0
      vertex 127 43.2679 0
    endloop
  endfacet
  facet normal -0.84248 -0.538728 0
    outer loop
      vertex 127.732 106 0
      vertex 127.638 106.147 4
      vertex 127.638 106.147 0
    endloop
  endfacet
  facet normal -0.84248 -0.538728 0
    outer loop
      vertex 127.638 106.147 4
      vertex 127.732 106 0
      vertex 127.732 106 4
    endloop
  endfacet
  facet normal 0.38323 0.923653 -0
    outer loop
      vertex 125.316 43.1206 0
      vertex 125.155 43.1874 4
      vertex 125.316 43.1206 4
    endloop
  endfacet
  facet normal 0.38323 0.923653 0
    outer loop
      vertex 125.155 43.1874 4
      vertex 125.316 43.1206 0
      vertex 125.155 43.1874 0
    endloop
  endfacet
  facet normal 0.215298 0.976548 -0
    outer loop
      vertex 125.653 43.0304 0
      vertex 125.482 43.0681 4
      vertex 125.653 43.0304 4
    endloop
  endfacet
  facet normal 0.215298 0.976548 0
    outer loop
      vertex 125.482 43.0681 4
      vertex 125.653 43.0304 0
      vertex 125.482 43.0681 0
    endloop
  endfacet
  facet normal 0.460902 0.887451 -0
    outer loop
      vertex 125.155 43.1874 0
      vertex 125 43.2679 4
      vertex 125.155 43.1874 4
    endloop
  endfacet
  facet normal 0.460902 0.887451 0
    outer loop
      vertex 125 43.2679 4
      vertex 125.155 43.1874 0
      vertex 125 43.2679 0
    endloop
  endfacet
  facet normal 0.0436366 0.999047 -0
    outer loop
      vertex 126 43 0
      vertex 125.826 43.0076 4
      vertex 126 43 4
    endloop
  endfacet
  facet normal 0.0436366 0.999047 0
    outer loop
      vertex 125.826 43.0076 4
      vertex 126 43 0
      vertex 125.826 43.0076 0
    endloop
  endfacet
  facet normal 0.301544 0.953452 -0
    outer loop
      vertex 125.482 43.0681 0
      vertex 125.316 43.1206 4
      vertex 125.482 43.0681 4
    endloop
  endfacet
  facet normal 0.301544 0.953452 0
    outer loop
      vertex 125.316 43.1206 4
      vertex 125.482 43.0681 0
      vertex 125.316 43.1206 0
    endloop
  endfacet
  facet normal -0.606388 -0.795169 0
    outer loop
      vertex 127.147 106.638 0
      vertex 127.286 106.532 4
      vertex 127.147 106.638 4
    endloop
  endfacet
  facet normal -0.606388 -0.795169 -0
    outer loop
      vertex 127.286 106.532 4
      vertex 127.147 106.638 0
      vertex 127.286 106.532 0
    endloop
  endfacet
  facet normal -0.736821 0.676088 0
    outer loop
      vertex 127.414 43.5858 0
      vertex 127.532 43.7144 4
      vertex 127.532 43.7144 0
    endloop
  endfacet
  facet normal -0.736821 0.676088 0
    outer loop
      vertex 127.532 43.7144 4
      vertex 127.414 43.5858 0
      vertex 127.414 43.5858 4
    endloop
  endfacet
  facet normal -0.842812 0.538209 0
    outer loop
      vertex 127.638 43.8528 0
      vertex 127.732 44 4
      vertex 127.732 44 0
    endloop
  endfacet
  facet normal -0.842812 0.538209 0
    outer loop
      vertex 127.732 44 4
      vertex 127.638 43.8528 0
      vertex 127.638 43.8528 4
    endloop
  endfacet
  facet normal 0.607111 0.794617 -0
    outer loop
      vertex 124.853 43.3617 0
      vertex 124.714 43.4679 4
      vertex 124.853 43.3617 4
    endloop
  endfacet
  facet normal 0.607111 0.794617 0
    outer loop
      vertex 124.714 43.4679 4
      vertex 124.853 43.3617 0
      vertex 124.714 43.4679 0
    endloop
  endfacet
  facet normal -0.460902 0.887451 0
    outer loop
      vertex 127 43.2679 0
      vertex 126.845 43.1874 4
      vertex 127 43.2679 4
    endloop
  endfacet
  facet normal -0.460902 0.887451 0
    outer loop
      vertex 126.845 43.1874 4
      vertex 127 43.2679 0
      vertex 126.845 43.1874 0
    endloop
  endfacet
  facet normal -0.886033 0.463622 0
    outer loop
      vertex 127.732 44 0
      vertex 127.813 44.1548 4
      vertex 127.813 44.1548 0
    endloop
  endfacet
  facet normal -0.886033 0.463622 0
    outer loop
      vertex 127.813 44.1548 4
      vertex 127.732 44 0
      vertex 127.732 44 4
    endloop
  endfacet
  facet normal -0.925437 0.378901 0
    outer loop
      vertex 127.813 44.1548 0
      vertex 127.879 44.316 4
      vertex 127.879 44.316 0
    endloop
  endfacet
  facet normal -0.925437 0.378901 0
    outer loop
      vertex 127.879 44.316 4
      vertex 127.813 44.1548 0
      vertex 127.813 44.1548 4
    endloop
  endfacet
  facet normal -0.992011 0.126152 0
    outer loop
      vertex 143.97 44.6527 0
      vertex 143.992 44.8257 4
      vertex 143.992 44.8257 0
    endloop
  endfacet
  facet normal -0.992011 0.126152 0
    outer loop
      vertex 143.992 44.8257 4
      vertex 143.97 44.6527 0
      vertex 143.97 44.6527 4
    endloop
  endfacet
  facet normal 0.21693 -0.976187 0
    outer loop
      vertex 141.482 106.932 0
      vertex 141.653 106.97 4
      vertex 141.482 106.932 4
    endloop
  endfacet
  facet normal 0.21693 -0.976187 0
    outer loop
      vertex 141.653 106.97 4
      vertex 141.482 106.932 0
      vertex 141.653 106.97 0
    endloop
  endfacet
  facet normal 1 -0 0
    outer loop
      vertex 140 45 4
      vertex 140 105 0
      vertex 140 105 4
    endloop
  endfacet
  facet normal 1 0 0
    outer loop
      vertex 140 105 0
      vertex 140 45 4
      vertex 140 45 0
    endloop
  endfacet
  facet normal 0.793902 0.608046 0
    outer loop
      vertex 140.468 43.7144 4
      vertex 140.362 43.8528 0
      vertex 140.362 43.8528 4
    endloop
  endfacet
  facet normal 0.793902 0.608046 0
    outer loop
      vertex 140.362 43.8528 0
      vertex 140.468 43.7144 4
      vertex 140.468 43.7144 0
    endloop
  endfacet
  facet normal -0.130662 0.991427 0
    outer loop
      vertex 142.347 43.0304 0
      vertex 142.174 43.0076 4
      vertex 142.347 43.0304 4
    endloop
  endfacet
  facet normal -0.130662 0.991427 0
    outer loop
      vertex 142.174 43.0076 4
      vertex 142.347 43.0304 0
      vertex 142.174 43.0076 0
    endloop
  endfacet
  facet normal 0.998948 0.0458496 0
    outer loop
      vertex 140.008 44.8257 4
      vertex 140 45 0
      vertex 140 45 4
    endloop
  endfacet
  facet normal 0.998948 0.0458496 0
    outer loop
      vertex 140 45 0
      vertex 140.008 44.8257 4
      vertex 140.008 44.8257 0
    endloop
  endfacet
  facet normal -1 0 0
    outer loop
      vertex 144 45 0
      vertex 144 105 4
      vertex 144 105 0
    endloop
  endfacet
  facet normal -1 -0 0
    outer loop
      vertex 144 105 4
      vertex 144 45 0
      vertex 144 45 4
    endloop
  endfacet
  facet normal 0.952624 -0.304151 0
    outer loop
      vertex 140.068 105.518 4
      vertex 140.121 105.684 0
      vertex 140.121 105.684 4
    endloop
  endfacet
  facet normal 0.952624 -0.304151 0
    outer loop
      vertex 140.121 105.684 0
      vertex 140.068 105.518 4
      vertex 140.068 105.518 0
    endloop
  endfacet
  facet normal -0.976187 -0.21693 0
    outer loop
      vertex 143.97 105.347 0
      vertex 143.932 105.518 4
      vertex 143.932 105.518 0
    endloop
  endfacet
  facet normal -0.976187 -0.21693 0
    outer loop
      vertex 143.932 105.518 4
      vertex 143.97 105.347 0
      vertex 143.97 105.347 4
    endloop
  endfacet
  facet normal 0.130662 0.991427 -0
    outer loop
      vertex 141.826 43.0076 0
      vertex 141.653 43.0304 4
      vertex 141.826 43.0076 4
    endloop
  endfacet
  facet normal 0.130662 0.991427 0
    outer loop
      vertex 141.653 43.0304 4
      vertex 141.826 43.0076 0
      vertex 141.653 43.0304 0
    endloop
  endfacet
  facet normal 0.925437 0.378901 0
    outer loop
      vertex 140.187 44.1548 4
      vertex 140.121 44.316 0
      vertex 140.121 44.316 4
    endloop
  endfacet
  facet normal 0.925437 0.378901 0
    outer loop
      vertex 140.121 44.316 0
      vertex 140.187 44.1548 4
      vertex 140.187 44.1548 0
    endloop
  endfacet
  facet normal 0.537914 0.843 -0
    outer loop
      vertex 141 43.2679 0
      vertex 140.853 43.3617 4
      vertex 141 43.2679 4
    endloop
  endfacet
  facet normal 0.537914 0.843 0
    outer loop
      vertex 140.853 43.3617 4
      vertex 141 43.2679 0
      vertex 140.853 43.3617 0
    endloop
  endfacet
  facet normal 0.126152 -0.992011 0
    outer loop
      vertex 141.653 106.97 0
      vertex 141.826 106.992 4
      vertex 141.653 106.97 4
    endloop
  endfacet
  facet normal 0.126152 -0.992011 0
    outer loop
      vertex 141.826 106.992 4
      vertex 141.653 106.97 0
      vertex 141.826 106.992 0
    endloop
  endfacet
  facet normal -0.463152 -0.886279 0
    outer loop
      vertex 142.845 106.813 0
      vertex 143 106.732 4
      vertex 142.845 106.813 4
    endloop
  endfacet
  facet normal -0.463152 -0.886279 -0
    outer loop
      vertex 143 106.732 4
      vertex 142.845 106.813 0
      vertex 143 106.732 0
    endloop
  endfacet
  facet normal 0.0459285 -0.998945 0
    outer loop
      vertex 141.826 106.992 0
      vertex 142 107 4
      vertex 141.826 106.992 4
    endloop
  endfacet
  facet normal 0.0459285 -0.998945 0
    outer loop
      vertex 142 107 4
      vertex 141.826 106.992 0
      vertex 142 107 0
    endloop
  endfacet
  facet normal -0.998945 -0.0459285 0
    outer loop
      vertex 144 105 0
      vertex 143.992 105.174 4
      vertex 143.992 105.174 0
    endloop
  endfacet
  facet normal -0.998945 -0.0459285 0
    outer loop
      vertex 143.992 105.174 4
      vertex 144 105 0
      vertex 144 105 4
    endloop
  endfacet
  facet normal -0.975998 0.21778 0
    outer loop
      vertex 143.932 44.4824 0
      vertex 143.97 44.6527 4
      vertex 143.97 44.6527 0
    endloop
  endfacet
  facet normal -0.975998 0.21778 0
    outer loop
      vertex 143.97 44.6527 4
      vertex 143.932 44.4824 0
      vertex 143.932 44.4824 4
    endloop
  endfacet
  facet normal -0.795169 -0.606388 0
    outer loop
      vertex 143.638 106.147 0
      vertex 143.532 106.286 4
      vertex 143.532 106.286 0
    endloop
  endfacet
  facet normal -0.795169 -0.606388 0
    outer loop
      vertex 143.532 106.286 4
      vertex 143.638 106.147 0
      vertex 143.638 106.147 4
    endloop
  endfacet
  facet normal 0.886033 0.463622 0
    outer loop
      vertex 140.268 44 4
      vertex 140.187 44.1548 0
      vertex 140.187 44.1548 4
    endloop
  endfacet
  facet normal 0.886033 0.463622 0
    outer loop
      vertex 140.187 44.1548 0
      vertex 140.268 44 4
      vertex 140.268 44 0
    endloop
  endfacet
  facet normal 0.992011 -0.126152 0
    outer loop
      vertex 140.008 105.174 4
      vertex 140.03 105.347 0
      vertex 140.03 105.347 4
    endloop
  endfacet
  facet normal 0.992011 -0.126152 0
    outer loop
      vertex 140.03 105.347 0
      vertex 140.008 105.174 4
      vertex 140.008 105.174 0
    endloop
  endfacet
  facet normal -0.677492 0.73553 0
    outer loop
      vertex 143.414 43.5858 0
      vertex 143.286 43.4679 4
      vertex 143.414 43.5858 4
    endloop
  endfacet
  facet normal -0.677492 0.73553 0
    outer loop
      vertex 143.286 43.4679 4
      vertex 143.414 43.5858 0
      vertex 143.286 43.4679 0
    endloop
  endfacet
  facet normal -0.607111 0.794617 0
    outer loop
      vertex 143.286 43.4679 0
      vertex 143.147 43.3617 4
      vertex 143.286 43.4679 4
    endloop
  endfacet
  facet normal -0.607111 0.794617 0
    outer loop
      vertex 143.147 43.3617 4
      vertex 143.286 43.4679 0
      vertex 143.147 43.3617 0
    endloop
  endfacet
  facet normal 0.795169 -0.606388 0
    outer loop
      vertex 140.362 106.147 4
      vertex 140.468 106.286 0
      vertex 140.468 106.286 4
    endloop
  endfacet
  facet normal 0.795169 -0.606388 0
    outer loop
      vertex 140.468 106.286 0
      vertex 140.362 106.147 4
      vertex 140.362 106.147 0
    endloop
  endfacet
  facet normal 0.992011 0.126152 0
    outer loop
      vertex 140.03 44.6527 4
      vertex 140.008 44.8257 0
      vertex 140.008 44.8257 4
    endloop
  endfacet
  facet normal 0.992011 0.126152 0
    outer loop
      vertex 140.008 44.8257 0
      vertex 140.03 44.6527 4
      vertex 140.03 44.6527 0
    endloop
  endfacet
  facet normal -0.998948 0.0458496 0
    outer loop
      vertex 143.992 44.8257 0
      vertex 144 45 4
      vertex 144 45 0
    endloop
  endfacet
  facet normal -0.998948 0.0458496 0
    outer loop
      vertex 144 45 4
      vertex 143.992 44.8257 0
      vertex 143.992 44.8257 4
    endloop
  endfacet
  facet normal 0.304151 -0.952624 0
    outer loop
      vertex 141.316 106.879 0
      vertex 141.482 106.932 4
      vertex 141.316 106.879 4
    endloop
  endfacet
  facet normal 0.304151 -0.952624 0
    outer loop
      vertex 141.482 106.932 4
      vertex 141.316 106.879 0
      vertex 141.482 106.932 0
    endloop
  endfacet
  facet normal -0.952835 0.303487 0
    outer loop
      vertex 143.879 44.316 0
      vertex 143.932 44.4824 4
      vertex 143.932 44.4824 0
    endloop
  endfacet
  facet normal -0.952835 0.303487 0
    outer loop
      vertex 143.932 44.4824 4
      vertex 143.879 44.316 0
      vertex 143.879 44.316 4
    endloop
  endfacet
  facet normal 0.998945 -0.0459285 0
    outer loop
      vertex 140 105 4
      vertex 140.008 105.174 0
      vertex 140.008 105.174 4
    endloop
  endfacet
  facet normal 0.998945 -0.0459285 0
    outer loop
      vertex 140.008 105.174 0
      vertex 140 105 4
      vertex 140 105 0
    endloop
  endfacet
  facet normal 0.84248 -0.538728 0
    outer loop
      vertex 140.268 106 4
      vertex 140.362 106.147 0
      vertex 140.362 106.147 4
    endloop
  endfacet
  facet normal 0.84248 -0.538728 0
    outer loop
      vertex 140.362 106.147 0
      vertex 140.268 106 4
      vertex 140.268 106 0
    endloop
  endfacet
  facet normal -0.304151 -0.952624 0
    outer loop
      vertex 142.518 106.932 0
      vertex 142.684 106.879 4
      vertex 142.518 106.932 4
    endloop
  endfacet
  facet normal -0.304151 -0.952624 -0
    outer loop
      vertex 142.684 106.879 4
      vertex 142.518 106.932 0
      vertex 142.684 106.879 0
    endloop
  endfacet
  facet normal 0.606388 -0.795169 0
    outer loop
      vertex 140.714 106.532 0
      vertex 140.853 106.638 4
      vertex 140.714 106.532 4
    endloop
  endfacet
  facet normal 0.606388 -0.795169 0
    outer loop
      vertex 140.853 106.638 4
      vertex 140.714 106.532 0
      vertex 140.853 106.638 0
    endloop
  endfacet
  facet normal -0.301544 0.953452 0
    outer loop
      vertex 142.684 43.1206 0
      vertex 142.518 43.0681 4
      vertex 142.684 43.1206 4
    endloop
  endfacet
  facet normal -0.301544 0.953452 0
    outer loop
      vertex 142.518 43.0681 4
      vertex 142.684 43.1206 0
      vertex 142.518 43.0681 0
    endloop
  endfacet
  facet normal 0.842812 0.538209 0
    outer loop
      vertex 140.362 43.8528 4
      vertex 140.268 44 0
      vertex 140.268 44 4
    endloop
  endfacet
  facet normal 0.842812 0.538209 0
    outer loop
      vertex 140.268 44 0
      vertex 140.362 43.8528 4
      vertex 140.362 43.8528 0
    endloop
  endfacet
  facet normal -0.538728 -0.84248 0
    outer loop
      vertex 143 106.732 0
      vertex 143.147 106.638 4
      vertex 143 106.732 4
    endloop
  endfacet
  facet normal -0.538728 -0.84248 -0
    outer loop
      vertex 143.147 106.638 4
      vertex 143 106.732 0
      vertex 143.147 106.638 0
    endloop
  endfacet
  facet normal 0.975998 0.21778 0
    outer loop
      vertex 140.068 44.4824 4
      vertex 140.03 44.6527 0
      vertex 140.03 44.6527 4
    endloop
  endfacet
  facet normal 0.975998 0.21778 0
    outer loop
      vertex 140.03 44.6527 0
      vertex 140.068 44.4824 4
      vertex 140.068 44.4824 0
    endloop
  endfacet
  facet normal 0.952835 0.303487 0
    outer loop
      vertex 140.121 44.316 4
      vertex 140.068 44.4824 0
      vertex 140.068 44.4824 4
    endloop
  endfacet
  facet normal 0.952835 0.303487 0
    outer loop
      vertex 140.068 44.4824 0
      vertex 140.121 44.316 4
      vertex 140.121 44.316 0
    endloop
  endfacet
  facet normal 0.538728 -0.84248 0
    outer loop
      vertex 140.853 106.638 0
      vertex 141 106.732 4
      vertex 140.853 106.638 4
    endloop
  endfacet
  facet normal 0.538728 -0.84248 0
    outer loop
      vertex 141 106.732 4
      vertex 140.853 106.638 0
      vertex 141 106.732 0
    endloop
  endfacet
  facet normal 0.976187 -0.21693 0
    outer loop
      vertex 140.03 105.347 4
      vertex 140.068 105.518 0
      vertex 140.068 105.518 4
    endloop
  endfacet
  facet normal 0.976187 -0.21693 0
    outer loop
      vertex 140.068 105.518 0
      vertex 140.03 105.347 4
      vertex 140.03 105.347 0
    endloop
  endfacet
  facet normal 0.925272 -0.379304 0
    outer loop
      vertex 140.121 105.684 4
      vertex 140.187 105.845 0
      vertex 140.187 105.845 4
    endloop
  endfacet
  facet normal 0.925272 -0.379304 0
    outer loop
      vertex 140.187 105.845 0
      vertex 140.121 105.684 4
      vertex 140.121 105.684 0
    endloop
  endfacet
  facet normal 0.463152 -0.886279 0
    outer loop
      vertex 141 106.732 0
      vertex 141.155 106.813 4
      vertex 141 106.732 4
    endloop
  endfacet
  facet normal 0.463152 -0.886279 0
    outer loop
      vertex 141.155 106.813 4
      vertex 141 106.732 0
      vertex 141.155 106.813 0
    endloop
  endfacet
  facet normal -0.215298 0.976548 0
    outer loop
      vertex 142.518 43.0681 0
      vertex 142.347 43.0304 4
      vertex 142.518 43.0681 4
    endloop
  endfacet
  facet normal -0.215298 0.976548 0
    outer loop
      vertex 142.347 43.0304 4
      vertex 142.518 43.0681 0
      vertex 142.347 43.0304 0
    endloop
  endfacet
  facet normal 0.886279 -0.463152 0
    outer loop
      vertex 140.187 105.845 4
      vertex 140.268 106 0
      vertex 140.268 106 4
    endloop
  endfacet
  facet normal 0.886279 -0.463152 0
    outer loop
      vertex 140.268 106 0
      vertex 140.187 105.845 4
      vertex 140.187 105.845 0
    endloop
  endfacet
  facet normal -0.0459285 -0.998945 0
    outer loop
      vertex 142 107 0
      vertex 142.174 106.992 4
      vertex 142 107 4
    endloop
  endfacet
  facet normal -0.0459285 -0.998945 -0
    outer loop
      vertex 142.174 106.992 4
      vertex 142 107 0
      vertex 142.174 106.992 0
    endloop
  endfacet
  facet normal -0.735244 -0.677803 0
    outer loop
      vertex 143.532 106.286 0
      vertex 143.414 106.414 4
      vertex 143.414 106.414 0
    endloop
  endfacet
  facet normal -0.735244 -0.677803 0
    outer loop
      vertex 143.414 106.414 4
      vertex 143.532 106.286 0
      vertex 143.532 106.286 4
    endloop
  endfacet
  facet normal -0.126152 -0.992011 0
    outer loop
      vertex 142.174 106.992 0
      vertex 142.347 106.97 4
      vertex 142.174 106.992 4
    endloop
  endfacet
  facet normal -0.126152 -0.992011 -0
    outer loop
      vertex 142.347 106.97 4
      vertex 142.174 106.992 0
      vertex 142.347 106.97 0
    endloop
  endfacet
  facet normal -0.925272 -0.379304 0
    outer loop
      vertex 143.879 105.684 0
      vertex 143.813 105.845 4
      vertex 143.813 105.845 0
    endloop
  endfacet
  facet normal -0.925272 -0.379304 0
    outer loop
      vertex 143.813 105.845 4
      vertex 143.879 105.684 0
      vertex 143.879 105.684 4
    endloop
  endfacet
  facet normal -0.379304 -0.925272 0
    outer loop
      vertex 142.684 106.879 0
      vertex 142.845 106.813 4
      vertex 142.684 106.879 4
    endloop
  endfacet
  facet normal -0.379304 -0.925272 -0
    outer loop
      vertex 142.845 106.813 4
      vertex 142.684 106.879 0
      vertex 142.845 106.813 0
    endloop
  endfacet
  facet normal -0.677803 -0.735244 0
    outer loop
      vertex 143.286 106.532 0
      vertex 143.414 106.414 4
      vertex 143.286 106.532 4
    endloop
  endfacet
  facet normal -0.677803 -0.735244 -0
    outer loop
      vertex 143.414 106.414 4
      vertex 143.286 106.532 0
      vertex 143.414 106.414 0
    endloop
  endfacet
  facet normal -0.38323 0.923653 0
    outer loop
      vertex 142.845 43.1874 0
      vertex 142.684 43.1206 4
      vertex 142.845 43.1874 4
    endloop
  endfacet
  facet normal -0.38323 0.923653 0
    outer loop
      vertex 142.684 43.1206 4
      vertex 142.845 43.1874 0
      vertex 142.684 43.1206 0
    endloop
  endfacet
  facet normal -0.952624 -0.304151 0
    outer loop
      vertex 143.932 105.518 0
      vertex 143.879 105.684 4
      vertex 143.879 105.684 0
    endloop
  endfacet
  facet normal -0.952624 -0.304151 0
    outer loop
      vertex 143.879 105.684 4
      vertex 143.932 105.518 0
      vertex 143.932 105.518 4
    endloop
  endfacet
  facet normal 0.379304 -0.925272 0
    outer loop
      vertex 141.155 106.813 0
      vertex 141.316 106.879 4
      vertex 141.155 106.813 4
    endloop
  endfacet
  facet normal 0.379304 -0.925272 0
    outer loop
      vertex 141.316 106.879 4
      vertex 141.155 106.813 0
      vertex 141.316 106.879 0
    endloop
  endfacet
  facet normal -0.992011 -0.126152 0
    outer loop
      vertex 143.992 105.174 0
      vertex 143.97 105.347 4
      vertex 143.97 105.347 0
    endloop
  endfacet
  facet normal -0.992011 -0.126152 0
    outer loop
      vertex 143.97 105.347 4
      vertex 143.992 105.174 0
      vertex 143.992 105.174 4
    endloop
  endfacet
  facet normal 0.735244 -0.677803 0
    outer loop
      vertex 140.468 106.286 4
      vertex 140.586 106.414 0
      vertex 140.586 106.414 4
    endloop
  endfacet
  facet normal 0.735244 -0.677803 0
    outer loop
      vertex 140.586 106.414 0
      vertex 140.468 106.286 4
      vertex 140.468 106.286 0
    endloop
  endfacet
  facet normal 0.677803 -0.735244 0
    outer loop
      vertex 140.586 106.414 0
      vertex 140.714 106.532 4
      vertex 140.586 106.414 4
    endloop
  endfacet
  facet normal 0.677803 -0.735244 0
    outer loop
      vertex 140.714 106.532 4
      vertex 140.586 106.414 0
      vertex 140.714 106.532 0
    endloop
  endfacet
  facet normal 0.677492 0.73553 -0
    outer loop
      vertex 140.714 43.4679 0
      vertex 140.586 43.5858 4
      vertex 140.714 43.4679 4
    endloop
  endfacet
  facet normal 0.677492 0.73553 0
    outer loop
      vertex 140.586 43.5858 4
      vertex 140.714 43.4679 0
      vertex 140.586 43.5858 0
    endloop
  endfacet
  facet normal -0.886279 -0.463152 0
    outer loop
      vertex 143.813 105.845 0
      vertex 143.732 106 4
      vertex 143.732 106 0
    endloop
  endfacet
  facet normal -0.886279 -0.463152 0
    outer loop
      vertex 143.732 106 4
      vertex 143.813 105.845 0
      vertex 143.813 105.845 4
    endloop
  endfacet
  facet normal -0.0436366 0.999047 0
    outer loop
      vertex 142.174 43.0076 0
      vertex 142 43 4
      vertex 142.174 43.0076 4
    endloop
  endfacet
  facet normal -0.0436366 0.999047 0
    outer loop
      vertex 142 43 4
      vertex 142.174 43.0076 0
      vertex 142 43 0
    endloop
  endfacet
  facet normal 0.736821 0.676088 0
    outer loop
      vertex 140.586 43.5858 4
      vertex 140.468 43.7144 0
      vertex 140.468 43.7144 4
    endloop
  endfacet
  facet normal 0.736821 0.676088 0
    outer loop
      vertex 140.468 43.7144 0
      vertex 140.586 43.5858 4
      vertex 140.586 43.5858 0
    endloop
  endfacet
  facet normal -0.21693 -0.976187 0
    outer loop
      vertex 142.347 106.97 0
      vertex 142.518 106.932 4
      vertex 142.347 106.97 4
    endloop
  endfacet
  facet normal -0.21693 -0.976187 -0
    outer loop
      vertex 142.518 106.932 4
      vertex 142.347 106.97 0
      vertex 142.518 106.932 0
    endloop
  endfacet
  facet normal -0.537914 0.843 0
    outer loop
      vertex 143.147 43.3617 0
      vertex 143 43.2679 4
      vertex 143.147 43.3617 4
    endloop
  endfacet
  facet normal -0.537914 0.843 0
    outer loop
      vertex 143 43.2679 4
      vertex 143.147 43.3617 0
      vertex 143 43.2679 0
    endloop
  endfacet
  facet normal -0.84248 -0.538728 0
    outer loop
      vertex 143.732 106 0
      vertex 143.638 106.147 4
      vertex 143.638 106.147 0
    endloop
  endfacet
  facet normal -0.84248 -0.538728 0
    outer loop
      vertex 143.638 106.147 4
      vertex 143.732 106 0
      vertex 143.732 106 4
    endloop
  endfacet
  facet normal 0.38323 0.923653 -0
    outer loop
      vertex 141.316 43.1206 0
      vertex 141.155 43.1874 4
      vertex 141.316 43.1206 4
    endloop
  endfacet
  facet normal 0.38323 0.923653 0
    outer loop
      vertex 141.155 43.1874 4
      vertex 141.316 43.1206 0
      vertex 141.155 43.1874 0
    endloop
  endfacet
  facet normal 0.215298 0.976548 -0
    outer loop
      vertex 141.653 43.0304 0
      vertex 141.482 43.0681 4
      vertex 141.653 43.0304 4
    endloop
  endfacet
  facet normal 0.215298 0.976548 0
    outer loop
      vertex 141.482 43.0681 4
      vertex 141.653 43.0304 0
      vertex 141.482 43.0681 0
    endloop
  endfacet
  facet normal 0.460902 0.887451 -0
    outer loop
      vertex 141.155 43.1874 0
      vertex 141 43.2679 4
      vertex 141.155 43.1874 4
    endloop
  endfacet
  facet normal 0.460902 0.887451 0
    outer loop
      vertex 141 43.2679 4
      vertex 141.155 43.1874 0
      vertex 141 43.2679 0
    endloop
  endfacet
  facet normal 0.0436366 0.999047 -0
    outer loop
      vertex 142 43 0
      vertex 141.826 43.0076 4
      vertex 142 43 4
    endloop
  endfacet
  facet normal 0.0436366 0.999047 0
    outer loop
      vertex 141.826 43.0076 4
      vertex 142 43 0
      vertex 141.826 43.0076 0
    endloop
  endfacet
  facet normal 0.301544 0.953452 -0
    outer loop
      vertex 141.482 43.0681 0
      vertex 141.316 43.1206 4
      vertex 141.482 43.0681 4
    endloop
  endfacet
  facet normal 0.301544 0.953452 0
    outer loop
      vertex 141.316 43.1206 4
      vertex 141.482 43.0681 0
      vertex 141.316 43.1206 0
    endloop
  endfacet
  facet normal 0.607111 0.794617 -0
    outer loop
      vertex 140.853 43.3617 0
      vertex 140.714 43.4679 4
      vertex 140.853 43.3617 4
    endloop
  endfacet
  facet normal 0.607111 0.794617 0
    outer loop
      vertex 140.714 43.4679 4
      vertex 140.853 43.3617 0
      vertex 140.714 43.4679 0
    endloop
  endfacet
  facet normal -0.606388 -0.795169 0
    outer loop
      vertex 143.147 106.638 0
      vertex 143.286 106.532 4
      vertex 143.147 106.638 4
    endloop
  endfacet
  facet normal -0.606388 -0.795169 -0
    outer loop
      vertex 143.286 106.532 4
      vertex 143.147 106.638 0
      vertex 143.286 106.532 0
    endloop
  endfacet
  facet normal -0.736821 0.676088 0
    outer loop
      vertex 143.414 43.5858 0
      vertex 143.532 43.7144 4
      vertex 143.532 43.7144 0
    endloop
  endfacet
  facet normal -0.736821 0.676088 0
    outer loop
      vertex 143.532 43.7144 4
      vertex 143.414 43.5858 0
      vertex 143.414 43.5858 4
    endloop
  endfacet
  facet normal -0.842812 0.538209 0
    outer loop
      vertex 143.638 43.8528 0
      vertex 143.732 44 4
      vertex 143.732 44 0
    endloop
  endfacet
  facet normal -0.842812 0.538209 0
    outer loop
      vertex 143.732 44 4
      vertex 143.638 43.8528 0
      vertex 143.638 43.8528 4
    endloop
  endfacet
  facet normal -0.460902 0.887451 0
    outer loop
      vertex 143 43.2679 0
      vertex 142.845 43.1874 4
      vertex 143 43.2679 4
    endloop
  endfacet
  facet normal -0.460902 0.887451 0
    outer loop
      vertex 142.845 43.1874 4
      vertex 143 43.2679 0
      vertex 142.845 43.1874 0
    endloop
  endfacet
  facet normal -0.886033 0.463622 0
    outer loop
      vertex 143.732 44 0
      vertex 143.813 44.1548 4
      vertex 143.813 44.1548 0
    endloop
  endfacet
  facet normal -0.886033 0.463622 0
    outer loop
      vertex 143.813 44.1548 4
      vertex 143.732 44 0
      vertex 143.732 44 4
    endloop
  endfacet
  facet normal -0.793902 0.608046 0
    outer loop
      vertex 143.532 43.7144 0
      vertex 143.638 43.8528 4
      vertex 143.638 43.8528 0
    endloop
  endfacet
  facet normal -0.793902 0.608046 0
    outer loop
      vertex 143.638 43.8528 4
      vertex 143.532 43.7144 0
      vertex 143.532 43.7144 4
    endloop
  endfacet
  facet normal -0.925437 0.378901 0
    outer loop
      vertex 143.813 44.1548 0
      vertex 143.879 44.316 4
      vertex 143.879 44.316 0
    endloop
  endfacet
  facet normal -0.925437 0.378901 0
    outer loop
      vertex 143.879 44.316 4
      vertex 143.813 44.1548 0
      vertex 143.813 44.1548 4
    endloop
  endfacet
  facet normal -0.992011 0.126152 0
    outer loop
      vertex 159.97 44.6527 0
      vertex 159.992 44.8257 4
      vertex 159.992 44.8257 0
    endloop
  endfacet
  facet normal -0.992011 0.126152 0
    outer loop
      vertex 159.992 44.8257 4
      vertex 159.97 44.6527 0
      vertex 159.97 44.6527 4
    endloop
  endfacet
  facet normal 0.21693 -0.976187 0
    outer loop
      vertex 157.482 106.932 0
      vertex 157.653 106.97 4
      vertex 157.482 106.932 4
    endloop
  endfacet
  facet normal 0.21693 -0.976187 0
    outer loop
      vertex 157.653 106.97 4
      vertex 157.482 106.932 0
      vertex 157.653 106.97 0
    endloop
  endfacet
  facet normal 1 -0 0
    outer loop
      vertex 156 45 4
      vertex 156 105 0
      vertex 156 105 4
    endloop
  endfacet
  facet normal 1 0 0
    outer loop
      vertex 156 105 0
      vertex 156 45 4
      vertex 156 45 0
    endloop
  endfacet
  facet normal 0.793902 0.608046 0
    outer loop
      vertex 156.468 43.7144 4
      vertex 156.362 43.8528 0
      vertex 156.362 43.8528 4
    endloop
  endfacet
  facet normal 0.793902 0.608046 0
    outer loop
      vertex 156.362 43.8528 0
      vertex 156.468 43.7144 4
      vertex 156.468 43.7144 0
    endloop
  endfacet
  facet normal -0.130662 0.991427 0
    outer loop
      vertex 158.347 43.0304 0
      vertex 158.174 43.0076 4
      vertex 158.347 43.0304 4
    endloop
  endfacet
  facet normal -0.130662 0.991427 0
    outer loop
      vertex 158.174 43.0076 4
      vertex 158.347 43.0304 0
      vertex 158.174 43.0076 0
    endloop
  endfacet
  facet normal 0.998948 0.0458496 0
    outer loop
      vertex 156.008 44.8257 4
      vertex 156 45 0
      vertex 156 45 4
    endloop
  endfacet
  facet normal 0.998948 0.0458496 0
    outer loop
      vertex 156 45 0
      vertex 156.008 44.8257 4
      vertex 156.008 44.8257 0
    endloop
  endfacet
  facet normal -1 0 0
    outer loop
      vertex 160 45 0
      vertex 160 105 4
      vertex 160 105 0
    endloop
  endfacet
  facet normal -1 -0 0
    outer loop
      vertex 160 105 4
      vertex 160 45 0
      vertex 160 45 4
    endloop
  endfacet
  facet normal 0.952624 -0.304151 0
    outer loop
      vertex 156.068 105.518 4
      vertex 156.121 105.684 0
      vertex 156.121 105.684 4
    endloop
  endfacet
  facet normal 0.952624 -0.304151 0
    outer loop
      vertex 156.121 105.684 0
      vertex 156.068 105.518 4
      vertex 156.068 105.518 0
    endloop
  endfacet
  facet normal -0.976187 -0.21693 0
    outer loop
      vertex 159.97 105.347 0
      vertex 159.932 105.518 4
      vertex 159.932 105.518 0
    endloop
  endfacet
  facet normal -0.976187 -0.21693 0
    outer loop
      vertex 159.932 105.518 4
      vertex 159.97 105.347 0
      vertex 159.97 105.347 4
    endloop
  endfacet
  facet normal 0.130662 0.991427 -0
    outer loop
      vertex 157.826 43.0076 0
      vertex 157.653 43.0304 4
      vertex 157.826 43.0076 4
    endloop
  endfacet
  facet normal 0.130662 0.991427 0
    outer loop
      vertex 157.653 43.0304 4
      vertex 157.826 43.0076 0
      vertex 157.653 43.0304 0
    endloop
  endfacet
  facet normal 0.925437 0.378901 0
    outer loop
      vertex 156.187 44.1548 4
      vertex 156.121 44.316 0
      vertex 156.121 44.316 4
    endloop
  endfacet
  facet normal 0.925437 0.378901 0
    outer loop
      vertex 156.121 44.316 0
      vertex 156.187 44.1548 4
      vertex 156.187 44.1548 0
    endloop
  endfacet
  facet normal 0.537914 0.843 -0
    outer loop
      vertex 157 43.2679 0
      vertex 156.853 43.3617 4
      vertex 157 43.2679 4
    endloop
  endfacet
  facet normal 0.537914 0.843 0
    outer loop
      vertex 156.853 43.3617 4
      vertex 157 43.2679 0
      vertex 156.853 43.3617 0
    endloop
  endfacet
  facet normal 0.126152 -0.992011 0
    outer loop
      vertex 157.653 106.97 0
      vertex 157.826 106.992 4
      vertex 157.653 106.97 4
    endloop
  endfacet
  facet normal 0.126152 -0.992011 0
    outer loop
      vertex 157.826 106.992 4
      vertex 157.653 106.97 0
      vertex 157.826 106.992 0
    endloop
  endfacet
  facet normal -0.463152 -0.886279 0
    outer loop
      vertex 158.845 106.813 0
      vertex 159 106.732 4
      vertex 158.845 106.813 4
    endloop
  endfacet
  facet normal -0.463152 -0.886279 -0
    outer loop
      vertex 159 106.732 4
      vertex 158.845 106.813 0
      vertex 159 106.732 0
    endloop
  endfacet
  facet normal 0.0459285 -0.998945 0
    outer loop
      vertex 157.826 106.992 0
      vertex 158 107 4
      vertex 157.826 106.992 4
    endloop
  endfacet
  facet normal 0.0459285 -0.998945 0
    outer loop
      vertex 158 107 4
      vertex 157.826 106.992 0
      vertex 158 107 0
    endloop
  endfacet
  facet normal -0.998945 -0.0459285 0
    outer loop
      vertex 160 105 0
      vertex 159.992 105.174 4
      vertex 159.992 105.174 0
    endloop
  endfacet
  facet normal -0.998945 -0.0459285 0
    outer loop
      vertex 159.992 105.174 4
      vertex 160 105 0
      vertex 160 105 4
    endloop
  endfacet
  facet normal -0.975998 0.21778 0
    outer loop
      vertex 159.932 44.4824 0
      vertex 159.97 44.6527 4
      vertex 159.97 44.6527 0
    endloop
  endfacet
  facet normal -0.975998 0.21778 0
    outer loop
      vertex 159.97 44.6527 4
      vertex 159.932 44.4824 0
      vertex 159.932 44.4824 4
    endloop
  endfacet
  facet normal -0.795169 -0.606388 0
    outer loop
      vertex 159.638 106.147 0
      vertex 159.532 106.286 4
      vertex 159.532 106.286 0
    endloop
  endfacet
  facet normal -0.795169 -0.606388 0
    outer loop
      vertex 159.532 106.286 4
      vertex 159.638 106.147 0
      vertex 159.638 106.147 4
    endloop
  endfacet
  facet normal 0.886033 0.463622 0
    outer loop
      vertex 156.268 44 4
      vertex 156.187 44.1548 0
      vertex 156.187 44.1548 4
    endloop
  endfacet
  facet normal 0.886033 0.463622 0
    outer loop
      vertex 156.187 44.1548 0
      vertex 156.268 44 4
      vertex 156.268 44 0
    endloop
  endfacet
  facet normal 0.992011 -0.126152 0
    outer loop
      vertex 156.008 105.174 4
      vertex 156.03 105.347 0
      vertex 156.03 105.347 4
    endloop
  endfacet
  facet normal 0.992011 -0.126152 0
    outer loop
      vertex 156.03 105.347 0
      vertex 156.008 105.174 4
      vertex 156.008 105.174 0
    endloop
  endfacet
  facet normal -0.677492 0.73553 0
    outer loop
      vertex 159.414 43.5858 0
      vertex 159.286 43.4679 4
      vertex 159.414 43.5858 4
    endloop
  endfacet
  facet normal -0.677492 0.73553 0
    outer loop
      vertex 159.286 43.4679 4
      vertex 159.414 43.5858 0
      vertex 159.286 43.4679 0
    endloop
  endfacet
  facet normal -0.607111 0.794617 0
    outer loop
      vertex 159.286 43.4679 0
      vertex 159.147 43.3617 4
      vertex 159.286 43.4679 4
    endloop
  endfacet
  facet normal -0.607111 0.794617 0
    outer loop
      vertex 159.147 43.3617 4
      vertex 159.286 43.4679 0
      vertex 159.147 43.3617 0
    endloop
  endfacet
  facet normal 0.795169 -0.606388 0
    outer loop
      vertex 156.362 106.147 4
      vertex 156.468 106.286 0
      vertex 156.468 106.286 4
    endloop
  endfacet
  facet normal 0.795169 -0.606388 0
    outer loop
      vertex 156.468 106.286 0
      vertex 156.362 106.147 4
      vertex 156.362 106.147 0
    endloop
  endfacet
  facet normal 0.992011 0.126152 0
    outer loop
      vertex 156.03 44.6527 4
      vertex 156.008 44.8257 0
      vertex 156.008 44.8257 4
    endloop
  endfacet
  facet normal 0.992011 0.126152 0
    outer loop
      vertex 156.008 44.8257 0
      vertex 156.03 44.6527 4
      vertex 156.03 44.6527 0
    endloop
  endfacet
  facet normal -0.998948 0.0458496 0
    outer loop
      vertex 159.992 44.8257 0
      vertex 160 45 4
      vertex 160 45 0
    endloop
  endfacet
  facet normal -0.998948 0.0458496 0
    outer loop
      vertex 160 45 4
      vertex 159.992 44.8257 0
      vertex 159.992 44.8257 4
    endloop
  endfacet
  facet normal 0.304151 -0.952624 0
    outer loop
      vertex 157.316 106.879 0
      vertex 157.482 106.932 4
      vertex 157.316 106.879 4
    endloop
  endfacet
  facet normal 0.304151 -0.952624 0
    outer loop
      vertex 157.482 106.932 4
      vertex 157.316 106.879 0
      vertex 157.482 106.932 0
    endloop
  endfacet
  facet normal -0.952835 0.303487 0
    outer loop
      vertex 159.879 44.316 0
      vertex 159.932 44.4824 4
      vertex 159.932 44.4824 0
    endloop
  endfacet
  facet normal -0.952835 0.303487 0
    outer loop
      vertex 159.932 44.4824 4
      vertex 159.879 44.316 0
      vertex 159.879 44.316 4
    endloop
  endfacet
  facet normal 0.998945 -0.0459285 0
    outer loop
      vertex 156 105 4
      vertex 156.008 105.174 0
      vertex 156.008 105.174 4
    endloop
  endfacet
  facet normal 0.998945 -0.0459285 0
    outer loop
      vertex 156.008 105.174 0
      vertex 156 105 4
      vertex 156 105 0
    endloop
  endfacet
  facet normal 0.84248 -0.538728 0
    outer loop
      vertex 156.268 106 4
      vertex 156.362 106.147 0
      vertex 156.362 106.147 4
    endloop
  endfacet
  facet normal 0.84248 -0.538728 0
    outer loop
      vertex 156.362 106.147 0
      vertex 156.268 106 4
      vertex 156.268 106 0
    endloop
  endfacet
  facet normal -0.304151 -0.952624 0
    outer loop
      vertex 158.518 106.932 0
      vertex 158.684 106.879 4
      vertex 158.518 106.932 4
    endloop
  endfacet
  facet normal -0.304151 -0.952624 -0
    outer loop
      vertex 158.684 106.879 4
      vertex 158.518 106.932 0
      vertex 158.684 106.879 0
    endloop
  endfacet
  facet normal 0.606388 -0.795169 0
    outer loop
      vertex 156.714 106.532 0
      vertex 156.853 106.638 4
      vertex 156.714 106.532 4
    endloop
  endfacet
  facet normal 0.606388 -0.795169 0
    outer loop
      vertex 156.853 106.638 4
      vertex 156.714 106.532 0
      vertex 156.853 106.638 0
    endloop
  endfacet
  facet normal -0.301544 0.953452 0
    outer loop
      vertex 158.684 43.1206 0
      vertex 158.518 43.0681 4
      vertex 158.684 43.1206 4
    endloop
  endfacet
  facet normal -0.301544 0.953452 0
    outer loop
      vertex 158.518 43.0681 4
      vertex 158.684 43.1206 0
      vertex 158.518 43.0681 0
    endloop
  endfacet
  facet normal 0.842812 0.538209 0
    outer loop
      vertex 156.362 43.8528 4
      vertex 156.268 44 0
      vertex 156.268 44 4
    endloop
  endfacet
  facet normal 0.842812 0.538209 0
    outer loop
      vertex 156.268 44 0
      vertex 156.362 43.8528 4
      vertex 156.362 43.8528 0
    endloop
  endfacet
  facet normal -0.538728 -0.84248 0
    outer loop
      vertex 159 106.732 0
      vertex 159.147 106.638 4
      vertex 159 106.732 4
    endloop
  endfacet
  facet normal -0.538728 -0.84248 -0
    outer loop
      vertex 159.147 106.638 4
      vertex 159 106.732 0
      vertex 159.147 106.638 0
    endloop
  endfacet
  facet normal 0.975998 0.21778 0
    outer loop
      vertex 156.068 44.4824 4
      vertex 156.03 44.6527 0
      vertex 156.03 44.6527 4
    endloop
  endfacet
  facet normal 0.975998 0.21778 0
    outer loop
      vertex 156.03 44.6527 0
      vertex 156.068 44.4824 4
      vertex 156.068 44.4824 0
    endloop
  endfacet
  facet normal 0.952835 0.303487 0
    outer loop
      vertex 156.121 44.316 4
      vertex 156.068 44.4824 0
      vertex 156.068 44.4824 4
    endloop
  endfacet
  facet normal 0.952835 0.303487 0
    outer loop
      vertex 156.068 44.4824 0
      vertex 156.121 44.316 4
      vertex 156.121 44.316 0
    endloop
  endfacet
  facet normal 0.538728 -0.84248 0
    outer loop
      vertex 156.853 106.638 0
      vertex 157 106.732 4
      vertex 156.853 106.638 4
    endloop
  endfacet
  facet normal 0.538728 -0.84248 0
    outer loop
      vertex 157 106.732 4
      vertex 156.853 106.638 0
      vertex 157 106.732 0
    endloop
  endfacet
  facet normal 0.976187 -0.21693 0
    outer loop
      vertex 156.03 105.347 4
      vertex 156.068 105.518 0
      vertex 156.068 105.518 4
    endloop
  endfacet
  facet normal 0.976187 -0.21693 0
    outer loop
      vertex 156.068 105.518 0
      vertex 156.03 105.347 4
      vertex 156.03 105.347 0
    endloop
  endfacet
  facet normal 0.925272 -0.379304 0
    outer loop
      vertex 156.121 105.684 4
      vertex 156.187 105.845 0
      vertex 156.187 105.845 4
    endloop
  endfacet
  facet normal 0.925272 -0.379304 0
    outer loop
      vertex 156.187 105.845 0
      vertex 156.121 105.684 4
      vertex 156.121 105.684 0
    endloop
  endfacet
  facet normal 0.463152 -0.886279 0
    outer loop
      vertex 157 106.732 0
      vertex 157.155 106.813 4
      vertex 157 106.732 4
    endloop
  endfacet
  facet normal 0.463152 -0.886279 0
    outer loop
      vertex 157.155 106.813 4
      vertex 157 106.732 0
      vertex 157.155 106.813 0
    endloop
  endfacet
  facet normal -0.793902 0.608046 0
    outer loop
      vertex 159.532 43.7144 0
      vertex 159.638 43.8528 4
      vertex 159.638 43.8528 0
    endloop
  endfacet
  facet normal -0.793902 0.608046 0
    outer loop
      vertex 159.638 43.8528 4
      vertex 159.532 43.7144 0
      vertex 159.532 43.7144 4
    endloop
  endfacet
  facet normal 0.886279 -0.463152 0
    outer loop
      vertex 156.187 105.845 4
      vertex 156.268 106 0
      vertex 156.268 106 4
    endloop
  endfacet
  facet normal 0.886279 -0.463152 0
    outer loop
      vertex 156.268 106 0
      vertex 156.187 105.845 4
      vertex 156.187 105.845 0
    endloop
  endfacet
  facet normal -0.0459285 -0.998945 0
    outer loop
      vertex 158 107 0
      vertex 158.174 106.992 4
      vertex 158 107 4
    endloop
  endfacet
  facet normal -0.0459285 -0.998945 -0
    outer loop
      vertex 158.174 106.992 4
      vertex 158 107 0
      vertex 158.174 106.992 0
    endloop
  endfacet
  facet normal -0.735244 -0.677803 0
    outer loop
      vertex 159.532 106.286 0
      vertex 159.414 106.414 4
      vertex 159.414 106.414 0
    endloop
  endfacet
  facet normal -0.735244 -0.677803 0
    outer loop
      vertex 159.414 106.414 4
      vertex 159.532 106.286 0
      vertex 159.532 106.286 4
    endloop
  endfacet
  facet normal -0.126152 -0.992011 0
    outer loop
      vertex 158.174 106.992 0
      vertex 158.347 106.97 4
      vertex 158.174 106.992 4
    endloop
  endfacet
  facet normal -0.126152 -0.992011 -0
    outer loop
      vertex 158.347 106.97 4
      vertex 158.174 106.992 0
      vertex 158.347 106.97 0
    endloop
  endfacet
  facet normal -0.925272 -0.379304 0
    outer loop
      vertex 159.879 105.684 0
      vertex 159.813 105.845 4
      vertex 159.813 105.845 0
    endloop
  endfacet
  facet normal -0.925272 -0.379304 0
    outer loop
      vertex 159.813 105.845 4
      vertex 159.879 105.684 0
      vertex 159.879 105.684 4
    endloop
  endfacet
  facet normal -0.677803 -0.735244 0
    outer loop
      vertex 159.286 106.532 0
      vertex 159.414 106.414 4
      vertex 159.286 106.532 4
    endloop
  endfacet
  facet normal -0.677803 -0.735244 -0
    outer loop
      vertex 159.414 106.414 4
      vertex 159.286 106.532 0
      vertex 159.414 106.414 0
    endloop
  endfacet
  facet normal -0.38323 0.923653 0
    outer loop
      vertex 158.845 43.1874 0
      vertex 158.684 43.1206 4
      vertex 158.845 43.1874 4
    endloop
  endfacet
  facet normal -0.38323 0.923653 0
    outer loop
      vertex 158.684 43.1206 4
      vertex 158.845 43.1874 0
      vertex 158.684 43.1206 0
    endloop
  endfacet
  facet normal -0.952624 -0.304151 0
    outer loop
      vertex 159.932 105.518 0
      vertex 159.879 105.684 4
      vertex 159.879 105.684 0
    endloop
  endfacet
  facet normal -0.952624 -0.304151 0
    outer loop
      vertex 159.879 105.684 4
      vertex 159.932 105.518 0
      vertex 159.932 105.518 4
    endloop
  endfacet
  facet normal 0.379304 -0.925272 0
    outer loop
      vertex 157.155 106.813 0
      vertex 157.316 106.879 4
      vertex 157.155 106.813 4
    endloop
  endfacet
  facet normal 0.379304 -0.925272 0
    outer loop
      vertex 157.316 106.879 4
      vertex 157.155 106.813 0
      vertex 157.316 106.879 0
    endloop
  endfacet
  facet normal -0.992011 -0.126152 0
    outer loop
      vertex 159.992 105.174 0
      vertex 159.97 105.347 4
      vertex 159.97 105.347 0
    endloop
  endfacet
  facet normal -0.992011 -0.126152 0
    outer loop
      vertex 159.97 105.347 4
      vertex 159.992 105.174 0
      vertex 159.992 105.174 4
    endloop
  endfacet
  facet normal 0.735244 -0.677803 0
    outer loop
      vertex 156.468 106.286 4
      vertex 156.586 106.414 0
      vertex 156.586 106.414 4
    endloop
  endfacet
  facet normal 0.735244 -0.677803 0
    outer loop
      vertex 156.586 106.414 0
      vertex 156.468 106.286 4
      vertex 156.468 106.286 0
    endloop
  endfacet
  facet normal 0.677803 -0.735244 0
    outer loop
      vertex 156.586 106.414 0
      vertex 156.714 106.532 4
      vertex 156.586 106.414 4
    endloop
  endfacet
  facet normal 0.677803 -0.735244 0
    outer loop
      vertex 156.714 106.532 4
      vertex 156.586 106.414 0
      vertex 156.714 106.532 0
    endloop
  endfacet
  facet normal 0.677492 0.73553 -0
    outer loop
      vertex 156.714 43.4679 0
      vertex 156.586 43.5858 4
      vertex 156.714 43.4679 4
    endloop
  endfacet
  facet normal 0.677492 0.73553 0
    outer loop
      vertex 156.586 43.5858 4
      vertex 156.714 43.4679 0
      vertex 156.586 43.5858 0
    endloop
  endfacet
  facet normal -0.379304 -0.925272 0
    outer loop
      vertex 158.684 106.879 0
      vertex 158.845 106.813 4
      vertex 158.684 106.879 4
    endloop
  endfacet
  facet normal -0.379304 -0.925272 -0
    outer loop
      vertex 158.845 106.813 4
      vertex 158.684 106.879 0
      vertex 158.845 106.813 0
    endloop
  endfacet
  facet normal -0.215298 0.976548 0
    outer loop
      vertex 158.518 43.0681 0
      vertex 158.347 43.0304 4
      vertex 158.518 43.0681 4
    endloop
  endfacet
  facet normal -0.215298 0.976548 0
    outer loop
      vertex 158.347 43.0304 4
      vertex 158.518 43.0681 0
      vertex 158.347 43.0304 0
    endloop
  endfacet
  facet normal -0.886279 -0.463152 0
    outer loop
      vertex 159.813 105.845 0
      vertex 159.732 106 4
      vertex 159.732 106 0
    endloop
  endfacet
  facet normal -0.886279 -0.463152 0
    outer loop
      vertex 159.732 106 4
      vertex 159.813 105.845 0
      vertex 159.813 105.845 4
    endloop
  endfacet
  facet normal -0.0436366 0.999047 0
    outer loop
      vertex 158.174 43.0076 0
      vertex 158 43 4
      vertex 158.174 43.0076 4
    endloop
  endfacet
  facet normal -0.0436366 0.999047 0
    outer loop
      vertex 158 43 4
      vertex 158.174 43.0076 0
      vertex 158 43 0
    endloop
  endfacet
  facet normal 0.736821 0.676088 0
    outer loop
      vertex 156.586 43.5858 4
      vertex 156.468 43.7144 0
      vertex 156.468 43.7144 4
    endloop
  endfacet
  facet normal 0.736821 0.676088 0
    outer loop
      vertex 156.468 43.7144 0
      vertex 156.586 43.5858 4
      vertex 156.586 43.5858 0
    endloop
  endfacet
  facet normal -0.21693 -0.976187 0
    outer loop
      vertex 158.347 106.97 0
      vertex 158.518 106.932 4
      vertex 158.347 106.97 4
    endloop
  endfacet
  facet normal -0.21693 -0.976187 -0
    outer loop
      vertex 158.518 106.932 4
      vertex 158.347 106.97 0
      vertex 158.518 106.932 0
    endloop
  endfacet
  facet normal -0.537914 0.843 0
    outer loop
      vertex 159.147 43.3617 0
      vertex 159 43.2679 4
      vertex 159.147 43.3617 4
    endloop
  endfacet
  facet normal -0.537914 0.843 0
    outer loop
      vertex 159 43.2679 4
      vertex 159.147 43.3617 0
      vertex 159 43.2679 0
    endloop
  endfacet
  facet normal -0.84248 -0.538728 0
    outer loop
      vertex 159.732 106 0
      vertex 159.638 106.147 4
      vertex 159.638 106.147 0
    endloop
  endfacet
  facet normal -0.84248 -0.538728 0
    outer loop
      vertex 159.638 106.147 4
      vertex 159.732 106 0
      vertex 159.732 106 4
    endloop
  endfacet
  facet normal 0.38323 0.923653 -0
    outer loop
      vertex 157.316 43.1206 0
      vertex 157.155 43.1874 4
      vertex 157.316 43.1206 4
    endloop
  endfacet
  facet normal 0.38323 0.923653 0
    outer loop
      vertex 157.155 43.1874 4
      vertex 157.316 43.1206 0
      vertex 157.155 43.1874 0
    endloop
  endfacet
  facet normal 0.215298 0.976548 -0
    outer loop
      vertex 157.653 43.0304 0
      vertex 157.482 43.0681 4
      vertex 157.653 43.0304 4
    endloop
  endfacet
  facet normal 0.215298 0.976548 0
    outer loop
      vertex 157.482 43.0681 4
      vertex 157.653 43.0304 0
      vertex 157.482 43.0681 0
    endloop
  endfacet
  facet normal 0.460902 0.887451 -0
    outer loop
      vertex 157.155 43.1874 0
      vertex 157 43.2679 4
      vertex 157.155 43.1874 4
    endloop
  endfacet
  facet normal 0.460902 0.887451 0
    outer loop
      vertex 157 43.2679 4
      vertex 157.155 43.1874 0
      vertex 157 43.2679 0
    endloop
  endfacet
  facet normal 0.0436366 0.999047 -0
    outer loop
      vertex 158 43 0
      vertex 157.826 43.0076 4
      vertex 158 43 4
    endloop
  endfacet
  facet normal 0.0436366 0.999047 0
    outer loop
      vertex 157.826 43.0076 4
      vertex 158 43 0
      vertex 157.826 43.0076 0
    endloop
  endfacet
  facet normal 0.301544 0.953452 -0
    outer loop
      vertex 157.482 43.0681 0
      vertex 157.316 43.1206 4
      vertex 157.482 43.0681 4
    endloop
  endfacet
  facet normal 0.301544 0.953452 0
    outer loop
      vertex 157.316 43.1206 4
      vertex 157.482 43.0681 0
      vertex 157.316 43.1206 0
    endloop
  endfacet
  facet normal -0.606388 -0.795169 0
    outer loop
      vertex 159.147 106.638 0
      vertex 159.286 106.532 4
      vertex 159.147 106.638 4
    endloop
  endfacet
  facet normal -0.606388 -0.795169 -0
    outer loop
      vertex 159.286 106.532 4
      vertex 159.147 106.638 0
      vertex 159.286 106.532 0
    endloop
  endfacet
  facet normal -0.736821 0.676088 0
    outer loop
      vertex 159.414 43.5858 0
      vertex 159.532 43.7144 4
      vertex 159.532 43.7144 0
    endloop
  endfacet
  facet normal -0.736821 0.676088 0
    outer loop
      vertex 159.532 43.7144 4
      vertex 159.414 43.5858 0
      vertex 159.414 43.5858 4
    endloop
  endfacet
  facet normal -0.842812 0.538209 0
    outer loop
      vertex 159.638 43.8528 0
      vertex 159.732 44 4
      vertex 159.732 44 0
    endloop
  endfacet
  facet normal -0.842812 0.538209 0
    outer loop
      vertex 159.732 44 4
      vertex 159.638 43.8528 0
      vertex 159.638 43.8528 4
    endloop
  endfacet
  facet normal 0.607111 0.794617 -0
    outer loop
      vertex 156.853 43.3617 0
      vertex 156.714 43.4679 4
      vertex 156.853 43.3617 4
    endloop
  endfacet
  facet normal 0.607111 0.794617 0
    outer loop
      vertex 156.714 43.4679 4
      vertex 156.853 43.3617 0
      vertex 156.714 43.4679 0
    endloop
  endfacet
  facet normal -0.460902 0.887451 0
    outer loop
      vertex 159 43.2679 0
      vertex 158.845 43.1874 4
      vertex 159 43.2679 4
    endloop
  endfacet
  facet normal -0.460902 0.887451 0
    outer loop
      vertex 158.845 43.1874 4
      vertex 159 43.2679 0
      vertex 158.845 43.1874 0
    endloop
  endfacet
  facet normal -0.886033 0.463622 0
    outer loop
      vertex 159.732 44 0
      vertex 159.813 44.1548 4
      vertex 159.813 44.1548 0
    endloop
  endfacet
  facet normal -0.886033 0.463622 0
    outer loop
      vertex 159.813 44.1548 4
      vertex 159.732 44 0
      vertex 159.732 44 4
    endloop
  endfacet
  facet normal -0.925437 0.378901 0
    outer loop
      vertex 159.813 44.1548 0
      vertex 159.879 44.316 4
      vertex 159.879 44.316 0
    endloop
  endfacet
  facet normal -0.925437 0.378901 0
    outer loop
      vertex 159.879 44.316 4
      vertex 159.813 44.1548 0
      vertex 159.813 44.1548 4
    endloop
  endfacet
  facet normal -0.992011 0.126152 0
    outer loop
      vertex 175.97 44.6527 0
      vertex 175.992 44.8257 4
      vertex 175.992 44.8257 0
    endloop
  endfacet
  facet normal -0.992011 0.126152 0
    outer loop
      vertex 175.992 44.8257 4
      vertex 175.97 44.6527 0
      vertex 175.97 44.6527 4
    endloop
  endfacet
  facet normal 0.21693 -0.976187 0
    outer loop
      vertex 173.482 106.932 0
      vertex 173.653 106.97 4
      vertex 173.482 106.932 4
    endloop
  endfacet
  facet normal 0.21693 -0.976187 0
    outer loop
      vertex 173.653 106.97 4
      vertex 173.482 106.932 0
      vertex 173.653 106.97 0
    endloop
  endfacet
  facet normal 1 -0 0
    outer loop
      vertex 172 45 4
      vertex 172 105 0
      vertex 172 105 4
    endloop
  endfacet
  facet normal 1 0 0
    outer loop
      vertex 172 105 0
      vertex 172 45 4
      vertex 172 45 0
    endloop
  endfacet
  facet normal 0.793902 0.608046 0
    outer loop
      vertex 172.468 43.7144 4
      vertex 172.362 43.8528 0
      vertex 172.362 43.8528 4
    endloop
  endfacet
  facet normal 0.793902 0.608046 0
    outer loop
      vertex 172.362 43.8528 0
      vertex 172.468 43.7144 4
      vertex 172.468 43.7144 0
    endloop
  endfacet
  facet normal -0.130662 0.991427 0
    outer loop
      vertex 174.347 43.0304 0
      vertex 174.174 43.0076 4
      vertex 174.347 43.0304 4
    endloop
  endfacet
  facet normal -0.130662 0.991427 0
    outer loop
      vertex 174.174 43.0076 4
      vertex 174.347 43.0304 0
      vertex 174.174 43.0076 0
    endloop
  endfacet
  facet normal 0.998948 0.0458496 0
    outer loop
      vertex 172.008 44.8257 4
      vertex 172 45 0
      vertex 172 45 4
    endloop
  endfacet
  facet normal 0.998948 0.0458496 0
    outer loop
      vertex 172 45 0
      vertex 172.008 44.8257 4
      vertex 172.008 44.8257 0
    endloop
  endfacet
  facet normal -1 0 0
    outer loop
      vertex 176 45 0
      vertex 176 105 4
      vertex 176 105 0
    endloop
  endfacet
  facet normal -1 -0 0
    outer loop
      vertex 176 105 4
      vertex 176 45 0
      vertex 176 45 4
    endloop
  endfacet
  facet normal 0.952624 -0.304151 0
    outer loop
      vertex 172.068 105.518 4
      vertex 172.121 105.684 0
      vertex 172.121 105.684 4
    endloop
  endfacet
  facet normal 0.952624 -0.304151 0
    outer loop
      vertex 172.121 105.684 0
      vertex 172.068 105.518 4
      vertex 172.068 105.518 0
    endloop
  endfacet
  facet normal -0.976187 -0.21693 0
    outer loop
      vertex 175.97 105.347 0
      vertex 175.932 105.518 4
      vertex 175.932 105.518 0
    endloop
  endfacet
  facet normal -0.976187 -0.21693 0
    outer loop
      vertex 175.932 105.518 4
      vertex 175.97 105.347 0
      vertex 175.97 105.347 4
    endloop
  endfacet
  facet normal 0.130662 0.991427 -0
    outer loop
      vertex 173.826 43.0076 0
      vertex 173.653 43.0304 4
      vertex 173.826 43.0076 4
    endloop
  endfacet
  facet normal 0.130662 0.991427 0
    outer loop
      vertex 173.653 43.0304 4
      vertex 173.826 43.0076 0
      vertex 173.653 43.0304 0
    endloop
  endfacet
  facet normal 0.925437 0.378901 0
    outer loop
      vertex 172.187 44.1548 4
      vertex 172.121 44.316 0
      vertex 172.121 44.316 4
    endloop
  endfacet
  facet normal 0.925437 0.378901 0
    outer loop
      vertex 172.121 44.316 0
      vertex 172.187 44.1548 4
      vertex 172.187 44.1548 0
    endloop
  endfacet
  facet normal 0.537914 0.843 -0
    outer loop
      vertex 173 43.2679 0
      vertex 172.853 43.3617 4
      vertex 173 43.2679 4
    endloop
  endfacet
  facet normal 0.537914 0.843 0
    outer loop
      vertex 172.853 43.3617 4
      vertex 173 43.2679 0
      vertex 172.853 43.3617 0
    endloop
  endfacet
  facet normal 0.126152 -0.992011 0
    outer loop
      vertex 173.653 106.97 0
      vertex 173.826 106.992 4
      vertex 173.653 106.97 4
    endloop
  endfacet
  facet normal 0.126152 -0.992011 0
    outer loop
      vertex 173.826 106.992 4
      vertex 173.653 106.97 0
      vertex 173.826 106.992 0
    endloop
  endfacet
  facet normal -0.463152 -0.886279 0
    outer loop
      vertex 174.845 106.813 0
      vertex 175 106.732 4
      vertex 174.845 106.813 4
    endloop
  endfacet
  facet normal -0.463152 -0.886279 -0
    outer loop
      vertex 175 106.732 4
      vertex 174.845 106.813 0
      vertex 175 106.732 0
    endloop
  endfacet
  facet normal 0.0459285 -0.998945 0
    outer loop
      vertex 173.826 106.992 0
      vertex 174 107 4
      vertex 173.826 106.992 4
    endloop
  endfacet
  facet normal 0.0459285 -0.998945 0
    outer loop
      vertex 174 107 4
      vertex 173.826 106.992 0
      vertex 174 107 0
    endloop
  endfacet
  facet normal -0.998945 -0.0459285 0
    outer loop
      vertex 176 105 0
      vertex 175.992 105.174 4
      vertex 175.992 105.174 0
    endloop
  endfacet
  facet normal -0.998945 -0.0459285 0
    outer loop
      vertex 175.992 105.174 4
      vertex 176 105 0
      vertex 176 105 4
    endloop
  endfacet
  facet normal -0.975998 0.21778 0
    outer loop
      vertex 175.932 44.4824 0
      vertex 175.97 44.6527 4
      vertex 175.97 44.6527 0
    endloop
  endfacet
  facet normal -0.975998 0.21778 0
    outer loop
      vertex 175.97 44.6527 4
      vertex 175.932 44.4824 0
      vertex 175.932 44.4824 4
    endloop
  endfacet
  facet normal -0.795169 -0.606388 0
    outer loop
      vertex 175.638 106.147 0
      vertex 175.532 106.286 4
      vertex 175.532 106.286 0
    endloop
  endfacet
  facet normal -0.795169 -0.606388 0
    outer loop
      vertex 175.532 106.286 4
      vertex 175.638 106.147 0
      vertex 175.638 106.147 4
    endloop
  endfacet
  facet normal 0.886033 0.463622 0
    outer loop
      vertex 172.268 44 4
      vertex 172.187 44.1548 0
      vertex 172.187 44.1548 4
    endloop
  endfacet
  facet normal 0.886033 0.463622 0
    outer loop
      vertex 172.187 44.1548 0
      vertex 172.268 44 4
      vertex 172.268 44 0
    endloop
  endfacet
  facet normal 0.992011 -0.126152 0
    outer loop
      vertex 172.008 105.174 4
      vertex 172.03 105.347 0
      vertex 172.03 105.347 4
    endloop
  endfacet
  facet normal 0.992011 -0.126152 0
    outer loop
      vertex 172.03 105.347 0
      vertex 172.008 105.174 4
      vertex 172.008 105.174 0
    endloop
  endfacet
  facet normal -0.677492 0.73553 0
    outer loop
      vertex 175.414 43.5858 0
      vertex 175.286 43.4679 4
      vertex 175.414 43.5858 4
    endloop
  endfacet
  facet normal -0.677492 0.73553 0
    outer loop
      vertex 175.286 43.4679 4
      vertex 175.414 43.5858 0
      vertex 175.286 43.4679 0
    endloop
  endfacet
  facet normal -0.607111 0.794617 0
    outer loop
      vertex 175.286 43.4679 0
      vertex 175.147 43.3617 4
      vertex 175.286 43.4679 4
    endloop
  endfacet
  facet normal -0.607111 0.794617 0
    outer loop
      vertex 175.147 43.3617 4
      vertex 175.286 43.4679 0
      vertex 175.147 43.3617 0
    endloop
  endfacet
  facet normal 0.795169 -0.606388 0
    outer loop
      vertex 172.362 106.147 4
      vertex 172.468 106.286 0
      vertex 172.468 106.286 4
    endloop
  endfacet
  facet normal 0.795169 -0.606388 0
    outer loop
      vertex 172.468 106.286 0
      vertex 172.362 106.147 4
      vertex 172.362 106.147 0
    endloop
  endfacet
  facet normal 0.992011 0.126152 0
    outer loop
      vertex 172.03 44.6527 4
      vertex 172.008 44.8257 0
      vertex 172.008 44.8257 4
    endloop
  endfacet
  facet normal 0.992011 0.126152 0
    outer loop
      vertex 172.008 44.8257 0
      vertex 172.03 44.6527 4
      vertex 172.03 44.6527 0
    endloop
  endfacet
  facet normal -0.998948 0.0458496 0
    outer loop
      vertex 175.992 44.8257 0
      vertex 176 45 4
      vertex 176 45 0
    endloop
  endfacet
  facet normal -0.998948 0.0458496 0
    outer loop
      vertex 176 45 4
      vertex 175.992 44.8257 0
      vertex 175.992 44.8257 4
    endloop
  endfacet
  facet normal 0.304151 -0.952624 0
    outer loop
      vertex 173.316 106.879 0
      vertex 173.482 106.932 4
      vertex 173.316 106.879 4
    endloop
  endfacet
  facet normal 0.304151 -0.952624 0
    outer loop
      vertex 173.482 106.932 4
      vertex 173.316 106.879 0
      vertex 173.482 106.932 0
    endloop
  endfacet
  facet normal -0.952835 0.303487 0
    outer loop
      vertex 175.879 44.316 0
      vertex 175.932 44.4824 4
      vertex 175.932 44.4824 0
    endloop
  endfacet
  facet normal -0.952835 0.303487 0
    outer loop
      vertex 175.932 44.4824 4
      vertex 175.879 44.316 0
      vertex 175.879 44.316 4
    endloop
  endfacet
  facet normal 0.998945 -0.0459285 0
    outer loop
      vertex 172 105 4
      vertex 172.008 105.174 0
      vertex 172.008 105.174 4
    endloop
  endfacet
  facet normal 0.998945 -0.0459285 0
    outer loop
      vertex 172.008 105.174 0
      vertex 172 105 4
      vertex 172 105 0
    endloop
  endfacet
  facet normal 0.84248 -0.538728 0
    outer loop
      vertex 172.268 106 4
      vertex 172.362 106.147 0
      vertex 172.362 106.147 4
    endloop
  endfacet
  facet normal 0.84248 -0.538728 0
    outer loop
      vertex 172.362 106.147 0
      vertex 172.268 106 4
      vertex 172.268 106 0
    endloop
  endfacet
  facet normal -0.304151 -0.952624 0
    outer loop
      vertex 174.518 106.932 0
      vertex 174.684 106.879 4
      vertex 174.518 106.932 4
    endloop
  endfacet
  facet normal -0.304151 -0.952624 -0
    outer loop
      vertex 174.684 106.879 4
      vertex 174.518 106.932 0
      vertex 174.684 106.879 0
    endloop
  endfacet
  facet normal 0.606388 -0.795169 0
    outer loop
      vertex 172.714 106.532 0
      vertex 172.853 106.638 4
      vertex 172.714 106.532 4
    endloop
  endfacet
  facet normal 0.606388 -0.795169 0
    outer loop
      vertex 172.853 106.638 4
      vertex 172.714 106.532 0
      vertex 172.853 106.638 0
    endloop
  endfacet
  facet normal -0.301544 0.953452 0
    outer loop
      vertex 174.684 43.1206 0
      vertex 174.518 43.0681 4
      vertex 174.684 43.1206 4
    endloop
  endfacet
  facet normal -0.301544 0.953452 0
    outer loop
      vertex 174.518 43.0681 4
      vertex 174.684 43.1206 0
      vertex 174.518 43.0681 0
    endloop
  endfacet
  facet normal 0.842812 0.538209 0
    outer loop
      vertex 172.362 43.8528 4
      vertex 172.268 44 0
      vertex 172.268 44 4
    endloop
  endfacet
  facet normal 0.842812 0.538209 0
    outer loop
      vertex 172.268 44 0
      vertex 172.362 43.8528 4
      vertex 172.362 43.8528 0
    endloop
  endfacet
  facet normal -0.538728 -0.84248 0
    outer loop
      vertex 175 106.732 0
      vertex 175.147 106.638 4
      vertex 175 106.732 4
    endloop
  endfacet
  facet normal -0.538728 -0.84248 -0
    outer loop
      vertex 175.147 106.638 4
      vertex 175 106.732 0
      vertex 175.147 106.638 0
    endloop
  endfacet
  facet normal 0.975998 0.21778 0
    outer loop
      vertex 172.068 44.4824 4
      vertex 172.03 44.6527 0
      vertex 172.03 44.6527 4
    endloop
  endfacet
  facet normal 0.975998 0.21778 0
    outer loop
      vertex 172.03 44.6527 0
      vertex 172.068 44.4824 4
      vertex 172.068 44.4824 0
    endloop
  endfacet
  facet normal 0.952835 0.303487 0
    outer loop
      vertex 172.121 44.316 4
      vertex 172.068 44.4824 0
      vertex 172.068 44.4824 4
    endloop
  endfacet
  facet normal 0.952835 0.303487 0
    outer loop
      vertex 172.068 44.4824 0
      vertex 172.121 44.316 4
      vertex 172.121 44.316 0
    endloop
  endfacet
  facet normal 0.538728 -0.84248 0
    outer loop
      vertex 172.853 106.638 0
      vertex 173 106.732 4
      vertex 172.853 106.638 4
    endloop
  endfacet
  facet normal 0.538728 -0.84248 0
    outer loop
      vertex 173 106.732 4
      vertex 172.853 106.638 0
      vertex 173 106.732 0
    endloop
  endfacet
  facet normal 0.976187 -0.21693 0
    outer loop
      vertex 172.03 105.347 4
      vertex 172.068 105.518 0
      vertex 172.068 105.518 4
    endloop
  endfacet
  facet normal 0.976187 -0.21693 0
    outer loop
      vertex 172.068 105.518 0
      vertex 172.03 105.347 4
      vertex 172.03 105.347 0
    endloop
  endfacet
  facet normal 0.925272 -0.379304 0
    outer loop
      vertex 172.121 105.684 4
      vertex 172.187 105.845 0
      vertex 172.187 105.845 4
    endloop
  endfacet
  facet normal 0.925272 -0.379304 0
    outer loop
      vertex 172.187 105.845 0
      vertex 172.121 105.684 4
      vertex 172.121 105.684 0
    endloop
  endfacet
  facet normal 0.463152 -0.886279 0
    outer loop
      vertex 173 106.732 0
      vertex 173.155 106.813 4
      vertex 173 106.732 4
    endloop
  endfacet
  facet normal 0.463152 -0.886279 0
    outer loop
      vertex 173.155 106.813 4
      vertex 173 106.732 0
      vertex 173.155 106.813 0
    endloop
  endfacet
  facet normal -0.793902 0.608046 0
    outer loop
      vertex 175.532 43.7144 0
      vertex 175.638 43.8528 4
      vertex 175.638 43.8528 0
    endloop
  endfacet
  facet normal -0.793902 0.608046 0
    outer loop
      vertex 175.638 43.8528 4
      vertex 175.532 43.7144 0
      vertex 175.532 43.7144 4
    endloop
  endfacet
  facet normal -0.215298 0.976548 0
    outer loop
      vertex 174.518 43.0681 0
      vertex 174.347 43.0304 4
      vertex 174.518 43.0681 4
    endloop
  endfacet
  facet normal -0.215298 0.976548 0
    outer loop
      vertex 174.347 43.0304 4
      vertex 174.518 43.0681 0
      vertex 174.347 43.0304 0
    endloop
  endfacet
  facet normal 0.886279 -0.463152 0
    outer loop
      vertex 172.187 105.845 4
      vertex 172.268 106 0
      vertex 172.268 106 4
    endloop
  endfacet
  facet normal 0.886279 -0.463152 0
    outer loop
      vertex 172.268 106 0
      vertex 172.187 105.845 4
      vertex 172.187 105.845 0
    endloop
  endfacet
  facet normal -0.0459285 -0.998945 0
    outer loop
      vertex 174 107 0
      vertex 174.174 106.992 4
      vertex 174 107 4
    endloop
  endfacet
  facet normal -0.0459285 -0.998945 -0
    outer loop
      vertex 174.174 106.992 4
      vertex 174 107 0
      vertex 174.174 106.992 0
    endloop
  endfacet
  facet normal -0.735244 -0.677803 0
    outer loop
      vertex 175.532 106.286 0
      vertex 175.414 106.414 4
      vertex 175.414 106.414 0
    endloop
  endfacet
  facet normal -0.735244 -0.677803 0
    outer loop
      vertex 175.414 106.414 4
      vertex 175.532 106.286 0
      vertex 175.532 106.286 4
    endloop
  endfacet
  facet normal -0.126152 -0.992011 0
    outer loop
      vertex 174.174 106.992 0
      vertex 174.347 106.97 4
      vertex 174.174 106.992 4
    endloop
  endfacet
  facet normal -0.126152 -0.992011 -0
    outer loop
      vertex 174.347 106.97 4
      vertex 174.174 106.992 0
      vertex 174.347 106.97 0
    endloop
  endfacet
  facet normal -0.925272 -0.379304 0
    outer loop
      vertex 175.879 105.684 0
      vertex 175.813 105.845 4
      vertex 175.813 105.845 0
    endloop
  endfacet
  facet normal -0.925272 -0.379304 0
    outer loop
      vertex 175.813 105.845 4
      vertex 175.879 105.684 0
      vertex 175.879 105.684 4
    endloop
  endfacet
  facet normal -0.677803 -0.735244 0
    outer loop
      vertex 175.286 106.532 0
      vertex 175.414 106.414 4
      vertex 175.286 106.532 4
    endloop
  endfacet
  facet normal -0.677803 -0.735244 -0
    outer loop
      vertex 175.414 106.414 4
      vertex 175.286 106.532 0
      vertex 175.414 106.414 0
    endloop
  endfacet
  facet normal -0.38323 0.923653 0
    outer loop
      vertex 174.845 43.1874 0
      vertex 174.684 43.1206 4
      vertex 174.845 43.1874 4
    endloop
  endfacet
  facet normal -0.38323 0.923653 0
    outer loop
      vertex 174.684 43.1206 4
      vertex 174.845 43.1874 0
      vertex 174.684 43.1206 0
    endloop
  endfacet
  facet normal -0.952624 -0.304151 0
    outer loop
      vertex 175.932 105.518 0
      vertex 175.879 105.684 4
      vertex 175.879 105.684 0
    endloop
  endfacet
  facet normal -0.952624 -0.304151 0
    outer loop
      vertex 175.879 105.684 4
      vertex 175.932 105.518 0
      vertex 175.932 105.518 4
    endloop
  endfacet
  facet normal 0.379304 -0.925272 0
    outer loop
      vertex 173.155 106.813 0
      vertex 173.316 106.879 4
      vertex 173.155 106.813 4
    endloop
  endfacet
  facet normal 0.379304 -0.925272 0
    outer loop
      vertex 173.316 106.879 4
      vertex 173.155 106.813 0
      vertex 173.316 106.879 0
    endloop
  endfacet
  facet normal -0.992011 -0.126152 0
    outer loop
      vertex 175.992 105.174 0
      vertex 175.97 105.347 4
      vertex 175.97 105.347 0
    endloop
  endfacet
  facet normal -0.992011 -0.126152 0
    outer loop
      vertex 175.97 105.347 4
      vertex 175.992 105.174 0
      vertex 175.992 105.174 4
    endloop
  endfacet
  facet normal 0.735244 -0.677803 0
    outer loop
      vertex 172.468 106.286 4
      vertex 172.586 106.414 0
      vertex 172.586 106.414 4
    endloop
  endfacet
  facet normal 0.735244 -0.677803 0
    outer loop
      vertex 172.586 106.414 0
      vertex 172.468 106.286 4
      vertex 172.468 106.286 0
    endloop
  endfacet
  facet normal 0.677803 -0.735244 0
    outer loop
      vertex 172.586 106.414 0
      vertex 172.714 106.532 4
      vertex 172.586 106.414 4
    endloop
  endfacet
  facet normal 0.677803 -0.735244 0
    outer loop
      vertex 172.714 106.532 4
      vertex 172.586 106.414 0
      vertex 172.714 106.532 0
    endloop
  endfacet
  facet normal 0.677492 0.73553 -0
    outer loop
      vertex 172.714 43.4679 0
      vertex 172.586 43.5858 4
      vertex 172.714 43.4679 4
    endloop
  endfacet
  facet normal 0.677492 0.73553 0
    outer loop
      vertex 172.586 43.5858 4
      vertex 172.714 43.4679 0
      vertex 172.586 43.5858 0
    endloop
  endfacet
  facet normal -0.379304 -0.925272 0
    outer loop
      vertex 174.684 106.879 0
      vertex 174.845 106.813 4
      vertex 174.684 106.879 4
    endloop
  endfacet
  facet normal -0.379304 -0.925272 -0
    outer loop
      vertex 174.845 106.813 4
      vertex 174.684 106.879 0
      vertex 174.845 106.813 0
    endloop
  endfacet
  facet normal -0.886279 -0.463152 0
    outer loop
      vertex 175.813 105.845 0
      vertex 175.732 106 4
      vertex 175.732 106 0
    endloop
  endfacet
  facet normal -0.886279 -0.463152 0
    outer loop
      vertex 175.732 106 4
      vertex 175.813 105.845 0
      vertex 175.813 105.845 4
    endloop
  endfacet
  facet normal -0.0436366 0.999047 0
    outer loop
      vertex 174.174 43.0076 0
      vertex 174 43 4
      vertex 174.174 43.0076 4
    endloop
  endfacet
  facet normal -0.0436366 0.999047 0
    outer loop
      vertex 174 43 4
      vertex 174.174 43.0076 0
      vertex 174 43 0
    endloop
  endfacet
  facet normal 0.736821 0.676088 0
    outer loop
      vertex 172.586 43.5858 4
      vertex 172.468 43.7144 0
      vertex 172.468 43.7144 4
    endloop
  endfacet
  facet normal 0.736821 0.676088 0
    outer loop
      vertex 172.468 43.7144 0
      vertex 172.586 43.5858 4
      vertex 172.586 43.5858 0
    endloop
  endfacet
  facet normal -0.21693 -0.976187 0
    outer loop
      vertex 174.347 106.97 0
      vertex 174.518 106.932 4
      vertex 174.347 106.97 4
    endloop
  endfacet
  facet normal -0.21693 -0.976187 -0
    outer loop
      vertex 174.518 106.932 4
      vertex 174.347 106.97 0
      vertex 174.518 106.932 0
    endloop
  endfacet
  facet normal -0.537914 0.843 0
    outer loop
      vertex 175.147 43.3617 0
      vertex 175 43.2679 4
      vertex 175.147 43.3617 4
    endloop
  endfacet
  facet normal -0.537914 0.843 0
    outer loop
      vertex 175 43.2679 4
      vertex 175.147 43.3617 0
      vertex 175 43.2679 0
    endloop
  endfacet
  facet normal -0.84248 -0.538728 0
    outer loop
      vertex 175.732 106 0
      vertex 175.638 106.147 4
      vertex 175.638 106.147 0
    endloop
  endfacet
  facet normal -0.84248 -0.538728 0
    outer loop
      vertex 175.638 106.147 4
      vertex 175.732 106 0
      vertex 175.732 106 4
    endloop
  endfacet
  facet normal 0.38323 0.923653 -0
    outer loop
      vertex 173.316 43.1206 0
      vertex 173.155 43.1874 4
      vertex 173.316 43.1206 4
    endloop
  endfacet
  facet normal 0.38323 0.923653 0
    outer loop
      vertex 173.155 43.1874 4
      vertex 173.316 43.1206 0
      vertex 173.155 43.1874 0
    endloop
  endfacet
  facet normal 0.215298 0.976548 -0
    outer loop
      vertex 173.653 43.0304 0
      vertex 173.482 43.0681 4
      vertex 173.653 43.0304 4
    endloop
  endfacet
  facet normal 0.215298 0.976548 0
    outer loop
      vertex 173.482 43.0681 4
      vertex 173.653 43.0304 0
      vertex 173.482 43.0681 0
    endloop
  endfacet
  facet normal 0.460902 0.887451 -0
    outer loop
      vertex 173.155 43.1874 0
      vertex 173 43.2679 4
      vertex 173.155 43.1874 4
    endloop
  endfacet
  facet normal 0.460902 0.887451 0
    outer loop
      vertex 173 43.2679 4
      vertex 173.155 43.1874 0
      vertex 173 43.2679 0
    endloop
  endfacet
  facet normal 0.0436366 0.999047 -0
    outer loop
      vertex 174 43 0
      vertex 173.826 43.0076 4
      vertex 174 43 4
    endloop
  endfacet
  facet normal 0.0436366 0.999047 0
    outer loop
      vertex 173.826 43.0076 4
      vertex 174 43 0
      vertex 173.826 43.0076 0
    endloop
  endfacet
  facet normal 0.301544 0.953452 -0
    outer loop
      vertex 173.482 43.0681 0
      vertex 173.316 43.1206 4
      vertex 173.482 43.0681 4
    endloop
  endfacet
  facet normal 0.301544 0.953452 0
    outer loop
      vertex 173.316 43.1206 4
      vertex 173.482 43.0681 0
      vertex 173.316 43.1206 0
    endloop
  endfacet
  facet normal -0.606388 -0.795169 0
    outer loop
      vertex 175.147 106.638 0
      vertex 175.286 106.532 4
      vertex 175.147 106.638 4
    endloop
  endfacet
  facet normal -0.606388 -0.795169 -0
    outer loop
      vertex 175.286 106.532 4
      vertex 175.147 106.638 0
      vertex 175.286 106.532 0
    endloop
  endfacet
  facet normal -0.736821 0.676088 0
    outer loop
      vertex 175.414 43.5858 0
      vertex 175.532 43.7144 4
      vertex 175.532 43.7144 0
    endloop
  endfacet
  facet normal -0.736821 0.676088 0
    outer loop
      vertex 175.532 43.7144 4
      vertex 175.414 43.5858 0
      vertex 175.414 43.5858 4
    endloop
  endfacet
  facet normal -0.842812 0.538209 0
    outer loop
      vertex 175.638 43.8528 0
      vertex 175.732 44 4
      vertex 175.732 44 0
    endloop
  endfacet
  facet normal -0.842812 0.538209 0
    outer loop
      vertex 175.732 44 4
      vertex 175.638 43.8528 0
      vertex 175.638 43.8528 4
    endloop
  endfacet
  facet normal 0.607111 0.794617 -0
    outer loop
      vertex 172.853 43.3617 0
      vertex 172.714 43.4679 4
      vertex 172.853 43.3617 4
    endloop
  endfacet
  facet normal 0.607111 0.794617 0
    outer loop
      vertex 172.714 43.4679 4
      vertex 172.853 43.3617 0
      vertex 172.714 43.4679 0
    endloop
  endfacet
  facet normal -0.460902 0.887451 0
    outer loop
      vertex 175 43.2679 0
      vertex 174.845 43.1874 4
      vertex 175 43.2679 4
    endloop
  endfacet
  facet normal -0.460902 0.887451 0
    outer loop
      vertex 174.845 43.1874 4
      vertex 175 43.2679 0
      vertex 174.845 43.1874 0
    endloop
  endfacet
  facet normal -0.886033 0.463622 0
    outer loop
      vertex 175.732 44 0
      vertex 175.813 44.1548 4
      vertex 175.813 44.1548 0
    endloop
  endfacet
  facet normal -0.886033 0.463622 0
    outer loop
      vertex 175.813 44.1548 4
      vertex 175.732 44 0
      vertex 175.732 44 4
    endloop
  endfacet
  facet normal -0.925437 0.378901 0
    outer loop
      vertex 175.813 44.1548 0
      vertex 175.879 44.316 4
      vertex 175.879 44.316 0
    endloop
  endfacet
  facet normal -0.925437 0.378901 0
    outer loop
      vertex 175.879 44.316 4
      vertex 175.813 44.1548 0
      vertex 175.813 44.1548 4
    endloop
  endfacet
  facet normal -0.992011 0.126152 0
    outer loop
      vertex 191.97 44.6527 0
      vertex 191.992 44.8257 4
      vertex 191.992 44.8257 0
    endloop
  endfacet
  facet normal -0.992011 0.126152 0
    outer loop
      vertex 191.992 44.8257 4
      vertex 191.97 44.6527 0
      vertex 191.97 44.6527 4
    endloop
  endfacet
  facet normal 0.21693 -0.976187 0
    outer loop
      vertex 189.482 106.932 0
      vertex 189.653 106.97 4
      vertex 189.482 106.932 4
    endloop
  endfacet
  facet normal 0.21693 -0.976187 0
    outer loop
      vertex 189.653 106.97 4
      vertex 189.482 106.932 0
      vertex 189.653 106.97 0
    endloop
  endfacet
  facet normal 1 -0 0
    outer loop
      vertex 188 45 4
      vertex 188 105 0
      vertex 188 105 4
    endloop
  endfacet
  facet normal 1 0 0
    outer loop
      vertex 188 105 0
      vertex 188 45 4
      vertex 188 45 0
    endloop
  endfacet
  facet normal 0.793902 0.608046 0
    outer loop
      vertex 188.468 43.7144 4
      vertex 188.362 43.8528 0
      vertex 188.362 43.8528 4
    endloop
  endfacet
  facet normal 0.793902 0.608046 0
    outer loop
      vertex 188.362 43.8528 0
      vertex 188.468 43.7144 4
      vertex 188.468 43.7144 0
    endloop
  endfacet
  facet normal -0.130662 0.991427 0
    outer loop
      vertex 190.347 43.0304 0
      vertex 190.174 43.0076 4
      vertex 190.347 43.0304 4
    endloop
  endfacet
  facet normal -0.130662 0.991427 0
    outer loop
      vertex 190.174 43.0076 4
      vertex 190.347 43.0304 0
      vertex 190.174 43.0076 0
    endloop
  endfacet
  facet normal 0.998948 0.0458496 0
    outer loop
      vertex 188.008 44.8257 4
      vertex 188 45 0
      vertex 188 45 4
    endloop
  endfacet
  facet normal 0.998948 0.0458496 0
    outer loop
      vertex 188 45 0
      vertex 188.008 44.8257 4
      vertex 188.008 44.8257 0
    endloop
  endfacet
  facet normal -1 0 0
    outer loop
      vertex 192 45 0
      vertex 192 105 4
      vertex 192 105 0
    endloop
  endfacet
  facet normal -1 -0 0
    outer loop
      vertex 192 105 4
      vertex 192 45 0
      vertex 192 45 4
    endloop
  endfacet
  facet normal 0.952624 -0.304151 0
    outer loop
      vertex 188.068 105.518 4
      vertex 188.121 105.684 0
      vertex 188.121 105.684 4
    endloop
  endfacet
  facet normal 0.952624 -0.304151 0
    outer loop
      vertex 188.121 105.684 0
      vertex 188.068 105.518 4
      vertex 188.068 105.518 0
    endloop
  endfacet
  facet normal -0.976187 -0.21693 0
    outer loop
      vertex 191.97 105.347 0
      vertex 191.932 105.518 4
      vertex 191.932 105.518 0
    endloop
  endfacet
  facet normal -0.976187 -0.21693 0
    outer loop
      vertex 191.932 105.518 4
      vertex 191.97 105.347 0
      vertex 191.97 105.347 4
    endloop
  endfacet
  facet normal 0.130662 0.991427 -0
    outer loop
      vertex 189.826 43.0076 0
      vertex 189.653 43.0304 4
      vertex 189.826 43.0076 4
    endloop
  endfacet
  facet normal 0.130662 0.991427 0
    outer loop
      vertex 189.653 43.0304 4
      vertex 189.826 43.0076 0
      vertex 189.653 43.0304 0
    endloop
  endfacet
  facet normal 0.925437 0.378901 0
    outer loop
      vertex 188.187 44.1548 4
      vertex 188.121 44.316 0
      vertex 188.121 44.316 4
    endloop
  endfacet
  facet normal 0.925437 0.378901 0
    outer loop
      vertex 188.121 44.316 0
      vertex 188.187 44.1548 4
      vertex 188.187 44.1548 0
    endloop
  endfacet
  facet normal 0.537914 0.843 -0
    outer loop
      vertex 189 43.2679 0
      vertex 188.853 43.3617 4
      vertex 189 43.2679 4
    endloop
  endfacet
  facet normal 0.537914 0.843 0
    outer loop
      vertex 188.853 43.3617 4
      vertex 189 43.2679 0
      vertex 188.853 43.3617 0
    endloop
  endfacet
  facet normal 0.126152 -0.992011 0
    outer loop
      vertex 189.653 106.97 0
      vertex 189.826 106.992 4
      vertex 189.653 106.97 4
    endloop
  endfacet
  facet normal 0.126152 -0.992011 0
    outer loop
      vertex 189.826 106.992 4
      vertex 189.653 106.97 0
      vertex 189.826 106.992 0
    endloop
  endfacet
  facet normal -0.463152 -0.886279 0
    outer loop
      vertex 190.845 106.813 0
      vertex 191 106.732 4
      vertex 190.845 106.813 4
    endloop
  endfacet
  facet normal -0.463152 -0.886279 -0
    outer loop
      vertex 191 106.732 4
      vertex 190.845 106.813 0
      vertex 191 106.732 0
    endloop
  endfacet
  facet normal 0.0459285 -0.998945 0
    outer loop
      vertex 189.826 106.992 0
      vertex 190 107 4
      vertex 189.826 106.992 4
    endloop
  endfacet
  facet normal 0.0459285 -0.998945 0
    outer loop
      vertex 190 107 4
      vertex 189.826 106.992 0
      vertex 190 107 0
    endloop
  endfacet
  facet normal -0.998945 -0.0459285 0
    outer loop
      vertex 192 105 0
      vertex 191.992 105.174 4
      vertex 191.992 105.174 0
    endloop
  endfacet
  facet normal -0.998945 -0.0459285 0
    outer loop
      vertex 191.992 105.174 4
      vertex 192 105 0
      vertex 192 105 4
    endloop
  endfacet
  facet normal -0.975998 0.21778 0
    outer loop
      vertex 191.932 44.4824 0
      vertex 191.97 44.6527 4
      vertex 191.97 44.6527 0
    endloop
  endfacet
  facet normal -0.975998 0.21778 0
    outer loop
      vertex 191.97 44.6527 4
      vertex 191.932 44.4824 0
      vertex 191.932 44.4824 4
    endloop
  endfacet
  facet normal -0.795169 -0.606388 0
    outer loop
      vertex 191.638 106.147 0
      vertex 191.532 106.286 4
      vertex 191.532 106.286 0
    endloop
  endfacet
  facet normal -0.795169 -0.606388 0
    outer loop
      vertex 191.532 106.286 4
      vertex 191.638 106.147 0
      vertex 191.638 106.147 4
    endloop
  endfacet
  facet normal 0.886033 0.463622 0
    outer loop
      vertex 188.268 44 4
      vertex 188.187 44.1548 0
      vertex 188.187 44.1548 4
    endloop
  endfacet
  facet normal 0.886033 0.463622 0
    outer loop
      vertex 188.187 44.1548 0
      vertex 188.268 44 4
      vertex 188.268 44 0
    endloop
  endfacet
  facet normal 0.992011 -0.126152 0
    outer loop
      vertex 188.008 105.174 4
      vertex 188.03 105.347 0
      vertex 188.03 105.347 4
    endloop
  endfacet
  facet normal 0.992011 -0.126152 0
    outer loop
      vertex 188.03 105.347 0
      vertex 188.008 105.174 4
      vertex 188.008 105.174 0
    endloop
  endfacet
  facet normal -0.677492 0.73553 0
    outer loop
      vertex 191.414 43.5858 0
      vertex 191.286 43.4679 4
      vertex 191.414 43.5858 4
    endloop
  endfacet
  facet normal -0.677492 0.73553 0
    outer loop
      vertex 191.286 43.4679 4
      vertex 191.414 43.5858 0
      vertex 191.286 43.4679 0
    endloop
  endfacet
  facet normal -0.607111 0.794617 0
    outer loop
      vertex 191.286 43.4679 0
      vertex 191.147 43.3617 4
      vertex 191.286 43.4679 4
    endloop
  endfacet
  facet normal -0.607111 0.794617 0
    outer loop
      vertex 191.147 43.3617 4
      vertex 191.286 43.4679 0
      vertex 191.147 43.3617 0
    endloop
  endfacet
  facet normal 0.795169 -0.606388 0
    outer loop
      vertex 188.362 106.147 4
      vertex 188.468 106.286 0
      vertex 188.468 106.286 4
    endloop
  endfacet
  facet normal 0.795169 -0.606388 0
    outer loop
      vertex 188.468 106.286 0
      vertex 188.362 106.147 4
      vertex 188.362 106.147 0
    endloop
  endfacet
  facet normal 0.992011 0.126152 0
    outer loop
      vertex 188.03 44.6527 4
      vertex 188.008 44.8257 0
      vertex 188.008 44.8257 4
    endloop
  endfacet
  facet normal 0.992011 0.126152 0
    outer loop
      vertex 188.008 44.8257 0
      vertex 188.03 44.6527 4
      vertex 188.03 44.6527 0
    endloop
  endfacet
  facet normal -0.998948 0.0458496 0
    outer loop
      vertex 191.992 44.8257 0
      vertex 192 45 4
      vertex 192 45 0
    endloop
  endfacet
  facet normal -0.998948 0.0458496 0
    outer loop
      vertex 192 45 4
      vertex 191.992 44.8257 0
      vertex 191.992 44.8257 4
    endloop
  endfacet
  facet normal 0.304151 -0.952624 0
    outer loop
      vertex 189.316 106.879 0
      vertex 189.482 106.932 4
      vertex 189.316 106.879 4
    endloop
  endfacet
  facet normal 0.304151 -0.952624 0
    outer loop
      vertex 189.482 106.932 4
      vertex 189.316 106.879 0
      vertex 189.482 106.932 0
    endloop
  endfacet
  facet normal -0.952835 0.303487 0
    outer loop
      vertex 191.879 44.316 0
      vertex 191.932 44.4824 4
      vertex 191.932 44.4824 0
    endloop
  endfacet
  facet normal -0.952835 0.303487 0
    outer loop
      vertex 191.932 44.4824 4
      vertex 191.879 44.316 0
      vertex 191.879 44.316 4
    endloop
  endfacet
  facet normal 0.998945 -0.0459285 0
    outer loop
      vertex 188 105 4
      vertex 188.008 105.174 0
      vertex 188.008 105.174 4
    endloop
  endfacet
  facet normal 0.998945 -0.0459285 0
    outer loop
      vertex 188.008 105.174 0
      vertex 188 105 4
      vertex 188 105 0
    endloop
  endfacet
  facet normal 0.84248 -0.538728 0
    outer loop
      vertex 188.268 106 4
      vertex 188.362 106.147 0
      vertex 188.362 106.147 4
    endloop
  endfacet
  facet normal 0.84248 -0.538728 0
    outer loop
      vertex 188.362 106.147 0
      vertex 188.268 106 4
      vertex 188.268 106 0
    endloop
  endfacet
  facet normal -0.304151 -0.952624 0
    outer loop
      vertex 190.518 106.932 0
      vertex 190.684 106.879 4
      vertex 190.518 106.932 4
    endloop
  endfacet
  facet normal -0.304151 -0.952624 -0
    outer loop
      vertex 190.684 106.879 4
      vertex 190.518 106.932 0
      vertex 190.684 106.879 0
    endloop
  endfacet
  facet normal 0.606388 -0.795169 0
    outer loop
      vertex 188.714 106.532 0
      vertex 188.853 106.638 4
      vertex 188.714 106.532 4
    endloop
  endfacet
  facet normal 0.606388 -0.795169 0
    outer loop
      vertex 188.853 106.638 4
      vertex 188.714 106.532 0
      vertex 188.853 106.638 0
    endloop
  endfacet
  facet normal -0.301544 0.953452 0
    outer loop
      vertex 190.684 43.1206 0
      vertex 190.518 43.0681 4
      vertex 190.684 43.1206 4
    endloop
  endfacet
  facet normal -0.301544 0.953452 0
    outer loop
      vertex 190.518 43.0681 4
      vertex 190.684 43.1206 0
      vertex 190.518 43.0681 0
    endloop
  endfacet
  facet normal 0.842812 0.538209 0
    outer loop
      vertex 188.362 43.8528 4
      vertex 188.268 44 0
      vertex 188.268 44 4
    endloop
  endfacet
  facet normal 0.842812 0.538209 0
    outer loop
      vertex 188.268 44 0
      vertex 188.362 43.8528 4
      vertex 188.362 43.8528 0
    endloop
  endfacet
  facet normal -0.538728 -0.84248 0
    outer loop
      vertex 191 106.732 0
      vertex 191.147 106.638 4
      vertex 191 106.732 4
    endloop
  endfacet
  facet normal -0.538728 -0.84248 -0
    outer loop
      vertex 191.147 106.638 4
      vertex 191 106.732 0
      vertex 191.147 106.638 0
    endloop
  endfacet
  facet normal 0.975998 0.21778 0
    outer loop
      vertex 188.068 44.4824 4
      vertex 188.03 44.6527 0
      vertex 188.03 44.6527 4
    endloop
  endfacet
  facet normal 0.975998 0.21778 0
    outer loop
      vertex 188.03 44.6527 0
      vertex 188.068 44.4824 4
      vertex 188.068 44.4824 0
    endloop
  endfacet
  facet normal 0.952835 0.303487 0
    outer loop
      vertex 188.121 44.316 4
      vertex 188.068 44.4824 0
      vertex 188.068 44.4824 4
    endloop
  endfacet
  facet normal 0.952835 0.303487 0
    outer loop
      vertex 188.068 44.4824 0
      vertex 188.121 44.316 4
      vertex 188.121 44.316 0
    endloop
  endfacet
  facet normal 0.538728 -0.84248 0
    outer loop
      vertex 188.853 106.638 0
      vertex 189 106.732 4
      vertex 188.853 106.638 4
    endloop
  endfacet
  facet normal 0.538728 -0.84248 0
    outer loop
      vertex 189 106.732 4
      vertex 188.853 106.638 0
      vertex 189 106.732 0
    endloop
  endfacet
  facet normal 0.976187 -0.21693 0
    outer loop
      vertex 188.03 105.347 4
      vertex 188.068 105.518 0
      vertex 188.068 105.518 4
    endloop
  endfacet
  facet normal 0.976187 -0.21693 0
    outer loop
      vertex 188.068 105.518 0
      vertex 188.03 105.347 4
      vertex 188.03 105.347 0
    endloop
  endfacet
  facet normal 0.925272 -0.379304 0
    outer loop
      vertex 188.121 105.684 4
      vertex 188.187 105.845 0
      vertex 188.187 105.845 4
    endloop
  endfacet
  facet normal 0.925272 -0.379304 0
    outer loop
      vertex 188.187 105.845 0
      vertex 188.121 105.684 4
      vertex 188.121 105.684 0
    endloop
  endfacet
  facet normal 0.463152 -0.886279 0
    outer loop
      vertex 189 106.732 0
      vertex 189.155 106.813 4
      vertex 189 106.732 4
    endloop
  endfacet
  facet normal 0.463152 -0.886279 0
    outer loop
      vertex 189.155 106.813 4
      vertex 189 106.732 0
      vertex 189.155 106.813 0
    endloop
  endfacet
  facet normal -0.793902 0.608046 0
    outer loop
      vertex 191.532 43.7144 0
      vertex 191.638 43.8528 4
      vertex 191.638 43.8528 0
    endloop
  endfacet
  facet normal -0.793902 0.608046 0
    outer loop
      vertex 191.638 43.8528 4
      vertex 191.532 43.7144 0
      vertex 191.532 43.7144 4
    endloop
  endfacet
  facet normal 0.886279 -0.463152 0
    outer loop
      vertex 188.187 105.845 4
      vertex 188.268 106 0
      vertex 188.268 106 4
    endloop
  endfacet
  facet normal 0.886279 -0.463152 0
    outer loop
      vertex 188.268 106 0
      vertex 188.187 105.845 4
      vertex 188.187 105.845 0
    endloop
  endfacet
  facet normal -0.0459285 -0.998945 0
    outer loop
      vertex 190 107 0
      vertex 190.174 106.992 4
      vertex 190 107 4
    endloop
  endfacet
  facet normal -0.0459285 -0.998945 -0
    outer loop
      vertex 190.174 106.992 4
      vertex 190 107 0
      vertex 190.174 106.992 0
    endloop
  endfacet
  facet normal -0.735244 -0.677803 0
    outer loop
      vertex 191.532 106.286 0
      vertex 191.414 106.414 4
      vertex 191.414 106.414 0
    endloop
  endfacet
  facet normal -0.735244 -0.677803 0
    outer loop
      vertex 191.414 106.414 4
      vertex 191.532 106.286 0
      vertex 191.532 106.286 4
    endloop
  endfacet
  facet normal -0.126152 -0.992011 0
    outer loop
      vertex 190.174 106.992 0
      vertex 190.347 106.97 4
      vertex 190.174 106.992 4
    endloop
  endfacet
  facet normal -0.126152 -0.992011 -0
    outer loop
      vertex 190.347 106.97 4
      vertex 190.174 106.992 0
      vertex 190.347 106.97 0
    endloop
  endfacet
  facet normal -0.925272 -0.379304 0
    outer loop
      vertex 191.879 105.684 0
      vertex 191.813 105.845 4
      vertex 191.813 105.845 0
    endloop
  endfacet
  facet normal -0.925272 -0.379304 0
    outer loop
      vertex 191.813 105.845 4
      vertex 191.879 105.684 0
      vertex 191.879 105.684 4
    endloop
  endfacet
  facet normal -0.379304 -0.925272 0
    outer loop
      vertex 190.684 106.879 0
      vertex 190.845 106.813 4
      vertex 190.684 106.879 4
    endloop
  endfacet
  facet normal -0.379304 -0.925272 -0
    outer loop
      vertex 190.845 106.813 4
      vertex 190.684 106.879 0
      vertex 190.845 106.813 0
    endloop
  endfacet
  facet normal -0.677803 -0.735244 0
    outer loop
      vertex 191.286 106.532 0
      vertex 191.414 106.414 4
      vertex 191.286 106.532 4
    endloop
  endfacet
  facet normal -0.677803 -0.735244 -0
    outer loop
      vertex 191.414 106.414 4
      vertex 191.286 106.532 0
      vertex 191.414 106.414 0
    endloop
  endfacet
  facet normal -0.38323 0.923653 0
    outer loop
      vertex 190.845 43.1874 0
      vertex 190.684 43.1206 4
      vertex 190.845 43.1874 4
    endloop
  endfacet
  facet normal -0.38323 0.923653 0
    outer loop
      vertex 190.684 43.1206 4
      vertex 190.845 43.1874 0
      vertex 190.684 43.1206 0
    endloop
  endfacet
  facet normal -0.952624 -0.304151 0
    outer loop
      vertex 191.932 105.518 0
      vertex 191.879 105.684 4
      vertex 191.879 105.684 0
    endloop
  endfacet
  facet normal -0.952624 -0.304151 0
    outer loop
      vertex 191.879 105.684 4
      vertex 191.932 105.518 0
      vertex 191.932 105.518 4
    endloop
  endfacet
  facet normal 0.379304 -0.925272 0
    outer loop
      vertex 189.155 106.813 0
      vertex 189.316 106.879 4
      vertex 189.155 106.813 4
    endloop
  endfacet
  facet normal 0.379304 -0.925272 0
    outer loop
      vertex 189.316 106.879 4
      vertex 189.155 106.813 0
      vertex 189.316 106.879 0
    endloop
  endfacet
  facet normal -0.992011 -0.126152 0
    outer loop
      vertex 191.992 105.174 0
      vertex 191.97 105.347 4
      vertex 191.97 105.347 0
    endloop
  endfacet
  facet normal -0.992011 -0.126152 0
    outer loop
      vertex 191.97 105.347 4
      vertex 191.992 105.174 0
      vertex 191.992 105.174 4
    endloop
  endfacet
  facet normal 0.735244 -0.677803 0
    outer loop
      vertex 188.468 106.286 4
      vertex 188.586 106.414 0
      vertex 188.586 106.414 4
    endloop
  endfacet
  facet normal 0.735244 -0.677803 0
    outer loop
      vertex 188.586 106.414 0
      vertex 188.468 106.286 4
      vertex 188.468 106.286 0
    endloop
  endfacet
  facet normal 0.677803 -0.735244 0
    outer loop
      vertex 188.586 106.414 0
      vertex 188.714 106.532 4
      vertex 188.586 106.414 4
    endloop
  endfacet
  facet normal 0.677803 -0.735244 0
    outer loop
      vertex 188.714 106.532 4
      vertex 188.586 106.414 0
      vertex 188.714 106.532 0
    endloop
  endfacet
  facet normal 0.677492 0.73553 -0
    outer loop
      vertex 188.714 43.4679 0
      vertex 188.586 43.5858 4
      vertex 188.714 43.4679 4
    endloop
  endfacet
  facet normal 0.677492 0.73553 0
    outer loop
      vertex 188.586 43.5858 4
      vertex 188.714 43.4679 0
      vertex 188.586 43.5858 0
    endloop
  endfacet
  facet normal -0.215298 0.976548 0
    outer loop
      vertex 190.518 43.0681 0
      vertex 190.347 43.0304 4
      vertex 190.518 43.0681 4
    endloop
  endfacet
  facet normal -0.215298 0.976548 0
    outer loop
      vertex 190.347 43.0304 4
      vertex 190.518 43.0681 0
      vertex 190.347 43.0304 0
    endloop
  endfacet
  facet normal -0.886279 -0.463152 0
    outer loop
      vertex 191.813 105.845 0
      vertex 191.732 106 4
      vertex 191.732 106 0
    endloop
  endfacet
  facet normal -0.886279 -0.463152 0
    outer loop
      vertex 191.732 106 4
      vertex 191.813 105.845 0
      vertex 191.813 105.845 4
    endloop
  endfacet
  facet normal -0.0436366 0.999047 0
    outer loop
      vertex 190.174 43.0076 0
      vertex 190 43 4
      vertex 190.174 43.0076 4
    endloop
  endfacet
  facet normal -0.0436366 0.999047 0
    outer loop
      vertex 190 43 4
      vertex 190.174 43.0076 0
      vertex 190 43 0
    endloop
  endfacet
  facet normal 0.736821 0.676088 0
    outer loop
      vertex 188.586 43.5858 4
      vertex 188.468 43.7144 0
      vertex 188.468 43.7144 4
    endloop
  endfacet
  facet normal 0.736821 0.676088 0
    outer loop
      vertex 188.468 43.7144 0
      vertex 188.586 43.5858 4
      vertex 188.586 43.5858 0
    endloop
  endfacet
  facet normal -0.21693 -0.976187 0
    outer loop
      vertex 190.347 106.97 0
      vertex 190.518 106.932 4
      vertex 190.347 106.97 4
    endloop
  endfacet
  facet normal -0.21693 -0.976187 -0
    outer loop
      vertex 190.518 106.932 4
      vertex 190.347 106.97 0
      vertex 190.518 106.932 0
    endloop
  endfacet
  facet normal -0.537914 0.843 0
    outer loop
      vertex 191.147 43.3617 0
      vertex 191 43.2679 4
      vertex 191.147 43.3617 4
    endloop
  endfacet
  facet normal -0.537914 0.843 0
    outer loop
      vertex 191 43.2679 4
      vertex 191.147 43.3617 0
      vertex 191 43.2679 0
    endloop
  endfacet
  facet normal -0.84248 -0.538728 0
    outer loop
      vertex 191.732 106 0
      vertex 191.638 106.147 4
      vertex 191.638 106.147 0
    endloop
  endfacet
  facet normal -0.84248 -0.538728 0
    outer loop
      vertex 191.638 106.147 4
      vertex 191.732 106 0
      vertex 191.732 106 4
    endloop
  endfacet
  facet normal 0.38323 0.923653 -0
    outer loop
      vertex 189.316 43.1206 0
      vertex 189.155 43.1874 4
      vertex 189.316 43.1206 4
    endloop
  endfacet
  facet normal 0.38323 0.923653 0
    outer loop
      vertex 189.155 43.1874 4
      vertex 189.316 43.1206 0
      vertex 189.155 43.1874 0
    endloop
  endfacet
  facet normal 0.215298 0.976548 -0
    outer loop
      vertex 189.653 43.0304 0
      vertex 189.482 43.0681 4
      vertex 189.653 43.0304 4
    endloop
  endfacet
  facet normal 0.215298 0.976548 0
    outer loop
      vertex 189.482 43.0681 4
      vertex 189.653 43.0304 0
      vertex 189.482 43.0681 0
    endloop
  endfacet
  facet normal 0.460902 0.887451 -0
    outer loop
      vertex 189.155 43.1874 0
      vertex 189 43.2679 4
      vertex 189.155 43.1874 4
    endloop
  endfacet
  facet normal 0.460902 0.887451 0
    outer loop
      vertex 189 43.2679 4
      vertex 189.155 43.1874 0
      vertex 189 43.2679 0
    endloop
  endfacet
  facet normal 0.0436366 0.999047 -0
    outer loop
      vertex 190 43 0
      vertex 189.826 43.0076 4
      vertex 190 43 4
    endloop
  endfacet
  facet normal 0.0436366 0.999047 0
    outer loop
      vertex 189.826 43.0076 4
      vertex 190 43 0
      vertex 189.826 43.0076 0
    endloop
  endfacet
  facet normal 0.301544 0.953452 -0
    outer loop
      vertex 189.482 43.0681 0
      vertex 189.316 43.1206 4
      vertex 189.482 43.0681 4
    endloop
  endfacet
  facet normal 0.301544 0.953452 0
    outer loop
      vertex 189.316 43.1206 4
      vertex 189.482 43.0681 0
      vertex 189.316 43.1206 0
    endloop
  endfacet
  facet normal -0.606388 -0.795169 0
    outer loop
      vertex 191.147 106.638 0
      vertex 191.286 106.532 4
      vertex 191.147 106.638 4
    endloop
  endfacet
  facet normal -0.606388 -0.795169 -0
    outer loop
      vertex 191.286 106.532 4
      vertex 191.147 106.638 0
      vertex 191.286 106.532 0
    endloop
  endfacet
  facet normal -0.736821 0.676088 0
    outer loop
      vertex 191.414 43.5858 0
      vertex 191.532 43.7144 4
      vertex 191.532 43.7144 0
    endloop
  endfacet
  facet normal -0.736821 0.676088 0
    outer loop
      vertex 191.532 43.7144 4
      vertex 191.414 43.5858 0
      vertex 191.414 43.5858 4
    endloop
  endfacet
  facet normal -0.842812 0.538209 0
    outer loop
      vertex 191.638 43.8528 0
      vertex 191.732 44 4
      vertex 191.732 44 0
    endloop
  endfacet
  facet normal -0.842812 0.538209 0
    outer loop
      vertex 191.732 44 4
      vertex 191.638 43.8528 0
      vertex 191.638 43.8528 4
    endloop
  endfacet
  facet normal 0.607111 0.794617 -0
    outer loop
      vertex 188.853 43.3617 0
      vertex 188.714 43.4679 4
      vertex 188.853 43.3617 4
    endloop
  endfacet
  facet normal 0.607111 0.794617 0
    outer loop
      vertex 188.714 43.4679 4
      vertex 188.853 43.3617 0
      vertex 188.714 43.4679 0
    endloop
  endfacet
  facet normal -0.460902 0.887451 0
    outer loop
      vertex 191 43.2679 0
      vertex 190.845 43.1874 4
      vertex 191 43.2679 4
    endloop
  endfacet
  facet normal -0.460902 0.887451 0
    outer loop
      vertex 190.845 43.1874 4
      vertex 191 43.2679 0
      vertex 190.845 43.1874 0
    endloop
  endfacet
  facet normal -0.886033 0.463622 0
    outer loop
      vertex 191.732 44 0
      vertex 191.813 44.1548 4
      vertex 191.813 44.1548 0
    endloop
  endfacet
  facet normal -0.886033 0.463622 0
    outer loop
      vertex 191.813 44.1548 4
      vertex 191.732 44 0
      vertex 191.732 44 4
    endloop
  endfacet
  facet normal -0.925437 0.378901 0
    outer loop
      vertex 191.813 44.1548 0
      vertex 191.879 44.316 4
      vertex 191.879 44.316 0
    endloop
  endfacet
  facet normal -0.925437 0.378901 0
    outer loop
      vertex 191.879 44.316 4
      vertex 191.813 44.1548 0
      vertex 191.813 44.1548 4
    endloop
  endfacet
  facet normal -0.992011 0.126152 0
    outer loop
      vertex 207.97 44.6527 0
      vertex 207.992 44.8257 4
      vertex 207.992 44.8257 0
    endloop
  endfacet
  facet normal -0.992011 0.126152 0
    outer loop
      vertex 207.992 44.8257 4
      vertex 207.97 44.6527 0
      vertex 207.97 44.6527 4
    endloop
  endfacet
  facet normal 0.21693 -0.976187 0
    outer loop
      vertex 205.482 106.932 0
      vertex 205.653 106.97 4
      vertex 205.482 106.932 4
    endloop
  endfacet
  facet normal 0.21693 -0.976187 0
    outer loop
      vertex 205.653 106.97 4
      vertex 205.482 106.932 0
      vertex 205.653 106.97 0
    endloop
  endfacet
  facet normal 1 -0 0
    outer loop
      vertex 204 45 4
      vertex 204 105 0
      vertex 204 105 4
    endloop
  endfacet
  facet normal 1 0 0
    outer loop
      vertex 204 105 0
      vertex 204 45 4
      vertex 204 45 0
    endloop
  endfacet
  facet normal 0.793902 0.608046 0
    outer loop
      vertex 204.468 43.7144 4
      vertex 204.362 43.8528 0
      vertex 204.362 43.8528 4
    endloop
  endfacet
  facet normal 0.793902 0.608046 0
    outer loop
      vertex 204.362 43.8528 0
      vertex 204.468 43.7144 4
      vertex 204.468 43.7144 0
    endloop
  endfacet
  facet normal -0.130662 0.991427 0
    outer loop
      vertex 206.347 43.0304 0
      vertex 206.174 43.0076 4
      vertex 206.347 43.0304 4
    endloop
  endfacet
  facet normal -0.130662 0.991427 0
    outer loop
      vertex 206.174 43.0076 4
      vertex 206.347 43.0304 0
      vertex 206.174 43.0076 0
    endloop
  endfacet
  facet normal 0.998948 0.0458496 0
    outer loop
      vertex 204.008 44.8257 4
      vertex 204 45 0
      vertex 204 45 4
    endloop
  endfacet
  facet normal 0.998948 0.0458496 0
    outer loop
      vertex 204 45 0
      vertex 204.008 44.8257 4
      vertex 204.008 44.8257 0
    endloop
  endfacet
  facet normal -1 0 0
    outer loop
      vertex 208 45 0
      vertex 208 105 4
      vertex 208 105 0
    endloop
  endfacet
  facet normal -1 -0 0
    outer loop
      vertex 208 105 4
      vertex 208 45 0
      vertex 208 45 4
    endloop
  endfacet
  facet normal 0.952624 -0.304151 0
    outer loop
      vertex 204.068 105.518 4
      vertex 204.121 105.684 0
      vertex 204.121 105.684 4
    endloop
  endfacet
  facet normal 0.952624 -0.304151 0
    outer loop
      vertex 204.121 105.684 0
      vertex 204.068 105.518 4
      vertex 204.068 105.518 0
    endloop
  endfacet
  facet normal -0.976187 -0.21693 0
    outer loop
      vertex 207.97 105.347 0
      vertex 207.932 105.518 4
      vertex 207.932 105.518 0
    endloop
  endfacet
  facet normal -0.976187 -0.21693 0
    outer loop
      vertex 207.932 105.518 4
      vertex 207.97 105.347 0
      vertex 207.97 105.347 4
    endloop
  endfacet
  facet normal 0.130662 0.991427 -0
    outer loop
      vertex 205.826 43.0076 0
      vertex 205.653 43.0304 4
      vertex 205.826 43.0076 4
    endloop
  endfacet
  facet normal 0.130662 0.991427 0
    outer loop
      vertex 205.653 43.0304 4
      vertex 205.826 43.0076 0
      vertex 205.653 43.0304 0
    endloop
  endfacet
  facet normal 0.925437 0.378901 0
    outer loop
      vertex 204.187 44.1548 4
      vertex 204.121 44.316 0
      vertex 204.121 44.316 4
    endloop
  endfacet
  facet normal 0.925437 0.378901 0
    outer loop
      vertex 204.121 44.316 0
      vertex 204.187 44.1548 4
      vertex 204.187 44.1548 0
    endloop
  endfacet
  facet normal 0.537914 0.843 -0
    outer loop
      vertex 205 43.2679 0
      vertex 204.853 43.3617 4
      vertex 205 43.2679 4
    endloop
  endfacet
  facet normal 0.537914 0.843 0
    outer loop
      vertex 204.853 43.3617 4
      vertex 205 43.2679 0
      vertex 204.853 43.3617 0
    endloop
  endfacet
  facet normal 0.126152 -0.992011 0
    outer loop
      vertex 205.653 106.97 0
      vertex 205.826 106.992 4
      vertex 205.653 106.97 4
    endloop
  endfacet
  facet normal 0.126152 -0.992011 0
    outer loop
      vertex 205.826 106.992 4
      vertex 205.653 106.97 0
      vertex 205.826 106.992 0
    endloop
  endfacet
  facet normal -0.463152 -0.886279 0
    outer loop
      vertex 206.845 106.813 0
      vertex 207 106.732 4
      vertex 206.845 106.813 4
    endloop
  endfacet
  facet normal -0.463152 -0.886279 -0
    outer loop
      vertex 207 106.732 4
      vertex 206.845 106.813 0
      vertex 207 106.732 0
    endloop
  endfacet
  facet normal 0.0459285 -0.998945 0
    outer loop
      vertex 205.826 106.992 0
      vertex 206 107 4
      vertex 205.826 106.992 4
    endloop
  endfacet
  facet normal 0.0459285 -0.998945 0
    outer loop
      vertex 206 107 4
      vertex 205.826 106.992 0
      vertex 206 107 0
    endloop
  endfacet
  facet normal -0.998945 -0.0459285 0
    outer loop
      vertex 208 105 0
      vertex 207.992 105.174 4
      vertex 207.992 105.174 0
    endloop
  endfacet
  facet normal -0.998945 -0.0459285 0
    outer loop
      vertex 207.992 105.174 4
      vertex 208 105 0
      vertex 208 105 4
    endloop
  endfacet
  facet normal -0.975998 0.21778 0
    outer loop
      vertex 207.932 44.4824 0
      vertex 207.97 44.6527 4
      vertex 207.97 44.6527 0
    endloop
  endfacet
  facet normal -0.975998 0.21778 0
    outer loop
      vertex 207.97 44.6527 4
      vertex 207.932 44.4824 0
      vertex 207.932 44.4824 4
    endloop
  endfacet
  facet normal -0.795169 -0.606388 0
    outer loop
      vertex 207.638 106.147 0
      vertex 207.532 106.286 4
      vertex 207.532 106.286 0
    endloop
  endfacet
  facet normal -0.795169 -0.606388 0
    outer loop
      vertex 207.532 106.286 4
      vertex 207.638 106.147 0
      vertex 207.638 106.147 4
    endloop
  endfacet
  facet normal 0.886033 0.463622 0
    outer loop
      vertex 204.268 44 4
      vertex 204.187 44.1548 0
      vertex 204.187 44.1548 4
    endloop
  endfacet
  facet normal 0.886033 0.463622 0
    outer loop
      vertex 204.187 44.1548 0
      vertex 204.268 44 4
      vertex 204.268 44 0
    endloop
  endfacet
  facet normal 0.992011 -0.126152 0
    outer loop
      vertex 204.008 105.174 4
      vertex 204.03 105.347 0
      vertex 204.03 105.347 4
    endloop
  endfacet
  facet normal 0.992011 -0.126152 0
    outer loop
      vertex 204.03 105.347 0
      vertex 204.008 105.174 4
      vertex 204.008 105.174 0
    endloop
  endfacet
  facet normal -0.677492 0.73553 0
    outer loop
      vertex 207.414 43.5858 0
      vertex 207.286 43.4679 4
      vertex 207.414 43.5858 4
    endloop
  endfacet
  facet normal -0.677492 0.73553 0
    outer loop
      vertex 207.286 43.4679 4
      vertex 207.414 43.5858 0
      vertex 207.286 43.4679 0
    endloop
  endfacet
  facet normal -0.607111 0.794617 0
    outer loop
      vertex 207.286 43.4679 0
      vertex 207.147 43.3617 4
      vertex 207.286 43.4679 4
    endloop
  endfacet
  facet normal -0.607111 0.794617 0
    outer loop
      vertex 207.147 43.3617 4
      vertex 207.286 43.4679 0
      vertex 207.147 43.3617 0
    endloop
  endfacet
  facet normal 0.795169 -0.606388 0
    outer loop
      vertex 204.362 106.147 4
      vertex 204.468 106.286 0
      vertex 204.468 106.286 4
    endloop
  endfacet
  facet normal 0.795169 -0.606388 0
    outer loop
      vertex 204.468 106.286 0
      vertex 204.362 106.147 4
      vertex 204.362 106.147 0
    endloop
  endfacet
  facet normal 0.992011 0.126152 0
    outer loop
      vertex 204.03 44.6527 4
      vertex 204.008 44.8257 0
      vertex 204.008 44.8257 4
    endloop
  endfacet
  facet normal 0.992011 0.126152 0
    outer loop
      vertex 204.008 44.8257 0
      vertex 204.03 44.6527 4
      vertex 204.03 44.6527 0
    endloop
  endfacet
  facet normal -0.998948 0.0458496 0
    outer loop
      vertex 207.992 44.8257 0
      vertex 208 45 4
      vertex 208 45 0
    endloop
  endfacet
  facet normal -0.998948 0.0458496 0
    outer loop
      vertex 208 45 4
      vertex 207.992 44.8257 0
      vertex 207.992 44.8257 4
    endloop
  endfacet
  facet normal 0.304151 -0.952624 0
    outer loop
      vertex 205.316 106.879 0
      vertex 205.482 106.932 4
      vertex 205.316 106.879 4
    endloop
  endfacet
  facet normal 0.304151 -0.952624 0
    outer loop
      vertex 205.482 106.932 4
      vertex 205.316 106.879 0
      vertex 205.482 106.932 0
    endloop
  endfacet
  facet normal -0.952835 0.303487 0
    outer loop
      vertex 207.879 44.316 0
      vertex 207.932 44.4824 4
      vertex 207.932 44.4824 0
    endloop
  endfacet
  facet normal -0.952835 0.303487 0
    outer loop
      vertex 207.932 44.4824 4
      vertex 207.879 44.316 0
      vertex 207.879 44.316 4
    endloop
  endfacet
  facet normal 0.998945 -0.0459285 0
    outer loop
      vertex 204 105 4
      vertex 204.008 105.174 0
      vertex 204.008 105.174 4
    endloop
  endfacet
  facet normal 0.998945 -0.0459285 0
    outer loop
      vertex 204.008 105.174 0
      vertex 204 105 4
      vertex 204 105 0
    endloop
  endfacet
  facet normal 0.84248 -0.538728 0
    outer loop
      vertex 204.268 106 4
      vertex 204.362 106.147 0
      vertex 204.362 106.147 4
    endloop
  endfacet
  facet normal 0.84248 -0.538728 0
    outer loop
      vertex 204.362 106.147 0
      vertex 204.268 106 4
      vertex 204.268 106 0
    endloop
  endfacet
  facet normal -0.304151 -0.952624 0
    outer loop
      vertex 206.518 106.932 0
      vertex 206.684 106.879 4
      vertex 206.518 106.932 4
    endloop
  endfacet
  facet normal -0.304151 -0.952624 -0
    outer loop
      vertex 206.684 106.879 4
      vertex 206.518 106.932 0
      vertex 206.684 106.879 0
    endloop
  endfacet
  facet normal 0.606388 -0.795169 0
    outer loop
      vertex 204.714 106.532 0
      vertex 204.853 106.638 4
      vertex 204.714 106.532 4
    endloop
  endfacet
  facet normal 0.606388 -0.795169 0
    outer loop
      vertex 204.853 106.638 4
      vertex 204.714 106.532 0
      vertex 204.853 106.638 0
    endloop
  endfacet
  facet normal -0.301544 0.953452 0
    outer loop
      vertex 206.684 43.1206 0
      vertex 206.518 43.0681 4
      vertex 206.684 43.1206 4
    endloop
  endfacet
  facet normal -0.301544 0.953452 0
    outer loop
      vertex 206.518 43.0681 4
      vertex 206.684 43.1206 0
      vertex 206.518 43.0681 0
    endloop
  endfacet
  facet normal 0.842812 0.538209 0
    outer loop
      vertex 204.362 43.8528 4
      vertex 204.268 44 0
      vertex 204.268 44 4
    endloop
  endfacet
  facet normal 0.842812 0.538209 0
    outer loop
      vertex 204.268 44 0
      vertex 204.362 43.8528 4
      vertex 204.362 43.8528 0
    endloop
  endfacet
  facet normal -0.538728 -0.84248 0
    outer loop
      vertex 207 106.732 0
      vertex 207.147 106.638 4
      vertex 207 106.732 4
    endloop
  endfacet
  facet normal -0.538728 -0.84248 -0
    outer loop
      vertex 207.147 106.638 4
      vertex 207 106.732 0
      vertex 207.147 106.638 0
    endloop
  endfacet
  facet normal 0.975998 0.21778 0
    outer loop
      vertex 204.068 44.4824 4
      vertex 204.03 44.6527 0
      vertex 204.03 44.6527 4
    endloop
  endfacet
  facet normal 0.975998 0.21778 0
    outer loop
      vertex 204.03 44.6527 0
      vertex 204.068 44.4824 4
      vertex 204.068 44.4824 0
    endloop
  endfacet
  facet normal 0.952835 0.303487 0
    outer loop
      vertex 204.121 44.316 4
      vertex 204.068 44.4824 0
      vertex 204.068 44.4824 4
    endloop
  endfacet
  facet normal 0.952835 0.303487 0
    outer loop
      vertex 204.068 44.4824 0
      vertex 204.121 44.316 4
      vertex 204.121 44.316 0
    endloop
  endfacet
  facet normal 0.538728 -0.84248 0
    outer loop
      vertex 204.853 106.638 0
      vertex 205 106.732 4
      vertex 204.853 106.638 4
    endloop
  endfacet
  facet normal 0.538728 -0.84248 0
    outer loop
      vertex 205 106.732 4
      vertex 204.853 106.638 0
      vertex 205 106.732 0
    endloop
  endfacet
  facet normal 0.976187 -0.21693 0
    outer loop
      vertex 204.03 105.347 4
      vertex 204.068 105.518 0
      vertex 204.068 105.518 4
    endloop
  endfacet
  facet normal 0.976187 -0.21693 0
    outer loop
      vertex 204.068 105.518 0
      vertex 204.03 105.347 4
      vertex 204.03 105.347 0
    endloop
  endfacet
  facet normal 0.463152 -0.886279 0
    outer loop
      vertex 205 106.732 0
      vertex 205.155 106.813 4
      vertex 205 106.732 4
    endloop
  endfacet
  facet normal 0.463152 -0.886279 0
    outer loop
      vertex 205.155 106.813 4
      vertex 205 106.732 0
      vertex 205.155 106.813 0
    endloop
  endfacet
  facet normal -0.793902 0.608046 0
    outer loop
      vertex 207.532 43.7144 0
      vertex 207.638 43.8528 4
      vertex 207.638 43.8528 0
    endloop
  endfacet
  facet normal -0.793902 0.608046 0
    outer loop
      vertex 207.638 43.8528 4
      vertex 207.532 43.7144 0
      vertex 207.532 43.7144 4
    endloop
  endfacet
  facet normal -0.215298 0.976548 0
    outer loop
      vertex 206.518 43.0681 0
      vertex 206.347 43.0304 4
      vertex 206.518 43.0681 4
    endloop
  endfacet
  facet normal -0.215298 0.976548 0
    outer loop
      vertex 206.347 43.0304 4
      vertex 206.518 43.0681 0
      vertex 206.347 43.0304 0
    endloop
  endfacet
  facet normal 0.886279 -0.463152 0
    outer loop
      vertex 204.187 105.845 4
      vertex 204.268 106 0
      vertex 204.268 106 4
    endloop
  endfacet
  facet normal 0.886279 -0.463152 0
    outer loop
      vertex 204.268 106 0
      vertex 204.187 105.845 4
      vertex 204.187 105.845 0
    endloop
  endfacet
  facet normal -0.0459285 -0.998945 0
    outer loop
      vertex 206 107 0
      vertex 206.174 106.992 4
      vertex 206 107 4
    endloop
  endfacet
  facet normal -0.0459285 -0.998945 -0
    outer loop
      vertex 206.174 106.992 4
      vertex 206 107 0
      vertex 206.174 106.992 0
    endloop
  endfacet
  facet normal -0.735244 -0.677803 0
    outer loop
      vertex 207.532 106.286 0
      vertex 207.414 106.414 4
      vertex 207.414 106.414 0
    endloop
  endfacet
  facet normal -0.735244 -0.677803 0
    outer loop
      vertex 207.414 106.414 4
      vertex 207.532 106.286 0
      vertex 207.532 106.286 4
    endloop
  endfacet
  facet normal -0.126152 -0.992011 0
    outer loop
      vertex 206.174 106.992 0
      vertex 206.347 106.97 4
      vertex 206.174 106.992 4
    endloop
  endfacet
  facet normal -0.126152 -0.992011 -0
    outer loop
      vertex 206.347 106.97 4
      vertex 206.174 106.992 0
      vertex 206.347 106.97 0
    endloop
  endfacet
  facet normal -0.925272 -0.379304 0
    outer loop
      vertex 207.879 105.684 0
      vertex 207.813 105.845 4
      vertex 207.813 105.845 0
    endloop
  endfacet
  facet normal -0.925272 -0.379304 0
    outer loop
      vertex 207.813 105.845 4
      vertex 207.879 105.684 0
      vertex 207.879 105.684 4
    endloop
  endfacet
  facet normal -0.677803 -0.735244 0
    outer loop
      vertex 207.286 106.532 0
      vertex 207.414 106.414 4
      vertex 207.286 106.532 4
    endloop
  endfacet
  facet normal -0.677803 -0.735244 -0
    outer loop
      vertex 207.414 106.414 4
      vertex 207.286 106.532 0
      vertex 207.414 106.414 0
    endloop
  endfacet
  facet normal -0.38323 0.923653 0
    outer loop
      vertex 206.845 43.1874 0
      vertex 206.684 43.1206 4
      vertex 206.845 43.1874 4
    endloop
  endfacet
  facet normal -0.38323 0.923653 0
    outer loop
      vertex 206.684 43.1206 4
      vertex 206.845 43.1874 0
      vertex 206.684 43.1206 0
    endloop
  endfacet
  facet normal -0.952624 -0.304151 0
    outer loop
      vertex 207.932 105.518 0
      vertex 207.879 105.684 4
      vertex 207.879 105.684 0
    endloop
  endfacet
  facet normal -0.952624 -0.304151 0
    outer loop
      vertex 207.879 105.684 4
      vertex 207.932 105.518 0
      vertex 207.932 105.518 4
    endloop
  endfacet
  facet normal 0.379304 -0.925272 0
    outer loop
      vertex 205.155 106.813 0
      vertex 205.316 106.879 4
      vertex 205.155 106.813 4
    endloop
  endfacet
  facet normal 0.379304 -0.925272 0
    outer loop
      vertex 205.316 106.879 4
      vertex 205.155 106.813 0
      vertex 205.316 106.879 0
    endloop
  endfacet
  facet normal -0.992011 -0.126152 0
    outer loop
      vertex 207.992 105.174 0
      vertex 207.97 105.347 4
      vertex 207.97 105.347 0
    endloop
  endfacet
  facet normal -0.992011 -0.126152 0
    outer loop
      vertex 207.97 105.347 4
      vertex 207.992 105.174 0
      vertex 207.992 105.174 4
    endloop
  endfacet
  facet normal 0.735244 -0.677803 0
    outer loop
      vertex 204.468 106.286 4
      vertex 204.586 106.414 0
      vertex 204.586 106.414 4
    endloop
  endfacet
  facet normal 0.735244 -0.677803 0
    outer loop
      vertex 204.586 106.414 0
      vertex 204.468 106.286 4
      vertex 204.468 106.286 0
    endloop
  endfacet
  facet normal 0.677803 -0.735244 0
    outer loop
      vertex 204.586 106.414 0
      vertex 204.714 106.532 4
      vertex 204.586 106.414 4
    endloop
  endfacet
  facet normal 0.677803 -0.735244 0
    outer loop
      vertex 204.714 106.532 4
      vertex 204.586 106.414 0
      vertex 204.714 106.532 0
    endloop
  endfacet
  facet normal 0.677492 0.73553 -0
    outer loop
      vertex 204.714 43.4679 0
      vertex 204.586 43.5858 4
      vertex 204.714 43.4679 4
    endloop
  endfacet
  facet normal 0.677492 0.73553 0
    outer loop
      vertex 204.586 43.5858 4
      vertex 204.714 43.4679 0
      vertex 204.586 43.5858 0
    endloop
  endfacet
  facet normal -0.379304 -0.925272 0
    outer loop
      vertex 206.684 106.879 0
      vertex 206.845 106.813 4
      vertex 206.684 106.879 4
    endloop
  endfacet
  facet normal -0.379304 -0.925272 -0
    outer loop
      vertex 206.845 106.813 4
      vertex 206.684 106.879 0
      vertex 206.845 106.813 0
    endloop
  endfacet
  facet normal -0.886279 -0.463152 0
    outer loop
      vertex 207.813 105.845 0
      vertex 207.732 106 4
      vertex 207.732 106 0
    endloop
  endfacet
  facet normal -0.886279 -0.463152 0
    outer loop
      vertex 207.732 106 4
      vertex 207.813 105.845 0
      vertex 207.813 105.845 4
    endloop
  endfacet
  facet normal -0.0436366 0.999047 0
    outer loop
      vertex 206.174 43.0076 0
      vertex 206 43 4
      vertex 206.174 43.0076 4
    endloop
  endfacet
  facet normal -0.0436366 0.999047 0
    outer loop
      vertex 206 43 4
      vertex 206.174 43.0076 0
      vertex 206 43 0
    endloop
  endfacet
  facet normal 0.925272 -0.379304 0
    outer loop
      vertex 204.121 105.684 4
      vertex 204.187 105.845 0
      vertex 204.187 105.845 4
    endloop
  endfacet
  facet normal 0.925272 -0.379304 0
    outer loop
      vertex 204.187 105.845 0
      vertex 204.121 105.684 4
      vertex 204.121 105.684 0
    endloop
  endfacet
  facet normal 0.736821 0.676088 0
    outer loop
      vertex 204.586 43.5858 4
      vertex 204.468 43.7144 0
      vertex 204.468 43.7144 4
    endloop
  endfacet
  facet normal 0.736821 0.676088 0
    outer loop
      vertex 204.468 43.7144 0
      vertex 204.586 43.5858 4
      vertex 204.586 43.5858 0
    endloop
  endfacet
  facet normal -0.21693 -0.976187 0
    outer loop
      vertex 206.347 106.97 0
      vertex 206.518 106.932 4
      vertex 206.347 106.97 4
    endloop
  endfacet
  facet normal -0.21693 -0.976187 -0
    outer loop
      vertex 206.518 106.932 4
      vertex 206.347 106.97 0
      vertex 206.518 106.932 0
    endloop
  endfacet
  facet normal -0.537914 0.843 0
    outer loop
      vertex 207.147 43.3617 0
      vertex 207 43.2679 4
      vertex 207.147 43.3617 4
    endloop
  endfacet
  facet normal -0.537914 0.843 0
    outer loop
      vertex 207 43.2679 4
      vertex 207.147 43.3617 0
      vertex 207 43.2679 0
    endloop
  endfacet
  facet normal -0.84248 -0.538728 0
    outer loop
      vertex 207.732 106 0
      vertex 207.638 106.147 4
      vertex 207.638 106.147 0
    endloop
  endfacet
  facet normal -0.84248 -0.538728 0
    outer loop
      vertex 207.638 106.147 4
      vertex 207.732 106 0
      vertex 207.732 106 4
    endloop
  endfacet
  facet normal 0.38323 0.923653 -0
    outer loop
      vertex 205.316 43.1206 0
      vertex 205.155 43.1874 4
      vertex 205.316 43.1206 4
    endloop
  endfacet
  facet normal 0.38323 0.923653 0
    outer loop
      vertex 205.155 43.1874 4
      vertex 205.316 43.1206 0
      vertex 205.155 43.1874 0
    endloop
  endfacet
  facet normal 0.215298 0.976548 -0
    outer loop
      vertex 205.653 43.0304 0
      vertex 205.482 43.0681 4
      vertex 205.653 43.0304 4
    endloop
  endfacet
  facet normal 0.215298 0.976548 0
    outer loop
      vertex 205.482 43.0681 4
      vertex 205.653 43.0304 0
      vertex 205.482 43.0681 0
    endloop
  endfacet
  facet normal 0.460902 0.887451 -0
    outer loop
      vertex 205.155 43.1874 0
      vertex 205 43.2679 4
      vertex 205.155 43.1874 4
    endloop
  endfacet
  facet normal 0.460902 0.887451 0
    outer loop
      vertex 205 43.2679 4
      vertex 205.155 43.1874 0
      vertex 205 43.2679 0
    endloop
  endfacet
  facet normal 0.0436366 0.999047 -0
    outer loop
      vertex 206 43 0
      vertex 205.826 43.0076 4
      vertex 206 43 4
    endloop
  endfacet
  facet normal 0.0436366 0.999047 0
    outer loop
      vertex 205.826 43.0076 4
      vertex 206 43 0
      vertex 205.826 43.0076 0
    endloop
  endfacet
  facet normal 0.301544 0.953452 -0
    outer loop
      vertex 205.482 43.0681 0
      vertex 205.316 43.1206 4
      vertex 205.482 43.0681 4
    endloop
  endfacet
  facet normal 0.301544 0.953452 0
    outer loop
      vertex 205.316 43.1206 4
      vertex 205.482 43.0681 0
      vertex 205.316 43.1206 0
    endloop
  endfacet
  facet normal -0.606388 -0.795169 0
    outer loop
      vertex 207.147 106.638 0
      vertex 207.286 106.532 4
      vertex 207.147 106.638 4
    endloop
  endfacet
  facet normal -0.606388 -0.795169 -0
    outer loop
      vertex 207.286 106.532 4
      vertex 207.147 106.638 0
      vertex 207.286 106.532 0
    endloop
  endfacet
  facet normal -0.736821 0.676088 0
    outer loop
      vertex 207.414 43.5858 0
      vertex 207.532 43.7144 4
      vertex 207.532 43.7144 0
    endloop
  endfacet
  facet normal -0.736821 0.676088 0
    outer loop
      vertex 207.532 43.7144 4
      vertex 207.414 43.5858 0
      vertex 207.414 43.5858 4
    endloop
  endfacet
  facet normal -0.842812 0.538209 0
    outer loop
      vertex 207.638 43.8528 0
      vertex 207.732 44 4
      vertex 207.732 44 0
    endloop
  endfacet
  facet normal -0.842812 0.538209 0
    outer loop
      vertex 207.732 44 4
      vertex 207.638 43.8528 0
      vertex 207.638 43.8528 4
    endloop
  endfacet
  facet normal 0.607111 0.794617 -0
    outer loop
      vertex 204.853 43.3617 0
      vertex 204.714 43.4679 4
      vertex 204.853 43.3617 4
    endloop
  endfacet
  facet normal 0.607111 0.794617 0
    outer loop
      vertex 204.714 43.4679 4
      vertex 204.853 43.3617 0
      vertex 204.714 43.4679 0
    endloop
  endfacet
  facet normal -0.460902 0.887451 0
    outer loop
      vertex 207 43.2679 0
      vertex 206.845 43.1874 4
      vertex 207 43.2679 4
    endloop
  endfacet
  facet normal -0.460902 0.887451 0
    outer loop
      vertex 206.845 43.1874 4
      vertex 207 43.2679 0
      vertex 206.845 43.1874 0
    endloop
  endfacet
  facet normal -0.886033 0.463622 0
    outer loop
      vertex 207.732 44 0
      vertex 207.813 44.1548 4
      vertex 207.813 44.1548 0
    endloop
  endfacet
  facet normal -0.886033 0.463622 0
    outer loop
      vertex 207.813 44.1548 4
      vertex 207.732 44 0
      vertex 207.732 44 4
    endloop
  endfacet
  facet normal -0.925437 0.378901 0
    outer loop
      vertex 207.813 44.1548 0
      vertex 207.879 44.316 4
      vertex 207.879 44.316 0
    endloop
  endfacet
  facet normal -0.925437 0.378901 0
    outer loop
      vertex 207.879 44.316 4
      vertex 207.813 44.1548 0
      vertex 207.813 44.1548 4
    endloop
  endfacet
  facet normal -1 0 0
    outer loop
      vertex 180 12 0
      vertex 180 28 4
      vertex 180 28 0
    endloop
  endfacet
  facet normal -1 -0 0
    outer loop
      vertex 180 28 4
      vertex 180 12 0
      vertex 180 12 4
    endloop
  endfacet
  facet normal 1 -0 0
    outer loop
      vertex 120 12 4
      vertex 120 28 0
      vertex 120 28 4
    endloop
  endfacet
  facet normal 1 0 0
    outer loop
      vertex 120 28 0
      vertex 120 12 4
      vertex 120 12 0
    endloop
  endfacet
  facet normal 0 -1 0
    outer loop
      vertex 120 28 0
      vertex 180 28 4
      vertex 120 28 4
    endloop
  endfacet
  facet normal 0 -1 -0
    outer loop
      vertex 180 28 4
      vertex 120 28 0
      vertex 180 28 0
    endloop
  endfacet
  facet normal 0 1 -0
    outer loop
      vertex 180 12 0
      vertex 120 12 4
      vertex 180 12 4
    endloop
  endfacet
  facet normal 0 1 0
    outer loop
      vertex 120 12 4
      vertex 180 12 0
      vertex 120 12 0
    endloop
  endfacet
  facet normal 1 0 0
    outer loop
      vertex 215.7 150 4
      vertex 215.7 145.7 0
      vertex 215.7 150 0
    endloop
  endfacet
  facet normal 1 0 0
    outer loop
      vertex 215.7 145.7 0
      vertex 215.7 143.7 0
      vertex 215.7 145.7 -3
    endloop
  endfacet
  facet normal 1 0 0
    outer loop
      vertex 215.7 150 4
      vertex 215.7 143.7 0
      vertex 215.7 145.7 0
    endloop
  endfacet
  facet normal 1 0 0
    outer loop
      vertex 215.7 150 4
      vertex 215.7 6.3 0
      vertex 215.7 143.7 0
    endloop
  endfacet
  facet normal 1 0 0
    outer loop
      vertex 215.7 6.3 0
      vertex 215.7 4.3 0
      vertex 215.7 6.3 -3
    endloop
  endfacet
  facet normal 1 -0 0
    outer loop
      vertex 215.7 0 4
      vertex 215.7 6.3 0
      vertex 215.7 150 4
    endloop
  endfacet
  facet normal 1 0 0
    outer loop
      vertex 215.7 6.3 0
      vertex 215.7 0 4
      vertex 215.7 4.3 0
    endloop
  endfacet
  facet normal 1 0 0
    outer loop
      vertex 215.7 4.3 0
      vertex 215.7 0 4
      vertex 215.7 0 0
    endloop
  endfacet
  facet normal 1 0 0
    outer loop
      vertex 215.7 145.7 -3
      vertex 215.7 143.7 0
      vertex 215.7 143.7 -3
    endloop
  endfacet
  facet normal 1 0 0
    outer loop
      vertex 215.7 6.3 -3
      vertex 215.7 4.3 0
      vertex 215.7 4.3 -3
    endloop
  endfacet
  facet normal -1 0 0
    outer loop
      vertex 84 6.3 -3
      vertex 84 4.3 -3
      vertex 84 6.3 0
    endloop
  endfacet
  facet normal -1 0 0
    outer loop
      vertex 84 145.7 -3
      vertex 84 143.7 -3
      vertex 84 145.7 0
    endloop
  endfacet
  facet normal -1 0 0
    outer loop
      vertex 84 145.7 0
      vertex 84 150 4
      vertex 84 150 0
    endloop
  endfacet
  facet normal -1 0 0
    outer loop
      vertex 84 143.7 0
      vertex 84 145.7 0
      vertex 84 143.7 -3
    endloop
  endfacet
  facet normal -1 0 0
    outer loop
      vertex 84 143.7 0
      vertex 84 150 4
      vertex 84 145.7 0
    endloop
  endfacet
  facet normal -1 0 0
    outer loop
      vertex 84 6.3 0
      vertex 84 150 4
      vertex 84 143.7 0
    endloop
  endfacet
  facet normal -1 0 0
    outer loop
      vertex 84 4.3 0
      vertex 84 6.3 0
      vertex 84 4.3 -3
    endloop
  endfacet
  facet normal -1 0 0
    outer loop
      vertex 84 0 4
      vertex 84 6.3 0
      vertex 84 4.3 0
    endloop
  endfacet
  facet normal -1 0 0
    outer loop
      vertex 84 0 4
      vertex 84 4.3 0
      vertex 84 0 0
    endloop
  endfacet
  facet normal -1 0 0
    outer loop
      vertex 84 6.3 0
      vertex 84 0 4
      vertex 84 150 4
    endloop
  endfacet
endsolid OpenSCAD_Model
