solid OpenSCAD_Model
  facet normal 0 0 -1
    outer loop
      vertex 14 0 0
      vertex 99.7 4.3 0
      vertex 99.7 0 0
    endloop
  endfacet
  facet normal 0 0 -1
    outer loop
      vertex 4.3 4.3 0
      vertex 14 0 0
      vertex 12.7798 0.0532684 0
    endloop
  endfacet
  facet normal 0 0 -1
    outer loop
      vertex 4.3 4.3 0
      vertex 12.7798 0.0532684 0
      vertex 11.5689 0.212692 0
    endloop
  endfacet
  facet normal 0 0 -1
    outer loop
      vertex 4.3 4.3 0
      vertex 11.5689 0.212692 0
      vertex 10.3765 0.477036 0
    endloop
  endfacet
  facet normal 0 0 -1
    outer loop
      vertex 4.3 4.3 0
      vertex 10.3765 0.477036 0
      vertex 9.21172 0.844299 0
    endloop
  endfacet
  facet normal 0 0 -1
    outer loop
      vertex 4.3 4.3 0
      vertex 9.21172 0.844299 0
      vertex 8.08334 1.31169 0
    endloop
  endfacet
  facet normal 0 0 -1
    outer loop
      vertex 4.3 4.3 0
      vertex 8.08334 1.31169 0
      vertex 7 1.87564 0
    endloop
  endfacet
  facet normal 0 0 -1
    outer loop
      vertex 4.3 4.3 0
      vertex 7 1.87564 0
      vertex 5.96992 2.53188 0
    endloop
  endfacet
  facet normal 0 0 -1
    outer loop
      vertex 4.3 4.3 0
      vertex 5.96992 2.53188 0
      vertex 5.00098 3.27538 0
    endloop
  endfacet
  facet normal 0 0 -1
    outer loop
      vertex 14 0 0
      vertex 4.3 4.3 0
      vertex 99.7 4.3 0
    endloop
  endfacet
  facet normal 0 0 -1
    outer loop
      vertex 3.27538 5.00098 0
      vertex 4.3 4.3 0
      vertex 4.10051 4.10051 0
    endloop
  endfacet
  facet normal 0 0 -1
    outer loop
      vertex 4.10051 4.10051 0
      vertex 4.3 4.3 0
      vertex 5.00098 3.27538 0
    endloop
  endfacet
  facet normal 0 0 -1
    outer loop
      vertex 99.7 145.7 0
      vertex 14 150 0
      vertex 99.7 150 0
    endloop
  endfacet
  facet normal 0 0 -1
    outer loop
      vertex 4.3 145.7 0
      vertex 14 150 0
      vertex 99.7 145.7 0
    endloop
  endfacet
  facet normal 0 0 -1
    outer loop
      vertex 14 150 0
      vertex 4.3 145.7 0
      vertex 12.7798 149.947 0
    endloop
  endfacet
  facet normal 0 0 -1
    outer loop
      vertex 12.7798 149.947 0
      vertex 4.3 145.7 0
      vertex 11.5689 149.787 0
    endloop
  endfacet
  facet normal 0 0 -1
    outer loop
      vertex 11.5689 149.787 0
      vertex 4.3 145.7 0
      vertex 10.3765 149.523 0
    endloop
  endfacet
  facet normal 0 0 -1
    outer loop
      vertex 10.3765 149.523 0
      vertex 4.3 145.7 0
      vertex 9.21172 149.156 0
    endloop
  endfacet
  facet normal 0 0 -1
    outer loop
      vertex 9.21172 149.156 0
      vertex 4.3 145.7 0
      vertex 8.08334 148.688 0
    endloop
  endfacet
  facet normal 0 0 -1
    outer loop
      vertex 8.08334 148.688 0
      vertex 4.3 145.7 0
      vertex 7 148.124 0
    endloop
  endfacet
  facet normal 0 0 -1
    outer loop
      vertex 7 148.124 0
      vertex 4.3 145.7 0
      vertex 5.96992 147.468 0
    endloop
  endfacet
  facet normal 0 0 -1
    outer loop
      vertex 5.96992 147.468 0
      vertex 4.3 145.7 0
      vertex 5.00098 146.725 0
    endloop
  endfacet
  facet normal 0 0 -1
    outer loop
      vertex 4.3 145.7 0
      vertex 4.10051 145.899 0
      vertex 5.00098 146.725 0
    endloop
  endfacet
  facet normal 0 0 -1
    outer loop
      vertex 4.3 4.3 0
      vertex 0 14 0
      vertex 4.3 145.7 0
    endloop
  endfacet
  facet normal 0 0 -1
    outer loop
      vertex 2.53188 5.96992 0
      vertex 4.3 4.3 0
      vertex 3.27538 5.00098 0
    endloop
  endfacet
  facet normal 0 0 -1
    outer loop
      vertex 0 136 0
      vertex 4.3 145.7 0
      vertex 0 14 0
    endloop
  endfacet
  facet normal 0 0 -1
    outer loop
      vertex 1.87564 7 0
      vertex 4.3 4.3 0
      vertex 2.53188 5.96992 0
    endloop
  endfacet
  facet normal 0 -0 -1
    outer loop
      vertex 0.212692 138.431 0
      vertex 4.3 145.7 0
      vertex 0 136 0
    endloop
  endfacet
  facet normal 0 0 -1
    outer loop
      vertex 1.31169 8.08334 0
      vertex 4.3 4.3 0
      vertex 1.87564 7 0
    endloop
  endfacet
  facet normal -0 0 -1
    outer loop
      vertex 4.3 145.7 0
      vertex 3.27538 144.999 0
      vertex 4.10051 145.899 0
    endloop
  endfacet
  facet normal 0 0 -1
    outer loop
      vertex 0.844299 9.21172 0
      vertex 4.3 4.3 0
      vertex 1.31169 8.08334 0
    endloop
  endfacet
  facet normal 0 0 -1
    outer loop
      vertex 4.3 145.7 0
      vertex 2.53188 144.03 0
      vertex 3.27538 144.999 0
    endloop
  endfacet
  facet normal 0 0 -1
    outer loop
      vertex 0.477036 10.3765 0
      vertex 4.3 4.3 0
      vertex 0.844299 9.21172 0
    endloop
  endfacet
  facet normal 0 0 -1
    outer loop
      vertex 4.3 145.7 0
      vertex 1.87564 143 0
      vertex 2.53188 144.03 0
    endloop
  endfacet
  facet normal 0 0 -1
    outer loop
      vertex 0.212692 11.5689 0
      vertex 4.3 4.3 0
      vertex 0.477036 10.3765 0
    endloop
  endfacet
  facet normal 0 0 -1
    outer loop
      vertex 4.3 145.7 0
      vertex 1.31169 141.917 0
      vertex 1.87564 143 0
    endloop
  endfacet
  facet normal 0 0 -1
    outer loop
      vertex 4.3 4.3 0
      vertex 0.212692 11.5689 0
      vertex 0 14 0
    endloop
  endfacet
  facet normal 0 0 -1
    outer loop
      vertex 4.3 145.7 0
      vertex 0.844299 140.788 0
      vertex 1.31169 141.917 0
    endloop
  endfacet
  facet normal 0 0 -1
    outer loop
      vertex 0 14 0
      vertex 0.212692 11.5689 0
      vertex 0.0532684 12.7798 0
    endloop
  endfacet
  facet normal 0 0 -1
    outer loop
      vertex 4.3 145.7 0
      vertex 0.477036 139.623 0
      vertex 0.844299 140.788 0
    endloop
  endfacet
  facet normal 0 0 -1
    outer loop
      vertex 4.3 145.7 0
      vertex 0.212692 138.431 0
      vertex 0.477036 139.623 0
    endloop
  endfacet
  facet normal 0 0 -1
    outer loop
      vertex 0.212692 138.431 0
      vertex 0 136 0
      vertex 0.0532684 137.22 0
    endloop
  endfacet
  facet normal 0 0 -1
    outer loop
      vertex 10.1421 8.93999 0
      vertex 99.7 6.3 0
      vertex 10.1742 8.7952 0
    endloop
  endfacet
  facet normal 0 0 -1
    outer loop
      vertex 99.7 143.7 0
      vertex 10.1935 141.352 0
      vertex 10.2 141.5 0
    endloop
  endfacet
  facet normal 0 0 -1
    outer loop
      vertex 10.0975 9.08143 0
      vertex 99.7 6.3 0
      vertex 10.1421 8.93999 0
    endloop
  endfacet
  facet normal 0 0 -1
    outer loop
      vertex 99.7 143.7 0
      vertex 10.1742 141.205 0
      vertex 10.1935 141.352 0
    endloop
  endfacet
  facet normal 0 0 -1
    outer loop
      vertex 10.0407 9.21845 0
      vertex 99.7 6.3 0
      vertex 10.0975 9.08143 0
    endloop
  endfacet
  facet normal 0 0 -1
    outer loop
      vertex 99.7 143.7 0
      vertex 10.1421 141.06 0
      vertex 10.1742 141.205 0
    endloop
  endfacet
  facet normal 0 0 -1
    outer loop
      vertex 9.97224 9.35 0
      vertex 99.7 6.3 0
      vertex 10.0407 9.21845 0
    endloop
  endfacet
  facet normal 0 0 -1
    outer loop
      vertex 99.7 143.7 0
      vertex 10.0975 140.919 0
      vertex 10.1421 141.06 0
    endloop
  endfacet
  facet normal 0 0 -1
    outer loop
      vertex 9.89256 9.47508 0
      vertex 99.7 6.3 0
      vertex 9.97224 9.35 0
    endloop
  endfacet
  facet normal 0 0 -1
    outer loop
      vertex 99.7 143.7 0
      vertex 10.0407 140.782 0
      vertex 10.0975 140.919 0
    endloop
  endfacet
  facet normal 0 0 -1
    outer loop
      vertex 9.80227 9.59274 0
      vertex 99.7 6.3 0
      vertex 9.89256 9.47508 0
    endloop
  endfacet
  facet normal 0 0 -1
    outer loop
      vertex 99.7 143.7 0
      vertex 9.97224 140.65 0
      vertex 10.0407 140.782 0
    endloop
  endfacet
  facet normal 0 0 -1
    outer loop
      vertex 9.70208 9.70208 0
      vertex 99.7 6.3 0
      vertex 9.80227 9.59274 0
    endloop
  endfacet
  facet normal 0 0 -1
    outer loop
      vertex 99.7 143.7 0
      vertex 9.89256 140.525 0
      vertex 9.97224 140.65 0
    endloop
  endfacet
  facet normal 0 0 -1
    outer loop
      vertex 9.59274 9.80227 0
      vertex 99.7 6.3 0
      vertex 9.70208 9.70208 0
    endloop
  endfacet
  facet normal 0 0 -1
    outer loop
      vertex 99.7 143.7 0
      vertex 9.80227 140.407 0
      vertex 9.89256 140.525 0
    endloop
  endfacet
  facet normal 0 0 -1
    outer loop
      vertex 9.47508 9.89256 0
      vertex 99.7 6.3 0
      vertex 9.59274 9.80227 0
    endloop
  endfacet
  facet normal 0 0 -1
    outer loop
      vertex 99.7 143.7 0
      vertex 9.70208 140.298 0
      vertex 9.80227 140.407 0
    endloop
  endfacet
  facet normal 0 0 -1
    outer loop
      vertex 99.7 6.3 0
      vertex 9.47508 9.89256 0
      vertex 99.7 143.7 0
    endloop
  endfacet
  facet normal 0 0 -1
    outer loop
      vertex 99.7 143.7 0
      vertex 9.59274 140.198 0
      vertex 9.70208 140.298 0
    endloop
  endfacet
  facet normal 0 0 -1
    outer loop
      vertex 9.47508 140.107 0
      vertex 99.7 143.7 0
      vertex 9.47508 9.89256 0
    endloop
  endfacet
  facet normal 0 0 -1
    outer loop
      vertex 99.7 143.7 0
      vertex 9.47508 140.107 0
      vertex 9.59274 140.198 0
    endloop
  endfacet
  facet normal 0 0 -1
    outer loop
      vertex 9.35 9.97224 0
      vertex 9.47508 140.107 0
      vertex 9.47508 9.89256 0
    endloop
  endfacet
  facet normal 0 0 -1
    outer loop
      vertex 9.35 9.97224 0
      vertex 9.35 140.028 0
      vertex 9.47508 140.107 0
    endloop
  endfacet
  facet normal 0 0 -1
    outer loop
      vertex 9.21845 10.0407 0
      vertex 9.35 140.028 0
      vertex 9.35 9.97224 0
    endloop
  endfacet
  facet normal 0 0 -1
    outer loop
      vertex 9.21845 10.0407 0
      vertex 9.21845 139.959 0
      vertex 9.35 140.028 0
    endloop
  endfacet
  facet normal 0 0 -1
    outer loop
      vertex 9.08143 10.0975 0
      vertex 9.21845 139.959 0
      vertex 9.21845 10.0407 0
    endloop
  endfacet
  facet normal 0 0 -1
    outer loop
      vertex 9.08143 10.0975 0
      vertex 9.08143 139.903 0
      vertex 9.21845 139.959 0
    endloop
  endfacet
  facet normal 0 0 -1
    outer loop
      vertex 8.93999 10.1421 0
      vertex 9.08143 139.903 0
      vertex 9.08143 10.0975 0
    endloop
  endfacet
  facet normal 0 0 -1
    outer loop
      vertex 8.93999 10.1421 0
      vertex 8.93999 139.858 0
      vertex 9.08143 139.903 0
    endloop
  endfacet
  facet normal 0 0 -1
    outer loop
      vertex 8.7952 10.1742 0
      vertex 8.93999 139.858 0
      vertex 8.93999 10.1421 0
    endloop
  endfacet
  facet normal 0 0 -1
    outer loop
      vertex 8.7952 10.1742 0
      vertex 8.7952 139.826 0
      vertex 8.93999 139.858 0
    endloop
  endfacet
  facet normal 0 0 -1
    outer loop
      vertex 8.64816 10.1935 0
      vertex 8.7952 139.826 0
      vertex 8.7952 10.1742 0
    endloop
  endfacet
  facet normal 0 0 -1
    outer loop
      vertex 8.64816 10.1935 0
      vertex 8.64816 139.806 0
      vertex 8.7952 139.826 0
    endloop
  endfacet
  facet normal 0 0 -1
    outer loop
      vertex 8.5 10.2 0
      vertex 8.64816 139.806 0
      vertex 8.64816 10.1935 0
    endloop
  endfacet
  facet normal 0 0 -1
    outer loop
      vertex 8.5 10.2 0
      vertex 8.5 139.8 0
      vertex 8.64816 139.806 0
    endloop
  endfacet
  facet normal 0 0 -1
    outer loop
      vertex 8.35183 10.1935 0
      vertex 8.5 139.8 0
      vertex 8.5 10.2 0
    endloop
  endfacet
  facet normal 0 0 -1
    outer loop
      vertex 8.35183 10.1935 0
      vertex 8.35183 139.806 0
      vertex 8.5 139.8 0
    endloop
  endfacet
  facet normal 0 0 -1
    outer loop
      vertex 8.2048 10.1742 0
      vertex 8.35183 139.806 0
      vertex 8.35183 10.1935 0
    endloop
  endfacet
  facet normal 0 0 -1
    outer loop
      vertex 8.2048 10.1742 0
      vertex 8.2048 139.826 0
      vertex 8.35183 139.806 0
    endloop
  endfacet
  facet normal 0 0 -1
    outer loop
      vertex 8.06001 10.1421 0
      vertex 8.2048 139.826 0
      vertex 8.2048 10.1742 0
    endloop
  endfacet
  facet normal 0 0 -1
    outer loop
      vertex 8.06001 10.1421 0
      vertex 8.06001 139.858 0
      vertex 8.2048 139.826 0
    endloop
  endfacet
  facet normal 0 0 -1
    outer loop
      vertex 7.91857 10.0975 0
      vertex 8.06001 139.858 0
      vertex 8.06001 10.1421 0
    endloop
  endfacet
  facet normal 0 0 -1
    outer loop
      vertex 7.91857 10.0975 0
      vertex 7.91857 139.903 0
      vertex 8.06001 139.858 0
    endloop
  endfacet
  facet normal 0 0 -1
    outer loop
      vertex 7.78155 10.0407 0
      vertex 7.91857 139.903 0
      vertex 7.91857 10.0975 0
    endloop
  endfacet
  facet normal 0 0 -1
    outer loop
      vertex 7.78155 10.0407 0
      vertex 7.78155 139.959 0
      vertex 7.91857 139.903 0
    endloop
  endfacet
  facet normal 0 0 -1
    outer loop
      vertex 7.65 9.97224 0
      vertex 7.78155 139.959 0
      vertex 7.78155 10.0407 0
    endloop
  endfacet
  facet normal 0 0 -1
    outer loop
      vertex 7.65 9.97224 0
      vertex 7.65 140.028 0
      vertex 7.78155 139.959 0
    endloop
  endfacet
  facet normal 0 0 -1
    outer loop
      vertex 7.52492 9.89256 0
      vertex 7.65 140.028 0
      vertex 7.65 9.97224 0
    endloop
  endfacet
  facet normal 0 0 -1
    outer loop
      vertex 7.52492 9.89256 0
      vertex 7.52492 140.107 0
      vertex 7.65 140.028 0
    endloop
  endfacet
  facet normal 0 0 -1
    outer loop
      vertex 7.40726 9.80227 0
      vertex 7.52492 140.107 0
      vertex 7.52492 9.89256 0
    endloop
  endfacet
  facet normal 0 0 -1
    outer loop
      vertex 7.40726 9.80227 0
      vertex 7.40726 140.198 0
      vertex 7.52492 140.107 0
    endloop
  endfacet
  facet normal 0 0 -1
    outer loop
      vertex 7.29792 9.70208 0
      vertex 7.40726 140.198 0
      vertex 7.40726 9.80227 0
    endloop
  endfacet
  facet normal 0 0 -1
    outer loop
      vertex 7.29792 9.70208 0
      vertex 7.29792 140.298 0
      vertex 7.40726 140.198 0
    endloop
  endfacet
  facet normal 0 0 -1
    outer loop
      vertex 7.19772 9.59274 0
      vertex 7.29792 140.298 0
      vertex 7.29792 9.70208 0
    endloop
  endfacet
  facet normal 0 0 -1
    outer loop
      vertex 7.19772 9.59274 0
      vertex 7.19772 140.407 0
      vertex 7.29792 140.298 0
    endloop
  endfacet
  facet normal 0 0 -1
    outer loop
      vertex 7.10744 9.47508 0
      vertex 7.19772 140.407 0
      vertex 7.19772 9.59274 0
    endloop
  endfacet
  facet normal 0 0 -1
    outer loop
      vertex 7.10744 9.47508 0
      vertex 7.10744 140.525 0
      vertex 7.19772 140.407 0
    endloop
  endfacet
  facet normal 0 0 -1
    outer loop
      vertex 7.02776 9.35 0
      vertex 7.10744 140.525 0
      vertex 7.10744 9.47508 0
    endloop
  endfacet
  facet normal 0 0 -1
    outer loop
      vertex 7.02776 9.35 0
      vertex 7.02776 140.65 0
      vertex 7.10744 140.525 0
    endloop
  endfacet
  facet normal 0 0 -1
    outer loop
      vertex 6.95928 9.21845 0
      vertex 7.02776 140.65 0
      vertex 7.02776 9.35 0
    endloop
  endfacet
  facet normal 0 0 -1
    outer loop
      vertex 6.95928 9.21845 0
      vertex 6.95928 140.782 0
      vertex 7.02776 140.65 0
    endloop
  endfacet
  facet normal 0 0 -1
    outer loop
      vertex 6.90252 9.08143 0
      vertex 6.95928 140.782 0
      vertex 6.95928 9.21845 0
    endloop
  endfacet
  facet normal 0 0 -1
    outer loop
      vertex 6.90252 9.08143 0
      vertex 6.90252 140.919 0
      vertex 6.95928 140.782 0
    endloop
  endfacet
  facet normal 0 0 -1
    outer loop
      vertex 6.85793 8.93999 0
      vertex 6.90252 140.919 0
      vertex 6.90252 9.08143 0
    endloop
  endfacet
  facet normal 0 0 -1
    outer loop
      vertex 6.85793 8.93999 0
      vertex 6.85793 141.06 0
      vertex 6.90252 140.919 0
    endloop
  endfacet
  facet normal 0 0 -1
    outer loop
      vertex 6.82583 8.7952 0
      vertex 6.85793 141.06 0
      vertex 6.85793 8.93999 0
    endloop
  endfacet
  facet normal 0 0 -1
    outer loop
      vertex 6.82583 8.7952 0
      vertex 6.82583 141.205 0
      vertex 6.85793 141.06 0
    endloop
  endfacet
  facet normal 0 0 -1
    outer loop
      vertex 6.3 6.3 0
      vertex 6.82583 8.7952 0
      vertex 6.80647 8.64816 0
    endloop
  endfacet
  facet normal -0 0 -1
    outer loop
      vertex 6.82583 8.7952 0
      vertex 6.3 6.3 0
      vertex 6.82583 141.205 0
    endloop
  endfacet
  facet normal 0 0 -1
    outer loop
      vertex 6.3 6.3 0
      vertex 6.80647 8.64816 0
      vertex 6.8 8.5 0
    endloop
  endfacet
  facet normal 0 0 -1
    outer loop
      vertex 6.3 143.7 0
      vertex 6.82583 141.205 0
      vertex 6.3 6.3 0
    endloop
  endfacet
  facet normal 0 0 -1
    outer loop
      vertex 10.1935 8.64816 0
      vertex 99.7 6.3 0
      vertex 10.2 8.5 0
    endloop
  endfacet
  facet normal 0 0 -1
    outer loop
      vertex 99.7 6.3 0
      vertex 10.1935 8.35183 0
      vertex 10.2 8.5 0
    endloop
  endfacet
  facet normal 0 0 -1
    outer loop
      vertex 99.7 6.3 0
      vertex 10.1742 8.2048 0
      vertex 10.1935 8.35183 0
    endloop
  endfacet
  facet normal 0 0 -1
    outer loop
      vertex 99.7 6.3 0
      vertex 10.1421 8.06001 0
      vertex 10.1742 8.2048 0
    endloop
  endfacet
  facet normal 0 0 -1
    outer loop
      vertex 99.7 6.3 0
      vertex 10.0975 7.91857 0
      vertex 10.1421 8.06001 0
    endloop
  endfacet
  facet normal 0 0 -1
    outer loop
      vertex 99.7 6.3 0
      vertex 10.0407 7.78155 0
      vertex 10.0975 7.91857 0
    endloop
  endfacet
  facet normal 0 0 -1
    outer loop
      vertex 99.7 6.3 0
      vertex 9.97224 7.65 0
      vertex 10.0407 7.78155 0
    endloop
  endfacet
  facet normal 0 0 -1
    outer loop
      vertex 99.7 6.3 0
      vertex 9.89256 7.52492 0
      vertex 9.97224 7.65 0
    endloop
  endfacet
  facet normal 0 0 -1
    outer loop
      vertex 99.7 6.3 0
      vertex 9.80227 7.40726 0
      vertex 9.89256 7.52492 0
    endloop
  endfacet
  facet normal 0 0 -1
    outer loop
      vertex 99.7 6.3 0
      vertex 9.70208 7.29792 0
      vertex 9.80227 7.40726 0
    endloop
  endfacet
  facet normal 0 0 -1
    outer loop
      vertex 99.7 6.3 0
      vertex 9.59274 7.19772 0
      vertex 9.70208 7.29792 0
    endloop
  endfacet
  facet normal 0 0 -1
    outer loop
      vertex 99.7 6.3 0
      vertex 9.47508 7.10744 0
      vertex 9.59274 7.19772 0
    endloop
  endfacet
  facet normal 0 0 -1
    outer loop
      vertex 99.7 6.3 0
      vertex 9.35 7.02776 0
      vertex 9.47508 7.10744 0
    endloop
  endfacet
  facet normal 0 0 -1
    outer loop
      vertex 99.7 6.3 0
      vertex 9.21845 6.95928 0
      vertex 9.35 7.02776 0
    endloop
  endfacet
  facet normal 0 0 -1
    outer loop
      vertex 99.7 6.3 0
      vertex 9.08143 6.90252 0
      vertex 9.21845 6.95928 0
    endloop
  endfacet
  facet normal 0 0 -1
    outer loop
      vertex 99.7 6.3 0
      vertex 8.93999 6.85793 0
      vertex 9.08143 6.90252 0
    endloop
  endfacet
  facet normal 0 0 -1
    outer loop
      vertex 99.7 6.3 0
      vertex 8.7952 6.82583 0
      vertex 8.93999 6.85793 0
    endloop
  endfacet
  facet normal 0 0 -1
    outer loop
      vertex 6.3 6.3 0
      vertex 8.7952 6.82583 0
      vertex 99.7 6.3 0
    endloop
  endfacet
  facet normal 0 0 -1
    outer loop
      vertex 8.7952 6.82583 0
      vertex 6.3 6.3 0
      vertex 8.64816 6.80647 0
    endloop
  endfacet
  facet normal 0 0 -1
    outer loop
      vertex 6.82583 141.205 0
      vertex 6.3 143.7 0
      vertex 6.80647 141.352 0
    endloop
  endfacet
  facet normal -0 0 -1
    outer loop
      vertex 6.80647 8.35183 0
      vertex 6.3 6.3 0
      vertex 6.8 8.5 0
    endloop
  endfacet
  facet normal -0 0 -1
    outer loop
      vertex 6.82583 8.2048 0
      vertex 6.3 6.3 0
      vertex 6.80647 8.35183 0
    endloop
  endfacet
  facet normal -0 0 -1
    outer loop
      vertex 6.85793 8.06001 0
      vertex 6.3 6.3 0
      vertex 6.82583 8.2048 0
    endloop
  endfacet
  facet normal -0 0 -1
    outer loop
      vertex 6.90252 7.91857 0
      vertex 6.3 6.3 0
      vertex 6.85793 8.06001 0
    endloop
  endfacet
  facet normal -0 0 -1
    outer loop
      vertex 6.95928 7.78155 0
      vertex 6.3 6.3 0
      vertex 6.90252 7.91857 0
    endloop
  endfacet
  facet normal -0 0 -1
    outer loop
      vertex 7.02776 7.65 0
      vertex 6.3 6.3 0
      vertex 6.95928 7.78155 0
    endloop
  endfacet
  facet normal -0 0 -1
    outer loop
      vertex 7.10744 7.52492 0
      vertex 6.3 6.3 0
      vertex 7.02776 7.65 0
    endloop
  endfacet
  facet normal -0 0 -1
    outer loop
      vertex 7.19772 7.40726 0
      vertex 6.3 6.3 0
      vertex 7.10744 7.52492 0
    endloop
  endfacet
  facet normal -0 0 -1
    outer loop
      vertex 7.29792 7.29792 0
      vertex 6.3 6.3 0
      vertex 7.19772 7.40726 0
    endloop
  endfacet
  facet normal -0 0 -1
    outer loop
      vertex 7.40726 7.19772 0
      vertex 6.3 6.3 0
      vertex 7.29792 7.29792 0
    endloop
  endfacet
  facet normal -0 0 -1
    outer loop
      vertex 7.52492 7.10744 0
      vertex 6.3 6.3 0
      vertex 7.40726 7.19772 0
    endloop
  endfacet
  facet normal -0 0 -1
    outer loop
      vertex 7.65 7.02776 0
      vertex 6.3 6.3 0
      vertex 7.52492 7.10744 0
    endloop
  endfacet
  facet normal -0 0 -1
    outer loop
      vertex 7.78155 6.95928 0
      vertex 6.3 6.3 0
      vertex 7.65 7.02776 0
    endloop
  endfacet
  facet normal -0 0 -1
    outer loop
      vertex 7.91857 6.90252 0
      vertex 6.3 6.3 0
      vertex 7.78155 6.95928 0
    endloop
  endfacet
  facet normal -0 0 -1
    outer loop
      vertex 8.06001 6.85793 0
      vertex 6.3 6.3 0
      vertex 7.91857 6.90252 0
    endloop
  endfacet
  facet normal -0 0 -1
    outer loop
      vertex 8.2048 6.82583 0
      vertex 6.3 6.3 0
      vertex 8.06001 6.85793 0
    endloop
  endfacet
  facet normal -0 0 -1
    outer loop
      vertex 8.35183 6.80647 0
      vertex 6.3 6.3 0
      vertex 8.2048 6.82583 0
    endloop
  endfacet
  facet normal -0 0 -1
    outer loop
      vertex 8.5 6.8 0
      vertex 6.3 6.3 0
      vertex 8.35183 6.80647 0
    endloop
  endfacet
  facet normal 0 0 -1
    outer loop
      vertex 8.64816 6.80647 0
      vertex 6.3 6.3 0
      vertex 8.5 6.8 0
    endloop
  endfacet
  facet normal 0 0 -1
    outer loop
      vertex 10.1742 8.7952 0
      vertex 99.7 6.3 0
      vertex 10.1935 8.64816 0
    endloop
  endfacet
  facet normal 0 0 -1
    outer loop
      vertex 10.1935 141.648 0
      vertex 99.7 143.7 0
      vertex 10.2 141.5 0
    endloop
  endfacet
  facet normal 0 0 -1
    outer loop
      vertex 10.1742 141.795 0
      vertex 99.7 143.7 0
      vertex 10.1935 141.648 0
    endloop
  endfacet
  facet normal 0 0 -1
    outer loop
      vertex 10.1421 141.94 0
      vertex 99.7 143.7 0
      vertex 10.1742 141.795 0
    endloop
  endfacet
  facet normal 0 0 -1
    outer loop
      vertex 10.0975 142.081 0
      vertex 99.7 143.7 0
      vertex 10.1421 141.94 0
    endloop
  endfacet
  facet normal 0 0 -1
    outer loop
      vertex 10.0407 142.218 0
      vertex 99.7 143.7 0
      vertex 10.0975 142.081 0
    endloop
  endfacet
  facet normal 0 0 -1
    outer loop
      vertex 9.97224 142.35 0
      vertex 99.7 143.7 0
      vertex 10.0407 142.218 0
    endloop
  endfacet
  facet normal 0 0 -1
    outer loop
      vertex 9.89256 142.475 0
      vertex 99.7 143.7 0
      vertex 9.97224 142.35 0
    endloop
  endfacet
  facet normal 0 0 -1
    outer loop
      vertex 9.80227 142.593 0
      vertex 99.7 143.7 0
      vertex 9.89256 142.475 0
    endloop
  endfacet
  facet normal 0 0 -1
    outer loop
      vertex 9.70208 142.702 0
      vertex 99.7 143.7 0
      vertex 9.80227 142.593 0
    endloop
  endfacet
  facet normal 0 0 -1
    outer loop
      vertex 9.59274 142.802 0
      vertex 99.7 143.7 0
      vertex 9.70208 142.702 0
    endloop
  endfacet
  facet normal 0 0 -1
    outer loop
      vertex 9.47508 142.893 0
      vertex 99.7 143.7 0
      vertex 9.59274 142.802 0
    endloop
  endfacet
  facet normal 0 0 -1
    outer loop
      vertex 9.35 142.972 0
      vertex 99.7 143.7 0
      vertex 9.47508 142.893 0
    endloop
  endfacet
  facet normal 0 0 -1
    outer loop
      vertex 9.21845 143.041 0
      vertex 99.7 143.7 0
      vertex 9.35 142.972 0
    endloop
  endfacet
  facet normal 0 0 -1
    outer loop
      vertex 9.08143 143.097 0
      vertex 99.7 143.7 0
      vertex 9.21845 143.041 0
    endloop
  endfacet
  facet normal 0 0 -1
    outer loop
      vertex 8.93999 143.142 0
      vertex 99.7 143.7 0
      vertex 9.08143 143.097 0
    endloop
  endfacet
  facet normal 0 0 -1
    outer loop
      vertex 8.7952 143.174 0
      vertex 99.7 143.7 0
      vertex 8.93999 143.142 0
    endloop
  endfacet
  facet normal 0 0 -1
    outer loop
      vertex 6.3 143.7 0
      vertex 8.7952 143.174 0
      vertex 8.64816 143.194 0
    endloop
  endfacet
  facet normal 0 0 -1
    outer loop
      vertex 6.3 143.7 0
      vertex 8.64816 143.194 0
      vertex 8.5 143.2 0
    endloop
  endfacet
  facet normal 0 0 -1
    outer loop
      vertex 8.7952 143.174 0
      vertex 6.3 143.7 0
      vertex 99.7 143.7 0
    endloop
  endfacet
  facet normal 0 0 -1
    outer loop
      vertex 8.35183 143.194 0
      vertex 6.3 143.7 0
      vertex 8.5 143.2 0
    endloop
  endfacet
  facet normal 0 0 -1
    outer loop
      vertex 8.2048 143.174 0
      vertex 6.3 143.7 0
      vertex 8.35183 143.194 0
    endloop
  endfacet
  facet normal 0 0 -1
    outer loop
      vertex 8.06001 143.142 0
      vertex 6.3 143.7 0
      vertex 8.2048 143.174 0
    endloop
  endfacet
  facet normal 0 0 -1
    outer loop
      vertex 7.91857 143.097 0
      vertex 6.3 143.7 0
      vertex 8.06001 143.142 0
    endloop
  endfacet
  facet normal 0 0 -1
    outer loop
      vertex 7.78155 143.041 0
      vertex 6.3 143.7 0
      vertex 7.91857 143.097 0
    endloop
  endfacet
  facet normal 0 0 -1
    outer loop
      vertex 7.65 142.972 0
      vertex 6.3 143.7 0
      vertex 7.78155 143.041 0
    endloop
  endfacet
  facet normal 0 0 -1
    outer loop
      vertex 7.52492 142.893 0
      vertex 6.3 143.7 0
      vertex 7.65 142.972 0
    endloop
  endfacet
  facet normal 0 0 -1
    outer loop
      vertex 7.40726 142.802 0
      vertex 6.3 143.7 0
      vertex 7.52492 142.893 0
    endloop
  endfacet
  facet normal 0 0 -1
    outer loop
      vertex 7.29792 142.702 0
      vertex 6.3 143.7 0
      vertex 7.40726 142.802 0
    endloop
  endfacet
  facet normal 0 0 -1
    outer loop
      vertex 7.19772 142.593 0
      vertex 6.3 143.7 0
      vertex 7.29792 142.702 0
    endloop
  endfacet
  facet normal 0 0 -1
    outer loop
      vertex 7.10744 142.475 0
      vertex 6.3 143.7 0
      vertex 7.19772 142.593 0
    endloop
  endfacet
  facet normal 0 0 -1
    outer loop
      vertex 7.02776 142.35 0
      vertex 6.3 143.7 0
      vertex 7.10744 142.475 0
    endloop
  endfacet
  facet normal 0 0 -1
    outer loop
      vertex 6.95928 142.218 0
      vertex 6.3 143.7 0
      vertex 7.02776 142.35 0
    endloop
  endfacet
  facet normal 0 0 -1
    outer loop
      vertex 6.90252 142.081 0
      vertex 6.3 143.7 0
      vertex 6.95928 142.218 0
    endloop
  endfacet
  facet normal 0 0 -1
    outer loop
      vertex 6.85793 141.94 0
      vertex 6.3 143.7 0
      vertex 6.90252 142.081 0
    endloop
  endfacet
  facet normal 0 0 -1
    outer loop
      vertex 6.82583 141.795 0
      vertex 6.3 143.7 0
      vertex 6.85793 141.94 0
    endloop
  endfacet
  facet normal 0 0 -1
    outer loop
      vertex 6.80647 141.648 0
      vertex 6.3 143.7 0
      vertex 6.82583 141.795 0
    endloop
  endfacet
  facet normal 0 0 -1
    outer loop
      vertex 6.8 141.5 0
      vertex 6.3 143.7 0
      vertex 6.80647 141.648 0
    endloop
  endfacet
  facet normal 0 0 -1
    outer loop
      vertex 6.80647 141.352 0
      vertex 6.3 143.7 0
      vertex 6.8 141.5 0
    endloop
  endfacet
  facet normal 0 0 -1
    outer loop
      vertex 99.7 4.3 -3
      vertex 6.3 6.3 -3
      vertex 99.7 6.3 -3
    endloop
  endfacet
  facet normal -0 0 -1
    outer loop
      vertex 6.3 6.3 -3
      vertex 4.3 4.3 -3
      vertex 6.3 143.7 -3
    endloop
  endfacet
  facet normal 0 0 -1
    outer loop
      vertex 4.3 4.3 -3
      vertex 6.3 6.3 -3
      vertex 99.7 4.3 -3
    endloop
  endfacet
  facet normal 0 0 -1
    outer loop
      vertex 6.3 143.7 -3
      vertex 99.7 145.7 -3
      vertex 99.7 143.7 -3
    endloop
  endfacet
  facet normal 0 0 -1
    outer loop
      vertex 6.3 143.7 -3
      vertex 4.3 145.7 -3
      vertex 99.7 145.7 -3
    endloop
  endfacet
  facet normal 0 0 -1
    outer loop
      vertex 4.3 145.7 -3
      vertex 6.3 143.7 -3
      vertex 4.3 4.3 -3
    endloop
  endfacet
  facet normal -1 0 0
    outer loop
      vertex 4.3 4.3 -3
      vertex 4.3 145.7 0
      vertex 4.3 145.7 -3
    endloop
  endfacet
  facet normal -1 -0 0
    outer loop
      vertex 4.3 145.7 0
      vertex 4.3 4.3 -3
      vertex 4.3 4.3 0
    endloop
  endfacet
  facet normal 0 1 -0
    outer loop
      vertex 99.7 145.7 -3
      vertex 4.3 145.7 0
      vertex 99.7 145.7 0
    endloop
  endfacet
  facet normal 0 1 0
    outer loop
      vertex 4.3 145.7 0
      vertex 99.7 145.7 -3
      vertex 4.3 145.7 -3
    endloop
  endfacet
  facet normal 0 -1 0
    outer loop
      vertex 4.3 4.3 -3
      vertex 99.7 4.3 0
      vertex 4.3 4.3 0
    endloop
  endfacet
  facet normal 0 -1 -0
    outer loop
      vertex 99.7 4.3 0
      vertex 4.3 4.3 -3
      vertex 99.7 4.3 -3
    endloop
  endfacet
  facet normal 1 -0 0
    outer loop
      vertex 6.3 6.3 0
      vertex 6.3 143.7 -3
      vertex 6.3 143.7 0
    endloop
  endfacet
  facet normal 1 0 0
    outer loop
      vertex 6.3 143.7 -3
      vertex 6.3 6.3 0
      vertex 6.3 6.3 -3
    endloop
  endfacet
  facet normal 0 -1 0
    outer loop
      vertex 6.3 143.7 -3
      vertex 99.7 143.7 0
      vertex 6.3 143.7 0
    endloop
  endfacet
  facet normal 0 -1 -0
    outer loop
      vertex 99.7 143.7 0
      vertex 6.3 143.7 -3
      vertex 99.7 143.7 -3
    endloop
  endfacet
  facet normal 0 1 -0
    outer loop
      vertex 99.7 6.3 -3
      vertex 6.3 6.3 0
      vertex 99.7 6.3 0
    endloop
  endfacet
  facet normal 0 1 0
    outer loop
      vertex 6.3 6.3 0
      vertex 99.7 6.3 -3
      vertex 6.3 6.3 -3
    endloop
  endfacet
  facet normal -0.886952 0.461862 0
    outer loop
      vertex 1.31169 141.917 0
      vertex 1.87564 143 4
      vertex 1.87564 143 0
    endloop
  endfacet
  facet normal -0.886952 0.461862 0
    outer loop
      vertex 1.87564 143 4
      vertex 1.31169 141.917 0
      vertex 1.31169 141.917 4
    endloop
  endfacet
  facet normal -0.976281 0.216505 0
    outer loop
      vertex 0.212692 138.431 0
      vertex 0.477036 139.623 4
      vertex 0.477036 139.623 0
    endloop
  endfacet
  facet normal -0.976281 0.216505 0
    outer loop
      vertex 0.477036 139.623 4
      vertex 0.212692 138.431 0
      vertex 0.212692 138.431 4
    endloop
  endfacet
  facet normal -0.0433946 0.999058 0
    outer loop
      vertex 14 150 0
      vertex 12.7798 149.947 4
      vertex 14 150 4
    endloop
  endfacet
  facet normal -0.0433946 0.999058 0
    outer loop
      vertex 12.7798 149.947 4
      vertex 14 150 0
      vertex 12.7798 149.947 0
    endloop
  endfacet
  facet normal 0 0 1
    outer loop
      vertex 11.6203 140.95 4
      vertex 14 150 4
      vertex 11.6553 141.216 4
    endloop
  endfacet
  facet normal 0 0 1
    outer loop
      vertex 99.7 0 4
      vertex 11.6567 8.76835 4
      vertex 11.6684 8.5 4
    endloop
  endfacet
  facet normal -0 0 1
    outer loop
      vertex 14 150 4
      vertex 11.6203 140.95 4
      vertex 99.7 150 4
    endloop
  endfacet
  facet normal 0 0 1
    outer loop
      vertex 99.7 0 4
      vertex 11.6564 8.77615 4
      vertex 11.6567 8.76835 4
    endloop
  endfacet
  facet normal 0 0 1
    outer loop
      vertex 11.6186 140.942 4
      vertex 99.7 150 4
      vertex 11.6203 140.95 4
    endloop
  endfacet
  facet normal 0 0 1
    outer loop
      vertex 99.7 0 4
      vertex 11.6553 8.78388 4
      vertex 11.6564 8.77615 4
    endloop
  endfacet
  facet normal 0 0 1
    outer loop
      vertex 11.5605 140.68 4
      vertex 99.7 150 4
      vertex 11.6186 140.942 4
    endloop
  endfacet
  facet normal 0 0 1
    outer loop
      vertex 99.7 0 4
      vertex 11.6203 9.05019 4
      vertex 11.6553 8.78388 4
    endloop
  endfacet
  facet normal 0 0 1
    outer loop
      vertex 11.4797 140.424 4
      vertex 99.7 150 4
      vertex 11.5605 140.68 4
    endloop
  endfacet
  facet normal 0 0 1
    outer loop
      vertex 99.7 0 4
      vertex 11.6186 9.05781 4
      vertex 11.6203 9.05019 4
    endloop
  endfacet
  facet normal 0 0 1
    outer loop
      vertex 11.4773 140.416 4
      vertex 99.7 150 4
      vertex 11.4797 140.424 4
    endloop
  endfacet
  facet normal 0 0 1
    outer loop
      vertex 99.7 0 4
      vertex 11.5605 9.32005 4
      vertex 11.6186 9.05781 4
    endloop
  endfacet
  facet normal 0 0 1
    outer loop
      vertex 11.4744 140.409 4
      vertex 99.7 150 4
      vertex 11.4773 140.416 4
    endloop
  endfacet
  facet normal 0 0 1
    outer loop
      vertex 99.7 0 4
      vertex 11.4797 9.57622 4
      vertex 11.5605 9.32005 4
    endloop
  endfacet
  facet normal 0 0 1
    outer loop
      vertex 11.3716 140.161 4
      vertex 99.7 150 4
      vertex 11.4744 140.409 4
    endloop
  endfacet
  facet normal 0 0 1
    outer loop
      vertex 99.7 0 4
      vertex 11.4773 9.58366 4
      vertex 11.4797 9.57622 4
    endloop
  endfacet
  facet normal 0 0 1
    outer loop
      vertex 11.2475 139.923 4
      vertex 99.7 150 4
      vertex 11.3716 140.161 4
    endloop
  endfacet
  facet normal 0 0 1
    outer loop
      vertex 99.7 0 4
      vertex 11.4744 9.59087 4
      vertex 11.4773 9.58366 4
    endloop
  endfacet
  facet normal 0 0 1
    outer loop
      vertex 11.2439 139.916 4
      vertex 99.7 150 4
      vertex 11.2475 139.923 4
    endloop
  endfacet
  facet normal 0 0 1
    outer loop
      vertex 99.7 0 4
      vertex 11.3716 9.83903 4
      vertex 11.4744 9.59087 4
    endloop
  endfacet
  facet normal 0 0 1
    outer loop
      vertex 11.2397 139.909 4
      vertex 99.7 150 4
      vertex 11.2439 139.916 4
    endloop
  endfacet
  facet normal 0 0 1
    outer loop
      vertex 99.7 0 4
      vertex 11.2475 10.0773 4
      vertex 11.3716 9.83903 4
    endloop
  endfacet
  facet normal 0 0 1
    outer loop
      vertex 11.0954 139.683 4
      vertex 99.7 150 4
      vertex 11.2397 139.909 4
    endloop
  endfacet
  facet normal 0 0 1
    outer loop
      vertex 99.7 0 4
      vertex 11.2439 10.0842 4
      vertex 11.2475 10.0773 4
    endloop
  endfacet
  facet normal 0 0 1
    outer loop
      vertex 10.9319 139.47 4
      vertex 99.7 150 4
      vertex 11.0954 139.683 4
    endloop
  endfacet
  facet normal 0 0 1
    outer loop
      vertex 99.7 0 4
      vertex 11.2397 10.0908 4
      vertex 11.2439 10.0842 4
    endloop
  endfacet
  facet normal 0 0 1
    outer loop
      vertex 10.9272 139.463 4
      vertex 99.7 150 4
      vertex 10.9319 139.47 4
    endloop
  endfacet
  facet normal 0 0 1
    outer loop
      vertex 99.7 0 4
      vertex 11.0954 10.3173 4
      vertex 11.2397 10.0908 4
    endloop
  endfacet
  facet normal 0 0 1
    outer loop
      vertex 10.7457 139.265 4
      vertex 99.7 150 4
      vertex 10.9272 139.463 4
    endloop
  endfacet
  facet normal 0 0 1
    outer loop
      vertex 99.7 0 4
      vertex 10.9319 10.5304 4
      vertex 11.0954 10.3173 4
    endloop
  endfacet
  facet normal 0 0 1
    outer loop
      vertex 10.7404 139.26 4
      vertex 99.7 150 4
      vertex 10.7457 139.265 4
    endloop
  endfacet
  facet normal 0 0 1
    outer loop
      vertex 99.7 0 4
      vertex 10.9272 10.5366 4
      vertex 10.9319 10.5304 4
    endloop
  endfacet
  facet normal 0 0 1
    outer loop
      vertex 10.7347 139.254 4
      vertex 99.7 150 4
      vertex 10.7404 139.26 4
    endloop
  endfacet
  facet normal 0 0 1
    outer loop
      vertex 99.7 0 4
      vertex 10.7457 10.7347 4
      vertex 10.9272 10.5366 4
    endloop
  endfacet
  facet normal 0 0 1
    outer loop
      vertex 10.5366 139.073 4
      vertex 99.7 150 4
      vertex 10.7347 139.254 4
    endloop
  endfacet
  facet normal 0 0 1
    outer loop
      vertex 99.7 0 4
      vertex 10.7404 10.7404 4
      vertex 10.7457 10.7347 4
    endloop
  endfacet
  facet normal 0 0 1
    outer loop
      vertex 99.7 150 4
      vertex 10.5366 139.073 4
      vertex 99.7 0 4
    endloop
  endfacet
  facet normal 0 0 1
    outer loop
      vertex 99.7 0 4
      vertex 10.7347 10.7457 4
      vertex 10.7404 10.7404 4
    endloop
  endfacet
  facet normal -0 0 1
    outer loop
      vertex 10.5366 10.9272 4
      vertex 99.7 0 4
      vertex 10.5366 139.073 4
    endloop
  endfacet
  facet normal 0 0 1
    outer loop
      vertex 99.7 0 4
      vertex 10.5366 10.9272 4
      vertex 10.7347 10.7457 4
    endloop
  endfacet
  facet normal -0 0 1
    outer loop
      vertex 10.5304 139.068 4
      vertex 10.5366 10.9272 4
      vertex 10.5366 139.073 4
    endloop
  endfacet
  facet normal 0 0 1
    outer loop
      vertex 10.5304 139.068 4
      vertex 10.5304 10.9319 4
      vertex 10.5366 10.9272 4
    endloop
  endfacet
  facet normal -0 0 1
    outer loop
      vertex 10.3173 138.905 4
      vertex 10.5304 10.9319 4
      vertex 10.5304 139.068 4
    endloop
  endfacet
  facet normal 0 0 1
    outer loop
      vertex 10.3173 138.905 4
      vertex 10.3173 11.0954 4
      vertex 10.5304 10.9319 4
    endloop
  endfacet
  facet normal -0 0 1
    outer loop
      vertex 10.0908 138.76 4
      vertex 10.3173 11.0954 4
      vertex 10.3173 138.905 4
    endloop
  endfacet
  facet normal 0 0 1
    outer loop
      vertex 10.0908 138.76 4
      vertex 10.0908 11.2397 4
      vertex 10.3173 11.0954 4
    endloop
  endfacet
  facet normal -0 0 1
    outer loop
      vertex 10.0842 138.756 4
      vertex 10.0908 11.2397 4
      vertex 10.0908 138.76 4
    endloop
  endfacet
  facet normal 0 0 1
    outer loop
      vertex 10.0842 138.756 4
      vertex 10.0842 11.2439 4
      vertex 10.0908 11.2397 4
    endloop
  endfacet
  facet normal -0 0 1
    outer loop
      vertex 10.0773 138.752 4
      vertex 10.0842 11.2439 4
      vertex 10.0842 138.756 4
    endloop
  endfacet
  facet normal 0 0 1
    outer loop
      vertex 10.0773 138.752 4
      vertex 10.0773 11.2475 4
      vertex 10.0842 11.2439 4
    endloop
  endfacet
  facet normal -0 0 1
    outer loop
      vertex 9.83903 138.628 4
      vertex 10.0773 11.2475 4
      vertex 10.0773 138.752 4
    endloop
  endfacet
  facet normal 0 0 1
    outer loop
      vertex 9.83903 138.628 4
      vertex 9.83903 11.3716 4
      vertex 10.0773 11.2475 4
    endloop
  endfacet
  facet normal -0 0 1
    outer loop
      vertex 9.59087 138.526 4
      vertex 9.83903 11.3716 4
      vertex 9.83903 138.628 4
    endloop
  endfacet
  facet normal 0 0 1
    outer loop
      vertex 9.59087 138.526 4
      vertex 9.59087 11.4744 4
      vertex 9.83903 11.3716 4
    endloop
  endfacet
  facet normal -0 0 1
    outer loop
      vertex 9.58366 138.523 4
      vertex 9.59087 11.4744 4
      vertex 9.59087 138.526 4
    endloop
  endfacet
  facet normal 0 0 1
    outer loop
      vertex 9.58366 138.523 4
      vertex 9.58366 11.4773 4
      vertex 9.59087 11.4744 4
    endloop
  endfacet
  facet normal -0 0 1
    outer loop
      vertex 9.57622 138.52 4
      vertex 9.58366 11.4773 4
      vertex 9.58366 138.523 4
    endloop
  endfacet
  facet normal 0 0 1
    outer loop
      vertex 9.57622 138.52 4
      vertex 9.57622 11.4797 4
      vertex 9.58366 11.4773 4
    endloop
  endfacet
  facet normal -0 0 1
    outer loop
      vertex 9.32005 138.44 4
      vertex 9.57622 11.4797 4
      vertex 9.57622 138.52 4
    endloop
  endfacet
  facet normal 0 0 1
    outer loop
      vertex 9.32005 138.44 4
      vertex 9.32005 11.5605 4
      vertex 9.57622 11.4797 4
    endloop
  endfacet
  facet normal -0 0 1
    outer loop
      vertex 9.05781 138.381 4
      vertex 9.32005 11.5605 4
      vertex 9.32005 138.44 4
    endloop
  endfacet
  facet normal 0 0 1
    outer loop
      vertex 9.05781 138.381 4
      vertex 9.05781 11.6186 4
      vertex 9.32005 11.5605 4
    endloop
  endfacet
  facet normal -0 0 1
    outer loop
      vertex 9.05019 138.38 4
      vertex 9.05781 11.6186 4
      vertex 9.05781 138.381 4
    endloop
  endfacet
  facet normal 0 0 1
    outer loop
      vertex 9.05019 138.38 4
      vertex 9.05019 11.6203 4
      vertex 9.05781 11.6186 4
    endloop
  endfacet
  facet normal 0 0 1
    outer loop
      vertex 0 136 4
      vertex 9.05019 138.38 4
      vertex 8.78388 138.345 4
    endloop
  endfacet
  facet normal 0 0 1
    outer loop
      vertex 9.05019 138.38 4
      vertex 0 136 4
      vertex 9.05019 11.6203 4
    endloop
  endfacet
  facet normal 0 0 1
    outer loop
      vertex 0 136 4
      vertex 8.78388 138.345 4
      vertex 8.77615 138.344 4
    endloop
  endfacet
  facet normal -0 0 1
    outer loop
      vertex 0 14 4
      vertex 9.05019 11.6203 4
      vertex 0 136 4
    endloop
  endfacet
  facet normal 0 0 1
    outer loop
      vertex 0 136 4
      vertex 8.77615 138.344 4
      vertex 8.76835 138.343 4
    endloop
  endfacet
  facet normal 0 0 1
    outer loop
      vertex 9.05019 11.6203 4
      vertex 0 14 4
      vertex 8.78388 11.6553 4
    endloop
  endfacet
  facet normal 0 0 1
    outer loop
      vertex 0 136 4
      vertex 8.76835 138.343 4
      vertex 8.5 138.332 4
    endloop
  endfacet
  facet normal 0 0 1
    outer loop
      vertex 8.78388 11.6553 4
      vertex 0 14 4
      vertex 8.77615 11.6564 4
    endloop
  endfacet
  facet normal 0 0 1
    outer loop
      vertex 0 136 4
      vertex 8.5 138.332 4
      vertex 8.23165 138.343 4
    endloop
  endfacet
  facet normal 0 0 1
    outer loop
      vertex 8.77615 11.6564 4
      vertex 0 14 4
      vertex 8.76835 11.6567 4
    endloop
  endfacet
  facet normal 0 0 1
    outer loop
      vertex 0 136 4
      vertex 8.23165 138.343 4
      vertex 8.22385 138.344 4
    endloop
  endfacet
  facet normal 0 0 1
    outer loop
      vertex 8.76835 11.6567 4
      vertex 0 14 4
      vertex 8.5 11.6684 4
    endloop
  endfacet
  facet normal 0 0 1
    outer loop
      vertex 0 136 4
      vertex 8.22385 138.344 4
      vertex 8.21611 138.345 4
    endloop
  endfacet
  facet normal 0 0 1
    outer loop
      vertex 8.5 11.6684 4
      vertex 0 14 4
      vertex 8.23165 11.6567 4
    endloop
  endfacet
  facet normal 0 0 1
    outer loop
      vertex 0 136 4
      vertex 8.21611 138.345 4
      vertex 7.94981 138.38 4
    endloop
  endfacet
  facet normal 0 0 1
    outer loop
      vertex 8.23165 11.6567 4
      vertex 0 14 4
      vertex 8.22385 11.6564 4
    endloop
  endfacet
  facet normal 0 0 1
    outer loop
      vertex 0 136 4
      vertex 7.94981 138.38 4
      vertex 7.94219 138.381 4
    endloop
  endfacet
  facet normal 0 0 1
    outer loop
      vertex 8.22385 11.6564 4
      vertex 0 14 4
      vertex 8.21611 11.6553 4
    endloop
  endfacet
  facet normal 0 0 1
    outer loop
      vertex 0 136 4
      vertex 7.94219 138.381 4
      vertex 7.67995 138.44 4
    endloop
  endfacet
  facet normal 0 0 1
    outer loop
      vertex 8.21611 11.6553 4
      vertex 0 14 4
      vertex 7.94981 11.6203 4
    endloop
  endfacet
  facet normal 0 0 1
    outer loop
      vertex 0 136 4
      vertex 7.67995 138.44 4
      vertex 7.42378 138.52 4
    endloop
  endfacet
  facet normal 0 0 1
    outer loop
      vertex 7.94981 11.6203 4
      vertex 0 14 4
      vertex 7.94219 11.6186 4
    endloop
  endfacet
  facet normal 0 0 1
    outer loop
      vertex 0 136 4
      vertex 7.42378 138.52 4
      vertex 7.41634 138.523 4
    endloop
  endfacet
  facet normal 0 0 1
    outer loop
      vertex 7.94219 11.6186 4
      vertex 0 14 4
      vertex 7.67995 11.5605 4
    endloop
  endfacet
  facet normal 0 0 1
    outer loop
      vertex 0 136 4
      vertex 7.41634 138.523 4
      vertex 7.40912 138.526 4
    endloop
  endfacet
  facet normal 0 0 1
    outer loop
      vertex 7.67995 11.5605 4
      vertex 0 14 4
      vertex 7.42378 11.4797 4
    endloop
  endfacet
  facet normal 0 0 1
    outer loop
      vertex 0 136 4
      vertex 7.40912 138.526 4
      vertex 7.16097 138.628 4
    endloop
  endfacet
  facet normal 0 0 1
    outer loop
      vertex 7.42378 11.4797 4
      vertex 0 14 4
      vertex 7.41634 11.4773 4
    endloop
  endfacet
  facet normal 0 0 1
    outer loop
      vertex 0 136 4
      vertex 7.16097 138.628 4
      vertex 6.92271 138.752 4
    endloop
  endfacet
  facet normal 0 0 1
    outer loop
      vertex 7.41634 11.4773 4
      vertex 0 14 4
      vertex 7.40912 11.4744 4
    endloop
  endfacet
  facet normal 0 0 1
    outer loop
      vertex 0 136 4
      vertex 6.92271 138.752 4
      vertex 6.91579 138.756 4
    endloop
  endfacet
  facet normal 0 0 1
    outer loop
      vertex 7.40912 11.4744 4
      vertex 0 14 4
      vertex 7.16097 11.3716 4
    endloop
  endfacet
  facet normal 0 0 1
    outer loop
      vertex 0 136 4
      vertex 6.91579 138.756 4
      vertex 6.90921 138.76 4
    endloop
  endfacet
  facet normal 0 0 1
    outer loop
      vertex 7.16097 11.3716 4
      vertex 0 14 4
      vertex 6.92271 11.2475 4
    endloop
  endfacet
  facet normal 0 0 1
    outer loop
      vertex 0 136 4
      vertex 6.90921 138.76 4
      vertex 6.68267 138.905 4
    endloop
  endfacet
  facet normal 0 0 1
    outer loop
      vertex 6.92271 11.2475 4
      vertex 0 14 4
      vertex 6.91579 11.2439 4
    endloop
  endfacet
  facet normal 0 0 1
    outer loop
      vertex 0 136 4
      vertex 6.68267 138.905 4
      vertex 6.46957 139.068 4
    endloop
  endfacet
  facet normal 0 0 1
    outer loop
      vertex 6.91579 11.2439 4
      vertex 0 14 4
      vertex 6.90921 11.2397 4
    endloop
  endfacet
  facet normal 0 0 1
    outer loop
      vertex 0 136 4
      vertex 6.46957 139.068 4
      vertex 6.46338 139.073 4
    endloop
  endfacet
  facet normal 0 0 1
    outer loop
      vertex 6.90921 11.2397 4
      vertex 0 14 4
      vertex 6.68267 11.0954 4
    endloop
  endfacet
  facet normal 0 0 1
    outer loop
      vertex 0 136 4
      vertex 6.46338 139.073 4
      vertex 6.26534 139.254 4
    endloop
  endfacet
  facet normal 0 0 1
    outer loop
      vertex 6.68267 11.0954 4
      vertex 0 14 4
      vertex 6.46957 10.9319 4
    endloop
  endfacet
  facet normal 0 0 1
    outer loop
      vertex 0.0532684 137.22 4
      vertex 6.26534 139.254 4
      vertex 6.25959 139.26 4
    endloop
  endfacet
  facet normal 0 0 1
    outer loop
      vertex 6.46957 10.9319 4
      vertex 0 14 4
      vertex 6.46338 10.9272 4
    endloop
  endfacet
  facet normal 0 0 1
    outer loop
      vertex 0.0532684 137.22 4
      vertex 6.25959 139.26 4
      vertex 6.25431 139.265 4
    endloop
  endfacet
  facet normal 0 0 1
    outer loop
      vertex 6.46338 10.9272 4
      vertex 0 14 4
      vertex 6.26534 10.7457 4
    endloop
  endfacet
  facet normal 0 0 1
    outer loop
      vertex 0.0532684 137.22 4
      vertex 6.25431 139.265 4
      vertex 6.07285 139.463 4
    endloop
  endfacet
  facet normal -0 -0 1
    outer loop
      vertex 0.0532684 12.7798 4
      vertex 6.26534 10.7457 4
      vertex 0 14 4
    endloop
  endfacet
  facet normal 0 0 1
    outer loop
      vertex 0.0532684 137.22 4
      vertex 6.07285 139.463 4
      vertex 6.0681 139.47 4
    endloop
  endfacet
  facet normal 0 0 1
    outer loop
      vertex 6.26534 10.7457 4
      vertex 0.0532684 12.7798 4
      vertex 6.25959 10.7404 4
    endloop
  endfacet
  facet normal 0 0 1
    outer loop
      vertex 0.212692 138.431 4
      vertex 6.0681 139.47 4
      vertex 5.90458 139.683 4
    endloop
  endfacet
  facet normal 0 0 1
    outer loop
      vertex 6.25959 10.7404 4
      vertex 0.0532684 12.7798 4
      vertex 6.25431 10.7347 4
    endloop
  endfacet
  facet normal 0 0 1
    outer loop
      vertex 0.212692 138.431 4
      vertex 5.90458 139.683 4
      vertex 5.76026 139.909 4
    endloop
  endfacet
  facet normal 0 0 1
    outer loop
      vertex 6.25431 10.7347 4
      vertex 0.0532684 12.7798 4
      vertex 6.07285 10.5366 4
    endloop
  endfacet
  facet normal 0 0 1
    outer loop
      vertex 0.212692 138.431 4
      vertex 5.76026 139.909 4
      vertex 5.75607 139.916 4
    endloop
  endfacet
  facet normal 0 0 1
    outer loop
      vertex 6.07285 10.5366 4
      vertex 0.0532684 12.7798 4
      vertex 6.0681 10.5304 4
    endloop
  endfacet
  facet normal 0 0 1
    outer loop
      vertex 0.477036 139.623 4
      vertex 5.75607 139.916 4
      vertex 5.75246 139.923 4
    endloop
  endfacet
  facet normal -0 -0 1
    outer loop
      vertex 0.212692 11.5689 4
      vertex 6.0681 10.5304 4
      vertex 0.0532684 12.7798 4
    endloop
  endfacet
  facet normal 0 0 1
    outer loop
      vertex 0.477036 139.623 4
      vertex 5.75246 139.923 4
      vertex 5.62843 140.161 4
    endloop
  endfacet
  facet normal 0 0 1
    outer loop
      vertex 6.0681 10.5304 4
      vertex 0.212692 11.5689 4
      vertex 5.90458 10.3173 4
    endloop
  endfacet
  facet normal 0 0 1
    outer loop
      vertex 0.477036 139.623 4
      vertex 5.62843 140.161 4
      vertex 5.52564 140.409 4
    endloop
  endfacet
  facet normal 0 0 1
    outer loop
      vertex 5.90458 10.3173 4
      vertex 0.212692 11.5689 4
      vertex 5.76026 10.0908 4
    endloop
  endfacet
  facet normal 0 0 1
    outer loop
      vertex 0.477036 139.623 4
      vertex 5.52564 140.409 4
      vertex 5.52266 140.416 4
    endloop
  endfacet
  facet normal 0 0 1
    outer loop
      vertex 5.76026 10.0908 4
      vertex 0.212692 11.5689 4
      vertex 5.75607 10.0842 4
    endloop
  endfacet
  facet normal 0 0 1
    outer loop
      vertex 0.844299 140.788 4
      vertex 5.52266 140.416 4
      vertex 5.52031 140.424 4
    endloop
  endfacet
  facet normal -0 -0 1
    outer loop
      vertex 0.477036 10.3765 4
      vertex 5.75607 10.0842 4
      vertex 0.212692 11.5689 4
    endloop
  endfacet
  facet normal 0 0 1
    outer loop
      vertex 0.844299 140.788 4
      vertex 5.52031 140.424 4
      vertex 5.43954 140.68 4
    endloop
  endfacet
  facet normal 0 0 1
    outer loop
      vertex 5.75607 10.0842 4
      vertex 0.477036 10.3765 4
      vertex 5.75246 10.0773 4
    endloop
  endfacet
  facet normal -0 0 1
    outer loop
      vertex 0.844299 140.788 4
      vertex 5.43954 140.68 4
      vertex 5.3814 140.942 4
    endloop
  endfacet
  facet normal 0 0 1
    outer loop
      vertex 5.75246 10.0773 4
      vertex 0.477036 10.3765 4
      vertex 5.62843 9.83903 4
    endloop
  endfacet
  facet normal 0 0 1
    outer loop
      vertex 0.844299 140.788 4
      vertex 5.3814 140.942 4
      vertex 5.37971 140.95 4
    endloop
  endfacet
  facet normal 0 0 1
    outer loop
      vertex 5.62843 9.83903 4
      vertex 0.477036 10.3765 4
      vertex 5.52564 9.59087 4
    endloop
  endfacet
  facet normal 0 0 1
    outer loop
      vertex 1.31169 141.917 4
      vertex 5.37971 140.95 4
      vertex 5.34465 141.216 4
    endloop
  endfacet
  facet normal 0 0 1
    outer loop
      vertex 5.52564 9.59087 4
      vertex 0.477036 10.3765 4
      vertex 5.52266 9.58366 4
    endloop
  endfacet
  facet normal 0 0 1
    outer loop
      vertex 1.31169 141.917 4
      vertex 5.34465 141.216 4
      vertex 5.34363 141.224 4
    endloop
  endfacet
  facet normal 0 -0 1
    outer loop
      vertex 0.844299 9.21172 4
      vertex 5.52266 9.58366 4
      vertex 0.477036 10.3765 4
    endloop
  endfacet
  facet normal 0 0 1
    outer loop
      vertex 1.31169 141.917 4
      vertex 5.34363 141.224 4
      vertex 5.34329 141.232 4
    endloop
  endfacet
  facet normal 0 0 1
    outer loop
      vertex 5.52266 9.58366 4
      vertex 0.844299 9.21172 4
      vertex 5.52031 9.57622 4
    endloop
  endfacet
  facet normal 0 0 1
    outer loop
      vertex 1.31169 141.917 4
      vertex 5.34329 141.232 4
      vertex 5.33158 141.5 4
    endloop
  endfacet
  facet normal 0 0 1
    outer loop
      vertex 5.52031 9.57622 4
      vertex 0.844299 9.21172 4
      vertex 5.43954 9.32005 4
    endloop
  endfacet
  facet normal 0 0 1
    outer loop
      vertex 11.6567 141.232 4
      vertex 14 150 4
      vertex 11.6684 141.5 4
    endloop
  endfacet
  facet normal 0 0 1
    outer loop
      vertex 11.6564 141.224 4
      vertex 14 150 4
      vertex 11.6567 141.232 4
    endloop
  endfacet
  facet normal 0 0 1
    outer loop
      vertex 10.7457 143.735 4
      vertex 14 150 4
      vertex 12.7798 149.947 4
    endloop
  endfacet
  facet normal 0 0 1
    outer loop
      vertex 11.6553 141.216 4
      vertex 14 150 4
      vertex 11.6564 141.224 4
    endloop
  endfacet
  facet normal 0 0 1
    outer loop
      vertex 99.7 0 4
      vertex 11.6684 8.5 4
      vertex 14 0 4
    endloop
  endfacet
  facet normal 0 0 1
    outer loop
      vertex 14 150 4
      vertex 11.6567 141.768 4
      vertex 11.6684 141.5 4
    endloop
  endfacet
  facet normal 0 0 1
    outer loop
      vertex 14 150 4
      vertex 11.6564 141.776 4
      vertex 11.6567 141.768 4
    endloop
  endfacet
  facet normal 0 0 1
    outer loop
      vertex 14 150 4
      vertex 11.6553 141.784 4
      vertex 11.6564 141.776 4
    endloop
  endfacet
  facet normal 0 0 1
    outer loop
      vertex 14 150 4
      vertex 11.6203 142.05 4
      vertex 11.6553 141.784 4
    endloop
  endfacet
  facet normal 0 0 1
    outer loop
      vertex 14 150 4
      vertex 11.6186 142.058 4
      vertex 11.6203 142.05 4
    endloop
  endfacet
  facet normal 0 0 1
    outer loop
      vertex 10.5366 143.927 4
      vertex 12.7798 149.947 4
      vertex 11.5689 149.787 4
    endloop
  endfacet
  facet normal 0 0 1
    outer loop
      vertex 14 150 4
      vertex 11.5605 142.32 4
      vertex 11.6186 142.058 4
    endloop
  endfacet
  facet normal 0 0 1
    outer loop
      vertex 14 150 4
      vertex 11.4797 142.576 4
      vertex 11.5605 142.32 4
    endloop
  endfacet
  facet normal 0 0 1
    outer loop
      vertex 14 150 4
      vertex 11.4773 142.584 4
      vertex 11.4797 142.576 4
    endloop
  endfacet
  facet normal 0 0 1
    outer loop
      vertex 14 150 4
      vertex 11.4744 142.591 4
      vertex 11.4773 142.584 4
    endloop
  endfacet
  facet normal 0 0 1
    outer loop
      vertex 14 150 4
      vertex 11.3716 142.839 4
      vertex 11.4744 142.591 4
    endloop
  endfacet
  facet normal 0 0 1
    outer loop
      vertex 14 150 4
      vertex 11.2475 143.077 4
      vertex 11.3716 142.839 4
    endloop
  endfacet
  facet normal 0 0 1
    outer loop
      vertex 14 150 4
      vertex 11.2439 143.084 4
      vertex 11.2475 143.077 4
    endloop
  endfacet
  facet normal 0 0 1
    outer loop
      vertex 14 150 4
      vertex 11.2397 143.091 4
      vertex 11.2439 143.084 4
    endloop
  endfacet
  facet normal 0 0 1
    outer loop
      vertex 14 150 4
      vertex 11.0954 143.317 4
      vertex 11.2397 143.091 4
    endloop
  endfacet
  facet normal 0 0 1
    outer loop
      vertex 14 150 4
      vertex 10.9319 143.53 4
      vertex 11.0954 143.317 4
    endloop
  endfacet
  facet normal 0 0 1
    outer loop
      vertex 14 150 4
      vertex 10.9272 143.537 4
      vertex 10.9319 143.53 4
    endloop
  endfacet
  facet normal 0 0 1
    outer loop
      vertex 14 150 4
      vertex 10.7457 143.735 4
      vertex 10.9272 143.537 4
    endloop
  endfacet
  facet normal 0 0 1
    outer loop
      vertex 12.7798 149.947 4
      vertex 10.7404 143.74 4
      vertex 10.7457 143.735 4
    endloop
  endfacet
  facet normal 0 0 1
    outer loop
      vertex 12.7798 149.947 4
      vertex 10.7347 143.746 4
      vertex 10.7404 143.74 4
    endloop
  endfacet
  facet normal 0 0 1
    outer loop
      vertex 12.7798 149.947 4
      vertex 10.5366 143.927 4
      vertex 10.7347 143.746 4
    endloop
  endfacet
  facet normal 0 0 1
    outer loop
      vertex 11.5689 149.787 4
      vertex 10.5304 143.932 4
      vertex 10.5366 143.927 4
    endloop
  endfacet
  facet normal 0 0 1
    outer loop
      vertex 10.0842 144.244 4
      vertex 11.5689 149.787 4
      vertex 10.3765 149.523 4
    endloop
  endfacet
  facet normal 0 0 1
    outer loop
      vertex 11.5689 149.787 4
      vertex 10.3173 144.095 4
      vertex 10.5304 143.932 4
    endloop
  endfacet
  facet normal 0 0 1
    outer loop
      vertex 11.5689 149.787 4
      vertex 10.0908 144.24 4
      vertex 10.3173 144.095 4
    endloop
  endfacet
  facet normal 0 0 1
    outer loop
      vertex 11.5689 149.787 4
      vertex 10.0842 144.244 4
      vertex 10.0908 144.24 4
    endloop
  endfacet
  facet normal 0 0 1
    outer loop
      vertex 10.3765 149.523 4
      vertex 10.0773 144.248 4
      vertex 10.0842 144.244 4
    endloop
  endfacet
  facet normal 0 0 1
    outer loop
      vertex 10.3765 149.523 4
      vertex 9.83903 144.372 4
      vertex 10.0773 144.248 4
    endloop
  endfacet
  facet normal 0 0 1
    outer loop
      vertex 10.3765 149.523 4
      vertex 9.59087 144.474 4
      vertex 9.83903 144.372 4
    endloop
  endfacet
  facet normal 0 0 1
    outer loop
      vertex 10.3765 149.523 4
      vertex 9.58366 144.477 4
      vertex 9.59087 144.474 4
    endloop
  endfacet
  facet normal -0 0 1
    outer loop
      vertex 9.21172 149.156 4
      vertex 9.58366 144.477 4
      vertex 10.3765 149.523 4
    endloop
  endfacet
  facet normal 0 0 1
    outer loop
      vertex 9.58366 144.477 4
      vertex 9.21172 149.156 4
      vertex 9.57622 144.48 4
    endloop
  endfacet
  facet normal 0 0 1
    outer loop
      vertex 9.57622 144.48 4
      vertex 9.21172 149.156 4
      vertex 9.32005 144.56 4
    endloop
  endfacet
  facet normal 0 0 1
    outer loop
      vertex 9.21172 149.156 4
      vertex 9.05781 144.619 4
      vertex 9.32005 144.56 4
    endloop
  endfacet
  facet normal 0 0 1
    outer loop
      vertex 9.21172 149.156 4
      vertex 9.05019 144.62 4
      vertex 9.05781 144.619 4
    endloop
  endfacet
  facet normal -0 0 1
    outer loop
      vertex 8.08334 148.688 4
      vertex 9.05019 144.62 4
      vertex 9.21172 149.156 4
    endloop
  endfacet
  facet normal 0 0 1
    outer loop
      vertex 9.05019 144.62 4
      vertex 8.08334 148.688 4
      vertex 8.78388 144.655 4
    endloop
  endfacet
  facet normal 0 0 1
    outer loop
      vertex 8.78388 144.655 4
      vertex 8.08334 148.688 4
      vertex 8.77615 144.656 4
    endloop
  endfacet
  facet normal 0 0 1
    outer loop
      vertex 8.77615 144.656 4
      vertex 8.08334 148.688 4
      vertex 8.76835 144.657 4
    endloop
  endfacet
  facet normal 0 0 1
    outer loop
      vertex 8.76835 144.657 4
      vertex 8.08334 148.688 4
      vertex 8.5 144.668 4
    endloop
  endfacet
  facet normal -0 0 1
    outer loop
      vertex 7 148.124 4
      vertex 8.5 144.668 4
      vertex 8.08334 148.688 4
    endloop
  endfacet
  facet normal 0 0 1
    outer loop
      vertex 8.5 144.668 4
      vertex 7 148.124 4
      vertex 8.23165 144.657 4
    endloop
  endfacet
  facet normal 0 0 1
    outer loop
      vertex 8.23165 144.657 4
      vertex 7 148.124 4
      vertex 8.22385 144.656 4
    endloop
  endfacet
  facet normal 0 0 1
    outer loop
      vertex 8.22385 144.656 4
      vertex 7 148.124 4
      vertex 8.21611 144.655 4
    endloop
  endfacet
  facet normal 0 0 1
    outer loop
      vertex 8.21611 144.655 4
      vertex 7 148.124 4
      vertex 7.94981 144.62 4
    endloop
  endfacet
  facet normal 0 0 1
    outer loop
      vertex 7.94981 144.62 4
      vertex 7 148.124 4
      vertex 7.94219 144.619 4
    endloop
  endfacet
  facet normal 0 0 1
    outer loop
      vertex 7.94219 144.619 4
      vertex 7 148.124 4
      vertex 7.67995 144.56 4
    endloop
  endfacet
  facet normal -0 0 1
    outer loop
      vertex 5.96992 147.468 4
      vertex 7.67995 144.56 4
      vertex 7 148.124 4
    endloop
  endfacet
  facet normal 0 0 1
    outer loop
      vertex 7.67995 144.56 4
      vertex 5.96992 147.468 4
      vertex 7.42378 144.48 4
    endloop
  endfacet
  facet normal 0 0 1
    outer loop
      vertex 7.42378 144.48 4
      vertex 5.96992 147.468 4
      vertex 7.41634 144.477 4
    endloop
  endfacet
  facet normal 0 0 1
    outer loop
      vertex 7.41634 144.477 4
      vertex 5.96992 147.468 4
      vertex 7.40912 144.474 4
    endloop
  endfacet
  facet normal 0 0 1
    outer loop
      vertex 7.40912 144.474 4
      vertex 5.96992 147.468 4
      vertex 7.16097 144.372 4
    endloop
  endfacet
  facet normal -0 0 1
    outer loop
      vertex 5.00098 146.725 4
      vertex 7.16097 144.372 4
      vertex 5.96992 147.468 4
    endloop
  endfacet
  facet normal 0 0 1
    outer loop
      vertex 7.16097 144.372 4
      vertex 5.00098 146.725 4
      vertex 6.92271 144.248 4
    endloop
  endfacet
  facet normal 0 0 1
    outer loop
      vertex 6.92271 144.248 4
      vertex 5.00098 146.725 4
      vertex 6.91579 144.244 4
    endloop
  endfacet
  facet normal 0 0 1
    outer loop
      vertex 6.91579 144.244 4
      vertex 5.00098 146.725 4
      vertex 6.90921 144.24 4
    endloop
  endfacet
  facet normal 0 0 1
    outer loop
      vertex 6.90921 144.24 4
      vertex 5.00098 146.725 4
      vertex 6.68267 144.095 4
    endloop
  endfacet
  facet normal 0 0 1
    outer loop
      vertex 6.68267 144.095 4
      vertex 5.00098 146.725 4
      vertex 6.46957 143.932 4
    endloop
  endfacet
  facet normal -0 0 1
    outer loop
      vertex 4.10051 145.899 4
      vertex 6.46957 143.932 4
      vertex 5.00098 146.725 4
    endloop
  endfacet
  facet normal 0 0 1
    outer loop
      vertex 6.46957 143.932 4
      vertex 4.10051 145.899 4
      vertex 6.46338 143.927 4
    endloop
  endfacet
  facet normal 0 0 1
    outer loop
      vertex 6.46338 143.927 4
      vertex 4.10051 145.899 4
      vertex 6.26534 143.746 4
    endloop
  endfacet
  facet normal 0 0 1
    outer loop
      vertex 6.26534 143.746 4
      vertex 4.10051 145.899 4
      vertex 6.25959 143.74 4
    endloop
  endfacet
  facet normal 0 0 1
    outer loop
      vertex 6.25959 143.74 4
      vertex 4.10051 145.899 4
      vertex 6.25431 143.735 4
    endloop
  endfacet
  facet normal 0 0 1
    outer loop
      vertex 6.25431 143.735 4
      vertex 4.10051 145.899 4
      vertex 6.07285 143.537 4
    endloop
  endfacet
  facet normal 0 0 1
    outer loop
      vertex 6.07285 143.537 4
      vertex 4.10051 145.899 4
      vertex 6.0681 143.53 4
    endloop
  endfacet
  facet normal -0 0 1
    outer loop
      vertex 3.27538 144.999 4
      vertex 6.0681 143.53 4
      vertex 4.10051 145.899 4
    endloop
  endfacet
  facet normal 0 0 1
    outer loop
      vertex 6.0681 143.53 4
      vertex 3.27538 144.999 4
      vertex 5.90458 143.317 4
    endloop
  endfacet
  facet normal 0 0 1
    outer loop
      vertex 5.90458 143.317 4
      vertex 3.27538 144.999 4
      vertex 5.76026 143.091 4
    endloop
  endfacet
  facet normal 0 0 1
    outer loop
      vertex 5.76026 143.091 4
      vertex 3.27538 144.999 4
      vertex 5.75607 143.084 4
    endloop
  endfacet
  facet normal 0 0 1
    outer loop
      vertex 5.75607 143.084 4
      vertex 3.27538 144.999 4
      vertex 5.75246 143.077 4
    endloop
  endfacet
  facet normal 0 0 1
    outer loop
      vertex 5.75246 143.077 4
      vertex 3.27538 144.999 4
      vertex 5.62843 142.839 4
    endloop
  endfacet
  facet normal -0 0 1
    outer loop
      vertex 2.53188 144.03 4
      vertex 5.62843 142.839 4
      vertex 3.27538 144.999 4
    endloop
  endfacet
  facet normal 0 0 1
    outer loop
      vertex 5.62843 142.839 4
      vertex 2.53188 144.03 4
      vertex 5.52564 142.591 4
    endloop
  endfacet
  facet normal 0 0 1
    outer loop
      vertex 5.52564 142.591 4
      vertex 2.53188 144.03 4
      vertex 5.52266 142.584 4
    endloop
  endfacet
  facet normal 0 0 1
    outer loop
      vertex 5.52266 142.584 4
      vertex 2.53188 144.03 4
      vertex 5.52031 142.576 4
    endloop
  endfacet
  facet normal 0 0 1
    outer loop
      vertex 5.52031 142.576 4
      vertex 2.53188 144.03 4
      vertex 5.43954 142.32 4
    endloop
  endfacet
  facet normal 0 0 1
    outer loop
      vertex 5.37971 142.05 4
      vertex 1.87564 143 4
      vertex 5.34465 141.784 4
    endloop
  endfacet
  facet normal 0 0 1
    outer loop
      vertex 5.3814 142.058 4
      vertex 1.87564 143 4
      vertex 5.37971 142.05 4
    endloop
  endfacet
  facet normal -0 0 1
    outer loop
      vertex 1.87564 143 4
      vertex 5.3814 142.058 4
      vertex 2.53188 144.03 4
    endloop
  endfacet
  facet normal 0 0 1
    outer loop
      vertex 5.43954 142.32 4
      vertex 2.53188 144.03 4
      vertex 5.3814 142.058 4
    endloop
  endfacet
  facet normal -0 0 1
    outer loop
      vertex 11.6567 8.23165 4
      vertex 14 0 4
      vertex 11.6684 8.5 4
    endloop
  endfacet
  facet normal -0 0 1
    outer loop
      vertex 11.6564 8.22385 4
      vertex 14 0 4
      vertex 11.6567 8.23165 4
    endloop
  endfacet
  facet normal -0 0 1
    outer loop
      vertex 11.6553 8.21611 4
      vertex 14 0 4
      vertex 11.6564 8.22385 4
    endloop
  endfacet
  facet normal -0 0 1
    outer loop
      vertex 11.6203 7.94981 4
      vertex 14 0 4
      vertex 11.6553 8.21611 4
    endloop
  endfacet
  facet normal -0 0 1
    outer loop
      vertex 11.6186 7.94219 4
      vertex 14 0 4
      vertex 11.6203 7.94981 4
    endloop
  endfacet
  facet normal -0 0 1
    outer loop
      vertex 11.5605 7.67995 4
      vertex 14 0 4
      vertex 11.6186 7.94219 4
    endloop
  endfacet
  facet normal -0 0 1
    outer loop
      vertex 11.4797 7.42378 4
      vertex 14 0 4
      vertex 11.5605 7.67995 4
    endloop
  endfacet
  facet normal -0 0 1
    outer loop
      vertex 11.4773 7.41634 4
      vertex 14 0 4
      vertex 11.4797 7.42378 4
    endloop
  endfacet
  facet normal -0 0 1
    outer loop
      vertex 11.4744 7.40912 4
      vertex 14 0 4
      vertex 11.4773 7.41634 4
    endloop
  endfacet
  facet normal -0 0 1
    outer loop
      vertex 11.3716 7.16097 4
      vertex 14 0 4
      vertex 11.4744 7.40912 4
    endloop
  endfacet
  facet normal -0 0 1
    outer loop
      vertex 11.2475 6.92271 4
      vertex 14 0 4
      vertex 11.3716 7.16097 4
    endloop
  endfacet
  facet normal -0 0 1
    outer loop
      vertex 11.2439 6.91579 4
      vertex 14 0 4
      vertex 11.2475 6.92271 4
    endloop
  endfacet
  facet normal -0 0 1
    outer loop
      vertex 11.2397 6.90921 4
      vertex 14 0 4
      vertex 11.2439 6.91579 4
    endloop
  endfacet
  facet normal -0 0 1
    outer loop
      vertex 11.0954 6.68267 4
      vertex 14 0 4
      vertex 11.2397 6.90921 4
    endloop
  endfacet
  facet normal -0 0 1
    outer loop
      vertex 10.9319 6.46957 4
      vertex 14 0 4
      vertex 11.0954 6.68267 4
    endloop
  endfacet
  facet normal -0 0 1
    outer loop
      vertex 10.9272 6.46338 4
      vertex 14 0 4
      vertex 10.9319 6.46957 4
    endloop
  endfacet
  facet normal -0 0 1
    outer loop
      vertex 10.7457 6.26534 4
      vertex 14 0 4
      vertex 10.9272 6.46338 4
    endloop
  endfacet
  facet normal 0 0 1
    outer loop
      vertex 14 0 4
      vertex 10.7457 6.26534 4
      vertex 12.7798 0.0532684 4
    endloop
  endfacet
  facet normal -0 0 1
    outer loop
      vertex 10.7404 6.25959 4
      vertex 12.7798 0.0532684 4
      vertex 10.7457 6.26534 4
    endloop
  endfacet
  facet normal -0 0 1
    outer loop
      vertex 10.7347 6.25431 4
      vertex 12.7798 0.0532684 4
      vertex 10.7404 6.25959 4
    endloop
  endfacet
  facet normal -0 0 1
    outer loop
      vertex 10.5366 6.07285 4
      vertex 12.7798 0.0532684 4
      vertex 10.7347 6.25431 4
    endloop
  endfacet
  facet normal 0 0 1
    outer loop
      vertex 12.7798 0.0532684 4
      vertex 10.5366 6.07285 4
      vertex 11.5689 0.212692 4
    endloop
  endfacet
  facet normal -0 0 1
    outer loop
      vertex 10.5304 6.0681 4
      vertex 11.5689 0.212692 4
      vertex 10.5366 6.07285 4
    endloop
  endfacet
  facet normal -0 0 1
    outer loop
      vertex 10.3173 5.90458 4
      vertex 11.5689 0.212692 4
      vertex 10.5304 6.0681 4
    endloop
  endfacet
  facet normal -0 0 1
    outer loop
      vertex 10.0908 5.76026 4
      vertex 11.5689 0.212692 4
      vertex 10.3173 5.90458 4
    endloop
  endfacet
  facet normal -0 0 1
    outer loop
      vertex 10.0842 5.75607 4
      vertex 11.5689 0.212692 4
      vertex 10.0908 5.76026 4
    endloop
  endfacet
  facet normal 0 0 1
    outer loop
      vertex 11.5689 0.212692 4
      vertex 10.0842 5.75607 4
      vertex 10.3765 0.477036 4
    endloop
  endfacet
  facet normal -0 0 1
    outer loop
      vertex 10.0773 5.75246 4
      vertex 10.3765 0.477036 4
      vertex 10.0842 5.75607 4
    endloop
  endfacet
  facet normal -0 0 1
    outer loop
      vertex 9.83903 5.62843 4
      vertex 10.3765 0.477036 4
      vertex 10.0773 5.75246 4
    endloop
  endfacet
  facet normal -0 0 1
    outer loop
      vertex 9.59087 5.52564 4
      vertex 10.3765 0.477036 4
      vertex 9.83903 5.62843 4
    endloop
  endfacet
  facet normal -0 0 1
    outer loop
      vertex 9.58366 5.52266 4
      vertex 10.3765 0.477036 4
      vertex 9.59087 5.52564 4
    endloop
  endfacet
  facet normal 0 0 1
    outer loop
      vertex 9.21172 0.844299 4
      vertex 9.58366 5.52266 4
      vertex 9.57622 5.52031 4
    endloop
  endfacet
  facet normal 0 0 1
    outer loop
      vertex 9.21172 0.844299 4
      vertex 9.57622 5.52031 4
      vertex 9.32005 5.43954 4
    endloop
  endfacet
  facet normal 0 0 1
    outer loop
      vertex 9.58366 5.52266 4
      vertex 9.21172 0.844299 4
      vertex 10.3765 0.477036 4
    endloop
  endfacet
  facet normal -0 0 1
    outer loop
      vertex 9.05781 5.3814 4
      vertex 9.21172 0.844299 4
      vertex 9.32005 5.43954 4
    endloop
  endfacet
  facet normal -0 0 1
    outer loop
      vertex 9.05019 5.37971 4
      vertex 9.21172 0.844299 4
      vertex 9.05781 5.3814 4
    endloop
  endfacet
  facet normal 0 0 1
    outer loop
      vertex 8.08334 1.31169 4
      vertex 9.05019 5.37971 4
      vertex 8.78388 5.34465 4
    endloop
  endfacet
  facet normal 0 0 1
    outer loop
      vertex 8.08334 1.31169 4
      vertex 8.78388 5.34465 4
      vertex 8.77615 5.34363 4
    endloop
  endfacet
  facet normal 0 0 1
    outer loop
      vertex 8.08334 1.31169 4
      vertex 8.77615 5.34363 4
      vertex 8.76835 5.34329 4
    endloop
  endfacet
  facet normal 0 0 1
    outer loop
      vertex 8.08334 1.31169 4
      vertex 8.76835 5.34329 4
      vertex 8.5 5.33158 4
    endloop
  endfacet
  facet normal 0 0 1
    outer loop
      vertex 7 1.87564 4
      vertex 8.5 5.33158 4
      vertex 8.23165 5.34329 4
    endloop
  endfacet
  facet normal 0 0 1
    outer loop
      vertex 7 1.87564 4
      vertex 8.23165 5.34329 4
      vertex 8.22385 5.34363 4
    endloop
  endfacet
  facet normal 0 0 1
    outer loop
      vertex 7 1.87564 4
      vertex 8.22385 5.34363 4
      vertex 8.21611 5.34465 4
    endloop
  endfacet
  facet normal 0 0 1
    outer loop
      vertex 9.05019 5.37971 4
      vertex 8.08334 1.31169 4
      vertex 9.21172 0.844299 4
    endloop
  endfacet
  facet normal 0 0 1
    outer loop
      vertex 7 1.87564 4
      vertex 8.21611 5.34465 4
      vertex 7.94981 5.37971 4
    endloop
  endfacet
  facet normal 0 0 1
    outer loop
      vertex 7 1.87564 4
      vertex 7.94981 5.37971 4
      vertex 7.94219 5.3814 4
    endloop
  endfacet
  facet normal 0 0 1
    outer loop
      vertex 7 1.87564 4
      vertex 7.94219 5.3814 4
      vertex 7.67995 5.43954 4
    endloop
  endfacet
  facet normal 0 0 1
    outer loop
      vertex 5.96992 2.53188 4
      vertex 7.67995 5.43954 4
      vertex 7.42378 5.52031 4
    endloop
  endfacet
  facet normal 0 0 1
    outer loop
      vertex 5.96992 2.53188 4
      vertex 7.42378 5.52031 4
      vertex 7.41634 5.52266 4
    endloop
  endfacet
  facet normal 0 0 1
    outer loop
      vertex 5.96992 2.53188 4
      vertex 7.41634 5.52266 4
      vertex 7.40912 5.52564 4
    endloop
  endfacet
  facet normal 0 0 1
    outer loop
      vertex 5.96992 2.53188 4
      vertex 7.40912 5.52564 4
      vertex 7.16097 5.62843 4
    endloop
  endfacet
  facet normal 0 0 1
    outer loop
      vertex 8.5 5.33158 4
      vertex 7 1.87564 4
      vertex 8.08334 1.31169 4
    endloop
  endfacet
  facet normal 0 0 1
    outer loop
      vertex 5.00098 3.27538 4
      vertex 7.16097 5.62843 4
      vertex 6.92271 5.75246 4
    endloop
  endfacet
  facet normal 0 0 1
    outer loop
      vertex 5.00098 3.27538 4
      vertex 6.92271 5.75246 4
      vertex 6.91579 5.75607 4
    endloop
  endfacet
  facet normal 0 0 1
    outer loop
      vertex 5.00098 3.27538 4
      vertex 6.91579 5.75607 4
      vertex 6.90921 5.76026 4
    endloop
  endfacet
  facet normal 0 0 1
    outer loop
      vertex 5.00098 3.27538 4
      vertex 6.90921 5.76026 4
      vertex 6.68267 5.90458 4
    endloop
  endfacet
  facet normal 0 0 1
    outer loop
      vertex 5.00098 3.27538 4
      vertex 6.68267 5.90458 4
      vertex 6.46957 6.0681 4
    endloop
  endfacet
  facet normal 0 0 1
    outer loop
      vertex 4.10051 4.10051 4
      vertex 6.46957 6.0681 4
      vertex 6.46338 6.07285 4
    endloop
  endfacet
  facet normal 0 0 1
    outer loop
      vertex 4.10051 4.10051 4
      vertex 6.46338 6.07285 4
      vertex 6.26534 6.25431 4
    endloop
  endfacet
  facet normal 0 0 1
    outer loop
      vertex 4.10051 4.10051 4
      vertex 6.26534 6.25431 4
      vertex 6.25959 6.25959 4
    endloop
  endfacet
  facet normal 0 0 1
    outer loop
      vertex 4.10051 4.10051 4
      vertex 6.25959 6.25959 4
      vertex 6.25431 6.26534 4
    endloop
  endfacet
  facet normal 0 0 1
    outer loop
      vertex 4.10051 4.10051 4
      vertex 6.25431 6.26534 4
      vertex 6.07285 6.46338 4
    endloop
  endfacet
  facet normal 0 0 1
    outer loop
      vertex 4.10051 4.10051 4
      vertex 6.07285 6.46338 4
      vertex 6.0681 6.46957 4
    endloop
  endfacet
  facet normal 0 0 1
    outer loop
      vertex 7.67995 5.43954 4
      vertex 5.96992 2.53188 4
      vertex 7 1.87564 4
    endloop
  endfacet
  facet normal 0 0 1
    outer loop
      vertex 3.27538 5.00098 4
      vertex 6.0681 6.46957 4
      vertex 5.90458 6.68267 4
    endloop
  endfacet
  facet normal 0 0 1
    outer loop
      vertex 3.27538 5.00098 4
      vertex 5.90458 6.68267 4
      vertex 5.76026 6.90921 4
    endloop
  endfacet
  facet normal 0 0 1
    outer loop
      vertex 3.27538 5.00098 4
      vertex 5.76026 6.90921 4
      vertex 5.75607 6.91579 4
    endloop
  endfacet
  facet normal 0 0 1
    outer loop
      vertex 3.27538 5.00098 4
      vertex 5.75607 6.91579 4
      vertex 5.75246 6.92271 4
    endloop
  endfacet
  facet normal 0 0 1
    outer loop
      vertex 3.27538 5.00098 4
      vertex 5.75246 6.92271 4
      vertex 5.62843 7.16097 4
    endloop
  endfacet
  facet normal 0 0 1
    outer loop
      vertex 2.53188 5.96992 4
      vertex 5.62843 7.16097 4
      vertex 5.52564 7.40912 4
    endloop
  endfacet
  facet normal 0 0 1
    outer loop
      vertex 2.53188 5.96992 4
      vertex 5.52564 7.40912 4
      vertex 5.52266 7.41634 4
    endloop
  endfacet
  facet normal 0 0 1
    outer loop
      vertex 2.53188 5.96992 4
      vertex 5.52266 7.41634 4
      vertex 5.52031 7.42378 4
    endloop
  endfacet
  facet normal 0 0 1
    outer loop
      vertex 2.53188 5.96992 4
      vertex 5.52031 7.42378 4
      vertex 5.43954 7.67995 4
    endloop
  endfacet
  facet normal 0 0 1
    outer loop
      vertex 2.53188 5.96992 4
      vertex 5.43954 7.67995 4
      vertex 5.3814 7.94219 4
    endloop
  endfacet
  facet normal 0 0 1
    outer loop
      vertex 1.87564 7 4
      vertex 5.3814 7.94219 4
      vertex 5.37971 7.94981 4
    endloop
  endfacet
  facet normal 0 0 1
    outer loop
      vertex 1.87564 7 4
      vertex 5.37971 7.94981 4
      vertex 5.34465 8.21611 4
    endloop
  endfacet
  facet normal 0 0 1
    outer loop
      vertex 1.87564 7 4
      vertex 5.34465 8.21611 4
      vertex 5.34363 8.22385 4
    endloop
  endfacet
  facet normal 0 0 1
    outer loop
      vertex 7.16097 5.62843 4
      vertex 5.00098 3.27538 4
      vertex 5.96992 2.53188 4
    endloop
  endfacet
  facet normal 0 0 1
    outer loop
      vertex 1.87564 7 4
      vertex 5.34363 8.22385 4
      vertex 5.34329 8.23165 4
    endloop
  endfacet
  facet normal 0 0 1
    outer loop
      vertex 1.87564 7 4
      vertex 5.34329 8.23165 4
      vertex 5.33158 8.5 4
    endloop
  endfacet
  facet normal 0 0 1
    outer loop
      vertex 5.43954 9.32005 4
      vertex 0.844299 9.21172 4
      vertex 5.3814 9.05781 4
    endloop
  endfacet
  facet normal 0 0 1
    outer loop
      vertex 5.34465 141.784 4
      vertex 1.87564 143 4
      vertex 5.34363 141.776 4
    endloop
  endfacet
  facet normal 0 0 1
    outer loop
      vertex 5.3814 9.05781 4
      vertex 0.844299 9.21172 4
      vertex 5.37971 9.05019 4
    endloop
  endfacet
  facet normal 0 0 1
    outer loop
      vertex 5.34363 141.776 4
      vertex 1.87564 143 4
      vertex 5.34329 141.768 4
    endloop
  endfacet
  facet normal 0 -0 1
    outer loop
      vertex 1.31169 8.08334 4
      vertex 5.37971 9.05019 4
      vertex 0.844299 9.21172 4
    endloop
  endfacet
  facet normal 0 0 1
    outer loop
      vertex 5.34329 141.768 4
      vertex 1.87564 143 4
      vertex 5.33158 141.5 4
    endloop
  endfacet
  facet normal 0 0 1
    outer loop
      vertex 6.46957 6.0681 4
      vertex 4.10051 4.10051 4
      vertex 5.00098 3.27538 4
    endloop
  endfacet
  facet normal -0 0 1
    outer loop
      vertex 1.31169 141.917 4
      vertex 5.33158 141.5 4
      vertex 1.87564 143 4
    endloop
  endfacet
  facet normal 0 0 1
    outer loop
      vertex 6.0681 6.46957 4
      vertex 3.27538 5.00098 4
      vertex 4.10051 4.10051 4
    endloop
  endfacet
  facet normal 0 0 1
    outer loop
      vertex 5.37971 140.95 4
      vertex 1.31169 141.917 4
      vertex 0.844299 140.788 4
    endloop
  endfacet
  facet normal 0 0 1
    outer loop
      vertex 5.62843 7.16097 4
      vertex 2.53188 5.96992 4
      vertex 3.27538 5.00098 4
    endloop
  endfacet
  facet normal 0 0 1
    outer loop
      vertex 5.52266 140.416 4
      vertex 0.844299 140.788 4
      vertex 0.477036 139.623 4
    endloop
  endfacet
  facet normal 0 0 1
    outer loop
      vertex 5.3814 7.94219 4
      vertex 1.87564 7 4
      vertex 2.53188 5.96992 4
    endloop
  endfacet
  facet normal 0 0 1
    outer loop
      vertex 5.75607 139.916 4
      vertex 0.477036 139.623 4
      vertex 0.212692 138.431 4
    endloop
  endfacet
  facet normal 0 0 1
    outer loop
      vertex 5.33158 8.5 4
      vertex 1.31169 8.08334 4
      vertex 1.87564 7 4
    endloop
  endfacet
  facet normal 0 0 1
    outer loop
      vertex 6.0681 139.47 4
      vertex 0.212692 138.431 4
      vertex 0.0532684 137.22 4
    endloop
  endfacet
  facet normal 0 0 1
    outer loop
      vertex 5.34329 8.76835 4
      vertex 1.31169 8.08334 4
      vertex 5.33158 8.5 4
    endloop
  endfacet
  facet normal 0 0 1
    outer loop
      vertex 6.26534 139.254 4
      vertex 0.0532684 137.22 4
      vertex 0 136 4
    endloop
  endfacet
  facet normal 0 0 1
    outer loop
      vertex 5.34363 8.77615 4
      vertex 1.31169 8.08334 4
      vertex 5.34329 8.76835 4
    endloop
  endfacet
  facet normal 0 0 1
    outer loop
      vertex 5.34465 8.78388 4
      vertex 1.31169 8.08334 4
      vertex 5.34363 8.77615 4
    endloop
  endfacet
  facet normal 0 0 1
    outer loop
      vertex 5.37971 9.05019 4
      vertex 1.31169 8.08334 4
      vertex 5.34465 8.78388 4
    endloop
  endfacet
  facet normal 0 1 -0
    outer loop
      vertex 99.7 150 0
      vertex 14 150 4
      vertex 99.7 150 4
    endloop
  endfacet
  facet normal 0 1 0
    outer loop
      vertex 14 150 4
      vertex 99.7 150 0
      vertex 14 150 0
    endloop
  endfacet
  facet normal -0.737277 -0.675591 0
    outer loop
      vertex 4.10051 4.10051 0
      vertex 3.27538 5.00098 4
      vertex 3.27538 5.00098 0
    endloop
  endfacet
  facet normal -0.737277 -0.675591 0
    outer loop
      vertex 3.27538 5.00098 4
      vertex 4.10051 4.10051 0
      vertex 4.10051 4.10051 4
    endloop
  endfacet
  facet normal -0.608765 -0.793351 0
    outer loop
      vertex 5.00098 3.27538 0
      vertex 5.96992 2.53188 4
      vertex 5.00098 3.27538 4
    endloop
  endfacet
  facet normal -0.608765 -0.793351 -0
    outer loop
      vertex 5.96992 2.53188 4
      vertex 5.00098 3.27538 0
      vertex 5.96992 2.53188 0
    endloop
  endfacet
  facet normal -0.300713 -0.953715 0
    outer loop
      vertex 9.21172 0.844299 0
      vertex 10.3765 0.477036 4
      vertex 9.21172 0.844299 4
    endloop
  endfacet
  facet normal -0.300713 -0.953715 -0
    outer loop
      vertex 10.3765 0.477036 4
      vertex 9.21172 0.844299 0
      vertex 10.3765 0.477036 0
    endloop
  endfacet
  facet normal -0.923879 -0.382684 0
    outer loop
      vertex 1.31169 8.08334 0
      vertex 0.844299 9.21172 4
      vertex 0.844299 9.21172 0
    endloop
  endfacet
  facet normal -0.923879 -0.382684 0
    outer loop
      vertex 0.844299 9.21172 4
      vertex 1.31169 8.08334 0
      vertex 1.31169 8.08334 4
    endloop
  endfacet
  facet normal -0.216436 -0.976297 0
    outer loop
      vertex 10.3765 0.477036 0
      vertex 11.5689 0.212692 4
      vertex 10.3765 0.477036 4
    endloop
  endfacet
  facet normal -0.216436 -0.976297 -0
    outer loop
      vertex 11.5689 0.212692 4
      vertex 10.3765 0.477036 0
      vertex 11.5689 0.212692 0
    endloop
  endfacet
  facet normal -1 0 0
    outer loop
      vertex 0 14 0
      vertex 0 136 4
      vertex 0 136 0
    endloop
  endfacet
  facet normal -1 -0 0
    outer loop
      vertex 0 136 4
      vertex 0 14 0
      vertex 0 14 4
    endloop
  endfacet
  facet normal 0 -1 0
    outer loop
      vertex 14 0 0
      vertex 99.7 0 4
      vertex 14 0 4
    endloop
  endfacet
  facet normal 0 -1 -0
    outer loop
      vertex 99.7 0 4
      vertex 14 0 0
      vertex 99.7 0 0
    endloop
  endfacet
  facet normal -0.216167 0.976356 0
    outer loop
      vertex 11.5689 149.787 0
      vertex 10.3765 149.523 4
      vertex 11.5689 149.787 4
    endloop
  endfacet
  facet normal -0.216167 0.976356 0
    outer loop
      vertex 10.3765 149.523 4
      vertex 11.5689 149.787 0
      vertex 10.3765 149.523 0
    endloop
  endfacet
  facet normal -0.843389 -0.537303 0
    outer loop
      vertex 2.53188 5.96992 0
      vertex 1.87564 7 4
      vertex 1.87564 7 0
    endloop
  endfacet
  facet normal -0.843389 -0.537303 0
    outer loop
      vertex 1.87564 7 4
      vertex 2.53188 5.96992 0
      vertex 2.53188 5.96992 4
    endloop
  endfacet
  facet normal -0.130531 -0.991444 0
    outer loop
      vertex 11.5689 0.212692 0
      vertex 12.7798 0.0532684 4
      vertex 11.5689 0.212692 4
    endloop
  endfacet
  facet normal -0.130531 -0.991444 -0
    outer loop
      vertex 12.7798 0.0532684 4
      vertex 11.5689 0.212692 0
      vertex 12.7798 0.0532684 0
    endloop
  endfacet
  facet normal -0.999048 -0.0436139 0
    outer loop
      vertex 0.0532684 12.7798 0
      vertex 0 14 4
      vertex 0 14 0
    endloop
  endfacet
  facet normal -0.999048 -0.0436139 0
    outer loop
      vertex 0 14 4
      vertex 0.0532684 12.7798 0
      vertex 0.0532684 12.7798 4
    endloop
  endfacet
  facet normal -0.675591 -0.737277 0
    outer loop
      vertex 4.10051 4.10051 0
      vertex 5.00098 3.27538 4
      vertex 4.10051 4.10051 4
    endloop
  endfacet
  facet normal -0.675591 -0.737277 -0
    outer loop
      vertex 5.00098 3.27538 4
      vertex 4.10051 4.10051 0
      vertex 5.00098 3.27538 0
    endloop
  endfacet
  facet normal -0.130995 0.991383 0
    outer loop
      vertex 12.7798 149.947 0
      vertex 11.5689 149.787 4
      vertex 12.7798 149.947 4
    endloop
  endfacet
  facet normal -0.130995 0.991383 0
    outer loop
      vertex 11.5689 149.787 4
      vertex 12.7798 149.947 0
      vertex 11.5689 149.787 0
    endloop
  endfacet
  facet normal -0.0436139 -0.999048 0
    outer loop
      vertex 12.7798 0.0532684 0
      vertex 14 0 4
      vertex 12.7798 0.0532684 4
    endloop
  endfacet
  facet normal -0.0436139 -0.999048 -0
    outer loop
      vertex 14 0 4
      vertex 12.7798 0.0532684 0
      vertex 14 0 0
    endloop
  endfacet
  facet normal -0.675978 0.736922 0
    outer loop
      vertex 5.00098 146.725 0
      vertex 4.10051 145.899 4
      vertex 5.00098 146.725 4
    endloop
  endfacet
  facet normal -0.675978 0.736922 0
    outer loop
      vertex 4.10051 145.899 4
      vertex 5.00098 146.725 0
      vertex 4.10051 145.899 0
    endloop
  endfacet
  facet normal -0.953731 0.300661 0
    outer loop
      vertex 0.477036 139.623 0
      vertex 0.844299 140.788 4
      vertex 0.844299 140.788 0
    endloop
  endfacet
  facet normal -0.953731 0.300661 0
    outer loop
      vertex 0.844299 140.788 4
      vertex 0.477036 139.623 0
      vertex 0.477036 139.623 4
    endloop
  endfacet
  facet normal -0.991444 -0.130531 0
    outer loop
      vertex 0.212692 11.5689 0
      vertex 0.0532684 12.7798 4
      vertex 0.0532684 12.7798 0
    endloop
  endfacet
  facet normal -0.991444 -0.130531 0
    outer loop
      vertex 0.0532684 12.7798 4
      vertex 0.212692 11.5689 0
      vertex 0.212692 11.5689 4
    endloop
  endfacet
  facet normal -0.991446 0.13052 0
    outer loop
      vertex 0.0532684 137.22 0
      vertex 0.212692 138.431 4
      vertex 0.212692 138.431 0
    endloop
  endfacet
  facet normal -0.991446 0.13052 0
    outer loop
      vertex 0.212692 138.431 4
      vertex 0.0532684 137.22 0
      vertex 0.0532684 137.22 4
    endloop
  endfacet
  facet normal -0.300517 0.953777 0
    outer loop
      vertex 10.3765 149.523 0
      vertex 9.21172 149.156 4
      vertex 10.3765 149.523 4
    endloop
  endfacet
  facet normal -0.300517 0.953777 0
    outer loop
      vertex 9.21172 149.156 4
      vertex 10.3765 149.523 0
      vertex 9.21172 149.156 0
    endloop
  endfacet
  facet normal -0.999048 0.0436211 0
    outer loop
      vertex 0 136 0
      vertex 0.0532684 137.22 4
      vertex 0.0532684 137.22 0
    endloop
  endfacet
  facet normal -0.999048 0.0436211 0
    outer loop
      vertex 0.0532684 137.22 4
      vertex 0 136 0
      vertex 0 136 4
    endloop
  endfacet
  facet normal -0.382684 -0.923879 0
    outer loop
      vertex 8.08334 1.31169 0
      vertex 9.21172 0.844299 4
      vertex 8.08334 1.31169 4
    endloop
  endfacet
  facet normal -0.382684 -0.923879 -0
    outer loop
      vertex 9.21172 0.844299 4
      vertex 8.08334 1.31169 0
      vertex 9.21172 0.844299 0
    endloop
  endfacet
  facet normal -0.976297 -0.216436 0
    outer loop
      vertex 0.477036 10.3765 0
      vertex 0.212692 11.5689 4
      vertex 0.212692 11.5689 0
    endloop
  endfacet
  facet normal -0.976297 -0.216436 0
    outer loop
      vertex 0.212692 11.5689 4
      vertex 0.477036 10.3765 0
      vertex 0.477036 10.3765 4
    endloop
  endfacet
  facet normal -0.887011 -0.461748 0
    outer loop
      vertex 1.87564 7 0
      vertex 1.31169 8.08334 4
      vertex 1.31169 8.08334 0
    endloop
  endfacet
  facet normal -0.887011 -0.461748 0
    outer loop
      vertex 1.31169 8.08334 4
      vertex 1.87564 7 0
      vertex 1.87564 7 4
    endloop
  endfacet
  facet normal -0.793369 0.608741 0
    outer loop
      vertex 2.53188 144.03 0
      vertex 3.27538 144.999 4
      vertex 3.27538 144.999 0
    endloop
  endfacet
  facet normal -0.793369 0.608741 0
    outer loop
      vertex 3.27538 144.999 4
      vertex 2.53188 144.03 0
      vertex 2.53188 144.03 4
    endloop
  endfacet
  facet normal -0.953715 -0.300713 0
    outer loop
      vertex 0.844299 9.21172 0
      vertex 0.477036 10.3765 4
      vertex 0.477036 10.3765 0
    endloop
  endfacet
  facet normal -0.953715 -0.300713 0
    outer loop
      vertex 0.477036 10.3765 4
      vertex 0.844299 9.21172 0
      vertex 0.844299 9.21172 4
    endloop
  endfacet
  facet normal -0.737101 0.675782 0
    outer loop
      vertex 3.27538 144.999 0
      vertex 4.10051 145.899 4
      vertex 4.10051 145.899 0
    endloop
  endfacet
  facet normal -0.737101 0.675782 0
    outer loop
      vertex 4.10051 145.899 4
      vertex 3.27538 144.999 0
      vertex 3.27538 144.999 4
    endloop
  endfacet
  facet normal -0.383109 0.923703 0
    outer loop
      vertex 9.21172 149.156 0
      vertex 8.08334 148.688 4
      vertex 9.21172 149.156 4
    endloop
  endfacet
  facet normal -0.383109 0.923703 0
    outer loop
      vertex 8.08334 148.688 4
      vertex 9.21172 149.156 0
      vertex 8.08334 148.688 0
    endloop
  endfacet
  facet normal -0.46178 0.886994 0
    outer loop
      vertex 8.08334 148.688 0
      vertex 7 148.124 4
      vertex 8.08334 148.688 4
    endloop
  endfacet
  facet normal -0.46178 0.886994 0
    outer loop
      vertex 7 148.124 4
      vertex 8.08334 148.688 0
      vertex 7 148.124 0
    endloop
  endfacet
  facet normal -0.84337 0.537333 0
    outer loop
      vertex 1.87564 143 0
      vertex 2.53188 144.03 4
      vertex 2.53188 144.03 0
    endloop
  endfacet
  facet normal -0.84337 0.537333 0
    outer loop
      vertex 2.53188 144.03 4
      vertex 1.87564 143 0
      vertex 1.87564 143 4
    endloop
  endfacet
  facet normal -0.793351 -0.608765 0
    outer loop
      vertex 3.27538 5.00098 0
      vertex 2.53188 5.96992 4
      vertex 2.53188 5.96992 0
    endloop
  endfacet
  facet normal -0.793351 -0.608765 0
    outer loop
      vertex 2.53188 5.96992 4
      vertex 3.27538 5.00098 0
      vertex 3.27538 5.00098 4
    endloop
  endfacet
  facet normal -0.461748 -0.887011 0
    outer loop
      vertex 7 1.87564 0
      vertex 8.08334 1.31169 4
      vertex 7 1.87564 4
    endloop
  endfacet
  facet normal -0.461748 -0.887011 -0
    outer loop
      vertex 8.08334 1.31169 4
      vertex 7 1.87564 0
      vertex 8.08334 1.31169 0
    endloop
  endfacet
  facet normal -0.923954 0.382505 0
    outer loop
      vertex 0.844299 140.788 0
      vertex 1.31169 141.917 4
      vertex 1.31169 141.917 0
    endloop
  endfacet
  facet normal -0.923954 0.382505 0
    outer loop
      vertex 1.31169 141.917 4
      vertex 0.844299 140.788 0
      vertex 0.844299 140.788 4
    endloop
  endfacet
  facet normal -0.537303 -0.843389 0
    outer loop
      vertex 5.96992 2.53188 0
      vertex 7 1.87564 4
      vertex 5.96992 2.53188 4
    endloop
  endfacet
  facet normal -0.537303 -0.843389 -0
    outer loop
      vertex 7 1.87564 4
      vertex 5.96992 2.53188 0
      vertex 7 1.87564 0
    endloop
  endfacet
  facet normal -0.537164 0.843478 0
    outer loop
      vertex 7 148.124 0
      vertex 5.96992 147.468 4
      vertex 7 148.124 4
    endloop
  endfacet
  facet normal -0.537164 0.843478 0
    outer loop
      vertex 5.96992 147.468 4
      vertex 7 148.124 0
      vertex 5.96992 147.468 0
    endloop
  endfacet
  facet normal -0.608507 0.793549 0
    outer loop
      vertex 5.96992 147.468 0
      vertex 5.00098 146.725 4
      vertex 5.96992 147.468 4
    endloop
  endfacet
  facet normal -0.608507 0.793549 0
    outer loop
      vertex 5.00098 146.725 4
      vertex 5.96992 147.468 0
      vertex 5.00098 146.725 0
    endloop
  endfacet
  facet normal -0.737283 -0.675584 0
    outer loop
      vertex 9.80227 9.59274 0
      vertex 9.70208 9.70208 2.2
      vertex 9.70208 9.70208 0
    endloop
  endfacet
  facet normal -0.737283 -0.675584 0
    outer loop
      vertex 9.70208 9.70208 2.2
      vertex 9.80227 9.59274 0
      vertex 9.80227 9.59274 2.2
    endloop
  endfacet
  facet normal -0.461639 -0.887068 0
    outer loop
      vertex 9.21845 10.0407 0
      vertex 9.35 9.97224 2.2
      vertex 9.21845 10.0407 2.2
    endloop
  endfacet
  facet normal -0.461639 -0.887068 -0
    outer loop
      vertex 9.35 9.97224 2.2
      vertex 9.21845 10.0407 0
      vertex 9.35 9.97224 0
    endloop
  endfacet
  facet normal -0.608746 0.793365 0
    outer loop
      vertex 9.59274 7.19772 0
      vertex 9.47508 7.10744 2.2
      vertex 9.59274 7.19772 2.2
    endloop
  endfacet
  facet normal -0.608746 0.793365 0
    outer loop
      vertex 9.47508 7.10744 2.2
      vertex 9.59274 7.19772 0
      vertex 9.47508 7.10744 0
    endloop
  endfacet
  facet normal 0.953728 0.30067 0
    outer loop
      vertex 6.90252 7.91857 2.2
      vertex 6.85793 8.06001 0
      vertex 6.85793 8.06001 2.2
    endloop
  endfacet
  facet normal 0.953728 0.30067 0
    outer loop
      vertex 6.85793 8.06001 0
      vertex 6.90252 7.91857 2.2
      vertex 6.90252 7.91857 0
    endloop
  endfacet
  facet normal 0.0438264 -0.999039 0
    outer loop
      vertex 8.35183 10.1935 0
      vertex 8.5 10.2 2.2
      vertex 8.35183 10.1935 2.2
    endloop
  endfacet
  facet normal 0.0438264 -0.999039 0
    outer loop
      vertex 8.5 10.2 2.2
      vertex 8.35183 10.1935 0
      vertex 8.5 10.2 0
    endloop
  endfacet
  facet normal 0.675621 0.737249 -0
    outer loop
      vertex 7.40726 7.19772 0
      vertex 7.29792 7.29792 2.2
      vertex 7.40726 7.19772 2.2
    endloop
  endfacet
  facet normal 0.675621 0.737249 0
    outer loop
      vertex 7.29792 7.29792 2.2
      vertex 7.40726 7.19772 0
      vertex 7.29792 7.29792 0
    endloop
  endfacet
  facet normal 0.537277 0.843406 -0
    outer loop
      vertex 7.65 7.02776 0
      vertex 7.52492 7.10744 2.2
      vertex 7.65 7.02776 2.2
    endloop
  endfacet
  facet normal 0.537277 0.843406 0
    outer loop
      vertex 7.52492 7.10744 2.2
      vertex 7.65 7.02776 0
      vertex 7.52492 7.10744 0
    endloop
  endfacet
  facet normal 0.999048 0.0436245 0
    outer loop
      vertex 6.80647 8.35183 2.2
      vertex 6.8 8.5 0
      vertex 6.8 8.5 2.2
    endloop
  endfacet
  facet normal 0.999048 0.0436245 0
    outer loop
      vertex 6.8 8.5 0
      vertex 6.80647 8.35183 2.2
      vertex 6.80647 8.35183 0
    endloop
  endfacet
  facet normal -0.382939 -0.923774 0
    outer loop
      vertex 9.08143 10.0975 0
      vertex 9.21845 10.0407 2.2
      vertex 9.08143 10.0975 2.2
    endloop
  endfacet
  facet normal -0.382939 -0.923774 -0
    outer loop
      vertex 9.21845 10.0407 2.2
      vertex 9.08143 10.0975 0
      vertex 9.21845 10.0407 0
    endloop
  endfacet
  facet normal -0.843406 0.537277 0
    outer loop
      vertex 9.89256 7.52492 0
      vertex 9.97224 7.65 2.2
      vertex 9.97224 7.65 0
    endloop
  endfacet
  facet normal -0.843406 0.537277 0
    outer loop
      vertex 9.97224 7.65 2.2
      vertex 9.89256 7.52492 0
      vertex 9.89256 7.52492 2.2
    endloop
  endfacet
  facet normal 0.887012 0.461745 0
    outer loop
      vertex 7.02776 7.65 2.2
      vertex 6.95928 7.78155 0
      vertex 6.95928 7.78155 2.2
    endloop
  endfacet
  facet normal 0.887012 0.461745 0
    outer loop
      vertex 6.95928 7.78155 0
      vertex 7.02776 7.65 2.2
      vertex 7.02776 7.65 0
    endloop
  endfacet
  facet normal 0.461745 0.887012 -0
    outer loop
      vertex 7.78155 6.95928 0
      vertex 7.65 7.02776 2.2
      vertex 7.78155 6.95928 2.2
    endloop
  endfacet
  facet normal 0.461745 0.887012 0
    outer loop
      vertex 7.65 7.02776 2.2
      vertex 7.78155 6.95928 0
      vertex 7.65 7.02776 0
    endloop
  endfacet
  facet normal -0.923774 -0.382939 0
    outer loop
      vertex 10.0975 9.08143 0
      vertex 10.0407 9.21845 2.2
      vertex 10.0407 9.21845 0
    endloop
  endfacet
  facet normal -0.923774 -0.382939 0
    outer loop
      vertex 10.0407 9.21845 2.2
      vertex 10.0975 9.08143 0
      vertex 10.0975 9.08143 2.2
    endloop
  endfacet
  facet normal 0.216445 0.976295 -0
    outer loop
      vertex 8.2048 6.82583 0
      vertex 8.06001 6.85793 2.2
      vertex 8.2048 6.82583 2.2
    endloop
  endfacet
  facet normal 0.216445 0.976295 0
    outer loop
      vertex 8.06001 6.85793 2.2
      vertex 8.2048 6.82583 0
      vertex 8.06001 6.85793 0
    endloop
  endfacet
  facet normal 0.923869 0.382709 0
    outer loop
      vertex 6.95928 7.78155 2.2
      vertex 6.90252 7.91857 0
      vertex 6.90252 7.91857 2.2
    endloop
  endfacet
  facet normal 0.923869 0.382709 0
    outer loop
      vertex 6.90252 7.91857 0
      vertex 6.95928 7.78155 2.2
      vertex 6.95928 7.78155 0
    endloop
  endfacet
  facet normal -0.953709 -0.300731 0
    outer loop
      vertex 10.1421 8.93999 0
      vertex 10.0975 9.08143 2.2
      vertex 10.0975 9.08143 0
    endloop
  endfacet
  facet normal -0.953709 -0.300731 0
    outer loop
      vertex 10.0975 9.08143 2.2
      vertex 10.1421 8.93999 0
      vertex 10.1421 8.93999 2.2
    endloop
  endfacet
  facet normal 0.461639 -0.887068 0
    outer loop
      vertex 7.65 9.97224 0
      vertex 7.78155 10.0407 2.2
      vertex 7.65 9.97224 2.2
    endloop
  endfacet
  facet normal 0.461639 -0.887068 0
    outer loop
      vertex 7.78155 10.0407 2.2
      vertex 7.65 9.97224 0
      vertex 7.78155 10.0407 0
    endloop
  endfacet
  facet normal 0.300731 -0.953709 0
    outer loop
      vertex 7.91857 10.0975 0
      vertex 8.06001 10.1421 2.2
      vertex 7.91857 10.0975 2.2
    endloop
  endfacet
  facet normal 0.300731 -0.953709 0
    outer loop
      vertex 8.06001 10.1421 2.2
      vertex 7.91857 10.0975 0
      vertex 8.06001 10.1421 0
    endloop
  endfacet
  facet normal -0.887068 0.461639 0
    outer loop
      vertex 9.97224 7.65 0
      vertex 10.0407 7.78155 2.2
      vertex 10.0407 7.78155 0
    endloop
  endfacet
  facet normal -0.887068 0.461639 0
    outer loop
      vertex 10.0407 7.78155 2.2
      vertex 9.97224 7.65 0
      vertex 9.97224 7.65 2.2
    endloop
  endfacet
  facet normal -0.991496 -0.130141 0
    outer loop
      vertex 10.1935 8.64816 0
      vertex 10.1742 8.7952 2.2
      vertex 10.1742 8.7952 0
    endloop
  endfacet
  facet normal -0.991496 -0.130141 0
    outer loop
      vertex 10.1742 8.7952 2.2
      vertex 10.1935 8.64816 0
      vertex 10.1935 8.64816 2.2
    endloop
  endfacet
  facet normal -0.887068 -0.461639 0
    outer loop
      vertex 10.0407 9.21845 0
      vertex 9.97224 9.35 2.2
      vertex 9.97224 9.35 0
    endloop
  endfacet
  facet normal -0.887068 -0.461639 0
    outer loop
      vertex 9.97224 9.35 2.2
      vertex 10.0407 9.21845 0
      vertex 10.0407 9.21845 2.2
    endloop
  endfacet
  facet normal 0.976295 0.216445 0
    outer loop
      vertex 6.85793 8.06001 2.2
      vertex 6.82583 8.2048 0
      vertex 6.82583 8.2048 2.2
    endloop
  endfacet
  facet normal 0.976295 0.216445 0
    outer loop
      vertex 6.82583 8.2048 0
      vertex 6.85793 8.06001 2.2
      vertex 6.85793 8.06001 0
    endloop
  endfacet
  facet normal -0.130538 0.991443 0
    outer loop
      vertex 8.7952 6.82583 0
      vertex 8.64816 6.80647 2.2
      vertex 8.7952 6.82583 2.2
    endloop
  endfacet
  facet normal -0.130538 0.991443 0
    outer loop
      vertex 8.64816 6.80647 2.2
      vertex 8.7952 6.82583 0
      vertex 8.64816 6.80647 0
    endloop
  endfacet
  facet normal -0.991494 0.130149 0
    outer loop
      vertex 10.1742 8.2048 0
      vertex 10.1935 8.35183 2.2
      vertex 10.1935 8.35183 0
    endloop
  endfacet
  facet normal -0.991494 0.130149 0
    outer loop
      vertex 10.1935 8.35183 2.2
      vertex 10.1742 8.2048 0
      vertex 10.1742 8.2048 2.2
    endloop
  endfacet
  facet normal -0.999039 -0.0438293 0
    outer loop
      vertex 10.2 8.5 0
      vertex 10.1935 8.64816 2.2
      vertex 10.1935 8.64816 0
    endloop
  endfacet
  facet normal -0.999039 -0.0438293 0
    outer loop
      vertex 10.1935 8.64816 2.2
      vertex 10.2 8.5 0
      vertex 10.2 8.5 2.2
    endloop
  endfacet
  facet normal -0.793333 0.608788 0
    outer loop
      vertex 9.80227 7.40726 0
      vertex 9.89256 7.52492 2.2
      vertex 9.89256 7.52492 0
    endloop
  endfacet
  facet normal -0.793333 0.608788 0
    outer loop
      vertex 9.89256 7.52492 2.2
      vertex 9.80227 7.40726 0
      vertex 9.80227 7.40726 2.2
    endloop
  endfacet
  facet normal -0.793333 -0.608788 0
    outer loop
      vertex 9.89256 9.47508 0
      vertex 9.80227 9.59274 2.2
      vertex 9.80227 9.59274 0
    endloop
  endfacet
  facet normal -0.793333 -0.608788 0
    outer loop
      vertex 9.80227 9.59274 2.2
      vertex 9.89256 9.47508 0
      vertex 9.89256 9.47508 2.2
    endloop
  endfacet
  facet normal -0.300731 -0.953709 0
    outer loop
      vertex 8.93999 10.1421 0
      vertex 9.08143 10.0975 2.2
      vertex 8.93999 10.1421 2.2
    endloop
  endfacet
  facet normal -0.300731 -0.953709 -0
    outer loop
      vertex 9.08143 10.0975 2.2
      vertex 8.93999 10.1421 0
      vertex 9.08143 10.0975 0
    endloop
  endfacet
  facet normal 0.130149 -0.991494 0
    outer loop
      vertex 8.2048 10.1742 0
      vertex 8.35183 10.1935 2.2
      vertex 8.2048 10.1742 2.2
    endloop
  endfacet
  facet normal 0.130149 -0.991494 0
    outer loop
      vertex 8.35183 10.1935 2.2
      vertex 8.2048 10.1742 0
      vertex 8.35183 10.1935 0
    endloop
  endfacet
  facet normal -0.999039 0.0438264 0
    outer loop
      vertex 10.1935 8.35183 0
      vertex 10.2 8.5 2.2
      vertex 10.2 8.5 0
    endloop
  endfacet
  facet normal -0.999039 0.0438264 0
    outer loop
      vertex 10.2 8.5 2.2
      vertex 10.1935 8.35183 0
      vertex 10.1935 8.35183 2.2
    endloop
  endfacet
  facet normal -0.675584 -0.737283 0
    outer loop
      vertex 9.59274 9.80227 0
      vertex 9.70208 9.70208 2.2
      vertex 9.59274 9.80227 2.2
    endloop
  endfacet
  facet normal -0.675584 -0.737283 -0
    outer loop
      vertex 9.70208 9.70208 2.2
      vertex 9.59274 9.80227 0
      vertex 9.70208 9.70208 0
    endloop
  endfacet
  facet normal 0.991442 0.130547 0
    outer loop
      vertex 6.82583 8.2048 2.2
      vertex 6.80647 8.35183 0
      vertex 6.80647 8.35183 2.2
    endloop
  endfacet
  facet normal 0.991442 0.130547 0
    outer loop
      vertex 6.80647 8.35183 0
      vertex 6.82583 8.2048 2.2
      vertex 6.82583 8.2048 0
    endloop
  endfacet
  facet normal 0.887012 -0.461745 0
    outer loop
      vertex 6.95928 9.21845 2.2
      vertex 7.02776 9.35 0
      vertex 7.02776 9.35 2.2
    endloop
  endfacet
  facet normal 0.887012 -0.461745 0
    outer loop
      vertex 7.02776 9.35 0
      vertex 6.95928 9.21845 2.2
      vertex 6.95928 9.21845 0
    endloop
  endfacet
  facet normal -0.976295 -0.216445 0
    outer loop
      vertex 10.1742 8.7952 0
      vertex 10.1421 8.93999 2.2
      vertex 10.1421 8.93999 0
    endloop
  endfacet
  facet normal -0.976295 -0.216445 0
    outer loop
      vertex 10.1421 8.93999 2.2
      vertex 10.1742 8.7952 0
      vertex 10.1742 8.7952 2.2
    endloop
  endfacet
  facet normal -0.923774 0.382939 0
    outer loop
      vertex 10.0407 7.78155 0
      vertex 10.0975 7.91857 2.2
      vertex 10.0975 7.91857 0
    endloop
  endfacet
  facet normal -0.923774 0.382939 0
    outer loop
      vertex 10.0975 7.91857 2.2
      vertex 10.0407 7.78155 0
      vertex 10.0407 7.78155 2.2
    endloop
  endfacet
  facet normal 0.737249 -0.675621 0
    outer loop
      vertex 7.19772 9.59274 2.2
      vertex 7.29792 9.70208 0
      vertex 7.29792 9.70208 2.2
    endloop
  endfacet
  facet normal 0.737249 -0.675621 0
    outer loop
      vertex 7.29792 9.70208 0
      vertex 7.19772 9.59274 2.2
      vertex 7.19772 9.59274 0
    endloop
  endfacet
  facet normal -0.461745 0.887012 0
    outer loop
      vertex 9.35 7.02776 0
      vertex 9.21845 6.95928 2.2
      vertex 9.35 7.02776 2.2
    endloop
  endfacet
  facet normal -0.461745 0.887012 0
    outer loop
      vertex 9.21845 6.95928 2.2
      vertex 9.35 7.02776 0
      vertex 9.21845 6.95928 0
    endloop
  endfacet
  facet normal 0.0436245 0.999048 -0
    outer loop
      vertex 8.5 6.8 0
      vertex 8.35183 6.80647 2.2
      vertex 8.5 6.8 2.2
    endloop
  endfacet
  facet normal 0.0436245 0.999048 0
    outer loop
      vertex 8.35183 6.80647 2.2
      vertex 8.5 6.8 0
      vertex 8.35183 6.80647 0
    endloop
  endfacet
  facet normal -0.382709 0.923869 0
    outer loop
      vertex 9.21845 6.95928 0
      vertex 9.08143 6.90252 2.2
      vertex 9.21845 6.95928 2.2
    endloop
  endfacet
  facet normal -0.382709 0.923869 0
    outer loop
      vertex 9.08143 6.90252 2.2
      vertex 9.21845 6.95928 0
      vertex 9.08143 6.90252 0
    endloop
  endfacet
  facet normal 0.953728 -0.30067 0
    outer loop
      vertex 6.85793 8.93999 2.2
      vertex 6.90252 9.08143 0
      vertex 6.90252 9.08143 2.2
    endloop
  endfacet
  facet normal 0.953728 -0.30067 0
    outer loop
      vertex 6.90252 9.08143 0
      vertex 6.85793 8.93999 2.2
      vertex 6.85793 8.93999 0
    endloop
  endfacet
  facet normal -0.0438293 -0.999039 0
    outer loop
      vertex 8.5 10.2 0
      vertex 8.64816 10.1935 2.2
      vertex 8.5 10.2 2.2
    endloop
  endfacet
  facet normal -0.0438293 -0.999039 -0
    outer loop
      vertex 8.64816 10.1935 2.2
      vertex 8.5 10.2 0
      vertex 8.64816 10.1935 0
    endloop
  endfacet
  facet normal 0.30067 0.953728 -0
    outer loop
      vertex 8.06001 6.85793 0
      vertex 7.91857 6.90252 2.2
      vertex 8.06001 6.85793 2.2
    endloop
  endfacet
  facet normal 0.30067 0.953728 0
    outer loop
      vertex 7.91857 6.90252 2.2
      vertex 8.06001 6.85793 0
      vertex 7.91857 6.90252 0
    endloop
  endfacet
  facet normal 0.923869 -0.382709 0
    outer loop
      vertex 6.90252 9.08143 2.2
      vertex 6.95928 9.21845 0
      vertex 6.95928 9.21845 2.2
    endloop
  endfacet
  facet normal 0.923869 -0.382709 0
    outer loop
      vertex 6.95928 9.21845 0
      vertex 6.90252 9.08143 2.2
      vertex 6.90252 9.08143 0
    endloop
  endfacet
  facet normal -0.537277 0.843406 0
    outer loop
      vertex 9.47508 7.10744 0
      vertex 9.35 7.02776 2.2
      vertex 9.47508 7.10744 2.2
    endloop
  endfacet
  facet normal -0.537277 0.843406 0
    outer loop
      vertex 9.35 7.02776 2.2
      vertex 9.47508 7.10744 0
      vertex 9.35 7.02776 0
    endloop
  endfacet
  facet normal -0.537277 -0.843406 0
    outer loop
      vertex 9.35 9.97224 0
      vertex 9.47508 9.89256 2.2
      vertex 9.35 9.97224 2.2
    endloop
  endfacet
  facet normal -0.537277 -0.843406 -0
    outer loop
      vertex 9.47508 9.89256 2.2
      vertex 9.35 9.97224 0
      vertex 9.47508 9.89256 0
    endloop
  endfacet
  facet normal 0.216445 -0.976295 0
    outer loop
      vertex 8.06001 10.1421 0
      vertex 8.2048 10.1742 2.2
      vertex 8.06001 10.1421 2.2
    endloop
  endfacet
  facet normal 0.216445 -0.976295 0
    outer loop
      vertex 8.2048 10.1742 2.2
      vertex 8.06001 10.1421 0
      vertex 8.2048 10.1742 0
    endloop
  endfacet
  facet normal 0.793365 0.608746 0
    outer loop
      vertex 7.19772 7.40726 2.2
      vertex 7.10744 7.52492 0
      vertex 7.10744 7.52492 2.2
    endloop
  endfacet
  facet normal 0.793365 0.608746 0
    outer loop
      vertex 7.10744 7.52492 0
      vertex 7.19772 7.40726 2.2
      vertex 7.19772 7.40726 0
    endloop
  endfacet
  facet normal -0.0436274 0.999048 0
    outer loop
      vertex 8.64816 6.80647 0
      vertex 8.5 6.8 2.2
      vertex 8.64816 6.80647 2.2
    endloop
  endfacet
  facet normal -0.0436274 0.999048 0
    outer loop
      vertex 8.5 6.8 2.2
      vertex 8.64816 6.80647 0
      vertex 8.5 6.8 0
    endloop
  endfacet
  facet normal -0.976295 0.216445 0
    outer loop
      vertex 10.1421 8.06001 0
      vertex 10.1742 8.2048 2.2
      vertex 10.1742 8.2048 0
    endloop
  endfacet
  facet normal -0.976295 0.216445 0
    outer loop
      vertex 10.1742 8.2048 2.2
      vertex 10.1421 8.06001 0
      vertex 10.1421 8.06001 2.2
    endloop
  endfacet
  facet normal -0.953709 0.300731 0
    outer loop
      vertex 10.0975 7.91857 0
      vertex 10.1421 8.06001 2.2
      vertex 10.1421 8.06001 0
    endloop
  endfacet
  facet normal -0.953709 0.300731 0
    outer loop
      vertex 10.1421 8.06001 2.2
      vertex 10.0975 7.91857 0
      vertex 10.0975 7.91857 2.2
    endloop
  endfacet
  facet normal 0.991443 -0.130538 0
    outer loop
      vertex 6.80647 8.64816 2.2
      vertex 6.82583 8.7952 0
      vertex 6.82583 8.7952 2.2
    endloop
  endfacet
  facet normal 0.991443 -0.130538 0
    outer loop
      vertex 6.82583 8.7952 0
      vertex 6.80647 8.64816 2.2
      vertex 6.80647 8.64816 0
    endloop
  endfacet
  facet normal -0.608788 -0.793333 0
    outer loop
      vertex 9.47508 9.89256 0
      vertex 9.59274 9.80227 2.2
      vertex 9.47508 9.89256 2.2
    endloop
  endfacet
  facet normal -0.608788 -0.793333 -0
    outer loop
      vertex 9.59274 9.80227 2.2
      vertex 9.47508 9.89256 0
      vertex 9.59274 9.80227 0
    endloop
  endfacet
  facet normal 0.608746 0.793365 -0
    outer loop
      vertex 7.52492 7.10744 0
      vertex 7.40726 7.19772 2.2
      vertex 7.52492 7.10744 2.2
    endloop
  endfacet
  facet normal 0.608746 0.793365 0
    outer loop
      vertex 7.40726 7.19772 2.2
      vertex 7.52492 7.10744 0
      vertex 7.40726 7.19772 0
    endloop
  endfacet
  facet normal 0.537277 -0.843406 0
    outer loop
      vertex 7.52492 9.89256 0
      vertex 7.65 9.97224 2.2
      vertex 7.52492 9.89256 2.2
    endloop
  endfacet
  facet normal 0.537277 -0.843406 0
    outer loop
      vertex 7.65 9.97224 2.2
      vertex 7.52492 9.89256 0
      vertex 7.65 9.97224 0
    endloop
  endfacet
  facet normal -0.843406 -0.537277 0
    outer loop
      vertex 9.97224 9.35 0
      vertex 9.89256 9.47508 2.2
      vertex 9.89256 9.47508 0
    endloop
  endfacet
  facet normal -0.843406 -0.537277 0
    outer loop
      vertex 9.89256 9.47508 2.2
      vertex 9.97224 9.35 0
      vertex 9.97224 9.35 2.2
    endloop
  endfacet
  facet normal 0.999048 -0.0436274 0
    outer loop
      vertex 6.8 8.5 2.2
      vertex 6.80647 8.64816 0
      vertex 6.80647 8.64816 2.2
    endloop
  endfacet
  facet normal 0.999048 -0.0436274 0
    outer loop
      vertex 6.80647 8.64816 0
      vertex 6.8 8.5 2.2
      vertex 6.8 8.5 0
    endloop
  endfacet
  facet normal 0.976295 -0.216445 0
    outer loop
      vertex 6.82583 8.7952 2.2
      vertex 6.85793 8.93999 0
      vertex 6.85793 8.93999 2.2
    endloop
  endfacet
  facet normal 0.976295 -0.216445 0
    outer loop
      vertex 6.85793 8.93999 0
      vertex 6.82583 8.7952 2.2
      vertex 6.82583 8.7952 0
    endloop
  endfacet
  facet normal 0.737249 0.675621 0
    outer loop
      vertex 7.29792 7.29792 2.2
      vertex 7.19772 7.40726 0
      vertex 7.19772 7.40726 2.2
    endloop
  endfacet
  facet normal 0.737249 0.675621 0
    outer loop
      vertex 7.19772 7.40726 0
      vertex 7.29792 7.29792 2.2
      vertex 7.29792 7.29792 0
    endloop
  endfacet
  facet normal 0.793365 -0.608746 0
    outer loop
      vertex 7.10744 9.47508 2.2
      vertex 7.19772 9.59274 0
      vertex 7.19772 9.59274 2.2
    endloop
  endfacet
  facet normal 0.793365 -0.608746 0
    outer loop
      vertex 7.19772 9.59274 0
      vertex 7.10744 9.47508 2.2
      vertex 7.10744 9.47508 0
    endloop
  endfacet
  facet normal -0.216445 -0.976295 0
    outer loop
      vertex 8.7952 10.1742 0
      vertex 8.93999 10.1421 2.2
      vertex 8.7952 10.1742 2.2
    endloop
  endfacet
  facet normal -0.216445 -0.976295 -0
    outer loop
      vertex 8.93999 10.1421 2.2
      vertex 8.7952 10.1742 0
      vertex 8.93999 10.1421 0
    endloop
  endfacet
  facet normal 0.843406 -0.537277 0
    outer loop
      vertex 7.02776 9.35 2.2
      vertex 7.10744 9.47508 0
      vertex 7.10744 9.47508 2.2
    endloop
  endfacet
  facet normal 0.843406 -0.537277 0
    outer loop
      vertex 7.10744 9.47508 0
      vertex 7.02776 9.35 2.2
      vertex 7.02776 9.35 0
    endloop
  endfacet
  facet normal 0.130547 0.991442 -0
    outer loop
      vertex 8.35183 6.80647 0
      vertex 8.2048 6.82583 2.2
      vertex 8.35183 6.80647 2.2
    endloop
  endfacet
  facet normal 0.130547 0.991442 0
    outer loop
      vertex 8.2048 6.82583 2.2
      vertex 8.35183 6.80647 0
      vertex 8.2048 6.82583 0
    endloop
  endfacet
  facet normal 0.382709 0.923869 -0
    outer loop
      vertex 7.91857 6.90252 0
      vertex 7.78155 6.95928 2.2
      vertex 7.91857 6.90252 2.2
    endloop
  endfacet
  facet normal 0.382709 0.923869 0
    outer loop
      vertex 7.78155 6.95928 2.2
      vertex 7.91857 6.90252 0
      vertex 7.78155 6.95928 0
    endloop
  endfacet
  facet normal 0.382939 -0.923774 0
    outer loop
      vertex 7.78155 10.0407 0
      vertex 7.91857 10.0975 2.2
      vertex 7.78155 10.0407 2.2
    endloop
  endfacet
  facet normal 0.382939 -0.923774 0
    outer loop
      vertex 7.91857 10.0975 2.2
      vertex 7.78155 10.0407 0
      vertex 7.91857 10.0975 0
    endloop
  endfacet
  facet normal -0.216445 0.976295 0
    outer loop
      vertex 8.93999 6.85793 0
      vertex 8.7952 6.82583 2.2
      vertex 8.93999 6.85793 2.2
    endloop
  endfacet
  facet normal -0.216445 0.976295 0
    outer loop
      vertex 8.7952 6.82583 2.2
      vertex 8.93999 6.85793 0
      vertex 8.7952 6.82583 0
    endloop
  endfacet
  facet normal -0.30067 0.953728 0
    outer loop
      vertex 9.08143 6.90252 0
      vertex 8.93999 6.85793 2.2
      vertex 9.08143 6.90252 2.2
    endloop
  endfacet
  facet normal -0.30067 0.953728 0
    outer loop
      vertex 8.93999 6.85793 2.2
      vertex 9.08143 6.90252 0
      vertex 8.93999 6.85793 0
    endloop
  endfacet
  facet normal 0.675584 -0.737283 0
    outer loop
      vertex 7.29792 9.70208 0
      vertex 7.40726 9.80227 2.2
      vertex 7.29792 9.70208 2.2
    endloop
  endfacet
  facet normal 0.675584 -0.737283 0
    outer loop
      vertex 7.40726 9.80227 2.2
      vertex 7.29792 9.70208 0
      vertex 7.40726 9.80227 0
    endloop
  endfacet
  facet normal -0.737283 0.675584 0
    outer loop
      vertex 9.70208 7.29792 0
      vertex 9.80227 7.40726 2.2
      vertex 9.80227 7.40726 0
    endloop
  endfacet
  facet normal -0.737283 0.675584 0
    outer loop
      vertex 9.80227 7.40726 2.2
      vertex 9.70208 7.29792 0
      vertex 9.70208 7.29792 2.2
    endloop
  endfacet
  facet normal 0.608788 -0.793333 0
    outer loop
      vertex 7.40726 9.80227 0
      vertex 7.52492 9.89256 2.2
      vertex 7.40726 9.80227 2.2
    endloop
  endfacet
  facet normal 0.608788 -0.793333 0
    outer loop
      vertex 7.52492 9.89256 2.2
      vertex 7.40726 9.80227 0
      vertex 7.52492 9.89256 0
    endloop
  endfacet
  facet normal -0.130141 -0.991496 0
    outer loop
      vertex 8.64816 10.1935 0
      vertex 8.7952 10.1742 2.2
      vertex 8.64816 10.1935 2.2
    endloop
  endfacet
  facet normal -0.130141 -0.991496 -0
    outer loop
      vertex 8.7952 10.1742 2.2
      vertex 8.64816 10.1935 0
      vertex 8.7952 10.1742 0
    endloop
  endfacet
  facet normal 0.843406 0.537277 0
    outer loop
      vertex 7.10744 7.52492 2.2
      vertex 7.02776 7.65 0
      vertex 7.02776 7.65 2.2
    endloop
  endfacet
  facet normal 0.843406 0.537277 0
    outer loop
      vertex 7.02776 7.65 0
      vertex 7.10744 7.52492 2.2
      vertex 7.10744 7.52492 0
    endloop
  endfacet
  facet normal -0.675621 0.737249 0
    outer loop
      vertex 9.70208 7.29792 0
      vertex 9.59274 7.19772 2.2
      vertex 9.70208 7.29792 2.2
    endloop
  endfacet
  facet normal -0.675621 0.737249 0
    outer loop
      vertex 9.59274 7.19772 2.2
      vertex 9.70208 7.29792 0
      vertex 9.59274 7.19772 0
    endloop
  endfacet
  facet normal -0.687492 -0.358072 0.631775
    outer loop
      vertex 11.3716 9.83903 4
      vertex 11.2475 10.0773 4
      vertex 10.0407 9.21845 2.2
    endloop
  endfacet
  facet normal -0.739278 0.233115 0.631763
    outer loop
      vertex 10.0975 7.91857 2.2
      vertex 11.4797 7.42378 4
      vertex 10.1421 8.06001 2.2
    endloop
  endfacet
  facet normal -0.73766 0.237955 0.631851
    outer loop
      vertex 11.4797 7.42378 4
      vertex 10.0975 7.91857 2.2
      vertex 11.4773 7.41634 4
    endloop
  endfacet
  facet normal -0.774428 -0.0337649 0.631761
    outer loop
      vertex 11.6684 8.5 4
      vertex 11.6567 8.76835 4
      vertex 10.2 8.5 2.2
    endloop
  endfacet
  facet normal -0.774647 -0.0297941 0.631691
    outer loop
      vertex 10.1935 8.64816 2.2
      vertex 11.6567 8.76835 4
      vertex 11.6564 8.77615 4
    endloop
  endfacet
  facet normal -0.774407 -0.0339744 0.631775
    outer loop
      vertex 11.6567 8.76835 4
      vertex 10.1935 8.64816 2.2
      vertex 10.2 8.5 2.2
    endloop
  endfacet
  facet normal 0.523732 -0.57146 0.631774
    outer loop
      vertex 7.40726 9.80227 2.2
      vertex 6.46338 10.9272 4
      vertex 6.26534 10.7457 4
    endloop
  endfacet
  facet normal 0.756782 -0.167783 0.631767
    outer loop
      vertex 6.85793 8.93999 2.2
      vertex 5.43954 9.32005 4
      vertex 5.3814 9.05781 4
    endloop
  endfacet
  facet normal -0.756807 0.167673 0.631767
    outer loop
      vertex 11.5605 7.67995 4
      vertex 11.6186 7.94219 4
      vertex 10.1421 8.06001 2.2
    endloop
  endfacet
  facet normal -0.527781 -0.567613 0.631872
    outer loop
      vertex 10.7347 10.7457 4
      vertex 9.70208 9.70208 2.2
      vertex 10.7404 10.7404 4
    endloop
  endfacet
  facet normal -0.52368 -0.571506 0.631776
    outer loop
      vertex 9.70208 9.70208 2.2
      vertex 10.7347 10.7457 4
      vertex 9.59274 9.80227 2.2
    endloop
  endfacet
  facet normal -0.296637 0.716154 0.631767
    outer loop
      vertex 9.59087 5.52564 4
      vertex 9.83903 5.62843 4
      vertex 9.21845 6.95928 2.2
    endloop
  endfacet
  facet normal -0.73766 -0.237955 0.631851
    outer loop
      vertex 10.0975 9.08143 2.2
      vertex 11.4797 9.57622 4
      vertex 11.4773 9.58366 4
    endloop
  endfacet
  facet normal -0.739278 -0.233115 0.631763
    outer loop
      vertex 11.4797 9.57622 4
      vertex 10.0975 9.08143 2.2
      vertex 10.1421 8.93999 2.2
    endloop
  endfacet
  facet normal -0.756621 -0.1688 0.631689
    outer loop
      vertex 10.1421 8.93999 2.2
      vertex 11.6203 9.05019 4
      vertex 11.6186 9.05781 4
    endloop
  endfacet
  facet normal -0.756787 -0.16778 0.631762
    outer loop
      vertex 11.6203 9.05019 4
      vertex 10.1421 8.93999 2.2
      vertex 10.1742 8.7952 2.2
    endloop
  endfacet
  facet normal 0.571603 -0.523589 0.631763
    outer loop
      vertex 7.19772 9.59274 2.2
      vertex 6.25431 10.7347 4
      vertex 6.07285 10.5366 4
    endloop
  endfacet
  facet normal -0.614959 0.471908 0.631766
    outer loop
      vertex 9.80227 7.40726 2.2
      vertex 10.9319 6.46957 4
      vertex 9.89256 7.52492 2.2
    endloop
  endfacet
  facet normal -0.617415 0.468797 0.631687
    outer loop
      vertex 10.9319 6.46957 4
      vertex 9.80227 7.40726 2.2
      vertex 10.9272 6.46338 4
    endloop
  endfacet
  facet normal 0.357751 -0.687678 0.631754
    outer loop
      vertex 7.65 9.97224 2.2
      vertex 6.92271 11.2475 4
      vertex 6.91579 11.2439 4
    endloop
  endfacet
  facet normal 0.357848 -0.687626 0.631756
    outer loop
      vertex 6.92271 11.2475 4
      vertex 7.65 9.97224 2.2
      vertex 7.78155 10.0407 2.2
    endloop
  endfacet
  facet normal 0.101012 -0.768556 0.631759
    outer loop
      vertex 8.2048 10.1742 2.2
      vertex 8.21611 11.6553 4
      vertex 7.94981 11.6203 4
    endloop
  endfacet
  facet normal 0.167779 0.756783 0.631767
    outer loop
      vertex 8.06001 6.85793 2.2
      vertex 7.94981 5.37971 4
      vertex 8.2048 6.82583 2.2
    endloop
  endfacet
  facet normal 0.167841 0.756773 0.631763
    outer loop
      vertex 7.94981 5.37971 4
      vertex 8.06001 6.85793 2.2
      vertex 7.94219 5.3814 4
    endloop
  endfacet
  facet normal -0.716134 -0.296658 0.63178
    outer loop
      vertex 11.4744 9.59087 4
      vertex 11.3716 9.83903 4
      vertex 10.0407 9.21845 2.2
    endloop
  endfacet
  facet normal 0.653774 0.416475 0.631766
    outer loop
      vertex 5.75607 6.91579 4
      vertex 7.10744 7.52492 2.2
      vertex 7.02776 7.65 2.2
    endloop
  endfacet
  facet normal 0.653843 0.416353 0.631776
    outer loop
      vertex 7.10744 7.52492 2.2
      vertex 5.75607 6.91579 4
      vertex 5.76026 6.90921 4
    endloop
  endfacet
  facet normal 0.716154 -0.296637 0.631767
    outer loop
      vertex 6.95928 9.21845 2.2
      vertex 5.62843 9.83903 4
      vertex 5.52564 9.59087 4
    endloop
  endfacet
  facet normal 0.416489 0.653766 0.631765
    outer loop
      vertex 6.90921 5.76026 4
      vertex 7.52492 7.10744 2.2
      vertex 6.68267 5.90458 4
    endloop
  endfacet
  facet normal 0.77442 0.0338159 0.631767
    outer loop
      vertex 5.34329 8.23165 4
      vertex 6.80647 8.35183 2.2
      vertex 6.8 8.5 2.2
    endloop
  endfacet
  facet normal 0.774424 0.0337569 0.631766
    outer loop
      vertex 6.80647 8.35183 2.2
      vertex 5.34329 8.23165 4
      vertex 5.34363 8.22385 4
    endloop
  endfacet
  facet normal 0.0338159 0.77442 0.631767
    outer loop
      vertex 8.35183 6.80647 2.2
      vertex 8.23165 5.34329 4
      vertex 8.5 6.8 2.2
    endloop
  endfacet
  facet normal 0.0337569 0.774424 0.631766
    outer loop
      vertex 8.23165 5.34329 4
      vertex 8.35183 6.80647 2.2
      vertex 8.22385 5.34363 4
    endloop
  endfacet
  facet normal -0.233471 0.739158 0.631773
    outer loop
      vertex 9.08143 6.90252 2.2
      vertex 9.57622 5.52031 4
      vertex 9.58366 5.52266 4
    endloop
  endfacet
  facet normal -0.233067 0.739292 0.631765
    outer loop
      vertex 9.57622 5.52031 4
      vertex 9.08143 6.90252 2.2
      vertex 8.93999 6.85793 2.2
    endloop
  endfacet
  facet normal -0.739257 0.233173 0.631767
    outer loop
      vertex 11.4797 7.42378 4
      vertex 11.5605 7.67995 4
      vertex 10.1421 8.06001 2.2
    endloop
  endfacet
  facet normal -0.233094 0.739282 0.631767
    outer loop
      vertex 9.32005 5.43954 4
      vertex 9.57622 5.52031 4
      vertex 8.93999 6.85793 2.2
    endloop
  endfacet
  facet normal -0.233173 -0.739257 0.631767
    outer loop
      vertex 9.57622 11.4797 4
      vertex 9.32005 11.5605 4
      vertex 8.93999 10.1421 2.2
    endloop
  endfacet
  facet normal -0.615002 0.471858 0.631762
    outer loop
      vertex 10.9319 6.46957 4
      vertex 11.0954 6.68267 4
      vertex 9.89256 7.52492 2.2
    endloop
  endfacet
  facet normal 0.167783 0.756782 0.631767
    outer loop
      vertex 7.94219 5.3814 4
      vertex 8.06001 6.85793 2.2
      vertex 7.67995 5.43954 4
    endloop
  endfacet
  facet normal -0.357916 0.68758 0.631767
    outer loop
      vertex 9.83903 5.62843 4
      vertex 10.0773 5.75246 4
      vertex 9.21845 6.95928 2.2
    endloop
  endfacet
  facet normal -0.57146 0.523732 0.631774
    outer loop
      vertex 10.7457 6.26534 4
      vertex 10.9272 6.46338 4
      vertex 9.80227 7.40726 2.2
    endloop
  endfacet
  facet normal -0.523589 0.571603 0.631763
    outer loop
      vertex 10.5366 6.07285 4
      vertex 10.7347 6.25431 4
      vertex 9.59274 7.19772 2.2
    endloop
  endfacet
  facet normal -0.768548 0.100884 0.631789
    outer loop
      vertex 10.1742 8.2048 2.2
      vertex 11.6564 8.22385 4
      vertex 10.1935 8.35183 2.2
    endloop
  endfacet
  facet normal -0.767918 0.109136 0.631183
    outer loop
      vertex 11.6564 8.22385 4
      vertex 10.1742 8.2048 2.2
      vertex 11.6553 8.21611 4
    endloop
  endfacet
  facet normal -0.774407 0.0339721 0.631775
    outer loop
      vertex 10.1935 8.35183 2.2
      vertex 11.6567 8.23165 4
      vertex 10.2 8.5 2.2
    endloop
  endfacet
  facet normal -0.774647 0.0297941 0.631691
    outer loop
      vertex 11.6567 8.23165 4
      vertex 10.1935 8.35183 2.2
      vertex 11.6564 8.22385 4
    endloop
  endfacet
  facet normal -0.416479 -0.65378 0.631758
    outer loop
      vertex 9.47508 9.89256 2.2
      vertex 10.0842 11.2439 4
      vertex 9.35 9.97224 2.2
    endloop
  endfacet
  facet normal -0.416156 -0.65396 0.631784
    outer loop
      vertex 10.0842 11.2439 4
      vertex 9.47508 9.89256 2.2
      vertex 10.0908 11.2397 4
    endloop
  endfacet
  facet normal -0.57151 0.523684 0.631769
    outer loop
      vertex 9.70208 7.29792 2.2
      vertex 10.7457 6.26534 4
      vertex 9.80227 7.40726 2.2
    endloop
  endfacet
  facet normal -0.569943 0.525339 0.63181
    outer loop
      vertex 10.7457 6.26534 4
      vertex 9.70208 7.29792 2.2
      vertex 10.7404 6.25959 4
    endloop
  endfacet
  facet normal 0.1688 -0.756621 0.631689
    outer loop
      vertex 8.06001 10.1421 2.2
      vertex 7.94981 11.6203 4
      vertex 7.94219 11.6186 4
    endloop
  endfacet
  facet normal 0.16778 -0.756787 0.631762
    outer loop
      vertex 7.94981 11.6203 4
      vertex 8.06001 10.1421 2.2
      vertex 8.2048 10.1742 2.2
    endloop
  endfacet
  facet normal -0.774428 0.0337649 0.631761
    outer loop
      vertex 11.6567 8.23165 4
      vertex 11.6684 8.5 4
      vertex 10.2 8.5 2.2
    endloop
  endfacet
  facet normal -0.526724 0.568622 0.631847
    outer loop
      vertex 9.70208 7.29792 2.2
      vertex 10.7347 6.25431 4
      vertex 10.7404 6.25959 4
    endloop
  endfacet
  facet normal -0.523709 0.57148 0.631775
    outer loop
      vertex 10.7347 6.25431 4
      vertex 9.70208 7.29792 2.2
      vertex 9.59274 7.19772 2.2
    endloop
  endfacet
  facet normal -0.0337569 0.774424 0.631766
    outer loop
      vertex 8.64816 6.80647 2.2
      vertex 8.76835 5.34329 4
      vertex 8.77615 5.34363 4
    endloop
  endfacet
  facet normal -0.0338182 0.77442 0.631767
    outer loop
      vertex 8.76835 5.34329 4
      vertex 8.64816 6.80647 2.2
      vertex 8.5 6.8 2.2
    endloop
  endfacet
  facet normal 0.471908 -0.614959 0.631766
    outer loop
      vertex 6.46957 10.9319 4
      vertex 7.40726 9.80227 2.2
      vertex 7.52492 9.89256 2.2
    endloop
  endfacet
  facet normal 0.468797 -0.617415 0.631687
    outer loop
      vertex 7.40726 9.80227 2.2
      vertex 6.46957 10.9319 4
      vertex 6.46338 10.9272 4
    endloop
  endfacet
  facet normal 0.296668 -0.71613 0.63178
    outer loop
      vertex 7.78155 10.0407 2.2
      vertex 7.40912 11.4744 4
      vertex 7.16097 11.3716 4
    endloop
  endfacet
  facet normal -0.101008 -0.768556 0.631758
    outer loop
      vertex 8.7952 10.1742 2.2
      vertex 9.05019 11.6203 4
      vertex 8.78388 11.6553 4
    endloop
  endfacet
  facet normal 0.739282 -0.233094 0.631767
    outer loop
      vertex 6.85793 8.93999 2.2
      vertex 5.52031 9.57622 4
      vertex 5.43954 9.32005 4
    endloop
  endfacet
  facet normal 0.687574 0.357928 0.631767
    outer loop
      vertex 5.75246 6.92271 4
      vertex 6.95928 7.78155 2.2
      vertex 5.62843 7.16097 4
    endloop
  endfacet
  facet normal -0.415422 0.654363 0.631849
    outer loop
      vertex 9.47508 7.10744 2.2
      vertex 10.0842 5.75607 4
      vertex 10.0908 5.76026 4
    endloop
  endfacet
  facet normal -0.416476 0.653775 0.631764
    outer loop
      vertex 10.0842 5.75607 4
      vertex 9.47508 7.10744 2.2
      vertex 9.35 7.02776 2.2
    endloop
  endfacet
  facet normal 0.523713 0.571484 0.631768
    outer loop
      vertex 7.29792 7.29792 2.2
      vertex 6.26534 6.25431 4
      vertex 7.40726 7.19772 2.2
    endloop
  endfacet
  facet normal 0.52428 0.570948 0.631782
    outer loop
      vertex 6.26534 6.25431 4
      vertex 7.29792 7.29792 2.2
      vertex 6.25959 6.25959 4
    endloop
  endfacet
  facet normal -0.167673 -0.756807 0.631767
    outer loop
      vertex 9.32005 11.5605 4
      vertex 9.05781 11.6186 4
      vertex 8.93999 10.1421 2.2
    endloop
  endfacet
  facet normal 0.71615 0.296647 0.631767
    outer loop
      vertex 5.62843 7.16097 4
      vertex 6.95928 7.78155 2.2
      vertex 5.52564 7.40912 4
    endloop
  endfacet
  facet normal -0.768556 -0.101008 0.631758
    outer loop
      vertex 11.6553 8.78388 4
      vertex 11.6203 9.05019 4
      vertex 10.1742 8.7952 2.2
    endloop
  endfacet
  facet normal 0.686813 -0.359333 0.631797
    outer loop
      vertex 5.75246 10.0773 4
      vertex 7.02776 9.35 2.2
      vertex 5.75607 10.0842 4
    endloop
  endfacet
  facet normal 0.687574 -0.357925 0.631768
    outer loop
      vertex 7.02776 9.35 2.2
      vertex 5.75246 10.0773 4
      vertex 6.95928 9.21845 2.2
    endloop
  endfacet
  facet normal 0.653766 0.416489 0.631765
    outer loop
      vertex 5.90458 6.68267 4
      vertex 7.10744 7.52492 2.2
      vertex 5.76026 6.90921 4
    endloop
  endfacet
  facet normal -0.167783 0.756782 0.631767
    outer loop
      vertex 9.05781 5.3814 4
      vertex 9.32005 5.43954 4
      vertex 8.93999 6.85793 2.2
    endloop
  endfacet
  facet normal 0.357928 0.687574 0.631767
    outer loop
      vertex 7.16097 5.62843 4
      vertex 7.78155 6.95928 2.2
      vertex 6.92271 5.75246 4
    endloop
  endfacet
  facet normal 0.523675 0.571523 0.631764
    outer loop
      vertex 6.46338 6.07285 4
      vertex 7.40726 7.19772 2.2
      vertex 6.26534 6.25431 4
    endloop
  endfacet
  facet normal 0.614975 -0.471895 0.63176
    outer loop
      vertex 7.10744 9.47508 2.2
      vertex 6.0681 10.5304 4
      vertex 5.90458 10.3173 4
    endloop
  endfacet
  facet normal 0.615343 -0.471432 0.631748
    outer loop
      vertex 6.0681 10.5304 4
      vertex 7.19772 9.59274 2.2
      vertex 6.07285 10.5366 4
    endloop
  endfacet
  facet normal 0.614989 -0.471878 0.631759
    outer loop
      vertex 7.19772 9.59274 2.2
      vertex 6.0681 10.5304 4
      vertex 7.10744 9.47508 2.2
    endloop
  endfacet
  facet normal 0.416475 0.653774 0.631766
    outer loop
      vertex 7.52492 7.10744 2.2
      vertex 6.91579 5.75607 4
      vertex 7.65 7.02776 2.2
    endloop
  endfacet
  facet normal 0.416353 0.653843 0.631776
    outer loop
      vertex 6.91579 5.75607 4
      vertex 7.52492 7.10744 2.2
      vertex 6.90921 5.76026 4
    endloop
  endfacet
  facet normal 0.101195 0.768525 0.631767
    outer loop
      vertex 8.2048 6.82583 2.2
      vertex 8.22385 5.34363 4
      vertex 8.35183 6.80647 2.2
    endloop
  endfacet
  facet normal 0.101278 0.768519 0.631761
    outer loop
      vertex 8.22385 5.34363 4
      vertex 8.2048 6.82583 2.2
      vertex 8.21611 5.34465 4
    endloop
  endfacet
  facet normal 0.101181 0.768526 0.631767
    outer loop
      vertex 8.21611 5.34465 4
      vertex 8.2048 6.82583 2.2
      vertex 7.94981 5.37971 4
    endloop
  endfacet
  facet normal -0.359333 0.686813 0.631797
    outer loop
      vertex 9.35 7.02776 2.2
      vertex 10.0773 5.75246 4
      vertex 10.0842 5.75607 4
    endloop
  endfacet
  facet normal -0.357925 0.687574 0.631768
    outer loop
      vertex 10.0773 5.75246 4
      vertex 9.35 7.02776 2.2
      vertex 9.21845 6.95928 2.2
    endloop
  endfacet
  facet normal -0.471432 0.615343 0.631748
    outer loop
      vertex 9.59274 7.19772 2.2
      vertex 10.5304 6.0681 4
      vertex 10.5366 6.07285 4
    endloop
  endfacet
  facet normal -0.471878 0.614989 0.631759
    outer loop
      vertex 10.5304 6.0681 4
      vertex 9.59274 7.19772 2.2
      vertex 9.47508 7.10744 2.2
    endloop
  endfacet
  facet normal -0.653796 0.416451 0.63176
    outer loop
      vertex 11.0954 6.68267 4
      vertex 11.2397 6.90921 4
      vertex 9.89256 7.52492 2.2
    endloop
  endfacet
  facet normal 0.233094 0.739282 0.631767
    outer loop
      vertex 7.67995 5.43954 4
      vertex 8.06001 6.85793 2.2
      vertex 7.42378 5.52031 4
    endloop
  endfacet
  facet normal -0.571539 -0.523647 0.631773
    outer loop
      vertex 10.9272 10.5366 4
      vertex 10.7457 10.7347 4
      vertex 9.80227 9.59274 2.2
    endloop
  endfacet
  facet normal -0.768556 0.101012 0.631759
    outer loop
      vertex 11.6203 7.94981 4
      vertex 11.6553 8.21611 4
      vertex 10.1742 8.2048 2.2
    endloop
  endfacet
  facet normal -0.756787 0.16778 0.631762
    outer loop
      vertex 10.1421 8.06001 2.2
      vertex 11.6203 7.94981 4
      vertex 10.1742 8.2048 2.2
    endloop
  endfacet
  facet normal -0.756621 0.1688 0.631689
    outer loop
      vertex 11.6203 7.94981 4
      vertex 10.1421 8.06001 2.2
      vertex 11.6186 7.94219 4
    endloop
  endfacet
  facet normal 0.0337935 0.774423 0.631765
    outer loop
      vertex 8.5 5.33158 4
      vertex 8.5 6.8 2.2
      vertex 8.23165 5.34329 4
    endloop
  endfacet
  facet normal 0.296661 0.716147 0.631764
    outer loop
      vertex 7.78155 6.95928 2.2
      vertex 7.41634 5.52266 4
      vertex 7.91857 6.90252 2.2
    endloop
  endfacet
  facet normal 0.295719 0.716475 0.631834
    outer loop
      vertex 7.41634 5.52266 4
      vertex 7.78155 6.95928 2.2
      vertex 7.40912 5.52564 4
    endloop
  endfacet
  facet normal 0.768526 0.101181 0.631767
    outer loop
      vertex 5.37971 7.94981 4
      vertex 6.82583 8.2048 2.2
      vertex 5.34465 8.21611 4
    endloop
  endfacet
  facet normal 0.614972 0.471892 0.631765
    outer loop
      vertex 6.0681 6.46957 4
      vertex 7.10744 7.52492 2.2
      vertex 5.90458 6.68267 4
    endloop
  endfacet
  facet normal -0.101407 0.768509 0.631752
    outer loop
      vertex 8.7952 6.82583 2.2
      vertex 8.77615 5.34363 4
      vertex 8.78388 5.34465 4
    endloop
  endfacet
  facet normal -0.101188 0.768525 0.631767
    outer loop
      vertex 8.77615 5.34363 4
      vertex 8.7952 6.82583 2.2
      vertex 8.64816 6.80647 2.2
    endloop
  endfacet
  facet normal -0.296078 0.71635 0.631807
    outer loop
      vertex 9.21845 6.95928 2.2
      vertex 9.58366 5.52266 4
      vertex 9.59087 5.52564 4
    endloop
  endfacet
  facet normal -0.296661 0.716147 0.631764
    outer loop
      vertex 9.58366 5.52266 4
      vertex 9.21845 6.95928 2.2
      vertex 9.08143 6.90252 2.2
    endloop
  endfacet
  facet normal 0.357926 0.687575 0.631767
    outer loop
      vertex 7.65 7.02776 2.2
      vertex 6.92271 5.75246 4
      vertex 7.78155 6.95928 2.2
    endloop
  endfacet
  facet normal 0.358523 0.687252 0.63178
    outer loop
      vertex 6.92271 5.75246 4
      vertex 7.65 7.02776 2.2
      vertex 6.91579 5.75607 4
    endloop
  endfacet
  facet normal 0.68758 -0.357916 0.631767
    outer loop
      vertex 6.95928 9.21845 2.2
      vertex 5.75246 10.0773 4
      vertex 5.62843 9.83903 4
    endloop
  endfacet
  facet normal -0.357847 -0.687625 0.631757
    outer loop
      vertex 9.35 9.97224 2.2
      vertex 10.0773 11.2475 4
      vertex 9.21845 10.0407 2.2
    endloop
  endfacet
  facet normal -0.35856 -0.68724 0.631772
    outer loop
      vertex 10.0773 11.2475 4
      vertex 9.35 9.97224 2.2
      vertex 10.0842 11.2439 4
    endloop
  endfacet
  facet normal 0.0337649 -0.774428 0.631761
    outer loop
      vertex 8.5 10.2 2.2
      vertex 8.5 11.6684 4
      vertex 8.23165 11.6567 4
    endloop
  endfacet
  facet normal -0.296845 -0.716087 0.631745
    outer loop
      vertex 9.21845 10.0407 2.2
      vertex 9.58366 11.4773 4
      vertex 9.08143 10.0975 2.2
    endloop
  endfacet
  facet normal -0.289098 -0.718758 0.632305
    outer loop
      vertex 9.58366 11.4773 4
      vertex 9.21845 10.0407 2.2
      vertex 9.59087 11.4744 4
    endloop
  endfacet
  facet normal 0.739158 -0.233471 0.631773
    outer loop
      vertex 5.52031 9.57622 4
      vertex 6.90252 9.08143 2.2
      vertex 5.52266 9.58366 4
    endloop
  endfacet
  facet normal 0.739292 -0.233067 0.631765
    outer loop
      vertex 6.90252 9.08143 2.2
      vertex 5.52031 9.57622 4
      vertex 6.85793 8.93999 2.2
    endloop
  endfacet
  facet normal 0.233067 0.739292 0.631765
    outer loop
      vertex 7.91857 6.90252 2.2
      vertex 7.42378 5.52031 4
      vertex 8.06001 6.85793 2.2
    endloop
  endfacet
  facet normal 0.233471 0.739158 0.631773
    outer loop
      vertex 7.42378 5.52031 4
      vertex 7.91857 6.90252 2.2
      vertex 7.41634 5.52266 4
    endloop
  endfacet
  facet normal -0.0337935 0.774423 0.631765
    outer loop
      vertex 8.76835 5.34329 4
      vertex 8.5 6.8 2.2
      vertex 8.5 5.33158 4
    endloop
  endfacet
  facet normal -0.471895 0.614975 0.63176
    outer loop
      vertex 10.3173 5.90458 4
      vertex 10.5304 6.0681 4
      vertex 9.47508 7.10744 2.2
    endloop
  endfacet
  facet normal -0.416543 0.653734 0.631762
    outer loop
      vertex 10.0908 5.76026 4
      vertex 10.3173 5.90458 4
      vertex 9.47508 7.10744 2.2
    endloop
  endfacet
  facet normal 0.768527 -0.101177 0.631767
    outer loop
      vertex 6.82583 8.7952 2.2
      vertex 5.37971 9.05019 4
      vertex 5.34465 8.78388 4
    endloop
  endfacet
  facet normal -0.716087 0.296845 0.631745
    outer loop
      vertex 10.0407 7.78155 2.2
      vertex 11.4773 7.41634 4
      vertex 10.0975 7.91857 2.2
    endloop
  endfacet
  facet normal -0.718878 0.288746 0.632329
    outer loop
      vertex 11.4773 7.41634 4
      vertex 10.0407 7.78155 2.2
      vertex 11.4744 7.40912 4
    endloop
  endfacet
  facet normal 0.716147 0.296661 0.631764
    outer loop
      vertex 5.52266 7.41634 4
      vertex 6.95928 7.78155 2.2
      vertex 6.90252 7.91857 2.2
    endloop
  endfacet
  facet normal 0.716475 0.295719 0.631834
    outer loop
      vertex 6.95928 7.78155 2.2
      vertex 5.52266 7.41634 4
      vertex 5.52564 7.40912 4
    endloop
  endfacet
  facet normal 0.0297941 -0.774647 0.631691
    outer loop
      vertex 8.35183 10.1935 2.2
      vertex 8.23165 11.6567 4
      vertex 8.22385 11.6564 4
    endloop
  endfacet
  facet normal 0.0339721 -0.774407 0.631775
    outer loop
      vertex 8.23165 11.6567 4
      vertex 8.35183 10.1935 2.2
      vertex 8.5 10.2 2.2
    endloop
  endfacet
  facet normal 0.571523 0.523675 0.631764
    outer loop
      vertex 6.25431 6.26534 4
      vertex 7.19772 7.40726 2.2
      vertex 6.07285 6.46338 4
    endloop
  endfacet
  facet normal 0.471858 -0.615002 0.631762
    outer loop
      vertex 7.52492 9.89256 2.2
      vertex 6.68267 11.0954 4
      vertex 6.46957 10.9319 4
    endloop
  endfacet
  facet normal 0.687575 0.357926 0.631767
    outer loop
      vertex 5.75246 6.92271 4
      vertex 7.02776 7.65 2.2
      vertex 6.95928 7.78155 2.2
    endloop
  endfacet
  facet normal 0.687252 0.358523 0.63178
    outer loop
      vertex 7.02776 7.65 2.2
      vertex 5.75246 6.92271 4
      vertex 5.75607 6.91579 4
    endloop
  endfacet
  facet normal 0.288746 -0.718878 0.632329
    outer loop
      vertex 7.78155 10.0407 2.2
      vertex 7.41634 11.4773 4
      vertex 7.40912 11.4744 4
    endloop
  endfacet
  facet normal 0.296845 -0.716087 0.631745
    outer loop
      vertex 7.41634 11.4773 4
      vertex 7.78155 10.0407 2.2
      vertex 7.91857 10.0975 2.2
    endloop
  endfacet
  facet normal 0.774423 -0.0337935 0.631765
    outer loop
      vertex 6.8 8.5 2.2
      vertex 5.34329 8.76835 4
      vertex 5.33158 8.5 4
    endloop
  endfacet
  facet normal 0.471876 0.614986 0.631763
    outer loop
      vertex 7.40726 7.19772 2.2
      vertex 6.46957 6.0681 4
      vertex 7.52492 7.10744 2.2
    endloop
  endfacet
  facet normal 0.471903 0.614965 0.631764
    outer loop
      vertex 6.46957 6.0681 4
      vertex 7.40726 7.19772 2.2
      vertex 6.46338 6.07285 4
    endloop
  endfacet
  facet normal -0.653764 -0.416504 0.631757
    outer loop
      vertex 11.2397 10.0908 4
      vertex 11.0954 10.3173 4
      vertex 9.89256 9.47508 2.2
    endloop
  endfacet
  facet normal 0.614986 0.471876 0.631763
    outer loop
      vertex 6.0681 6.46957 4
      vertex 7.19772 7.40726 2.2
      vertex 7.10744 7.52492 2.2
    endloop
  endfacet
  facet normal 0.614965 0.471903 0.631764
    outer loop
      vertex 7.19772 7.40726 2.2
      vertex 6.0681 6.46957 4
      vertex 6.07285 6.46338 4
    endloop
  endfacet
  facet normal -0.767907 -0.109275 0.631172
    outer loop
      vertex 10.1742 8.7952 2.2
      vertex 11.6564 8.77615 4
      vertex 11.6553 8.78388 4
    endloop
  endfacet
  facet normal -0.768548 -0.100877 0.631789
    outer loop
      vertex 11.6564 8.77615 4
      vertex 10.1742 8.7952 2.2
      vertex 10.1935 8.64816 2.2
    endloop
  endfacet
  facet normal -0.16778 -0.756787 0.631762
    outer loop
      vertex 8.93999 10.1421 2.2
      vertex 9.05019 11.6203 4
      vertex 8.7952 10.1742 2.2
    endloop
  endfacet
  facet normal -0.1688 -0.756621 0.631689
    outer loop
      vertex 9.05019 11.6203 4
      vertex 8.93999 10.1421 2.2
      vertex 9.05781 11.6186 4
    endloop
  endfacet
  facet normal -0.71613 0.296668 0.63178
    outer loop
      vertex 11.3716 7.16097 4
      vertex 11.4744 7.40912 4
      vertex 10.0407 7.78155 2.2
    endloop
  endfacet
  facet normal -0.687486 0.358084 0.631775
    outer loop
      vertex 11.2475 6.92271 4
      vertex 11.3716 7.16097 4
      vertex 10.0407 7.78155 2.2
    endloop
  endfacet
  facet normal 0.358084 -0.687486 0.631775
    outer loop
      vertex 7.78155 10.0407 2.2
      vertex 7.16097 11.3716 4
      vertex 6.92271 11.2475 4
    endloop
  endfacet
  facet normal -0.101177 0.768527 0.631767
    outer loop
      vertex 9.05019 5.37971 4
      vertex 8.7952 6.82583 2.2
      vertex 8.78388 5.34465 4
    endloop
  endfacet
  facet normal 0.471892 0.614972 0.631765
    outer loop
      vertex 6.68267 5.90458 4
      vertex 7.52492 7.10744 2.2
      vertex 6.46957 6.0681 4
    endloop
  endfacet
  facet normal 0.653734 -0.416543 0.631762
    outer loop
      vertex 7.10744 9.47508 2.2
      vertex 5.90458 10.3173 4
      vertex 5.76026 10.0908 4
    endloop
  endfacet
  facet normal 0.768519 0.101278 0.631761
    outer loop
      vertex 6.82583 8.2048 2.2
      vertex 5.34363 8.22385 4
      vertex 5.34465 8.21611 4
    endloop
  endfacet
  facet normal 0.768525 0.101195 0.631767
    outer loop
      vertex 5.34363 8.22385 4
      vertex 6.82583 8.2048 2.2
      vertex 6.80647 8.35183 2.2
    endloop
  endfacet
  facet normal 0.523684 -0.57151 0.631769
    outer loop
      vertex 6.26534 10.7457 4
      vertex 7.29792 9.70208 2.2
      vertex 7.40726 9.80227 2.2
    endloop
  endfacet
  facet normal 0.525339 -0.569943 0.63181
    outer loop
      vertex 7.29792 9.70208 2.2
      vertex 6.26534 10.7457 4
      vertex 6.25959 10.7404 4
    endloop
  endfacet
  facet normal -0.416504 -0.653764 0.631757
    outer loop
      vertex 10.3173 11.0954 4
      vertex 10.0908 11.2397 4
      vertex 9.47508 9.89256 2.2
    endloop
  endfacet
  facet normal -0.567613 -0.527781 0.631872
    outer loop
      vertex 9.70208 9.70208 2.2
      vertex 10.7457 10.7347 4
      vertex 10.7404 10.7404 4
    endloop
  endfacet
  facet normal -0.571506 -0.52368 0.631776
    outer loop
      vertex 10.7457 10.7347 4
      vertex 9.70208 9.70208 2.2
      vertex 9.80227 9.59274 2.2
    endloop
  endfacet
  facet normal 0.71635 -0.296078 0.631807
    outer loop
      vertex 5.52266 9.58366 4
      vertex 6.95928 9.21845 2.2
      vertex 5.52564 9.59087 4
    endloop
  endfacet
  facet normal 0.716147 -0.296661 0.631764
    outer loop
      vertex 6.95928 9.21845 2.2
      vertex 5.52266 9.58366 4
      vertex 6.90252 9.08143 2.2
    endloop
  endfacet
  facet normal 0.233173 -0.739257 0.631767
    outer loop
      vertex 8.06001 10.1421 2.2
      vertex 7.67995 11.5605 4
      vertex 7.42378 11.4797 4
    endloop
  endfacet
  facet normal -0.68724 -0.35856 0.631772
    outer loop
      vertex 9.97224 9.35 2.2
      vertex 11.2475 10.0773 4
      vertex 11.2439 10.0842 4
    endloop
  endfacet
  facet normal -0.687625 -0.357847 0.631757
    outer loop
      vertex 11.2475 10.0773 4
      vertex 9.97224 9.35 2.2
      vertex 10.0407 9.21845 2.2
    endloop
  endfacet
  facet normal 0.416451 -0.653796 0.63176
    outer loop
      vertex 7.52492 9.89256 2.2
      vertex 6.90921 11.2397 4
      vertex 6.68267 11.0954 4
    endloop
  endfacet
  facet normal -0.358072 -0.687492 0.631775
    outer loop
      vertex 10.0773 11.2475 4
      vertex 9.83903 11.3716 4
      vertex 9.21845 10.0407 2.2
    endloop
  endfacet
  facet normal -0.296658 -0.716134 0.63178
    outer loop
      vertex 9.83903 11.3716 4
      vertex 9.59087 11.4744 4
      vertex 9.21845 10.0407 2.2
    endloop
  endfacet
  facet normal -0.167841 0.756773 0.631763
    outer loop
      vertex 8.93999 6.85793 2.2
      vertex 9.05019 5.37971 4
      vertex 9.05781 5.3814 4
    endloop
  endfacet
  facet normal -0.167779 0.756783 0.631767
    outer loop
      vertex 9.05019 5.37971 4
      vertex 8.93999 6.85793 2.2
      vertex 8.7952 6.82583 2.2
    endloop
  endfacet
  facet normal -0.233115 -0.739278 0.631763
    outer loop
      vertex 9.08143 10.0975 2.2
      vertex 9.57622 11.4797 4
      vertex 8.93999 10.1421 2.2
    endloop
  endfacet
  facet normal -0.237955 -0.73766 0.631851
    outer loop
      vertex 9.57622 11.4797 4
      vertex 9.08143 10.0975 2.2
      vertex 9.58366 11.4773 4
    endloop
  endfacet
  facet normal -0.0337649 -0.774428 0.631761
    outer loop
      vertex 8.76835 11.6567 4
      vertex 8.5 11.6684 4
      vertex 8.5 10.2 2.2
    endloop
  endfacet
  facet normal 0.296647 0.71615 0.631767
    outer loop
      vertex 7.40912 5.52564 4
      vertex 7.78155 6.95928 2.2
      vertex 7.16097 5.62843 4
    endloop
  endfacet
  facet normal 0.237955 -0.73766 0.631851
    outer loop
      vertex 7.91857 10.0975 2.2
      vertex 7.42378 11.4797 4
      vertex 7.41634 11.4773 4
    endloop
  endfacet
  facet normal 0.233115 -0.739278 0.631763
    outer loop
      vertex 7.42378 11.4797 4
      vertex 7.91857 10.0975 2.2
      vertex 8.06001 10.1421 2.2
    endloop
  endfacet
  facet normal -0.47186 -0.615005 0.631757
    outer loop
      vertex 10.5304 10.9319 4
      vertex 10.3173 11.0954 4
      vertex 9.47508 9.89256 2.2
    endloop
  endfacet
  facet normal -0.687626 0.357848 0.631756
    outer loop
      vertex 9.97224 7.65 2.2
      vertex 11.2475 6.92271 4
      vertex 10.0407 7.78155 2.2
    endloop
  endfacet
  facet normal -0.687678 0.357751 0.631754
    outer loop
      vertex 11.2475 6.92271 4
      vertex 9.97224 7.65 2.2
      vertex 11.2439 6.91579 4
    endloop
  endfacet
  facet normal -0.653779 0.416478 0.631759
    outer loop
      vertex 9.89256 7.52492 2.2
      vertex 11.2439 6.91579 4
      vertex 9.97224 7.65 2.2
    endloop
  endfacet
  facet normal -0.653438 0.417088 0.63171
    outer loop
      vertex 11.2439 6.91579 4
      vertex 9.89256 7.52492 2.2
      vertex 11.2397 6.90921 4
    endloop
  endfacet
  facet normal 0.571484 0.523713 0.631768
    outer loop
      vertex 6.25431 6.26534 4
      vertex 7.29792 7.29792 2.2
      vertex 7.19772 7.40726 2.2
    endloop
  endfacet
  facet normal 0.570948 0.52428 0.631782
    outer loop
      vertex 7.29792 7.29792 2.2
      vertex 6.25431 6.26534 4
      vertex 6.25959 6.25959 4
    endloop
  endfacet
  facet normal -0.739257 -0.233173 0.631767
    outer loop
      vertex 11.5605 9.32005 4
      vertex 11.4797 9.57622 4
      vertex 10.1421 8.93999 2.2
    endloop
  endfacet
  facet normal 0.654363 -0.415422 0.631849
    outer loop
      vertex 5.75607 10.0842 4
      vertex 7.10744 9.47508 2.2
      vertex 5.76026 10.0908 4
    endloop
  endfacet
  facet normal 0.653775 -0.416476 0.631764
    outer loop
      vertex 7.10744 9.47508 2.2
      vertex 5.75607 10.0842 4
      vertex 7.02776 9.35 2.2
    endloop
  endfacet
  facet normal 0.109136 -0.767918 0.631183
    outer loop
      vertex 8.2048 10.1742 2.2
      vertex 8.22385 11.6564 4
      vertex 8.21611 11.6553 4
    endloop
  endfacet
  facet normal 0.100884 -0.768548 0.631789
    outer loop
      vertex 8.22385 11.6564 4
      vertex 8.2048 10.1742 2.2
      vertex 8.35183 10.1935 2.2
    endloop
  endfacet
  facet normal -0.468325 -0.617791 0.631669
    outer loop
      vertex 10.5304 10.9319 4
      vertex 9.59274 9.80227 2.2
      vertex 10.5366 10.9272 4
    endloop
  endfacet
  facet normal -0.47191 -0.614962 0.631762
    outer loop
      vertex 9.59274 9.80227 2.2
      vertex 10.5304 10.9319 4
      vertex 9.47508 9.89256 2.2
    endloop
  endfacet
  facet normal -0.718758 -0.289098 0.632305
    outer loop
      vertex 10.0407 9.21845 2.2
      vertex 11.4773 9.58366 4
      vertex 11.4744 9.59087 4
    endloop
  endfacet
  facet normal -0.716087 -0.296845 0.631745
    outer loop
      vertex 11.4773 9.58366 4
      vertex 10.0407 9.21845 2.2
      vertex 10.0975 9.08143 2.2
    endloop
  endfacet
  facet normal 0.568622 -0.526724 0.631847
    outer loop
      vertex 6.25431 10.7347 4
      vertex 7.29792 9.70208 2.2
      vertex 6.25959 10.7404 4
    endloop
  endfacet
  facet normal 0.57148 -0.523709 0.631775
    outer loop
      vertex 7.29792 9.70208 2.2
      vertex 6.25431 10.7347 4
      vertex 7.19772 9.59274 2.2
    endloop
  endfacet
  facet normal -0.523647 -0.571539 0.631773
    outer loop
      vertex 10.7347 10.7457 4
      vertex 10.5366 10.9272 4
      vertex 9.59274 9.80227 2.2
    endloop
  endfacet
  facet normal 0.768509 -0.101407 0.631752
    outer loop
      vertex 5.34363 8.77615 4
      vertex 6.82583 8.7952 2.2
      vertex 5.34465 8.78388 4
    endloop
  endfacet
  facet normal 0.768525 -0.101188 0.631767
    outer loop
      vertex 6.82583 8.7952 2.2
      vertex 5.34363 8.77615 4
      vertex 6.80647 8.64816 2.2
    endloop
  endfacet
  facet normal -0.756807 -0.167673 0.631767
    outer loop
      vertex 11.6186 9.05781 4
      vertex 11.5605 9.32005 4
      vertex 10.1421 8.93999 2.2
    endloop
  endfacet
  facet normal 0.167673 -0.756807 0.631767
    outer loop
      vertex 8.06001 10.1421 2.2
      vertex 7.94219 11.6186 4
      vertex 7.67995 11.5605 4
    endloop
  endfacet
  facet normal 0.417088 -0.653438 0.63171
    outer loop
      vertex 7.52492 9.89256 2.2
      vertex 6.91579 11.2439 4
      vertex 6.90921 11.2397 4
    endloop
  endfacet
  facet normal 0.416478 -0.653779 0.631759
    outer loop
      vertex 6.91579 11.2439 4
      vertex 7.52492 9.89256 2.2
      vertex 7.65 9.97224 2.2
    endloop
  endfacet
  facet normal -0.0339744 -0.774407 0.631775
    outer loop
      vertex 8.64816 10.1935 2.2
      vertex 8.76835 11.6567 4
      vertex 8.5 10.2 2.2
    endloop
  endfacet
  facet normal -0.0297941 -0.774647 0.631691
    outer loop
      vertex 8.76835 11.6567 4
      vertex 8.64816 10.1935 2.2
      vertex 8.77615 11.6564 4
    endloop
  endfacet
  facet normal -0.617791 -0.468325 0.631669
    outer loop
      vertex 9.80227 9.59274 2.2
      vertex 10.9319 10.5304 4
      vertex 10.9272 10.5366 4
    endloop
  endfacet
  facet normal -0.614962 -0.47191 0.631762
    outer loop
      vertex 10.9319 10.5304 4
      vertex 9.80227 9.59274 2.2
      vertex 9.89256 9.47508 2.2
    endloop
  endfacet
  facet normal -0.615005 -0.47186 0.631757
    outer loop
      vertex 11.0954 10.3173 4
      vertex 10.9319 10.5304 4
      vertex 9.89256 9.47508 2.2
    endloop
  endfacet
  facet normal 0.756783 0.167779 0.631767
    outer loop
      vertex 5.37971 7.94981 4
      vertex 6.85793 8.06001 2.2
      vertex 6.82583 8.2048 2.2
    endloop
  endfacet
  facet normal 0.756773 0.167841 0.631763
    outer loop
      vertex 6.85793 8.06001 2.2
      vertex 5.37971 7.94981 4
      vertex 5.3814 7.94219 4
    endloop
  endfacet
  facet normal 0.756773 -0.167841 0.631763
    outer loop
      vertex 5.37971 9.05019 4
      vertex 6.85793 8.93999 2.2
      vertex 5.3814 9.05781 4
    endloop
  endfacet
  facet normal 0.756783 -0.167779 0.631767
    outer loop
      vertex 6.85793 8.93999 2.2
      vertex 5.37971 9.05019 4
      vertex 6.82583 8.7952 2.2
    endloop
  endfacet
  facet normal -0.100877 -0.768548 0.631789
    outer loop
      vertex 8.7952 10.1742 2.2
      vertex 8.77615 11.6564 4
      vertex 8.64816 10.1935 2.2
    endloop
  endfacet
  facet normal -0.109275 -0.767907 0.631172
    outer loop
      vertex 8.77615 11.6564 4
      vertex 8.7952 10.1742 2.2
      vertex 8.78388 11.6553 4
    endloop
  endfacet
  facet normal 0.774423 0.0337935 0.631765
    outer loop
      vertex 5.34329 8.23165 4
      vertex 6.8 8.5 2.2
      vertex 5.33158 8.5 4
    endloop
  endfacet
  facet normal 0.774424 -0.0337569 0.631766
    outer loop
      vertex 5.34329 8.76835 4
      vertex 6.80647 8.64816 2.2
      vertex 5.34363 8.77615 4
    endloop
  endfacet
  facet normal 0.77442 -0.0338182 0.631767
    outer loop
      vertex 6.80647 8.64816 2.2
      vertex 5.34329 8.76835 4
      vertex 6.8 8.5 2.2
    endloop
  endfacet
  facet normal 0.756782 0.167783 0.631767
    outer loop
      vertex 5.43954 7.67995 4
      vertex 6.85793 8.06001 2.2
      vertex 5.3814 7.94219 4
    endloop
  endfacet
  facet normal 0.739292 0.233067 0.631765
    outer loop
      vertex 5.52031 7.42378 4
      vertex 6.90252 7.91857 2.2
      vertex 6.85793 8.06001 2.2
    endloop
  endfacet
  facet normal 0.739158 0.233471 0.631773
    outer loop
      vertex 6.90252 7.91857 2.2
      vertex 5.52031 7.42378 4
      vertex 5.52266 7.41634 4
    endloop
  endfacet
  facet normal 0.739282 0.233094 0.631767
    outer loop
      vertex 5.52031 7.42378 4
      vertex 6.85793 8.06001 2.2
      vertex 5.43954 7.67995 4
    endloop
  endfacet
  facet normal -0.65396 -0.416156 0.631784
    outer loop
      vertex 9.89256 9.47508 2.2
      vertex 11.2439 10.0842 4
      vertex 11.2397 10.0908 4
    endloop
  endfacet
  facet normal -0.65378 -0.416479 0.631758
    outer loop
      vertex 11.2439 10.0842 4
      vertex 9.89256 9.47508 2.2
      vertex 9.97224 9.35 2.2
    endloop
  endfacet
  facet normal -0.991491 -0.130175 0
    outer loop
      vertex 10.1935 141.648 0
      vertex 10.1742 141.795 2.2
      vertex 10.1742 141.795 0
    endloop
  endfacet
  facet normal -0.991491 -0.130175 0
    outer loop
      vertex 10.1742 141.795 2.2
      vertex 10.1935 141.648 0
      vertex 10.1935 141.648 2.2
    endloop
  endfacet
  facet normal -0.999037 -0.0438766 0
    outer loop
      vertex 10.2 141.5 0
      vertex 10.1935 141.648 2.2
      vertex 10.1935 141.648 0
    endloop
  endfacet
  facet normal -0.999037 -0.0438766 0
    outer loop
      vertex 10.1935 141.648 2.2
      vertex 10.2 141.5 0
      vertex 10.2 141.5 2.2
    endloop
  endfacet
  facet normal -0.976361 -0.216146 0
    outer loop
      vertex 10.1742 141.795 0
      vertex 10.1421 141.94 2.2
      vertex 10.1421 141.94 0
    endloop
  endfacet
  facet normal -0.976361 -0.216146 0
    outer loop
      vertex 10.1421 141.94 2.2
      vertex 10.1742 141.795 0
      vertex 10.1742 141.795 2.2
    endloop
  endfacet
  facet normal 0.215802 -0.976437 0
    outer loop
      vertex 8.06001 143.142 0
      vertex 8.2048 143.174 2.2
      vertex 8.06001 143.142 2.2
    endloop
  endfacet
  facet normal 0.215802 -0.976437 0
    outer loop
      vertex 8.2048 143.174 2.2
      vertex 8.06001 143.142 0
      vertex 8.2048 143.174 0
    endloop
  endfacet
  facet normal -0.84325 -0.537521 0
    outer loop
      vertex 9.97224 142.35 0
      vertex 9.89256 142.475 2.2
      vertex 9.89256 142.475 0
    endloop
  endfacet
  facet normal -0.84325 -0.537521 0
    outer loop
      vertex 9.89256 142.475 2.2
      vertex 9.97224 142.35 0
      vertex 9.97224 142.35 2.2
    endloop
  endfacet
  facet normal 0.976361 0.216146 0
    outer loop
      vertex 6.85793 141.06 2.2
      vertex 6.82583 141.205 0
      vertex 6.82583 141.205 2.2
    endloop
  endfacet
  facet normal 0.976361 0.216146 0
    outer loop
      vertex 6.82583 141.205 0
      vertex 6.85793 141.06 2.2
      vertex 6.85793 141.06 0
    endloop
  endfacet
  facet normal -0.736234 -0.676727 0
    outer loop
      vertex 9.80227 142.593 0
      vertex 9.70208 142.702 2.2
      vertex 9.70208 142.702 0
    endloop
  endfacet
  facet normal -0.736234 -0.676727 0
    outer loop
      vertex 9.70208 142.702 2.2
      vertex 9.80227 142.593 0
      vertex 9.80227 142.593 2.2
    endloop
  endfacet
  facet normal -0.999037 0.0438766 0
    outer loop
      vertex 10.1935 141.352 0
      vertex 10.2 141.5 2.2
      vertex 10.2 141.5 0
    endloop
  endfacet
  facet normal -0.999037 0.0438766 0
    outer loop
      vertex 10.2 141.5 2.2
      vertex 10.1935 141.352 0
      vertex 10.1935 141.352 2.2
    endloop
  endfacet
  facet normal -0.674887 0.737921 0
    outer loop
      vertex 9.70208 140.298 0
      vertex 9.59274 140.198 2.2
      vertex 9.70208 140.298 2.2
    endloop
  endfacet
  facet normal -0.674887 0.737921 0
    outer loop
      vertex 9.59274 140.198 2.2
      vertex 9.70208 140.298 0
      vertex 9.59274 140.198 0
    endloop
  endfacet
  facet normal 0.794213 -0.60764 0
    outer loop
      vertex 7.10744 142.475 2.2
      vertex 7.19772 142.593 0
      vertex 7.19772 142.593 2.2
    endloop
  endfacet
  facet normal 0.794213 -0.60764 0
    outer loop
      vertex 7.19772 142.593 0
      vertex 7.10744 142.475 2.2
      vertex 7.10744 142.475 0
    endloop
  endfacet
  facet normal -0.378322 0.925674 0
    outer loop
      vertex 9.21845 139.959 0
      vertex 9.08143 139.903 2.2
      vertex 9.21845 139.959 2.2
    endloop
  endfacet
  facet normal -0.378322 0.925674 0
    outer loop
      vertex 9.08143 139.903 2.2
      vertex 9.21845 139.959 0
      vertex 9.08143 139.903 0
    endloop
  endfacet
  facet normal -0.953439 -0.301584 0
    outer loop
      vertex 10.1421 141.94 0
      vertex 10.0975 142.081 2.2
      vertex 10.0975 142.081 0
    endloop
  endfacet
  facet normal -0.953439 -0.301584 0
    outer loop
      vertex 10.0975 142.081 2.2
      vertex 10.1421 141.94 0
      vertex 10.1421 141.94 2.2
    endloop
  endfacet
  facet normal -0.134776 0.990876 0
    outer loop
      vertex 8.7952 139.826 0
      vertex 8.64816 139.806 2.2
      vertex 8.7952 139.826 2.2
    endloop
  endfacet
  facet normal -0.134776 0.990876 0
    outer loop
      vertex 8.64816 139.806 2.2
      vertex 8.7952 139.826 0
      vertex 8.64816 139.806 0
    endloop
  endfacet
  facet normal 0.976361 -0.216146 0
    outer loop
      vertex 6.82583 141.795 2.2
      vertex 6.85793 141.94 0
      vertex 6.85793 141.94 2.2
    endloop
  endfacet
  facet normal 0.976361 -0.216146 0
    outer loop
      vertex 6.85793 141.94 0
      vertex 6.82583 141.795 2.2
      vertex 6.82583 141.795 0
    endloop
  endfacet
  facet normal 0.611788 -0.791022 0
    outer loop
      vertex 7.40726 142.802 0
      vertex 7.52492 142.893 2.2
      vertex 7.40726 142.802 2.2
    endloop
  endfacet
  facet normal 0.611788 -0.791022 0
    outer loop
      vertex 7.52492 142.893 2.2
      vertex 7.40726 142.802 0
      vertex 7.52492 142.893 0
    endloop
  endfacet
  facet normal 0.0404609 -0.999181 0
    outer loop
      vertex 8.35183 143.194 0
      vertex 8.5 143.2 2.2
      vertex 8.35183 143.194 2.2
    endloop
  endfacet
  facet normal 0.0404609 -0.999181 0
    outer loop
      vertex 8.5 143.2 2.2
      vertex 8.35183 143.194 0
      vertex 8.5 143.2 0
    endloop
  endfacet
  facet normal 0.611788 0.791022 -0
    outer loop
      vertex 7.52492 140.107 0
      vertex 7.40726 140.198 2.2
      vertex 7.52492 140.107 2.2
    endloop
  endfacet
  facet normal 0.611788 0.791022 0
    outer loop
      vertex 7.40726 140.198 2.2
      vertex 7.52492 140.107 0
      vertex 7.40726 140.198 0
    endloop
  endfacet
  facet normal 0.378322 -0.925674 0
    outer loop
      vertex 7.78155 143.041 0
      vertex 7.91857 143.097 2.2
      vertex 7.78155 143.041 2.2
    endloop
  endfacet
  facet normal 0.378322 -0.925674 0
    outer loop
      vertex 7.91857 143.097 2.2
      vertex 7.78155 143.041 0
      vertex 7.91857 143.097 0
    endloop
  endfacet
  facet normal 0.999046 -0.0436745 0
    outer loop
      vertex 6.8 141.5 2.2
      vertex 6.80647 141.648 0
      vertex 6.80647 141.648 2.2
    endloop
  endfacet
  facet normal 0.999046 -0.0436745 0
    outer loop
      vertex 6.80647 141.648 0
      vertex 6.8 141.5 2.2
      vertex 6.8 141.5 0
    endloop
  endfacet
  facet normal -0.303181 -0.952933 0
    outer loop
      vertex 8.93999 143.142 0
      vertex 9.08143 143.097 2.2
      vertex 8.93999 143.142 2.2
    endloop
  endfacet
  facet normal -0.303181 -0.952933 -0
    outer loop
      vertex 9.08143 143.097 2.2
      vertex 8.93999 143.142 0
      vertex 9.08143 143.097 0
    endloop
  endfacet
  facet normal 0.303181 -0.952933 0
    outer loop
      vertex 7.91857 143.097 0
      vertex 8.06001 143.142 2.2
      vertex 7.91857 143.097 2.2
    endloop
  endfacet
  facet normal 0.303181 -0.952933 0
    outer loop
      vertex 8.06001 143.142 2.2
      vertex 7.91857 143.097 0
      vertex 8.06001 143.142 0
    endloop
  endfacet
  facet normal -0.923754 -0.382987 0
    outer loop
      vertex 10.0975 142.081 0
      vertex 10.0407 142.218 2.2
      vertex 10.0407 142.218 0
    endloop
  endfacet
  facet normal -0.923754 -0.382987 0
    outer loop
      vertex 10.0407 142.218 2.2
      vertex 10.0975 142.081 0
      vertex 10.0975 142.081 2.2
    endloop
  endfacet
  facet normal -0.303181 0.952933 0
    outer loop
      vertex 9.08143 139.903 0
      vertex 8.93999 139.858 2.2
      vertex 9.08143 139.903 2.2
    endloop
  endfacet
  facet normal -0.303181 0.952933 0
    outer loop
      vertex 8.93999 139.858 2.2
      vertex 9.08143 139.903 0
      vertex 8.93999 139.858 0
    endloop
  endfacet
  facet normal -0.215802 0.976437 0
    outer loop
      vertex 8.93999 139.858 0
      vertex 8.7952 139.826 2.2
      vertex 8.93999 139.858 2.2
    endloop
  endfacet
  facet normal -0.215802 0.976437 0
    outer loop
      vertex 8.7952 139.826 2.2
      vertex 8.93999 139.858 0
      vertex 8.7952 139.826 0
    endloop
  endfacet
  facet normal -0.611788 -0.791022 0
    outer loop
      vertex 9.47508 142.893 0
      vertex 9.59274 142.802 2.2
      vertex 9.47508 142.893 2.2
    endloop
  endfacet
  facet normal -0.611788 -0.791022 -0
    outer loop
      vertex 9.59274 142.802 2.2
      vertex 9.47508 142.893 0
      vertex 9.59274 142.802 0
    endloop
  endfacet
  facet normal 0.464497 0.885574 -0
    outer loop
      vertex 7.78155 139.959 0
      vertex 7.65 140.028 2.2
      vertex 7.78155 139.959 2.2
    endloop
  endfacet
  facet normal 0.464497 0.885574 0
    outer loop
      vertex 7.65 140.028 2.2
      vertex 7.78155 139.959 0
      vertex 7.65 140.028 0
    endloop
  endfacet
  facet normal -0.0404636 -0.999181 0
    outer loop
      vertex 8.5 143.2 0
      vertex 8.64816 143.194 2.2
      vertex 8.5 143.2 2.2
    endloop
  endfacet
  facet normal -0.0404636 -0.999181 -0
    outer loop
      vertex 8.64816 143.194 2.2
      vertex 8.5 143.2 0
      vertex 8.64816 143.194 0
    endloop
  endfacet
  facet normal 0.534003 -0.845482 0
    outer loop
      vertex 7.52492 142.893 0
      vertex 7.65 142.972 2.2
      vertex 7.52492 142.893 2.2
    endloop
  endfacet
  facet normal 0.534003 -0.845482 0
    outer loop
      vertex 7.65 142.972 2.2
      vertex 7.52492 142.893 0
      vertex 7.65 142.972 0
    endloop
  endfacet
  facet normal -0.134776 -0.990876 0
    outer loop
      vertex 8.64816 143.194 0
      vertex 8.7952 143.174 2.2
      vertex 8.64816 143.194 2.2
    endloop
  endfacet
  facet normal -0.134776 -0.990876 -0
    outer loop
      vertex 8.7952 143.174 2.2
      vertex 8.64816 143.194 0
      vertex 8.7952 143.174 0
    endloop
  endfacet
  facet normal -0.79418 0.607682 0
    outer loop
      vertex 9.80227 140.407 0
      vertex 9.89256 140.525 2.2
      vertex 9.89256 140.525 0
    endloop
  endfacet
  facet normal -0.79418 0.607682 0
    outer loop
      vertex 9.89256 140.525 2.2
      vertex 9.80227 140.407 0
      vertex 9.80227 140.407 2.2
    endloop
  endfacet
  facet normal -0.991491 0.130175 0
    outer loop
      vertex 10.1742 141.205 0
      vertex 10.1935 141.352 2.2
      vertex 10.1935 141.352 0
    endloop
  endfacet
  facet normal -0.991491 0.130175 0
    outer loop
      vertex 10.1935 141.352 2.2
      vertex 10.1742 141.205 0
      vertex 10.1742 141.205 2.2
    endloop
  endfacet
  facet normal -0.953439 0.301584 0
    outer loop
      vertex 10.0975 140.919 0
      vertex 10.1421 141.06 2.2
      vertex 10.1421 141.06 0
    endloop
  endfacet
  facet normal -0.953439 0.301584 0
    outer loop
      vertex 10.1421 141.06 2.2
      vertex 10.0975 140.919 0
      vertex 10.0975 140.919 2.2
    endloop
  endfacet
  facet normal -0.378322 -0.925674 0
    outer loop
      vertex 9.08143 143.097 0
      vertex 9.21845 143.041 2.2
      vertex 9.08143 143.097 2.2
    endloop
  endfacet
  facet normal -0.378322 -0.925674 -0
    outer loop
      vertex 9.21845 143.041 2.2
      vertex 9.08143 143.097 0
      vertex 9.21845 143.041 0
    endloop
  endfacet
  facet normal 0.674887 -0.737921 0
    outer loop
      vertex 7.29792 142.702 0
      vertex 7.40726 142.802 2.2
      vertex 7.29792 142.702 2.2
    endloop
  endfacet
  facet normal 0.674887 -0.737921 0
    outer loop
      vertex 7.40726 142.802 2.2
      vertex 7.29792 142.702 0
      vertex 7.40726 142.802 0
    endloop
  endfacet
  facet normal 0.84325 -0.537521 0
    outer loop
      vertex 7.02776 142.35 2.2
      vertex 7.10744 142.475 0
      vertex 7.10744 142.475 2.2
    endloop
  endfacet
  facet normal 0.84325 -0.537521 0
    outer loop
      vertex 7.10744 142.475 0
      vertex 7.02776 142.35 2.2
      vertex 7.02776 142.35 0
    endloop
  endfacet
  facet normal 0.378322 0.925674 -0
    outer loop
      vertex 7.91857 139.903 0
      vertex 7.78155 139.959 2.2
      vertex 7.91857 139.903 2.2
    endloop
  endfacet
  facet normal 0.378322 0.925674 0
    outer loop
      vertex 7.78155 139.959 2.2
      vertex 7.91857 139.903 0
      vertex 7.78155 139.959 0
    endloop
  endfacet
  facet normal -0.464497 0.885574 0
    outer loop
      vertex 9.35 140.028 0
      vertex 9.21845 139.959 2.2
      vertex 9.35 140.028 2.2
    endloop
  endfacet
  facet normal -0.464497 0.885574 0
    outer loop
      vertex 9.21845 139.959 2.2
      vertex 9.35 140.028 0
      vertex 9.21845 139.959 0
    endloop
  endfacet
  facet normal 0.303181 0.952933 -0
    outer loop
      vertex 8.06001 139.858 0
      vertex 7.91857 139.903 2.2
      vertex 8.06001 139.858 2.2
    endloop
  endfacet
  facet normal 0.303181 0.952933 0
    outer loop
      vertex 7.91857 139.903 2.2
      vertex 8.06001 139.858 0
      vertex 7.91857 139.903 0
    endloop
  endfacet
  facet normal -0.976361 0.216146 0
    outer loop
      vertex 10.1421 141.06 0
      vertex 10.1742 141.205 2.2
      vertex 10.1742 141.205 0
    endloop
  endfacet
  facet normal -0.976361 0.216146 0
    outer loop
      vertex 10.1742 141.205 2.2
      vertex 10.1421 141.06 0
      vertex 10.1421 141.06 2.2
    endloop
  endfacet
  facet normal -0.887712 -0.4604 0
    outer loop
      vertex 10.0407 142.218 0
      vertex 9.97224 142.35 2.2
      vertex 9.97224 142.35 0
    endloop
  endfacet
  facet normal -0.887712 -0.4604 0
    outer loop
      vertex 9.97224 142.35 2.2
      vertex 10.0407 142.218 0
      vertex 10.0407 142.218 2.2
    endloop
  endfacet
  facet normal -0.674887 -0.737921 0
    outer loop
      vertex 9.59274 142.802 0
      vertex 9.70208 142.702 2.2
      vertex 9.59274 142.802 2.2
    endloop
  endfacet
  facet normal -0.674887 -0.737921 -0
    outer loop
      vertex 9.70208 142.702 2.2
      vertex 9.59274 142.802 0
      vertex 9.70208 142.702 0
    endloop
  endfacet
  facet normal 0.953459 0.301523 0
    outer loop
      vertex 6.90252 140.919 2.2
      vertex 6.85793 141.06 0
      vertex 6.85793 141.06 2.2
    endloop
  endfacet
  facet normal 0.953459 0.301523 0
    outer loop
      vertex 6.85793 141.06 0
      vertex 6.90252 140.919 2.2
      vertex 6.90252 140.919 0
    endloop
  endfacet
  facet normal -0.0404636 0.999181 0
    outer loop
      vertex 8.64816 139.806 0
      vertex 8.5 139.8 2.2
      vertex 8.64816 139.806 2.2
    endloop
  endfacet
  facet normal -0.0404636 0.999181 0
    outer loop
      vertex 8.5 139.8 2.2
      vertex 8.64816 139.806 0
      vertex 8.5 139.8 0
    endloop
  endfacet
  facet normal 0.134785 -0.990875 0
    outer loop
      vertex 8.2048 143.174 0
      vertex 8.35183 143.194 2.2
      vertex 8.2048 143.174 2.2
    endloop
  endfacet
  facet normal 0.134785 -0.990875 0
    outer loop
      vertex 8.35183 143.194 2.2
      vertex 8.2048 143.174 0
      vertex 8.35183 143.194 0
    endloop
  endfacet
  facet normal -0.887712 0.4604 0
    outer loop
      vertex 9.97224 140.65 0
      vertex 10.0407 140.782 2.2
      vertex 10.0407 140.782 0
    endloop
  endfacet
  facet normal -0.887712 0.4604 0
    outer loop
      vertex 10.0407 140.782 2.2
      vertex 9.97224 140.65 0
      vertex 9.97224 140.65 2.2
    endloop
  endfacet
  facet normal 0.215802 0.976437 -0
    outer loop
      vertex 8.2048 139.826 0
      vertex 8.06001 139.858 2.2
      vertex 8.2048 139.826 2.2
    endloop
  endfacet
  facet normal 0.215802 0.976437 0
    outer loop
      vertex 8.06001 139.858 2.2
      vertex 8.2048 139.826 0
      vertex 8.06001 139.858 0
    endloop
  endfacet
  facet normal 0.953459 -0.301523 0
    outer loop
      vertex 6.85793 141.94 2.2
      vertex 6.90252 142.081 0
      vertex 6.90252 142.081 2.2
    endloop
  endfacet
  facet normal 0.953459 -0.301523 0
    outer loop
      vertex 6.90252 142.081 0
      vertex 6.85793 141.94 2.2
      vertex 6.85793 141.94 0
    endloop
  endfacet
  facet normal -0.923754 0.382987 0
    outer loop
      vertex 10.0407 140.782 0
      vertex 10.0975 140.919 2.2
      vertex 10.0975 140.919 0
    endloop
  endfacet
  facet normal -0.923754 0.382987 0
    outer loop
      vertex 10.0975 140.919 2.2
      vertex 10.0407 140.782 0
      vertex 10.0407 140.782 2.2
    endloop
  endfacet
  facet normal 0.887657 -0.460506 0
    outer loop
      vertex 6.95928 142.218 2.2
      vertex 7.02776 142.35 0
      vertex 7.02776 142.35 2.2
    endloop
  endfacet
  facet normal 0.887657 -0.460506 0
    outer loop
      vertex 7.02776 142.35 0
      vertex 6.95928 142.218 2.2
      vertex 6.95928 142.218 0
    endloop
  endfacet
  facet normal 0.464497 -0.885574 0
    outer loop
      vertex 7.65 142.972 0
      vertex 7.78155 143.041 2.2
      vertex 7.65 142.972 2.2
    endloop
  endfacet
  facet normal 0.464497 -0.885574 0
    outer loop
      vertex 7.78155 143.041 2.2
      vertex 7.65 142.972 0
      vertex 7.78155 143.041 0
    endloop
  endfacet
  facet normal 0.84325 0.537521 0
    outer loop
      vertex 7.10744 140.525 2.2
      vertex 7.02776 140.65 0
      vertex 7.02776 140.65 2.2
    endloop
  endfacet
  facet normal 0.84325 0.537521 0
    outer loop
      vertex 7.02776 140.65 0
      vertex 7.10744 140.525 2.2
      vertex 7.10744 140.525 0
    endloop
  endfacet
  facet normal -0.79418 -0.607682 0
    outer loop
      vertex 9.89256 142.475 0
      vertex 9.80227 142.593 2.2
      vertex 9.80227 142.593 0
    endloop
  endfacet
  facet normal -0.79418 -0.607682 0
    outer loop
      vertex 9.80227 142.593 2.2
      vertex 9.89256 142.475 0
      vertex 9.89256 142.475 2.2
    endloop
  endfacet
  facet normal 0.991439 -0.130573 0
    outer loop
      vertex 6.80647 141.648 2.2
      vertex 6.82583 141.795 0
      vertex 6.82583 141.795 2.2
    endloop
  endfacet
  facet normal 0.991439 -0.130573 0
    outer loop
      vertex 6.82583 141.795 0
      vertex 6.80647 141.648 2.2
      vertex 6.80647 141.648 0
    endloop
  endfacet
  facet normal 0.7362 -0.676764 0
    outer loop
      vertex 7.19772 142.593 2.2
      vertex 7.29792 142.702 0
      vertex 7.29792 142.702 2.2
    endloop
  endfacet
  facet normal 0.7362 -0.676764 0
    outer loop
      vertex 7.29792 142.702 0
      vertex 7.19772 142.593 2.2
      vertex 7.19772 142.593 0
    endloop
  endfacet
  facet normal 0.887657 0.460506 0
    outer loop
      vertex 7.02776 140.65 2.2
      vertex 6.95928 140.782 0
      vertex 6.95928 140.782 2.2
    endloop
  endfacet
  facet normal 0.887657 0.460506 0
    outer loop
      vertex 6.95928 140.782 0
      vertex 7.02776 140.65 2.2
      vertex 7.02776 140.65 0
    endloop
  endfacet
  facet normal 0.991439 0.130573 0
    outer loop
      vertex 6.82583 141.205 2.2
      vertex 6.80647 141.352 0
      vertex 6.80647 141.352 2.2
    endloop
  endfacet
  facet normal 0.991439 0.130573 0
    outer loop
      vertex 6.80647 141.352 0
      vertex 6.82583 141.205 2.2
      vertex 6.82583 141.205 0
    endloop
  endfacet
  facet normal 0.0404609 0.999181 -0
    outer loop
      vertex 8.5 139.8 0
      vertex 8.35183 139.806 2.2
      vertex 8.5 139.8 2.2
    endloop
  endfacet
  facet normal 0.0404609 0.999181 0
    outer loop
      vertex 8.35183 139.806 2.2
      vertex 8.5 139.8 0
      vertex 8.35183 139.806 0
    endloop
  endfacet
  facet normal 0.674887 0.737921 -0
    outer loop
      vertex 7.40726 140.198 0
      vertex 7.29792 140.298 2.2
      vertex 7.40726 140.198 2.2
    endloop
  endfacet
  facet normal 0.674887 0.737921 0
    outer loop
      vertex 7.29792 140.298 2.2
      vertex 7.40726 140.198 0
      vertex 7.29792 140.298 0
    endloop
  endfacet
  facet normal -0.464497 -0.885574 0
    outer loop
      vertex 9.21845 143.041 0
      vertex 9.35 142.972 2.2
      vertex 9.21845 143.041 2.2
    endloop
  endfacet
  facet normal -0.464497 -0.885574 -0
    outer loop
      vertex 9.35 142.972 2.2
      vertex 9.21845 143.041 0
      vertex 9.35 142.972 0
    endloop
  endfacet
  facet normal -0.534003 0.845482 0
    outer loop
      vertex 9.47508 140.107 0
      vertex 9.35 140.028 2.2
      vertex 9.47508 140.107 2.2
    endloop
  endfacet
  facet normal -0.534003 0.845482 0
    outer loop
      vertex 9.35 140.028 2.2
      vertex 9.47508 140.107 0
      vertex 9.35 140.028 0
    endloop
  endfacet
  facet normal 0.923849 0.382757 0
    outer loop
      vertex 6.95928 140.782 2.2
      vertex 6.90252 140.919 0
      vertex 6.90252 140.919 2.2
    endloop
  endfacet
  facet normal 0.923849 0.382757 0
    outer loop
      vertex 6.90252 140.919 0
      vertex 6.95928 140.782 2.2
      vertex 6.95928 140.782 0
    endloop
  endfacet
  facet normal 0.923849 -0.382757 0
    outer loop
      vertex 6.90252 142.081 2.2
      vertex 6.95928 142.218 0
      vertex 6.95928 142.218 2.2
    endloop
  endfacet
  facet normal 0.923849 -0.382757 0
    outer loop
      vertex 6.95928 142.218 0
      vertex 6.90252 142.081 2.2
      vertex 6.90252 142.081 0
    endloop
  endfacet
  facet normal -0.534003 -0.845482 0
    outer loop
      vertex 9.35 142.972 0
      vertex 9.47508 142.893 2.2
      vertex 9.35 142.972 2.2
    endloop
  endfacet
  facet normal -0.534003 -0.845482 -0
    outer loop
      vertex 9.47508 142.893 2.2
      vertex 9.35 142.972 0
      vertex 9.47508 142.893 0
    endloop
  endfacet
  facet normal 0.7362 0.676764 0
    outer loop
      vertex 7.29792 140.298 2.2
      vertex 7.19772 140.407 0
      vertex 7.19772 140.407 2.2
    endloop
  endfacet
  facet normal 0.7362 0.676764 0
    outer loop
      vertex 7.19772 140.407 0
      vertex 7.29792 140.298 2.2
      vertex 7.29792 140.298 0
    endloop
  endfacet
  facet normal 0.794213 0.60764 0
    outer loop
      vertex 7.19772 140.407 2.2
      vertex 7.10744 140.525 0
      vertex 7.10744 140.525 2.2
    endloop
  endfacet
  facet normal 0.794213 0.60764 0
    outer loop
      vertex 7.10744 140.525 0
      vertex 7.19772 140.407 2.2
      vertex 7.19772 140.407 0
    endloop
  endfacet
  facet normal -0.611788 0.791022 0
    outer loop
      vertex 9.59274 140.198 0
      vertex 9.47508 140.107 2.2
      vertex 9.59274 140.198 2.2
    endloop
  endfacet
  facet normal -0.611788 0.791022 0
    outer loop
      vertex 9.47508 140.107 2.2
      vertex 9.59274 140.198 0
      vertex 9.47508 140.107 0
    endloop
  endfacet
  facet normal 0.999046 0.0436745 0
    outer loop
      vertex 6.80647 141.352 2.2
      vertex 6.8 141.5 0
      vertex 6.8 141.5 2.2
    endloop
  endfacet
  facet normal 0.999046 0.0436745 0
    outer loop
      vertex 6.8 141.5 0
      vertex 6.80647 141.352 2.2
      vertex 6.80647 141.352 0
    endloop
  endfacet
  facet normal -0.84325 0.537521 0
    outer loop
      vertex 9.89256 140.525 0
      vertex 9.97224 140.65 2.2
      vertex 9.97224 140.65 0
    endloop
  endfacet
  facet normal -0.84325 0.537521 0
    outer loop
      vertex 9.97224 140.65 2.2
      vertex 9.89256 140.525 0
      vertex 9.89256 140.525 2.2
    endloop
  endfacet
  facet normal -0.736234 0.676727 0
    outer loop
      vertex 9.70208 140.298 0
      vertex 9.80227 140.407 2.2
      vertex 9.80227 140.407 0
    endloop
  endfacet
  facet normal -0.736234 0.676727 0
    outer loop
      vertex 9.80227 140.407 2.2
      vertex 9.70208 140.298 0
      vertex 9.70208 140.298 2.2
    endloop
  endfacet
  facet normal 0.534003 0.845482 -0
    outer loop
      vertex 7.65 140.028 0
      vertex 7.52492 140.107 2.2
      vertex 7.65 140.028 2.2
    endloop
  endfacet
  facet normal 0.534003 0.845482 0
    outer loop
      vertex 7.52492 140.107 2.2
      vertex 7.65 140.028 0
      vertex 7.52492 140.107 0
    endloop
  endfacet
  facet normal -0.215802 -0.976437 0
    outer loop
      vertex 8.7952 143.174 0
      vertex 8.93999 143.142 2.2
      vertex 8.7952 143.174 2.2
    endloop
  endfacet
  facet normal -0.215802 -0.976437 -0
    outer loop
      vertex 8.93999 143.142 2.2
      vertex 8.7952 143.174 0
      vertex 8.93999 143.142 0
    endloop
  endfacet
  facet normal 0.134785 0.990875 -0
    outer loop
      vertex 8.35183 139.806 0
      vertex 8.2048 139.826 2.2
      vertex 8.35183 139.806 2.2
    endloop
  endfacet
  facet normal 0.134785 0.990875 0
    outer loop
      vertex 8.2048 139.826 2.2
      vertex 8.35183 139.806 0
      vertex 8.2048 139.826 0
    endloop
  endfacet
  facet normal -0.739218 0.233316 0.63176
    outer loop
      vertex 11.4797 140.424 4
      vertex 11.5605 140.68 4
      vertex 10.1421 141.06 2.2
    endloop
  endfacet
  facet normal -0.413882 -0.655296 0.631893
    outer loop
      vertex 9.47508 142.893 2.2
      vertex 10.0842 144.244 4
      vertex 9.35 142.972 2.2
    endloop
  endfacet
  facet normal -0.401323 -0.662183 0.632813
    outer loop
      vertex 10.0842 144.244 4
      vertex 9.47508 142.893 2.2
      vertex 10.0908 144.24 4
    endloop
  endfacet
  facet normal 0.664158 -0.397546 0.633128
    outer loop
      vertex 5.75607 143.084 4
      vertex 7.10744 142.475 2.2
      vertex 5.76026 143.091 4
    endloop
  endfacet
  facet normal 0.653677 -0.41668 0.631732
    outer loop
      vertex 7.10744 142.475 2.2
      vertex 5.75607 143.084 4
      vertex 7.02776 142.35 2.2
    endloop
  endfacet
  facet normal -0.774426 -0.0338089 0.63176
    outer loop
      vertex 11.6684 141.5 4
      vertex 11.6567 141.768 4
      vertex 10.2 141.5 2.2
    endloop
  endfacet
  facet normal -0.77469 -0.0290509 0.631674
    outer loop
      vertex 10.1935 141.648 2.2
      vertex 11.6567 141.768 4
      vertex 11.6564 141.776 4
    endloop
  endfacet
  facet normal -0.774406 -0.0340111 0.631774
    outer loop
      vertex 11.6567 141.768 4
      vertex 10.1935 141.648 2.2
      vertex 10.2 141.5 2.2
    endloop
  endfacet
  facet normal 0.40224 -0.661685 0.632752
    outer loop
      vertex 7.52492 142.893 2.2
      vertex 6.91579 144.244 4
      vertex 6.90921 144.24 4
    endloop
  endfacet
  facet normal 0.413881 -0.655295 0.631895
    outer loop
      vertex 6.91579 144.244 4
      vertex 7.52492 142.893 2.2
      vertex 7.65 142.972 2.2
    endloop
  endfacet
  facet normal -0.687295 -0.358375 0.631817
    outer loop
      vertex 11.3716 142.839 4
      vertex 11.2475 143.077 4
      vertex 10.0407 142.218 2.2
    endloop
  endfacet
  facet normal 0.357846 -0.687584 0.631803
    outer loop
      vertex 7.78155 143.041 2.2
      vertex 7.16097 144.372 4
      vertex 6.92271 144.248 4
    endloop
  endfacet
  facet normal -0.231083 0.739958 0.631714
    outer loop
      vertex 9.32005 138.44 4
      vertex 9.57622 138.52 4
      vertex 8.93999 139.858 2.2
    endloop
  endfacet
  facet normal 0.774422 0.0338376 0.631764
    outer loop
      vertex 5.34329 141.232 4
      vertex 6.8 141.5 2.2
      vertex 5.33158 141.5 4
    endloop
  endfacet
  facet normal -0.294691 0.716966 0.631757
    outer loop
      vertex 9.59087 138.526 4
      vertex 9.83903 138.628 4
      vertex 9.21845 139.959 2.2
    endloop
  endfacet
  facet normal 0.571459 -0.523722 0.631783
    outer loop
      vertex 7.19772 142.593 2.2
      vertex 6.25431 143.735 4
      vertex 6.07285 143.537 4
    endloop
  endfacet
  facet normal 0.471021 -0.615795 0.631613
    outer loop
      vertex 7.52492 142.893 2.2
      vertex 6.68267 144.095 4
      vertex 6.46957 143.932 4
    endloop
  endfacet
  facet normal 0.359982 0.686313 0.631971
    outer loop
      vertex 7.65 140.028 2.2
      vertex 6.92271 138.752 4
      vertex 7.78155 139.959 2.2
    endloop
  endfacet
  facet normal 0.387749 0.670805 0.632196
    outer loop
      vertex 6.92271 138.752 4
      vertex 7.65 140.028 2.2
      vertex 6.91579 138.756 4
    endloop
  endfacet
  facet normal 0.100513 -0.765906 0.635047
    outer loop
      vertex 8.06001 143.142 2.2
      vertex 7.94981 144.62 4
      vertex 7.94219 144.619 4
    endloop
  endfacet
  facet normal 0.167284 -0.756909 0.631748
    outer loop
      vertex 7.94981 144.62 4
      vertex 8.06001 143.142 2.2
      vertex 8.2048 143.174 2.2
    endloop
  endfacet
  facet normal -0.101011 -0.768577 0.631733
    outer loop
      vertex 8.7952 143.174 2.2
      vertex 9.05019 144.62 4
      vertex 8.78388 144.655 4
    endloop
  endfacet
  facet normal -0.0317503 0.774563 0.631699
    outer loop
      vertex 8.76835 138.343 4
      vertex 8.5 139.8 2.2
      vertex 8.5 138.332 4
    endloop
  endfacet
  facet normal -0.231083 -0.739958 0.631714
    outer loop
      vertex 9.57622 144.48 4
      vertex 9.32005 144.56 4
      vertex 8.93999 143.142 2.2
    endloop
  endfacet
  facet normal 0.231083 0.739958 0.631714
    outer loop
      vertex 7.67995 138.44 4
      vertex 8.06001 139.858 2.2
      vertex 7.42378 138.52 4
    endloop
  endfacet
  facet normal 0.653677 0.41668 0.631732
    outer loop
      vertex 5.75607 139.916 4
      vertex 7.10744 140.525 2.2
      vertex 7.02776 140.65 2.2
    endloop
  endfacet
  facet normal 0.664158 0.397546 0.633128
    outer loop
      vertex 7.10744 140.525 2.2
      vertex 5.75607 139.916 4
      vertex 5.76026 139.909 4
    endloop
  endfacet
  facet normal -0.615699 0.471114 0.631637
    outer loop
      vertex 9.80227 140.407 2.2
      vertex 10.9319 139.47 4
      vertex 9.89256 140.525 2.2
    endloop
  endfacet
  facet normal -0.644757 0.432908 0.629984
    outer loop
      vertex 10.9319 139.47 4
      vertex 9.80227 140.407 2.2
      vertex 10.9272 139.463 4
    endloop
  endfacet
  facet normal 0.614893 0.472053 0.631722
    outer loop
      vertex 6.0681 139.47 4
      vertex 7.10744 140.525 2.2
      vertex 5.90458 139.683 4
    endloop
  endfacet
  facet normal 0.739244 -0.233237 0.631759
    outer loop
      vertex 6.85793 141.94 2.2
      vertex 5.52031 142.576 4
      vertex 5.43954 142.32 4
    endloop
  endfacet
  facet normal 0.716052 -0.296786 0.631812
    outer loop
      vertex 6.95928 142.218 2.2
      vertex 5.62843 142.839 4
      vertex 5.52564 142.591 4
    endloop
  endfacet
  facet normal -0.234957 -0.738496 0.631996
    outer loop
      vertex 9.08143 143.097 2.2
      vertex 9.57622 144.48 4
      vertex 8.93999 143.142 2.2
    endloop
  endfacet
  facet normal -0.289833 -0.718785 0.631937
    outer loop
      vertex 9.57622 144.48 4
      vertex 9.08143 143.097 2.2
      vertex 9.58366 144.477 4
    endloop
  endfacet
  facet normal -0.0317503 -0.774563 0.631699
    outer loop
      vertex 8.76835 144.657 4
      vertex 8.5 144.668 4
      vertex 8.5 143.2 2.2
    endloop
  endfacet
  facet normal -0.293227 -0.717465 0.631872
    outer loop
      vertex 9.21845 143.041 2.2
      vertex 9.58366 144.477 4
      vertex 9.08143 143.097 2.2
    endloop
  endfacet
  facet normal -0.29786 -0.715857 0.631529
    outer loop
      vertex 9.58366 144.477 4
      vertex 9.21845 143.041 2.2
      vertex 9.59087 144.474 4
    endloop
  endfacet
  facet normal -0.170154 -0.756293 0.631718
    outer loop
      vertex 9.32005 144.56 4
      vertex 9.05781 144.619 4
      vertex 8.93999 143.142 2.2
    endloop
  endfacet
  facet normal 0.739244 0.233237 0.631759
    outer loop
      vertex 5.52031 140.424 4
      vertex 6.85793 141.06 2.2
      vertex 5.43954 140.68 4
    endloop
  endfacet
  facet normal 0.0993157 -0.768703 0.631848
    outer loop
      vertex 8.2048 143.174 2.2
      vertex 8.22385 144.656 4
      vertex 8.21611 144.655 4
    endloop
  endfacet
  facet normal 0.104512 -0.768319 0.631477
    outer loop
      vertex 8.22385 144.656 4
      vertex 8.2048 143.174 2.2
      vertex 8.35183 143.194 2.2
    endloop
  endfacet
  facet normal -0.739218 -0.233316 0.63176
    outer loop
      vertex 11.5605 142.32 4
      vertex 11.4797 142.576 4
      vertex 10.1421 141.94 2.2
    endloop
  endfacet
  facet normal -0.357834 -0.687589 0.631803
    outer loop
      vertex 10.0773 144.248 4
      vertex 9.83903 144.372 4
      vertex 9.21845 143.041 2.2
    endloop
  endfacet
  facet normal 0.104512 0.768319 0.631477
    outer loop
      vertex 8.2048 139.826 2.2
      vertex 8.22385 138.344 4
      vertex 8.35183 139.806 2.2
    endloop
  endfacet
  facet normal 0.0993157 0.768703 0.631848
    outer loop
      vertex 8.22385 138.344 4
      vertex 8.2048 139.826 2.2
      vertex 8.21611 138.345 4
    endloop
  endfacet
  facet normal -0.0313688 -0.7746 0.631673
    outer loop
      vertex 8.64816 143.194 2.2
      vertex 8.76835 144.657 4
      vertex 8.5 143.2 2.2
    endloop
  endfacet
  facet normal -0.0985892 -0.768996 0.631606
    outer loop
      vertex 8.76835 144.657 4
      vertex 8.64816 143.194 2.2
      vertex 8.77615 144.656 4
    endloop
  endfacet
  facet normal 0.0985892 -0.768996 0.631605
    outer loop
      vertex 8.35183 143.194 2.2
      vertex 8.23165 144.657 4
      vertex 8.22385 144.656 4
    endloop
  endfacet
  facet normal 0.0313667 -0.774601 0.631672
    outer loop
      vertex 8.23165 144.657 4
      vertex 8.35183 143.194 2.2
      vertex 8.5 143.2 2.2
    endloop
  endfacet
  facet normal -0.688165 0.356907 0.631701
    outer loop
      vertex 9.97224 140.65 2.2
      vertex 11.2475 139.923 4
      vertex 10.0407 140.782 2.2
    endloop
  endfacet
  facet normal -0.689426 0.354562 0.631647
    outer loop
      vertex 11.2475 139.923 4
      vertex 9.97224 140.65 2.2
      vertex 11.2439 139.916 4
    endloop
  endfacet
  facet normal -0.471024 0.615798 0.631608
    outer loop
      vertex 10.3173 138.905 4
      vertex 10.5304 139.068 4
      vertex 9.47508 140.107 2.2
    endloop
  endfacet
  facet normal -0.774406 0.0340111 0.631774
    outer loop
      vertex 10.1935 141.352 2.2
      vertex 11.6567 141.232 4
      vertex 10.2 141.5 2.2
    endloop
  endfacet
  facet normal -0.77469 0.0290509 0.631674
    outer loop
      vertex 11.6567 141.232 4
      vertex 10.1935 141.352 2.2
      vertex 11.6564 141.224 4
    endloop
  endfacet
  facet normal 0.522927 0.572157 0.63181
    outer loop
      vertex 6.46338 139.073 4
      vertex 7.40726 140.198 2.2
      vertex 6.26534 139.254 4
    endloop
  endfacet
  facet normal 0.571459 0.523722 0.631783
    outer loop
      vertex 6.25431 139.265 4
      vertex 7.19772 140.407 2.2
      vertex 6.07285 139.463 4
    endloop
  endfacet
  facet normal -0.570639 0.524517 0.631865
    outer loop
      vertex 9.70208 140.298 2.2
      vertex 10.7457 139.265 4
      vertex 9.80227 140.407 2.2
    endloop
  endfacet
  facet normal -0.531854 0.563765 0.631902
    outer loop
      vertex 10.7457 139.265 4
      vertex 9.70208 140.298 2.2
      vertex 10.7404 139.26 4
    endloop
  endfacet
  facet normal -0.571396 0.523779 0.631793
    outer loop
      vertex 10.7457 139.265 4
      vertex 10.9272 139.463 4
      vertex 9.80227 140.407 2.2
    endloop
  endfacet
  facet normal 0.101015 -0.768576 0.631733
    outer loop
      vertex 8.2048 143.174 2.2
      vertex 8.21611 144.655 4
      vertex 7.94981 144.62 4
    endloop
  endfacet
  facet normal 0.774475 -0.0329152 0.631748
    outer loop
      vertex 5.34329 141.768 4
      vertex 6.80647 141.648 2.2
      vertex 5.34363 141.776 4
    endloop
  endfacet
  facet normal 0.77442 -0.0338547 0.631766
    outer loop
      vertex 6.80647 141.648 2.2
      vertex 5.34329 141.768 4
      vertex 6.8 141.5 2.2
    endloop
  endfacet
  facet normal 0.293227 0.717465 0.631872
    outer loop
      vertex 7.78155 139.959 2.2
      vertex 7.41634 138.523 4
      vertex 7.91857 139.903 2.2
    endloop
  endfacet
  facet normal 0.2975 0.715983 0.631556
    outer loop
      vertex 7.41634 138.523 4
      vertex 7.78155 139.959 2.2
      vertex 7.40912 138.526 4
    endloop
  endfacet
  facet normal -0.768539 0.101124 0.631761
    outer loop
      vertex 11.6203 140.95 4
      vertex 11.6553 141.216 4
      vertex 10.1742 141.205 2.2
    endloop
  endfacet
  facet normal -0.561886 0.533792 0.631941
    outer loop
      vertex 9.70208 140.298 2.2
      vertex 10.7347 139.254 4
      vertex 10.7404 139.26 4
    endloop
  endfacet
  facet normal -0.523107 0.571965 0.631835
    outer loop
      vertex 10.7347 139.254 4
      vertex 9.70208 140.298 2.2
      vertex 9.59274 140.198 2.2
    endloop
  endfacet
  facet normal 0.716052 0.296786 0.631812
    outer loop
      vertex 5.62843 140.161 4
      vertex 6.95928 140.782 2.2
      vertex 5.52564 140.409 4
    endloop
  endfacet
  facet normal 0.642502 -0.435983 0.630166
    outer loop
      vertex 6.0681 143.53 4
      vertex 7.19772 142.593 2.2
      vertex 6.07285 143.537 4
    endloop
  endfacet
  facet normal 0.615726 -0.471083 0.631634
    outer loop
      vertex 7.19772 142.593 2.2
      vertex 6.0681 143.53 4
      vertex 7.10744 142.475 2.2
    endloop
  endfacet
  facet normal -0.716033 -0.296807 0.631825
    outer loop
      vertex 11.4744 142.591 4
      vertex 11.3716 142.839 4
      vertex 10.0407 142.218 2.2
    endloop
  endfacet
  facet normal -0.774426 0.0338089 0.63176
    outer loop
      vertex 11.6567 141.232 4
      vertex 11.6684 141.5 4
      vertex 10.2 141.5 2.2
    endloop
  endfacet
  facet normal -0.614923 0.472018 0.631719
    outer loop
      vertex 10.9319 139.47 4
      vertex 11.0954 139.683 4
      vertex 9.89256 140.525 2.2
    endloop
  endfacet
  facet normal -0.170154 0.756293 0.631718
    outer loop
      vertex 9.05781 138.381 4
      vertex 9.32005 138.44 4
      vertex 8.93999 139.858 2.2
    endloop
  endfacet
  facet normal -0.401323 0.662183 0.632813
    outer loop
      vertex 9.47508 140.107 2.2
      vertex 10.0842 138.756 4
      vertex 10.0908 138.76 4
    endloop
  endfacet
  facet normal -0.413882 0.655296 0.631893
    outer loop
      vertex 10.0842 138.756 4
      vertex 9.47508 140.107 2.2
      vertex 9.35 140.028 2.2
    endloop
  endfacet
  facet normal 0.0313667 0.774601 0.631672
    outer loop
      vertex 8.35183 139.806 2.2
      vertex 8.23165 138.343 4
      vertex 8.5 139.8 2.2
    endloop
  endfacet
  facet normal 0.0985892 0.768996 0.631605
    outer loop
      vertex 8.23165 138.343 4
      vertex 8.35183 139.806 2.2
      vertex 8.22385 138.344 4
    endloop
  endfacet
  facet normal -0.756774 0.167819 0.631767
    outer loop
      vertex 11.5605 140.68 4
      vertex 11.6186 140.942 4
      vertex 10.1421 141.06 2.2
    endloop
  endfacet
  facet normal -0.716015 0.296859 0.631821
    outer loop
      vertex 10.0407 140.782 2.2
      vertex 11.4773 140.416 4
      vertex 10.0975 140.919 2.2
    endloop
  endfacet
  facet normal -0.716083 0.296663 0.631835
    outer loop
      vertex 11.4773 140.416 4
      vertex 10.0407 140.782 2.2
      vertex 11.4744 140.409 4
    endloop
  endfacet
  facet normal 0.387749 -0.670805 0.632196
    outer loop
      vertex 7.65 142.972 2.2
      vertex 6.92271 144.248 4
      vertex 6.91579 144.244 4
    endloop
  endfacet
  facet normal 0.359982 -0.686313 0.631971
    outer loop
      vertex 6.92271 144.248 4
      vertex 7.65 142.972 2.2
      vertex 7.78155 143.041 2.2
    endloop
  endfacet
  facet normal 0.653327 -0.417204 0.631748
    outer loop
      vertex 7.10744 142.475 2.2
      vertex 5.90458 143.317 4
      vertex 5.76026 143.091 4
    endloop
  endfacet
  facet normal -0.359981 -0.686313 0.631972
    outer loop
      vertex 9.35 142.972 2.2
      vertex 10.0773 144.248 4
      vertex 9.21845 143.041 2.2
    endloop
  endfacet
  facet normal -0.388591 -0.670319 0.632194
    outer loop
      vertex 10.0773 144.248 4
      vertex 9.35 142.972 2.2
      vertex 10.0842 144.244 4
    endloop
  endfacet
  facet normal 0.167284 0.756909 0.631748
    outer loop
      vertex 8.06001 139.858 2.2
      vertex 7.94981 138.38 4
      vertex 8.2048 139.826 2.2
    endloop
  endfacet
  facet normal 0.100513 0.765906 0.635047
    outer loop
      vertex 7.94981 138.38 4
      vertex 8.06001 139.858 2.2
      vertex 7.94219 138.381 4
    endloop
  endfacet
  facet normal -0.663778 -0.398267 0.633074
    outer loop
      vertex 9.89256 142.475 2.2
      vertex 11.2439 143.084 4
      vertex 11.2397 143.091 4
    endloop
  endfacet
  facet normal -0.653681 -0.416683 0.631725
    outer loop
      vertex 11.2439 143.084 4
      vertex 9.89256 142.475 2.2
      vertex 9.97224 142.35 2.2
    endloop
  endfacet
  facet normal -0.418003 0.65295 0.631609
    outer loop
      vertex 10.0908 138.76 4
      vertex 10.3173 138.905 4
      vertex 9.47508 140.107 2.2
    endloop
  endfacet
  facet normal 0.231083 -0.739958 0.631714
    outer loop
      vertex 8.06001 143.142 2.2
      vertex 7.67995 144.56 4
      vertex 7.42378 144.48 4
    endloop
  endfacet
  facet normal 0.170154 0.756293 0.631718
    outer loop
      vertex 7.94219 138.381 4
      vertex 8.06001 139.858 2.2
      vertex 7.67995 138.44 4
    endloop
  endfacet
  facet normal -0.756834 0.167547 0.631768
    outer loop
      vertex 10.1421 141.06 2.2
      vertex 11.6203 140.95 4
      vertex 10.1742 141.205 2.2
    endloop
  endfacet
  facet normal -0.757867 0.161047 0.632219
    outer loop
      vertex 11.6203 140.95 4
      vertex 10.1421 141.06 2.2
      vertex 11.6186 140.942 4
    endloop
  endfacet
  facet normal -0.0985892 0.768996 0.631606
    outer loop
      vertex 8.64816 139.806 2.2
      vertex 8.76835 138.343 4
      vertex 8.77615 138.344 4
    endloop
  endfacet
  facet normal -0.0313688 0.7746 0.631673
    outer loop
      vertex 8.76835 138.343 4
      vertex 8.64816 139.806 2.2
      vertex 8.5 139.8 2.2
    endloop
  endfacet
  facet normal 0.294701 -0.716962 0.631757
    outer loop
      vertex 7.78155 143.041 2.2
      vertex 7.40912 144.474 4
      vertex 7.16097 144.372 4
    endloop
  endfacet
  facet normal -0.104505 -0.76832 0.631477
    outer loop
      vertex 8.7952 143.174 2.2
      vertex 8.77615 144.656 4
      vertex 8.64816 143.194 2.2
    endloop
  endfacet
  facet normal -0.099443 -0.768694 0.631839
    outer loop
      vertex 8.77615 144.656 4
      vertex 8.7952 143.174 2.2
      vertex 8.78388 144.655 4
    endloop
  endfacet
  facet normal -0.486449 0.603197 0.632076
    outer loop
      vertex 9.59274 140.198 2.2
      vertex 10.5304 139.068 4
      vertex 10.5366 139.073 4
    endloop
  endfacet
  facet normal -0.474171 0.613088 0.63189
    outer loop
      vertex 10.5304 139.068 4
      vertex 9.59274 140.198 2.2
      vertex 9.47508 140.107 2.2
    endloop
  endfacet
  facet normal -0.561886 -0.533792 0.631941
    outer loop
      vertex 10.7347 143.746 4
      vertex 9.70208 142.702 2.2
      vertex 10.7404 143.74 4
    endloop
  endfacet
  facet normal -0.523107 -0.571965 0.631835
    outer loop
      vertex 9.70208 142.702 2.2
      vertex 10.7347 143.746 4
      vertex 9.59274 142.802 2.2
    endloop
  endfacet
  facet normal 0.653327 0.417204 0.631748
    outer loop
      vertex 5.90458 139.683 4
      vertex 7.10744 140.525 2.2
      vertex 5.76026 139.909 4
    endloop
  endfacet
  facet normal -0.357834 0.687589 0.631803
    outer loop
      vertex 9.83903 138.628 4
      vertex 10.0773 138.752 4
      vertex 9.21845 139.959 2.2
    endloop
  endfacet
  facet normal 0.357846 0.687584 0.631803
    outer loop
      vertex 7.16097 138.628 4
      vertex 7.78155 139.959 2.2
      vertex 6.92271 138.752 4
    endloop
  endfacet
  facet normal 0.75675 -0.167929 0.631767
    outer loop
      vertex 6.85793 141.94 2.2
      vertex 5.43954 142.32 4
      vertex 5.3814 142.058 4
    endloop
  endfacet
  facet normal -0.418003 -0.65295 0.631609
    outer loop
      vertex 10.3173 144.095 4
      vertex 10.0908 144.24 4
      vertex 9.47508 142.893 2.2
    endloop
  endfacet
  facet normal 0.758006 -0.160129 0.632286
    outer loop
      vertex 5.37971 142.05 4
      vertex 6.85793 141.94 2.2
      vertex 5.3814 142.058 4
    endloop
  endfacet
  facet normal 0.75683 -0.167546 0.631773
    outer loop
      vertex 6.85793 141.94 2.2
      vertex 5.37971 142.05 4
      vertex 6.82583 141.795 2.2
    endloop
  endfacet
  facet normal 0.289833 -0.718785 0.631937
    outer loop
      vertex 7.91857 143.097 2.2
      vertex 7.42378 144.48 4
      vertex 7.41634 144.477 4
    endloop
  endfacet
  facet normal 0.234957 -0.738496 0.631996
    outer loop
      vertex 7.42378 144.48 4
      vertex 7.91857 143.097 2.2
      vertex 8.06001 143.142 2.2
    endloop
  endfacet
  facet normal 0.523111 0.571969 0.631828
    outer loop
      vertex 7.29792 140.298 2.2
      vertex 6.26534 139.254 4
      vertex 7.40726 140.198 2.2
    endloop
  endfacet
  facet normal 0.559529 0.536215 0.631982
    outer loop
      vertex 6.26534 139.254 4
      vertex 7.29792 140.298 2.2
      vertex 6.25959 139.26 4
    endloop
  endfacet
  facet normal 0.768753 -0.098016 0.631991
    outer loop
      vertex 5.34363 141.776 4
      vertex 6.82583 141.795 2.2
      vertex 5.34465 141.784 4
    endloop
  endfacet
  facet normal 0.768522 -0.101215 0.631767
    outer loop
      vertex 6.82583 141.795 2.2
      vertex 5.34363 141.776 4
      vertex 6.80647 141.648 2.2
    endloop
  endfacet
  facet normal 0.687383 0.358219 0.63181
    outer loop
      vertex 5.75246 139.923 4
      vertex 6.95928 140.782 2.2
      vertex 5.62843 140.161 4
    endloop
  endfacet
  facet normal 0.0317503 0.774563 0.631699
    outer loop
      vertex 8.5 138.332 4
      vertex 8.5 139.8 2.2
      vertex 8.23165 138.343 4
    endloop
  endfacet
  facet normal -0.522841 -0.572237 0.631809
    outer loop
      vertex 10.7347 143.746 4
      vertex 10.5366 143.927 4
      vertex 9.59274 142.802 2.2
    endloop
  endfacet
  facet normal 0.614893 -0.472053 0.631722
    outer loop
      vertex 7.10744 142.475 2.2
      vertex 6.0681 143.53 4
      vertex 5.90458 143.317 4
    endloop
  endfacet
  facet normal -0.739047 0.233769 0.631792
    outer loop
      vertex 10.0975 140.919 2.2
      vertex 11.4797 140.424 4
      vertex 10.1421 141.06 2.2
    endloop
  endfacet
  facet normal -0.742646 0.222794 0.631538
    outer loop
      vertex 11.4797 140.424 4
      vertex 10.0975 140.919 2.2
      vertex 11.4773 140.416 4
    endloop
  endfacet
  facet normal -0.653356 0.417165 0.631742
    outer loop
      vertex 11.0954 139.683 4
      vertex 11.2397 139.909 4
      vertex 9.89256 140.525 2.2
    endloop
  endfacet
  facet normal 0.615726 0.471083 0.631634
    outer loop
      vertex 6.0681 139.47 4
      vertex 7.19772 140.407 2.2
      vertex 7.10744 140.525 2.2
    endloop
  endfacet
  facet normal 0.642502 0.435983 0.630166
    outer loop
      vertex 7.19772 140.407 2.2
      vertex 6.0681 139.47 4
      vertex 6.07285 139.463 4
    endloop
  endfacet
  facet normal 0.474169 0.613085 0.631894
    outer loop
      vertex 7.40726 140.198 2.2
      vertex 6.46957 139.068 4
      vertex 7.52492 140.107 2.2
    endloop
  endfacet
  facet normal 0.48692 0.602808 0.632085
    outer loop
      vertex 6.46957 139.068 4
      vertex 7.40726 140.198 2.2
      vertex 6.46338 139.073 4
    endloop
  endfacet
  facet normal -0.522841 0.572237 0.631809
    outer loop
      vertex 10.5366 139.073 4
      vertex 10.7347 139.254 4
      vertex 9.59274 140.198 2.2
    endloop
  endfacet
  facet normal 0.688115 0.356986 0.631712
    outer loop
      vertex 5.75246 139.923 4
      vertex 7.02776 140.65 2.2
      vertex 6.95928 140.782 2.2
    endloop
  endfacet
  facet normal 0.689005 0.35533 0.631674
    outer loop
      vertex 7.02776 140.65 2.2
      vertex 5.75246 139.923 4
      vertex 5.75607 139.916 4
    endloop
  endfacet
  facet normal -0.29786 0.715857 0.631529
    outer loop
      vertex 9.21845 139.959 2.2
      vertex 9.58366 138.523 4
      vertex 9.59087 138.526 4
    endloop
  endfacet
  facet normal -0.293227 0.717465 0.631872
    outer loop
      vertex 9.58366 138.523 4
      vertex 9.21845 139.959 2.2
      vertex 9.08143 139.903 2.2
    endloop
  endfacet
  facet normal -0.289833 0.718785 0.631937
    outer loop
      vertex 9.08143 139.903 2.2
      vertex 9.57622 138.52 4
      vertex 9.58366 138.523 4
    endloop
  endfacet
  facet normal -0.234957 0.738496 0.631996
    outer loop
      vertex 9.57622 138.52 4
      vertex 9.08143 139.903 2.2
      vertex 8.93999 139.858 2.2
    endloop
  endfacet
  facet normal 0.522927 -0.572157 0.63181
    outer loop
      vertex 7.40726 142.802 2.2
      vertex 6.46338 143.927 4
      vertex 6.26534 143.746 4
    endloop
  endfacet
  facet normal 0.41795 0.652981 0.631612
    outer loop
      vertex 6.90921 138.76 4
      vertex 7.52492 140.107 2.2
      vertex 6.68267 138.905 4
    endloop
  endfacet
  facet normal -0.768545 0.100904 0.631789
    outer loop
      vertex 10.1742 141.205 2.2
      vertex 11.6564 141.224 4
      vertex 10.1935 141.352 2.2
    endloop
  endfacet
  facet normal -0.768191 0.105626 0.631448
    outer loop
      vertex 11.6564 141.224 4
      vertex 10.1742 141.205 2.2
      vertex 11.6553 141.216 4
    endloop
  endfacet
  facet normal 0.41795 -0.652981 0.631612
    outer loop
      vertex 7.52492 142.893 2.2
      vertex 6.90921 144.24 4
      vertex 6.68267 144.095 4
    endloop
  endfacet
  facet normal 0.234957 0.738496 0.631996
    outer loop
      vertex 7.91857 139.903 2.2
      vertex 7.42378 138.52 4
      vertex 8.06001 139.858 2.2
    endloop
  endfacet
  facet normal 0.289833 0.718785 0.631937
    outer loop
      vertex 7.42378 138.52 4
      vertex 7.91857 139.903 2.2
      vertex 7.41634 138.523 4
    endloop
  endfacet
  facet normal 0.0317503 -0.774563 0.631699
    outer loop
      vertex 8.5 143.2 2.2
      vertex 8.5 144.668 4
      vertex 8.23165 144.657 4
    endloop
  endfacet
  facet normal -0.294691 -0.716966 0.631757
    outer loop
      vertex 9.83903 144.372 4
      vertex 9.59087 144.474 4
      vertex 9.21845 143.041 2.2
    endloop
  endfacet
  facet normal -0.388591 0.670319 0.632194
    outer loop
      vertex 9.35 140.028 2.2
      vertex 10.0773 138.752 4
      vertex 10.0842 138.756 4
    endloop
  endfacet
  facet normal -0.359981 0.686313 0.631972
    outer loop
      vertex 10.0773 138.752 4
      vertex 9.35 140.028 2.2
      vertex 9.21845 139.959 2.2
    endloop
  endfacet
  facet normal 0.170154 -0.756293 0.631718
    outer loop
      vertex 8.06001 143.142 2.2
      vertex 7.94219 144.619 4
      vertex 7.67995 144.56 4
    endloop
  endfacet
  facet normal -0.099443 0.768694 0.631839
    outer loop
      vertex 8.7952 139.826 2.2
      vertex 8.77615 138.344 4
      vertex 8.78388 138.345 4
    endloop
  endfacet
  facet normal -0.104505 0.76832 0.631477
    outer loop
      vertex 8.77615 138.344 4
      vertex 8.7952 139.826 2.2
      vertex 8.64816 139.806 2.2
    endloop
  endfacet
  facet normal -0.100513 0.765906 0.635047
    outer loop
      vertex 8.93999 139.858 2.2
      vertex 9.05019 138.38 4
      vertex 9.05781 138.381 4
    endloop
  endfacet
  facet normal -0.167284 0.756909 0.631748
    outer loop
      vertex 9.05019 138.38 4
      vertex 8.93999 139.858 2.2
      vertex 8.7952 139.826 2.2
    endloop
  endfacet
  facet normal 0.768509 -0.101293 0.63177
    outer loop
      vertex 6.82583 141.795 2.2
      vertex 5.37971 142.05 4
      vertex 5.34465 141.784 4
    endloop
  endfacet
  facet normal 0.77442 0.0338547 0.631766
    outer loop
      vertex 5.34329 141.232 4
      vertex 6.80647 141.352 2.2
      vertex 6.8 141.5 2.2
    endloop
  endfacet
  facet normal 0.774475 0.0329152 0.631748
    outer loop
      vertex 6.80647 141.352 2.2
      vertex 5.34329 141.232 4
      vertex 5.34363 141.224 4
    endloop
  endfacet
  facet normal -0.101011 0.768577 0.631733
    outer loop
      vertex 9.05019 138.38 4
      vertex 8.7952 139.826 2.2
      vertex 8.78388 138.345 4
    endloop
  endfacet
  facet normal 0.101015 0.768576 0.631733
    outer loop
      vertex 8.21611 138.345 4
      vertex 8.2048 139.826 2.2
      vertex 7.94981 138.38 4
    endloop
  endfacet
  facet normal -0.167284 -0.756909 0.631748
    outer loop
      vertex 8.93999 143.142 2.2
      vertex 9.05019 144.62 4
      vertex 8.7952 143.174 2.2
    endloop
  endfacet
  facet normal -0.100513 -0.765906 0.635047
    outer loop
      vertex 9.05019 144.62 4
      vertex 8.93999 143.142 2.2
      vertex 9.05781 144.619 4
    endloop
  endfacet
  facet normal -0.689426 -0.354562 0.631647
    outer loop
      vertex 9.97224 142.35 2.2
      vertex 11.2475 143.077 4
      vertex 11.2439 143.084 4
    endloop
  endfacet
  facet normal -0.688165 -0.356907 0.631701
    outer loop
      vertex 11.2475 143.077 4
      vertex 9.97224 142.35 2.2
      vertex 10.0407 142.218 2.2
    endloop
  endfacet
  facet normal 0.739061 0.233721 0.631794
    outer loop
      vertex 5.52031 140.424 4
      vertex 6.90252 140.919 2.2
      vertex 6.85793 141.06 2.2
    endloop
  endfacet
  facet normal 0.744006 0.218552 0.63142
    outer loop
      vertex 6.90252 140.919 2.2
      vertex 5.52031 140.424 4
      vertex 5.52266 140.416 4
    endloop
  endfacet
  facet normal -0.614923 -0.472018 0.631719
    outer loop
      vertex 11.0954 143.317 4
      vertex 10.9319 143.53 4
      vertex 9.89256 142.475 2.2
    endloop
  endfacet
  facet normal -0.757867 -0.161047 0.632219
    outer loop
      vertex 10.1421 141.94 2.2
      vertex 11.6203 142.05 4
      vertex 11.6186 142.058 4
    endloop
  endfacet
  facet normal -0.756834 -0.167547 0.631768
    outer loop
      vertex 11.6203 142.05 4
      vertex 10.1421 141.94 2.2
      vertex 10.1742 141.795 2.2
    endloop
  endfacet
  facet normal 0.294701 0.716962 0.631757
    outer loop
      vertex 7.40912 138.526 4
      vertex 7.78155 139.959 2.2
      vertex 7.16097 138.628 4
    endloop
  endfacet
  facet normal 0.716075 0.296675 0.631839
    outer loop
      vertex 5.52266 140.416 4
      vertex 6.95928 140.782 2.2
      vertex 6.90252 140.919 2.2
    endloop
  endfacet
  facet normal 0.713576 0.30378 0.63129
    outer loop
      vertex 6.95928 140.782 2.2
      vertex 5.52266 140.416 4
      vertex 5.52564 140.409 4
    endloop
  endfacet
  facet normal 0.474169 -0.613085 0.631894
    outer loop
      vertex 6.46957 143.932 4
      vertex 7.40726 142.802 2.2
      vertex 7.52492 142.893 2.2
    endloop
  endfacet
  facet normal 0.48692 -0.602808 0.632085
    outer loop
      vertex 7.40726 142.802 2.2
      vertex 6.46957 143.932 4
      vertex 6.46338 143.927 4
    endloop
  endfacet
  facet normal 0.471021 0.615795 0.631613
    outer loop
      vertex 6.68267 138.905 4
      vertex 7.52492 140.107 2.2
      vertex 6.46957 139.068 4
    endloop
  endfacet
  facet normal -0.687295 0.358375 0.631817
    outer loop
      vertex 11.2475 139.923 4
      vertex 11.3716 140.161 4
      vertex 10.0407 140.782 2.2
    endloop
  endfacet
  facet normal -0.716033 0.296807 0.631825
    outer loop
      vertex 11.3716 140.161 4
      vertex 11.4744 140.409 4
      vertex 10.0407 140.782 2.2
    endloop
  endfacet
  facet normal -0.653681 0.416683 0.631725
    outer loop
      vertex 9.89256 140.525 2.2
      vertex 11.2439 139.916 4
      vertex 9.97224 140.65 2.2
    endloop
  endfacet
  facet normal -0.663778 0.398267 0.633074
    outer loop
      vertex 11.2439 139.916 4
      vertex 9.89256 140.525 2.2
      vertex 11.2397 139.909 4
    endloop
  endfacet
  facet normal -0.653356 -0.417165 0.631742
    outer loop
      vertex 11.2397 143.091 4
      vertex 11.0954 143.317 4
      vertex 9.89256 142.475 2.2
    endloop
  endfacet
  facet normal -0.644757 -0.432908 0.629984
    outer loop
      vertex 9.80227 142.593 2.2
      vertex 10.9319 143.53 4
      vertex 10.9272 143.537 4
    endloop
  endfacet
  facet normal -0.615699 -0.471114 0.631637
    outer loop
      vertex 10.9319 143.53 4
      vertex 9.80227 142.593 2.2
      vertex 9.89256 142.475 2.2
    endloop
  endfacet
  facet normal 0.689005 -0.35533 0.631674
    outer loop
      vertex 5.75246 143.077 4
      vertex 7.02776 142.35 2.2
      vertex 5.75607 143.084 4
    endloop
  endfacet
  facet normal 0.688115 -0.356986 0.631712
    outer loop
      vertex 7.02776 142.35 2.2
      vertex 5.75246 143.077 4
      vertex 6.95928 142.218 2.2
    endloop
  endfacet
  facet normal -0.531854 -0.563765 0.631902
    outer loop
      vertex 9.70208 142.702 2.2
      vertex 10.7457 143.735 4
      vertex 10.7404 143.74 4
    endloop
  endfacet
  facet normal -0.570639 -0.524517 0.631865
    outer loop
      vertex 10.7457 143.735 4
      vertex 9.70208 142.702 2.2
      vertex 9.80227 142.593 2.2
    endloop
  endfacet
  facet normal -0.716083 -0.296663 0.631835
    outer loop
      vertex 10.0407 142.218 2.2
      vertex 11.4773 142.584 4
      vertex 11.4744 142.591 4
    endloop
  endfacet
  facet normal -0.716015 -0.296859 0.631821
    outer loop
      vertex 11.4773 142.584 4
      vertex 10.0407 142.218 2.2
      vertex 10.0975 142.081 2.2
    endloop
  endfacet
  facet normal 0.768753 0.098016 0.631991
    outer loop
      vertex 6.82583 141.205 2.2
      vertex 5.34363 141.224 4
      vertex 5.34465 141.216 4
    endloop
  endfacet
  facet normal 0.768522 0.101215 0.631767
    outer loop
      vertex 5.34363 141.224 4
      vertex 6.82583 141.205 2.2
      vertex 6.80647 141.352 2.2
    endloop
  endfacet
  facet normal 0.768509 0.101293 0.63177
    outer loop
      vertex 5.37971 140.95 4
      vertex 6.82583 141.205 2.2
      vertex 5.34465 141.216 4
    endloop
  endfacet
  facet normal -0.471024 -0.615798 0.631608
    outer loop
      vertex 10.5304 143.932 4
      vertex 10.3173 144.095 4
      vertex 9.47508 142.893 2.2
    endloop
  endfacet
  facet normal 0.570614 0.524546 0.631863
    outer loop
      vertex 6.25431 139.265 4
      vertex 7.29792 140.298 2.2
      vertex 7.19772 140.407 2.2
    endloop
  endfacet
  facet normal 0.532905 0.562747 0.631924
    outer loop
      vertex 7.29792 140.298 2.2
      vertex 6.25431 139.265 4
      vertex 6.25959 139.26 4
    endloop
  endfacet
  facet normal -0.571396 -0.523779 0.631793
    outer loop
      vertex 10.9272 143.537 4
      vertex 10.7457 143.735 4
      vertex 9.80227 142.593 2.2
    endloop
  endfacet
  facet normal 0.687383 -0.358219 0.63181
    outer loop
      vertex 6.95928 142.218 2.2
      vertex 5.75246 143.077 4
      vertex 5.62843 142.839 4
    endloop
  endfacet
  facet normal 0.744006 -0.218552 0.63142
    outer loop
      vertex 5.52031 142.576 4
      vertex 6.90252 142.081 2.2
      vertex 5.52266 142.584 4
    endloop
  endfacet
  facet normal 0.739061 -0.233721 0.631794
    outer loop
      vertex 6.90252 142.081 2.2
      vertex 5.52031 142.576 4
      vertex 6.85793 141.94 2.2
    endloop
  endfacet
  facet normal 0.713576 -0.30378 0.63129
    outer loop
      vertex 5.52266 142.584 4
      vertex 6.95928 142.218 2.2
      vertex 5.52564 142.591 4
    endloop
  endfacet
  facet normal 0.716075 -0.296675 0.631839
    outer loop
      vertex 6.95928 142.218 2.2
      vertex 5.52266 142.584 4
      vertex 6.90252 142.081 2.2
    endloop
  endfacet
  facet normal 0.75675 0.167929 0.631767
    outer loop
      vertex 5.43954 140.68 4
      vertex 6.85793 141.06 2.2
      vertex 5.3814 140.942 4
    endloop
  endfacet
  facet normal 0.2975 -0.715983 0.631556
    outer loop
      vertex 7.78155 143.041 2.2
      vertex 7.41634 144.477 4
      vertex 7.40912 144.474 4
    endloop
  endfacet
  facet normal 0.293227 -0.717465 0.631872
    outer loop
      vertex 7.41634 144.477 4
      vertex 7.78155 143.041 2.2
      vertex 7.91857 143.097 2.2
    endloop
  endfacet
  facet normal -0.486449 -0.603197 0.632076
    outer loop
      vertex 10.5304 143.932 4
      vertex 9.59274 142.802 2.2
      vertex 10.5366 143.927 4
    endloop
  endfacet
  facet normal -0.474171 -0.613088 0.63189
    outer loop
      vertex 9.59274 142.802 2.2
      vertex 10.5304 143.932 4
      vertex 9.47508 142.893 2.2
    endloop
  endfacet
  facet normal 0.774422 -0.0338376 0.631764
    outer loop
      vertex 6.8 141.5 2.2
      vertex 5.34329 141.768 4
      vertex 5.33158 141.5 4
    endloop
  endfacet
  facet normal 0.532905 -0.562747 0.631924
    outer loop
      vertex 6.25431 143.735 4
      vertex 7.29792 142.702 2.2
      vertex 6.25959 143.74 4
    endloop
  endfacet
  facet normal 0.570614 -0.524546 0.631863
    outer loop
      vertex 7.29792 142.702 2.2
      vertex 6.25431 143.735 4
      vertex 7.19772 142.593 2.2
    endloop
  endfacet
  facet normal 0.523111 -0.571969 0.631828
    outer loop
      vertex 6.26534 143.746 4
      vertex 7.29792 142.702 2.2
      vertex 7.40726 142.802 2.2
    endloop
  endfacet
  facet normal 0.559529 -0.536215 0.631982
    outer loop
      vertex 7.29792 142.702 2.2
      vertex 6.26534 143.746 4
      vertex 6.25959 143.74 4
    endloop
  endfacet
  facet normal 0.413881 0.655295 0.631895
    outer loop
      vertex 7.52492 140.107 2.2
      vertex 6.91579 138.756 4
      vertex 7.65 140.028 2.2
    endloop
  endfacet
  facet normal 0.40224 0.661685 0.632752
    outer loop
      vertex 6.91579 138.756 4
      vertex 7.52492 140.107 2.2
      vertex 6.90921 138.76 4
    endloop
  endfacet
  facet normal -0.756774 -0.167819 0.631767
    outer loop
      vertex 11.6186 142.058 4
      vertex 11.5605 142.32 4
      vertex 10.1421 141.94 2.2
    endloop
  endfacet
  facet normal 0.75683 0.167546 0.631773
    outer loop
      vertex 5.37971 140.95 4
      vertex 6.85793 141.06 2.2
      vertex 6.82583 141.205 2.2
    endloop
  endfacet
  facet normal 0.758006 0.160129 0.632286
    outer loop
      vertex 6.85793 141.06 2.2
      vertex 5.37971 140.95 4
      vertex 5.3814 140.942 4
    endloop
  endfacet
  facet normal -0.742646 -0.222794 0.631538
    outer loop
      vertex 10.0975 142.081 2.2
      vertex 11.4797 142.576 4
      vertex 11.4773 142.584 4
    endloop
  endfacet
  facet normal -0.739047 -0.233769 0.631792
    outer loop
      vertex 11.4797 142.576 4
      vertex 10.0975 142.081 2.2
      vertex 10.1421 141.94 2.2
    endloop
  endfacet
  facet normal -0.768539 -0.101124 0.631761
    outer loop
      vertex 11.6553 141.784 4
      vertex 11.6203 142.05 4
      vertex 10.1742 141.795 2.2
    endloop
  endfacet
  facet normal -0.768191 -0.105626 0.631448
    outer loop
      vertex 10.1742 141.795 2.2
      vertex 11.6564 141.776 4
      vertex 11.6553 141.784 4
    endloop
  endfacet
  facet normal -0.768545 -0.100904 0.631789
    outer loop
      vertex 11.6564 141.776 4
      vertex 10.1742 141.795 2.2
      vertex 10.1935 141.648 2.2
    endloop
  endfacet
  facet normal 1 0 0
    outer loop
      vertex 99.7 150 4
      vertex 99.7 145.7 0
      vertex 99.7 150 0
    endloop
  endfacet
  facet normal 1 0 0
    outer loop
      vertex 99.7 145.7 0
      vertex 99.7 143.7 0
      vertex 99.7 145.7 -3
    endloop
  endfacet
  facet normal 1 0 0
    outer loop
      vertex 99.7 150 4
      vertex 99.7 143.7 0
      vertex 99.7 145.7 0
    endloop
  endfacet
  facet normal 1 0 0
    outer loop
      vertex 99.7 150 4
      vertex 99.7 6.3 0
      vertex 99.7 143.7 0
    endloop
  endfacet
  facet normal 1 0 0
    outer loop
      vertex 99.7 6.3 0
      vertex 99.7 4.3 0
      vertex 99.7 6.3 -3
    endloop
  endfacet
  facet normal 1 -0 0
    outer loop
      vertex 99.7 0 4
      vertex 99.7 6.3 0
      vertex 99.7 150 4
    endloop
  endfacet
  facet normal 1 0 0
    outer loop
      vertex 99.7 6.3 0
      vertex 99.7 0 4
      vertex 99.7 4.3 0
    endloop
  endfacet
  facet normal 1 0 0
    outer loop
      vertex 99.7 4.3 0
      vertex 99.7 0 4
      vertex 99.7 0 0
    endloop
  endfacet
  facet normal 1 0 0
    outer loop
      vertex 99.7 145.7 -3
      vertex 99.7 143.7 0
      vertex 99.7 143.7 -3
    endloop
  endfacet
  facet normal 1 0 0
    outer loop
      vertex 99.7 6.3 -3
      vertex 99.7 4.3 0
      vertex 99.7 4.3 -3
    endloop
  endfacet
endsolid OpenSCAD_Model
