solid OpenSCAD_Model
  facet normal 1 -0 0
    outer loop
      vertex 295.7 4.3 0
      vertex 295.7 145.7 -3
      vertex 295.7 145.7 0
    endloop
  endfacet
  facet normal 1 0 0
    outer loop
      vertex 295.7 145.7 -3
      vertex 295.7 4.3 0
      vertex 295.7 4.3 -3
    endloop
  endfacet
  facet normal 0 0 -1
    outer loop
      vertex 300 0 0
      vertex 295.7 4.3 0
      vertex 300 150 0
    endloop
  endfacet
  facet normal 0 0 -1
    outer loop
      vertex 300 0 0
      vertex 4.3 4.3 0
      vertex 295.7 4.3 0
    endloop
  endfacet
  facet normal -0 0 -1
    outer loop
      vertex 4.3 4.3 0
      vertex 0 0 0
      vertex 4.3 145.7 0
    endloop
  endfacet
  facet normal 0 0 -1
    outer loop
      vertex 0 0 0
      vertex 4.3 4.3 0
      vertex 300 0 0
    endloop
  endfacet
  facet normal 0 0 -1
    outer loop
      vertex 295.7 145.7 0
      vertex 300 150 0
      vertex 295.7 4.3 0
    endloop
  endfacet
  facet normal 0 0 -1
    outer loop
      vertex 4.3 145.7 0
      vertex 300 150 0
      vertex 295.7 145.7 0
    endloop
  endfacet
  facet normal 0 0 -1
    outer loop
      vertex 4.3 145.7 0
      vertex 0 150 0
      vertex 300 150 0
    endloop
  endfacet
  facet normal 0 0 -1
    outer loop
      vertex 0 150 0
      vertex 4.3 145.7 0
      vertex 0 0 0
    endloop
  endfacet
  facet normal 0 0 -1
    outer loop
      vertex 9.9135 9.44447 0
      vertex 92.0861 44.4194 0
      vertex 9.99927 9.30137 0
    endloop
  endfacet
  facet normal 0 0 -1
    outer loop
      vertex 92 105 0
      vertex 10.1918 141.333 0
      vertex 10.2 141.5 0
    endloop
  endfacet
  facet normal -0 0 -1
    outer loop
      vertex 92.0861 44.4194 0
      vertex 9.9135 9.44447 0
      vertex 92.0384 44.6098 0
    endloop
  endfacet
  facet normal 0 0 -1
    outer loop
      vertex 92 105 0
      vertex 10.1673 141.168 0
      vertex 10.1918 141.333 0
    endloop
  endfacet
  facet normal 0 0 -1
    outer loop
      vertex 9.81412 9.57847 0
      vertex 92.0384 44.6098 0
      vertex 9.9135 9.44447 0
    endloop
  endfacet
  facet normal 0 0 -1
    outer loop
      vertex 92 105 0
      vertex 10.1268 141.007 0
      vertex 10.1673 141.168 0
    endloop
  endfacet
  facet normal -0 0 -1
    outer loop
      vertex 92.0384 44.6098 0
      vertex 9.81412 9.57847 0
      vertex 92.0096 44.804 0
    endloop
  endfacet
  facet normal 0 0 -1
    outer loop
      vertex 92 105 0
      vertex 10.0706 140.849 0
      vertex 10.1268 141.007 0
    endloop
  endfacet
  facet normal 0 0 -1
    outer loop
      vertex 9.70208 9.70208 0
      vertex 92.0096 44.804 0
      vertex 9.81412 9.57847 0
    endloop
  endfacet
  facet normal 0 0 -1
    outer loop
      vertex 92 105 0
      vertex 9.99927 140.699 0
      vertex 10.0706 140.849 0
    endloop
  endfacet
  facet normal -0 0 -1
    outer loop
      vertex 92.0096 44.804 0
      vertex 9.70208 9.70208 0
      vertex 92 45 0
    endloop
  endfacet
  facet normal 0 0 -1
    outer loop
      vertex 92 105 0
      vertex 9.9135 140.556 0
      vertex 9.99927 140.699 0
    endloop
  endfacet
  facet normal 0 0 -1
    outer loop
      vertex 9.57847 9.81412 0
      vertex 92 45 0
      vertex 9.70208 9.70208 0
    endloop
  endfacet
  facet normal 0 0 -1
    outer loop
      vertex 92 105 0
      vertex 9.81412 140.422 0
      vertex 9.9135 140.556 0
    endloop
  endfacet
  facet normal 0 0 -1
    outer loop
      vertex 9.44447 9.9135 0
      vertex 92 45 0
      vertex 9.57847 9.81412 0
    endloop
  endfacet
  facet normal 0 0 -1
    outer loop
      vertex 92 105 0
      vertex 9.70208 140.298 0
      vertex 9.81412 140.422 0
    endloop
  endfacet
  facet normal 0 0 -1
    outer loop
      vertex 9.30137 9.99927 0
      vertex 92 45 0
      vertex 9.44447 9.9135 0
    endloop
  endfacet
  facet normal 0 0 -1
    outer loop
      vertex 92 105 0
      vertex 9.57847 140.186 0
      vertex 9.70208 140.298 0
    endloop
  endfacet
  facet normal 0 0 -1
    outer loop
      vertex 9.15056 10.0706 0
      vertex 92 45 0
      vertex 9.30137 9.99927 0
    endloop
  endfacet
  facet normal 0 0 -1
    outer loop
      vertex 92 105 0
      vertex 9.44447 140.087 0
      vertex 9.57847 140.186 0
    endloop
  endfacet
  facet normal 0 0 -1
    outer loop
      vertex 8.99348 10.1268 0
      vertex 92 45 0
      vertex 9.15056 10.0706 0
    endloop
  endfacet
  facet normal 0 0 -1
    outer loop
      vertex 92 105 0
      vertex 9.30137 140.001 0
      vertex 9.44447 140.087 0
    endloop
  endfacet
  facet normal -0 0 -1
    outer loop
      vertex 92 45 0
      vertex 8.99348 10.1268 0
      vertex 92 105 0
    endloop
  endfacet
  facet normal 0 0 -1
    outer loop
      vertex 92 105 0
      vertex 9.15056 139.929 0
      vertex 9.30137 140.001 0
    endloop
  endfacet
  facet normal 0 0 -1
    outer loop
      vertex 8.99348 139.873 0
      vertex 92 105 0
      vertex 8.99348 10.1268 0
    endloop
  endfacet
  facet normal 0 0 -1
    outer loop
      vertex 92 105 0
      vertex 8.99348 139.873 0
      vertex 9.15056 139.929 0
    endloop
  endfacet
  facet normal 0 0 -1
    outer loop
      vertex 8.83165 10.1673 0
      vertex 8.99348 139.873 0
      vertex 8.99348 10.1268 0
    endloop
  endfacet
  facet normal 0 0 -1
    outer loop
      vertex 8.83165 10.1673 0
      vertex 8.83165 139.833 0
      vertex 8.99348 139.873 0
    endloop
  endfacet
  facet normal 0 0 -1
    outer loop
      vertex 8.66663 10.1918 0
      vertex 8.83165 139.833 0
      vertex 8.83165 10.1673 0
    endloop
  endfacet
  facet normal 0 0 -1
    outer loop
      vertex 8.66663 10.1918 0
      vertex 8.66663 139.808 0
      vertex 8.83165 139.833 0
    endloop
  endfacet
  facet normal 0 0 -1
    outer loop
      vertex 8.5 10.2 0
      vertex 8.66663 139.808 0
      vertex 8.66663 10.1918 0
    endloop
  endfacet
  facet normal 0 0 -1
    outer loop
      vertex 8.5 10.2 0
      vertex 8.5 139.8 0
      vertex 8.66663 139.808 0
    endloop
  endfacet
  facet normal 0 0 -1
    outer loop
      vertex 8.33337 10.1918 0
      vertex 8.5 139.8 0
      vertex 8.5 10.2 0
    endloop
  endfacet
  facet normal 0 0 -1
    outer loop
      vertex 8.33337 10.1918 0
      vertex 8.33337 139.808 0
      vertex 8.5 139.8 0
    endloop
  endfacet
  facet normal 0 0 -1
    outer loop
      vertex 8.16835 10.1673 0
      vertex 8.33337 139.808 0
      vertex 8.33337 10.1918 0
    endloop
  endfacet
  facet normal 0 0 -1
    outer loop
      vertex 8.16835 10.1673 0
      vertex 8.16835 139.833 0
      vertex 8.33337 139.808 0
    endloop
  endfacet
  facet normal 0 0 -1
    outer loop
      vertex 8.00652 10.1268 0
      vertex 8.16835 139.833 0
      vertex 8.16835 10.1673 0
    endloop
  endfacet
  facet normal 0 0 -1
    outer loop
      vertex 8.00652 10.1268 0
      vertex 8.00652 139.873 0
      vertex 8.16835 139.833 0
    endloop
  endfacet
  facet normal 0 0 -1
    outer loop
      vertex 7.84944 10.0706 0
      vertex 8.00652 139.873 0
      vertex 8.00652 10.1268 0
    endloop
  endfacet
  facet normal 0 0 -1
    outer loop
      vertex 7.84944 10.0706 0
      vertex 7.84944 139.929 0
      vertex 8.00652 139.873 0
    endloop
  endfacet
  facet normal 0 0 -1
    outer loop
      vertex 7.69862 9.99927 0
      vertex 7.84944 139.929 0
      vertex 7.84944 10.0706 0
    endloop
  endfacet
  facet normal 0 0 -1
    outer loop
      vertex 7.69862 9.99927 0
      vertex 7.69862 140.001 0
      vertex 7.84944 139.929 0
    endloop
  endfacet
  facet normal 0 0 -1
    outer loop
      vertex 7.55553 9.9135 0
      vertex 7.69862 140.001 0
      vertex 7.69862 9.99927 0
    endloop
  endfacet
  facet normal 0 0 -1
    outer loop
      vertex 7.55553 9.9135 0
      vertex 7.55553 140.087 0
      vertex 7.69862 140.001 0
    endloop
  endfacet
  facet normal 0 0 -1
    outer loop
      vertex 7.42153 9.81412 0
      vertex 7.55553 140.087 0
      vertex 7.55553 9.9135 0
    endloop
  endfacet
  facet normal 0 0 -1
    outer loop
      vertex 7.42153 9.81412 0
      vertex 7.42153 140.186 0
      vertex 7.55553 140.087 0
    endloop
  endfacet
  facet normal 0 0 -1
    outer loop
      vertex 7.29792 9.70208 0
      vertex 7.42153 140.186 0
      vertex 7.42153 9.81412 0
    endloop
  endfacet
  facet normal 0 0 -1
    outer loop
      vertex 7.29792 9.70208 0
      vertex 7.29792 140.298 0
      vertex 7.42153 140.186 0
    endloop
  endfacet
  facet normal 0 0 -1
    outer loop
      vertex 7.18588 9.57847 0
      vertex 7.29792 140.298 0
      vertex 7.29792 9.70208 0
    endloop
  endfacet
  facet normal 0 0 -1
    outer loop
      vertex 7.18588 9.57847 0
      vertex 7.18588 140.422 0
      vertex 7.29792 140.298 0
    endloop
  endfacet
  facet normal 0 0 -1
    outer loop
      vertex 7.0865 9.44447 0
      vertex 7.18588 140.422 0
      vertex 7.18588 9.57847 0
    endloop
  endfacet
  facet normal 0 0 -1
    outer loop
      vertex 7.0865 9.44447 0
      vertex 7.0865 140.556 0
      vertex 7.18588 140.422 0
    endloop
  endfacet
  facet normal 0 0 -1
    outer loop
      vertex 7.00073 9.30137 0
      vertex 7.0865 140.556 0
      vertex 7.0865 9.44447 0
    endloop
  endfacet
  facet normal 0 0 -1
    outer loop
      vertex 7.00073 9.30137 0
      vertex 7.00073 140.699 0
      vertex 7.0865 140.556 0
    endloop
  endfacet
  facet normal 0 0 -1
    outer loop
      vertex 6.9294 9.15056 0
      vertex 7.00073 140.699 0
      vertex 7.00073 9.30137 0
    endloop
  endfacet
  facet normal 0 0 -1
    outer loop
      vertex 6.9294 9.15056 0
      vertex 6.9294 140.849 0
      vertex 7.00073 140.699 0
    endloop
  endfacet
  facet normal 0 0 -1
    outer loop
      vertex 6.8732 8.99348 0
      vertex 6.9294 140.849 0
      vertex 6.9294 9.15056 0
    endloop
  endfacet
  facet normal 0 0 -1
    outer loop
      vertex 6.8732 8.99348 0
      vertex 6.8732 141.007 0
      vertex 6.9294 140.849 0
    endloop
  endfacet
  facet normal 0 0 -1
    outer loop
      vertex 6.83266 8.83165 0
      vertex 6.8732 141.007 0
      vertex 6.8732 8.99348 0
    endloop
  endfacet
  facet normal 0 0 -1
    outer loop
      vertex 6.83266 8.83165 0
      vertex 6.83266 141.168 0
      vertex 6.8732 141.007 0
    endloop
  endfacet
  facet normal 0 0 -1
    outer loop
      vertex 6.3 6.3 0
      vertex 6.83266 8.83165 0
      vertex 6.80819 8.66663 0
    endloop
  endfacet
  facet normal -0 0 -1
    outer loop
      vertex 6.83266 8.83165 0
      vertex 6.3 6.3 0
      vertex 6.83266 141.168 0
    endloop
  endfacet
  facet normal 0 0 -1
    outer loop
      vertex 6.3 6.3 0
      vertex 6.80819 8.66663 0
      vertex 6.8 8.5 0
    endloop
  endfacet
  facet normal 0 0 -1
    outer loop
      vertex 6.3 143.7 0
      vertex 6.83266 141.168 0
      vertex 6.3 6.3 0
    endloop
  endfacet
  facet normal 0 0 -1
    outer loop
      vertex 188.01 44.804 0
      vertex 175.99 44.804 0
      vertex 176 45 0
    endloop
  endfacet
  facet normal 0 0 -1
    outer loop
      vertex 188.586 43.5858 0
      vertex 175.962 44.6098 0
      vertex 175.99 44.804 0
    endloop
  endfacet
  facet normal 0 0 -1
    outer loop
      vertex 188.586 43.5858 0
      vertex 175.914 44.4194 0
      vertex 175.962 44.6098 0
    endloop
  endfacet
  facet normal 0 0 -1
    outer loop
      vertex 188.586 43.5858 0
      vertex 175.848 44.2346 0
      vertex 175.914 44.4194 0
    endloop
  endfacet
  facet normal 0 0 -1
    outer loop
      vertex 188.586 43.5858 0
      vertex 175.764 44.0572 0
      vertex 175.848 44.2346 0
    endloop
  endfacet
  facet normal 0 0 -1
    outer loop
      vertex 188.586 43.5858 0
      vertex 175.663 43.8889 0
      vertex 175.764 44.0572 0
    endloop
  endfacet
  facet normal 0 0 -1
    outer loop
      vertex 188.586 43.5858 0
      vertex 175.546 43.7312 0
      vertex 175.663 43.8889 0
    endloop
  endfacet
  facet normal 0 0 -1
    outer loop
      vertex 188.586 43.5858 0
      vertex 175.414 43.5858 0
      vertex 175.546 43.7312 0
    endloop
  endfacet
  facet normal 0 0 -1
    outer loop
      vertex 180 28 0
      vertex 175.269 43.454 0
      vertex 175.414 43.5858 0
    endloop
  endfacet
  facet normal 0 0 -1
    outer loop
      vertex 180 28 0
      vertex 175.111 43.3371 0
      vertex 175.269 43.454 0
    endloop
  endfacet
  facet normal 0 0 -1
    outer loop
      vertex 180 28 0
      vertex 174.943 43.2362 0
      vertex 175.111 43.3371 0
    endloop
  endfacet
  facet normal 0 0 -1
    outer loop
      vertex 180 28 0
      vertex 174.765 43.1522 0
      vertex 174.943 43.2362 0
    endloop
  endfacet
  facet normal 0 0 -1
    outer loop
      vertex 180 28 0
      vertex 174.581 43.0861 0
      vertex 174.765 43.1522 0
    endloop
  endfacet
  facet normal 0 0 -1
    outer loop
      vertex 180 28 0
      vertex 174.39 43.0384 0
      vertex 174.581 43.0861 0
    endloop
  endfacet
  facet normal 0 0 -1
    outer loop
      vertex 180 28 0
      vertex 174.196 43.0096 0
      vertex 174.39 43.0384 0
    endloop
  endfacet
  facet normal 0 0 -1
    outer loop
      vertex 180 28 0
      vertex 174 43 0
      vertex 174.196 43.0096 0
    endloop
  endfacet
  facet normal 0 0 -1
    outer loop
      vertex 180 28 0
      vertex 173.804 43.0096 0
      vertex 174 43 0
    endloop
  endfacet
  facet normal 0 0 -1
    outer loop
      vertex 180 28 0
      vertex 173.61 43.0384 0
      vertex 173.804 43.0096 0
    endloop
  endfacet
  facet normal 0 0 -1
    outer loop
      vertex 180 28 0
      vertex 173.419 43.0861 0
      vertex 173.61 43.0384 0
    endloop
  endfacet
  facet normal 0 0 -1
    outer loop
      vertex 180 28 0
      vertex 173.235 43.1522 0
      vertex 173.419 43.0861 0
    endloop
  endfacet
  facet normal 0 0 -1
    outer loop
      vertex 180 28 0
      vertex 173.057 43.2362 0
      vertex 173.235 43.1522 0
    endloop
  endfacet
  facet normal 0 0 -1
    outer loop
      vertex 158.943 43.2362 0
      vertex 173.057 43.2362 0
      vertex 180 28 0
    endloop
  endfacet
  facet normal 0 0 -1
    outer loop
      vertex 173.057 43.2362 0
      vertex 158.943 43.2362 0
      vertex 172.889 43.3371 0
    endloop
  endfacet
  facet normal 0 -0 -1
    outer loop
      vertex 159.111 43.3371 0
      vertex 172.889 43.3371 0
      vertex 158.943 43.2362 0
    endloop
  endfacet
  facet normal 0 0 -1
    outer loop
      vertex 172.889 43.3371 0
      vertex 159.111 43.3371 0
      vertex 172.731 43.454 0
    endloop
  endfacet
  facet normal 0 -0 -1
    outer loop
      vertex 159.269 43.454 0
      vertex 172.731 43.454 0
      vertex 159.111 43.3371 0
    endloop
  endfacet
  facet normal 0 -0 -1
    outer loop
      vertex 159.414 43.5858 0
      vertex 172.586 43.5858 0
      vertex 159.269 43.454 0
    endloop
  endfacet
  facet normal 0 0 -1
    outer loop
      vertex 172 45 0
      vertex 160 45 0
      vertex 172 105 0
    endloop
  endfacet
  facet normal 0 0 -1
    outer loop
      vertex 172.01 44.804 0
      vertex 160 45 0
      vertex 172 45 0
    endloop
  endfacet
  facet normal 0 0 -1
    outer loop
      vertex 159.99 44.804 0
      vertex 172.01 44.804 0
      vertex 172.038 44.6098 0
    endloop
  endfacet
  facet normal 0 0 -1
    outer loop
      vertex 159.962 44.6098 0
      vertex 172.038 44.6098 0
      vertex 172.086 44.4194 0
    endloop
  endfacet
  facet normal 0 0 -1
    outer loop
      vertex 159.914 44.4194 0
      vertex 172.086 44.4194 0
      vertex 172.152 44.2346 0
    endloop
  endfacet
  facet normal 0 0 -1
    outer loop
      vertex 159.848 44.2346 0
      vertex 172.152 44.2346 0
      vertex 172.236 44.0572 0
    endloop
  endfacet
  facet normal 0 0 -1
    outer loop
      vertex 172.586 43.5858 0
      vertex 159.414 43.5858 0
      vertex 172.454 43.7312 0
    endloop
  endfacet
  facet normal 0 0 -1
    outer loop
      vertex 172.01 44.804 0
      vertex 159.99 44.804 0
      vertex 160 45 0
    endloop
  endfacet
  facet normal 0 0 -1
    outer loop
      vertex 172.038 44.6098 0
      vertex 159.962 44.6098 0
      vertex 159.99 44.804 0
    endloop
  endfacet
  facet normal 0 0 -1
    outer loop
      vertex 172.086 44.4194 0
      vertex 159.914 44.4194 0
      vertex 159.962 44.6098 0
    endloop
  endfacet
  facet normal 0 0 -1
    outer loop
      vertex 172.152 44.2346 0
      vertex 159.848 44.2346 0
      vertex 159.914 44.4194 0
    endloop
  endfacet
  facet normal 0 0 -1
    outer loop
      vertex 172.236 44.0572 0
      vertex 159.764 44.0572 0
      vertex 159.848 44.2346 0
    endloop
  endfacet
  facet normal -0 0 -1
    outer loop
      vertex 172.236 44.0572 0
      vertex 159.663 43.8889 0
      vertex 159.764 44.0572 0
    endloop
  endfacet
  facet normal 0 0 -1
    outer loop
      vertex 172.337 43.8889 0
      vertex 159.663 43.8889 0
      vertex 172.236 44.0572 0
    endloop
  endfacet
  facet normal 0 -0 -1
    outer loop
      vertex 159.663 43.8889 0
      vertex 172.337 43.8889 0
      vertex 159.546 43.7312 0
    endloop
  endfacet
  facet normal 0 0 -1
    outer loop
      vertex 172.454 43.7312 0
      vertex 159.546 43.7312 0
      vertex 172.337 43.8889 0
    endloop
  endfacet
  facet normal 0 -0 -1
    outer loop
      vertex 159.546 43.7312 0
      vertex 172.454 43.7312 0
      vertex 159.414 43.5858 0
    endloop
  endfacet
  facet normal 0 0 -1
    outer loop
      vertex 172.731 43.454 0
      vertex 159.269 43.454 0
      vertex 172.586 43.5858 0
    endloop
  endfacet
  facet normal 0 0 -1
    outer loop
      vertex 180 28 0
      vertex 158.765 43.1522 0
      vertex 158.943 43.2362 0
    endloop
  endfacet
  facet normal 0 0 -1
    outer loop
      vertex 180 28 0
      vertex 158.581 43.0861 0
      vertex 158.765 43.1522 0
    endloop
  endfacet
  facet normal 0 0 -1
    outer loop
      vertex 180 28 0
      vertex 158.39 43.0384 0
      vertex 158.581 43.0861 0
    endloop
  endfacet
  facet normal 0 0 -1
    outer loop
      vertex 180 28 0
      vertex 158.196 43.0096 0
      vertex 158.39 43.0384 0
    endloop
  endfacet
  facet normal 0 0 -1
    outer loop
      vertex 180 28 0
      vertex 158 43 0
      vertex 158.196 43.0096 0
    endloop
  endfacet
  facet normal 0 0 -1
    outer loop
      vertex 180 28 0
      vertex 157.804 43.0096 0
      vertex 158 43 0
    endloop
  endfacet
  facet normal 0 0 -1
    outer loop
      vertex 180 28 0
      vertex 157.61 43.0384 0
      vertex 157.804 43.0096 0
    endloop
  endfacet
  facet normal 0 0 -1
    outer loop
      vertex 142.39 43.0384 0
      vertex 157.61 43.0384 0
      vertex 180 28 0
    endloop
  endfacet
  facet normal 0 0 -1
    outer loop
      vertex 157.61 43.0384 0
      vertex 142.39 43.0384 0
      vertex 157.419 43.0861 0
    endloop
  endfacet
  facet normal 0 -0 -1
    outer loop
      vertex 142.581 43.0861 0
      vertex 157.419 43.0861 0
      vertex 142.39 43.0384 0
    endloop
  endfacet
  facet normal 0 0 -1
    outer loop
      vertex 157.419 43.0861 0
      vertex 142.581 43.0861 0
      vertex 157.235 43.1522 0
    endloop
  endfacet
  facet normal 0 0 -1
    outer loop
      vertex 144 105 0
      vertex 156 105 0
      vertex 156 45 0
    endloop
  endfacet
  facet normal 0 0 -1
    outer loop
      vertex 156 105 0
      vertex 151.692 141.333 0
      vertex 151.7 141.5 0
    endloop
  endfacet
  facet normal 0 0 -1
    outer loop
      vertex 156 105 0
      vertex 151.667 141.168 0
      vertex 151.692 141.333 0
    endloop
  endfacet
  facet normal 0 0 -1
    outer loop
      vertex 156 105 0
      vertex 151.627 141.007 0
      vertex 151.667 141.168 0
    endloop
  endfacet
  facet normal 0 0 -1
    outer loop
      vertex 156 105 0
      vertex 151.571 140.849 0
      vertex 151.627 141.007 0
    endloop
  endfacet
  facet normal 0 0 -1
    outer loop
      vertex 143.99 105.196 0
      vertex 156 105 0
      vertex 144 105 0
    endloop
  endfacet
  facet normal 0 0 -1
    outer loop
      vertex 156 105 0
      vertex 151.499 140.699 0
      vertex 151.571 140.849 0
    endloop
  endfacet
  facet normal 0 0 -1
    outer loop
      vertex 143.962 105.39 0
      vertex 156 105 0
      vertex 143.99 105.196 0
    endloop
  endfacet
  facet normal 0 0 -1
    outer loop
      vertex 156 105 0
      vertex 151.413 140.556 0
      vertex 151.499 140.699 0
    endloop
  endfacet
  facet normal 0 0 -1
    outer loop
      vertex 144 45 0
      vertex 156 45 0
      vertex 156.01 44.804 0
    endloop
  endfacet
  facet normal 0 0 -1
    outer loop
      vertex 143.914 105.581 0
      vertex 156 105 0
      vertex 143.962 105.39 0
    endloop
  endfacet
  facet normal 0 0 -1
    outer loop
      vertex 156 105 0
      vertex 151.314 140.422 0
      vertex 151.413 140.556 0
    endloop
  endfacet
  facet normal 0 0 -1
    outer loop
      vertex 143.848 105.765 0
      vertex 156 105 0
      vertex 143.914 105.581 0
    endloop
  endfacet
  facet normal 0 0 -1
    outer loop
      vertex 156 105 0
      vertex 151.202 140.298 0
      vertex 151.314 140.422 0
    endloop
  endfacet
  facet normal 0 0 -1
    outer loop
      vertex 143.764 105.943 0
      vertex 156 105 0
      vertex 143.848 105.765 0
    endloop
  endfacet
  facet normal 0 0 -1
    outer loop
      vertex 156 105 0
      vertex 151.078 140.186 0
      vertex 151.202 140.298 0
    endloop
  endfacet
  facet normal 0 0 -1
    outer loop
      vertex 143.663 106.111 0
      vertex 156 105 0
      vertex 143.764 105.943 0
    endloop
  endfacet
  facet normal 0 0 -1
    outer loop
      vertex 156 105 0
      vertex 150.944 140.087 0
      vertex 151.078 140.186 0
    endloop
  endfacet
  facet normal 0 0 -1
    outer loop
      vertex 143.546 106.269 0
      vertex 156 105 0
      vertex 143.663 106.111 0
    endloop
  endfacet
  facet normal 0 0 -1
    outer loop
      vertex 156 105 0
      vertex 150.801 140.001 0
      vertex 150.944 140.087 0
    endloop
  endfacet
  facet normal 0 0 -1
    outer loop
      vertex 143.414 106.414 0
      vertex 156 105 0
      vertex 143.546 106.269 0
    endloop
  endfacet
  facet normal 0 0 -1
    outer loop
      vertex 156 105 0
      vertex 150.651 139.929 0
      vertex 150.801 140.001 0
    endloop
  endfacet
  facet normal 0 0 -1
    outer loop
      vertex 143.269 106.546 0
      vertex 156 105 0
      vertex 143.414 106.414 0
    endloop
  endfacet
  facet normal 0 0 -1
    outer loop
      vertex 156 105 0
      vertex 150.493 139.873 0
      vertex 150.651 139.929 0
    endloop
  endfacet
  facet normal 0 0 -1
    outer loop
      vertex 143.111 106.663 0
      vertex 156 105 0
      vertex 143.269 106.546 0
    endloop
  endfacet
  facet normal 0 0 -1
    outer loop
      vertex 156 105 0
      vertex 150.332 139.833 0
      vertex 150.493 139.873 0
    endloop
  endfacet
  facet normal 0 0 -1
    outer loop
      vertex 142.943 106.764 0
      vertex 156 105 0
      vertex 143.111 106.663 0
    endloop
  endfacet
  facet normal 0 0 -1
    outer loop
      vertex 156 105 0
      vertex 150.167 139.808 0
      vertex 150.332 139.833 0
    endloop
  endfacet
  facet normal 0 0 -1
    outer loop
      vertex 156 105 0
      vertex 142.943 106.764 0
      vertex 150.167 139.808 0
    endloop
  endfacet
  facet normal 0 0 -1
    outer loop
      vertex 150.167 139.808 0
      vertex 142.943 106.764 0
      vertex 150 139.8 0
    endloop
  endfacet
  facet normal 0 0 -1
    outer loop
      vertex 142.765 106.848 0
      vertex 150 139.8 0
      vertex 142.943 106.764 0
    endloop
  endfacet
  facet normal -0 0 -1
    outer loop
      vertex 150 139.8 0
      vertex 142.765 106.848 0
      vertex 149.833 139.808 0
    endloop
  endfacet
  facet normal 0 0 -1
    outer loop
      vertex 142.581 106.914 0
      vertex 149.833 139.808 0
      vertex 142.765 106.848 0
    endloop
  endfacet
  facet normal -0 0 -1
    outer loop
      vertex 149.833 139.808 0
      vertex 142.581 106.914 0
      vertex 149.668 139.833 0
    endloop
  endfacet
  facet normal 0 0 -1
    outer loop
      vertex 156 45 0
      vertex 144 45 0
      vertex 144 105 0
    endloop
  endfacet
  facet normal 0 0 -1
    outer loop
      vertex 143.99 44.804 0
      vertex 156.01 44.804 0
      vertex 156.038 44.6098 0
    endloop
  endfacet
  facet normal 0 0 -1
    outer loop
      vertex 143.962 44.6098 0
      vertex 156.038 44.6098 0
      vertex 156.086 44.4194 0
    endloop
  endfacet
  facet normal 0 0 -1
    outer loop
      vertex 143.914 44.4194 0
      vertex 156.086 44.4194 0
      vertex 156.152 44.2346 0
    endloop
  endfacet
  facet normal 0 0 -1
    outer loop
      vertex 143.848 44.2346 0
      vertex 156.152 44.2346 0
      vertex 156.236 44.0572 0
    endloop
  endfacet
  facet normal 0 0 -1
    outer loop
      vertex 143.764 44.0572 0
      vertex 156.236 44.0572 0
      vertex 156.337 43.8889 0
    endloop
  endfacet
  facet normal 0 0 -1
    outer loop
      vertex 143.663 43.8889 0
      vertex 156.337 43.8889 0
      vertex 156.454 43.7312 0
    endloop
  endfacet
  facet normal 0 0 -1
    outer loop
      vertex 143.546 43.7312 0
      vertex 156.454 43.7312 0
      vertex 156.586 43.5858 0
    endloop
  endfacet
  facet normal 0 0 -1
    outer loop
      vertex 143.414 43.5858 0
      vertex 156.586 43.5858 0
      vertex 156.731 43.454 0
    endloop
  endfacet
  facet normal 0 0 -1
    outer loop
      vertex 143.269 43.454 0
      vertex 156.731 43.454 0
      vertex 156.889 43.3371 0
    endloop
  endfacet
  facet normal 0 -0 -1
    outer loop
      vertex 142.765 43.1522 0
      vertex 157.235 43.1522 0
      vertex 142.581 43.0861 0
    endloop
  endfacet
  facet normal 0 0 -1
    outer loop
      vertex 156.01 44.804 0
      vertex 143.99 44.804 0
      vertex 144 45 0
    endloop
  endfacet
  facet normal 0 0 -1
    outer loop
      vertex 156.038 44.6098 0
      vertex 143.962 44.6098 0
      vertex 143.99 44.804 0
    endloop
  endfacet
  facet normal 0 0 -1
    outer loop
      vertex 156.086 44.4194 0
      vertex 143.914 44.4194 0
      vertex 143.962 44.6098 0
    endloop
  endfacet
  facet normal 0 0 -1
    outer loop
      vertex 156.152 44.2346 0
      vertex 143.848 44.2346 0
      vertex 143.914 44.4194 0
    endloop
  endfacet
  facet normal 0 0 -1
    outer loop
      vertex 156.236 44.0572 0
      vertex 143.764 44.0572 0
      vertex 143.848 44.2346 0
    endloop
  endfacet
  facet normal 0 0 -1
    outer loop
      vertex 156.337 43.8889 0
      vertex 143.663 43.8889 0
      vertex 143.764 44.0572 0
    endloop
  endfacet
  facet normal 0 0 -1
    outer loop
      vertex 156.454 43.7312 0
      vertex 143.546 43.7312 0
      vertex 143.663 43.8889 0
    endloop
  endfacet
  facet normal 0 0 -1
    outer loop
      vertex 156.586 43.5858 0
      vertex 143.414 43.5858 0
      vertex 143.546 43.7312 0
    endloop
  endfacet
  facet normal 0 0 -1
    outer loop
      vertex 156.731 43.454 0
      vertex 143.269 43.454 0
      vertex 143.414 43.5858 0
    endloop
  endfacet
  facet normal 0 0 -1
    outer loop
      vertex 156.889 43.3371 0
      vertex 143.111 43.3371 0
      vertex 143.269 43.454 0
    endloop
  endfacet
  facet normal -0 0 -1
    outer loop
      vertex 156.889 43.3371 0
      vertex 142.943 43.2362 0
      vertex 143.111 43.3371 0
    endloop
  endfacet
  facet normal 0 0 -1
    outer loop
      vertex 157.057 43.2362 0
      vertex 142.943 43.2362 0
      vertex 156.889 43.3371 0
    endloop
  endfacet
  facet normal 0 -0 -1
    outer loop
      vertex 142.943 43.2362 0
      vertex 157.057 43.2362 0
      vertex 142.765 43.1522 0
    endloop
  endfacet
  facet normal 0 0 -1
    outer loop
      vertex 157.235 43.1522 0
      vertex 142.765 43.1522 0
      vertex 157.057 43.2362 0
    endloop
  endfacet
  facet normal 0 0 -1
    outer loop
      vertex 120 28 0
      vertex 142.39 43.0384 0
      vertex 180 28 0
    endloop
  endfacet
  facet normal 0 0 -1
    outer loop
      vertex 142.39 43.0384 0
      vertex 120 28 0
      vertex 142.196 43.0096 0
    endloop
  endfacet
  facet normal 0 0 -1
    outer loop
      vertex 142.196 43.0096 0
      vertex 120 28 0
      vertex 142 43 0
    endloop
  endfacet
  facet normal -0 0 -1
    outer loop
      vertex 142 43 0
      vertex 120 28 0
      vertex 141.804 43.0096 0
    endloop
  endfacet
  facet normal -0 0 -1
    outer loop
      vertex 141.804 43.0096 0
      vertex 120 28 0
      vertex 141.61 43.0384 0
    endloop
  endfacet
  facet normal -0 0 -1
    outer loop
      vertex 141.61 43.0384 0
      vertex 120 28 0
      vertex 141.419 43.0861 0
    endloop
  endfacet
  facet normal 0 0 -1
    outer loop
      vertex 140 45 0
      vertex 128 45 0
      vertex 140 105 0
    endloop
  endfacet
  facet normal 0 0 -1
    outer loop
      vertex 140.01 44.804 0
      vertex 128 45 0
      vertex 140 45 0
    endloop
  endfacet
  facet normal 0 0 -1
    outer loop
      vertex 127.99 44.804 0
      vertex 140.01 44.804 0
      vertex 140.038 44.6098 0
    endloop
  endfacet
  facet normal 0 0 -1
    outer loop
      vertex 127.962 44.6098 0
      vertex 140.038 44.6098 0
      vertex 140.086 44.4194 0
    endloop
  endfacet
  facet normal 0 0 -1
    outer loop
      vertex 127.914 44.4194 0
      vertex 140.086 44.4194 0
      vertex 140.152 44.2346 0
    endloop
  endfacet
  facet normal 0 0 -1
    outer loop
      vertex 127.848 44.2346 0
      vertex 140.152 44.2346 0
      vertex 140.236 44.0572 0
    endloop
  endfacet
  facet normal 0 0 -1
    outer loop
      vertex 127.764 44.0572 0
      vertex 140.236 44.0572 0
      vertex 140.337 43.8889 0
    endloop
  endfacet
  facet normal 0 0 -1
    outer loop
      vertex 127.663 43.8889 0
      vertex 140.337 43.8889 0
      vertex 140.454 43.7312 0
    endloop
  endfacet
  facet normal 0 0 -1
    outer loop
      vertex 127.546 43.7312 0
      vertex 140.454 43.7312 0
      vertex 140.586 43.5858 0
    endloop
  endfacet
  facet normal 0 0 -1
    outer loop
      vertex 127.414 43.5858 0
      vertex 140.586 43.5858 0
      vertex 140.731 43.454 0
    endloop
  endfacet
  facet normal 0 0 -1
    outer loop
      vertex 127.269 43.454 0
      vertex 140.731 43.454 0
      vertex 140.889 43.3371 0
    endloop
  endfacet
  facet normal 0 0 -1
    outer loop
      vertex 127.111 43.3371 0
      vertex 140.889 43.3371 0
      vertex 141.057 43.2362 0
    endloop
  endfacet
  facet normal 0 0 -1
    outer loop
      vertex 120 28 0
      vertex 141.057 43.2362 0
      vertex 141.235 43.1522 0
    endloop
  endfacet
  facet normal -0 0 -1
    outer loop
      vertex 141.419 43.0861 0
      vertex 120 28 0
      vertex 141.235 43.1522 0
    endloop
  endfacet
  facet normal 0 0 -1
    outer loop
      vertex 140.01 44.804 0
      vertex 127.99 44.804 0
      vertex 128 45 0
    endloop
  endfacet
  facet normal 0 0 -1
    outer loop
      vertex 140.038 44.6098 0
      vertex 127.962 44.6098 0
      vertex 127.99 44.804 0
    endloop
  endfacet
  facet normal 0 0 -1
    outer loop
      vertex 140.086 44.4194 0
      vertex 127.914 44.4194 0
      vertex 127.962 44.6098 0
    endloop
  endfacet
  facet normal 0 0 -1
    outer loop
      vertex 140.152 44.2346 0
      vertex 127.848 44.2346 0
      vertex 127.914 44.4194 0
    endloop
  endfacet
  facet normal 0 0 -1
    outer loop
      vertex 140.236 44.0572 0
      vertex 127.764 44.0572 0
      vertex 127.848 44.2346 0
    endloop
  endfacet
  facet normal 0 0 -1
    outer loop
      vertex 140.337 43.8889 0
      vertex 127.663 43.8889 0
      vertex 127.764 44.0572 0
    endloop
  endfacet
  facet normal 0 0 -1
    outer loop
      vertex 140.454 43.7312 0
      vertex 127.546 43.7312 0
      vertex 127.663 43.8889 0
    endloop
  endfacet
  facet normal 0 0 -1
    outer loop
      vertex 140.586 43.5858 0
      vertex 127.414 43.5858 0
      vertex 127.546 43.7312 0
    endloop
  endfacet
  facet normal -0 0 -1
    outer loop
      vertex 141.057 43.2362 0
      vertex 120 28 0
      vertex 126.943 43.2362 0
    endloop
  endfacet
  facet normal 0 0 -1
    outer loop
      vertex 140.731 43.454 0
      vertex 127.269 43.454 0
      vertex 127.414 43.5858 0
    endloop
  endfacet
  facet normal 0 0 -1
    outer loop
      vertex 140.889 43.3371 0
      vertex 127.111 43.3371 0
      vertex 127.269 43.454 0
    endloop
  endfacet
  facet normal 0 0 -1
    outer loop
      vertex 141.057 43.2362 0
      vertex 126.943 43.2362 0
      vertex 127.111 43.3371 0
    endloop
  endfacet
  facet normal 0 0 -1
    outer loop
      vertex 126.943 43.2362 0
      vertex 120 28 0
      vertex 126.765 43.1522 0
    endloop
  endfacet
  facet normal 0 0 -1
    outer loop
      vertex 126.765 43.1522 0
      vertex 120 28 0
      vertex 126.581 43.0861 0
    endloop
  endfacet
  facet normal 0 0 -1
    outer loop
      vertex 126.581 43.0861 0
      vertex 120 28 0
      vertex 126.39 43.0384 0
    endloop
  endfacet
  facet normal 0 0 -1
    outer loop
      vertex 126.39 43.0384 0
      vertex 120 28 0
      vertex 126.196 43.0096 0
    endloop
  endfacet
  facet normal 0 0 -1
    outer loop
      vertex 126.196 43.0096 0
      vertex 120 28 0
      vertex 126 43 0
    endloop
  endfacet
  facet normal -0 0 -1
    outer loop
      vertex 126 43 0
      vertex 120 28 0
      vertex 125.804 43.0096 0
    endloop
  endfacet
  facet normal -0 0 -1
    outer loop
      vertex 125.804 43.0096 0
      vertex 120 28 0
      vertex 125.61 43.0384 0
    endloop
  endfacet
  facet normal 0 0 -1
    outer loop
      vertex 124.152 44.2346 0
      vertex 111.848 44.2346 0
      vertex 124.086 44.4194 0
    endloop
  endfacet
  facet normal 0 -0 -1
    outer loop
      vertex 111.848 44.2346 0
      vertex 124.152 44.2346 0
      vertex 111.764 44.0572 0
    endloop
  endfacet
  facet normal 0 0 -1
    outer loop
      vertex 124.236 44.0572 0
      vertex 111.764 44.0572 0
      vertex 124.152 44.2346 0
    endloop
  endfacet
  facet normal 0 -0 -1
    outer loop
      vertex 111.764 44.0572 0
      vertex 124.236 44.0572 0
      vertex 111.663 43.8889 0
    endloop
  endfacet
  facet normal 0 0 -1
    outer loop
      vertex 124.337 43.8889 0
      vertex 111.663 43.8889 0
      vertex 124.236 44.0572 0
    endloop
  endfacet
  facet normal 0 -0 -1
    outer loop
      vertex 111.663 43.8889 0
      vertex 124.337 43.8889 0
      vertex 111.546 43.7312 0
    endloop
  endfacet
  facet normal 0 0 -1
    outer loop
      vertex 124.454 43.7312 0
      vertex 111.546 43.7312 0
      vertex 124.337 43.8889 0
    endloop
  endfacet
  facet normal 0 0 -1
    outer loop
      vertex 124.586 43.5858 0
      vertex 111.546 43.7312 0
      vertex 124.454 43.7312 0
    endloop
  endfacet
  facet normal 0 0 -1
    outer loop
      vertex 111.546 43.7312 0
      vertex 124.586 43.5858 0
      vertex 120 28 0
    endloop
  endfacet
  facet normal -0 0 -1
    outer loop
      vertex 124.731 43.454 0
      vertex 120 28 0
      vertex 124.586 43.5858 0
    endloop
  endfacet
  facet normal -0 0 -1
    outer loop
      vertex 124.889 43.3371 0
      vertex 120 28 0
      vertex 124.731 43.454 0
    endloop
  endfacet
  facet normal -0 0 -1
    outer loop
      vertex 125.057 43.2362 0
      vertex 120 28 0
      vertex 124.889 43.3371 0
    endloop
  endfacet
  facet normal -0 0 -1
    outer loop
      vertex 125.235 43.1522 0
      vertex 120 28 0
      vertex 125.057 43.2362 0
    endloop
  endfacet
  facet normal -0 0 -1
    outer loop
      vertex 125.419 43.0861 0
      vertex 120 28 0
      vertex 125.235 43.1522 0
    endloop
  endfacet
  facet normal -0 0 -1
    outer loop
      vertex 125.61 43.0384 0
      vertex 120 28 0
      vertex 125.419 43.0861 0
    endloop
  endfacet
  facet normal 0 0 -1
    outer loop
      vertex 293.7 6.3 0
      vertex 293.167 8.83165 0
      vertex 293.7 143.7 0
    endloop
  endfacet
  facet normal 0 0 -1
    outer loop
      vertex 293.7 143.7 0
      vertex 293.192 141.333 0
      vertex 293.2 141.5 0
    endloop
  endfacet
  facet normal 0 0 -1
    outer loop
      vertex 293.167 141.168 0
      vertex 293.7 143.7 0
      vertex 293.167 8.83165 0
    endloop
  endfacet
  facet normal 0 0 -1
    outer loop
      vertex 293.7 143.7 0
      vertex 293.167 141.168 0
      vertex 293.192 141.333 0
    endloop
  endfacet
  facet normal 0 0 -1
    outer loop
      vertex 293.127 8.99348 0
      vertex 293.167 141.168 0
      vertex 293.167 8.83165 0
    endloop
  endfacet
  facet normal 0 0 -1
    outer loop
      vertex 293.127 8.99348 0
      vertex 293.127 141.007 0
      vertex 293.167 141.168 0
    endloop
  endfacet
  facet normal 0 0 -1
    outer loop
      vertex 293.071 9.15056 0
      vertex 293.127 141.007 0
      vertex 293.127 8.99348 0
    endloop
  endfacet
  facet normal 0 0 -1
    outer loop
      vertex 293.071 9.15056 0
      vertex 293.071 140.849 0
      vertex 293.127 141.007 0
    endloop
  endfacet
  facet normal 0 0 -1
    outer loop
      vertex 292.999 9.30137 0
      vertex 293.071 140.849 0
      vertex 293.071 9.15056 0
    endloop
  endfacet
  facet normal 0 0 -1
    outer loop
      vertex 292.999 9.30137 0
      vertex 292.999 140.699 0
      vertex 293.071 140.849 0
    endloop
  endfacet
  facet normal 0 0 -1
    outer loop
      vertex 292.914 9.44447 0
      vertex 292.999 140.699 0
      vertex 292.999 9.30137 0
    endloop
  endfacet
  facet normal 0 0 -1
    outer loop
      vertex 292.914 9.44447 0
      vertex 292.914 140.556 0
      vertex 292.999 140.699 0
    endloop
  endfacet
  facet normal 0 0 -1
    outer loop
      vertex 292.814 9.57847 0
      vertex 292.914 140.556 0
      vertex 292.914 9.44447 0
    endloop
  endfacet
  facet normal 0 0 -1
    outer loop
      vertex 292.814 9.57847 0
      vertex 292.814 140.422 0
      vertex 292.914 140.556 0
    endloop
  endfacet
  facet normal 0 0 -1
    outer loop
      vertex 292.702 9.70208 0
      vertex 292.814 140.422 0
      vertex 292.814 9.57847 0
    endloop
  endfacet
  facet normal 0 0 -1
    outer loop
      vertex 292.702 9.70208 0
      vertex 292.702 140.298 0
      vertex 292.814 140.422 0
    endloop
  endfacet
  facet normal 0 0 -1
    outer loop
      vertex 292.578 9.81412 0
      vertex 292.702 140.298 0
      vertex 292.702 9.70208 0
    endloop
  endfacet
  facet normal 0 0 -1
    outer loop
      vertex 292.578 9.81412 0
      vertex 292.578 140.186 0
      vertex 292.702 140.298 0
    endloop
  endfacet
  facet normal 0 0 -1
    outer loop
      vertex 292.444 9.9135 0
      vertex 292.578 140.186 0
      vertex 292.578 9.81412 0
    endloop
  endfacet
  facet normal 0 0 -1
    outer loop
      vertex 292.444 9.9135 0
      vertex 292.444 140.087 0
      vertex 292.578 140.186 0
    endloop
  endfacet
  facet normal 0 0 -1
    outer loop
      vertex 292.301 9.99927 0
      vertex 292.444 140.087 0
      vertex 292.444 9.9135 0
    endloop
  endfacet
  facet normal 0 0 -1
    outer loop
      vertex 292.301 9.99927 0
      vertex 292.301 140.001 0
      vertex 292.444 140.087 0
    endloop
  endfacet
  facet normal 0 0 -1
    outer loop
      vertex 292.151 10.0706 0
      vertex 292.301 140.001 0
      vertex 292.301 9.99927 0
    endloop
  endfacet
  facet normal 0 0 -1
    outer loop
      vertex 292.151 10.0706 0
      vertex 292.151 139.929 0
      vertex 292.301 140.001 0
    endloop
  endfacet
  facet normal 0 0 -1
    outer loop
      vertex 291.993 10.1268 0
      vertex 292.151 139.929 0
      vertex 292.151 10.0706 0
    endloop
  endfacet
  facet normal 0 0 -1
    outer loop
      vertex 291.993 10.1268 0
      vertex 291.993 139.873 0
      vertex 292.151 139.929 0
    endloop
  endfacet
  facet normal 0 0 -1
    outer loop
      vertex 291.832 10.1673 0
      vertex 291.993 139.873 0
      vertex 291.993 10.1268 0
    endloop
  endfacet
  facet normal 0 0 -1
    outer loop
      vertex 291.832 10.1673 0
      vertex 291.832 139.833 0
      vertex 291.993 139.873 0
    endloop
  endfacet
  facet normal 0 0 -1
    outer loop
      vertex 291.667 10.1918 0
      vertex 291.832 139.833 0
      vertex 291.832 10.1673 0
    endloop
  endfacet
  facet normal 0 0 -1
    outer loop
      vertex 291.667 10.1918 0
      vertex 291.667 139.808 0
      vertex 291.832 139.833 0
    endloop
  endfacet
  facet normal 0 0 -1
    outer loop
      vertex 291.5 10.2 0
      vertex 291.667 139.808 0
      vertex 291.667 10.1918 0
    endloop
  endfacet
  facet normal 0 0 -1
    outer loop
      vertex 291.5 10.2 0
      vertex 291.5 139.8 0
      vertex 291.667 139.808 0
    endloop
  endfacet
  facet normal 0 0 -1
    outer loop
      vertex 291.333 10.1918 0
      vertex 291.5 139.8 0
      vertex 291.5 10.2 0
    endloop
  endfacet
  facet normal 0 0 -1
    outer loop
      vertex 291.333 10.1918 0
      vertex 291.333 139.808 0
      vertex 291.5 139.8 0
    endloop
  endfacet
  facet normal 0 0 -1
    outer loop
      vertex 291.168 10.1673 0
      vertex 291.333 139.808 0
      vertex 291.333 10.1918 0
    endloop
  endfacet
  facet normal 0 0 -1
    outer loop
      vertex 291.168 10.1673 0
      vertex 291.168 139.833 0
      vertex 291.333 139.808 0
    endloop
  endfacet
  facet normal 0 0 -1
    outer loop
      vertex 291.007 10.1268 0
      vertex 291.168 139.833 0
      vertex 291.168 10.1673 0
    endloop
  endfacet
  facet normal 0 0 -1
    outer loop
      vertex 291.007 10.1268 0
      vertex 291.007 139.873 0
      vertex 291.168 139.833 0
    endloop
  endfacet
  facet normal 0 0 -1
    outer loop
      vertex 208 45 0
      vertex 291.007 10.1268 0
      vertex 290.849 10.0706 0
    endloop
  endfacet
  facet normal 0 0 -1
    outer loop
      vertex 291.007 10.1268 0
      vertex 208 45 0
      vertex 291.007 139.873 0
    endloop
  endfacet
  facet normal 0 0 -1
    outer loop
      vertex 208 45 0
      vertex 290.849 10.0706 0
      vertex 290.699 9.99927 0
    endloop
  endfacet
  facet normal 0 0 -1
    outer loop
      vertex 208 105 0
      vertex 291.007 139.873 0
      vertex 208 45 0
    endloop
  endfacet
  facet normal 0 0 -1
    outer loop
      vertex 208 45 0
      vertex 290.699 9.99927 0
      vertex 290.556 9.9135 0
    endloop
  endfacet
  facet normal -0 0 -1
    outer loop
      vertex 291.007 139.873 0
      vertex 208 105 0
      vertex 290.849 139.929 0
    endloop
  endfacet
  facet normal 0 0 -1
    outer loop
      vertex 208 45 0
      vertex 290.556 9.9135 0
      vertex 290.422 9.81412 0
    endloop
  endfacet
  facet normal -0 0 -1
    outer loop
      vertex 290.849 139.929 0
      vertex 208 105 0
      vertex 290.699 140.001 0
    endloop
  endfacet
  facet normal 0 0 -1
    outer loop
      vertex 208 45 0
      vertex 290.422 9.81412 0
      vertex 290.298 9.70208 0
    endloop
  endfacet
  facet normal -0 0 -1
    outer loop
      vertex 290.699 140.001 0
      vertex 208 105 0
      vertex 290.556 140.087 0
    endloop
  endfacet
  facet normal 0 0 -1
    outer loop
      vertex 207.99 44.804 0
      vertex 290.298 9.70208 0
      vertex 290.186 9.57847 0
    endloop
  endfacet
  facet normal -0 0 -1
    outer loop
      vertex 290.556 140.087 0
      vertex 208 105 0
      vertex 290.422 140.186 0
    endloop
  endfacet
  facet normal 0 0 -1
    outer loop
      vertex 207.962 44.6098 0
      vertex 290.186 9.57847 0
      vertex 290.086 9.44447 0
    endloop
  endfacet
  facet normal -0 0 -1
    outer loop
      vertex 290.422 140.186 0
      vertex 208 105 0
      vertex 290.298 140.298 0
    endloop
  endfacet
  facet normal 0 0 -1
    outer loop
      vertex 207.914 44.4194 0
      vertex 290.086 9.44447 0
      vertex 290.001 9.30137 0
    endloop
  endfacet
  facet normal 0 0 -1
    outer loop
      vertex 207.99 105.196 0
      vertex 290.298 140.298 0
      vertex 208 105 0
    endloop
  endfacet
  facet normal 0 0 -1
    outer loop
      vertex 207.848 44.2346 0
      vertex 290.001 9.30137 0
      vertex 289.929 9.15056 0
    endloop
  endfacet
  facet normal -0 0 -1
    outer loop
      vertex 290.298 140.298 0
      vertex 207.99 105.196 0
      vertex 290.186 140.422 0
    endloop
  endfacet
  facet normal 0 0 -1
    outer loop
      vertex 207.764 44.0572 0
      vertex 289.929 9.15056 0
      vertex 289.873 8.99348 0
    endloop
  endfacet
  facet normal 0 0 -1
    outer loop
      vertex 207.962 105.39 0
      vertex 290.186 140.422 0
      vertex 207.99 105.196 0
    endloop
  endfacet
  facet normal 0 0 -1
    outer loop
      vertex 207.663 43.8889 0
      vertex 289.873 8.99348 0
      vertex 289.833 8.83165 0
    endloop
  endfacet
  facet normal -0 0 -1
    outer loop
      vertex 290.186 140.422 0
      vertex 207.962 105.39 0
      vertex 290.086 140.556 0
    endloop
  endfacet
  facet normal 0 0 -1
    outer loop
      vertex 207.546 43.7312 0
      vertex 289.833 8.83165 0
      vertex 289.808 8.66663 0
    endloop
  endfacet
  facet normal 0 0 -1
    outer loop
      vertex 207.914 105.581 0
      vertex 290.086 140.556 0
      vertex 207.962 105.39 0
    endloop
  endfacet
  facet normal 0 0 -1
    outer loop
      vertex 207.414 43.5858 0
      vertex 289.808 8.66663 0
      vertex 289.8 8.5 0
    endloop
  endfacet
  facet normal -0 0 -1
    outer loop
      vertex 290.086 140.556 0
      vertex 207.914 105.581 0
      vertex 290.001 140.699 0
    endloop
  endfacet
  facet normal 0 0 -1
    outer loop
      vertex 293.192 8.66663 0
      vertex 293.7 6.3 0
      vertex 293.2 8.5 0
    endloop
  endfacet
  facet normal 0 0 -1
    outer loop
      vertex 293.7 6.3 0
      vertex 293.192 8.33337 0
      vertex 293.2 8.5 0
    endloop
  endfacet
  facet normal 0 0 -1
    outer loop
      vertex 293.7 6.3 0
      vertex 293.167 8.16835 0
      vertex 293.192 8.33337 0
    endloop
  endfacet
  facet normal 0 0 -1
    outer loop
      vertex 293.7 6.3 0
      vertex 293.127 8.00652 0
      vertex 293.167 8.16835 0
    endloop
  endfacet
  facet normal 0 0 -1
    outer loop
      vertex 293.7 6.3 0
      vertex 293.071 7.84944 0
      vertex 293.127 8.00652 0
    endloop
  endfacet
  facet normal 0 0 -1
    outer loop
      vertex 293.7 6.3 0
      vertex 292.999 7.69862 0
      vertex 293.071 7.84944 0
    endloop
  endfacet
  facet normal 0 0 -1
    outer loop
      vertex 293.7 6.3 0
      vertex 292.914 7.55553 0
      vertex 292.999 7.69862 0
    endloop
  endfacet
  facet normal 0 0 -1
    outer loop
      vertex 293.7 6.3 0
      vertex 292.814 7.42153 0
      vertex 292.914 7.55553 0
    endloop
  endfacet
  facet normal 0 0 -1
    outer loop
      vertex 293.7 6.3 0
      vertex 292.702 7.29792 0
      vertex 292.814 7.42153 0
    endloop
  endfacet
  facet normal 0 0 -1
    outer loop
      vertex 293.7 6.3 0
      vertex 292.578 7.18588 0
      vertex 292.702 7.29792 0
    endloop
  endfacet
  facet normal 0 0 -1
    outer loop
      vertex 293.7 6.3 0
      vertex 292.444 7.0865 0
      vertex 292.578 7.18588 0
    endloop
  endfacet
  facet normal 0 0 -1
    outer loop
      vertex 293.7 6.3 0
      vertex 292.301 7.00073 0
      vertex 292.444 7.0865 0
    endloop
  endfacet
  facet normal 0 0 -1
    outer loop
      vertex 293.7 6.3 0
      vertex 292.151 6.9294 0
      vertex 292.301 7.00073 0
    endloop
  endfacet
  facet normal 0 0 -1
    outer loop
      vertex 293.7 6.3 0
      vertex 291.993 6.8732 0
      vertex 292.151 6.9294 0
    endloop
  endfacet
  facet normal 0 0 -1
    outer loop
      vertex 293.7 6.3 0
      vertex 291.832 6.83266 0
      vertex 291.993 6.8732 0
    endloop
  endfacet
  facet normal 0 0 -1
    outer loop
      vertex 293.7 6.3 0
      vertex 291.667 6.80819 0
      vertex 291.832 6.83266 0
    endloop
  endfacet
  facet normal 0 0 -1
    outer loop
      vertex 293.7 6.3 0
      vertex 291.5 6.8 0
      vertex 291.667 6.80819 0
    endloop
  endfacet
  facet normal 0 0 -1
    outer loop
      vertex 293.7 6.3 0
      vertex 291.333 6.80819 0
      vertex 291.5 6.8 0
    endloop
  endfacet
  facet normal 0 0 -1
    outer loop
      vertex 293.7 6.3 0
      vertex 291.168 6.83266 0
      vertex 291.333 6.80819 0
    endloop
  endfacet
  facet normal 0 0 -1
    outer loop
      vertex 207.848 105.765 0
      vertex 290.001 140.699 0
      vertex 207.914 105.581 0
    endloop
  endfacet
  facet normal 0 0 -1
    outer loop
      vertex 207.269 43.454 0
      vertex 289.8 8.5 0
      vertex 289.808 8.33337 0
    endloop
  endfacet
  facet normal 0 0 -1
    outer loop
      vertex 207.111 43.3371 0
      vertex 289.808 8.33337 0
      vertex 289.833 8.16835 0
    endloop
  endfacet
  facet normal 0 0 -1
    outer loop
      vertex 206.943 43.2362 0
      vertex 289.833 8.16835 0
      vertex 289.873 8.00652 0
    endloop
  endfacet
  facet normal 0 0 -1
    outer loop
      vertex 180 12 0
      vertex 289.873 8.00652 0
      vertex 289.929 7.84944 0
    endloop
  endfacet
  facet normal 0 0 -1
    outer loop
      vertex 180 12 0
      vertex 289.929 7.84944 0
      vertex 290.001 7.69862 0
    endloop
  endfacet
  facet normal 0 0 -1
    outer loop
      vertex 180 12 0
      vertex 290.001 7.69862 0
      vertex 290.086 7.55553 0
    endloop
  endfacet
  facet normal 0 0 -1
    outer loop
      vertex 180 12 0
      vertex 290.086 7.55553 0
      vertex 290.186 7.42153 0
    endloop
  endfacet
  facet normal 0 0 -1
    outer loop
      vertex 180 12 0
      vertex 290.186 7.42153 0
      vertex 290.298 7.29792 0
    endloop
  endfacet
  facet normal 0 0 -1
    outer loop
      vertex 180 12 0
      vertex 290.298 7.29792 0
      vertex 290.422 7.18588 0
    endloop
  endfacet
  facet normal 0 0 -1
    outer loop
      vertex 180 12 0
      vertex 290.422 7.18588 0
      vertex 290.556 7.0865 0
    endloop
  endfacet
  facet normal 0 0 -1
    outer loop
      vertex 180 12 0
      vertex 290.556 7.0865 0
      vertex 290.699 7.00073 0
    endloop
  endfacet
  facet normal 0 0 -1
    outer loop
      vertex 180 12 0
      vertex 290.699 7.00073 0
      vertex 290.849 6.9294 0
    endloop
  endfacet
  facet normal 0 0 -1
    outer loop
      vertex 290.298 9.70208 0
      vertex 207.99 44.804 0
      vertex 208 45 0
    endloop
  endfacet
  facet normal 0 0 -1
    outer loop
      vertex 290.186 9.57847 0
      vertex 207.962 44.6098 0
      vertex 207.99 44.804 0
    endloop
  endfacet
  facet normal 0 0 -1
    outer loop
      vertex 290.086 9.44447 0
      vertex 207.914 44.4194 0
      vertex 207.962 44.6098 0
    endloop
  endfacet
  facet normal 0 0 -1
    outer loop
      vertex 290.001 9.30137 0
      vertex 207.848 44.2346 0
      vertex 207.914 44.4194 0
    endloop
  endfacet
  facet normal 0 0 -1
    outer loop
      vertex 289.929 9.15056 0
      vertex 207.764 44.0572 0
      vertex 207.848 44.2346 0
    endloop
  endfacet
  facet normal 0 0 -1
    outer loop
      vertex 289.873 8.99348 0
      vertex 207.663 43.8889 0
      vertex 207.764 44.0572 0
    endloop
  endfacet
  facet normal 0 0 -1
    outer loop
      vertex 289.833 8.83165 0
      vertex 207.546 43.7312 0
      vertex 207.663 43.8889 0
    endloop
  endfacet
  facet normal 0 0 -1
    outer loop
      vertex 289.808 8.66663 0
      vertex 207.414 43.5858 0
      vertex 207.546 43.7312 0
    endloop
  endfacet
  facet normal 0 0 -1
    outer loop
      vertex 289.8 8.5 0
      vertex 207.269 43.454 0
      vertex 207.414 43.5858 0
    endloop
  endfacet
  facet normal 0 0 -1
    outer loop
      vertex 289.808 8.33337 0
      vertex 207.111 43.3371 0
      vertex 207.269 43.454 0
    endloop
  endfacet
  facet normal 0 0 -1
    outer loop
      vertex 289.833 8.16835 0
      vertex 206.943 43.2362 0
      vertex 207.111 43.3371 0
    endloop
  endfacet
  facet normal 0 0 -1
    outer loop
      vertex 289.873 8.00652 0
      vertex 180 12 0
      vertex 206.943 43.2362 0
    endloop
  endfacet
  facet normal 0 0 -1
    outer loop
      vertex 206.943 43.2362 0
      vertex 180 12 0
      vertex 206.765 43.1522 0
    endloop
  endfacet
  facet normal 0 0 -1
    outer loop
      vertex 206.765 43.1522 0
      vertex 180 12 0
      vertex 206.581 43.0861 0
    endloop
  endfacet
  facet normal 0 0 -1
    outer loop
      vertex 206.581 43.0861 0
      vertex 180 12 0
      vertex 206.39 43.0384 0
    endloop
  endfacet
  facet normal 0 0 -1
    outer loop
      vertex 206.39 43.0384 0
      vertex 180 12 0
      vertex 206.196 43.0096 0
    endloop
  endfacet
  facet normal 0 0 -1
    outer loop
      vertex 206.196 43.0096 0
      vertex 180 12 0
      vertex 206 43 0
    endloop
  endfacet
  facet normal -0 0 -1
    outer loop
      vertex 206 43 0
      vertex 180 12 0
      vertex 205.804 43.0096 0
    endloop
  endfacet
  facet normal -0 0 -1
    outer loop
      vertex 205.804 43.0096 0
      vertex 180 12 0
      vertex 205.61 43.0384 0
    endloop
  endfacet
  facet normal 0 0 -1
    outer loop
      vertex 180 28 0
      vertex 205.61 43.0384 0
      vertex 180 12 0
    endloop
  endfacet
  facet normal 0 0 -1
    outer loop
      vertex 204 45 0
      vertex 192 45 0
      vertex 204 105 0
    endloop
  endfacet
  facet normal 0 0 -1
    outer loop
      vertex 204.01 44.804 0
      vertex 192 45 0
      vertex 204 45 0
    endloop
  endfacet
  facet normal 0 0 -1
    outer loop
      vertex 191.99 44.804 0
      vertex 204.01 44.804 0
      vertex 204.038 44.6098 0
    endloop
  endfacet
  facet normal 0 0 -1
    outer loop
      vertex 191.962 44.6098 0
      vertex 204.038 44.6098 0
      vertex 204.086 44.4194 0
    endloop
  endfacet
  facet normal 0 0 -1
    outer loop
      vertex 191.914 44.4194 0
      vertex 204.086 44.4194 0
      vertex 204.152 44.2346 0
    endloop
  endfacet
  facet normal 0 0 -1
    outer loop
      vertex 191.848 44.2346 0
      vertex 204.152 44.2346 0
      vertex 204.236 44.0572 0
    endloop
  endfacet
  facet normal 0 0 -1
    outer loop
      vertex 191.764 44.0572 0
      vertex 204.236 44.0572 0
      vertex 204.337 43.8889 0
    endloop
  endfacet
  facet normal 0 0 -1
    outer loop
      vertex 191.663 43.8889 0
      vertex 204.337 43.8889 0
      vertex 204.454 43.7312 0
    endloop
  endfacet
  facet normal 0 0 -1
    outer loop
      vertex 191.546 43.7312 0
      vertex 204.454 43.7312 0
      vertex 204.586 43.5858 0
    endloop
  endfacet
  facet normal 0 0 -1
    outer loop
      vertex 191.414 43.5858 0
      vertex 204.586 43.5858 0
      vertex 204.731 43.454 0
    endloop
  endfacet
  facet normal 0 0 -1
    outer loop
      vertex 191.269 43.454 0
      vertex 204.731 43.454 0
      vertex 204.889 43.3371 0
    endloop
  endfacet
  facet normal 0 0 -1
    outer loop
      vertex 191.111 43.3371 0
      vertex 204.889 43.3371 0
      vertex 205.057 43.2362 0
    endloop
  endfacet
  facet normal 0 0 -1
    outer loop
      vertex 190.943 43.2362 0
      vertex 205.057 43.2362 0
      vertex 205.235 43.1522 0
    endloop
  endfacet
  facet normal -0 0 -1
    outer loop
      vertex 205.61 43.0384 0
      vertex 180 28 0
      vertex 205.419 43.0861 0
    endloop
  endfacet
  facet normal 0 0 -1
    outer loop
      vertex 204.01 44.804 0
      vertex 191.99 44.804 0
      vertex 192 45 0
    endloop
  endfacet
  facet normal 0 0 -1
    outer loop
      vertex 204.038 44.6098 0
      vertex 191.962 44.6098 0
      vertex 191.99 44.804 0
    endloop
  endfacet
  facet normal 0 0 -1
    outer loop
      vertex 204.086 44.4194 0
      vertex 191.914 44.4194 0
      vertex 191.962 44.6098 0
    endloop
  endfacet
  facet normal 0 0 -1
    outer loop
      vertex 204.152 44.2346 0
      vertex 191.848 44.2346 0
      vertex 191.914 44.4194 0
    endloop
  endfacet
  facet normal 0 0 -1
    outer loop
      vertex 204.236 44.0572 0
      vertex 191.764 44.0572 0
      vertex 191.848 44.2346 0
    endloop
  endfacet
  facet normal 0 0 -1
    outer loop
      vertex 204.337 43.8889 0
      vertex 191.663 43.8889 0
      vertex 191.764 44.0572 0
    endloop
  endfacet
  facet normal 0 0 -1
    outer loop
      vertex 204.454 43.7312 0
      vertex 191.546 43.7312 0
      vertex 191.663 43.8889 0
    endloop
  endfacet
  facet normal -0 0 -1
    outer loop
      vertex 205.419 43.0861 0
      vertex 180 28 0
      vertex 205.235 43.1522 0
    endloop
  endfacet
  facet normal 0 0 -1
    outer loop
      vertex 204.586 43.5858 0
      vertex 191.414 43.5858 0
      vertex 191.546 43.7312 0
    endloop
  endfacet
  facet normal 0 0 -1
    outer loop
      vertex 204.731 43.454 0
      vertex 191.269 43.454 0
      vertex 191.414 43.5858 0
    endloop
  endfacet
  facet normal 0 0 -1
    outer loop
      vertex 204.889 43.3371 0
      vertex 191.111 43.3371 0
      vertex 191.269 43.454 0
    endloop
  endfacet
  facet normal 0 -0 -1
    outer loop
      vertex 190.765 43.1522 0
      vertex 205.235 43.1522 0
      vertex 180 28 0
    endloop
  endfacet
  facet normal 0 0 -1
    outer loop
      vertex 205.057 43.2362 0
      vertex 190.943 43.2362 0
      vertex 191.111 43.3371 0
    endloop
  endfacet
  facet normal 0 0 -1
    outer loop
      vertex 205.235 43.1522 0
      vertex 190.765 43.1522 0
      vertex 190.943 43.2362 0
    endloop
  endfacet
  facet normal 0 0 -1
    outer loop
      vertex 190.765 43.1522 0
      vertex 180 28 0
      vertex 190.581 43.0861 0
    endloop
  endfacet
  facet normal 0 0 -1
    outer loop
      vertex 190.581 43.0861 0
      vertex 180 28 0
      vertex 190.39 43.0384 0
    endloop
  endfacet
  facet normal 0 0 -1
    outer loop
      vertex 180 12 0
      vertex 290.849 6.9294 0
      vertex 291.007 6.8732 0
    endloop
  endfacet
  facet normal 0 0 -1
    outer loop
      vertex 190.39 43.0384 0
      vertex 180 28 0
      vertex 190.196 43.0096 0
    endloop
  endfacet
  facet normal 0 0 -1
    outer loop
      vertex 190.196 43.0096 0
      vertex 180 28 0
      vertex 190 43 0
    endloop
  endfacet
  facet normal -0 0 -1
    outer loop
      vertex 190 43 0
      vertex 180 28 0
      vertex 189.804 43.0096 0
    endloop
  endfacet
  facet normal 0 0 -1
    outer loop
      vertex 175.99 44.804 0
      vertex 188.01 44.804 0
      vertex 188.038 44.6098 0
    endloop
  endfacet
  facet normal 0 0 -1
    outer loop
      vertex 175.99 44.804 0
      vertex 188.038 44.6098 0
      vertex 188.086 44.4194 0
    endloop
  endfacet
  facet normal 0 0 -1
    outer loop
      vertex 175.99 44.804 0
      vertex 188.086 44.4194 0
      vertex 188.152 44.2346 0
    endloop
  endfacet
  facet normal 0 0 -1
    outer loop
      vertex 175.99 44.804 0
      vertex 188.152 44.2346 0
      vertex 188.236 44.0572 0
    endloop
  endfacet
  facet normal 0 0 -1
    outer loop
      vertex 175.99 44.804 0
      vertex 188.236 44.0572 0
      vertex 188.337 43.8889 0
    endloop
  endfacet
  facet normal 0 0 -1
    outer loop
      vertex 175.99 44.804 0
      vertex 188.337 43.8889 0
      vertex 188.454 43.7312 0
    endloop
  endfacet
  facet normal 0 0 -1
    outer loop
      vertex 188.586 43.5858 0
      vertex 175.99 44.804 0
      vertex 188.454 43.7312 0
    endloop
  endfacet
  facet normal 0 0 -1
    outer loop
      vertex 175.414 43.5858 0
      vertex 188.586 43.5858 0
      vertex 180 28 0
    endloop
  endfacet
  facet normal -0 0 -1
    outer loop
      vertex 188.731 43.454 0
      vertex 180 28 0
      vertex 188.586 43.5858 0
    endloop
  endfacet
  facet normal -0 0 -1
    outer loop
      vertex 188.889 43.3371 0
      vertex 180 28 0
      vertex 188.731 43.454 0
    endloop
  endfacet
  facet normal -0 0 -1
    outer loop
      vertex 189.057 43.2362 0
      vertex 180 28 0
      vertex 188.889 43.3371 0
    endloop
  endfacet
  facet normal -0 0 -1
    outer loop
      vertex 189.235 43.1522 0
      vertex 180 28 0
      vertex 189.057 43.2362 0
    endloop
  endfacet
  facet normal -0 0 -1
    outer loop
      vertex 189.419 43.0861 0
      vertex 180 28 0
      vertex 189.235 43.1522 0
    endloop
  endfacet
  facet normal -0 0 -1
    outer loop
      vertex 189.61 43.0384 0
      vertex 180 28 0
      vertex 189.419 43.0861 0
    endloop
  endfacet
  facet normal -0 0 -1
    outer loop
      vertex 189.804 43.0096 0
      vertex 180 28 0
      vertex 189.61 43.0384 0
    endloop
  endfacet
  facet normal 0 0 -1
    outer loop
      vertex 291.168 6.83266 0
      vertex 180 12 0
      vertex 291.007 6.8732 0
    endloop
  endfacet
  facet normal 0 0 -1
    outer loop
      vertex 150.332 6.83266 0
      vertex 291.168 6.83266 0
      vertex 293.7 6.3 0
    endloop
  endfacet
  facet normal 0 0 -1
    outer loop
      vertex 291.168 6.83266 0
      vertex 150.332 6.83266 0
      vertex 180 12 0
    endloop
  endfacet
  facet normal 0 0 -1
    outer loop
      vertex 180 12 0
      vertex 151.692 8.33337 0
      vertex 151.7 8.5 0
    endloop
  endfacet
  facet normal 0 0 -1
    outer loop
      vertex 180 12 0
      vertex 151.667 8.16835 0
      vertex 151.692 8.33337 0
    endloop
  endfacet
  facet normal 0 0 -1
    outer loop
      vertex 180 12 0
      vertex 151.627 8.00652 0
      vertex 151.667 8.16835 0
    endloop
  endfacet
  facet normal 0 0 -1
    outer loop
      vertex 180 12 0
      vertex 151.571 7.84944 0
      vertex 151.627 8.00652 0
    endloop
  endfacet
  facet normal 0 0 -1
    outer loop
      vertex 180 12 0
      vertex 151.499 7.69862 0
      vertex 151.571 7.84944 0
    endloop
  endfacet
  facet normal 0 0 -1
    outer loop
      vertex 180 12 0
      vertex 151.413 7.55553 0
      vertex 151.499 7.69862 0
    endloop
  endfacet
  facet normal 0 0 -1
    outer loop
      vertex 180 12 0
      vertex 151.314 7.42153 0
      vertex 151.413 7.55553 0
    endloop
  endfacet
  facet normal 0 0 -1
    outer loop
      vertex 180 12 0
      vertex 151.202 7.29792 0
      vertex 151.314 7.42153 0
    endloop
  endfacet
  facet normal 0 0 -1
    outer loop
      vertex 180 12 0
      vertex 151.078 7.18588 0
      vertex 151.202 7.29792 0
    endloop
  endfacet
  facet normal 0 0 -1
    outer loop
      vertex 180 12 0
      vertex 150.944 7.0865 0
      vertex 151.078 7.18588 0
    endloop
  endfacet
  facet normal 0 0 -1
    outer loop
      vertex 180 12 0
      vertex 150.801 7.00073 0
      vertex 150.944 7.0865 0
    endloop
  endfacet
  facet normal 0 0 -1
    outer loop
      vertex 180 12 0
      vertex 150.651 6.9294 0
      vertex 150.801 7.00073 0
    endloop
  endfacet
  facet normal 0 0 -1
    outer loop
      vertex 180 12 0
      vertex 150.493 6.8732 0
      vertex 150.651 6.9294 0
    endloop
  endfacet
  facet normal 0 0 -1
    outer loop
      vertex 180 12 0
      vertex 150.332 6.83266 0
      vertex 150.493 6.8732 0
    endloop
  endfacet
  facet normal 0 0 -1
    outer loop
      vertex 293.7 6.3 0
      vertex 150.167 6.80819 0
      vertex 150.332 6.83266 0
    endloop
  endfacet
  facet normal 0 0 -1
    outer loop
      vertex 293.7 6.3 0
      vertex 150 6.8 0
      vertex 150.167 6.80819 0
    endloop
  endfacet
  facet normal 0 0 -1
    outer loop
      vertex 148.308 8.33337 0
      vertex 120 12 0
      vertex 148.3 8.5 0
    endloop
  endfacet
  facet normal 0 0 -1
    outer loop
      vertex 148.333 8.16835 0
      vertex 120 12 0
      vertex 148.308 8.33337 0
    endloop
  endfacet
  facet normal 0 0 -1
    outer loop
      vertex 148.373 8.00652 0
      vertex 120 12 0
      vertex 148.333 8.16835 0
    endloop
  endfacet
  facet normal 0 0 -1
    outer loop
      vertex 148.429 7.84944 0
      vertex 120 12 0
      vertex 148.373 8.00652 0
    endloop
  endfacet
  facet normal 0 0 -1
    outer loop
      vertex 148.501 7.69862 0
      vertex 120 12 0
      vertex 148.429 7.84944 0
    endloop
  endfacet
  facet normal 0 0 -1
    outer loop
      vertex 148.587 7.55553 0
      vertex 120 12 0
      vertex 148.501 7.69862 0
    endloop
  endfacet
  facet normal 0 0 -1
    outer loop
      vertex 148.686 7.42153 0
      vertex 120 12 0
      vertex 148.587 7.55553 0
    endloop
  endfacet
  facet normal 0 0 -1
    outer loop
      vertex 148.798 7.29792 0
      vertex 120 12 0
      vertex 148.686 7.42153 0
    endloop
  endfacet
  facet normal 0 0 -1
    outer loop
      vertex 148.922 7.18588 0
      vertex 120 12 0
      vertex 148.798 7.29792 0
    endloop
  endfacet
  facet normal 0 0 -1
    outer loop
      vertex 149.056 7.0865 0
      vertex 120 12 0
      vertex 148.922 7.18588 0
    endloop
  endfacet
  facet normal 0 0 -1
    outer loop
      vertex 149.199 7.00073 0
      vertex 120 12 0
      vertex 149.056 7.0865 0
    endloop
  endfacet
  facet normal 0 0 -1
    outer loop
      vertex 149.349 6.9294 0
      vertex 120 12 0
      vertex 149.199 7.00073 0
    endloop
  endfacet
  facet normal 0 0 -1
    outer loop
      vertex 149.507 6.8732 0
      vertex 120 12 0
      vertex 149.349 6.9294 0
    endloop
  endfacet
  facet normal 0 0 -1
    outer loop
      vertex 149.668 6.83266 0
      vertex 120 12 0
      vertex 149.507 6.8732 0
    endloop
  endfacet
  facet normal 0 0 -1
    outer loop
      vertex 94.3902 43.0384 0
      vertex 120 28 0
      vertex 120 12 0
    endloop
  endfacet
  facet normal -0 0 -1
    outer loop
      vertex 124 45 0
      vertex 111.99 44.804 0
      vertex 112 45 0
    endloop
  endfacet
  facet normal 0 0 -1
    outer loop
      vertex 124.01 44.804 0
      vertex 111.99 44.804 0
      vertex 124 45 0
    endloop
  endfacet
  facet normal 0 -0 -1
    outer loop
      vertex 111.99 44.804 0
      vertex 124.01 44.804 0
      vertex 111.962 44.6098 0
    endloop
  endfacet
  facet normal 0 0 -1
    outer loop
      vertex 124.038 44.6098 0
      vertex 111.962 44.6098 0
      vertex 124.01 44.804 0
    endloop
  endfacet
  facet normal 0 -0 -1
    outer loop
      vertex 111.962 44.6098 0
      vertex 124.038 44.6098 0
      vertex 111.914 44.4194 0
    endloop
  endfacet
  facet normal 0 0 -1
    outer loop
      vertex 124.086 44.4194 0
      vertex 111.914 44.4194 0
      vertex 124.038 44.6098 0
    endloop
  endfacet
  facet normal 0 -0 -1
    outer loop
      vertex 111.914 44.4194 0
      vertex 124.086 44.4194 0
      vertex 111.848 44.2346 0
    endloop
  endfacet
  facet normal 0 0 -1
    outer loop
      vertex 120 28 0
      vertex 111.414 43.5858 0
      vertex 111.546 43.7312 0
    endloop
  endfacet
  facet normal 0 0 -1
    outer loop
      vertex 120 28 0
      vertex 111.269 43.454 0
      vertex 111.414 43.5858 0
    endloop
  endfacet
  facet normal 0 0 -1
    outer loop
      vertex 120 28 0
      vertex 111.111 43.3371 0
      vertex 111.269 43.454 0
    endloop
  endfacet
  facet normal 0 0 -1
    outer loop
      vertex 120 28 0
      vertex 110.943 43.2362 0
      vertex 111.111 43.3371 0
    endloop
  endfacet
  facet normal 0 0 -1
    outer loop
      vertex 120 28 0
      vertex 110.765 43.1522 0
      vertex 110.943 43.2362 0
    endloop
  endfacet
  facet normal 0 0 -1
    outer loop
      vertex 120 28 0
      vertex 110.581 43.0861 0
      vertex 110.765 43.1522 0
    endloop
  endfacet
  facet normal 0 0 -1
    outer loop
      vertex 120 28 0
      vertex 110.39 43.0384 0
      vertex 110.581 43.0861 0
    endloop
  endfacet
  facet normal 0 0 -1
    outer loop
      vertex 120 28 0
      vertex 110.196 43.0096 0
      vertex 110.39 43.0384 0
    endloop
  endfacet
  facet normal 0 0 -1
    outer loop
      vertex 120 28 0
      vertex 110 43 0
      vertex 110.196 43.0096 0
    endloop
  endfacet
  facet normal 0 0 -1
    outer loop
      vertex 120 28 0
      vertex 109.804 43.0096 0
      vertex 110 43 0
    endloop
  endfacet
  facet normal 0 0 -1
    outer loop
      vertex 120 28 0
      vertex 109.61 43.0384 0
      vertex 109.804 43.0096 0
    endloop
  endfacet
  facet normal 0 0 -1
    outer loop
      vertex 120 28 0
      vertex 109.419 43.0861 0
      vertex 109.61 43.0384 0
    endloop
  endfacet
  facet normal 0 0 -1
    outer loop
      vertex 120 28 0
      vertex 109.235 43.1522 0
      vertex 109.419 43.0861 0
    endloop
  endfacet
  facet normal 0 0 -1
    outer loop
      vertex 120 28 0
      vertex 94.7654 43.1522 0
      vertex 109.235 43.1522 0
    endloop
  endfacet
  facet normal 0 0 -1
    outer loop
      vertex 109.235 43.1522 0
      vertex 94.7654 43.1522 0
      vertex 109.057 43.2362 0
    endloop
  endfacet
  facet normal 0 -0 -1
    outer loop
      vertex 94.9428 43.2362 0
      vertex 109.057 43.2362 0
      vertex 94.7654 43.1522 0
    endloop
  endfacet
  facet normal 0 0 -1
    outer loop
      vertex 109.057 43.2362 0
      vertex 94.9428 43.2362 0
      vertex 108.889 43.3371 0
    endloop
  endfacet
  facet normal 0 -0 -1
    outer loop
      vertex 95.1111 43.3371 0
      vertex 108.889 43.3371 0
      vertex 94.9428 43.2362 0
    endloop
  endfacet
  facet normal 0 0 -1
    outer loop
      vertex 108.889 43.3371 0
      vertex 95.1111 43.3371 0
      vertex 108.731 43.454 0
    endloop
  endfacet
  facet normal 0 -0 -1
    outer loop
      vertex 95.2688 43.454 0
      vertex 108.731 43.454 0
      vertex 95.1111 43.3371 0
    endloop
  endfacet
  facet normal 0 0 -1
    outer loop
      vertex 108.731 43.454 0
      vertex 95.2688 43.454 0
      vertex 108.586 43.5858 0
    endloop
  endfacet
  facet normal 0 0 -1
    outer loop
      vertex 108 45 0
      vertex 96 45 0
      vertex 108 105 0
    endloop
  endfacet
  facet normal 0 0 -1
    outer loop
      vertex 108.01 44.804 0
      vertex 96 45 0
      vertex 108 45 0
    endloop
  endfacet
  facet normal 0 0 -1
    outer loop
      vertex 95.9904 44.804 0
      vertex 108.01 44.804 0
      vertex 108.038 44.6098 0
    endloop
  endfacet
  facet normal 0 0 -1
    outer loop
      vertex 95.9616 44.6098 0
      vertex 108.038 44.6098 0
      vertex 108.086 44.4194 0
    endloop
  endfacet
  facet normal 0 0 -1
    outer loop
      vertex 95.9139 44.4194 0
      vertex 108.086 44.4194 0
      vertex 108.152 44.2346 0
    endloop
  endfacet
  facet normal 0 -0 -1
    outer loop
      vertex 95.4142 43.5858 0
      vertex 108.586 43.5858 0
      vertex 95.2688 43.454 0
    endloop
  endfacet
  facet normal 0 0 -1
    outer loop
      vertex 108.01 44.804 0
      vertex 95.9904 44.804 0
      vertex 96 45 0
    endloop
  endfacet
  facet normal 0 0 -1
    outer loop
      vertex 108.038 44.6098 0
      vertex 95.9616 44.6098 0
      vertex 95.9904 44.804 0
    endloop
  endfacet
  facet normal 0 0 -1
    outer loop
      vertex 108.086 44.4194 0
      vertex 95.9139 44.4194 0
      vertex 95.9616 44.6098 0
    endloop
  endfacet
  facet normal 0 0 -1
    outer loop
      vertex 108.152 44.2346 0
      vertex 95.8478 44.2346 0
      vertex 95.9139 44.4194 0
    endloop
  endfacet
  facet normal -0 0 -1
    outer loop
      vertex 108.152 44.2346 0
      vertex 95.7638 44.0572 0
      vertex 95.8478 44.2346 0
    endloop
  endfacet
  facet normal 0 0 -1
    outer loop
      vertex 108.236 44.0572 0
      vertex 95.7638 44.0572 0
      vertex 108.152 44.2346 0
    endloop
  endfacet
  facet normal 0 -0 -1
    outer loop
      vertex 95.7638 44.0572 0
      vertex 108.236 44.0572 0
      vertex 95.6629 43.8889 0
    endloop
  endfacet
  facet normal 0 0 -1
    outer loop
      vertex 108.337 43.8889 0
      vertex 95.6629 43.8889 0
      vertex 108.236 44.0572 0
    endloop
  endfacet
  facet normal 0 -0 -1
    outer loop
      vertex 95.6629 43.8889 0
      vertex 108.337 43.8889 0
      vertex 95.546 43.7312 0
    endloop
  endfacet
  facet normal 0 0 -1
    outer loop
      vertex 108.454 43.7312 0
      vertex 95.546 43.7312 0
      vertex 108.337 43.8889 0
    endloop
  endfacet
  facet normal 0 -0 -1
    outer loop
      vertex 95.546 43.7312 0
      vertex 108.454 43.7312 0
      vertex 95.4142 43.5858 0
    endloop
  endfacet
  facet normal 0 0 -1
    outer loop
      vertex 108.586 43.5858 0
      vertex 95.4142 43.5858 0
      vertex 108.454 43.7312 0
    endloop
  endfacet
  facet normal 0 0 -1
    outer loop
      vertex 120 28 0
      vertex 94.5806 43.0861 0
      vertex 94.7654 43.1522 0
    endloop
  endfacet
  facet normal 0 0 -1
    outer loop
      vertex 120 28 0
      vertex 94.3902 43.0384 0
      vertex 94.5806 43.0861 0
    endloop
  endfacet
  facet normal 0 0 -1
    outer loop
      vertex 120 12 0
      vertex 94.196 43.0096 0
      vertex 94.3902 43.0384 0
    endloop
  endfacet
  facet normal 0 0 -1
    outer loop
      vertex 120 12 0
      vertex 94 43 0
      vertex 94.196 43.0096 0
    endloop
  endfacet
  facet normal 0 0 -1
    outer loop
      vertex 120 12 0
      vertex 93.804 43.0096 0
      vertex 94 43 0
    endloop
  endfacet
  facet normal 0 0 -1
    outer loop
      vertex 120 12 0
      vertex 93.6098 43.0384 0
      vertex 93.804 43.0096 0
    endloop
  endfacet
  facet normal 0 0 -1
    outer loop
      vertex 120 12 0
      vertex 93.4194 43.0861 0
      vertex 93.6098 43.0384 0
    endloop
  endfacet
  facet normal 0 0 -1
    outer loop
      vertex 120 12 0
      vertex 93.2346 43.1522 0
      vertex 93.4194 43.0861 0
    endloop
  endfacet
  facet normal 0 0 -1
    outer loop
      vertex 120 12 0
      vertex 93.0572 43.2362 0
      vertex 93.2346 43.1522 0
    endloop
  endfacet
  facet normal 0 0 -1
    outer loop
      vertex 10.1268 8.00652 0
      vertex 93.0572 43.2362 0
      vertex 120 12 0
    endloop
  endfacet
  facet normal 0 -0 -1
    outer loop
      vertex 10.1673 8.16835 0
      vertex 93.0572 43.2362 0
      vertex 10.1268 8.00652 0
    endloop
  endfacet
  facet normal -0 0 -1
    outer loop
      vertex 93.0572 43.2362 0
      vertex 10.1673 8.16835 0
      vertex 92.8889 43.3371 0
    endloop
  endfacet
  facet normal 0 -0 -1
    outer loop
      vertex 10.1918 8.33337 0
      vertex 92.8889 43.3371 0
      vertex 10.1673 8.16835 0
    endloop
  endfacet
  facet normal 0 0 -1
    outer loop
      vertex 9.99927 9.30137 0
      vertex 92.1522 44.2346 0
      vertex 10.0706 9.15056 0
    endloop
  endfacet
  facet normal -0 0 -1
    outer loop
      vertex 92.2362 44.0572 0
      vertex 10.0706 9.15056 0
      vertex 92.1522 44.2346 0
    endloop
  endfacet
  facet normal 0 0 -1
    outer loop
      vertex 10.0706 9.15056 0
      vertex 92.2362 44.0572 0
      vertex 10.1268 8.99348 0
    endloop
  endfacet
  facet normal -0 0 -1
    outer loop
      vertex 92.3371 43.8889 0
      vertex 10.1268 8.99348 0
      vertex 92.2362 44.0572 0
    endloop
  endfacet
  facet normal 0 0 -1
    outer loop
      vertex 10.1268 8.99348 0
      vertex 92.3371 43.8889 0
      vertex 10.1673 8.83165 0
    endloop
  endfacet
  facet normal -0 0 -1
    outer loop
      vertex 92.454 43.7312 0
      vertex 10.1673 8.83165 0
      vertex 92.3371 43.8889 0
    endloop
  endfacet
  facet normal 0 0 -1
    outer loop
      vertex 10.1673 8.83165 0
      vertex 92.454 43.7312 0
      vertex 10.1918 8.66663 0
    endloop
  endfacet
  facet normal -0 0 -1
    outer loop
      vertex 92.5858 43.5858 0
      vertex 10.1918 8.66663 0
      vertex 92.454 43.7312 0
    endloop
  endfacet
  facet normal -0 0 -1
    outer loop
      vertex 92.8889 43.3371 0
      vertex 10.1918 8.33337 0
      vertex 92.7312 43.454 0
    endloop
  endfacet
  facet normal 0 0 -1
    outer loop
      vertex 8.83165 6.83266 0
      vertex 120 12 0
      vertex 149.668 6.83266 0
    endloop
  endfacet
  facet normal 0 0 -1
    outer loop
      vertex 6.3 6.3 0
      vertex 149.668 6.83266 0
      vertex 149.833 6.80819 0
    endloop
  endfacet
  facet normal 0 0 -1
    outer loop
      vertex 6.3 6.3 0
      vertex 149.833 6.80819 0
      vertex 150 6.8 0
    endloop
  endfacet
  facet normal 0 0 -1
    outer loop
      vertex 10.1918 8.66663 0
      vertex 92.5858 43.5858 0
      vertex 10.2 8.5 0
    endloop
  endfacet
  facet normal -0 0 -1
    outer loop
      vertex 92.7312 43.454 0
      vertex 10.2 8.5 0
      vertex 92.5858 43.5858 0
    endloop
  endfacet
  facet normal 0 -0 -1
    outer loop
      vertex 10.2 8.5 0
      vertex 92.7312 43.454 0
      vertex 10.1918 8.33337 0
    endloop
  endfacet
  facet normal 0 0 -1
    outer loop
      vertex 120 12 0
      vertex 10.0706 7.84944 0
      vertex 10.1268 8.00652 0
    endloop
  endfacet
  facet normal 0 0 -1
    outer loop
      vertex 120 12 0
      vertex 9.99927 7.69862 0
      vertex 10.0706 7.84944 0
    endloop
  endfacet
  facet normal 0 0 -1
    outer loop
      vertex 120 12 0
      vertex 9.9135 7.55553 0
      vertex 9.99927 7.69862 0
    endloop
  endfacet
  facet normal 0 0 -1
    outer loop
      vertex 120 12 0
      vertex 9.81412 7.42153 0
      vertex 9.9135 7.55553 0
    endloop
  endfacet
  facet normal 0 0 -1
    outer loop
      vertex 120 12 0
      vertex 9.70208 7.29792 0
      vertex 9.81412 7.42153 0
    endloop
  endfacet
  facet normal 0 0 -1
    outer loop
      vertex 120 12 0
      vertex 9.57847 7.18588 0
      vertex 9.70208 7.29792 0
    endloop
  endfacet
  facet normal 0 0 -1
    outer loop
      vertex 6.3 6.3 0
      vertex 150 6.8 0
      vertex 293.7 6.3 0
    endloop
  endfacet
  facet normal 0 0 -1
    outer loop
      vertex 120 12 0
      vertex 9.44447 7.0865 0
      vertex 9.57847 7.18588 0
    endloop
  endfacet
  facet normal 0 0 -1
    outer loop
      vertex 120 12 0
      vertex 9.30137 7.00073 0
      vertex 9.44447 7.0865 0
    endloop
  endfacet
  facet normal 0 0 -1
    outer loop
      vertex 120 12 0
      vertex 9.15056 6.9294 0
      vertex 9.30137 7.00073 0
    endloop
  endfacet
  facet normal 0 0 -1
    outer loop
      vertex 120 12 0
      vertex 8.99348 6.8732 0
      vertex 9.15056 6.9294 0
    endloop
  endfacet
  facet normal 0 0 -1
    outer loop
      vertex 120 12 0
      vertex 8.83165 6.83266 0
      vertex 8.99348 6.8732 0
    endloop
  endfacet
  facet normal -0 0 -1
    outer loop
      vertex 149.668 6.83266 0
      vertex 6.3 6.3 0
      vertex 8.83165 6.83266 0
    endloop
  endfacet
  facet normal 0 0 -1
    outer loop
      vertex 8.83165 6.83266 0
      vertex 6.3 6.3 0
      vertex 8.66663 6.80819 0
    endloop
  endfacet
  facet normal 0 0 -1
    outer loop
      vertex 6.83266 141.168 0
      vertex 6.3 143.7 0
      vertex 6.80819 141.333 0
    endloop
  endfacet
  facet normal -0 0 -1
    outer loop
      vertex 6.80819 8.33337 0
      vertex 6.3 6.3 0
      vertex 6.8 8.5 0
    endloop
  endfacet
  facet normal -0 0 -1
    outer loop
      vertex 6.83266 8.16835 0
      vertex 6.3 6.3 0
      vertex 6.80819 8.33337 0
    endloop
  endfacet
  facet normal -0 0 -1
    outer loop
      vertex 6.8732 8.00652 0
      vertex 6.3 6.3 0
      vertex 6.83266 8.16835 0
    endloop
  endfacet
  facet normal -0 0 -1
    outer loop
      vertex 6.9294 7.84944 0
      vertex 6.3 6.3 0
      vertex 6.8732 8.00652 0
    endloop
  endfacet
  facet normal -0 0 -1
    outer loop
      vertex 7.00073 7.69862 0
      vertex 6.3 6.3 0
      vertex 6.9294 7.84944 0
    endloop
  endfacet
  facet normal -0 0 -1
    outer loop
      vertex 7.0865 7.55553 0
      vertex 6.3 6.3 0
      vertex 7.00073 7.69862 0
    endloop
  endfacet
  facet normal -0 0 -1
    outer loop
      vertex 7.18588 7.42153 0
      vertex 6.3 6.3 0
      vertex 7.0865 7.55553 0
    endloop
  endfacet
  facet normal -0 0 -1
    outer loop
      vertex 7.29792 7.29792 0
      vertex 6.3 6.3 0
      vertex 7.18588 7.42153 0
    endloop
  endfacet
  facet normal -0 0 -1
    outer loop
      vertex 7.42153 7.18588 0
      vertex 6.3 6.3 0
      vertex 7.29792 7.29792 0
    endloop
  endfacet
  facet normal -0 0 -1
    outer loop
      vertex 7.55553 7.0865 0
      vertex 6.3 6.3 0
      vertex 7.42153 7.18588 0
    endloop
  endfacet
  facet normal -0 0 -1
    outer loop
      vertex 7.69862 7.00073 0
      vertex 6.3 6.3 0
      vertex 7.55553 7.0865 0
    endloop
  endfacet
  facet normal -0 0 -1
    outer loop
      vertex 7.84944 6.9294 0
      vertex 6.3 6.3 0
      vertex 7.69862 7.00073 0
    endloop
  endfacet
  facet normal -0 0 -1
    outer loop
      vertex 8.00652 6.8732 0
      vertex 6.3 6.3 0
      vertex 7.84944 6.9294 0
    endloop
  endfacet
  facet normal -0 0 -1
    outer loop
      vertex 8.16835 6.83266 0
      vertex 6.3 6.3 0
      vertex 8.00652 6.8732 0
    endloop
  endfacet
  facet normal -0 0 -1
    outer loop
      vertex 8.33337 6.80819 0
      vertex 6.3 6.3 0
      vertex 8.16835 6.83266 0
    endloop
  endfacet
  facet normal -0 0 -1
    outer loop
      vertex 8.5 6.8 0
      vertex 6.3 6.3 0
      vertex 8.33337 6.80819 0
    endloop
  endfacet
  facet normal 0 0 -1
    outer loop
      vertex 8.66663 6.80819 0
      vertex 6.3 6.3 0
      vertex 8.5 6.8 0
    endloop
  endfacet
  facet normal 0 0 -1
    outer loop
      vertex 293.167 8.83165 0
      vertex 293.7 6.3 0
      vertex 293.192 8.66663 0
    endloop
  endfacet
  facet normal 0 0 -1
    outer loop
      vertex 293.192 141.667 0
      vertex 293.7 143.7 0
      vertex 293.2 141.5 0
    endloop
  endfacet
  facet normal 0 0 -1
    outer loop
      vertex 293.167 141.832 0
      vertex 293.7 143.7 0
      vertex 293.192 141.667 0
    endloop
  endfacet
  facet normal 0 0 -1
    outer loop
      vertex 293.127 141.993 0
      vertex 293.7 143.7 0
      vertex 293.167 141.832 0
    endloop
  endfacet
  facet normal 0 0 -1
    outer loop
      vertex 293.071 142.151 0
      vertex 293.7 143.7 0
      vertex 293.127 141.993 0
    endloop
  endfacet
  facet normal 0 0 -1
    outer loop
      vertex 292.999 142.301 0
      vertex 293.7 143.7 0
      vertex 293.071 142.151 0
    endloop
  endfacet
  facet normal 0 0 -1
    outer loop
      vertex 292.914 142.444 0
      vertex 293.7 143.7 0
      vertex 292.999 142.301 0
    endloop
  endfacet
  facet normal 0 0 -1
    outer loop
      vertex 292.814 142.578 0
      vertex 293.7 143.7 0
      vertex 292.914 142.444 0
    endloop
  endfacet
  facet normal 0 0 -1
    outer loop
      vertex 292.702 142.702 0
      vertex 293.7 143.7 0
      vertex 292.814 142.578 0
    endloop
  endfacet
  facet normal 0 0 -1
    outer loop
      vertex 292.578 142.814 0
      vertex 293.7 143.7 0
      vertex 292.702 142.702 0
    endloop
  endfacet
  facet normal 0 0 -1
    outer loop
      vertex 292.444 142.913 0
      vertex 293.7 143.7 0
      vertex 292.578 142.814 0
    endloop
  endfacet
  facet normal 0 0 -1
    outer loop
      vertex 292.301 142.999 0
      vertex 293.7 143.7 0
      vertex 292.444 142.913 0
    endloop
  endfacet
  facet normal 0 0 -1
    outer loop
      vertex 292.151 143.071 0
      vertex 293.7 143.7 0
      vertex 292.301 142.999 0
    endloop
  endfacet
  facet normal 0 0 -1
    outer loop
      vertex 291.993 143.127 0
      vertex 293.7 143.7 0
      vertex 292.151 143.071 0
    endloop
  endfacet
  facet normal 0 0 -1
    outer loop
      vertex 291.832 143.167 0
      vertex 293.7 143.7 0
      vertex 291.993 143.127 0
    endloop
  endfacet
  facet normal 0 0 -1
    outer loop
      vertex 291.667 143.192 0
      vertex 293.7 143.7 0
      vertex 291.832 143.167 0
    endloop
  endfacet
  facet normal 0 0 -1
    outer loop
      vertex 291.5 143.2 0
      vertex 293.7 143.7 0
      vertex 291.667 143.192 0
    endloop
  endfacet
  facet normal 0 0 -1
    outer loop
      vertex 291.333 143.192 0
      vertex 293.7 143.7 0
      vertex 291.5 143.2 0
    endloop
  endfacet
  facet normal 0 0 -1
    outer loop
      vertex 291.168 143.167 0
      vertex 293.7 143.7 0
      vertex 291.333 143.192 0
    endloop
  endfacet
  facet normal -0 0 -1
    outer loop
      vertex 290.001 140.699 0
      vertex 207.848 105.765 0
      vertex 289.929 140.849 0
    endloop
  endfacet
  facet normal 0 0 -1
    outer loop
      vertex 207.764 105.943 0
      vertex 289.929 140.849 0
      vertex 207.848 105.765 0
    endloop
  endfacet
  facet normal -0 0 -1
    outer loop
      vertex 289.929 140.849 0
      vertex 207.764 105.943 0
      vertex 289.873 141.007 0
    endloop
  endfacet
  facet normal 0 0 -1
    outer loop
      vertex 207.663 106.111 0
      vertex 289.873 141.007 0
      vertex 207.764 105.943 0
    endloop
  endfacet
  facet normal -0 0 -1
    outer loop
      vertex 289.873 141.007 0
      vertex 207.663 106.111 0
      vertex 289.833 141.168 0
    endloop
  endfacet
  facet normal 0 0 -1
    outer loop
      vertex 207.546 106.269 0
      vertex 289.833 141.168 0
      vertex 207.663 106.111 0
    endloop
  endfacet
  facet normal -0 0 -1
    outer loop
      vertex 289.833 141.168 0
      vertex 207.546 106.269 0
      vertex 289.808 141.333 0
    endloop
  endfacet
  facet normal 0 0 -1
    outer loop
      vertex 207.414 106.414 0
      vertex 289.808 141.333 0
      vertex 207.546 106.269 0
    endloop
  endfacet
  facet normal -0 0 -1
    outer loop
      vertex 289.808 141.333 0
      vertex 207.414 106.414 0
      vertex 289.8 141.5 0
    endloop
  endfacet
  facet normal 0 0 -1
    outer loop
      vertex 207.269 106.546 0
      vertex 289.8 141.5 0
      vertex 207.414 106.414 0
    endloop
  endfacet
  facet normal -0 0 -1
    outer loop
      vertex 289.8 141.5 0
      vertex 207.269 106.546 0
      vertex 289.808 141.667 0
    endloop
  endfacet
  facet normal 0 0 -1
    outer loop
      vertex 207.111 106.663 0
      vertex 289.808 141.667 0
      vertex 207.269 106.546 0
    endloop
  endfacet
  facet normal -0 0 -1
    outer loop
      vertex 289.808 141.667 0
      vertex 207.111 106.663 0
      vertex 289.833 141.832 0
    endloop
  endfacet
  facet normal 0 0 -1
    outer loop
      vertex 206.943 106.764 0
      vertex 289.833 141.832 0
      vertex 207.111 106.663 0
    endloop
  endfacet
  facet normal -0 0 -1
    outer loop
      vertex 289.833 141.832 0
      vertex 206.943 106.764 0
      vertex 289.873 141.993 0
    endloop
  endfacet
  facet normal 0 0 -1
    outer loop
      vertex 206.765 106.848 0
      vertex 289.873 141.993 0
      vertex 206.943 106.764 0
    endloop
  endfacet
  facet normal -0 0 -1
    outer loop
      vertex 289.873 141.993 0
      vertex 206.765 106.848 0
      vertex 289.929 142.151 0
    endloop
  endfacet
  facet normal 0 0 -1
    outer loop
      vertex 206.581 106.914 0
      vertex 289.929 142.151 0
      vertex 206.765 106.848 0
    endloop
  endfacet
  facet normal -0 0 -1
    outer loop
      vertex 289.929 142.151 0
      vertex 206.581 106.914 0
      vertex 290.001 142.301 0
    endloop
  endfacet
  facet normal 0 0 -1
    outer loop
      vertex 206.39 106.962 0
      vertex 290.001 142.301 0
      vertex 206.581 106.914 0
    endloop
  endfacet
  facet normal -0 0 -1
    outer loop
      vertex 290.001 142.301 0
      vertex 206.39 106.962 0
      vertex 290.086 142.444 0
    endloop
  endfacet
  facet normal 0 0 -1
    outer loop
      vertex 151.413 142.444 0
      vertex 290.086 142.444 0
      vertex 206.39 106.962 0
    endloop
  endfacet
  facet normal 0 0 -1
    outer loop
      vertex 290.086 142.444 0
      vertex 151.413 142.444 0
      vertex 290.186 142.578 0
    endloop
  endfacet
  facet normal 0 0 -1
    outer loop
      vertex 151.314 142.578 0
      vertex 290.186 142.578 0
      vertex 151.413 142.444 0
    endloop
  endfacet
  facet normal 0 0 -1
    outer loop
      vertex 290.186 142.578 0
      vertex 151.314 142.578 0
      vertex 290.298 142.702 0
    endloop
  endfacet
  facet normal 0 0 -1
    outer loop
      vertex 151.202 142.702 0
      vertex 290.298 142.702 0
      vertex 151.314 142.578 0
    endloop
  endfacet
  facet normal 0 0 -1
    outer loop
      vertex 290.298 142.702 0
      vertex 151.202 142.702 0
      vertex 290.422 142.814 0
    endloop
  endfacet
  facet normal 0 0 -1
    outer loop
      vertex 151.413 142.444 0
      vertex 206.39 106.962 0
      vertex 206.196 106.99 0
    endloop
  endfacet
  facet normal 0 0 -1
    outer loop
      vertex 151.499 142.301 0
      vertex 206.196 106.99 0
      vertex 206 107 0
    endloop
  endfacet
  facet normal 0 0 -1
    outer loop
      vertex 151.571 142.151 0
      vertex 206 107 0
      vertex 205.804 106.99 0
    endloop
  endfacet
  facet normal 0 0 -1
    outer loop
      vertex 151.627 141.993 0
      vertex 205.804 106.99 0
      vertex 205.61 106.962 0
    endloop
  endfacet
  facet normal 0 0 -1
    outer loop
      vertex 190.39 106.962 0
      vertex 205.61 106.962 0
      vertex 205.419 106.914 0
    endloop
  endfacet
  facet normal 0 0 -1
    outer loop
      vertex 190.581 106.914 0
      vertex 205.419 106.914 0
      vertex 205.235 106.848 0
    endloop
  endfacet
  facet normal 0 0 -1
    outer loop
      vertex 192 105 0
      vertex 204 105 0
      vertex 192 45 0
    endloop
  endfacet
  facet normal 0 0 -1
    outer loop
      vertex 204 105 0
      vertex 192 105 0
      vertex 204.01 105.196 0
    endloop
  endfacet
  facet normal 0 0 -1
    outer loop
      vertex 191.99 105.196 0
      vertex 204.01 105.196 0
      vertex 192 105 0
    endloop
  endfacet
  facet normal 0 0 -1
    outer loop
      vertex 204.01 105.196 0
      vertex 191.99 105.196 0
      vertex 204.038 105.39 0
    endloop
  endfacet
  facet normal 0 0 -1
    outer loop
      vertex 191.962 105.39 0
      vertex 204.038 105.39 0
      vertex 191.99 105.196 0
    endloop
  endfacet
  facet normal 0 0 -1
    outer loop
      vertex 204.038 105.39 0
      vertex 191.962 105.39 0
      vertex 204.086 105.581 0
    endloop
  endfacet
  facet normal 0 0 -1
    outer loop
      vertex 191.914 105.581 0
      vertex 204.086 105.581 0
      vertex 191.962 105.39 0
    endloop
  endfacet
  facet normal 0 0 -1
    outer loop
      vertex 204.086 105.581 0
      vertex 191.914 105.581 0
      vertex 204.152 105.765 0
    endloop
  endfacet
  facet normal 0 0 -1
    outer loop
      vertex 191.848 105.765 0
      vertex 204.152 105.765 0
      vertex 191.914 105.581 0
    endloop
  endfacet
  facet normal 0 0 -1
    outer loop
      vertex 204.152 105.765 0
      vertex 191.848 105.765 0
      vertex 204.236 105.943 0
    endloop
  endfacet
  facet normal 0 0 -1
    outer loop
      vertex 191.764 105.943 0
      vertex 204.236 105.943 0
      vertex 191.848 105.765 0
    endloop
  endfacet
  facet normal 0 0 -1
    outer loop
      vertex 204.236 105.943 0
      vertex 191.764 105.943 0
      vertex 204.337 106.111 0
    endloop
  endfacet
  facet normal 0 0 -1
    outer loop
      vertex 191.663 106.111 0
      vertex 204.337 106.111 0
      vertex 191.764 105.943 0
    endloop
  endfacet
  facet normal 0 0 -1
    outer loop
      vertex 204.337 106.111 0
      vertex 191.663 106.111 0
      vertex 204.454 106.269 0
    endloop
  endfacet
  facet normal 0 0 -1
    outer loop
      vertex 191.546 106.269 0
      vertex 204.454 106.269 0
      vertex 191.663 106.111 0
    endloop
  endfacet
  facet normal 0 0 -1
    outer loop
      vertex 204.454 106.269 0
      vertex 191.546 106.269 0
      vertex 204.586 106.414 0
    endloop
  endfacet
  facet normal 0 0 -1
    outer loop
      vertex 191.414 106.414 0
      vertex 204.586 106.414 0
      vertex 191.546 106.269 0
    endloop
  endfacet
  facet normal 0 0 -1
    outer loop
      vertex 204.586 106.414 0
      vertex 191.414 106.414 0
      vertex 204.731 106.546 0
    endloop
  endfacet
  facet normal 0 0 -1
    outer loop
      vertex 191.269 106.546 0
      vertex 204.731 106.546 0
      vertex 191.414 106.414 0
    endloop
  endfacet
  facet normal 0 0 -1
    outer loop
      vertex 204.731 106.546 0
      vertex 191.269 106.546 0
      vertex 204.889 106.663 0
    endloop
  endfacet
  facet normal 0 0 -1
    outer loop
      vertex 191.111 106.663 0
      vertex 204.889 106.663 0
      vertex 191.269 106.546 0
    endloop
  endfacet
  facet normal 0 0 -1
    outer loop
      vertex 204.889 106.663 0
      vertex 191.111 106.663 0
      vertex 205.057 106.764 0
    endloop
  endfacet
  facet normal 0 0 -1
    outer loop
      vertex 190.943 106.764 0
      vertex 205.057 106.764 0
      vertex 191.111 106.663 0
    endloop
  endfacet
  facet normal 0 0 -1
    outer loop
      vertex 205.057 106.764 0
      vertex 190.943 106.764 0
      vertex 205.235 106.848 0
    endloop
  endfacet
  facet normal 0 0 -1
    outer loop
      vertex 190.765 106.848 0
      vertex 205.235 106.848 0
      vertex 190.943 106.764 0
    endloop
  endfacet
  facet normal 0 0 -1
    outer loop
      vertex 190.581 106.914 0
      vertex 205.235 106.848 0
      vertex 190.765 106.848 0
    endloop
  endfacet
  facet normal 0 0 -1
    outer loop
      vertex 205.419 106.914 0
      vertex 190.581 106.914 0
      vertex 190.39 106.962 0
    endloop
  endfacet
  facet normal 0 0 -1
    outer loop
      vertex 205.61 106.962 0
      vertex 190.39 106.962 0
      vertex 151.627 141.993 0
    endloop
  endfacet
  facet normal 0 0 -1
    outer loop
      vertex 151.627 141.993 0
      vertex 190.39 106.962 0
      vertex 190.196 106.99 0
    endloop
  endfacet
  facet normal 0 0 -1
    outer loop
      vertex 151.667 141.832 0
      vertex 190.196 106.99 0
      vertex 190 107 0
    endloop
  endfacet
  facet normal 0 0 -1
    outer loop
      vertex 206.196 106.99 0
      vertex 151.499 142.301 0
      vertex 151.413 142.444 0
    endloop
  endfacet
  facet normal 0 0 -1
    outer loop
      vertex 151.692 141.667 0
      vertex 190 107 0
      vertex 189.804 106.99 0
    endloop
  endfacet
  facet normal 0 0 -1
    outer loop
      vertex 151.7 141.5 0
      vertex 189.804 106.99 0
      vertex 189.61 106.962 0
    endloop
  endfacet
  facet normal 0 0 -1
    outer loop
      vertex 151.7 141.5 0
      vertex 189.61 106.962 0
      vertex 189.419 106.914 0
    endloop
  endfacet
  facet normal 0 0 -1
    outer loop
      vertex 188.01 44.804 0
      vertex 176 45 0
      vertex 188 45 0
    endloop
  endfacet
  facet normal 0 0 -1
    outer loop
      vertex 188 45 0
      vertex 176 45 0
      vertex 188 105 0
    endloop
  endfacet
  facet normal 0 0 -1
    outer loop
      vertex 176 105 0
      vertex 188 105 0
      vertex 176 45 0
    endloop
  endfacet
  facet normal 0 0 -1
    outer loop
      vertex 188 105 0
      vertex 176 105 0
      vertex 188.01 105.196 0
    endloop
  endfacet
  facet normal 0 0 -1
    outer loop
      vertex 175.99 105.196 0
      vertex 188.01 105.196 0
      vertex 176 105 0
    endloop
  endfacet
  facet normal 0 0 -1
    outer loop
      vertex 188.01 105.196 0
      vertex 175.99 105.196 0
      vertex 188.038 105.39 0
    endloop
  endfacet
  facet normal 0 0 -1
    outer loop
      vertex 175.962 105.39 0
      vertex 188.038 105.39 0
      vertex 175.99 105.196 0
    endloop
  endfacet
  facet normal 0 0 -1
    outer loop
      vertex 188.038 105.39 0
      vertex 175.962 105.39 0
      vertex 188.086 105.581 0
    endloop
  endfacet
  facet normal 0 0 -1
    outer loop
      vertex 175.914 105.581 0
      vertex 188.086 105.581 0
      vertex 175.962 105.39 0
    endloop
  endfacet
  facet normal 0 0 -1
    outer loop
      vertex 188.086 105.581 0
      vertex 175.914 105.581 0
      vertex 188.152 105.765 0
    endloop
  endfacet
  facet normal 0 0 -1
    outer loop
      vertex 175.848 105.765 0
      vertex 188.152 105.765 0
      vertex 175.914 105.581 0
    endloop
  endfacet
  facet normal 0 0 -1
    outer loop
      vertex 188.152 105.765 0
      vertex 175.848 105.765 0
      vertex 188.236 105.943 0
    endloop
  endfacet
  facet normal 0 0 -1
    outer loop
      vertex 175.764 105.943 0
      vertex 188.236 105.943 0
      vertex 175.848 105.765 0
    endloop
  endfacet
  facet normal 0 0 -1
    outer loop
      vertex 188.236 105.943 0
      vertex 175.764 105.943 0
      vertex 188.337 106.111 0
    endloop
  endfacet
  facet normal 0 0 -1
    outer loop
      vertex 175.663 106.111 0
      vertex 188.337 106.111 0
      vertex 175.764 105.943 0
    endloop
  endfacet
  facet normal 0 0 -1
    outer loop
      vertex 188.337 106.111 0
      vertex 175.663 106.111 0
      vertex 188.454 106.269 0
    endloop
  endfacet
  facet normal 0 0 -1
    outer loop
      vertex 175.546 106.269 0
      vertex 188.454 106.269 0
      vertex 175.663 106.111 0
    endloop
  endfacet
  facet normal 0 0 -1
    outer loop
      vertex 188.454 106.269 0
      vertex 175.546 106.269 0
      vertex 188.586 106.414 0
    endloop
  endfacet
  facet normal 0 0 -1
    outer loop
      vertex 175.414 106.414 0
      vertex 188.586 106.414 0
      vertex 175.546 106.269 0
    endloop
  endfacet
  facet normal 0 0 -1
    outer loop
      vertex 188.586 106.414 0
      vertex 175.414 106.414 0
      vertex 188.731 106.546 0
    endloop
  endfacet
  facet normal 0 0 -1
    outer loop
      vertex 175.269 106.546 0
      vertex 188.731 106.546 0
      vertex 175.414 106.414 0
    endloop
  endfacet
  facet normal 0 0 -1
    outer loop
      vertex 188.731 106.546 0
      vertex 175.269 106.546 0
      vertex 188.889 106.663 0
    endloop
  endfacet
  facet normal 0 0 -1
    outer loop
      vertex 175.111 106.663 0
      vertex 188.889 106.663 0
      vertex 175.269 106.546 0
    endloop
  endfacet
  facet normal 0 0 -1
    outer loop
      vertex 188.889 106.663 0
      vertex 175.111 106.663 0
      vertex 189.057 106.764 0
    endloop
  endfacet
  facet normal 0 0 -1
    outer loop
      vertex 174.943 106.764 0
      vertex 189.057 106.764 0
      vertex 175.111 106.663 0
    endloop
  endfacet
  facet normal 0 0 -1
    outer loop
      vertex 189.057 106.764 0
      vertex 174.943 106.764 0
      vertex 189.235 106.848 0
    endloop
  endfacet
  facet normal 0 0 -1
    outer loop
      vertex 174.765 106.848 0
      vertex 189.235 106.848 0
      vertex 174.943 106.764 0
    endloop
  endfacet
  facet normal 0 0 -1
    outer loop
      vertex 189.235 106.848 0
      vertex 174.765 106.848 0
      vertex 189.419 106.914 0
    endloop
  endfacet
  facet normal 0 0 -1
    outer loop
      vertex 174.581 106.914 0
      vertex 189.419 106.914 0
      vertex 174.765 106.848 0
    endloop
  endfacet
  facet normal 0 0 -1
    outer loop
      vertex 189.419 106.914 0
      vertex 174.581 106.914 0
      vertex 151.7 141.5 0
    endloop
  endfacet
  facet normal 0 0 -1
    outer loop
      vertex 151.7 141.5 0
      vertex 174.581 106.914 0
      vertex 174.39 106.962 0
    endloop
  endfacet
  facet normal 0 0 -1
    outer loop
      vertex 151.7 141.5 0
      vertex 174.39 106.962 0
      vertex 174.196 106.99 0
    endloop
  endfacet
  facet normal 0 0 -1
    outer loop
      vertex 151.7 141.5 0
      vertex 174.196 106.99 0
      vertex 174 107 0
    endloop
  endfacet
  facet normal 0 0 -1
    outer loop
      vertex 151.7 141.5 0
      vertex 174 107 0
      vertex 173.804 106.99 0
    endloop
  endfacet
  facet normal 0 0 -1
    outer loop
      vertex 151.7 141.5 0
      vertex 173.804 106.99 0
      vertex 173.61 106.962 0
    endloop
  endfacet
  facet normal 0 0 -1
    outer loop
      vertex 151.7 141.5 0
      vertex 173.61 106.962 0
      vertex 173.419 106.914 0
    endloop
  endfacet
  facet normal 0 0 -1
    outer loop
      vertex 160 105 0
      vertex 172 105 0
      vertex 160 45 0
    endloop
  endfacet
  facet normal 0 0 -1
    outer loop
      vertex 172 105 0
      vertex 160 105 0
      vertex 172.01 105.196 0
    endloop
  endfacet
  facet normal 0 0 -1
    outer loop
      vertex 159.99 105.196 0
      vertex 172.01 105.196 0
      vertex 160 105 0
    endloop
  endfacet
  facet normal 0 0 -1
    outer loop
      vertex 172.01 105.196 0
      vertex 159.99 105.196 0
      vertex 172.038 105.39 0
    endloop
  endfacet
  facet normal 0 0 -1
    outer loop
      vertex 159.962 105.39 0
      vertex 172.038 105.39 0
      vertex 159.99 105.196 0
    endloop
  endfacet
  facet normal 0 0 -1
    outer loop
      vertex 172.038 105.39 0
      vertex 159.962 105.39 0
      vertex 172.086 105.581 0
    endloop
  endfacet
  facet normal 0 0 -1
    outer loop
      vertex 159.914 105.581 0
      vertex 172.086 105.581 0
      vertex 159.962 105.39 0
    endloop
  endfacet
  facet normal 0 0 -1
    outer loop
      vertex 172.086 105.581 0
      vertex 159.914 105.581 0
      vertex 172.152 105.765 0
    endloop
  endfacet
  facet normal 0 0 -1
    outer loop
      vertex 159.848 105.765 0
      vertex 172.152 105.765 0
      vertex 159.914 105.581 0
    endloop
  endfacet
  facet normal 0 0 -1
    outer loop
      vertex 172.152 105.765 0
      vertex 159.848 105.765 0
      vertex 172.236 105.943 0
    endloop
  endfacet
  facet normal 0 0 -1
    outer loop
      vertex 159.764 105.943 0
      vertex 172.236 105.943 0
      vertex 159.848 105.765 0
    endloop
  endfacet
  facet normal 0 0 -1
    outer loop
      vertex 172.236 105.943 0
      vertex 159.764 105.943 0
      vertex 172.337 106.111 0
    endloop
  endfacet
  facet normal 0 0 -1
    outer loop
      vertex 159.663 106.111 0
      vertex 172.337 106.111 0
      vertex 159.764 105.943 0
    endloop
  endfacet
  facet normal 0 0 -1
    outer loop
      vertex 172.337 106.111 0
      vertex 159.663 106.111 0
      vertex 172.454 106.269 0
    endloop
  endfacet
  facet normal 0 0 -1
    outer loop
      vertex 159.546 106.269 0
      vertex 172.454 106.269 0
      vertex 159.663 106.111 0
    endloop
  endfacet
  facet normal 0 0 -1
    outer loop
      vertex 172.454 106.269 0
      vertex 159.546 106.269 0
      vertex 172.586 106.414 0
    endloop
  endfacet
  facet normal 0 0 -1
    outer loop
      vertex 159.414 106.414 0
      vertex 172.586 106.414 0
      vertex 159.546 106.269 0
    endloop
  endfacet
  facet normal 0 0 -1
    outer loop
      vertex 172.586 106.414 0
      vertex 159.414 106.414 0
      vertex 172.731 106.546 0
    endloop
  endfacet
  facet normal 0 0 -1
    outer loop
      vertex 159.269 106.546 0
      vertex 172.731 106.546 0
      vertex 159.414 106.414 0
    endloop
  endfacet
  facet normal 0 0 -1
    outer loop
      vertex 172.731 106.546 0
      vertex 159.269 106.546 0
      vertex 172.889 106.663 0
    endloop
  endfacet
  facet normal 0 0 -1
    outer loop
      vertex 159.111 106.663 0
      vertex 172.889 106.663 0
      vertex 159.269 106.546 0
    endloop
  endfacet
  facet normal 0 0 -1
    outer loop
      vertex 172.889 106.663 0
      vertex 159.111 106.663 0
      vertex 173.057 106.764 0
    endloop
  endfacet
  facet normal 0 0 -1
    outer loop
      vertex 158.943 106.764 0
      vertex 173.057 106.764 0
      vertex 159.111 106.663 0
    endloop
  endfacet
  facet normal 0 0 -1
    outer loop
      vertex 173.057 106.764 0
      vertex 158.943 106.764 0
      vertex 173.235 106.848 0
    endloop
  endfacet
  facet normal 0 0 -1
    outer loop
      vertex 158.765 106.848 0
      vertex 173.235 106.848 0
      vertex 158.943 106.764 0
    endloop
  endfacet
  facet normal 0 0 -1
    outer loop
      vertex 151.7 141.5 0
      vertex 173.235 106.848 0
      vertex 158.765 106.848 0
    endloop
  endfacet
  facet normal 0 0 -1
    outer loop
      vertex 173.235 106.848 0
      vertex 151.7 141.5 0
      vertex 173.419 106.914 0
    endloop
  endfacet
  facet normal 0 0 -1
    outer loop
      vertex 151.7 141.5 0
      vertex 158.765 106.848 0
      vertex 158.581 106.914 0
    endloop
  endfacet
  facet normal 0 0 -1
    outer loop
      vertex 151.7 141.5 0
      vertex 158.581 106.914 0
      vertex 158.39 106.962 0
    endloop
  endfacet
  facet normal 0 0 -1
    outer loop
      vertex 151.7 141.5 0
      vertex 158.39 106.962 0
      vertex 158.196 106.99 0
    endloop
  endfacet
  facet normal 0 0 -1
    outer loop
      vertex 151.7 141.5 0
      vertex 158.196 106.99 0
      vertex 158 107 0
    endloop
  endfacet
  facet normal 0 0 -1
    outer loop
      vertex 151.7 141.5 0
      vertex 158 107 0
      vertex 157.804 106.99 0
    endloop
  endfacet
  facet normal 0 0 -1
    outer loop
      vertex 151.7 141.5 0
      vertex 157.804 106.99 0
      vertex 157.61 106.962 0
    endloop
  endfacet
  facet normal 0 0 -1
    outer loop
      vertex 151.7 141.5 0
      vertex 157.61 106.962 0
      vertex 157.419 106.914 0
    endloop
  endfacet
  facet normal 0 0 -1
    outer loop
      vertex 151.7 141.5 0
      vertex 156.01 105.196 0
      vertex 156 105 0
    endloop
  endfacet
  facet normal 0 0 -1
    outer loop
      vertex 151.7 141.5 0
      vertex 156.038 105.39 0
      vertex 156.01 105.196 0
    endloop
  endfacet
  facet normal 0 0 -1
    outer loop
      vertex 151.7 141.5 0
      vertex 156.086 105.581 0
      vertex 156.038 105.39 0
    endloop
  endfacet
  facet normal 0 0 -1
    outer loop
      vertex 151.7 141.5 0
      vertex 156.152 105.765 0
      vertex 156.086 105.581 0
    endloop
  endfacet
  facet normal 0 0 -1
    outer loop
      vertex 151.7 141.5 0
      vertex 156.236 105.943 0
      vertex 156.152 105.765 0
    endloop
  endfacet
  facet normal 0 0 -1
    outer loop
      vertex 151.7 141.5 0
      vertex 156.337 106.111 0
      vertex 156.236 105.943 0
    endloop
  endfacet
  facet normal 0 0 -1
    outer loop
      vertex 151.7 141.5 0
      vertex 156.454 106.269 0
      vertex 156.337 106.111 0
    endloop
  endfacet
  facet normal 0 0 -1
    outer loop
      vertex 151.7 141.5 0
      vertex 156.586 106.414 0
      vertex 156.454 106.269 0
    endloop
  endfacet
  facet normal 0 0 -1
    outer loop
      vertex 151.7 141.5 0
      vertex 156.731 106.546 0
      vertex 156.586 106.414 0
    endloop
  endfacet
  facet normal 0 0 -1
    outer loop
      vertex 151.7 141.5 0
      vertex 156.889 106.663 0
      vertex 156.731 106.546 0
    endloop
  endfacet
  facet normal 0 0 -1
    outer loop
      vertex 151.7 141.5 0
      vertex 157.057 106.764 0
      vertex 156.889 106.663 0
    endloop
  endfacet
  facet normal 0 0 -1
    outer loop
      vertex 151.7 141.5 0
      vertex 157.235 106.848 0
      vertex 157.057 106.764 0
    endloop
  endfacet
  facet normal 0 0 -1
    outer loop
      vertex 151.7 141.5 0
      vertex 157.419 106.914 0
      vertex 157.235 106.848 0
    endloop
  endfacet
  facet normal 0 0 -1
    outer loop
      vertex 189.804 106.99 0
      vertex 151.7 141.5 0
      vertex 151.692 141.667 0
    endloop
  endfacet
  facet normal 0 0 -1
    outer loop
      vertex 190 107 0
      vertex 151.692 141.667 0
      vertex 151.667 141.832 0
    endloop
  endfacet
  facet normal 0 0 -1
    outer loop
      vertex 190.196 106.99 0
      vertex 151.667 141.832 0
      vertex 151.627 141.993 0
    endloop
  endfacet
  facet normal 0 0 -1
    outer loop
      vertex 205.804 106.99 0
      vertex 151.627 141.993 0
      vertex 151.571 142.151 0
    endloop
  endfacet
  facet normal 0 0 -1
    outer loop
      vertex 206 107 0
      vertex 151.571 142.151 0
      vertex 151.499 142.301 0
    endloop
  endfacet
  facet normal 0 0 -1
    outer loop
      vertex 151.078 142.814 0
      vertex 290.422 142.814 0
      vertex 151.202 142.702 0
    endloop
  endfacet
  facet normal 0 0 -1
    outer loop
      vertex 290.422 142.814 0
      vertex 151.078 142.814 0
      vertex 290.556 142.913 0
    endloop
  endfacet
  facet normal 0 0 -1
    outer loop
      vertex 150.944 142.913 0
      vertex 290.556 142.913 0
      vertex 151.078 142.814 0
    endloop
  endfacet
  facet normal 0 0 -1
    outer loop
      vertex 290.556 142.913 0
      vertex 150.944 142.913 0
      vertex 290.699 142.999 0
    endloop
  endfacet
  facet normal 0 0 -1
    outer loop
      vertex 150.801 142.999 0
      vertex 290.699 142.999 0
      vertex 150.944 142.913 0
    endloop
  endfacet
  facet normal 0 0 -1
    outer loop
      vertex 290.699 142.999 0
      vertex 150.801 142.999 0
      vertex 290.849 143.071 0
    endloop
  endfacet
  facet normal 0 0 -1
    outer loop
      vertex 150.651 143.071 0
      vertex 290.849 143.071 0
      vertex 150.801 142.999 0
    endloop
  endfacet
  facet normal 0 0 -1
    outer loop
      vertex 290.849 143.071 0
      vertex 150.651 143.071 0
      vertex 291.007 143.127 0
    endloop
  endfacet
  facet normal 0 0 -1
    outer loop
      vertex 150.493 143.127 0
      vertex 291.007 143.127 0
      vertex 150.651 143.071 0
    endloop
  endfacet
  facet normal 0 0 -1
    outer loop
      vertex 291.007 143.127 0
      vertex 150.493 143.127 0
      vertex 291.168 143.167 0
    endloop
  endfacet
  facet normal 0 0 -1
    outer loop
      vertex 150.332 143.167 0
      vertex 291.168 143.167 0
      vertex 150.493 143.127 0
    endloop
  endfacet
  facet normal 0 0 -1
    outer loop
      vertex 291.168 143.167 0
      vertex 150.332 143.167 0
      vertex 293.7 143.7 0
    endloop
  endfacet
  facet normal 0 0 -1
    outer loop
      vertex 150.167 143.192 0
      vertex 293.7 143.7 0
      vertex 150.332 143.167 0
    endloop
  endfacet
  facet normal 0 0 -1
    outer loop
      vertex 150 143.2 0
      vertex 293.7 143.7 0
      vertex 150.167 143.192 0
    endloop
  endfacet
  facet normal 0 0 -1
    outer loop
      vertex 142.39 106.962 0
      vertex 149.668 139.833 0
      vertex 142.581 106.914 0
    endloop
  endfacet
  facet normal -0 0 -1
    outer loop
      vertex 149.668 139.833 0
      vertex 142.39 106.962 0
      vertex 149.507 139.873 0
    endloop
  endfacet
  facet normal 0 0 -1
    outer loop
      vertex 142.196 106.99 0
      vertex 149.507 139.873 0
      vertex 142.39 106.962 0
    endloop
  endfacet
  facet normal -0 0 -1
    outer loop
      vertex 149.507 139.873 0
      vertex 142.196 106.99 0
      vertex 149.349 139.929 0
    endloop
  endfacet
  facet normal 0 0 -1
    outer loop
      vertex 142 107 0
      vertex 149.349 139.929 0
      vertex 142.196 106.99 0
    endloop
  endfacet
  facet normal -0 0 -1
    outer loop
      vertex 149.349 139.929 0
      vertex 142 107 0
      vertex 149.199 140.001 0
    endloop
  endfacet
  facet normal 0 0 -1
    outer loop
      vertex 141.804 106.99 0
      vertex 149.199 140.001 0
      vertex 142 107 0
    endloop
  endfacet
  facet normal -0 0 -1
    outer loop
      vertex 149.199 140.001 0
      vertex 141.804 106.99 0
      vertex 149.056 140.087 0
    endloop
  endfacet
  facet normal 0 0 -1
    outer loop
      vertex 141.61 106.962 0
      vertex 149.056 140.087 0
      vertex 141.804 106.99 0
    endloop
  endfacet
  facet normal -0 0 -1
    outer loop
      vertex 149.056 140.087 0
      vertex 141.61 106.962 0
      vertex 148.922 140.186 0
    endloop
  endfacet
  facet normal 0 0 -1
    outer loop
      vertex 141.419 106.914 0
      vertex 148.922 140.186 0
      vertex 141.61 106.962 0
    endloop
  endfacet
  facet normal -0 0 -1
    outer loop
      vertex 148.922 140.186 0
      vertex 141.419 106.914 0
      vertex 148.798 140.298 0
    endloop
  endfacet
  facet normal 0 0 -1
    outer loop
      vertex 141.235 106.848 0
      vertex 148.798 140.298 0
      vertex 141.419 106.914 0
    endloop
  endfacet
  facet normal 0 0 -1
    outer loop
      vertex 126.765 106.848 0
      vertex 148.798 140.298 0
      vertex 141.235 106.848 0
    endloop
  endfacet
  facet normal 0 0 -1
    outer loop
      vertex 126.581 106.914 0
      vertex 148.798 140.298 0
      vertex 126.765 106.848 0
    endloop
  endfacet
  facet normal -0 0 -1
    outer loop
      vertex 148.798 140.298 0
      vertex 126.581 106.914 0
      vertex 148.686 140.422 0
    endloop
  endfacet
  facet normal 0 0 -1
    outer loop
      vertex 126.39 106.962 0
      vertex 148.686 140.422 0
      vertex 126.581 106.914 0
    endloop
  endfacet
  facet normal -0 0 -1
    outer loop
      vertex 148.686 140.422 0
      vertex 126.39 106.962 0
      vertex 148.587 140.556 0
    endloop
  endfacet
  facet normal -0 0 -1
    outer loop
      vertex 148.587 140.556 0
      vertex 126.39 106.962 0
      vertex 148.501 140.699 0
    endloop
  endfacet
  facet normal 0 0 -1
    outer loop
      vertex 126.196 106.99 0
      vertex 148.501 140.699 0
      vertex 126.39 106.962 0
    endloop
  endfacet
  facet normal -0 0 -1
    outer loop
      vertex 148.501 140.699 0
      vertex 126.196 106.99 0
      vertex 148.429 140.849 0
    endloop
  endfacet
  facet normal 0 0 -1
    outer loop
      vertex 126 107 0
      vertex 148.429 140.849 0
      vertex 126.196 106.99 0
    endloop
  endfacet
  facet normal -0 0 -1
    outer loop
      vertex 148.429 140.849 0
      vertex 126 107 0
      vertex 148.373 141.007 0
    endloop
  endfacet
  facet normal 0 0 -1
    outer loop
      vertex 126.765 106.848 0
      vertex 141.235 106.848 0
      vertex 141.057 106.764 0
    endloop
  endfacet
  facet normal 0 0 -1
    outer loop
      vertex 126.943 106.764 0
      vertex 141.057 106.764 0
      vertex 140.889 106.663 0
    endloop
  endfacet
  facet normal 0 0 -1
    outer loop
      vertex 127.111 106.663 0
      vertex 140.889 106.663 0
      vertex 140.731 106.546 0
    endloop
  endfacet
  facet normal 0 0 -1
    outer loop
      vertex 127.269 106.546 0
      vertex 140.731 106.546 0
      vertex 140.586 106.414 0
    endloop
  endfacet
  facet normal 0 0 -1
    outer loop
      vertex 127.414 106.414 0
      vertex 140.586 106.414 0
      vertex 140.454 106.269 0
    endloop
  endfacet
  facet normal 0 0 -1
    outer loop
      vertex 127.546 106.269 0
      vertex 140.454 106.269 0
      vertex 140.337 106.111 0
    endloop
  endfacet
  facet normal 0 0 -1
    outer loop
      vertex 127.663 106.111 0
      vertex 140.337 106.111 0
      vertex 140.236 105.943 0
    endloop
  endfacet
  facet normal 0 0 -1
    outer loop
      vertex 127.764 105.943 0
      vertex 140.236 105.943 0
      vertex 140.152 105.765 0
    endloop
  endfacet
  facet normal 0 0 -1
    outer loop
      vertex 127.848 105.765 0
      vertex 140.152 105.765 0
      vertex 140.086 105.581 0
    endloop
  endfacet
  facet normal 0 0 -1
    outer loop
      vertex 127.914 105.581 0
      vertex 140.086 105.581 0
      vertex 140.038 105.39 0
    endloop
  endfacet
  facet normal 0 0 -1
    outer loop
      vertex 128 105 0
      vertex 140 105 0
      vertex 128 45 0
    endloop
  endfacet
  facet normal 0 0 -1
    outer loop
      vertex 140 105 0
      vertex 128 105 0
      vertex 140.01 105.196 0
    endloop
  endfacet
  facet normal 0 0 -1
    outer loop
      vertex 127.99 105.196 0
      vertex 140.01 105.196 0
      vertex 128 105 0
    endloop
  endfacet
  facet normal 0 0 -1
    outer loop
      vertex 140.01 105.196 0
      vertex 127.99 105.196 0
      vertex 140.038 105.39 0
    endloop
  endfacet
  facet normal 0 0 -1
    outer loop
      vertex 127.962 105.39 0
      vertex 140.038 105.39 0
      vertex 127.99 105.196 0
    endloop
  endfacet
  facet normal 0 0 -1
    outer loop
      vertex 127.914 105.581 0
      vertex 140.038 105.39 0
      vertex 127.962 105.39 0
    endloop
  endfacet
  facet normal 0 0 -1
    outer loop
      vertex 140.086 105.581 0
      vertex 127.914 105.581 0
      vertex 127.848 105.765 0
    endloop
  endfacet
  facet normal 0 0 -1
    outer loop
      vertex 140.152 105.765 0
      vertex 127.848 105.765 0
      vertex 127.764 105.943 0
    endloop
  endfacet
  facet normal 0 0 -1
    outer loop
      vertex 140.236 105.943 0
      vertex 127.764 105.943 0
      vertex 127.663 106.111 0
    endloop
  endfacet
  facet normal 0 0 -1
    outer loop
      vertex 140.337 106.111 0
      vertex 127.663 106.111 0
      vertex 127.546 106.269 0
    endloop
  endfacet
  facet normal 0 0 -1
    outer loop
      vertex 140.454 106.269 0
      vertex 127.546 106.269 0
      vertex 127.414 106.414 0
    endloop
  endfacet
  facet normal 0 0 -1
    outer loop
      vertex 140.586 106.414 0
      vertex 127.414 106.414 0
      vertex 127.269 106.546 0
    endloop
  endfacet
  facet normal 0 0 -1
    outer loop
      vertex 140.731 106.546 0
      vertex 127.269 106.546 0
      vertex 127.111 106.663 0
    endloop
  endfacet
  facet normal 0 0 -1
    outer loop
      vertex 140.889 106.663 0
      vertex 127.111 106.663 0
      vertex 126.943 106.764 0
    endloop
  endfacet
  facet normal 0 0 -1
    outer loop
      vertex 141.057 106.764 0
      vertex 126.943 106.764 0
      vertex 126.765 106.848 0
    endloop
  endfacet
  facet normal 0 0 -1
    outer loop
      vertex 125.804 106.99 0
      vertex 148.373 141.007 0
      vertex 126 107 0
    endloop
  endfacet
  facet normal -0 0 -1
    outer loop
      vertex 148.373 141.007 0
      vertex 125.804 106.99 0
      vertex 148.333 141.168 0
    endloop
  endfacet
  facet normal 0 0 -1
    outer loop
      vertex 125.61 106.962 0
      vertex 148.333 141.168 0
      vertex 125.804 106.99 0
    endloop
  endfacet
  facet normal -0 0 -1
    outer loop
      vertex 148.333 141.168 0
      vertex 125.61 106.962 0
      vertex 148.308 141.333 0
    endloop
  endfacet
  facet normal 0 0 -1
    outer loop
      vertex 125.419 106.914 0
      vertex 148.308 141.333 0
      vertex 125.61 106.962 0
    endloop
  endfacet
  facet normal 0 0 -1
    outer loop
      vertex 110.581 106.914 0
      vertex 148.308 141.333 0
      vertex 125.419 106.914 0
    endloop
  endfacet
  facet normal 0 0 -1
    outer loop
      vertex 110.39 106.962 0
      vertex 148.308 141.333 0
      vertex 110.581 106.914 0
    endloop
  endfacet
  facet normal -0 0 -1
    outer loop
      vertex 148.308 141.333 0
      vertex 110.39 106.962 0
      vertex 148.3 141.5 0
    endloop
  endfacet
  facet normal 0 0 -1
    outer loop
      vertex 110.196 106.99 0
      vertex 148.3 141.5 0
      vertex 110.39 106.962 0
    endloop
  endfacet
  facet normal -0 0 -1
    outer loop
      vertex 148.3 141.5 0
      vertex 110.196 106.99 0
      vertex 148.308 141.667 0
    endloop
  endfacet
  facet normal 0 0 -1
    outer loop
      vertex 110 107 0
      vertex 148.308 141.667 0
      vertex 110.196 106.99 0
    endloop
  endfacet
  facet normal -0 0 -1
    outer loop
      vertex 148.308 141.667 0
      vertex 110 107 0
      vertex 148.333 141.832 0
    endloop
  endfacet
  facet normal 0 0 -1
    outer loop
      vertex 110.581 106.914 0
      vertex 125.419 106.914 0
      vertex 125.235 106.848 0
    endloop
  endfacet
  facet normal 0 0 -1
    outer loop
      vertex 110.765 106.848 0
      vertex 125.235 106.848 0
      vertex 125.057 106.764 0
    endloop
  endfacet
  facet normal 0 0 -1
    outer loop
      vertex 110.943 106.764 0
      vertex 125.057 106.764 0
      vertex 124.889 106.663 0
    endloop
  endfacet
  facet normal 0 0 -1
    outer loop
      vertex 111.111 106.663 0
      vertex 124.889 106.663 0
      vertex 124.731 106.546 0
    endloop
  endfacet
  facet normal 0 0 -1
    outer loop
      vertex 111.269 106.546 0
      vertex 124.731 106.546 0
      vertex 124.586 106.414 0
    endloop
  endfacet
  facet normal 0 0 -1
    outer loop
      vertex 111.414 106.414 0
      vertex 124.586 106.414 0
      vertex 124.454 106.269 0
    endloop
  endfacet
  facet normal 0 0 -1
    outer loop
      vertex 111.546 106.269 0
      vertex 124.454 106.269 0
      vertex 124.337 106.111 0
    endloop
  endfacet
  facet normal 0 0 -1
    outer loop
      vertex 124 45 0
      vertex 112 45 0
      vertex 124 105 0
    endloop
  endfacet
  facet normal 0 0 -1
    outer loop
      vertex 112 105 0
      vertex 124 105 0
      vertex 112 45 0
    endloop
  endfacet
  facet normal 0 0 -1
    outer loop
      vertex 124 105 0
      vertex 112 105 0
      vertex 124.01 105.196 0
    endloop
  endfacet
  facet normal 0 0 -1
    outer loop
      vertex 111.99 105.196 0
      vertex 124.01 105.196 0
      vertex 112 105 0
    endloop
  endfacet
  facet normal 0 0 -1
    outer loop
      vertex 124.01 105.196 0
      vertex 111.99 105.196 0
      vertex 124.038 105.39 0
    endloop
  endfacet
  facet normal 0 0 -1
    outer loop
      vertex 111.962 105.39 0
      vertex 124.038 105.39 0
      vertex 111.99 105.196 0
    endloop
  endfacet
  facet normal 0 0 -1
    outer loop
      vertex 124.038 105.39 0
      vertex 111.962 105.39 0
      vertex 124.086 105.581 0
    endloop
  endfacet
  facet normal 0 0 -1
    outer loop
      vertex 111.914 105.581 0
      vertex 124.086 105.581 0
      vertex 111.962 105.39 0
    endloop
  endfacet
  facet normal 0 0 -1
    outer loop
      vertex 124.086 105.581 0
      vertex 111.914 105.581 0
      vertex 124.152 105.765 0
    endloop
  endfacet
  facet normal 0 0 -1
    outer loop
      vertex 111.848 105.765 0
      vertex 124.152 105.765 0
      vertex 111.914 105.581 0
    endloop
  endfacet
  facet normal 0 0 -1
    outer loop
      vertex 124.152 105.765 0
      vertex 111.848 105.765 0
      vertex 124.236 105.943 0
    endloop
  endfacet
  facet normal 0 0 -1
    outer loop
      vertex 111.764 105.943 0
      vertex 124.236 105.943 0
      vertex 111.848 105.765 0
    endloop
  endfacet
  facet normal 0 0 -1
    outer loop
      vertex 124.236 105.943 0
      vertex 111.764 105.943 0
      vertex 124.337 106.111 0
    endloop
  endfacet
  facet normal 0 0 -1
    outer loop
      vertex 111.663 106.111 0
      vertex 124.337 106.111 0
      vertex 111.764 105.943 0
    endloop
  endfacet
  facet normal 0 0 -1
    outer loop
      vertex 111.546 106.269 0
      vertex 124.337 106.111 0
      vertex 111.663 106.111 0
    endloop
  endfacet
  facet normal 0 0 -1
    outer loop
      vertex 124.454 106.269 0
      vertex 111.546 106.269 0
      vertex 111.414 106.414 0
    endloop
  endfacet
  facet normal 0 0 -1
    outer loop
      vertex 124.586 106.414 0
      vertex 111.414 106.414 0
      vertex 111.269 106.546 0
    endloop
  endfacet
  facet normal 0 0 -1
    outer loop
      vertex 124.731 106.546 0
      vertex 111.269 106.546 0
      vertex 111.111 106.663 0
    endloop
  endfacet
  facet normal 0 0 -1
    outer loop
      vertex 124.889 106.663 0
      vertex 111.111 106.663 0
      vertex 110.943 106.764 0
    endloop
  endfacet
  facet normal 0 0 -1
    outer loop
      vertex 125.057 106.764 0
      vertex 110.943 106.764 0
      vertex 110.765 106.848 0
    endloop
  endfacet
  facet normal 0 0 -1
    outer loop
      vertex 125.235 106.848 0
      vertex 110.765 106.848 0
      vertex 110.581 106.914 0
    endloop
  endfacet
  facet normal 0 0 -1
    outer loop
      vertex 109.804 106.99 0
      vertex 148.333 141.832 0
      vertex 110 107 0
    endloop
  endfacet
  facet normal -0 0 -1
    outer loop
      vertex 148.333 141.832 0
      vertex 109.804 106.99 0
      vertex 148.373 141.993 0
    endloop
  endfacet
  facet normal 0 0 -1
    outer loop
      vertex 109.61 106.962 0
      vertex 148.373 141.993 0
      vertex 109.804 106.99 0
    endloop
  endfacet
  facet normal 0 0 -1
    outer loop
      vertex 94.3902 106.962 0
      vertex 148.373 141.993 0
      vertex 109.61 106.962 0
    endloop
  endfacet
  facet normal 0 0 -1
    outer loop
      vertex 94.196 106.99 0
      vertex 148.373 141.993 0
      vertex 94.3902 106.962 0
    endloop
  endfacet
  facet normal -0 0 -1
    outer loop
      vertex 148.373 141.993 0
      vertex 94.196 106.99 0
      vertex 148.429 142.151 0
    endloop
  endfacet
  facet normal 0 0 -1
    outer loop
      vertex 94 107 0
      vertex 148.429 142.151 0
      vertex 94.196 106.99 0
    endloop
  endfacet
  facet normal -0 0 -1
    outer loop
      vertex 148.429 142.151 0
      vertex 94 107 0
      vertex 148.501 142.301 0
    endloop
  endfacet
  facet normal 0 0 -1
    outer loop
      vertex 94.3902 106.962 0
      vertex 109.61 106.962 0
      vertex 109.419 106.914 0
    endloop
  endfacet
  facet normal 0 0 -1
    outer loop
      vertex 94.5806 106.914 0
      vertex 109.419 106.914 0
      vertex 109.235 106.848 0
    endloop
  endfacet
  facet normal 0 0 -1
    outer loop
      vertex 93.804 106.99 0
      vertex 148.501 142.301 0
      vertex 94 107 0
    endloop
  endfacet
  facet normal 0 0 -1
    outer loop
      vertex 94.7654 106.848 0
      vertex 109.235 106.848 0
      vertex 109.057 106.764 0
    endloop
  endfacet
  facet normal 0 0 -1
    outer loop
      vertex 94.9428 106.764 0
      vertex 109.057 106.764 0
      vertex 108.889 106.663 0
    endloop
  endfacet
  facet normal 0 0 -1
    outer loop
      vertex 95.1111 106.663 0
      vertex 108.889 106.663 0
      vertex 108.731 106.546 0
    endloop
  endfacet
  facet normal 0 0 -1
    outer loop
      vertex 96 105 0
      vertex 108 105 0
      vertex 96 45 0
    endloop
  endfacet
  facet normal 0 0 -1
    outer loop
      vertex 108 105 0
      vertex 96 105 0
      vertex 108.01 105.196 0
    endloop
  endfacet
  facet normal 0 0 -1
    outer loop
      vertex 95.9904 105.196 0
      vertex 108.01 105.196 0
      vertex 96 105 0
    endloop
  endfacet
  facet normal 0 0 -1
    outer loop
      vertex 108.01 105.196 0
      vertex 95.9904 105.196 0
      vertex 108.038 105.39 0
    endloop
  endfacet
  facet normal 0 0 -1
    outer loop
      vertex 95.9616 105.39 0
      vertex 108.038 105.39 0
      vertex 95.9904 105.196 0
    endloop
  endfacet
  facet normal 0 0 -1
    outer loop
      vertex 108.038 105.39 0
      vertex 95.9616 105.39 0
      vertex 108.086 105.581 0
    endloop
  endfacet
  facet normal 0 0 -1
    outer loop
      vertex 95.9139 105.581 0
      vertex 108.086 105.581 0
      vertex 95.9616 105.39 0
    endloop
  endfacet
  facet normal 0 0 -1
    outer loop
      vertex 108.086 105.581 0
      vertex 95.9139 105.581 0
      vertex 108.152 105.765 0
    endloop
  endfacet
  facet normal 0 0 -1
    outer loop
      vertex 95.8478 105.765 0
      vertex 108.152 105.765 0
      vertex 95.9139 105.581 0
    endloop
  endfacet
  facet normal 0 0 -1
    outer loop
      vertex 108.152 105.765 0
      vertex 95.8478 105.765 0
      vertex 108.236 105.943 0
    endloop
  endfacet
  facet normal 0 0 -1
    outer loop
      vertex 95.7638 105.943 0
      vertex 108.236 105.943 0
      vertex 95.8478 105.765 0
    endloop
  endfacet
  facet normal 0 0 -1
    outer loop
      vertex 108.236 105.943 0
      vertex 95.7638 105.943 0
      vertex 108.337 106.111 0
    endloop
  endfacet
  facet normal 0 0 -1
    outer loop
      vertex 95.6629 106.111 0
      vertex 108.337 106.111 0
      vertex 95.7638 105.943 0
    endloop
  endfacet
  facet normal 0 0 -1
    outer loop
      vertex 108.337 106.111 0
      vertex 95.6629 106.111 0
      vertex 108.454 106.269 0
    endloop
  endfacet
  facet normal 0 0 -1
    outer loop
      vertex 95.546 106.269 0
      vertex 108.454 106.269 0
      vertex 95.6629 106.111 0
    endloop
  endfacet
  facet normal 0 0 -1
    outer loop
      vertex 108.454 106.269 0
      vertex 95.546 106.269 0
      vertex 108.586 106.414 0
    endloop
  endfacet
  facet normal 0 0 -1
    outer loop
      vertex 95.4142 106.414 0
      vertex 108.586 106.414 0
      vertex 95.546 106.269 0
    endloop
  endfacet
  facet normal 0 0 -1
    outer loop
      vertex 108.586 106.414 0
      vertex 95.4142 106.414 0
      vertex 108.731 106.546 0
    endloop
  endfacet
  facet normal 0 0 -1
    outer loop
      vertex 95.2688 106.546 0
      vertex 108.731 106.546 0
      vertex 95.4142 106.414 0
    endloop
  endfacet
  facet normal 0 0 -1
    outer loop
      vertex 95.1111 106.663 0
      vertex 108.731 106.546 0
      vertex 95.2688 106.546 0
    endloop
  endfacet
  facet normal 0 0 -1
    outer loop
      vertex 108.889 106.663 0
      vertex 95.1111 106.663 0
      vertex 94.9428 106.764 0
    endloop
  endfacet
  facet normal 0 0 -1
    outer loop
      vertex 109.057 106.764 0
      vertex 94.9428 106.764 0
      vertex 94.7654 106.848 0
    endloop
  endfacet
  facet normal 0 0 -1
    outer loop
      vertex 109.235 106.848 0
      vertex 94.7654 106.848 0
      vertex 94.5806 106.914 0
    endloop
  endfacet
  facet normal 0 0 -1
    outer loop
      vertex 109.419 106.914 0
      vertex 94.5806 106.914 0
      vertex 94.3902 106.962 0
    endloop
  endfacet
  facet normal -0 0 -1
    outer loop
      vertex 148.501 142.301 0
      vertex 93.804 106.99 0
      vertex 148.587 142.444 0
    endloop
  endfacet
  facet normal 0 0 -1
    outer loop
      vertex 93.6098 106.962 0
      vertex 148.587 142.444 0
      vertex 93.804 106.99 0
    endloop
  endfacet
  facet normal 0 0 -1
    outer loop
      vertex 9.9135 142.444 0
      vertex 148.587 142.444 0
      vertex 93.6098 106.962 0
    endloop
  endfacet
  facet normal 0 0 -1
    outer loop
      vertex 148.587 142.444 0
      vertex 9.9135 142.444 0
      vertex 148.686 142.578 0
    endloop
  endfacet
  facet normal 0 0 -1
    outer loop
      vertex 9.81412 142.578 0
      vertex 148.686 142.578 0
      vertex 9.9135 142.444 0
    endloop
  endfacet
  facet normal 0 0 -1
    outer loop
      vertex 148.686 142.578 0
      vertex 9.81412 142.578 0
      vertex 148.798 142.702 0
    endloop
  endfacet
  facet normal 0 0 -1
    outer loop
      vertex 9.99927 142.301 0
      vertex 93.6098 106.962 0
      vertex 93.4194 106.914 0
    endloop
  endfacet
  facet normal 0 0 -1
    outer loop
      vertex 10.0706 142.151 0
      vertex 93.4194 106.914 0
      vertex 93.2346 106.848 0
    endloop
  endfacet
  facet normal 0 0 -1
    outer loop
      vertex 10.1268 141.993 0
      vertex 93.2346 106.848 0
      vertex 93.0572 106.764 0
    endloop
  endfacet
  facet normal 0 0 -1
    outer loop
      vertex 10.1673 141.832 0
      vertex 93.0572 106.764 0
      vertex 92.8889 106.663 0
    endloop
  endfacet
  facet normal -0 0 -1
    outer loop
      vertex 92.1522 44.2346 0
      vertex 9.99927 9.30137 0
      vertex 92.0861 44.4194 0
    endloop
  endfacet
  facet normal 0 0 -1
    outer loop
      vertex 92 105 0
      vertex 10.2 141.5 0
      vertex 92.0096 105.196 0
    endloop
  endfacet
  facet normal 0 0 -1
    outer loop
      vertex 92.0096 105.196 0
      vertex 10.2 141.5 0
      vertex 92.0384 105.39 0
    endloop
  endfacet
  facet normal 0 0 -1
    outer loop
      vertex 92.0384 105.39 0
      vertex 10.2 141.5 0
      vertex 92.0861 105.581 0
    endloop
  endfacet
  facet normal 0 0 -1
    outer loop
      vertex 92.0861 105.581 0
      vertex 10.2 141.5 0
      vertex 92.1522 105.765 0
    endloop
  endfacet
  facet normal 0 0 -1
    outer loop
      vertex 92.1522 105.765 0
      vertex 10.2 141.5 0
      vertex 92.2362 105.943 0
    endloop
  endfacet
  facet normal 0 0 -1
    outer loop
      vertex 92.2362 105.943 0
      vertex 10.2 141.5 0
      vertex 92.3371 106.111 0
    endloop
  endfacet
  facet normal 0 0 -1
    outer loop
      vertex 92.3371 106.111 0
      vertex 10.2 141.5 0
      vertex 92.454 106.269 0
    endloop
  endfacet
  facet normal 0 0 -1
    outer loop
      vertex 10.2 141.5 0
      vertex 92.5858 106.414 0
      vertex 92.454 106.269 0
    endloop
  endfacet
  facet normal 0 0 -1
    outer loop
      vertex 10.2 141.5 0
      vertex 92.7312 106.546 0
      vertex 92.5858 106.414 0
    endloop
  endfacet
  facet normal 0 0 -1
    outer loop
      vertex 10.1918 141.667 0
      vertex 92.7312 106.546 0
      vertex 10.2 141.5 0
    endloop
  endfacet
  facet normal 0 0 -1
    outer loop
      vertex 92.7312 106.546 0
      vertex 10.1918 141.667 0
      vertex 92.8889 106.663 0
    endloop
  endfacet
  facet normal 0 0 -1
    outer loop
      vertex 10.1673 141.832 0
      vertex 92.8889 106.663 0
      vertex 10.1918 141.667 0
    endloop
  endfacet
  facet normal 0 0 -1
    outer loop
      vertex 93.0572 106.764 0
      vertex 10.1673 141.832 0
      vertex 10.1268 141.993 0
    endloop
  endfacet
  facet normal 0 0 -1
    outer loop
      vertex 93.2346 106.848 0
      vertex 10.1268 141.993 0
      vertex 10.0706 142.151 0
    endloop
  endfacet
  facet normal 0 0 -1
    outer loop
      vertex 93.4194 106.914 0
      vertex 10.0706 142.151 0
      vertex 9.99927 142.301 0
    endloop
  endfacet
  facet normal 0 0 -1
    outer loop
      vertex 93.6098 106.962 0
      vertex 9.99927 142.301 0
      vertex 9.9135 142.444 0
    endloop
  endfacet
  facet normal 0 0 -1
    outer loop
      vertex 9.70208 142.702 0
      vertex 148.798 142.702 0
      vertex 9.81412 142.578 0
    endloop
  endfacet
  facet normal 0 0 -1
    outer loop
      vertex 148.798 142.702 0
      vertex 9.70208 142.702 0
      vertex 148.922 142.814 0
    endloop
  endfacet
  facet normal 0 0 -1
    outer loop
      vertex 9.57847 142.814 0
      vertex 148.922 142.814 0
      vertex 9.70208 142.702 0
    endloop
  endfacet
  facet normal 0 0 -1
    outer loop
      vertex 148.922 142.814 0
      vertex 9.57847 142.814 0
      vertex 149.056 142.913 0
    endloop
  endfacet
  facet normal 0 0 -1
    outer loop
      vertex 9.44447 142.913 0
      vertex 149.056 142.913 0
      vertex 9.57847 142.814 0
    endloop
  endfacet
  facet normal 0 0 -1
    outer loop
      vertex 149.056 142.913 0
      vertex 9.44447 142.913 0
      vertex 149.199 142.999 0
    endloop
  endfacet
  facet normal 0 0 -1
    outer loop
      vertex 9.30137 142.999 0
      vertex 149.199 142.999 0
      vertex 9.44447 142.913 0
    endloop
  endfacet
  facet normal 0 0 -1
    outer loop
      vertex 149.199 142.999 0
      vertex 9.30137 142.999 0
      vertex 149.349 143.071 0
    endloop
  endfacet
  facet normal 0 0 -1
    outer loop
      vertex 9.15056 143.071 0
      vertex 149.349 143.071 0
      vertex 9.30137 142.999 0
    endloop
  endfacet
  facet normal 0 0 -1
    outer loop
      vertex 149.349 143.071 0
      vertex 9.15056 143.071 0
      vertex 149.507 143.127 0
    endloop
  endfacet
  facet normal 0 0 -1
    outer loop
      vertex 8.99348 143.127 0
      vertex 149.507 143.127 0
      vertex 9.15056 143.071 0
    endloop
  endfacet
  facet normal 0 0 -1
    outer loop
      vertex 149.507 143.127 0
      vertex 8.99348 143.127 0
      vertex 149.668 143.167 0
    endloop
  endfacet
  facet normal 0 0 -1
    outer loop
      vertex 8.83165 143.167 0
      vertex 149.668 143.167 0
      vertex 8.99348 143.127 0
    endloop
  endfacet
  facet normal 0 0 -1
    outer loop
      vertex 6.3 143.7 0
      vertex 149.668 143.167 0
      vertex 8.83165 143.167 0
    endloop
  endfacet
  facet normal 0 0 -1
    outer loop
      vertex 149.668 143.167 0
      vertex 6.3 143.7 0
      vertex 149.833 143.192 0
    endloop
  endfacet
  facet normal 0 0 -1
    outer loop
      vertex 149.833 143.192 0
      vertex 6.3 143.7 0
      vertex 150 143.2 0
    endloop
  endfacet
  facet normal 0 0 -1
    outer loop
      vertex 6.3 143.7 0
      vertex 8.83165 143.167 0
      vertex 8.66663 143.192 0
    endloop
  endfacet
  facet normal 0 0 -1
    outer loop
      vertex 6.3 143.7 0
      vertex 8.66663 143.192 0
      vertex 8.5 143.2 0
    endloop
  endfacet
  facet normal 0 0 -1
    outer loop
      vertex 150 143.2 0
      vertex 6.3 143.7 0
      vertex 293.7 143.7 0
    endloop
  endfacet
  facet normal 0 0 -1
    outer loop
      vertex 8.33337 143.192 0
      vertex 6.3 143.7 0
      vertex 8.5 143.2 0
    endloop
  endfacet
  facet normal 0 0 -1
    outer loop
      vertex 8.16835 143.167 0
      vertex 6.3 143.7 0
      vertex 8.33337 143.192 0
    endloop
  endfacet
  facet normal 0 0 -1
    outer loop
      vertex 8.00652 143.127 0
      vertex 6.3 143.7 0
      vertex 8.16835 143.167 0
    endloop
  endfacet
  facet normal 0 0 -1
    outer loop
      vertex 7.84944 143.071 0
      vertex 6.3 143.7 0
      vertex 8.00652 143.127 0
    endloop
  endfacet
  facet normal 0 0 -1
    outer loop
      vertex 7.69862 142.999 0
      vertex 6.3 143.7 0
      vertex 7.84944 143.071 0
    endloop
  endfacet
  facet normal 0 0 -1
    outer loop
      vertex 7.55553 142.913 0
      vertex 6.3 143.7 0
      vertex 7.69862 142.999 0
    endloop
  endfacet
  facet normal 0 0 -1
    outer loop
      vertex 7.42153 142.814 0
      vertex 6.3 143.7 0
      vertex 7.55553 142.913 0
    endloop
  endfacet
  facet normal 0 0 -1
    outer loop
      vertex 7.29792 142.702 0
      vertex 6.3 143.7 0
      vertex 7.42153 142.814 0
    endloop
  endfacet
  facet normal 0 0 -1
    outer loop
      vertex 7.18588 142.578 0
      vertex 6.3 143.7 0
      vertex 7.29792 142.702 0
    endloop
  endfacet
  facet normal 0 0 -1
    outer loop
      vertex 7.0865 142.444 0
      vertex 6.3 143.7 0
      vertex 7.18588 142.578 0
    endloop
  endfacet
  facet normal 0 0 -1
    outer loop
      vertex 7.00073 142.301 0
      vertex 6.3 143.7 0
      vertex 7.0865 142.444 0
    endloop
  endfacet
  facet normal 0 0 -1
    outer loop
      vertex 6.9294 142.151 0
      vertex 6.3 143.7 0
      vertex 7.00073 142.301 0
    endloop
  endfacet
  facet normal 0 0 -1
    outer loop
      vertex 6.8732 141.993 0
      vertex 6.3 143.7 0
      vertex 6.9294 142.151 0
    endloop
  endfacet
  facet normal 0 0 -1
    outer loop
      vertex 6.83266 141.832 0
      vertex 6.3 143.7 0
      vertex 6.8732 141.993 0
    endloop
  endfacet
  facet normal 0 0 -1
    outer loop
      vertex 6.80819 141.667 0
      vertex 6.3 143.7 0
      vertex 6.83266 141.832 0
    endloop
  endfacet
  facet normal 0 0 -1
    outer loop
      vertex 6.8 141.5 0
      vertex 6.3 143.7 0
      vertex 6.80819 141.667 0
    endloop
  endfacet
  facet normal 0 0 -1
    outer loop
      vertex 6.80819 141.333 0
      vertex 6.3 143.7 0
      vertex 6.8 141.5 0
    endloop
  endfacet
  facet normal 0 0 -1
    outer loop
      vertex 151.692 8.66663 0
      vertex 180 12 0
      vertex 151.7 8.5 0
    endloop
  endfacet
  facet normal 0 0 -1
    outer loop
      vertex 151.667 8.83165 0
      vertex 180 12 0
      vertex 151.692 8.66663 0
    endloop
  endfacet
  facet normal 0 0 -1
    outer loop
      vertex 151.627 8.99348 0
      vertex 180 12 0
      vertex 151.667 8.83165 0
    endloop
  endfacet
  facet normal 0 0 -1
    outer loop
      vertex 151.571 9.15056 0
      vertex 180 12 0
      vertex 151.627 8.99348 0
    endloop
  endfacet
  facet normal 0 0 -1
    outer loop
      vertex 151.499 9.30137 0
      vertex 180 12 0
      vertex 151.571 9.15056 0
    endloop
  endfacet
  facet normal 0 0 -1
    outer loop
      vertex 151.413 9.44447 0
      vertex 180 12 0
      vertex 151.499 9.30137 0
    endloop
  endfacet
  facet normal 0 0 -1
    outer loop
      vertex 151.314 9.57847 0
      vertex 180 12 0
      vertex 151.413 9.44447 0
    endloop
  endfacet
  facet normal 0 0 -1
    outer loop
      vertex 151.202 9.70208 0
      vertex 180 12 0
      vertex 151.314 9.57847 0
    endloop
  endfacet
  facet normal 0 0 -1
    outer loop
      vertex 151.078 9.81412 0
      vertex 180 12 0
      vertex 151.202 9.70208 0
    endloop
  endfacet
  facet normal 0 0 -1
    outer loop
      vertex 150.944 9.9135 0
      vertex 180 12 0
      vertex 151.078 9.81412 0
    endloop
  endfacet
  facet normal 0 0 -1
    outer loop
      vertex 150.801 9.99927 0
      vertex 180 12 0
      vertex 150.944 9.9135 0
    endloop
  endfacet
  facet normal 0 0 -1
    outer loop
      vertex 150.651 10.0706 0
      vertex 180 12 0
      vertex 150.801 9.99927 0
    endloop
  endfacet
  facet normal 0 0 -1
    outer loop
      vertex 150.493 10.1268 0
      vertex 180 12 0
      vertex 150.651 10.0706 0
    endloop
  endfacet
  facet normal 0 0 -1
    outer loop
      vertex 150.332 10.1673 0
      vertex 180 12 0
      vertex 150.493 10.1268 0
    endloop
  endfacet
  facet normal 0 0 -1
    outer loop
      vertex 150.167 10.1918 0
      vertex 180 12 0
      vertex 150.332 10.1673 0
    endloop
  endfacet
  facet normal 0 0 -1
    outer loop
      vertex 150 10.2 0
      vertex 180 12 0
      vertex 150.167 10.1918 0
    endloop
  endfacet
  facet normal 0 0 -1
    outer loop
      vertex 120 12 0
      vertex 150 10.2 0
      vertex 149.833 10.1918 0
    endloop
  endfacet
  facet normal 0 0 -1
    outer loop
      vertex 150 10.2 0
      vertex 120 12 0
      vertex 180 12 0
    endloop
  endfacet
  facet normal 0 0 -1
    outer loop
      vertex 149.668 10.1673 0
      vertex 120 12 0
      vertex 149.833 10.1918 0
    endloop
  endfacet
  facet normal 0 0 -1
    outer loop
      vertex 149.507 10.1268 0
      vertex 120 12 0
      vertex 149.668 10.1673 0
    endloop
  endfacet
  facet normal 0 0 -1
    outer loop
      vertex 149.349 10.0706 0
      vertex 120 12 0
      vertex 149.507 10.1268 0
    endloop
  endfacet
  facet normal 0 0 -1
    outer loop
      vertex 149.199 9.99927 0
      vertex 120 12 0
      vertex 149.349 10.0706 0
    endloop
  endfacet
  facet normal 0 0 -1
    outer loop
      vertex 149.056 9.9135 0
      vertex 120 12 0
      vertex 149.199 9.99927 0
    endloop
  endfacet
  facet normal 0 0 -1
    outer loop
      vertex 148.922 9.81412 0
      vertex 120 12 0
      vertex 149.056 9.9135 0
    endloop
  endfacet
  facet normal 0 0 -1
    outer loop
      vertex 148.798 9.70208 0
      vertex 120 12 0
      vertex 148.922 9.81412 0
    endloop
  endfacet
  facet normal 0 0 -1
    outer loop
      vertex 148.686 9.57847 0
      vertex 120 12 0
      vertex 148.798 9.70208 0
    endloop
  endfacet
  facet normal 0 0 -1
    outer loop
      vertex 148.587 9.44447 0
      vertex 120 12 0
      vertex 148.686 9.57847 0
    endloop
  endfacet
  facet normal 0 0 -1
    outer loop
      vertex 148.501 9.30137 0
      vertex 120 12 0
      vertex 148.587 9.44447 0
    endloop
  endfacet
  facet normal 0 0 -1
    outer loop
      vertex 148.429 9.15056 0
      vertex 120 12 0
      vertex 148.501 9.30137 0
    endloop
  endfacet
  facet normal 0 0 -1
    outer loop
      vertex 148.373 8.99348 0
      vertex 120 12 0
      vertex 148.429 9.15056 0
    endloop
  endfacet
  facet normal 0 0 -1
    outer loop
      vertex 148.333 8.83165 0
      vertex 120 12 0
      vertex 148.373 8.99348 0
    endloop
  endfacet
  facet normal 0 0 -1
    outer loop
      vertex 148.308 8.66663 0
      vertex 120 12 0
      vertex 148.333 8.83165 0
    endloop
  endfacet
  facet normal 0 0 -1
    outer loop
      vertex 120 12 0
      vertex 148.308 8.66663 0
      vertex 148.3 8.5 0
    endloop
  endfacet
  facet normal 0 0 -1
    outer loop
      vertex 295.7 4.3 -3
      vertex 293.7 6.3 -3
      vertex 295.7 145.7 -3
    endloop
  endfacet
  facet normal 0 0 -1
    outer loop
      vertex 295.7 4.3 -3
      vertex 6.3 6.3 -3
      vertex 293.7 6.3 -3
    endloop
  endfacet
  facet normal -0 0 -1
    outer loop
      vertex 6.3 6.3 -3
      vertex 4.3 4.3 -3
      vertex 6.3 143.7 -3
    endloop
  endfacet
  facet normal 0 0 -1
    outer loop
      vertex 4.3 4.3 -3
      vertex 6.3 6.3 -3
      vertex 295.7 4.3 -3
    endloop
  endfacet
  facet normal 0 0 -1
    outer loop
      vertex 293.7 143.7 -3
      vertex 295.7 145.7 -3
      vertex 293.7 6.3 -3
    endloop
  endfacet
  facet normal 0 0 -1
    outer loop
      vertex 6.3 143.7 -3
      vertex 295.7 145.7 -3
      vertex 293.7 143.7 -3
    endloop
  endfacet
  facet normal 0 0 -1
    outer loop
      vertex 6.3 143.7 -3
      vertex 4.3 145.7 -3
      vertex 295.7 145.7 -3
    endloop
  endfacet
  facet normal 0 0 -1
    outer loop
      vertex 4.3 145.7 -3
      vertex 6.3 143.7 -3
      vertex 4.3 4.3 -3
    endloop
  endfacet
  facet normal -1 0 0
    outer loop
      vertex 4.3 4.3 -3
      vertex 4.3 145.7 0
      vertex 4.3 145.7 -3
    endloop
  endfacet
  facet normal -1 -0 0
    outer loop
      vertex 4.3 145.7 0
      vertex 4.3 4.3 -3
      vertex 4.3 4.3 0
    endloop
  endfacet
  facet normal 0 1 -0
    outer loop
      vertex 295.7 145.7 -3
      vertex 4.3 145.7 0
      vertex 295.7 145.7 0
    endloop
  endfacet
  facet normal 0 1 0
    outer loop
      vertex 4.3 145.7 0
      vertex 295.7 145.7 -3
      vertex 4.3 145.7 -3
    endloop
  endfacet
  facet normal 0 -1 0
    outer loop
      vertex 4.3 4.3 -3
      vertex 295.7 4.3 0
      vertex 4.3 4.3 0
    endloop
  endfacet
  facet normal 0 -1 -0
    outer loop
      vertex 295.7 4.3 0
      vertex 4.3 4.3 -3
      vertex 295.7 4.3 -3
    endloop
  endfacet
  facet normal -1 0 0
    outer loop
      vertex 293.7 6.3 -3
      vertex 293.7 143.7 0
      vertex 293.7 143.7 -3
    endloop
  endfacet
  facet normal -1 -0 0
    outer loop
      vertex 293.7 143.7 0
      vertex 293.7 6.3 -3
      vertex 293.7 6.3 0
    endloop
  endfacet
  facet normal 1 -0 0
    outer loop
      vertex 6.3 6.3 0
      vertex 6.3 143.7 -3
      vertex 6.3 143.7 0
    endloop
  endfacet
  facet normal 1 0 0
    outer loop
      vertex 6.3 143.7 -3
      vertex 6.3 6.3 0
      vertex 6.3 6.3 -3
    endloop
  endfacet
  facet normal 0 -1 0
    outer loop
      vertex 6.3 143.7 -3
      vertex 293.7 143.7 0
      vertex 6.3 143.7 0
    endloop
  endfacet
  facet normal 0 -1 -0
    outer loop
      vertex 293.7 143.7 0
      vertex 6.3 143.7 -3
      vertex 293.7 143.7 -3
    endloop
  endfacet
  facet normal 0 1 -0
    outer loop
      vertex 293.7 6.3 -3
      vertex 6.3 6.3 0
      vertex 293.7 6.3 0
    endloop
  endfacet
  facet normal 0 1 0
    outer loop
      vertex 6.3 6.3 0
      vertex 293.7 6.3 -3
      vertex 6.3 6.3 -3
    endloop
  endfacet
  facet normal 1 -0 0
    outer loop
      vertex 300 0 4
      vertex 300 150 0
      vertex 300 150 4
    endloop
  endfacet
  facet normal 1 0 0
    outer loop
      vertex 300 150 0
      vertex 300 0 4
      vertex 300 0 0
    endloop
  endfacet
  facet normal -0 0 1
    outer loop
      vertex 11.4272 140.287 4
      vertex 92.2362 105.943 4
      vertex 11.529 140.572 4
    endloop
  endfacet
  facet normal 0 0 1
    outer loop
      vertex 92 45 4
      vertex 11.6536 8.80179 4
      vertex 11.6684 8.5 4
    endloop
  endfacet
  facet normal 0 0 1
    outer loop
      vertex 92.2362 105.943 4
      vertex 11.4272 140.287 4
      vertex 92.1522 105.765 4
    endloop
  endfacet
  facet normal 0 0 1
    outer loop
      vertex 92 45 4
      vertex 11.6532 8.81056 4
      vertex 11.6536 8.80179 4
    endloop
  endfacet
  facet normal -0 0 1
    outer loop
      vertex 11.4235 140.28 4
      vertex 92.1522 105.765 4
      vertex 11.4272 140.287 4
    endloop
  endfacet
  facet normal 0 0 1
    outer loop
      vertex 92 45 4
      vertex 11.6519 8.81924 4
      vertex 11.6532 8.81056 4
    endloop
  endfacet
  facet normal -0 0 1
    outer loop
      vertex 11.2943 140.006 4
      vertex 92.1522 105.765 4
      vertex 11.4235 140.28 4
    endloop
  endfacet
  facet normal 0 0 1
    outer loop
      vertex 92 45 4
      vertex 11.6075 9.11813 4
      vertex 11.6519 8.81924 4
    endloop
  endfacet
  facet normal 0 0 1
    outer loop
      vertex 92.1522 105.765 4
      vertex 11.2943 140.006 4
      vertex 92.0861 105.581 4
    endloop
  endfacet
  facet normal 0 0 1
    outer loop
      vertex 92 45 4
      vertex 11.5341 9.41123 4
      vertex 11.6075 9.11813 4
    endloop
  endfacet
  facet normal -0 0 1
    outer loop
      vertex 11.139 139.747 4
      vertex 92.0861 105.581 4
      vertex 11.2943 140.006 4
    endloop
  endfacet
  facet normal 0 0 1
    outer loop
      vertex 92 45 4
      vertex 11.532 9.41974 4
      vertex 11.5341 9.41123 4
    endloop
  endfacet
  facet normal -0 0 1
    outer loop
      vertex 11.1344 139.74 4
      vertex 92.0861 105.581 4
      vertex 11.139 139.747 4
    endloop
  endfacet
  facet normal 0 0 1
    outer loop
      vertex 92 45 4
      vertex 11.529 9.42801 4
      vertex 11.532 9.41974 4
    endloop
  endfacet
  facet normal 0 0 1
    outer loop
      vertex 92.0861 105.581 4
      vertex 11.1344 139.74 4
      vertex 92.0384 105.39 4
    endloop
  endfacet
  facet normal 0 0 1
    outer loop
      vertex 92 45 4
      vertex 11.4272 9.7125 4
      vertex 11.529 9.42801 4
    endloop
  endfacet
  facet normal -0 0 1
    outer loop
      vertex 11.1292 139.733 4
      vertex 92.0384 105.39 4
      vertex 11.1344 139.74 4
    endloop
  endfacet
  facet normal 0 0 1
    outer loop
      vertex 92 45 4
      vertex 11.4235 9.72044 4
      vertex 11.4272 9.7125 4
    endloop
  endfacet
  facet normal -0 0 1
    outer loop
      vertex 10.9492 139.49 4
      vertex 92.0384 105.39 4
      vertex 11.1292 139.733 4
    endloop
  endfacet
  facet normal 0 0 1
    outer loop
      vertex 92 45 4
      vertex 11.2943 9.99358 4
      vertex 11.4235 9.72044 4
    endloop
  endfacet
  facet normal 0 0 1
    outer loop
      vertex 92.0384 105.39 4
      vertex 10.9492 139.49 4
      vertex 92.0096 105.196 4
    endloop
  endfacet
  facet normal 0 0 1
    outer loop
      vertex 92 45 4
      vertex 11.139 10.2527 4
      vertex 11.2943 9.99358 4
    endloop
  endfacet
  facet normal -0 0 1
    outer loop
      vertex 10.7463 139.266 4
      vertex 92.0096 105.196 4
      vertex 10.9492 139.49 4
    endloop
  endfacet
  facet normal 0 0 1
    outer loop
      vertex 92 45 4
      vertex 11.1344 10.2603 4
      vertex 11.139 10.2527 4
    endloop
  endfacet
  facet normal -0 0 1
    outer loop
      vertex 10.7404 139.26 4
      vertex 92.0096 105.196 4
      vertex 10.7463 139.266 4
    endloop
  endfacet
  facet normal 0 0 1
    outer loop
      vertex 92 45 4
      vertex 11.1292 10.2673 4
      vertex 11.1344 10.2603 4
    endloop
  endfacet
  facet normal 0 0 1
    outer loop
      vertex 92.0096 105.196 4
      vertex 10.7404 139.26 4
      vertex 92 105 4
    endloop
  endfacet
  facet normal 0 0 1
    outer loop
      vertex 92 45 4
      vertex 10.9492 10.51 4
      vertex 11.1292 10.2673 4
    endloop
  endfacet
  facet normal -0 0 1
    outer loop
      vertex 10.7339 139.254 4
      vertex 92 105 4
      vertex 10.7404 139.26 4
    endloop
  endfacet
  facet normal 0 0 1
    outer loop
      vertex 92 45 4
      vertex 10.7463 10.7339 4
      vertex 10.9492 10.51 4
    endloop
  endfacet
  facet normal -0 0 1
    outer loop
      vertex 10.51 139.051 4
      vertex 92 105 4
      vertex 10.7339 139.254 4
    endloop
  endfacet
  facet normal 0 0 1
    outer loop
      vertex 92 45 4
      vertex 10.7404 10.7404 4
      vertex 10.7463 10.7339 4
    endloop
  endfacet
  facet normal -0 0 1
    outer loop
      vertex 10.2673 138.871 4
      vertex 92 105 4
      vertex 10.51 139.051 4
    endloop
  endfacet
  facet normal 0 0 1
    outer loop
      vertex 92 45 4
      vertex 10.7339 10.7463 4
      vertex 10.7404 10.7404 4
    endloop
  endfacet
  facet normal -0 0 1
    outer loop
      vertex 10.2603 138.866 4
      vertex 92 105 4
      vertex 10.2673 138.871 4
    endloop
  endfacet
  facet normal 0 0 1
    outer loop
      vertex 92 45 4
      vertex 10.51 10.9492 4
      vertex 10.7339 10.7463 4
    endloop
  endfacet
  facet normal -0 0 1
    outer loop
      vertex 10.2527 138.861 4
      vertex 92 105 4
      vertex 10.2603 138.866 4
    endloop
  endfacet
  facet normal 0 0 1
    outer loop
      vertex 92 45 4
      vertex 10.2673 11.1292 4
      vertex 10.51 10.9492 4
    endloop
  endfacet
  facet normal -0 0 1
    outer loop
      vertex 9.99358 138.706 4
      vertex 92 105 4
      vertex 10.2527 138.861 4
    endloop
  endfacet
  facet normal 0 0 1
    outer loop
      vertex 92 45 4
      vertex 10.2603 11.1344 4
      vertex 10.2673 11.1292 4
    endloop
  endfacet
  facet normal -0 0 1
    outer loop
      vertex 9.72044 138.577 4
      vertex 92 105 4
      vertex 9.99358 138.706 4
    endloop
  endfacet
  facet normal 0 0 1
    outer loop
      vertex 92 45 4
      vertex 10.2527 11.139 4
      vertex 10.2603 11.1344 4
    endloop
  endfacet
  facet normal -0 0 1
    outer loop
      vertex 9.7125 138.573 4
      vertex 92 105 4
      vertex 9.72044 138.577 4
    endloop
  endfacet
  facet normal 0 0 1
    outer loop
      vertex 92 45 4
      vertex 9.99358 11.2943 4
      vertex 10.2527 11.139 4
    endloop
  endfacet
  facet normal 0 0 1
    outer loop
      vertex 92 105 4
      vertex 9.7125 138.573 4
      vertex 92 45 4
    endloop
  endfacet
  facet normal 0 0 1
    outer loop
      vertex 92 45 4
      vertex 9.72044 11.4235 4
      vertex 9.99358 11.2943 4
    endloop
  endfacet
  facet normal 0 0 1
    outer loop
      vertex 9.7125 11.4272 4
      vertex 92 45 4
      vertex 9.7125 138.573 4
    endloop
  endfacet
  facet normal 0 0 1
    outer loop
      vertex 92 45 4
      vertex 9.7125 11.4272 4
      vertex 9.72044 11.4235 4
    endloop
  endfacet
  facet normal -0 0 1
    outer loop
      vertex 9.42801 138.471 4
      vertex 9.7125 11.4272 4
      vertex 9.7125 138.573 4
    endloop
  endfacet
  facet normal 0 0 1
    outer loop
      vertex 9.42801 138.471 4
      vertex 9.42801 11.529 4
      vertex 9.7125 11.4272 4
    endloop
  endfacet
  facet normal -0 0 1
    outer loop
      vertex 9.41974 138.468 4
      vertex 9.42801 11.529 4
      vertex 9.42801 138.471 4
    endloop
  endfacet
  facet normal 0 0 1
    outer loop
      vertex 9.41974 138.468 4
      vertex 9.41974 11.532 4
      vertex 9.42801 11.529 4
    endloop
  endfacet
  facet normal -0 0 1
    outer loop
      vertex 9.41123 138.466 4
      vertex 9.41974 11.532 4
      vertex 9.41974 138.468 4
    endloop
  endfacet
  facet normal 0 0 1
    outer loop
      vertex 9.41123 138.466 4
      vertex 9.41123 11.5341 4
      vertex 9.41974 11.532 4
    endloop
  endfacet
  facet normal -0 0 1
    outer loop
      vertex 9.11813 138.392 4
      vertex 9.41123 11.5341 4
      vertex 9.41123 138.466 4
    endloop
  endfacet
  facet normal 0 0 1
    outer loop
      vertex 9.11813 138.392 4
      vertex 9.11813 11.6075 4
      vertex 9.41123 11.5341 4
    endloop
  endfacet
  facet normal -0 0 1
    outer loop
      vertex 8.81924 138.348 4
      vertex 9.11813 11.6075 4
      vertex 9.11813 138.392 4
    endloop
  endfacet
  facet normal 0 0 1
    outer loop
      vertex 8.81924 138.348 4
      vertex 8.81924 11.6519 4
      vertex 9.11813 11.6075 4
    endloop
  endfacet
  facet normal -0 0 1
    outer loop
      vertex 8.81056 138.347 4
      vertex 8.81924 11.6519 4
      vertex 8.81924 138.348 4
    endloop
  endfacet
  facet normal 0 0 1
    outer loop
      vertex 8.81056 138.347 4
      vertex 8.81056 11.6532 4
      vertex 8.81924 11.6519 4
    endloop
  endfacet
  facet normal -0 0 1
    outer loop
      vertex 8.80179 138.346 4
      vertex 8.81056 11.6532 4
      vertex 8.81056 138.347 4
    endloop
  endfacet
  facet normal 0 0 1
    outer loop
      vertex 8.80179 138.346 4
      vertex 8.80179 11.6536 4
      vertex 8.81056 11.6532 4
    endloop
  endfacet
  facet normal -0 0 1
    outer loop
      vertex 8.5 138.332 4
      vertex 8.80179 11.6536 4
      vertex 8.80179 138.346 4
    endloop
  endfacet
  facet normal 0 0 1
    outer loop
      vertex 8.5 138.332 4
      vertex 8.5 11.6684 4
      vertex 8.80179 11.6536 4
    endloop
  endfacet
  facet normal 0 0 1
    outer loop
      vertex 8.19821 138.346 4
      vertex 8.5 11.6684 4
      vertex 8.5 138.332 4
    endloop
  endfacet
  facet normal 0 0 1
    outer loop
      vertex 8.19821 138.346 4
      vertex 8.19821 11.6536 4
      vertex 8.5 11.6684 4
    endloop
  endfacet
  facet normal 0 0 1
    outer loop
      vertex 8.18944 138.347 4
      vertex 8.19821 11.6536 4
      vertex 8.19821 138.346 4
    endloop
  endfacet
  facet normal 0 0 1
    outer loop
      vertex 8.18944 138.347 4
      vertex 8.18944 11.6532 4
      vertex 8.19821 11.6536 4
    endloop
  endfacet
  facet normal 0 0 1
    outer loop
      vertex 8.18075 138.348 4
      vertex 8.18944 11.6532 4
      vertex 8.18944 138.347 4
    endloop
  endfacet
  facet normal 0 0 1
    outer loop
      vertex 8.18075 138.348 4
      vertex 8.18075 11.6519 4
      vertex 8.18944 11.6532 4
    endloop
  endfacet
  facet normal 0 0 1
    outer loop
      vertex 7.88187 138.392 4
      vertex 8.18075 11.6519 4
      vertex 8.18075 138.348 4
    endloop
  endfacet
  facet normal 0 0 1
    outer loop
      vertex 7.88187 138.392 4
      vertex 7.88187 11.6075 4
      vertex 8.18075 11.6519 4
    endloop
  endfacet
  facet normal 0 0 1
    outer loop
      vertex 7.58877 138.466 4
      vertex 7.88187 11.6075 4
      vertex 7.88187 138.392 4
    endloop
  endfacet
  facet normal 0 0 1
    outer loop
      vertex 7.58877 138.466 4
      vertex 7.58877 11.5341 4
      vertex 7.88187 11.6075 4
    endloop
  endfacet
  facet normal 0 0 1
    outer loop
      vertex 7.58026 138.468 4
      vertex 7.58877 11.5341 4
      vertex 7.58877 138.466 4
    endloop
  endfacet
  facet normal 0 0 1
    outer loop
      vertex 7.58026 138.468 4
      vertex 7.58026 11.532 4
      vertex 7.58877 11.5341 4
    endloop
  endfacet
  facet normal 0 0 1
    outer loop
      vertex 7.57199 138.471 4
      vertex 7.58026 11.532 4
      vertex 7.58026 138.468 4
    endloop
  endfacet
  facet normal 0 0 1
    outer loop
      vertex 7.57199 138.471 4
      vertex 7.57199 11.529 4
      vertex 7.58026 11.532 4
    endloop
  endfacet
  facet normal 0 0 1
    outer loop
      vertex 7.2875 138.573 4
      vertex 7.57199 11.529 4
      vertex 7.57199 138.471 4
    endloop
  endfacet
  facet normal 0 0 1
    outer loop
      vertex 7.2875 138.573 4
      vertex 7.2875 11.4272 4
      vertex 7.57199 11.529 4
    endloop
  endfacet
  facet normal 0 0 1
    outer loop
      vertex 7.27956 138.577 4
      vertex 7.2875 11.4272 4
      vertex 7.2875 138.573 4
    endloop
  endfacet
  facet normal 0 0 1
    outer loop
      vertex 7.27956 138.577 4
      vertex 7.27956 11.4235 4
      vertex 7.2875 11.4272 4
    endloop
  endfacet
  facet normal 0 0 1
    outer loop
      vertex 7.00642 138.706 4
      vertex 7.27956 11.4235 4
      vertex 7.27956 138.577 4
    endloop
  endfacet
  facet normal 0 0 1
    outer loop
      vertex 7.00642 138.706 4
      vertex 7.00642 11.2943 4
      vertex 7.27956 11.4235 4
    endloop
  endfacet
  facet normal 0 0 1
    outer loop
      vertex 6.74725 138.861 4
      vertex 7.00642 11.2943 4
      vertex 7.00642 138.706 4
    endloop
  endfacet
  facet normal 0 0 1
    outer loop
      vertex 6.74725 138.861 4
      vertex 6.74725 11.139 4
      vertex 7.00642 11.2943 4
    endloop
  endfacet
  facet normal 0 0 1
    outer loop
      vertex 6.73972 138.866 4
      vertex 6.74725 11.139 4
      vertex 6.74725 138.861 4
    endloop
  endfacet
  facet normal 0 0 1
    outer loop
      vertex 6.73972 138.866 4
      vertex 6.73972 11.1344 4
      vertex 6.74725 11.139 4
    endloop
  endfacet
  facet normal 0 0 1
    outer loop
      vertex 6.73267 138.871 4
      vertex 6.73972 11.1344 4
      vertex 6.73972 138.866 4
    endloop
  endfacet
  facet normal 0 0 1
    outer loop
      vertex 6.73267 138.871 4
      vertex 6.73267 11.1292 4
      vertex 6.73972 11.1344 4
    endloop
  endfacet
  facet normal 0 0 1
    outer loop
      vertex 6.48997 139.051 4
      vertex 6.73267 11.1292 4
      vertex 6.73267 138.871 4
    endloop
  endfacet
  facet normal 0 0 1
    outer loop
      vertex 6.48997 139.051 4
      vertex 6.48997 10.9492 4
      vertex 6.73267 11.1292 4
    endloop
  endfacet
  facet normal 0 0 1
    outer loop
      vertex 6.26609 139.254 4
      vertex 6.48997 10.9492 4
      vertex 6.48997 139.051 4
    endloop
  endfacet
  facet normal 0 0 1
    outer loop
      vertex 6.26609 139.254 4
      vertex 6.26609 10.7463 4
      vertex 6.48997 10.9492 4
    endloop
  endfacet
  facet normal 0 0 1
    outer loop
      vertex 6.25959 139.26 4
      vertex 6.26609 10.7463 4
      vertex 6.26609 139.254 4
    endloop
  endfacet
  facet normal 0 0 1
    outer loop
      vertex 6.25959 139.26 4
      vertex 6.25959 10.7404 4
      vertex 6.26609 10.7463 4
    endloop
  endfacet
  facet normal 0 0 1
    outer loop
      vertex 6.25369 139.266 4
      vertex 6.25959 10.7404 4
      vertex 6.25959 139.26 4
    endloop
  endfacet
  facet normal 0 0 1
    outer loop
      vertex 6.25369 139.266 4
      vertex 6.25369 10.7339 4
      vertex 6.25959 10.7404 4
    endloop
  endfacet
  facet normal 0 0 1
    outer loop
      vertex 6.05078 139.49 4
      vertex 6.25369 10.7339 4
      vertex 6.25369 139.266 4
    endloop
  endfacet
  facet normal 0 0 1
    outer loop
      vertex 6.05078 139.49 4
      vertex 6.05078 10.51 4
      vertex 6.25369 10.7339 4
    endloop
  endfacet
  facet normal 0 0 1
    outer loop
      vertex 5.87078 139.733 4
      vertex 6.05078 10.51 4
      vertex 6.05078 139.49 4
    endloop
  endfacet
  facet normal 0 0 1
    outer loop
      vertex 5.87078 139.733 4
      vertex 5.87078 10.2673 4
      vertex 6.05078 10.51 4
    endloop
  endfacet
  facet normal 0 0 1
    outer loop
      vertex 5.86555 139.74 4
      vertex 5.87078 10.2673 4
      vertex 5.87078 139.733 4
    endloop
  endfacet
  facet normal 0 0 1
    outer loop
      vertex 5.86555 139.74 4
      vertex 5.86555 10.2603 4
      vertex 5.87078 10.2673 4
    endloop
  endfacet
  facet normal 0 0 1
    outer loop
      vertex 5.86104 139.747 4
      vertex 5.86555 10.2603 4
      vertex 5.86555 139.74 4
    endloop
  endfacet
  facet normal 0 0 1
    outer loop
      vertex 5.86104 139.747 4
      vertex 5.86104 10.2527 4
      vertex 5.86555 10.2603 4
    endloop
  endfacet
  facet normal 0 0 1
    outer loop
      vertex 5.7057 140.006 4
      vertex 5.86104 10.2527 4
      vertex 5.86104 139.747 4
    endloop
  endfacet
  facet normal 0 0 1
    outer loop
      vertex 5.7057 140.006 4
      vertex 5.7057 9.99358 4
      vertex 5.86104 10.2527 4
    endloop
  endfacet
  facet normal 0 0 1
    outer loop
      vertex 0 150 4
      vertex 5.7057 140.006 4
      vertex 5.57651 140.28 4
    endloop
  endfacet
  facet normal 0 0 1
    outer loop
      vertex 5.7057 140.006 4
      vertex 0 150 4
      vertex 5.7057 9.99358 4
    endloop
  endfacet
  facet normal 0 0 1
    outer loop
      vertex 0 150 4
      vertex 5.57651 140.28 4
      vertex 5.57276 140.287 4
    endloop
  endfacet
  facet normal 0 0 1
    outer loop
      vertex 0 0 4
      vertex 5.7057 9.99358 4
      vertex 0 150 4
    endloop
  endfacet
  facet normal 0 0 1
    outer loop
      vertex 0 150 4
      vertex 5.57276 140.287 4
      vertex 5.47097 140.572 4
    endloop
  endfacet
  facet normal 0 0 1
    outer loop
      vertex 5.7057 9.99358 4
      vertex 0 0 4
      vertex 5.57651 9.72044 4
    endloop
  endfacet
  facet normal 0 0 1
    outer loop
      vertex 0 150 4
      vertex 5.47097 140.572 4
      vertex 5.46801 140.58 4
    endloop
  endfacet
  facet normal 0 0 1
    outer loop
      vertex 5.57651 9.72044 4
      vertex 0 0 4
      vertex 5.57276 9.7125 4
    endloop
  endfacet
  facet normal 0 0 1
    outer loop
      vertex 0 150 4
      vertex 5.46801 140.58 4
      vertex 5.46588 140.589 4
    endloop
  endfacet
  facet normal 0 0 1
    outer loop
      vertex 5.57276 9.7125 4
      vertex 0 0 4
      vertex 5.47097 9.42801 4
    endloop
  endfacet
  facet normal 0 0 1
    outer loop
      vertex 0 150 4
      vertex 5.46588 140.589 4
      vertex 5.39246 140.882 4
    endloop
  endfacet
  facet normal 0 0 1
    outer loop
      vertex 5.47097 9.42801 4
      vertex 0 0 4
      vertex 5.46801 9.41974 4
    endloop
  endfacet
  facet normal 0 0 1
    outer loop
      vertex 0 150 4
      vertex 5.39246 140.882 4
      vertex 5.34812 141.181 4
    endloop
  endfacet
  facet normal 0 0 1
    outer loop
      vertex 5.46801 9.41974 4
      vertex 0 0 4
      vertex 5.46588 9.41123 4
    endloop
  endfacet
  facet normal 0 0 1
    outer loop
      vertex 0 150 4
      vertex 5.34812 141.181 4
      vertex 5.34683 141.189 4
    endloop
  endfacet
  facet normal 0 0 1
    outer loop
      vertex 5.46588 9.41123 4
      vertex 0 0 4
      vertex 5.39246 9.11813 4
    endloop
  endfacet
  facet normal 0 0 1
    outer loop
      vertex 0 150 4
      vertex 5.34683 141.189 4
      vertex 5.3464 141.198 4
    endloop
  endfacet
  facet normal 0 0 1
    outer loop
      vertex 5.39246 9.11813 4
      vertex 0 0 4
      vertex 5.34812 8.81924 4
    endloop
  endfacet
  facet normal 0 0 1
    outer loop
      vertex 0 150 4
      vertex 5.3464 141.198 4
      vertex 5.33158 141.5 4
    endloop
  endfacet
  facet normal 0 0 1
    outer loop
      vertex 5.34812 8.81924 4
      vertex 0 0 4
      vertex 5.34683 8.81056 4
    endloop
  endfacet
  facet normal 0 0 1
    outer loop
      vertex 180 12 4
      vertex 153.154 8.80179 4
      vertex 153.168 8.5 4
    endloop
  endfacet
  facet normal 0 0 1
    outer loop
      vertex 180 12 4
      vertex 153.153 8.81056 4
      vertex 153.154 8.80179 4
    endloop
  endfacet
  facet normal 0 0 1
    outer loop
      vertex 180 12 4
      vertex 153.152 8.81924 4
      vertex 153.153 8.81056 4
    endloop
  endfacet
  facet normal 0 0 1
    outer loop
      vertex 180 12 4
      vertex 153.108 9.11813 4
      vertex 153.152 8.81924 4
    endloop
  endfacet
  facet normal 0 0 1
    outer loop
      vertex 180 12 4
      vertex 153.034 9.41123 4
      vertex 153.108 9.11813 4
    endloop
  endfacet
  facet normal 0 0 1
    outer loop
      vertex 180 12 4
      vertex 153.032 9.41974 4
      vertex 153.034 9.41123 4
    endloop
  endfacet
  facet normal 0 0 1
    outer loop
      vertex 180 12 4
      vertex 153.029 9.42801 4
      vertex 153.032 9.41974 4
    endloop
  endfacet
  facet normal 0 0 1
    outer loop
      vertex 180 12 4
      vertex 152.927 9.7125 4
      vertex 153.029 9.42801 4
    endloop
  endfacet
  facet normal 0 0 1
    outer loop
      vertex 180 12 4
      vertex 152.923 9.72044 4
      vertex 152.927 9.7125 4
    endloop
  endfacet
  facet normal 0 0 1
    outer loop
      vertex 180 12 4
      vertex 152.794 9.99358 4
      vertex 152.923 9.72044 4
    endloop
  endfacet
  facet normal 0 0 1
    outer loop
      vertex 180 12 4
      vertex 152.639 10.2527 4
      vertex 152.794 9.99358 4
    endloop
  endfacet
  facet normal 0 0 1
    outer loop
      vertex 180 12 4
      vertex 152.634 10.2603 4
      vertex 152.639 10.2527 4
    endloop
  endfacet
  facet normal 0 0 1
    outer loop
      vertex 180 12 4
      vertex 152.629 10.2673 4
      vertex 152.634 10.2603 4
    endloop
  endfacet
  facet normal 0 0 1
    outer loop
      vertex 180 12 4
      vertex 152.449 10.51 4
      vertex 152.629 10.2673 4
    endloop
  endfacet
  facet normal 0 0 1
    outer loop
      vertex 180 12 4
      vertex 152.246 10.7339 4
      vertex 152.449 10.51 4
    endloop
  endfacet
  facet normal 0 0 1
    outer loop
      vertex 180 12 4
      vertex 152.24 10.7404 4
      vertex 152.246 10.7339 4
    endloop
  endfacet
  facet normal 0 0 1
    outer loop
      vertex 180 12 4
      vertex 152.234 10.7463 4
      vertex 152.24 10.7404 4
    endloop
  endfacet
  facet normal 0 0 1
    outer loop
      vertex 180 12 4
      vertex 152.01 10.9492 4
      vertex 152.234 10.7463 4
    endloop
  endfacet
  facet normal 0 0 1
    outer loop
      vertex 180 12 4
      vertex 151.767 11.1292 4
      vertex 152.01 10.9492 4
    endloop
  endfacet
  facet normal 0 0 1
    outer loop
      vertex 180 12 4
      vertex 151.76 11.1344 4
      vertex 151.767 11.1292 4
    endloop
  endfacet
  facet normal 0 0 1
    outer loop
      vertex 180 12 4
      vertex 151.753 11.139 4
      vertex 151.76 11.1344 4
    endloop
  endfacet
  facet normal 0 0 1
    outer loop
      vertex 180 12 4
      vertex 151.494 11.2943 4
      vertex 151.753 11.139 4
    endloop
  endfacet
  facet normal 0 0 1
    outer loop
      vertex 180 12 4
      vertex 151.22 11.4235 4
      vertex 151.494 11.2943 4
    endloop
  endfacet
  facet normal 0 0 1
    outer loop
      vertex 180 12 4
      vertex 151.213 11.4272 4
      vertex 151.22 11.4235 4
    endloop
  endfacet
  facet normal 0 0 1
    outer loop
      vertex 180 12 4
      vertex 150.928 11.529 4
      vertex 151.213 11.4272 4
    endloop
  endfacet
  facet normal 0 0 1
    outer loop
      vertex 180 12 4
      vertex 150.92 11.532 4
      vertex 150.928 11.529 4
    endloop
  endfacet
  facet normal 0 0 1
    outer loop
      vertex 180 12 4
      vertex 150.911 11.5341 4
      vertex 150.92 11.532 4
    endloop
  endfacet
  facet normal 0 0 1
    outer loop
      vertex 180 12 4
      vertex 150.618 11.6075 4
      vertex 150.911 11.5341 4
    endloop
  endfacet
  facet normal 0 0 1
    outer loop
      vertex 180 12 4
      vertex 150.319 11.6519 4
      vertex 150.618 11.6075 4
    endloop
  endfacet
  facet normal 0 0 1
    outer loop
      vertex 180 12 4
      vertex 150.311 11.6532 4
      vertex 150.319 11.6519 4
    endloop
  endfacet
  facet normal 0 0 1
    outer loop
      vertex 180 12 4
      vertex 150.302 11.6536 4
      vertex 150.311 11.6532 4
    endloop
  endfacet
  facet normal 0 0 1
    outer loop
      vertex 180 12 4
      vertex 150 11.6684 4
      vertex 150.302 11.6536 4
    endloop
  endfacet
  facet normal 0 0 1
    outer loop
      vertex 150 11.6684 4
      vertex 149.689 11.6532 4
      vertex 149.698 11.6536 4
    endloop
  endfacet
  facet normal 0 0 1
    outer loop
      vertex 149.689 11.6532 4
      vertex 149.382 11.6075 4
      vertex 149.681 11.6519 4
    endloop
  endfacet
  facet normal 0 0 1
    outer loop
      vertex 148.787 11.4272 4
      vertex 148.506 11.2943 4
      vertex 148.78 11.4235 4
    endloop
  endfacet
  facet normal 0 0 -1
    outer loop
      vertex 148.506 11.2943 4
      vertex 148.24 11.1344 4
      vertex 148.247 11.139 4
    endloop
  endfacet
  facet normal 0 0 1
    outer loop
      vertex 148.24 11.1344 4
      vertex 147.99 10.9492 4
      vertex 148.233 11.1292 4
    endloop
  endfacet
  facet normal 0 0 -1
    outer loop
      vertex 147.99 10.9492 4
      vertex 147.76 10.7404 4
      vertex 147.766 10.7463 4
    endloop
  endfacet
  facet normal 0 0 -1
    outer loop
      vertex 147.76 10.7404 4
      vertex 147.551 10.51 4
      vertex 147.754 10.7339 4
    endloop
  endfacet
  facet normal 0 0 -1
    outer loop
      vertex 147.551 10.51 4
      vertex 147.366 10.2603 4
      vertex 147.371 10.2673 4
    endloop
  endfacet
  facet normal 0 0 1
    outer loop
      vertex 120 12 4
      vertex 146.971 9.42801 4
      vertex 147.073 9.7125 4
    endloop
  endfacet
  facet normal 0 0 1
    outer loop
      vertex 146.968 9.41974 4
      vertex 146.892 9.11813 4
      vertex 146.966 9.41123 4
    endloop
  endfacet
  facet normal 0 0 1
    outer loop
      vertex 120 12 4
      vertex 146.848 8.81924 4
      vertex 146.892 9.11813 4
    endloop
  endfacet
  facet normal 0 0 1
    outer loop
      vertex 120 12 4
      vertex 146.846 8.80179 4
      vertex 146.847 8.81056 4
    endloop
  endfacet
  facet normal 0 0 1
    outer loop
      vertex 146.846 8.80179 4
      vertex 120 12 4
      vertex 146.832 8.5 4
    endloop
  endfacet
  facet normal 0 0 1
    outer loop
      vertex 146.848 8.81924 4
      vertex 120 12 4
      vertex 146.847 8.81056 4
    endloop
  endfacet
  facet normal 0 0 1
    outer loop
      vertex 146.968 9.41974 4
      vertex 120 12 4
      vertex 146.892 9.11813 4
    endloop
  endfacet
  facet normal 0 0 1
    outer loop
      vertex 146.971 9.42801 4
      vertex 120 12 4
      vertex 146.968 9.41974 4
    endloop
  endfacet
  facet normal 0 0 1
    outer loop
      vertex 147.077 9.72044 4
      vertex 120 12 4
      vertex 147.073 9.7125 4
    endloop
  endfacet
  facet normal 0 0 1
    outer loop
      vertex 147.206 9.99358 4
      vertex 120 12 4
      vertex 147.077 9.72044 4
    endloop
  endfacet
  facet normal 0 0 1
    outer loop
      vertex 147.361 10.2527 4
      vertex 120 12 4
      vertex 147.206 9.99358 4
    endloop
  endfacet
  facet normal 0 0 1
    outer loop
      vertex 147.366 10.2603 4
      vertex 120 12 4
      vertex 147.361 10.2527 4
    endloop
  endfacet
  facet normal 0 0 1
    outer loop
      vertex 147.551 10.51 4
      vertex 120 12 4
      vertex 147.366 10.2603 4
    endloop
  endfacet
  facet normal 0 0 1
    outer loop
      vertex 147.76 10.7404 4
      vertex 120 12 4
      vertex 147.551 10.51 4
    endloop
  endfacet
  facet normal 0 0 1
    outer loop
      vertex 147.99 10.9492 4
      vertex 120 12 4
      vertex 147.76 10.7404 4
    endloop
  endfacet
  facet normal 0 0 1
    outer loop
      vertex 148.24 11.1344 4
      vertex 120 12 4
      vertex 147.99 10.9492 4
    endloop
  endfacet
  facet normal 0 0 1
    outer loop
      vertex 148.506 11.2943 4
      vertex 120 12 4
      vertex 148.24 11.1344 4
    endloop
  endfacet
  facet normal 0 0 1
    outer loop
      vertex 148.787 11.4272 4
      vertex 120 12 4
      vertex 148.506 11.2943 4
    endloop
  endfacet
  facet normal 0 0 1
    outer loop
      vertex 149.072 11.529 4
      vertex 120 12 4
      vertex 148.787 11.4272 4
    endloop
  endfacet
  facet normal 0 0 1
    outer loop
      vertex 149.08 11.532 4
      vertex 120 12 4
      vertex 149.072 11.529 4
    endloop
  endfacet
  facet normal 0 0 1
    outer loop
      vertex 149.089 11.5341 4
      vertex 120 12 4
      vertex 149.08 11.532 4
    endloop
  endfacet
  facet normal 0 0 1
    outer loop
      vertex 149.382 11.6075 4
      vertex 120 12 4
      vertex 149.089 11.5341 4
    endloop
  endfacet
  facet normal 0 0 1
    outer loop
      vertex 149.689 11.6532 4
      vertex 120 12 4
      vertex 149.382 11.6075 4
    endloop
  endfacet
  facet normal 0 0 1
    outer loop
      vertex 150 11.6684 4
      vertex 120 12 4
      vertex 149.689 11.6532 4
    endloop
  endfacet
  facet normal -0 0 1
    outer loop
      vertex 120 12 4
      vertex 150 11.6684 4
      vertex 180 12 4
    endloop
  endfacet
  facet normal 0 0 1
    outer loop
      vertex 294.652 141.181 4
      vertex 300 150 4
      vertex 294.653 141.189 4
    endloop
  endfacet
  facet normal 0 0 1
    outer loop
      vertex 300 0 4
      vertex 294.654 8.80179 4
      vertex 294.668 8.5 4
    endloop
  endfacet
  facet normal 0 0 1
    outer loop
      vertex 294.608 140.882 4
      vertex 300 150 4
      vertex 294.652 141.181 4
    endloop
  endfacet
  facet normal 0 0 1
    outer loop
      vertex 300 0 4
      vertex 294.653 8.81056 4
      vertex 294.654 8.80179 4
    endloop
  endfacet
  facet normal 0 0 1
    outer loop
      vertex 294.534 140.589 4
      vertex 300 150 4
      vertex 294.608 140.882 4
    endloop
  endfacet
  facet normal 0 0 1
    outer loop
      vertex 300 0 4
      vertex 294.652 8.81924 4
      vertex 294.653 8.81056 4
    endloop
  endfacet
  facet normal 0 0 1
    outer loop
      vertex 294.532 140.58 4
      vertex 300 150 4
      vertex 294.534 140.589 4
    endloop
  endfacet
  facet normal 0 0 1
    outer loop
      vertex 300 0 4
      vertex 294.608 9.11813 4
      vertex 294.652 8.81924 4
    endloop
  endfacet
  facet normal 0 0 1
    outer loop
      vertex 294.529 140.572 4
      vertex 300 150 4
      vertex 294.532 140.58 4
    endloop
  endfacet
  facet normal 0 0 1
    outer loop
      vertex 300 0 4
      vertex 294.534 9.41123 4
      vertex 294.608 9.11813 4
    endloop
  endfacet
  facet normal 0 0 1
    outer loop
      vertex 294.427 140.287 4
      vertex 300 150 4
      vertex 294.529 140.572 4
    endloop
  endfacet
  facet normal 0 0 1
    outer loop
      vertex 300 0 4
      vertex 294.532 9.41974 4
      vertex 294.534 9.41123 4
    endloop
  endfacet
  facet normal 0 0 1
    outer loop
      vertex 294.423 140.28 4
      vertex 300 150 4
      vertex 294.427 140.287 4
    endloop
  endfacet
  facet normal 0 0 1
    outer loop
      vertex 300 0 4
      vertex 294.529 9.42801 4
      vertex 294.532 9.41974 4
    endloop
  endfacet
  facet normal 0 0 1
    outer loop
      vertex 294.294 140.006 4
      vertex 300 150 4
      vertex 294.423 140.28 4
    endloop
  endfacet
  facet normal 0 0 1
    outer loop
      vertex 300 0 4
      vertex 294.427 9.7125 4
      vertex 294.529 9.42801 4
    endloop
  endfacet
  facet normal 0 0 1
    outer loop
      vertex 300 150 4
      vertex 294.294 140.006 4
      vertex 300 0 4
    endloop
  endfacet
  facet normal 0 0 1
    outer loop
      vertex 300 0 4
      vertex 294.423 9.72044 4
      vertex 294.427 9.7125 4
    endloop
  endfacet
  facet normal -0 0 1
    outer loop
      vertex 294.294 9.99358 4
      vertex 300 0 4
      vertex 294.294 140.006 4
    endloop
  endfacet
  facet normal 0 0 1
    outer loop
      vertex 300 0 4
      vertex 294.294 9.99358 4
      vertex 294.423 9.72044 4
    endloop
  endfacet
  facet normal -0 0 1
    outer loop
      vertex 294.139 139.747 4
      vertex 294.294 9.99358 4
      vertex 294.294 140.006 4
    endloop
  endfacet
  facet normal 0 0 1
    outer loop
      vertex 294.139 139.747 4
      vertex 294.139 10.2527 4
      vertex 294.294 9.99358 4
    endloop
  endfacet
  facet normal -0 0 1
    outer loop
      vertex 294.134 139.74 4
      vertex 294.139 10.2527 4
      vertex 294.139 139.747 4
    endloop
  endfacet
  facet normal 0 0 1
    outer loop
      vertex 294.134 139.74 4
      vertex 294.134 10.2603 4
      vertex 294.139 10.2527 4
    endloop
  endfacet
  facet normal -0 0 1
    outer loop
      vertex 294.129 139.733 4
      vertex 294.134 10.2603 4
      vertex 294.134 139.74 4
    endloop
  endfacet
  facet normal 0 0 1
    outer loop
      vertex 294.129 139.733 4
      vertex 294.129 10.2673 4
      vertex 294.134 10.2603 4
    endloop
  endfacet
  facet normal -0 0 1
    outer loop
      vertex 293.949 139.49 4
      vertex 294.129 10.2673 4
      vertex 294.129 139.733 4
    endloop
  endfacet
  facet normal 0 0 1
    outer loop
      vertex 293.949 139.49 4
      vertex 293.949 10.51 4
      vertex 294.129 10.2673 4
    endloop
  endfacet
  facet normal -0 0 1
    outer loop
      vertex 293.746 139.266 4
      vertex 293.949 10.51 4
      vertex 293.949 139.49 4
    endloop
  endfacet
  facet normal 0 0 1
    outer loop
      vertex 293.746 139.266 4
      vertex 293.746 10.7339 4
      vertex 293.949 10.51 4
    endloop
  endfacet
  facet normal -0 0 1
    outer loop
      vertex 293.74 139.26 4
      vertex 293.746 10.7339 4
      vertex 293.746 139.266 4
    endloop
  endfacet
  facet normal 0 0 1
    outer loop
      vertex 293.74 139.26 4
      vertex 293.74 10.7404 4
      vertex 293.746 10.7339 4
    endloop
  endfacet
  facet normal -0 0 1
    outer loop
      vertex 293.734 139.254 4
      vertex 293.74 10.7404 4
      vertex 293.74 139.26 4
    endloop
  endfacet
  facet normal 0 0 1
    outer loop
      vertex 293.734 139.254 4
      vertex 293.734 10.7463 4
      vertex 293.74 10.7404 4
    endloop
  endfacet
  facet normal -0 0 1
    outer loop
      vertex 293.51 139.051 4
      vertex 293.734 10.7463 4
      vertex 293.734 139.254 4
    endloop
  endfacet
  facet normal 0 0 1
    outer loop
      vertex 293.51 139.051 4
      vertex 293.51 10.9492 4
      vertex 293.734 10.7463 4
    endloop
  endfacet
  facet normal -0 0 1
    outer loop
      vertex 293.267 138.871 4
      vertex 293.51 10.9492 4
      vertex 293.51 139.051 4
    endloop
  endfacet
  facet normal 0 0 1
    outer loop
      vertex 293.267 138.871 4
      vertex 293.267 11.1292 4
      vertex 293.51 10.9492 4
    endloop
  endfacet
  facet normal -0 0 1
    outer loop
      vertex 293.26 138.866 4
      vertex 293.267 11.1292 4
      vertex 293.267 138.871 4
    endloop
  endfacet
  facet normal 0 0 1
    outer loop
      vertex 293.26 138.866 4
      vertex 293.26 11.1344 4
      vertex 293.267 11.1292 4
    endloop
  endfacet
  facet normal -0 0 1
    outer loop
      vertex 293.253 138.861 4
      vertex 293.26 11.1344 4
      vertex 293.26 138.866 4
    endloop
  endfacet
  facet normal 0 0 1
    outer loop
      vertex 293.253 138.861 4
      vertex 293.253 11.139 4
      vertex 293.26 11.1344 4
    endloop
  endfacet
  facet normal -0 0 1
    outer loop
      vertex 292.994 138.706 4
      vertex 293.253 11.139 4
      vertex 293.253 138.861 4
    endloop
  endfacet
  facet normal 0 0 1
    outer loop
      vertex 292.994 138.706 4
      vertex 292.994 11.2943 4
      vertex 293.253 11.139 4
    endloop
  endfacet
  facet normal -0 0 1
    outer loop
      vertex 292.72 138.577 4
      vertex 292.994 11.2943 4
      vertex 292.994 138.706 4
    endloop
  endfacet
  facet normal 0 0 1
    outer loop
      vertex 292.72 138.577 4
      vertex 292.72 11.4235 4
      vertex 292.994 11.2943 4
    endloop
  endfacet
  facet normal -0 0 1
    outer loop
      vertex 292.712 138.573 4
      vertex 292.72 11.4235 4
      vertex 292.72 138.577 4
    endloop
  endfacet
  facet normal 0 0 1
    outer loop
      vertex 292.712 138.573 4
      vertex 292.712 11.4272 4
      vertex 292.72 11.4235 4
    endloop
  endfacet
  facet normal -0 0 1
    outer loop
      vertex 292.428 138.471 4
      vertex 292.712 11.4272 4
      vertex 292.712 138.573 4
    endloop
  endfacet
  facet normal 0 0 1
    outer loop
      vertex 292.428 138.471 4
      vertex 292.428 11.529 4
      vertex 292.712 11.4272 4
    endloop
  endfacet
  facet normal -0 0 1
    outer loop
      vertex 292.42 138.468 4
      vertex 292.428 11.529 4
      vertex 292.428 138.471 4
    endloop
  endfacet
  facet normal 0 0 1
    outer loop
      vertex 292.42 138.468 4
      vertex 292.42 11.532 4
      vertex 292.428 11.529 4
    endloop
  endfacet
  facet normal -0 0 1
    outer loop
      vertex 292.411 138.466 4
      vertex 292.42 11.532 4
      vertex 292.42 138.468 4
    endloop
  endfacet
  facet normal 0 0 1
    outer loop
      vertex 292.411 138.466 4
      vertex 292.411 11.5341 4
      vertex 292.42 11.532 4
    endloop
  endfacet
  facet normal -0 0 1
    outer loop
      vertex 292.118 138.392 4
      vertex 292.411 11.5341 4
      vertex 292.411 138.466 4
    endloop
  endfacet
  facet normal 0 0 1
    outer loop
      vertex 292.118 138.392 4
      vertex 292.118 11.6075 4
      vertex 292.411 11.5341 4
    endloop
  endfacet
  facet normal -0 0 1
    outer loop
      vertex 291.819 138.348 4
      vertex 292.118 11.6075 4
      vertex 292.118 138.392 4
    endloop
  endfacet
  facet normal 0 0 1
    outer loop
      vertex 291.819 138.348 4
      vertex 291.819 11.6519 4
      vertex 292.118 11.6075 4
    endloop
  endfacet
  facet normal -0 0 1
    outer loop
      vertex 291.811 138.347 4
      vertex 291.819 11.6519 4
      vertex 291.819 138.348 4
    endloop
  endfacet
  facet normal 0 0 1
    outer loop
      vertex 291.811 138.347 4
      vertex 291.811 11.6532 4
      vertex 291.819 11.6519 4
    endloop
  endfacet
  facet normal -0 0 1
    outer loop
      vertex 291.802 138.346 4
      vertex 291.811 11.6532 4
      vertex 291.811 138.347 4
    endloop
  endfacet
  facet normal 0 0 1
    outer loop
      vertex 291.802 138.346 4
      vertex 291.802 11.6536 4
      vertex 291.811 11.6532 4
    endloop
  endfacet
  facet normal -0 0 1
    outer loop
      vertex 291.5 138.332 4
      vertex 291.802 11.6536 4
      vertex 291.802 138.346 4
    endloop
  endfacet
  facet normal 0 0 1
    outer loop
      vertex 291.5 138.332 4
      vertex 291.5 11.6684 4
      vertex 291.802 11.6536 4
    endloop
  endfacet
  facet normal 0 0 1
    outer loop
      vertex 291.198 138.346 4
      vertex 291.5 11.6684 4
      vertex 291.5 138.332 4
    endloop
  endfacet
  facet normal 0 0 1
    outer loop
      vertex 291.198 138.346 4
      vertex 291.198 11.6536 4
      vertex 291.5 11.6684 4
    endloop
  endfacet
  facet normal 0 0 1
    outer loop
      vertex 291.189 138.347 4
      vertex 291.198 11.6536 4
      vertex 291.198 138.346 4
    endloop
  endfacet
  facet normal 0 0 1
    outer loop
      vertex 291.189 138.347 4
      vertex 291.189 11.6532 4
      vertex 291.198 11.6536 4
    endloop
  endfacet
  facet normal 0 0 1
    outer loop
      vertex 291.181 138.348 4
      vertex 291.189 11.6532 4
      vertex 291.189 138.347 4
    endloop
  endfacet
  facet normal 0 0 1
    outer loop
      vertex 291.181 138.348 4
      vertex 291.181 11.6519 4
      vertex 291.189 11.6532 4
    endloop
  endfacet
  facet normal 0 0 1
    outer loop
      vertex 290.882 138.392 4
      vertex 291.181 11.6519 4
      vertex 291.181 138.348 4
    endloop
  endfacet
  facet normal 0 0 1
    outer loop
      vertex 290.882 138.392 4
      vertex 290.882 11.6075 4
      vertex 291.181 11.6519 4
    endloop
  endfacet
  facet normal 0 0 1
    outer loop
      vertex 290.589 138.466 4
      vertex 290.882 11.6075 4
      vertex 290.882 138.392 4
    endloop
  endfacet
  facet normal 0 0 1
    outer loop
      vertex 290.589 138.466 4
      vertex 290.589 11.5341 4
      vertex 290.882 11.6075 4
    endloop
  endfacet
  facet normal 0 0 1
    outer loop
      vertex 290.58 138.468 4
      vertex 290.589 11.5341 4
      vertex 290.589 138.466 4
    endloop
  endfacet
  facet normal 0 0 1
    outer loop
      vertex 290.58 138.468 4
      vertex 290.58 11.532 4
      vertex 290.589 11.5341 4
    endloop
  endfacet
  facet normal 0 0 1
    outer loop
      vertex 290.572 138.471 4
      vertex 290.58 11.532 4
      vertex 290.58 138.468 4
    endloop
  endfacet
  facet normal 0 0 1
    outer loop
      vertex 290.572 138.471 4
      vertex 290.572 11.529 4
      vertex 290.58 11.532 4
    endloop
  endfacet
  facet normal 0 0 1
    outer loop
      vertex 290.288 138.573 4
      vertex 290.572 11.529 4
      vertex 290.572 138.471 4
    endloop
  endfacet
  facet normal 0 0 1
    outer loop
      vertex 290.288 138.573 4
      vertex 290.288 11.4272 4
      vertex 290.572 11.529 4
    endloop
  endfacet
  facet normal 0 0 1
    outer loop
      vertex 208 105 4
      vertex 290.288 138.573 4
      vertex 290.28 138.577 4
    endloop
  endfacet
  facet normal 0 0 1
    outer loop
      vertex 290.288 138.573 4
      vertex 208 105 4
      vertex 290.288 11.4272 4
    endloop
  endfacet
  facet normal 0 0 1
    outer loop
      vertex 208 105 4
      vertex 290.28 138.577 4
      vertex 290.006 138.706 4
    endloop
  endfacet
  facet normal -0 0 1
    outer loop
      vertex 208 45 4
      vertex 290.288 11.4272 4
      vertex 208 105 4
    endloop
  endfacet
  facet normal 0 0 1
    outer loop
      vertex 208 105 4
      vertex 290.006 138.706 4
      vertex 289.747 138.861 4
    endloop
  endfacet
  facet normal 0 0 1
    outer loop
      vertex 290.288 11.4272 4
      vertex 208 45 4
      vertex 290.28 11.4235 4
    endloop
  endfacet
  facet normal 0 0 1
    outer loop
      vertex 208 105 4
      vertex 289.747 138.861 4
      vertex 289.74 138.866 4
    endloop
  endfacet
  facet normal 0 0 1
    outer loop
      vertex 290.28 11.4235 4
      vertex 208 45 4
      vertex 290.006 11.2943 4
    endloop
  endfacet
  facet normal 0 0 1
    outer loop
      vertex 208 105 4
      vertex 289.74 138.866 4
      vertex 289.733 138.871 4
    endloop
  endfacet
  facet normal 0 0 1
    outer loop
      vertex 290.006 11.2943 4
      vertex 208 45 4
      vertex 289.747 11.139 4
    endloop
  endfacet
  facet normal 0 0 1
    outer loop
      vertex 208 105 4
      vertex 289.733 138.871 4
      vertex 289.49 139.051 4
    endloop
  endfacet
  facet normal 0 0 1
    outer loop
      vertex 289.747 11.139 4
      vertex 208 45 4
      vertex 289.74 11.1344 4
    endloop
  endfacet
  facet normal 0 0 1
    outer loop
      vertex 208 105 4
      vertex 289.49 139.051 4
      vertex 289.266 139.254 4
    endloop
  endfacet
  facet normal 0 0 1
    outer loop
      vertex 289.74 11.1344 4
      vertex 208 45 4
      vertex 289.733 11.1292 4
    endloop
  endfacet
  facet normal 0 0 1
    outer loop
      vertex 208 105 4
      vertex 289.266 139.254 4
      vertex 289.26 139.26 4
    endloop
  endfacet
  facet normal 0 0 1
    outer loop
      vertex 289.733 11.1292 4
      vertex 208 45 4
      vertex 289.49 10.9492 4
    endloop
  endfacet
  facet normal 0 0 1
    outer loop
      vertex 207.99 105.196 4
      vertex 289.26 139.26 4
      vertex 289.254 139.266 4
    endloop
  endfacet
  facet normal 0 0 1
    outer loop
      vertex 289.49 10.9492 4
      vertex 208 45 4
      vertex 289.266 10.7463 4
    endloop
  endfacet
  facet normal 0 0 1
    outer loop
      vertex 207.99 105.196 4
      vertex 289.254 139.266 4
      vertex 289.051 139.49 4
    endloop
  endfacet
  facet normal 0 0 1
    outer loop
      vertex 289.266 10.7463 4
      vertex 208 45 4
      vertex 289.26 10.7404 4
    endloop
  endfacet
  facet normal 0 0 1
    outer loop
      vertex 207.962 105.39 4
      vertex 289.051 139.49 4
      vertex 288.871 139.733 4
    endloop
  endfacet
  facet normal -0 0 1
    outer loop
      vertex 207.99 44.804 4
      vertex 289.26 10.7404 4
      vertex 208 45 4
    endloop
  endfacet
  facet normal 0 0 1
    outer loop
      vertex 207.962 105.39 4
      vertex 288.871 139.733 4
      vertex 288.866 139.74 4
    endloop
  endfacet
  facet normal 0 0 1
    outer loop
      vertex 289.26 10.7404 4
      vertex 207.99 44.804 4
      vertex 289.254 10.7339 4
    endloop
  endfacet
  facet normal 0 0 1
    outer loop
      vertex 207.914 105.581 4
      vertex 288.866 139.74 4
      vertex 288.861 139.747 4
    endloop
  endfacet
  facet normal 0 0 1
    outer loop
      vertex 289.254 10.7339 4
      vertex 207.99 44.804 4
      vertex 289.051 10.51 4
    endloop
  endfacet
  facet normal 0 0 1
    outer loop
      vertex 207.914 105.581 4
      vertex 288.861 139.747 4
      vertex 288.706 140.006 4
    endloop
  endfacet
  facet normal -0 0 1
    outer loop
      vertex 207.962 44.6098 4
      vertex 289.051 10.51 4
      vertex 207.99 44.804 4
    endloop
  endfacet
  facet normal 0 0 1
    outer loop
      vertex 207.848 105.765 4
      vertex 288.706 140.006 4
      vertex 288.577 140.28 4
    endloop
  endfacet
  facet normal 0 0 1
    outer loop
      vertex 289.051 10.51 4
      vertex 207.962 44.6098 4
      vertex 288.871 10.2673 4
    endloop
  endfacet
  facet normal 0 0 1
    outer loop
      vertex 207.848 105.765 4
      vertex 288.577 140.28 4
      vertex 288.573 140.287 4
    endloop
  endfacet
  facet normal 0 0 1
    outer loop
      vertex 288.871 10.2673 4
      vertex 207.962 44.6098 4
      vertex 288.866 10.2603 4
    endloop
  endfacet
  facet normal 0 0 1
    outer loop
      vertex 207.764 105.943 4
      vertex 288.573 140.287 4
      vertex 288.471 140.572 4
    endloop
  endfacet
  facet normal -0 0 1
    outer loop
      vertex 207.914 44.4194 4
      vertex 288.866 10.2603 4
      vertex 207.962 44.6098 4
    endloop
  endfacet
  facet normal 0 0 1
    outer loop
      vertex 207.764 105.943 4
      vertex 288.471 140.572 4
      vertex 288.468 140.58 4
    endloop
  endfacet
  facet normal 0 0 1
    outer loop
      vertex 288.866 10.2603 4
      vertex 207.914 44.4194 4
      vertex 288.861 10.2527 4
    endloop
  endfacet
  facet normal 0 0 1
    outer loop
      vertex 207.663 106.111 4
      vertex 288.468 140.58 4
      vertex 288.466 140.589 4
    endloop
  endfacet
  facet normal 0 0 1
    outer loop
      vertex 288.861 10.2527 4
      vertex 207.914 44.4194 4
      vertex 288.706 9.99358 4
    endloop
  endfacet
  facet normal 0 0 1
    outer loop
      vertex 207.663 106.111 4
      vertex 288.466 140.589 4
      vertex 288.392 140.882 4
    endloop
  endfacet
  facet normal -0 0 1
    outer loop
      vertex 207.848 44.2346 4
      vertex 288.706 9.99358 4
      vertex 207.914 44.4194 4
    endloop
  endfacet
  facet normal 0 0 1
    outer loop
      vertex 207.546 106.269 4
      vertex 288.392 140.882 4
      vertex 288.348 141.181 4
    endloop
  endfacet
  facet normal 0 0 1
    outer loop
      vertex 288.706 9.99358 4
      vertex 207.848 44.2346 4
      vertex 288.577 9.72044 4
    endloop
  endfacet
  facet normal 0 0 1
    outer loop
      vertex 207.546 106.269 4
      vertex 288.348 141.181 4
      vertex 288.347 141.189 4
    endloop
  endfacet
  facet normal 0 0 1
    outer loop
      vertex 288.577 9.72044 4
      vertex 207.848 44.2346 4
      vertex 288.573 9.7125 4
    endloop
  endfacet
  facet normal 0 0 1
    outer loop
      vertex 207.414 106.414 4
      vertex 288.347 141.189 4
      vertex 288.346 141.198 4
    endloop
  endfacet
  facet normal -0 0 1
    outer loop
      vertex 207.764 44.0572 4
      vertex 288.573 9.7125 4
      vertex 207.848 44.2346 4
    endloop
  endfacet
  facet normal 0 0 1
    outer loop
      vertex 207.414 106.414 4
      vertex 288.346 141.198 4
      vertex 288.332 141.5 4
    endloop
  endfacet
  facet normal 0 0 1
    outer loop
      vertex 288.573 9.7125 4
      vertex 207.764 44.0572 4
      vertex 288.471 9.42801 4
    endloop
  endfacet
  facet normal 0 0 1
    outer loop
      vertex 294.654 141.198 4
      vertex 300 150 4
      vertex 294.668 141.5 4
    endloop
  endfacet
  facet normal 0 0 1
    outer loop
      vertex 300 150 4
      vertex 294.654 141.802 4
      vertex 294.668 141.5 4
    endloop
  endfacet
  facet normal 0 0 1
    outer loop
      vertex 300 150 4
      vertex 294.653 141.811 4
      vertex 294.654 141.802 4
    endloop
  endfacet
  facet normal 0 0 1
    outer loop
      vertex 300 150 4
      vertex 294.652 141.819 4
      vertex 294.653 141.811 4
    endloop
  endfacet
  facet normal 0 0 1
    outer loop
      vertex 300 150 4
      vertex 294.608 142.118 4
      vertex 294.652 141.819 4
    endloop
  endfacet
  facet normal 0 0 1
    outer loop
      vertex 300 150 4
      vertex 294.534 142.411 4
      vertex 294.608 142.118 4
    endloop
  endfacet
  facet normal 0 0 1
    outer loop
      vertex 300 150 4
      vertex 294.532 142.42 4
      vertex 294.534 142.411 4
    endloop
  endfacet
  facet normal 0 0 1
    outer loop
      vertex 300 150 4
      vertex 294.529 142.428 4
      vertex 294.532 142.42 4
    endloop
  endfacet
  facet normal 0 0 1
    outer loop
      vertex 300 150 4
      vertex 294.427 142.713 4
      vertex 294.529 142.428 4
    endloop
  endfacet
  facet normal 0 0 1
    outer loop
      vertex 300 150 4
      vertex 294.423 142.72 4
      vertex 294.427 142.713 4
    endloop
  endfacet
  facet normal 0 0 1
    outer loop
      vertex 300 150 4
      vertex 294.294 142.994 4
      vertex 294.423 142.72 4
    endloop
  endfacet
  facet normal 0 0 1
    outer loop
      vertex 300 150 4
      vertex 294.139 143.253 4
      vertex 294.294 142.994 4
    endloop
  endfacet
  facet normal 0 0 1
    outer loop
      vertex 300 150 4
      vertex 294.134 143.26 4
      vertex 294.139 143.253 4
    endloop
  endfacet
  facet normal 0 0 1
    outer loop
      vertex 300 150 4
      vertex 294.129 143.267 4
      vertex 294.134 143.26 4
    endloop
  endfacet
  facet normal 0 0 1
    outer loop
      vertex 300 150 4
      vertex 293.949 143.51 4
      vertex 294.129 143.267 4
    endloop
  endfacet
  facet normal 0 0 1
    outer loop
      vertex 300 150 4
      vertex 293.746 143.734 4
      vertex 293.949 143.51 4
    endloop
  endfacet
  facet normal 0 0 1
    outer loop
      vertex 300 150 4
      vertex 293.74 143.74 4
      vertex 293.746 143.734 4
    endloop
  endfacet
  facet normal 0 0 1
    outer loop
      vertex 300 150 4
      vertex 293.734 143.746 4
      vertex 293.74 143.74 4
    endloop
  endfacet
  facet normal 0 0 1
    outer loop
      vertex 300 150 4
      vertex 293.51 143.949 4
      vertex 293.734 143.746 4
    endloop
  endfacet
  facet normal 0 0 1
    outer loop
      vertex 300 150 4
      vertex 293.267 144.129 4
      vertex 293.51 143.949 4
    endloop
  endfacet
  facet normal 0 0 1
    outer loop
      vertex 300 150 4
      vertex 293.26 144.134 4
      vertex 293.267 144.129 4
    endloop
  endfacet
  facet normal 0 0 1
    outer loop
      vertex 300 150 4
      vertex 293.253 144.139 4
      vertex 293.26 144.134 4
    endloop
  endfacet
  facet normal 0 0 1
    outer loop
      vertex 300 150 4
      vertex 292.994 144.294 4
      vertex 293.253 144.139 4
    endloop
  endfacet
  facet normal 0 0 1
    outer loop
      vertex 300 150 4
      vertex 292.72 144.423 4
      vertex 292.994 144.294 4
    endloop
  endfacet
  facet normal 0 0 1
    outer loop
      vertex 300 150 4
      vertex 292.712 144.427 4
      vertex 292.72 144.423 4
    endloop
  endfacet
  facet normal 0 0 1
    outer loop
      vertex 300 150 4
      vertex 292.428 144.529 4
      vertex 292.712 144.427 4
    endloop
  endfacet
  facet normal 0 0 1
    outer loop
      vertex 300 150 4
      vertex 292.42 144.532 4
      vertex 292.428 144.529 4
    endloop
  endfacet
  facet normal 0 0 1
    outer loop
      vertex 300 150 4
      vertex 292.411 144.534 4
      vertex 292.42 144.532 4
    endloop
  endfacet
  facet normal 0 0 1
    outer loop
      vertex 300 150 4
      vertex 292.118 144.608 4
      vertex 292.411 144.534 4
    endloop
  endfacet
  facet normal 0 0 1
    outer loop
      vertex 300 150 4
      vertex 291.819 144.652 4
      vertex 292.118 144.608 4
    endloop
  endfacet
  facet normal 0 0 1
    outer loop
      vertex 300 150 4
      vertex 291.811 144.653 4
      vertex 291.819 144.652 4
    endloop
  endfacet
  facet normal 0 0 1
    outer loop
      vertex 300 150 4
      vertex 291.802 144.654 4
      vertex 291.811 144.653 4
    endloop
  endfacet
  facet normal 0 0 1
    outer loop
      vertex 300 150 4
      vertex 291.5 144.668 4
      vertex 291.802 144.654 4
    endloop
  endfacet
  facet normal 0 0 1
    outer loop
      vertex 300 150 4
      vertex 291.198 144.654 4
      vertex 291.5 144.668 4
    endloop
  endfacet
  facet normal 0 0 1
    outer loop
      vertex 300 150 4
      vertex 291.189 144.653 4
      vertex 291.198 144.654 4
    endloop
  endfacet
  facet normal 0 0 1
    outer loop
      vertex 300 150 4
      vertex 291.181 144.652 4
      vertex 291.189 144.653 4
    endloop
  endfacet
  facet normal 0 0 1
    outer loop
      vertex 300 150 4
      vertex 290.882 144.608 4
      vertex 291.181 144.652 4
    endloop
  endfacet
  facet normal 0 0 1
    outer loop
      vertex 300 150 4
      vertex 290.589 144.534 4
      vertex 290.882 144.608 4
    endloop
  endfacet
  facet normal 0 0 1
    outer loop
      vertex 300 150 4
      vertex 290.58 144.532 4
      vertex 290.589 144.534 4
    endloop
  endfacet
  facet normal 0 0 1
    outer loop
      vertex 300 150 4
      vertex 290.572 144.529 4
      vertex 290.58 144.532 4
    endloop
  endfacet
  facet normal 0 0 1
    outer loop
      vertex 300 150 4
      vertex 290.288 144.427 4
      vertex 290.572 144.529 4
    endloop
  endfacet
  facet normal 0 0 1
    outer loop
      vertex 300 150 4
      vertex 290.28 144.423 4
      vertex 290.288 144.427 4
    endloop
  endfacet
  facet normal 0 0 1
    outer loop
      vertex 300 150 4
      vertex 290.006 144.294 4
      vertex 290.28 144.423 4
    endloop
  endfacet
  facet normal 0 0 -1
    outer loop
      vertex 290.006 144.294 4
      vertex 289.74 144.134 4
      vertex 289.747 144.139 4
    endloop
  endfacet
  facet normal 0 0 -1
    outer loop
      vertex 289.74 144.134 4
      vertex 289.49 143.949 4
      vertex 289.733 144.129 4
    endloop
  endfacet
  facet normal 0 0 -1
    outer loop
      vertex 289.49 143.949 4
      vertex 289.26 143.74 4
      vertex 289.266 143.746 4
    endloop
  endfacet
  facet normal 0 0 -1
    outer loop
      vertex 289.26 143.74 4
      vertex 289.051 143.51 4
      vertex 289.254 143.734 4
    endloop
  endfacet
  facet normal 0 0 -1
    outer loop
      vertex 289.051 143.51 4
      vertex 288.866 143.26 4
      vertex 288.871 143.267 4
    endloop
  endfacet
  facet normal 0 0 -1
    outer loop
      vertex 288.866 143.26 4
      vertex 288.706 142.994 4
      vertex 288.861 143.253 4
    endloop
  endfacet
  facet normal 0 0 1
    outer loop
      vertex 288.706 142.994 4
      vertex 288.573 142.713 4
      vertex 288.577 142.72 4
    endloop
  endfacet
  facet normal 0 0 1
    outer loop
      vertex 288.573 142.713 4
      vertex 288.468 142.42 4
      vertex 288.471 142.428 4
    endloop
  endfacet
  facet normal 0 0 -1
    outer loop
      vertex 288.347 141.811 4
      vertex 288.332 141.5 4
      vertex 288.346 141.802 4
    endloop
  endfacet
  facet normal 0 0 1
    outer loop
      vertex 288.471 9.42801 4
      vertex 207.764 44.0572 4
      vertex 288.468 9.41974 4
    endloop
  endfacet
  facet normal 0 0 1
    outer loop
      vertex 207.269 106.546 4
      vertex 288.332 141.5 4
      vertex 288.347 141.811 4
    endloop
  endfacet
  facet normal 0 0 1
    outer loop
      vertex 207.111 106.663 4
      vertex 288.347 141.811 4
      vertex 288.348 141.819 4
    endloop
  endfacet
  facet normal 0 0 1
    outer loop
      vertex 207.111 106.663 4
      vertex 288.348 141.819 4
      vertex 288.392 142.118 4
    endloop
  endfacet
  facet normal 0 0 1
    outer loop
      vertex 206.943 106.764 4
      vertex 288.392 142.118 4
      vertex 288.466 142.411 4
    endloop
  endfacet
  facet normal 0 0 1
    outer loop
      vertex 206.943 106.764 4
      vertex 288.466 142.411 4
      vertex 288.468 142.42 4
    endloop
  endfacet
  facet normal 0 0 1
    outer loop
      vertex 206.765 106.848 4
      vertex 288.468 142.42 4
      vertex 288.573 142.713 4
    endloop
  endfacet
  facet normal 0 0 1
    outer loop
      vertex 206.581 106.914 4
      vertex 288.573 142.713 4
      vertex 288.706 142.994 4
    endloop
  endfacet
  facet normal 0 0 1
    outer loop
      vertex 206.39 106.962 4
      vertex 288.706 142.994 4
      vertex 288.866 143.26 4
    endloop
  endfacet
  facet normal 0 0 1
    outer loop
      vertex 152.634 143.26 4
      vertex 288.866 143.26 4
      vertex 289.051 143.51 4
    endloop
  endfacet
  facet normal 0 0 1
    outer loop
      vertex 152.449 143.51 4
      vertex 289.051 143.51 4
      vertex 289.26 143.74 4
    endloop
  endfacet
  facet normal 0 0 1
    outer loop
      vertex 152.24 143.74 4
      vertex 289.26 143.74 4
      vertex 289.49 143.949 4
    endloop
  endfacet
  facet normal 0 0 1
    outer loop
      vertex 152.01 143.949 4
      vertex 289.49 143.949 4
      vertex 289.74 144.134 4
    endloop
  endfacet
  facet normal 0 0 1
    outer loop
      vertex 151.76 144.134 4
      vertex 289.74 144.134 4
      vertex 290.006 144.294 4
    endloop
  endfacet
  facet normal 0 0 1
    outer loop
      vertex 151.494 144.294 4
      vertex 290.006 144.294 4
      vertex 300 150 4
    endloop
  endfacet
  facet normal 0 0 1
    outer loop
      vertex 289.26 139.26 4
      vertex 207.99 105.196 4
      vertex 208 105 4
    endloop
  endfacet
  facet normal 0 0 1
    outer loop
      vertex 289.051 139.49 4
      vertex 207.962 105.39 4
      vertex 207.99 105.196 4
    endloop
  endfacet
  facet normal 0 0 1
    outer loop
      vertex 288.866 139.74 4
      vertex 207.914 105.581 4
      vertex 207.962 105.39 4
    endloop
  endfacet
  facet normal 0 0 1
    outer loop
      vertex 288.706 140.006 4
      vertex 207.848 105.765 4
      vertex 207.914 105.581 4
    endloop
  endfacet
  facet normal 0 0 1
    outer loop
      vertex 288.573 140.287 4
      vertex 207.764 105.943 4
      vertex 207.848 105.765 4
    endloop
  endfacet
  facet normal 0 0 1
    outer loop
      vertex 288.468 140.58 4
      vertex 207.663 106.111 4
      vertex 207.764 105.943 4
    endloop
  endfacet
  facet normal 0 0 1
    outer loop
      vertex 288.392 140.882 4
      vertex 207.546 106.269 4
      vertex 207.663 106.111 4
    endloop
  endfacet
  facet normal 0 0 1
    outer loop
      vertex 288.347 141.189 4
      vertex 207.414 106.414 4
      vertex 207.546 106.269 4
    endloop
  endfacet
  facet normal 0 0 1
    outer loop
      vertex 288.332 141.5 4
      vertex 207.269 106.546 4
      vertex 207.414 106.414 4
    endloop
  endfacet
  facet normal 0 0 1
    outer loop
      vertex 288.347 141.811 4
      vertex 207.111 106.663 4
      vertex 207.269 106.546 4
    endloop
  endfacet
  facet normal 0 0 1
    outer loop
      vertex 288.392 142.118 4
      vertex 206.943 106.764 4
      vertex 207.111 106.663 4
    endloop
  endfacet
  facet normal 0 0 1
    outer loop
      vertex 288.468 142.42 4
      vertex 206.765 106.848 4
      vertex 206.943 106.764 4
    endloop
  endfacet
  facet normal 0 0 1
    outer loop
      vertex 288.573 142.713 4
      vertex 206.581 106.914 4
      vertex 206.765 106.848 4
    endloop
  endfacet
  facet normal 0 0 1
    outer loop
      vertex 288.706 142.994 4
      vertex 206.39 106.962 4
      vertex 206.581 106.914 4
    endloop
  endfacet
  facet normal 0 0 1
    outer loop
      vertex 288.866 143.26 4
      vertex 152.634 143.26 4
      vertex 206.39 106.962 4
    endloop
  endfacet
  facet normal -0 -0 1
    outer loop
      vertex 152.639 143.253 4
      vertex 206.39 106.962 4
      vertex 152.634 143.26 4
    endloop
  endfacet
  facet normal 0 0 1
    outer loop
      vertex 206.39 106.962 4
      vertex 152.639 143.253 4
      vertex 206.196 106.99 4
    endloop
  endfacet
  facet normal -0 -0 1
    outer loop
      vertex 152.794 142.994 4
      vertex 206.196 106.99 4
      vertex 152.639 143.253 4
    endloop
  endfacet
  facet normal 0 0 1
    outer loop
      vertex 206.196 106.99 4
      vertex 152.794 142.994 4
      vertex 206 107 4
    endloop
  endfacet
  facet normal -0 -0 1
    outer loop
      vertex 152.923 142.72 4
      vertex 206 107 4
      vertex 152.794 142.994 4
    endloop
  endfacet
  facet normal 0 0 1
    outer loop
      vertex 204 105 4
      vertex 192 105 4
      vertex 204 45 4
    endloop
  endfacet
  facet normal 0 0 1
    outer loop
      vertex 204.01 105.196 4
      vertex 192 105 4
      vertex 204 105 4
    endloop
  endfacet
  facet normal 0 0 1
    outer loop
      vertex 191.99 105.196 4
      vertex 204.01 105.196 4
      vertex 204.038 105.39 4
    endloop
  endfacet
  facet normal 0 0 1
    outer loop
      vertex 191.962 105.39 4
      vertex 204.038 105.39 4
      vertex 204.086 105.581 4
    endloop
  endfacet
  facet normal 0 0 1
    outer loop
      vertex 191.914 105.581 4
      vertex 204.086 105.581 4
      vertex 204.152 105.765 4
    endloop
  endfacet
  facet normal 0 0 1
    outer loop
      vertex 191.848 105.765 4
      vertex 204.152 105.765 4
      vertex 204.236 105.943 4
    endloop
  endfacet
  facet normal 0 0 1
    outer loop
      vertex 191.764 105.943 4
      vertex 204.236 105.943 4
      vertex 204.337 106.111 4
    endloop
  endfacet
  facet normal 0 0 1
    outer loop
      vertex 191.663 106.111 4
      vertex 204.337 106.111 4
      vertex 204.454 106.269 4
    endloop
  endfacet
  facet normal 0 0 1
    outer loop
      vertex 191.546 106.269 4
      vertex 204.454 106.269 4
      vertex 204.586 106.414 4
    endloop
  endfacet
  facet normal 0 0 1
    outer loop
      vertex 191.414 106.414 4
      vertex 204.586 106.414 4
      vertex 204.731 106.546 4
    endloop
  endfacet
  facet normal 0 0 1
    outer loop
      vertex 191.269 106.546 4
      vertex 204.731 106.546 4
      vertex 204.889 106.663 4
    endloop
  endfacet
  facet normal 0 0 1
    outer loop
      vertex 191.111 106.663 4
      vertex 204.889 106.663 4
      vertex 205.057 106.764 4
    endloop
  endfacet
  facet normal 0 0 1
    outer loop
      vertex 190.943 106.764 4
      vertex 205.057 106.764 4
      vertex 205.235 106.848 4
    endloop
  endfacet
  facet normal -0 -0 1
    outer loop
      vertex 152.927 142.713 4
      vertex 206 107 4
      vertex 152.923 142.72 4
    endloop
  endfacet
  facet normal 0 0 1
    outer loop
      vertex 204.01 105.196 4
      vertex 191.99 105.196 4
      vertex 192 105 4
    endloop
  endfacet
  facet normal 0 0 1
    outer loop
      vertex 204.038 105.39 4
      vertex 191.962 105.39 4
      vertex 191.99 105.196 4
    endloop
  endfacet
  facet normal 0 0 1
    outer loop
      vertex 204.086 105.581 4
      vertex 191.914 105.581 4
      vertex 191.962 105.39 4
    endloop
  endfacet
  facet normal 0 0 1
    outer loop
      vertex 204.152 105.765 4
      vertex 191.848 105.765 4
      vertex 191.914 105.581 4
    endloop
  endfacet
  facet normal 0 0 1
    outer loop
      vertex 204.236 105.943 4
      vertex 191.764 105.943 4
      vertex 191.848 105.765 4
    endloop
  endfacet
  facet normal 0 0 1
    outer loop
      vertex 204.337 106.111 4
      vertex 191.663 106.111 4
      vertex 191.764 105.943 4
    endloop
  endfacet
  facet normal 0 0 1
    outer loop
      vertex 204.454 106.269 4
      vertex 191.546 106.269 4
      vertex 191.663 106.111 4
    endloop
  endfacet
  facet normal 0 0 1
    outer loop
      vertex 204.586 106.414 4
      vertex 191.414 106.414 4
      vertex 191.546 106.269 4
    endloop
  endfacet
  facet normal 0 0 1
    outer loop
      vertex 204.731 106.546 4
      vertex 191.269 106.546 4
      vertex 191.414 106.414 4
    endloop
  endfacet
  facet normal 0 0 1
    outer loop
      vertex 204.889 106.663 4
      vertex 191.111 106.663 4
      vertex 191.269 106.546 4
    endloop
  endfacet
  facet normal 0 0 1
    outer loop
      vertex 205.057 106.764 4
      vertex 190.943 106.764 4
      vertex 191.111 106.663 4
    endloop
  endfacet
  facet normal 0 0 1
    outer loop
      vertex 205.235 106.848 4
      vertex 190.765 106.848 4
      vertex 190.943 106.764 4
    endloop
  endfacet
  facet normal -0 -0 1
    outer loop
      vertex 153.032 142.42 4
      vertex 205.804 106.99 4
      vertex 153.029 142.428 4
    endloop
  endfacet
  facet normal 0 0 1
    outer loop
      vertex 205.804 106.99 4
      vertex 153.032 142.42 4
      vertex 205.61 106.962 4
    endloop
  endfacet
  facet normal -0 -0 1
    outer loop
      vertex 153.034 142.411 4
      vertex 205.61 106.962 4
      vertex 153.032 142.42 4
    endloop
  endfacet
  facet normal 0 0 1
    outer loop
      vertex 205.235 106.848 4
      vertex 190.581 106.914 4
      vertex 190.765 106.848 4
    endloop
  endfacet
  facet normal -0 -0 1
    outer loop
      vertex 153.108 142.118 4
      vertex 205.61 106.962 4
      vertex 153.034 142.411 4
    endloop
  endfacet
  facet normal 0 -0 1
    outer loop
      vertex 190.39 106.962 4
      vertex 205.61 106.962 4
      vertex 153.108 142.118 4
    endloop
  endfacet
  facet normal 0 0 1
    outer loop
      vertex 205.419 106.914 4
      vertex 190.581 106.914 4
      vertex 205.235 106.848 4
    endloop
  endfacet
  facet normal 0 0 1
    outer loop
      vertex 205.61 106.962 4
      vertex 190.39 106.962 4
      vertex 205.419 106.914 4
    endloop
  endfacet
  facet normal 0 0 1
    outer loop
      vertex 176 45 4
      vertex 188 45 4
      vertex 188 105 4
    endloop
  endfacet
  facet normal 0 0 1
    outer loop
      vertex 176 105 4
      vertex 188 105 4
      vertex 188.01 105.196 4
    endloop
  endfacet
  facet normal 0 0 1
    outer loop
      vertex 188 105 4
      vertex 176 105 4
      vertex 176 45 4
    endloop
  endfacet
  facet normal 0 0 1
    outer loop
      vertex 175.99 105.196 4
      vertex 188.01 105.196 4
      vertex 188.038 105.39 4
    endloop
  endfacet
  facet normal 0 0 1
    outer loop
      vertex 175.962 105.39 4
      vertex 188.038 105.39 4
      vertex 188.086 105.581 4
    endloop
  endfacet
  facet normal 0 0 1
    outer loop
      vertex 175.914 105.581 4
      vertex 188.086 105.581 4
      vertex 188.152 105.765 4
    endloop
  endfacet
  facet normal 0 0 1
    outer loop
      vertex 175.848 105.765 4
      vertex 188.152 105.765 4
      vertex 188.236 105.943 4
    endloop
  endfacet
  facet normal 0 0 1
    outer loop
      vertex 175.764 105.943 4
      vertex 188.236 105.943 4
      vertex 188.337 106.111 4
    endloop
  endfacet
  facet normal 0 0 1
    outer loop
      vertex 175.663 106.111 4
      vertex 188.337 106.111 4
      vertex 188.454 106.269 4
    endloop
  endfacet
  facet normal 0 0 1
    outer loop
      vertex 175.546 106.269 4
      vertex 188.454 106.269 4
      vertex 188.586 106.414 4
    endloop
  endfacet
  facet normal 0 0 1
    outer loop
      vertex 175.414 106.414 4
      vertex 188.586 106.414 4
      vertex 188.731 106.546 4
    endloop
  endfacet
  facet normal 0 0 1
    outer loop
      vertex 175.269 106.546 4
      vertex 188.731 106.546 4
      vertex 188.889 106.663 4
    endloop
  endfacet
  facet normal 0 0 1
    outer loop
      vertex 175.111 106.663 4
      vertex 188.889 106.663 4
      vertex 189.057 106.764 4
    endloop
  endfacet
  facet normal 0 0 1
    outer loop
      vertex 174.943 106.764 4
      vertex 189.057 106.764 4
      vertex 189.235 106.848 4
    endloop
  endfacet
  facet normal 0 -0 1
    outer loop
      vertex 190.581 106.914 4
      vertex 205.419 106.914 4
      vertex 190.39 106.962 4
    endloop
  endfacet
  facet normal 0 0 1
    outer loop
      vertex 188.01 105.196 4
      vertex 175.99 105.196 4
      vertex 176 105 4
    endloop
  endfacet
  facet normal 0 0 1
    outer loop
      vertex 188.038 105.39 4
      vertex 175.962 105.39 4
      vertex 175.99 105.196 4
    endloop
  endfacet
  facet normal 0 0 1
    outer loop
      vertex 188.086 105.581 4
      vertex 175.914 105.581 4
      vertex 175.962 105.39 4
    endloop
  endfacet
  facet normal 0 0 1
    outer loop
      vertex 188.152 105.765 4
      vertex 175.848 105.765 4
      vertex 175.914 105.581 4
    endloop
  endfacet
  facet normal 0 0 1
    outer loop
      vertex 188.236 105.943 4
      vertex 175.764 105.943 4
      vertex 175.848 105.765 4
    endloop
  endfacet
  facet normal 0 0 1
    outer loop
      vertex 188.337 106.111 4
      vertex 175.663 106.111 4
      vertex 175.764 105.943 4
    endloop
  endfacet
  facet normal 0 0 1
    outer loop
      vertex 188.454 106.269 4
      vertex 175.546 106.269 4
      vertex 175.663 106.111 4
    endloop
  endfacet
  facet normal 0 0 1
    outer loop
      vertex 188.586 106.414 4
      vertex 175.414 106.414 4
      vertex 175.546 106.269 4
    endloop
  endfacet
  facet normal 0 0 1
    outer loop
      vertex 188.731 106.546 4
      vertex 175.269 106.546 4
      vertex 175.414 106.414 4
    endloop
  endfacet
  facet normal -0 -0 1
    outer loop
      vertex 153.154 141.802 4
      vertex 190 107 4
      vertex 153.153 141.811 4
    endloop
  endfacet
  facet normal -0 -0 1
    outer loop
      vertex 153.168 141.5 4
      vertex 190 107 4
      vertex 153.154 141.802 4
    endloop
  endfacet
  facet normal 0 0 1
    outer loop
      vertex 190 107 4
      vertex 153.168 141.5 4
      vertex 189.804 106.99 4
    endloop
  endfacet
  facet normal 0 0 1
    outer loop
      vertex 188.889 106.663 4
      vertex 175.111 106.663 4
      vertex 175.269 106.546 4
    endloop
  endfacet
  facet normal -0 0 1
    outer loop
      vertex 153.154 141.198 4
      vertex 189.804 106.99 4
      vertex 153.168 141.5 4
    endloop
  endfacet
  facet normal -0 0 1
    outer loop
      vertex 153.153 141.189 4
      vertex 189.804 106.99 4
      vertex 153.154 141.198 4
    endloop
  endfacet
  facet normal 0 0 1
    outer loop
      vertex 189.057 106.764 4
      vertex 174.943 106.764 4
      vertex 175.111 106.663 4
    endloop
  endfacet
  facet normal 0 0 1
    outer loop
      vertex 189.804 106.99 4
      vertex 153.153 141.189 4
      vertex 189.61 106.962 4
    endloop
  endfacet
  facet normal 0 0 1
    outer loop
      vertex 189.235 106.848 4
      vertex 174.765 106.848 4
      vertex 174.943 106.764 4
    endloop
  endfacet
  facet normal 0 0 1
    outer loop
      vertex 189.61 106.962 4
      vertex 153.108 140.882 4
      vertex 189.419 106.914 4
    endloop
  endfacet
  facet normal 0 0 1
    outer loop
      vertex 172 105 4
      vertex 160 105 4
      vertex 172 45 4
    endloop
  endfacet
  facet normal 0 0 1
    outer loop
      vertex 172.01 105.196 4
      vertex 160 105 4
      vertex 172 105 4
    endloop
  endfacet
  facet normal 0 0 1
    outer loop
      vertex 159.99 105.196 4
      vertex 172.01 105.196 4
      vertex 172.038 105.39 4
    endloop
  endfacet
  facet normal 0 0 1
    outer loop
      vertex 159.962 105.39 4
      vertex 172.038 105.39 4
      vertex 172.086 105.581 4
    endloop
  endfacet
  facet normal 0 0 1
    outer loop
      vertex 159.914 105.581 4
      vertex 172.086 105.581 4
      vertex 172.152 105.765 4
    endloop
  endfacet
  facet normal 0 0 1
    outer loop
      vertex 159.848 105.765 4
      vertex 172.152 105.765 4
      vertex 172.236 105.943 4
    endloop
  endfacet
  facet normal 0 0 1
    outer loop
      vertex 159.764 105.943 4
      vertex 172.236 105.943 4
      vertex 172.337 106.111 4
    endloop
  endfacet
  facet normal 0 0 1
    outer loop
      vertex 159.663 106.111 4
      vertex 172.337 106.111 4
      vertex 172.454 106.269 4
    endloop
  endfacet
  facet normal 0 0 1
    outer loop
      vertex 159.546 106.269 4
      vertex 172.454 106.269 4
      vertex 172.586 106.414 4
    endloop
  endfacet
  facet normal 0 0 1
    outer loop
      vertex 159.414 106.414 4
      vertex 172.586 106.414 4
      vertex 172.731 106.546 4
    endloop
  endfacet
  facet normal 0 0 1
    outer loop
      vertex 159.269 106.546 4
      vertex 172.731 106.546 4
      vertex 172.889 106.663 4
    endloop
  endfacet
  facet normal 0 0 1
    outer loop
      vertex 159.111 106.663 4
      vertex 172.889 106.663 4
      vertex 173.057 106.764 4
    endloop
  endfacet
  facet normal 0 0 1
    outer loop
      vertex 158.943 106.764 4
      vertex 173.057 106.764 4
      vertex 173.235 106.848 4
    endloop
  endfacet
  facet normal 0 0 1
    outer loop
      vertex 152.24 139.26 4
      vertex 173.235 106.848 4
      vertex 173.419 106.914 4
    endloop
  endfacet
  facet normal 0 0 1
    outer loop
      vertex 189.235 106.848 4
      vertex 174.581 106.914 4
      vertex 174.765 106.848 4
    endloop
  endfacet
  facet normal 0 0 1
    outer loop
      vertex 172.01 105.196 4
      vertex 159.99 105.196 4
      vertex 160 105 4
    endloop
  endfacet
  facet normal 0 0 1
    outer loop
      vertex 172.038 105.39 4
      vertex 159.962 105.39 4
      vertex 159.99 105.196 4
    endloop
  endfacet
  facet normal 0 0 1
    outer loop
      vertex 172.086 105.581 4
      vertex 159.914 105.581 4
      vertex 159.962 105.39 4
    endloop
  endfacet
  facet normal 0 0 1
    outer loop
      vertex 172.152 105.765 4
      vertex 159.848 105.765 4
      vertex 159.914 105.581 4
    endloop
  endfacet
  facet normal -0 0 1
    outer loop
      vertex 153.029 140.572 4
      vertex 174.196 106.99 4
      vertex 153.032 140.58 4
    endloop
  endfacet
  facet normal 0 0 1
    outer loop
      vertex 172.236 105.943 4
      vertex 159.764 105.943 4
      vertex 159.848 105.765 4
    endloop
  endfacet
  facet normal -0 0 1
    outer loop
      vertex 152.927 140.287 4
      vertex 174.196 106.99 4
      vertex 153.029 140.572 4
    endloop
  endfacet
  facet normal 0 0 1
    outer loop
      vertex 174.196 106.99 4
      vertex 152.927 140.287 4
      vertex 174 107 4
    endloop
  endfacet
  facet normal 0 0 1
    outer loop
      vertex 172.337 106.111 4
      vertex 159.663 106.111 4
      vertex 159.764 105.943 4
    endloop
  endfacet
  facet normal -0 0 1
    outer loop
      vertex 152.923 140.28 4
      vertex 174 107 4
      vertex 152.927 140.287 4
    endloop
  endfacet
  facet normal -0 0 1
    outer loop
      vertex 152.794 140.006 4
      vertex 174 107 4
      vertex 152.923 140.28 4
    endloop
  endfacet
  facet normal 0 0 1
    outer loop
      vertex 172.454 106.269 4
      vertex 159.546 106.269 4
      vertex 159.663 106.111 4
    endloop
  endfacet
  facet normal 0 0 1
    outer loop
      vertex 174 107 4
      vertex 152.794 140.006 4
      vertex 173.804 106.99 4
    endloop
  endfacet
  facet normal -0 0 1
    outer loop
      vertex 152.639 139.747 4
      vertex 173.804 106.99 4
      vertex 152.794 140.006 4
    endloop
  endfacet
  facet normal 0 0 1
    outer loop
      vertex 172.586 106.414 4
      vertex 159.414 106.414 4
      vertex 159.546 106.269 4
    endloop
  endfacet
  facet normal -0 0 1
    outer loop
      vertex 152.634 139.74 4
      vertex 173.804 106.99 4
      vertex 152.639 139.747 4
    endloop
  endfacet
  facet normal 0 0 1
    outer loop
      vertex 173.804 106.99 4
      vertex 152.634 139.74 4
      vertex 173.61 106.962 4
    endloop
  endfacet
  facet normal 0 0 1
    outer loop
      vertex 172.731 106.546 4
      vertex 159.269 106.546 4
      vertex 159.414 106.414 4
    endloop
  endfacet
  facet normal 0 0 1
    outer loop
      vertex 172.889 106.663 4
      vertex 159.111 106.663 4
      vertex 159.269 106.546 4
    endloop
  endfacet
  facet normal -0 0 1
    outer loop
      vertex 151.767 138.871 4
      vertex 158.39 106.962 4
      vertex 152.01 139.051 4
    endloop
  endfacet
  facet normal 0 0 1
    outer loop
      vertex 158.581 106.914 4
      vertex 152.01 139.051 4
      vertex 158.39 106.962 4
    endloop
  endfacet
  facet normal -0 0 1
    outer loop
      vertex 152.01 139.051 4
      vertex 158.581 106.914 4
      vertex 152.234 139.254 4
    endloop
  endfacet
  facet normal -0 0 1
    outer loop
      vertex 152.234 139.254 4
      vertex 158.581 106.914 4
      vertex 152.24 139.26 4
    endloop
  endfacet
  facet normal 0 0 1
    outer loop
      vertex 158.765 106.848 4
      vertex 152.24 139.26 4
      vertex 158.581 106.914 4
    endloop
  endfacet
  facet normal 0 0 1
    outer loop
      vertex 173.235 106.848 4
      vertex 152.24 139.26 4
      vertex 158.765 106.848 4
    endloop
  endfacet
  facet normal -0 0 1
    outer loop
      vertex 152.24 139.26 4
      vertex 173.419 106.914 4
      vertex 152.246 139.266 4
    endloop
  endfacet
  facet normal 0 0 1
    outer loop
      vertex 173.235 106.848 4
      vertex 158.765 106.848 4
      vertex 158.943 106.764 4
    endloop
  endfacet
  facet normal -0 0 1
    outer loop
      vertex 152.246 139.266 4
      vertex 173.419 106.914 4
      vertex 152.449 139.49 4
    endloop
  endfacet
  facet normal 0 0 1
    outer loop
      vertex 173.61 106.962 4
      vertex 152.449 139.49 4
      vertex 173.419 106.914 4
    endloop
  endfacet
  facet normal 0 0 1
    outer loop
      vertex 173.057 106.764 4
      vertex 158.943 106.764 4
      vertex 159.111 106.663 4
    endloop
  endfacet
  facet normal -0 0 1
    outer loop
      vertex 152.449 139.49 4
      vertex 173.61 106.962 4
      vertex 152.629 139.733 4
    endloop
  endfacet
  facet normal -0 0 1
    outer loop
      vertex 152.629 139.733 4
      vertex 173.61 106.962 4
      vertex 152.634 139.74 4
    endloop
  endfacet
  facet normal 0 0 1
    outer loop
      vertex 174.39 106.962 4
      vertex 153.032 140.58 4
      vertex 174.196 106.99 4
    endloop
  endfacet
  facet normal -0 0 1
    outer loop
      vertex 153.032 140.58 4
      vertex 174.39 106.962 4
      vertex 153.034 140.589 4
    endloop
  endfacet
  facet normal -0 0 1
    outer loop
      vertex 153.034 140.589 4
      vertex 174.39 106.962 4
      vertex 153.108 140.882 4
    endloop
  endfacet
  facet normal 0 0 1
    outer loop
      vertex 174.581 106.914 4
      vertex 153.108 140.882 4
      vertex 174.39 106.962 4
    endloop
  endfacet
  facet normal 0 0 1
    outer loop
      vertex 189.419 106.914 4
      vertex 174.581 106.914 4
      vertex 189.235 106.848 4
    endloop
  endfacet
  facet normal 0 -0 1
    outer loop
      vertex 174.581 106.914 4
      vertex 189.419 106.914 4
      vertex 153.108 140.882 4
    endloop
  endfacet
  facet normal -0 0 1
    outer loop
      vertex 153.108 140.882 4
      vertex 189.61 106.962 4
      vertex 153.152 141.181 4
    endloop
  endfacet
  facet normal -0 0 1
    outer loop
      vertex 153.152 141.181 4
      vertex 189.61 106.962 4
      vertex 153.153 141.189 4
    endloop
  endfacet
  facet normal 0 0 1
    outer loop
      vertex 190.196 106.99 4
      vertex 153.153 141.811 4
      vertex 190 107 4
    endloop
  endfacet
  facet normal -0 -0 1
    outer loop
      vertex 153.153 141.811 4
      vertex 190.196 106.99 4
      vertex 153.152 141.819 4
    endloop
  endfacet
  facet normal -0 -0 1
    outer loop
      vertex 153.152 141.819 4
      vertex 190.196 106.99 4
      vertex 153.108 142.118 4
    endloop
  endfacet
  facet normal 0 0 1
    outer loop
      vertex 190.39 106.962 4
      vertex 153.108 142.118 4
      vertex 190.196 106.99 4
    endloop
  endfacet
  facet normal -0 -0 1
    outer loop
      vertex 153.029 142.428 4
      vertex 205.804 106.99 4
      vertex 152.927 142.713 4
    endloop
  endfacet
  facet normal 0 0 1
    outer loop
      vertex 206 107 4
      vertex 152.927 142.713 4
      vertex 205.804 106.99 4
    endloop
  endfacet
  facet normal 0 0 1
    outer loop
      vertex 289.051 143.51 4
      vertex 152.629 143.267 4
      vertex 152.634 143.26 4
    endloop
  endfacet
  facet normal 0 0 1
    outer loop
      vertex 289.051 143.51 4
      vertex 152.449 143.51 4
      vertex 152.629 143.267 4
    endloop
  endfacet
  facet normal 0 0 1
    outer loop
      vertex 289.26 143.74 4
      vertex 152.246 143.734 4
      vertex 152.449 143.51 4
    endloop
  endfacet
  facet normal 0 0 1
    outer loop
      vertex 289.26 143.74 4
      vertex 152.24 143.74 4
      vertex 152.246 143.734 4
    endloop
  endfacet
  facet normal 0 0 1
    outer loop
      vertex 289.49 143.949 4
      vertex 152.234 143.746 4
      vertex 152.24 143.74 4
    endloop
  endfacet
  facet normal 0 0 1
    outer loop
      vertex 289.49 143.949 4
      vertex 152.01 143.949 4
      vertex 152.234 143.746 4
    endloop
  endfacet
  facet normal 0 0 1
    outer loop
      vertex 289.74 144.134 4
      vertex 151.767 144.129 4
      vertex 152.01 143.949 4
    endloop
  endfacet
  facet normal 0 0 1
    outer loop
      vertex 289.74 144.134 4
      vertex 151.76 144.134 4
      vertex 151.767 144.129 4
    endloop
  endfacet
  facet normal 0 0 1
    outer loop
      vertex 290.006 144.294 4
      vertex 151.753 144.139 4
      vertex 151.76 144.134 4
    endloop
  endfacet
  facet normal 0 0 1
    outer loop
      vertex 290.006 144.294 4
      vertex 151.494 144.294 4
      vertex 151.753 144.139 4
    endloop
  endfacet
  facet normal 0 0 1
    outer loop
      vertex 300 150 4
      vertex 151.22 144.423 4
      vertex 151.494 144.294 4
    endloop
  endfacet
  facet normal 0 0 1
    outer loop
      vertex 300 150 4
      vertex 151.213 144.427 4
      vertex 151.22 144.423 4
    endloop
  endfacet
  facet normal 0 0 1
    outer loop
      vertex 300 150 4
      vertex 150.928 144.529 4
      vertex 151.213 144.427 4
    endloop
  endfacet
  facet normal 0 0 1
    outer loop
      vertex 300 150 4
      vertex 150.92 144.532 4
      vertex 150.928 144.529 4
    endloop
  endfacet
  facet normal 0 0 1
    outer loop
      vertex 300 150 4
      vertex 150.911 144.534 4
      vertex 150.92 144.532 4
    endloop
  endfacet
  facet normal 0 0 1
    outer loop
      vertex 300 150 4
      vertex 150.618 144.608 4
      vertex 150.911 144.534 4
    endloop
  endfacet
  facet normal 0 0 1
    outer loop
      vertex 300 150 4
      vertex 150.319 144.652 4
      vertex 150.618 144.608 4
    endloop
  endfacet
  facet normal 0 0 1
    outer loop
      vertex 300 150 4
      vertex 150.311 144.653 4
      vertex 150.319 144.652 4
    endloop
  endfacet
  facet normal 0 0 1
    outer loop
      vertex 300 150 4
      vertex 150.302 144.654 4
      vertex 150.311 144.653 4
    endloop
  endfacet
  facet normal 0 0 1
    outer loop
      vertex 300 150 4
      vertex 150 144.668 4
      vertex 150.302 144.654 4
    endloop
  endfacet
  facet normal 0 0 -1
    outer loop
      vertex 150 144.668 4
      vertex 149.689 144.653 4
      vertex 149.698 144.654 4
    endloop
  endfacet
  facet normal 0 0 -1
    outer loop
      vertex 149.689 144.653 4
      vertex 149.382 144.608 4
      vertex 149.681 144.652 4
    endloop
  endfacet
  facet normal 0 0 1
    outer loop
      vertex 149.382 144.608 4
      vertex 149.08 144.532 4
      vertex 149.089 144.534 4
    endloop
  endfacet
  facet normal 0 0 1
    outer loop
      vertex 149.08 144.532 4
      vertex 148.787 144.427 4
      vertex 149.072 144.529 4
    endloop
  endfacet
  facet normal 0 0 1
    outer loop
      vertex 148.787 144.427 4
      vertex 148.506 144.294 4
      vertex 148.78 144.423 4
    endloop
  endfacet
  facet normal 0 0 -1
    outer loop
      vertex 148.506 144.294 4
      vertex 148.24 144.134 4
      vertex 148.247 144.139 4
    endloop
  endfacet
  facet normal 0 0 -1
    outer loop
      vertex 148.24 144.134 4
      vertex 147.99 143.949 4
      vertex 148.233 144.129 4
    endloop
  endfacet
  facet normal 0 0 -1
    outer loop
      vertex 147.99 143.949 4
      vertex 147.76 143.74 4
      vertex 147.766 143.746 4
    endloop
  endfacet
  facet normal 0 0 -1
    outer loop
      vertex 147.76 143.74 4
      vertex 147.551 143.51 4
      vertex 147.754 143.734 4
    endloop
  endfacet
  facet normal 0 0 -1
    outer loop
      vertex 147.551 143.51 4
      vertex 147.366 143.26 4
      vertex 147.371 143.267 4
    endloop
  endfacet
  facet normal 0 0 -1
    outer loop
      vertex 147.366 143.26 4
      vertex 147.206 142.994 4
      vertex 147.361 143.253 4
    endloop
  endfacet
  facet normal 0 0 1
    outer loop
      vertex 147.206 142.994 4
      vertex 147.073 142.713 4
      vertex 147.077 142.72 4
    endloop
  endfacet
  facet normal 0 0 1
    outer loop
      vertex 147.073 142.713 4
      vertex 146.968 142.42 4
      vertex 146.971 142.428 4
    endloop
  endfacet
  facet normal 0 0 1
    outer loop
      vertex 146.968 142.42 4
      vertex 146.892 142.118 4
      vertex 146.966 142.411 4
    endloop
  endfacet
  facet normal 0 0 -1
    outer loop
      vertex 146.892 142.118 4
      vertex 146.847 141.811 4
      vertex 146.848 141.819 4
    endloop
  endfacet
  facet normal 0 0 -1
    outer loop
      vertex 146.847 141.811 4
      vertex 146.832 141.5 4
      vertex 146.846 141.802 4
    endloop
  endfacet
  facet normal 0 0 1
    outer loop
      vertex 110 107 4
      vertex 146.832 141.5 4
      vertex 146.847 141.811 4
    endloop
  endfacet
  facet normal 0 0 1
    outer loop
      vertex 146.832 141.5 4
      vertex 143.99 105.196 4
      vertex 144 105 4
    endloop
  endfacet
  facet normal 0 0 1
    outer loop
      vertex 146.832 141.5 4
      vertex 143.962 105.39 4
      vertex 143.99 105.196 4
    endloop
  endfacet
  facet normal 0 0 1
    outer loop
      vertex 146.832 141.5 4
      vertex 143.914 105.581 4
      vertex 143.962 105.39 4
    endloop
  endfacet
  facet normal 0 0 1
    outer loop
      vertex 146.832 141.5 4
      vertex 143.848 105.765 4
      vertex 143.914 105.581 4
    endloop
  endfacet
  facet normal 0 0 1
    outer loop
      vertex 146.832 141.5 4
      vertex 143.764 105.943 4
      vertex 143.848 105.765 4
    endloop
  endfacet
  facet normal 0 0 1
    outer loop
      vertex 146.832 141.5 4
      vertex 143.663 106.111 4
      vertex 143.764 105.943 4
    endloop
  endfacet
  facet normal 0 0 1
    outer loop
      vertex 146.832 141.5 4
      vertex 143.546 106.269 4
      vertex 143.663 106.111 4
    endloop
  endfacet
  facet normal 0 0 1
    outer loop
      vertex 146.832 141.5 4
      vertex 143.414 106.414 4
      vertex 143.546 106.269 4
    endloop
  endfacet
  facet normal 0 0 1
    outer loop
      vertex 146.832 141.5 4
      vertex 143.269 106.546 4
      vertex 143.414 106.414 4
    endloop
  endfacet
  facet normal 0 0 1
    outer loop
      vertex 146.832 141.5 4
      vertex 143.111 106.663 4
      vertex 143.269 106.546 4
    endloop
  endfacet
  facet normal 0 0 1
    outer loop
      vertex 146.832 141.5 4
      vertex 142.943 106.764 4
      vertex 143.111 106.663 4
    endloop
  endfacet
  facet normal 0 0 1
    outer loop
      vertex 146.832 141.5 4
      vertex 142.765 106.848 4
      vertex 142.943 106.764 4
    endloop
  endfacet
  facet normal 0 0 1
    outer loop
      vertex 146.832 141.5 4
      vertex 142.581 106.914 4
      vertex 142.765 106.848 4
    endloop
  endfacet
  facet normal 0 0 1
    outer loop
      vertex 146.832 141.5 4
      vertex 142.39 106.962 4
      vertex 142.581 106.914 4
    endloop
  endfacet
  facet normal 0 0 1
    outer loop
      vertex 146.832 141.5 4
      vertex 142.196 106.99 4
      vertex 142.39 106.962 4
    endloop
  endfacet
  facet normal 0 0 1
    outer loop
      vertex 146.832 141.5 4
      vertex 142 107 4
      vertex 142.196 106.99 4
    endloop
  endfacet
  facet normal 0 0 1
    outer loop
      vertex 146.832 141.5 4
      vertex 141.804 106.99 4
      vertex 142 107 4
    endloop
  endfacet
  facet normal 0 0 1
    outer loop
      vertex 146.832 141.5 4
      vertex 141.61 106.962 4
      vertex 141.804 106.99 4
    endloop
  endfacet
  facet normal 0 0 1
    outer loop
      vertex 109.804 106.99 4
      vertex 146.847 141.811 4
      vertex 146.892 142.118 4
    endloop
  endfacet
  facet normal 0 0 1
    outer loop
      vertex 146.832 141.5 4
      vertex 141.419 106.914 4
      vertex 141.61 106.962 4
    endloop
  endfacet
  facet normal 0 0 1
    outer loop
      vertex 146.832 141.5 4
      vertex 141.235 106.848 4
      vertex 141.419 106.914 4
    endloop
  endfacet
  facet normal 0 0 1
    outer loop
      vertex 146.832 141.5 4
      vertex 126.765 106.848 4
      vertex 141.235 106.848 4
    endloop
  endfacet
  facet normal 0 0 1
    outer loop
      vertex 141.235 106.848 4
      vertex 126.765 106.848 4
      vertex 141.057 106.764 4
    endloop
  endfacet
  facet normal 0 -0 1
    outer loop
      vertex 126.943 106.764 4
      vertex 141.057 106.764 4
      vertex 126.765 106.848 4
    endloop
  endfacet
  facet normal 0 0 1
    outer loop
      vertex 141.057 106.764 4
      vertex 126.943 106.764 4
      vertex 140.889 106.663 4
    endloop
  endfacet
  facet normal 0 -0 1
    outer loop
      vertex 127.111 106.663 4
      vertex 140.889 106.663 4
      vertex 126.943 106.764 4
    endloop
  endfacet
  facet normal 0 0 1
    outer loop
      vertex 140.889 106.663 4
      vertex 127.111 106.663 4
      vertex 140.731 106.546 4
    endloop
  endfacet
  facet normal 0 -0 1
    outer loop
      vertex 127.269 106.546 4
      vertex 140.731 106.546 4
      vertex 127.111 106.663 4
    endloop
  endfacet
  facet normal 0 0 1
    outer loop
      vertex 140.731 106.546 4
      vertex 127.269 106.546 4
      vertex 140.586 106.414 4
    endloop
  endfacet
  facet normal 0 -0 1
    outer loop
      vertex 127.414 106.414 4
      vertex 140.586 106.414 4
      vertex 127.269 106.546 4
    endloop
  endfacet
  facet normal 0 0 1
    outer loop
      vertex 140.586 106.414 4
      vertex 127.414 106.414 4
      vertex 140.454 106.269 4
    endloop
  endfacet
  facet normal 0 0 1
    outer loop
      vertex 140 105 4
      vertex 128 105 4
      vertex 140 45 4
    endloop
  endfacet
  facet normal 0 0 1
    outer loop
      vertex 140.01 105.196 4
      vertex 128 105 4
      vertex 140 105 4
    endloop
  endfacet
  facet normal 0 0 1
    outer loop
      vertex 127.99 105.196 4
      vertex 140.01 105.196 4
      vertex 140.038 105.39 4
    endloop
  endfacet
  facet normal 0 0 1
    outer loop
      vertex 140.454 106.269 4
      vertex 127.546 106.269 4
      vertex 140.337 106.111 4
    endloop
  endfacet
  facet normal 0 0 1
    outer loop
      vertex 94.3902 106.962 4
      vertex 146.892 142.118 4
      vertex 146.968 142.42 4
    endloop
  endfacet
  facet normal 0 0 1
    outer loop
      vertex 94.196 106.99 4
      vertex 146.968 142.42 4
      vertex 147.073 142.713 4
    endloop
  endfacet
  facet normal 0 0 1
    outer loop
      vertex 94 107 4
      vertex 147.073 142.713 4
      vertex 147.206 142.994 4
    endloop
  endfacet
  facet normal 0 0 1
    outer loop
      vertex 140.01 105.196 4
      vertex 127.99 105.196 4
      vertex 128 105 4
    endloop
  endfacet
  facet normal 0 0 1
    outer loop
      vertex 140.038 105.39 4
      vertex 127.962 105.39 4
      vertex 127.99 105.196 4
    endloop
  endfacet
  facet normal 0 0 1
    outer loop
      vertex 140.038 105.39 4
      vertex 127.914 105.581 4
      vertex 127.962 105.39 4
    endloop
  endfacet
  facet normal 0 0 1
    outer loop
      vertex 140.086 105.581 4
      vertex 127.914 105.581 4
      vertex 140.038 105.39 4
    endloop
  endfacet
  facet normal 0 -0 1
    outer loop
      vertex 127.914 105.581 4
      vertex 140.086 105.581 4
      vertex 127.848 105.765 4
    endloop
  endfacet
  facet normal 0 0 1
    outer loop
      vertex 140.152 105.765 4
      vertex 127.848 105.765 4
      vertex 140.086 105.581 4
    endloop
  endfacet
  facet normal 0 -0 1
    outer loop
      vertex 127.848 105.765 4
      vertex 140.152 105.765 4
      vertex 127.764 105.943 4
    endloop
  endfacet
  facet normal 0 0 1
    outer loop
      vertex 140.236 105.943 4
      vertex 127.764 105.943 4
      vertex 140.152 105.765 4
    endloop
  endfacet
  facet normal 0 -0 1
    outer loop
      vertex 127.764 105.943 4
      vertex 140.236 105.943 4
      vertex 127.663 106.111 4
    endloop
  endfacet
  facet normal 0 0 1
    outer loop
      vertex 140.337 106.111 4
      vertex 127.663 106.111 4
      vertex 140.236 105.943 4
    endloop
  endfacet
  facet normal 0 -0 1
    outer loop
      vertex 127.663 106.111 4
      vertex 140.337 106.111 4
      vertex 127.546 106.269 4
    endloop
  endfacet
  facet normal 0 -0 1
    outer loop
      vertex 127.546 106.269 4
      vertex 140.454 106.269 4
      vertex 127.414 106.414 4
    endloop
  endfacet
  facet normal 0 0 1
    outer loop
      vertex 146.832 141.5 4
      vertex 126.581 106.914 4
      vertex 126.765 106.848 4
    endloop
  endfacet
  facet normal 0 0 1
    outer loop
      vertex 146.832 141.5 4
      vertex 126.39 106.962 4
      vertex 126.581 106.914 4
    endloop
  endfacet
  facet normal 0 0 1
    outer loop
      vertex 146.832 141.5 4
      vertex 126.196 106.99 4
      vertex 126.39 106.962 4
    endloop
  endfacet
  facet normal 0 0 1
    outer loop
      vertex 146.832 141.5 4
      vertex 126 107 4
      vertex 126.196 106.99 4
    endloop
  endfacet
  facet normal 0 0 1
    outer loop
      vertex 146.832 141.5 4
      vertex 125.804 106.99 4
      vertex 126 107 4
    endloop
  endfacet
  facet normal 0 0 1
    outer loop
      vertex 146.832 141.5 4
      vertex 125.61 106.962 4
      vertex 125.804 106.99 4
    endloop
  endfacet
  facet normal 0 0 1
    outer loop
      vertex 93.804 106.99 4
      vertex 147.206 142.994 4
      vertex 147.366 143.26 4
    endloop
  endfacet
  facet normal 0 0 1
    outer loop
      vertex 146.832 141.5 4
      vertex 125.419 106.914 4
      vertex 125.61 106.962 4
    endloop
  endfacet
  facet normal 0 0 1
    outer loop
      vertex 146.832 141.5 4
      vertex 110.581 106.914 4
      vertex 125.419 106.914 4
    endloop
  endfacet
  facet normal 0 0 1
    outer loop
      vertex 125.419 106.914 4
      vertex 110.581 106.914 4
      vertex 125.235 106.848 4
    endloop
  endfacet
  facet normal 0 -0 1
    outer loop
      vertex 110.765 106.848 4
      vertex 125.235 106.848 4
      vertex 110.581 106.914 4
    endloop
  endfacet
  facet normal 0 0 1
    outer loop
      vertex 125.235 106.848 4
      vertex 110.765 106.848 4
      vertex 125.057 106.764 4
    endloop
  endfacet
  facet normal 0 -0 1
    outer loop
      vertex 110.943 106.764 4
      vertex 125.057 106.764 4
      vertex 110.765 106.848 4
    endloop
  endfacet
  facet normal 0 0 1
    outer loop
      vertex 125.057 106.764 4
      vertex 110.943 106.764 4
      vertex 124.889 106.663 4
    endloop
  endfacet
  facet normal 0 -0 1
    outer loop
      vertex 111.111 106.663 4
      vertex 124.889 106.663 4
      vertex 110.943 106.764 4
    endloop
  endfacet
  facet normal 0 0 1
    outer loop
      vertex 112 45 4
      vertex 124 45 4
      vertex 124 105 4
    endloop
  endfacet
  facet normal 0 0 1
    outer loop
      vertex 112 105 4
      vertex 124 105 4
      vertex 124.01 105.196 4
    endloop
  endfacet
  facet normal 0 0 1
    outer loop
      vertex 111.99 44.804 4
      vertex 124 45 4
      vertex 112 45 4
    endloop
  endfacet
  facet normal 0 0 1
    outer loop
      vertex 124 105 4
      vertex 112 105 4
      vertex 112 45 4
    endloop
  endfacet
  facet normal 0 0 1
    outer loop
      vertex 111.99 105.196 4
      vertex 124.01 105.196 4
      vertex 124.038 105.39 4
    endloop
  endfacet
  facet normal 0 0 1
    outer loop
      vertex 111.962 105.39 4
      vertex 124.038 105.39 4
      vertex 124.086 105.581 4
    endloop
  endfacet
  facet normal 0 0 1
    outer loop
      vertex 111.914 105.581 4
      vertex 124.086 105.581 4
      vertex 124.152 105.765 4
    endloop
  endfacet
  facet normal 0 0 1
    outer loop
      vertex 111.848 105.765 4
      vertex 124.152 105.765 4
      vertex 124.236 105.943 4
    endloop
  endfacet
  facet normal 0 0 1
    outer loop
      vertex 111.764 105.943 4
      vertex 124.236 105.943 4
      vertex 124.337 106.111 4
    endloop
  endfacet
  facet normal 0 0 1
    outer loop
      vertex 124.889 106.663 4
      vertex 111.111 106.663 4
      vertex 124.731 106.546 4
    endloop
  endfacet
  facet normal 0 0 1
    outer loop
      vertex 11.1344 143.26 4
      vertex 147.366 143.26 4
      vertex 147.551 143.51 4
    endloop
  endfacet
  facet normal 0 0 1
    outer loop
      vertex 10.9492 143.51 4
      vertex 147.551 143.51 4
      vertex 147.76 143.74 4
    endloop
  endfacet
  facet normal 0 0 1
    outer loop
      vertex 124.01 105.196 4
      vertex 111.99 105.196 4
      vertex 112 105 4
    endloop
  endfacet
  facet normal 0 0 1
    outer loop
      vertex 124.038 105.39 4
      vertex 111.962 105.39 4
      vertex 111.99 105.196 4
    endloop
  endfacet
  facet normal 0 0 1
    outer loop
      vertex 124.086 105.581 4
      vertex 111.914 105.581 4
      vertex 111.962 105.39 4
    endloop
  endfacet
  facet normal 0 0 1
    outer loop
      vertex 124.152 105.765 4
      vertex 111.848 105.765 4
      vertex 111.914 105.581 4
    endloop
  endfacet
  facet normal 0 0 1
    outer loop
      vertex 124.236 105.943 4
      vertex 111.764 105.943 4
      vertex 111.848 105.765 4
    endloop
  endfacet
  facet normal 0 0 1
    outer loop
      vertex 124.337 106.111 4
      vertex 111.663 106.111 4
      vertex 111.764 105.943 4
    endloop
  endfacet
  facet normal 0 0 1
    outer loop
      vertex 124.337 106.111 4
      vertex 111.546 106.269 4
      vertex 111.663 106.111 4
    endloop
  endfacet
  facet normal 0 0 1
    outer loop
      vertex 124.454 106.269 4
      vertex 111.546 106.269 4
      vertex 124.337 106.111 4
    endloop
  endfacet
  facet normal 0 -0 1
    outer loop
      vertex 111.546 106.269 4
      vertex 124.454 106.269 4
      vertex 111.414 106.414 4
    endloop
  endfacet
  facet normal 0 0 1
    outer loop
      vertex 124.586 106.414 4
      vertex 111.414 106.414 4
      vertex 124.454 106.269 4
    endloop
  endfacet
  facet normal 0 -0 1
    outer loop
      vertex 111.414 106.414 4
      vertex 124.586 106.414 4
      vertex 111.269 106.546 4
    endloop
  endfacet
  facet normal 0 0 1
    outer loop
      vertex 124.731 106.546 4
      vertex 111.269 106.546 4
      vertex 124.586 106.414 4
    endloop
  endfacet
  facet normal 0 -0 1
    outer loop
      vertex 111.269 106.546 4
      vertex 124.731 106.546 4
      vertex 111.111 106.663 4
    endloop
  endfacet
  facet normal 0 0 1
    outer loop
      vertex 146.832 141.5 4
      vertex 110.39 106.962 4
      vertex 110.581 106.914 4
    endloop
  endfacet
  facet normal 0 0 1
    outer loop
      vertex 146.832 141.5 4
      vertex 110.196 106.99 4
      vertex 110.39 106.962 4
    endloop
  endfacet
  facet normal 0 0 1
    outer loop
      vertex 146.832 141.5 4
      vertex 110 107 4
      vertex 110.196 106.99 4
    endloop
  endfacet
  facet normal 0 0 1
    outer loop
      vertex 146.847 141.811 4
      vertex 109.804 106.99 4
      vertex 110 107 4
    endloop
  endfacet
  facet normal 0 0 1
    outer loop
      vertex 146.892 142.118 4
      vertex 109.61 106.962 4
      vertex 109.804 106.99 4
    endloop
  endfacet
  facet normal 0 0 1
    outer loop
      vertex 146.892 142.118 4
      vertex 94.3902 106.962 4
      vertex 109.61 106.962 4
    endloop
  endfacet
  facet normal 0 0 1
    outer loop
      vertex 109.61 106.962 4
      vertex 94.3902 106.962 4
      vertex 109.419 106.914 4
    endloop
  endfacet
  facet normal 0 -0 1
    outer loop
      vertex 94.5806 106.914 4
      vertex 109.419 106.914 4
      vertex 94.3902 106.962 4
    endloop
  endfacet
  facet normal 0 0 1
    outer loop
      vertex 109.419 106.914 4
      vertex 94.5806 106.914 4
      vertex 109.235 106.848 4
    endloop
  endfacet
  facet normal 0 -0 1
    outer loop
      vertex 94.7654 106.848 4
      vertex 109.235 106.848 4
      vertex 94.5806 106.914 4
    endloop
  endfacet
  facet normal 0 0 1
    outer loop
      vertex 109.235 106.848 4
      vertex 94.7654 106.848 4
      vertex 109.057 106.764 4
    endloop
  endfacet
  facet normal 0 0 1
    outer loop
      vertex 108 105 4
      vertex 96 105 4
      vertex 108 45 4
    endloop
  endfacet
  facet normal 0 0 1
    outer loop
      vertex 108.01 105.196 4
      vertex 96 105 4
      vertex 108 105 4
    endloop
  endfacet
  facet normal 0 0 1
    outer loop
      vertex 95.9904 105.196 4
      vertex 108.01 105.196 4
      vertex 108.038 105.39 4
    endloop
  endfacet
  facet normal 0 0 1
    outer loop
      vertex 95.9616 105.39 4
      vertex 108.038 105.39 4
      vertex 108.086 105.581 4
    endloop
  endfacet
  facet normal 0 0 1
    outer loop
      vertex 95.9139 105.581 4
      vertex 108.086 105.581 4
      vertex 108.152 105.765 4
    endloop
  endfacet
  facet normal 0 0 1
    outer loop
      vertex 95.8478 105.765 4
      vertex 108.152 105.765 4
      vertex 108.236 105.943 4
    endloop
  endfacet
  facet normal 0 0 1
    outer loop
      vertex 95.7638 105.943 4
      vertex 108.236 105.943 4
      vertex 108.337 106.111 4
    endloop
  endfacet
  facet normal 0 0 1
    outer loop
      vertex 95.6629 106.111 4
      vertex 108.337 106.111 4
      vertex 108.454 106.269 4
    endloop
  endfacet
  facet normal 0 0 1
    outer loop
      vertex 95.546 106.269 4
      vertex 108.454 106.269 4
      vertex 108.586 106.414 4
    endloop
  endfacet
  facet normal 0 -0 1
    outer loop
      vertex 94.9428 106.764 4
      vertex 109.057 106.764 4
      vertex 94.7654 106.848 4
    endloop
  endfacet
  facet normal 0 0 1
    outer loop
      vertex 10.7404 143.74 4
      vertex 147.76 143.74 4
      vertex 147.99 143.949 4
    endloop
  endfacet
  facet normal 0 0 1
    outer loop
      vertex 108.01 105.196 4
      vertex 95.9904 105.196 4
      vertex 96 105 4
    endloop
  endfacet
  facet normal 0 0 1
    outer loop
      vertex 108.038 105.39 4
      vertex 95.9616 105.39 4
      vertex 95.9904 105.196 4
    endloop
  endfacet
  facet normal 0 0 1
    outer loop
      vertex 10.51 143.949 4
      vertex 147.99 143.949 4
      vertex 148.24 144.134 4
    endloop
  endfacet
  facet normal 0 0 1
    outer loop
      vertex 108.086 105.581 4
      vertex 95.9139 105.581 4
      vertex 95.9616 105.39 4
    endloop
  endfacet
  facet normal 0 0 1
    outer loop
      vertex 108.152 105.765 4
      vertex 95.8478 105.765 4
      vertex 95.9139 105.581 4
    endloop
  endfacet
  facet normal 0 0 1
    outer loop
      vertex 108.236 105.943 4
      vertex 95.7638 105.943 4
      vertex 95.8478 105.765 4
    endloop
  endfacet
  facet normal 0 0 1
    outer loop
      vertex 108.337 106.111 4
      vertex 95.6629 106.111 4
      vertex 95.7638 105.943 4
    endloop
  endfacet
  facet normal 0 0 1
    outer loop
      vertex 108.454 106.269 4
      vertex 95.546 106.269 4
      vertex 95.6629 106.111 4
    endloop
  endfacet
  facet normal 0 0 1
    outer loop
      vertex 108.586 106.414 4
      vertex 95.4142 106.414 4
      vertex 95.546 106.269 4
    endloop
  endfacet
  facet normal 0 0 1
    outer loop
      vertex 108.586 106.414 4
      vertex 95.2688 106.546 4
      vertex 95.4142 106.414 4
    endloop
  endfacet
  facet normal 0 0 1
    outer loop
      vertex 108.731 106.546 4
      vertex 95.2688 106.546 4
      vertex 108.586 106.414 4
    endloop
  endfacet
  facet normal 0 -0 1
    outer loop
      vertex 95.2688 106.546 4
      vertex 108.731 106.546 4
      vertex 95.1111 106.663 4
    endloop
  endfacet
  facet normal 0 0 1
    outer loop
      vertex 108.889 106.663 4
      vertex 95.1111 106.663 4
      vertex 108.731 106.546 4
    endloop
  endfacet
  facet normal 0 -0 1
    outer loop
      vertex 95.1111 106.663 4
      vertex 108.889 106.663 4
      vertex 94.9428 106.764 4
    endloop
  endfacet
  facet normal 0 0 1
    outer loop
      vertex 109.057 106.764 4
      vertex 94.9428 106.764 4
      vertex 108.889 106.663 4
    endloop
  endfacet
  facet normal 0 0 1
    outer loop
      vertex 146.968 142.42 4
      vertex 94.196 106.99 4
      vertex 94.3902 106.962 4
    endloop
  endfacet
  facet normal 0 0 1
    outer loop
      vertex 147.073 142.713 4
      vertex 94 107 4
      vertex 94.196 106.99 4
    endloop
  endfacet
  facet normal 0 0 1
    outer loop
      vertex 147.206 142.994 4
      vertex 93.804 106.99 4
      vertex 94 107 4
    endloop
  endfacet
  facet normal 0 0 1
    outer loop
      vertex 147.366 143.26 4
      vertex 93.6098 106.962 4
      vertex 93.804 106.99 4
    endloop
  endfacet
  facet normal 0 0 1
    outer loop
      vertex 147.366 143.26 4
      vertex 11.1344 143.26 4
      vertex 93.6098 106.962 4
    endloop
  endfacet
  facet normal -0 -0 1
    outer loop
      vertex 11.139 143.253 4
      vertex 93.6098 106.962 4
      vertex 11.1344 143.26 4
    endloop
  endfacet
  facet normal -0 -0 1
    outer loop
      vertex 11.2943 142.994 4
      vertex 93.6098 106.962 4
      vertex 11.139 143.253 4
    endloop
  endfacet
  facet normal 0 0 1
    outer loop
      vertex 93.6098 106.962 4
      vertex 11.2943 142.994 4
      vertex 93.4194 106.914 4
    endloop
  endfacet
  facet normal 0 0 1
    outer loop
      vertex 92.3371 106.111 4
      vertex 11.532 140.58 4
      vertex 92.2362 105.943 4
    endloop
  endfacet
  facet normal -0 0 1
    outer loop
      vertex 11.532 140.58 4
      vertex 92.3371 106.111 4
      vertex 11.5341 140.589 4
    endloop
  endfacet
  facet normal -0 0 1
    outer loop
      vertex 11.5341 140.589 4
      vertex 92.3371 106.111 4
      vertex 11.6075 140.882 4
    endloop
  endfacet
  facet normal 0 0 1
    outer loop
      vertex 92.454 106.269 4
      vertex 11.6075 140.882 4
      vertex 92.3371 106.111 4
    endloop
  endfacet
  facet normal -0 0 1
    outer loop
      vertex 11.6075 140.882 4
      vertex 92.454 106.269 4
      vertex 11.6519 141.181 4
    endloop
  endfacet
  facet normal -0 0 1
    outer loop
      vertex 11.6519 141.181 4
      vertex 92.454 106.269 4
      vertex 11.6532 141.189 4
    endloop
  endfacet
  facet normal 0 0 1
    outer loop
      vertex 92.5858 106.414 4
      vertex 11.6532 141.189 4
      vertex 92.454 106.269 4
    endloop
  endfacet
  facet normal -0 0 1
    outer loop
      vertex 11.6532 141.189 4
      vertex 92.5858 106.414 4
      vertex 11.6536 141.198 4
    endloop
  endfacet
  facet normal -0 0 1
    outer loop
      vertex 11.6536 141.198 4
      vertex 92.5858 106.414 4
      vertex 11.6684 141.5 4
    endloop
  endfacet
  facet normal 0 0 1
    outer loop
      vertex 92.7312 106.546 4
      vertex 11.6684 141.5 4
      vertex 92.5858 106.414 4
    endloop
  endfacet
  facet normal 0 0 1
    outer loop
      vertex 11.6532 141.811 4
      vertex 92.7312 106.546 4
      vertex 92.8889 106.663 4
    endloop
  endfacet
  facet normal -0 -0 1
    outer loop
      vertex 11.4235 142.72 4
      vertex 93.4194 106.914 4
      vertex 11.2943 142.994 4
    endloop
  endfacet
  facet normal 0 0 1
    outer loop
      vertex 10.2603 144.134 4
      vertex 148.24 144.134 4
      vertex 148.506 144.294 4
    endloop
  endfacet
  facet normal 0 0 1
    outer loop
      vertex 0 150 4
      vertex 148.506 144.294 4
      vertex 148.787 144.427 4
    endloop
  endfacet
  facet normal 0 0 1
    outer loop
      vertex 0 150 4
      vertex 148.787 144.427 4
      vertex 149.08 144.532 4
    endloop
  endfacet
  facet normal 0 0 1
    outer loop
      vertex 0 150 4
      vertex 149.08 144.532 4
      vertex 149.382 144.608 4
    endloop
  endfacet
  facet normal 0 0 1
    outer loop
      vertex 0 150 4
      vertex 149.382 144.608 4
      vertex 149.689 144.653 4
    endloop
  endfacet
  facet normal 0 0 1
    outer loop
      vertex 0 150 4
      vertex 149.689 144.653 4
      vertex 150 144.668 4
    endloop
  endfacet
  facet normal -0 0 1
    outer loop
      vertex 0 150 4
      vertex 150 144.668 4
      vertex 300 150 4
    endloop
  endfacet
  facet normal 0 0 1
    outer loop
      vertex 92.7312 106.546 4
      vertex 11.6536 141.802 4
      vertex 11.6684 141.5 4
    endloop
  endfacet
  facet normal 0 0 1
    outer loop
      vertex 92.7312 106.546 4
      vertex 11.6532 141.811 4
      vertex 11.6536 141.802 4
    endloop
  endfacet
  facet normal 0 0 1
    outer loop
      vertex 92.8889 106.663 4
      vertex 11.6519 141.819 4
      vertex 11.6532 141.811 4
    endloop
  endfacet
  facet normal 0 0 1
    outer loop
      vertex 92.8889 106.663 4
      vertex 11.6075 142.118 4
      vertex 11.6519 141.819 4
    endloop
  endfacet
  facet normal 0 0 1
    outer loop
      vertex 93.0572 106.764 4
      vertex 11.6075 142.118 4
      vertex 92.8889 106.663 4
    endloop
  endfacet
  facet normal -0 -0 1
    outer loop
      vertex 11.6075 142.118 4
      vertex 93.0572 106.764 4
      vertex 11.5341 142.411 4
    endloop
  endfacet
  facet normal -0 -0 1
    outer loop
      vertex 11.5341 142.411 4
      vertex 93.0572 106.764 4
      vertex 11.532 142.42 4
    endloop
  endfacet
  facet normal 0 0 1
    outer loop
      vertex 93.2346 106.848 4
      vertex 11.532 142.42 4
      vertex 93.0572 106.764 4
    endloop
  endfacet
  facet normal -0 -0 1
    outer loop
      vertex 11.532 142.42 4
      vertex 93.2346 106.848 4
      vertex 11.529 142.428 4
    endloop
  endfacet
  facet normal -0 -0 1
    outer loop
      vertex 11.529 142.428 4
      vertex 93.2346 106.848 4
      vertex 11.4272 142.713 4
    endloop
  endfacet
  facet normal 0 0 1
    outer loop
      vertex 93.4194 106.914 4
      vertex 11.4272 142.713 4
      vertex 93.2346 106.848 4
    endloop
  endfacet
  facet normal -0 -0 1
    outer loop
      vertex 11.4272 142.713 4
      vertex 93.4194 106.914 4
      vertex 11.4235 142.72 4
    endloop
  endfacet
  facet normal 0 0 1
    outer loop
      vertex 147.551 143.51 4
      vertex 11.1292 143.267 4
      vertex 11.1344 143.26 4
    endloop
  endfacet
  facet normal 0 0 1
    outer loop
      vertex 147.551 143.51 4
      vertex 10.9492 143.51 4
      vertex 11.1292 143.267 4
    endloop
  endfacet
  facet normal 0 0 1
    outer loop
      vertex 147.76 143.74 4
      vertex 10.7463 143.734 4
      vertex 10.9492 143.51 4
    endloop
  endfacet
  facet normal 0 0 1
    outer loop
      vertex 147.76 143.74 4
      vertex 10.7404 143.74 4
      vertex 10.7463 143.734 4
    endloop
  endfacet
  facet normal 0 0 1
    outer loop
      vertex 147.99 143.949 4
      vertex 10.7339 143.746 4
      vertex 10.7404 143.74 4
    endloop
  endfacet
  facet normal 0 0 1
    outer loop
      vertex 147.99 143.949 4
      vertex 10.51 143.949 4
      vertex 10.7339 143.746 4
    endloop
  endfacet
  facet normal 0 0 1
    outer loop
      vertex 148.24 144.134 4
      vertex 10.2673 144.129 4
      vertex 10.51 143.949 4
    endloop
  endfacet
  facet normal 0 0 1
    outer loop
      vertex 148.24 144.134 4
      vertex 10.2603 144.134 4
      vertex 10.2673 144.129 4
    endloop
  endfacet
  facet normal 0 0 1
    outer loop
      vertex 148.506 144.294 4
      vertex 10.2527 144.139 4
      vertex 10.2603 144.134 4
    endloop
  endfacet
  facet normal 0 0 1
    outer loop
      vertex 148.506 144.294 4
      vertex 9.99358 144.294 4
      vertex 10.2527 144.139 4
    endloop
  endfacet
  facet normal 0 0 1
    outer loop
      vertex 148.506 144.294 4
      vertex 0 150 4
      vertex 9.99358 144.294 4
    endloop
  endfacet
  facet normal 0 0 1
    outer loop
      vertex 9.99358 144.294 4
      vertex 0 150 4
      vertex 9.72044 144.423 4
    endloop
  endfacet
  facet normal 0 0 1
    outer loop
      vertex 9.72044 144.423 4
      vertex 0 150 4
      vertex 9.7125 144.427 4
    endloop
  endfacet
  facet normal 0 0 1
    outer loop
      vertex 9.7125 144.427 4
      vertex 0 150 4
      vertex 9.42801 144.529 4
    endloop
  endfacet
  facet normal 0 0 1
    outer loop
      vertex 9.42801 144.529 4
      vertex 0 150 4
      vertex 9.41974 144.532 4
    endloop
  endfacet
  facet normal 0 0 1
    outer loop
      vertex 9.41974 144.532 4
      vertex 0 150 4
      vertex 9.41123 144.534 4
    endloop
  endfacet
  facet normal 0 0 1
    outer loop
      vertex 9.41123 144.534 4
      vertex 0 150 4
      vertex 9.11813 144.608 4
    endloop
  endfacet
  facet normal 0 0 1
    outer loop
      vertex 9.11813 144.608 4
      vertex 0 150 4
      vertex 8.81924 144.652 4
    endloop
  endfacet
  facet normal 0 0 1
    outer loop
      vertex 8.81924 144.652 4
      vertex 0 150 4
      vertex 8.81056 144.653 4
    endloop
  endfacet
  facet normal 0 0 1
    outer loop
      vertex 8.81056 144.653 4
      vertex 0 150 4
      vertex 8.80179 144.654 4
    endloop
  endfacet
  facet normal 0 0 1
    outer loop
      vertex 0 150 4
      vertex 8.19821 144.654 4
      vertex 8.5 144.668 4
    endloop
  endfacet
  facet normal 0 0 1
    outer loop
      vertex 0 150 4
      vertex 8.18075 144.652 4
      vertex 8.18944 144.653 4
    endloop
  endfacet
  facet normal 0 0 1
    outer loop
      vertex 0 150 4
      vertex 7.58877 144.534 4
      vertex 7.88187 144.608 4
    endloop
  endfacet
  facet normal 0 0 1
    outer loop
      vertex 0 150 4
      vertex 7.57199 144.529 4
      vertex 7.58026 144.532 4
    endloop
  endfacet
  facet normal 0 0 1
    outer loop
      vertex 0 150 4
      vertex 6.73267 144.129 4
      vertex 6.73972 144.134 4
    endloop
  endfacet
  facet normal 0 0 1
    outer loop
      vertex 0 150 4
      vertex 6.26609 143.746 4
      vertex 6.48997 143.949 4
    endloop
  endfacet
  facet normal 0 0 1
    outer loop
      vertex 0 150 4
      vertex 6.25369 143.734 4
      vertex 6.25959 143.74 4
    endloop
  endfacet
  facet normal 0 0 1
    outer loop
      vertex 0 150 4
      vertex 5.87078 143.267 4
      vertex 6.05078 143.51 4
    endloop
  endfacet
  facet normal 0 0 1
    outer loop
      vertex 0 150 4
      vertex 5.86104 143.253 4
      vertex 5.86555 143.26 4
    endloop
  endfacet
  facet normal 0 0 1
    outer loop
      vertex 0 150 4
      vertex 5.57651 142.72 4
      vertex 5.7057 142.994 4
    endloop
  endfacet
  facet normal 0 0 1
    outer loop
      vertex 0 150 4
      vertex 5.34812 141.819 4
      vertex 5.39246 142.118 4
    endloop
  endfacet
  facet normal 0 0 1
    outer loop
      vertex 5.34683 8.81056 4
      vertex 0 0 4
      vertex 5.3464 8.80179 4
    endloop
  endfacet
  facet normal 0 0 1
    outer loop
      vertex 5.3464 141.802 4
      vertex 0 150 4
      vertex 5.33158 141.5 4
    endloop
  endfacet
  facet normal 0 0 1
    outer loop
      vertex 5.34683 141.811 4
      vertex 0 150 4
      vertex 5.3464 141.802 4
    endloop
  endfacet
  facet normal 0 0 1
    outer loop
      vertex 5.34812 141.819 4
      vertex 0 150 4
      vertex 5.34683 141.811 4
    endloop
  endfacet
  facet normal 0 0 1
    outer loop
      vertex 5.46588 142.411 4
      vertex 0 150 4
      vertex 5.39246 142.118 4
    endloop
  endfacet
  facet normal 0 0 1
    outer loop
      vertex 5.46801 142.42 4
      vertex 0 150 4
      vertex 5.46588 142.411 4
    endloop
  endfacet
  facet normal 0 0 1
    outer loop
      vertex 5.47097 142.428 4
      vertex 0 150 4
      vertex 5.46801 142.42 4
    endloop
  endfacet
  facet normal 0 0 1
    outer loop
      vertex 5.57276 142.713 4
      vertex 0 150 4
      vertex 5.47097 142.428 4
    endloop
  endfacet
  facet normal 0 0 1
    outer loop
      vertex 5.57651 142.72 4
      vertex 0 150 4
      vertex 5.57276 142.713 4
    endloop
  endfacet
  facet normal 0 0 1
    outer loop
      vertex 5.86104 143.253 4
      vertex 0 150 4
      vertex 5.7057 142.994 4
    endloop
  endfacet
  facet normal 0 0 1
    outer loop
      vertex 5.87078 143.267 4
      vertex 0 150 4
      vertex 5.86555 143.26 4
    endloop
  endfacet
  facet normal 0 0 1
    outer loop
      vertex 6.25369 143.734 4
      vertex 0 150 4
      vertex 6.05078 143.51 4
    endloop
  endfacet
  facet normal 0 0 1
    outer loop
      vertex 6.26609 143.746 4
      vertex 0 150 4
      vertex 6.25959 143.74 4
    endloop
  endfacet
  facet normal 0 0 1
    outer loop
      vertex 6.73267 144.129 4
      vertex 0 150 4
      vertex 6.48997 143.949 4
    endloop
  endfacet
  facet normal 0 0 1
    outer loop
      vertex 6.74725 144.139 4
      vertex 0 150 4
      vertex 6.73972 144.134 4
    endloop
  endfacet
  facet normal 0 0 1
    outer loop
      vertex 7.00642 144.294 4
      vertex 0 150 4
      vertex 6.74725 144.139 4
    endloop
  endfacet
  facet normal 0 0 1
    outer loop
      vertex 7.27956 144.423 4
      vertex 0 150 4
      vertex 7.00642 144.294 4
    endloop
  endfacet
  facet normal 0 0 1
    outer loop
      vertex 7.2875 144.427 4
      vertex 0 150 4
      vertex 7.27956 144.423 4
    endloop
  endfacet
  facet normal 0 0 1
    outer loop
      vertex 7.57199 144.529 4
      vertex 0 150 4
      vertex 7.2875 144.427 4
    endloop
  endfacet
  facet normal 0 0 1
    outer loop
      vertex 7.58877 144.534 4
      vertex 0 150 4
      vertex 7.58026 144.532 4
    endloop
  endfacet
  facet normal 0 0 1
    outer loop
      vertex 8.18075 144.652 4
      vertex 0 150 4
      vertex 7.88187 144.608 4
    endloop
  endfacet
  facet normal 0 0 1
    outer loop
      vertex 8.19821 144.654 4
      vertex 0 150 4
      vertex 8.18944 144.653 4
    endloop
  endfacet
  facet normal 0 0 1
    outer loop
      vertex 8.80179 144.654 4
      vertex 0 150 4
      vertex 8.5 144.668 4
    endloop
  endfacet
  facet normal 0 0 1
    outer loop
      vertex 294.653 141.189 4
      vertex 300 150 4
      vertex 294.654 141.198 4
    endloop
  endfacet
  facet normal -0 0 1
    outer loop
      vertex 294.654 8.19821 4
      vertex 300 0 4
      vertex 294.668 8.5 4
    endloop
  endfacet
  facet normal -0 0 1
    outer loop
      vertex 294.653 8.18944 4
      vertex 300 0 4
      vertex 294.654 8.19821 4
    endloop
  endfacet
  facet normal -0 0 1
    outer loop
      vertex 294.652 8.18075 4
      vertex 300 0 4
      vertex 294.653 8.18944 4
    endloop
  endfacet
  facet normal -0 0 1
    outer loop
      vertex 294.608 7.88187 4
      vertex 300 0 4
      vertex 294.652 8.18075 4
    endloop
  endfacet
  facet normal -0 0 1
    outer loop
      vertex 294.534 7.58877 4
      vertex 300 0 4
      vertex 294.608 7.88187 4
    endloop
  endfacet
  facet normal -0 0 1
    outer loop
      vertex 294.532 7.58026 4
      vertex 300 0 4
      vertex 294.534 7.58877 4
    endloop
  endfacet
  facet normal -0 0 1
    outer loop
      vertex 294.529 7.57199 4
      vertex 300 0 4
      vertex 294.532 7.58026 4
    endloop
  endfacet
  facet normal -0 0 1
    outer loop
      vertex 294.427 7.2875 4
      vertex 300 0 4
      vertex 294.529 7.57199 4
    endloop
  endfacet
  facet normal -0 0 1
    outer loop
      vertex 294.423 7.27956 4
      vertex 300 0 4
      vertex 294.427 7.2875 4
    endloop
  endfacet
  facet normal -0 0 1
    outer loop
      vertex 294.294 7.00642 4
      vertex 300 0 4
      vertex 294.423 7.27956 4
    endloop
  endfacet
  facet normal -0 0 1
    outer loop
      vertex 294.139 6.74725 4
      vertex 300 0 4
      vertex 294.294 7.00642 4
    endloop
  endfacet
  facet normal -0 0 1
    outer loop
      vertex 294.134 6.73972 4
      vertex 300 0 4
      vertex 294.139 6.74725 4
    endloop
  endfacet
  facet normal -0 0 1
    outer loop
      vertex 294.129 6.73267 4
      vertex 300 0 4
      vertex 294.134 6.73972 4
    endloop
  endfacet
  facet normal -0 0 1
    outer loop
      vertex 293.949 6.48997 4
      vertex 300 0 4
      vertex 294.129 6.73267 4
    endloop
  endfacet
  facet normal -0 0 1
    outer loop
      vertex 293.746 6.26609 4
      vertex 300 0 4
      vertex 293.949 6.48997 4
    endloop
  endfacet
  facet normal -0 0 1
    outer loop
      vertex 293.74 6.25959 4
      vertex 300 0 4
      vertex 293.746 6.26609 4
    endloop
  endfacet
  facet normal -0 0 1
    outer loop
      vertex 293.734 6.25369 4
      vertex 300 0 4
      vertex 293.74 6.25959 4
    endloop
  endfacet
  facet normal -0 0 1
    outer loop
      vertex 293.51 6.05078 4
      vertex 300 0 4
      vertex 293.734 6.25369 4
    endloop
  endfacet
  facet normal -0 0 1
    outer loop
      vertex 293.267 5.87078 4
      vertex 300 0 4
      vertex 293.51 6.05078 4
    endloop
  endfacet
  facet normal -0 0 1
    outer loop
      vertex 293.26 5.86555 4
      vertex 300 0 4
      vertex 293.267 5.87078 4
    endloop
  endfacet
  facet normal -0 0 1
    outer loop
      vertex 293.253 5.86104 4
      vertex 300 0 4
      vertex 293.26 5.86555 4
    endloop
  endfacet
  facet normal -0 0 1
    outer loop
      vertex 292.994 5.7057 4
      vertex 300 0 4
      vertex 293.253 5.86104 4
    endloop
  endfacet
  facet normal -0 0 1
    outer loop
      vertex 292.72 5.57651 4
      vertex 300 0 4
      vertex 292.994 5.7057 4
    endloop
  endfacet
  facet normal -0 0 1
    outer loop
      vertex 292.712 5.57276 4
      vertex 300 0 4
      vertex 292.72 5.57651 4
    endloop
  endfacet
  facet normal -0 0 1
    outer loop
      vertex 292.428 5.47097 4
      vertex 300 0 4
      vertex 292.712 5.57276 4
    endloop
  endfacet
  facet normal -0 0 1
    outer loop
      vertex 292.42 5.46801 4
      vertex 300 0 4
      vertex 292.428 5.47097 4
    endloop
  endfacet
  facet normal -0 0 1
    outer loop
      vertex 292.411 5.46588 4
      vertex 300 0 4
      vertex 292.42 5.46801 4
    endloop
  endfacet
  facet normal -0 0 1
    outer loop
      vertex 292.118 5.39246 4
      vertex 300 0 4
      vertex 292.411 5.46588 4
    endloop
  endfacet
  facet normal -0 0 1
    outer loop
      vertex 291.819 5.34812 4
      vertex 300 0 4
      vertex 292.118 5.39246 4
    endloop
  endfacet
  facet normal -0 0 1
    outer loop
      vertex 291.811 5.34683 4
      vertex 300 0 4
      vertex 291.819 5.34812 4
    endloop
  endfacet
  facet normal -0 0 1
    outer loop
      vertex 291.802 5.3464 4
      vertex 300 0 4
      vertex 291.811 5.34683 4
    endloop
  endfacet
  facet normal -0 0 1
    outer loop
      vertex 291.5 5.33158 4
      vertex 300 0 4
      vertex 291.802 5.3464 4
    endloop
  endfacet
  facet normal 0 0 1
    outer loop
      vertex 291.198 5.3464 4
      vertex 300 0 4
      vertex 291.5 5.33158 4
    endloop
  endfacet
  facet normal 0 0 1
    outer loop
      vertex 291.189 5.34683 4
      vertex 300 0 4
      vertex 291.198 5.3464 4
    endloop
  endfacet
  facet normal 0 0 1
    outer loop
      vertex 291.181 5.34812 4
      vertex 300 0 4
      vertex 291.189 5.34683 4
    endloop
  endfacet
  facet normal 0 0 1
    outer loop
      vertex 290.882 5.39246 4
      vertex 300 0 4
      vertex 291.181 5.34812 4
    endloop
  endfacet
  facet normal 0 0 1
    outer loop
      vertex 290.589 5.46588 4
      vertex 300 0 4
      vertex 290.882 5.39246 4
    endloop
  endfacet
  facet normal 0 0 1
    outer loop
      vertex 290.58 5.46801 4
      vertex 300 0 4
      vertex 290.589 5.46588 4
    endloop
  endfacet
  facet normal 0 0 1
    outer loop
      vertex 290.572 5.47097 4
      vertex 300 0 4
      vertex 290.58 5.46801 4
    endloop
  endfacet
  facet normal 0 0 1
    outer loop
      vertex 290.288 5.57276 4
      vertex 300 0 4
      vertex 290.572 5.47097 4
    endloop
  endfacet
  facet normal 0 0 1
    outer loop
      vertex 290.28 5.57651 4
      vertex 300 0 4
      vertex 290.288 5.57276 4
    endloop
  endfacet
  facet normal 0 0 1
    outer loop
      vertex 290.006 5.7057 4
      vertex 300 0 4
      vertex 290.28 5.57651 4
    endloop
  endfacet
  facet normal 0 0 -1
    outer loop
      vertex 289.74 5.86555 4
      vertex 290.006 5.7057 4
      vertex 289.747 5.86104 4
    endloop
  endfacet
  facet normal 0 0 1
    outer loop
      vertex 289.49 6.05078 4
      vertex 289.74 5.86555 4
      vertex 289.733 5.87078 4
    endloop
  endfacet
  facet normal 0 0 -1
    outer loop
      vertex 289.051 6.48997 4
      vertex 289.26 6.25959 4
      vertex 289.254 6.26609 4
    endloop
  endfacet
  facet normal 0 0 -1
    outer loop
      vertex 288.866 6.73972 4
      vertex 289.051 6.48997 4
      vertex 288.871 6.73267 4
    endloop
  endfacet
  facet normal 0 0 -1
    outer loop
      vertex 288.706 7.00642 4
      vertex 288.866 6.73972 4
      vertex 288.861 6.74725 4
    endloop
  endfacet
  facet normal 0 0 1
    outer loop
      vertex 288.468 7.58026 4
      vertex 288.573 7.2875 4
      vertex 288.471 7.57199 4
    endloop
  endfacet
  facet normal 0 0 -1
    outer loop
      vertex 288.332 8.5 4
      vertex 288.347 8.18944 4
      vertex 288.346 8.19821 4
    endloop
  endfacet
  facet normal -0 0 1
    outer loop
      vertex 207.663 43.8889 4
      vertex 288.468 9.41974 4
      vertex 207.764 44.0572 4
    endloop
  endfacet
  facet normal 0 0 1
    outer loop
      vertex 288.468 9.41974 4
      vertex 207.663 43.8889 4
      vertex 288.466 9.41123 4
    endloop
  endfacet
  facet normal 0 0 1
    outer loop
      vertex 288.466 9.41123 4
      vertex 207.663 43.8889 4
      vertex 288.392 9.11813 4
    endloop
  endfacet
  facet normal -0 0 1
    outer loop
      vertex 207.546 43.7312 4
      vertex 288.392 9.11813 4
      vertex 207.663 43.8889 4
    endloop
  endfacet
  facet normal 0 0 1
    outer loop
      vertex 288.392 9.11813 4
      vertex 207.546 43.7312 4
      vertex 288.348 8.81924 4
    endloop
  endfacet
  facet normal 0 0 1
    outer loop
      vertex 288.348 8.81924 4
      vertex 207.546 43.7312 4
      vertex 288.347 8.81056 4
    endloop
  endfacet
  facet normal -0 0 1
    outer loop
      vertex 207.414 43.5858 4
      vertex 288.347 8.81056 4
      vertex 207.546 43.7312 4
    endloop
  endfacet
  facet normal 0 0 1
    outer loop
      vertex 288.347 8.81056 4
      vertex 207.414 43.5858 4
      vertex 288.346 8.80179 4
    endloop
  endfacet
  facet normal 0 0 1
    outer loop
      vertex 288.346 8.80179 4
      vertex 207.414 43.5858 4
      vertex 288.332 8.5 4
    endloop
  endfacet
  facet normal -0 0 1
    outer loop
      vertex 207.269 43.454 4
      vertex 288.332 8.5 4
      vertex 207.414 43.5858 4
    endloop
  endfacet
  facet normal 0 0 1
    outer loop
      vertex 288.332 8.5 4
      vertex 207.269 43.454 4
      vertex 288.347 8.18944 4
    endloop
  endfacet
  facet normal -0 0 1
    outer loop
      vertex 207.111 43.3371 4
      vertex 288.347 8.18944 4
      vertex 207.269 43.454 4
    endloop
  endfacet
  facet normal 0 0 1
    outer loop
      vertex 288.347 8.18944 4
      vertex 207.111 43.3371 4
      vertex 288.348 8.18075 4
    endloop
  endfacet
  facet normal 0 0 1
    outer loop
      vertex 288.348 8.18075 4
      vertex 207.111 43.3371 4
      vertex 288.392 7.88187 4
    endloop
  endfacet
  facet normal -0 0 1
    outer loop
      vertex 206.943 43.2362 4
      vertex 288.392 7.88187 4
      vertex 207.111 43.3371 4
    endloop
  endfacet
  facet normal 0 0 1
    outer loop
      vertex 288.392 7.88187 4
      vertex 206.943 43.2362 4
      vertex 288.466 7.58877 4
    endloop
  endfacet
  facet normal 0 0 1
    outer loop
      vertex 288.466 7.58877 4
      vertex 206.943 43.2362 4
      vertex 288.468 7.58026 4
    endloop
  endfacet
  facet normal -0 0 1
    outer loop
      vertex 180 12 4
      vertex 288.468 7.58026 4
      vertex 206.943 43.2362 4
    endloop
  endfacet
  facet normal 0 0 1
    outer loop
      vertex 288.468 7.58026 4
      vertex 180 12 4
      vertex 288.573 7.2875 4
    endloop
  endfacet
  facet normal 0 0 1
    outer loop
      vertex 288.573 7.2875 4
      vertex 180 12 4
      vertex 288.577 7.27956 4
    endloop
  endfacet
  facet normal 0 0 1
    outer loop
      vertex 288.577 7.27956 4
      vertex 180 12 4
      vertex 288.706 7.00642 4
    endloop
  endfacet
  facet normal 0 0 1
    outer loop
      vertex 288.706 7.00642 4
      vertex 180 12 4
      vertex 288.866 6.73972 4
    endloop
  endfacet
  facet normal 0 0 1
    outer loop
      vertex 288.866 6.73972 4
      vertex 180 12 4
      vertex 289.051 6.48997 4
    endloop
  endfacet
  facet normal 0 0 1
    outer loop
      vertex 289.051 6.48997 4
      vertex 180 12 4
      vertex 289.26 6.25959 4
    endloop
  endfacet
  facet normal 0 0 1
    outer loop
      vertex 289.26 6.25959 4
      vertex 180 12 4
      vertex 289.266 6.25369 4
    endloop
  endfacet
  facet normal 0 0 1
    outer loop
      vertex 289.266 6.25369 4
      vertex 180 12 4
      vertex 289.49 6.05078 4
    endloop
  endfacet
  facet normal 0 0 1
    outer loop
      vertex 289.49 6.05078 4
      vertex 180 12 4
      vertex 289.74 5.86555 4
    endloop
  endfacet
  facet normal 0 0 1
    outer loop
      vertex 289.74 5.86555 4
      vertex 180 12 4
      vertex 290.006 5.7057 4
    endloop
  endfacet
  facet normal 0 0 1
    outer loop
      vertex 180 12 4
      vertex 206.943 43.2362 4
      vertex 206.765 43.1522 4
    endloop
  endfacet
  facet normal 0 0 1
    outer loop
      vertex 180 12 4
      vertex 206.765 43.1522 4
      vertex 206.581 43.0861 4
    endloop
  endfacet
  facet normal 0 0 1
    outer loop
      vertex 180 12 4
      vertex 206.581 43.0861 4
      vertex 206.39 43.0384 4
    endloop
  endfacet
  facet normal 0 0 1
    outer loop
      vertex 180 12 4
      vertex 206.39 43.0384 4
      vertex 206.196 43.0096 4
    endloop
  endfacet
  facet normal 0 0 1
    outer loop
      vertex 180 12 4
      vertex 206.196 43.0096 4
      vertex 206 43 4
    endloop
  endfacet
  facet normal 0 0 1
    outer loop
      vertex 180 12 4
      vertex 206 43 4
      vertex 205.804 43.0096 4
    endloop
  endfacet
  facet normal 0 0 1
    outer loop
      vertex 180 12 4
      vertex 205.804 43.0096 4
      vertex 205.61 43.0384 4
    endloop
  endfacet
  facet normal 0 0 1
    outer loop
      vertex 180 28 4
      vertex 205.61 43.0384 4
      vertex 205.419 43.0861 4
    endloop
  endfacet
  facet normal 0 0 1
    outer loop
      vertex 180 28 4
      vertex 205.419 43.0861 4
      vertex 205.235 43.1522 4
    endloop
  endfacet
  facet normal 0 0 1
    outer loop
      vertex 192 45 4
      vertex 204 45 4
      vertex 192 105 4
    endloop
  endfacet
  facet normal 0 0 1
    outer loop
      vertex 204 45 4
      vertex 192 45 4
      vertex 204.01 44.804 4
    endloop
  endfacet
  facet normal 0 0 1
    outer loop
      vertex 191.99 44.804 4
      vertex 204.01 44.804 4
      vertex 192 45 4
    endloop
  endfacet
  facet normal 0 0 1
    outer loop
      vertex 204.01 44.804 4
      vertex 191.99 44.804 4
      vertex 204.038 44.6098 4
    endloop
  endfacet
  facet normal 0 0 1
    outer loop
      vertex 191.962 44.6098 4
      vertex 204.038 44.6098 4
      vertex 191.99 44.804 4
    endloop
  endfacet
  facet normal 0 0 1
    outer loop
      vertex 204.038 44.6098 4
      vertex 191.962 44.6098 4
      vertex 204.086 44.4194 4
    endloop
  endfacet
  facet normal 0 0 1
    outer loop
      vertex 191.914 44.4194 4
      vertex 204.086 44.4194 4
      vertex 191.962 44.6098 4
    endloop
  endfacet
  facet normal 0 0 1
    outer loop
      vertex 204.086 44.4194 4
      vertex 191.914 44.4194 4
      vertex 204.152 44.2346 4
    endloop
  endfacet
  facet normal 0 0 1
    outer loop
      vertex 191.848 44.2346 4
      vertex 204.152 44.2346 4
      vertex 191.914 44.4194 4
    endloop
  endfacet
  facet normal 0 0 1
    outer loop
      vertex 204.152 44.2346 4
      vertex 191.848 44.2346 4
      vertex 204.236 44.0572 4
    endloop
  endfacet
  facet normal 0 0 1
    outer loop
      vertex 191.764 44.0572 4
      vertex 204.236 44.0572 4
      vertex 191.848 44.2346 4
    endloop
  endfacet
  facet normal 0 0 1
    outer loop
      vertex 204.236 44.0572 4
      vertex 191.764 44.0572 4
      vertex 204.337 43.8889 4
    endloop
  endfacet
  facet normal 0 0 1
    outer loop
      vertex 191.663 43.8889 4
      vertex 204.337 43.8889 4
      vertex 191.764 44.0572 4
    endloop
  endfacet
  facet normal 0 0 1
    outer loop
      vertex 204.337 43.8889 4
      vertex 191.663 43.8889 4
      vertex 204.454 43.7312 4
    endloop
  endfacet
  facet normal 0 0 1
    outer loop
      vertex 191.546 43.7312 4
      vertex 204.454 43.7312 4
      vertex 191.663 43.8889 4
    endloop
  endfacet
  facet normal 0 0 1
    outer loop
      vertex 204.454 43.7312 4
      vertex 191.546 43.7312 4
      vertex 204.586 43.5858 4
    endloop
  endfacet
  facet normal 0 0 1
    outer loop
      vertex 191.414 43.5858 4
      vertex 204.586 43.5858 4
      vertex 191.546 43.7312 4
    endloop
  endfacet
  facet normal 0 0 1
    outer loop
      vertex 204.586 43.5858 4
      vertex 191.414 43.5858 4
      vertex 204.731 43.454 4
    endloop
  endfacet
  facet normal 0 0 1
    outer loop
      vertex 191.269 43.454 4
      vertex 204.731 43.454 4
      vertex 191.414 43.5858 4
    endloop
  endfacet
  facet normal 0 0 1
    outer loop
      vertex 204.731 43.454 4
      vertex 191.269 43.454 4
      vertex 204.889 43.3371 4
    endloop
  endfacet
  facet normal 0 0 1
    outer loop
      vertex 191.111 43.3371 4
      vertex 204.889 43.3371 4
      vertex 191.269 43.454 4
    endloop
  endfacet
  facet normal 0 0 1
    outer loop
      vertex 204.889 43.3371 4
      vertex 191.111 43.3371 4
      vertex 205.057 43.2362 4
    endloop
  endfacet
  facet normal 0 0 1
    outer loop
      vertex 190.943 43.2362 4
      vertex 205.057 43.2362 4
      vertex 191.111 43.3371 4
    endloop
  endfacet
  facet normal 0 0 1
    outer loop
      vertex 205.057 43.2362 4
      vertex 190.943 43.2362 4
      vertex 205.235 43.1522 4
    endloop
  endfacet
  facet normal 0 0 1
    outer loop
      vertex 190.765 43.1522 4
      vertex 205.235 43.1522 4
      vertex 190.943 43.2362 4
    endloop
  endfacet
  facet normal 0 0 1
    outer loop
      vertex 205.235 43.1522 4
      vertex 190.765 43.1522 4
      vertex 180 28 4
    endloop
  endfacet
  facet normal 0 0 1
    outer loop
      vertex 180 28 4
      vertex 190.765 43.1522 4
      vertex 190.581 43.0861 4
    endloop
  endfacet
  facet normal 0 0 1
    outer loop
      vertex 180 28 4
      vertex 190.581 43.0861 4
      vertex 190.39 43.0384 4
    endloop
  endfacet
  facet normal 0 0 1
    outer loop
      vertex 180 28 4
      vertex 190.39 43.0384 4
      vertex 190.196 43.0096 4
    endloop
  endfacet
  facet normal 0 0 1
    outer loop
      vertex 180 28 4
      vertex 190.196 43.0096 4
      vertex 190 43 4
    endloop
  endfacet
  facet normal 0 0 1
    outer loop
      vertex 180 28 4
      vertex 190 43 4
      vertex 189.804 43.0096 4
    endloop
  endfacet
  facet normal 0 0 1
    outer loop
      vertex 180 28 4
      vertex 189.804 43.0096 4
      vertex 189.61 43.0384 4
    endloop
  endfacet
  facet normal 0 0 1
    outer loop
      vertex 180 28 4
      vertex 189.61 43.0384 4
      vertex 189.419 43.0861 4
    endloop
  endfacet
  facet normal 0 0 1
    outer loop
      vertex 180 28 4
      vertex 189.419 43.0861 4
      vertex 189.235 43.1522 4
    endloop
  endfacet
  facet normal 0 0 1
    outer loop
      vertex 180 28 4
      vertex 188.01 44.804 4
      vertex 188 45 4
    endloop
  endfacet
  facet normal 0 0 1
    outer loop
      vertex 180 28 4
      vertex 188.038 44.6098 4
      vertex 188.01 44.804 4
    endloop
  endfacet
  facet normal 0 0 1
    outer loop
      vertex 180 28 4
      vertex 188.086 44.4194 4
      vertex 188.038 44.6098 4
    endloop
  endfacet
  facet normal 0 0 1
    outer loop
      vertex 180 28 4
      vertex 188.152 44.2346 4
      vertex 188.086 44.4194 4
    endloop
  endfacet
  facet normal 0 0 1
    outer loop
      vertex 180 28 4
      vertex 188.236 44.0572 4
      vertex 188.152 44.2346 4
    endloop
  endfacet
  facet normal 0 0 1
    outer loop
      vertex 180 28 4
      vertex 188.337 43.8889 4
      vertex 188.236 44.0572 4
    endloop
  endfacet
  facet normal 0 0 1
    outer loop
      vertex 180 28 4
      vertex 188.454 43.7312 4
      vertex 188.337 43.8889 4
    endloop
  endfacet
  facet normal 0 0 1
    outer loop
      vertex 180 28 4
      vertex 188.586 43.5858 4
      vertex 188.454 43.7312 4
    endloop
  endfacet
  facet normal 0 0 1
    outer loop
      vertex 180 28 4
      vertex 188.731 43.454 4
      vertex 188.586 43.5858 4
    endloop
  endfacet
  facet normal 0 0 1
    outer loop
      vertex 180 28 4
      vertex 188.889 43.3371 4
      vertex 188.731 43.454 4
    endloop
  endfacet
  facet normal 0 0 1
    outer loop
      vertex 180 28 4
      vertex 189.057 43.2362 4
      vertex 188.889 43.3371 4
    endloop
  endfacet
  facet normal 0 0 1
    outer loop
      vertex 180 28 4
      vertex 189.235 43.1522 4
      vertex 189.057 43.2362 4
    endloop
  endfacet
  facet normal 0 0 1
    outer loop
      vertex 205.61 43.0384 4
      vertex 180 28 4
      vertex 180 12 4
    endloop
  endfacet
  facet normal 0 0 1
    outer loop
      vertex 290.006 5.7057 4
      vertex 180 12 4
      vertex 300 0 4
    endloop
  endfacet
  facet normal 0 0 1
    outer loop
      vertex 153.154 8.19821 4
      vertex 180 12 4
      vertex 153.168 8.5 4
    endloop
  endfacet
  facet normal 0 0 1
    outer loop
      vertex 153.153 8.18944 4
      vertex 180 12 4
      vertex 153.154 8.19821 4
    endloop
  endfacet
  facet normal 0 0 1
    outer loop
      vertex 153.152 8.18075 4
      vertex 180 12 4
      vertex 153.153 8.18944 4
    endloop
  endfacet
  facet normal 0 0 1
    outer loop
      vertex 153.108 7.88187 4
      vertex 180 12 4
      vertex 153.152 8.18075 4
    endloop
  endfacet
  facet normal 0 0 1
    outer loop
      vertex 153.034 7.58877 4
      vertex 180 12 4
      vertex 153.108 7.88187 4
    endloop
  endfacet
  facet normal 0 0 1
    outer loop
      vertex 153.032 7.58026 4
      vertex 180 12 4
      vertex 153.034 7.58877 4
    endloop
  endfacet
  facet normal 0 0 1
    outer loop
      vertex 153.029 7.57199 4
      vertex 180 12 4
      vertex 153.032 7.58026 4
    endloop
  endfacet
  facet normal 0 0 1
    outer loop
      vertex 152.927 7.2875 4
      vertex 180 12 4
      vertex 153.029 7.57199 4
    endloop
  endfacet
  facet normal 0 0 1
    outer loop
      vertex 152.923 7.27956 4
      vertex 180 12 4
      vertex 152.927 7.2875 4
    endloop
  endfacet
  facet normal 0 0 1
    outer loop
      vertex 152.794 7.00642 4
      vertex 180 12 4
      vertex 152.923 7.27956 4
    endloop
  endfacet
  facet normal 0 0 1
    outer loop
      vertex 152.639 6.74725 4
      vertex 180 12 4
      vertex 152.794 7.00642 4
    endloop
  endfacet
  facet normal 0 0 1
    outer loop
      vertex 152.634 6.73972 4
      vertex 180 12 4
      vertex 152.639 6.74725 4
    endloop
  endfacet
  facet normal 0 0 1
    outer loop
      vertex 152.629 6.73267 4
      vertex 180 12 4
      vertex 152.634 6.73972 4
    endloop
  endfacet
  facet normal 0 0 1
    outer loop
      vertex 152.449 6.48997 4
      vertex 180 12 4
      vertex 152.629 6.73267 4
    endloop
  endfacet
  facet normal 0 0 1
    outer loop
      vertex 152.246 6.26609 4
      vertex 180 12 4
      vertex 152.449 6.48997 4
    endloop
  endfacet
  facet normal 0 0 1
    outer loop
      vertex 152.24 6.25959 4
      vertex 180 12 4
      vertex 152.246 6.26609 4
    endloop
  endfacet
  facet normal 0 0 1
    outer loop
      vertex 152.234 6.25369 4
      vertex 180 12 4
      vertex 152.24 6.25959 4
    endloop
  endfacet
  facet normal 0 0 1
    outer loop
      vertex 152.01 6.05078 4
      vertex 180 12 4
      vertex 152.234 6.25369 4
    endloop
  endfacet
  facet normal 0 0 1
    outer loop
      vertex 151.767 5.87078 4
      vertex 180 12 4
      vertex 152.01 6.05078 4
    endloop
  endfacet
  facet normal 0 0 1
    outer loop
      vertex 151.76 5.86555 4
      vertex 180 12 4
      vertex 151.767 5.87078 4
    endloop
  endfacet
  facet normal 0 0 1
    outer loop
      vertex 151.753 5.86104 4
      vertex 180 12 4
      vertex 151.76 5.86555 4
    endloop
  endfacet
  facet normal 0 0 1
    outer loop
      vertex 151.494 5.7057 4
      vertex 180 12 4
      vertex 151.753 5.86104 4
    endloop
  endfacet
  facet normal 0 0 1
    outer loop
      vertex 151.22 5.57651 4
      vertex 180 12 4
      vertex 151.494 5.7057 4
    endloop
  endfacet
  facet normal 0 0 1
    outer loop
      vertex 151.213 5.57276 4
      vertex 180 12 4
      vertex 151.22 5.57651 4
    endloop
  endfacet
  facet normal 0 0 1
    outer loop
      vertex 150.928 5.47097 4
      vertex 180 12 4
      vertex 151.213 5.57276 4
    endloop
  endfacet
  facet normal 0 0 1
    outer loop
      vertex 150.92 5.46801 4
      vertex 180 12 4
      vertex 150.928 5.47097 4
    endloop
  endfacet
  facet normal 0 0 1
    outer loop
      vertex 180 12 4
      vertex 150.92 5.46801 4
      vertex 300 0 4
    endloop
  endfacet
  facet normal -0 0 1
    outer loop
      vertex 150.911 5.46588 4
      vertex 300 0 4
      vertex 150.92 5.46801 4
    endloop
  endfacet
  facet normal -0 0 1
    outer loop
      vertex 150.618 5.39246 4
      vertex 300 0 4
      vertex 150.911 5.46588 4
    endloop
  endfacet
  facet normal -0 0 1
    outer loop
      vertex 150.319 5.34812 4
      vertex 300 0 4
      vertex 150.618 5.39246 4
    endloop
  endfacet
  facet normal -0 0 1
    outer loop
      vertex 150.311 5.34683 4
      vertex 300 0 4
      vertex 150.319 5.34812 4
    endloop
  endfacet
  facet normal -0 0 1
    outer loop
      vertex 150.302 5.3464 4
      vertex 300 0 4
      vertex 150.311 5.34683 4
    endloop
  endfacet
  facet normal -0 0 1
    outer loop
      vertex 150 5.33158 4
      vertex 300 0 4
      vertex 150.302 5.3464 4
    endloop
  endfacet
  facet normal 0 0 1
    outer loop
      vertex 149.382 5.39246 4
      vertex 149.689 5.34683 4
      vertex 149.681 5.34812 4
    endloop
  endfacet
  facet normal 0 0 1
    outer loop
      vertex 148.506 5.7057 4
      vertex 148.787 5.57276 4
      vertex 148.78 5.57651 4
    endloop
  endfacet
  facet normal 0 0 -1
    outer loop
      vertex 148.24 5.86555 4
      vertex 148.506 5.7057 4
      vertex 148.247 5.86104 4
    endloop
  endfacet
  facet normal 0 0 1
    outer loop
      vertex 147.99 6.05078 4
      vertex 148.24 5.86555 4
      vertex 148.233 5.87078 4
    endloop
  endfacet
  facet normal 0 0 -1
    outer loop
      vertex 147.76 6.25959 4
      vertex 147.99 6.05078 4
      vertex 147.766 6.25369 4
    endloop
  endfacet
  facet normal 0 0 -1
    outer loop
      vertex 147.551 6.48997 4
      vertex 147.76 6.25959 4
      vertex 147.754 6.26609 4
    endloop
  endfacet
  facet normal 0 0 -1
    outer loop
      vertex 147.366 6.73972 4
      vertex 147.551 6.48997 4
      vertex 147.371 6.73267 4
    endloop
  endfacet
  facet normal 0 0 1
    outer loop
      vertex 146.968 7.58026 4
      vertex 147.073 7.2875 4
      vertex 146.971 7.57199 4
    endloop
  endfacet
  facet normal 0 0 1
    outer loop
      vertex 146.892 7.88187 4
      vertex 146.968 7.58026 4
      vertex 146.966 7.58877 4
    endloop
  endfacet
  facet normal 0 0 1
    outer loop
      vertex 120 12 4
      vertex 146.848 8.18075 4
      vertex 146.847 8.18944 4
    endloop
  endfacet
  facet normal 0 0 1
    outer loop
      vertex 120 12 4
      vertex 146.846 8.19821 4
      vertex 146.832 8.5 4
    endloop
  endfacet
  facet normal 0 0 1
    outer loop
      vertex 146.846 8.19821 4
      vertex 120 12 4
      vertex 146.847 8.18944 4
    endloop
  endfacet
  facet normal 0 0 1
    outer loop
      vertex 146.848 8.18075 4
      vertex 120 12 4
      vertex 146.892 7.88187 4
    endloop
  endfacet
  facet normal 0 0 1
    outer loop
      vertex 120 12 4
      vertex 146.968 7.58026 4
      vertex 146.892 7.88187 4
    endloop
  endfacet
  facet normal 0 0 1
    outer loop
      vertex 120 12 4
      vertex 147.073 7.2875 4
      vertex 146.968 7.58026 4
    endloop
  endfacet
  facet normal 0 0 1
    outer loop
      vertex 120 12 4
      vertex 147.077 7.27956 4
      vertex 147.073 7.2875 4
    endloop
  endfacet
  facet normal 0 0 1
    outer loop
      vertex 120 12 4
      vertex 147.206 7.00642 4
      vertex 147.077 7.27956 4
    endloop
  endfacet
  facet normal 0 0 1
    outer loop
      vertex 120 12 4
      vertex 147.361 6.74725 4
      vertex 147.206 7.00642 4
    endloop
  endfacet
  facet normal 0 0 1
    outer loop
      vertex 120 12 4
      vertex 147.366 6.73972 4
      vertex 147.361 6.74725 4
    endloop
  endfacet
  facet normal 0 0 1
    outer loop
      vertex 120 12 4
      vertex 147.551 6.48997 4
      vertex 147.366 6.73972 4
    endloop
  endfacet
  facet normal 0 0 1
    outer loop
      vertex 120 12 4
      vertex 147.76 6.25959 4
      vertex 147.551 6.48997 4
    endloop
  endfacet
  facet normal 0 0 1
    outer loop
      vertex 120 12 4
      vertex 147.99 6.05078 4
      vertex 147.76 6.25959 4
    endloop
  endfacet
  facet normal 0 0 1
    outer loop
      vertex 120 12 4
      vertex 148.24 5.86555 4
      vertex 147.99 6.05078 4
    endloop
  endfacet
  facet normal 0 0 1
    outer loop
      vertex 120 12 4
      vertex 148.506 5.7057 4
      vertex 148.24 5.86555 4
    endloop
  endfacet
  facet normal 0 0 1
    outer loop
      vertex 120 12 4
      vertex 148.787 5.57276 4
      vertex 148.506 5.7057 4
    endloop
  endfacet
  facet normal 0 0 1
    outer loop
      vertex 120 12 4
      vertex 149.072 5.47097 4
      vertex 148.787 5.57276 4
    endloop
  endfacet
  facet normal 0 0 1
    outer loop
      vertex 120 12 4
      vertex 149.08 5.46801 4
      vertex 149.072 5.47097 4
    endloop
  endfacet
  facet normal 0 0 1
    outer loop
      vertex 0 0 4
      vertex 149.08 5.46801 4
      vertex 120 12 4
    endloop
  endfacet
  facet normal 0 0 1
    outer loop
      vertex 149.08 5.46801 4
      vertex 0 0 4
      vertex 149.089 5.46588 4
    endloop
  endfacet
  facet normal 0 0 1
    outer loop
      vertex 111.962 44.6098 4
      vertex 124 45 4
      vertex 111.99 44.804 4
    endloop
  endfacet
  facet normal 0 0 1
    outer loop
      vertex 111.914 44.4194 4
      vertex 124 45 4
      vertex 111.962 44.6098 4
    endloop
  endfacet
  facet normal 0 0 1
    outer loop
      vertex 111.848 44.2346 4
      vertex 124 45 4
      vertex 111.914 44.4194 4
    endloop
  endfacet
  facet normal 0 0 1
    outer loop
      vertex 111.764 44.0572 4
      vertex 124 45 4
      vertex 111.848 44.2346 4
    endloop
  endfacet
  facet normal 0 0 1
    outer loop
      vertex 111.663 43.8889 4
      vertex 124 45 4
      vertex 111.764 44.0572 4
    endloop
  endfacet
  facet normal 0 0 1
    outer loop
      vertex 111.546 43.7312 4
      vertex 124 45 4
      vertex 111.663 43.8889 4
    endloop
  endfacet
  facet normal 0 0 1
    outer loop
      vertex 124 45 4
      vertex 111.546 43.7312 4
      vertex 120 28 4
    endloop
  endfacet
  facet normal -0 0 1
    outer loop
      vertex 111.414 43.5858 4
      vertex 120 28 4
      vertex 111.546 43.7312 4
    endloop
  endfacet
  facet normal -0 0 1
    outer loop
      vertex 111.269 43.454 4
      vertex 120 28 4
      vertex 111.414 43.5858 4
    endloop
  endfacet
  facet normal -0 0 1
    outer loop
      vertex 111.111 43.3371 4
      vertex 120 28 4
      vertex 111.269 43.454 4
    endloop
  endfacet
  facet normal -0 0 1
    outer loop
      vertex 110.943 43.2362 4
      vertex 120 28 4
      vertex 111.111 43.3371 4
    endloop
  endfacet
  facet normal -0 0 1
    outer loop
      vertex 110.765 43.1522 4
      vertex 120 28 4
      vertex 110.943 43.2362 4
    endloop
  endfacet
  facet normal -0 0 1
    outer loop
      vertex 110.581 43.0861 4
      vertex 120 28 4
      vertex 110.765 43.1522 4
    endloop
  endfacet
  facet normal -0 0 1
    outer loop
      vertex 110.39 43.0384 4
      vertex 120 28 4
      vertex 110.581 43.0861 4
    endloop
  endfacet
  facet normal -0 0 1
    outer loop
      vertex 110.196 43.0096 4
      vertex 120 28 4
      vertex 110.39 43.0384 4
    endloop
  endfacet
  facet normal -0 0 1
    outer loop
      vertex 110 43 4
      vertex 120 28 4
      vertex 110.196 43.0096 4
    endloop
  endfacet
  facet normal 0 0 1
    outer loop
      vertex 109.804 43.0096 4
      vertex 120 28 4
      vertex 110 43 4
    endloop
  endfacet
  facet normal 0 0 1
    outer loop
      vertex 109.61 43.0384 4
      vertex 120 28 4
      vertex 109.804 43.0096 4
    endloop
  endfacet
  facet normal 0 0 1
    outer loop
      vertex 109.419 43.0861 4
      vertex 120 28 4
      vertex 109.61 43.0384 4
    endloop
  endfacet
  facet normal 0 0 1
    outer loop
      vertex 109.235 43.1522 4
      vertex 120 28 4
      vertex 109.419 43.0861 4
    endloop
  endfacet
  facet normal -0 0 1
    outer loop
      vertex 94.7654 43.1522 4
      vertex 120 28 4
      vertex 109.235 43.1522 4
    endloop
  endfacet
  facet normal 0 0 1
    outer loop
      vertex 94.7654 43.1522 4
      vertex 109.235 43.1522 4
      vertex 109.057 43.2362 4
    endloop
  endfacet
  facet normal 0 0 1
    outer loop
      vertex 94.9428 43.2362 4
      vertex 109.057 43.2362 4
      vertex 108.889 43.3371 4
    endloop
  endfacet
  facet normal 0 0 1
    outer loop
      vertex 95.1111 43.3371 4
      vertex 108.889 43.3371 4
      vertex 108.731 43.454 4
    endloop
  endfacet
  facet normal 0 0 1
    outer loop
      vertex 95.2688 43.454 4
      vertex 108.731 43.454 4
      vertex 108.586 43.5858 4
    endloop
  endfacet
  facet normal 0 0 1
    outer loop
      vertex 95.4142 43.5858 4
      vertex 108.586 43.5858 4
      vertex 108.454 43.7312 4
    endloop
  endfacet
  facet normal 0 0 1
    outer loop
      vertex 95.546 43.7312 4
      vertex 108.454 43.7312 4
      vertex 108.337 43.8889 4
    endloop
  endfacet
  facet normal 0 0 1
    outer loop
      vertex 95.6629 43.8889 4
      vertex 108.337 43.8889 4
      vertex 108.236 44.0572 4
    endloop
  endfacet
  facet normal 0 0 1
    outer loop
      vertex 95.7638 44.0572 4
      vertex 108.236 44.0572 4
      vertex 108.152 44.2346 4
    endloop
  endfacet
  facet normal 0 0 1
    outer loop
      vertex 96 45 4
      vertex 108 45 4
      vertex 96 105 4
    endloop
  endfacet
  facet normal 0 0 1
    outer loop
      vertex 108 45 4
      vertex 96 45 4
      vertex 108.01 44.804 4
    endloop
  endfacet
  facet normal 0 0 1
    outer loop
      vertex 95.9904 44.804 4
      vertex 108.01 44.804 4
      vertex 96 45 4
    endloop
  endfacet
  facet normal 0 0 1
    outer loop
      vertex 108.01 44.804 4
      vertex 95.9904 44.804 4
      vertex 108.038 44.6098 4
    endloop
  endfacet
  facet normal 0 0 1
    outer loop
      vertex 95.9616 44.6098 4
      vertex 108.038 44.6098 4
      vertex 95.9904 44.804 4
    endloop
  endfacet
  facet normal 0 0 1
    outer loop
      vertex 108.038 44.6098 4
      vertex 95.9616 44.6098 4
      vertex 108.086 44.4194 4
    endloop
  endfacet
  facet normal 0 0 1
    outer loop
      vertex 95.9139 44.4194 4
      vertex 108.086 44.4194 4
      vertex 95.9616 44.6098 4
    endloop
  endfacet
  facet normal 0 0 1
    outer loop
      vertex 108.086 44.4194 4
      vertex 95.9139 44.4194 4
      vertex 108.152 44.2346 4
    endloop
  endfacet
  facet normal 0 0 1
    outer loop
      vertex 95.8478 44.2346 4
      vertex 108.152 44.2346 4
      vertex 95.9139 44.4194 4
    endloop
  endfacet
  facet normal 0 0 1
    outer loop
      vertex 95.7638 44.0572 4
      vertex 108.152 44.2346 4
      vertex 95.8478 44.2346 4
    endloop
  endfacet
  facet normal 0 0 1
    outer loop
      vertex 108.236 44.0572 4
      vertex 95.7638 44.0572 4
      vertex 95.6629 43.8889 4
    endloop
  endfacet
  facet normal 0 0 1
    outer loop
      vertex 108.337 43.8889 4
      vertex 95.6629 43.8889 4
      vertex 95.546 43.7312 4
    endloop
  endfacet
  facet normal 0 0 1
    outer loop
      vertex 108.454 43.7312 4
      vertex 95.546 43.7312 4
      vertex 95.4142 43.5858 4
    endloop
  endfacet
  facet normal 0 0 1
    outer loop
      vertex 108.586 43.5858 4
      vertex 95.4142 43.5858 4
      vertex 95.2688 43.454 4
    endloop
  endfacet
  facet normal 0 0 1
    outer loop
      vertex 108.731 43.454 4
      vertex 95.2688 43.454 4
      vertex 95.1111 43.3371 4
    endloop
  endfacet
  facet normal 0 0 1
    outer loop
      vertex 108.889 43.3371 4
      vertex 95.1111 43.3371 4
      vertex 94.9428 43.2362 4
    endloop
  endfacet
  facet normal 0 0 1
    outer loop
      vertex 109.057 43.2362 4
      vertex 94.9428 43.2362 4
      vertex 94.7654 43.1522 4
    endloop
  endfacet
  facet normal -0 0 1
    outer loop
      vertex 94.5806 43.0861 4
      vertex 120 28 4
      vertex 94.7654 43.1522 4
    endloop
  endfacet
  facet normal -0 0 1
    outer loop
      vertex 94.3902 43.0384 4
      vertex 120 28 4
      vertex 94.5806 43.0861 4
    endloop
  endfacet
  facet normal 0 0 1
    outer loop
      vertex 120 28 4
      vertex 94.3902 43.0384 4
      vertex 120 12 4
    endloop
  endfacet
  facet normal -0 0 1
    outer loop
      vertex 94.196 43.0096 4
      vertex 120 12 4
      vertex 94.3902 43.0384 4
    endloop
  endfacet
  facet normal -0 0 1
    outer loop
      vertex 94 43 4
      vertex 120 12 4
      vertex 94.196 43.0096 4
    endloop
  endfacet
  facet normal 0 0 1
    outer loop
      vertex 93.804 43.0096 4
      vertex 120 12 4
      vertex 94 43 4
    endloop
  endfacet
  facet normal 0 0 1
    outer loop
      vertex 93.6098 43.0384 4
      vertex 120 12 4
      vertex 93.804 43.0096 4
    endloop
  endfacet
  facet normal 0 0 1
    outer loop
      vertex 93.4194 43.0861 4
      vertex 120 12 4
      vertex 93.6098 43.0384 4
    endloop
  endfacet
  facet normal 0 0 1
    outer loop
      vertex 93.2346 43.1522 4
      vertex 120 12 4
      vertex 93.4194 43.0861 4
    endloop
  endfacet
  facet normal 0 0 1
    outer loop
      vertex 93.0572 43.2362 4
      vertex 120 12 4
      vertex 93.2346 43.1522 4
    endloop
  endfacet
  facet normal 0 0 1
    outer loop
      vertex 11.6075 7.88187 4
      vertex 93.0572 43.2362 4
      vertex 92.8889 43.3371 4
    endloop
  endfacet
  facet normal 0 0 1
    outer loop
      vertex 11.6532 8.18944 4
      vertex 92.8889 43.3371 4
      vertex 92.7312 43.454 4
    endloop
  endfacet
  facet normal 0 0 1
    outer loop
      vertex 11.6684 8.5 4
      vertex 92.7312 43.454 4
      vertex 92.5858 43.5858 4
    endloop
  endfacet
  facet normal 0 0 1
    outer loop
      vertex 11.6684 8.5 4
      vertex 92.5858 43.5858 4
      vertex 92.454 43.7312 4
    endloop
  endfacet
  facet normal -0 0 1
    outer loop
      vertex 11.529 140.572 4
      vertex 92.2362 105.943 4
      vertex 11.532 140.58 4
    endloop
  endfacet
  facet normal 0 0 1
    outer loop
      vertex 92 45 4
      vertex 11.6684 8.5 4
      vertex 92.0096 44.804 4
    endloop
  endfacet
  facet normal 0 0 1
    outer loop
      vertex 92.0096 44.804 4
      vertex 11.6684 8.5 4
      vertex 92.0384 44.6098 4
    endloop
  endfacet
  facet normal 0 0 1
    outer loop
      vertex 92.0384 44.6098 4
      vertex 11.6684 8.5 4
      vertex 92.0861 44.4194 4
    endloop
  endfacet
  facet normal 0 0 1
    outer loop
      vertex 92.0861 44.4194 4
      vertex 11.6684 8.5 4
      vertex 92.1522 44.2346 4
    endloop
  endfacet
  facet normal 0 0 1
    outer loop
      vertex 92.1522 44.2346 4
      vertex 11.6684 8.5 4
      vertex 92.2362 44.0572 4
    endloop
  endfacet
  facet normal 0 0 1
    outer loop
      vertex 92.2362 44.0572 4
      vertex 11.6684 8.5 4
      vertex 92.3371 43.8889 4
    endloop
  endfacet
  facet normal 0 0 1
    outer loop
      vertex 92.3371 43.8889 4
      vertex 11.6684 8.5 4
      vertex 92.454 43.7312 4
    endloop
  endfacet
  facet normal 0 0 1
    outer loop
      vertex 92.7312 43.454 4
      vertex 11.6684 8.5 4
      vertex 11.6536 8.19821 4
    endloop
  endfacet
  facet normal 0 0 1
    outer loop
      vertex 92.7312 43.454 4
      vertex 11.6536 8.19821 4
      vertex 11.6532 8.18944 4
    endloop
  endfacet
  facet normal 0 0 1
    outer loop
      vertex 92.8889 43.3371 4
      vertex 11.6532 8.18944 4
      vertex 11.6519 8.18075 4
    endloop
  endfacet
  facet normal 0 0 1
    outer loop
      vertex 92.8889 43.3371 4
      vertex 11.6519 8.18075 4
      vertex 11.6075 7.88187 4
    endloop
  endfacet
  facet normal 0 0 1
    outer loop
      vertex 93.0572 43.2362 4
      vertex 11.6075 7.88187 4
      vertex 11.5341 7.58877 4
    endloop
  endfacet
  facet normal 0 0 1
    outer loop
      vertex 93.0572 43.2362 4
      vertex 11.5341 7.58877 4
      vertex 11.532 7.58026 4
    endloop
  endfacet
  facet normal 0 0 1
    outer loop
      vertex 93.0572 43.2362 4
      vertex 11.532 7.58026 4
      vertex 120 12 4
    endloop
  endfacet
  facet normal 0 0 1
    outer loop
      vertex 11.529 7.57199 4
      vertex 120 12 4
      vertex 11.532 7.58026 4
    endloop
  endfacet
  facet normal 0 0 1
    outer loop
      vertex 11.4272 7.2875 4
      vertex 120 12 4
      vertex 11.529 7.57199 4
    endloop
  endfacet
  facet normal 0 0 1
    outer loop
      vertex 11.4235 7.27956 4
      vertex 120 12 4
      vertex 11.4272 7.2875 4
    endloop
  endfacet
  facet normal 0 0 1
    outer loop
      vertex 11.2943 7.00642 4
      vertex 120 12 4
      vertex 11.4235 7.27956 4
    endloop
  endfacet
  facet normal 0 0 1
    outer loop
      vertex 11.139 6.74725 4
      vertex 120 12 4
      vertex 11.2943 7.00642 4
    endloop
  endfacet
  facet normal 0 0 1
    outer loop
      vertex 11.1344 6.73972 4
      vertex 120 12 4
      vertex 11.139 6.74725 4
    endloop
  endfacet
  facet normal 0 0 1
    outer loop
      vertex 11.1292 6.73267 4
      vertex 120 12 4
      vertex 11.1344 6.73972 4
    endloop
  endfacet
  facet normal 0 0 1
    outer loop
      vertex 10.9492 6.48997 4
      vertex 120 12 4
      vertex 11.1292 6.73267 4
    endloop
  endfacet
  facet normal 0 0 1
    outer loop
      vertex 10.7463 6.26609 4
      vertex 120 12 4
      vertex 10.9492 6.48997 4
    endloop
  endfacet
  facet normal 0 0 1
    outer loop
      vertex 10.7404 6.25959 4
      vertex 120 12 4
      vertex 10.7463 6.26609 4
    endloop
  endfacet
  facet normal 0 0 1
    outer loop
      vertex 10.7339 6.25369 4
      vertex 120 12 4
      vertex 10.7404 6.25959 4
    endloop
  endfacet
  facet normal 0 0 1
    outer loop
      vertex 10.51 6.05078 4
      vertex 120 12 4
      vertex 10.7339 6.25369 4
    endloop
  endfacet
  facet normal 0 0 1
    outer loop
      vertex 10.2673 5.87078 4
      vertex 120 12 4
      vertex 10.51 6.05078 4
    endloop
  endfacet
  facet normal 0 0 1
    outer loop
      vertex 10.2603 5.86555 4
      vertex 120 12 4
      vertex 10.2673 5.87078 4
    endloop
  endfacet
  facet normal 0 0 1
    outer loop
      vertex 10.2527 5.86104 4
      vertex 120 12 4
      vertex 10.2603 5.86555 4
    endloop
  endfacet
  facet normal 0 0 1
    outer loop
      vertex 9.99358 5.7057 4
      vertex 120 12 4
      vertex 10.2527 5.86104 4
    endloop
  endfacet
  facet normal 0 0 1
    outer loop
      vertex 0 0 4
      vertex 120 12 4
      vertex 9.99358 5.7057 4
    endloop
  endfacet
  facet normal 0 0 1
    outer loop
      vertex 149.089 5.46588 4
      vertex 0 0 4
      vertex 149.382 5.39246 4
    endloop
  endfacet
  facet normal 0 0 1
    outer loop
      vertex 149.382 5.39246 4
      vertex 0 0 4
      vertex 149.689 5.34683 4
    endloop
  endfacet
  facet normal 0 0 1
    outer loop
      vertex 149.689 5.34683 4
      vertex 0 0 4
      vertex 149.698 5.3464 4
    endloop
  endfacet
  facet normal 0 0 1
    outer loop
      vertex 149.698 5.3464 4
      vertex 0 0 4
      vertex 150 5.33158 4
    endloop
  endfacet
  facet normal 0 0 1
    outer loop
      vertex 0 0 4
      vertex 9.99358 5.7057 4
      vertex 9.72044 5.57651 4
    endloop
  endfacet
  facet normal 0 0 1
    outer loop
      vertex 0 0 4
      vertex 9.72044 5.57651 4
      vertex 9.7125 5.57276 4
    endloop
  endfacet
  facet normal 0 0 1
    outer loop
      vertex 0 0 4
      vertex 9.7125 5.57276 4
      vertex 9.42801 5.47097 4
    endloop
  endfacet
  facet normal 0 0 1
    outer loop
      vertex 0 0 4
      vertex 9.42801 5.47097 4
      vertex 9.41974 5.46801 4
    endloop
  endfacet
  facet normal 0 0 1
    outer loop
      vertex 0 0 4
      vertex 9.41974 5.46801 4
      vertex 9.41123 5.46588 4
    endloop
  endfacet
  facet normal 0 0 1
    outer loop
      vertex 0 0 4
      vertex 9.41123 5.46588 4
      vertex 9.11813 5.39246 4
    endloop
  endfacet
  facet normal 0 0 1
    outer loop
      vertex 0 0 4
      vertex 9.11813 5.39246 4
      vertex 8.81924 5.34812 4
    endloop
  endfacet
  facet normal 0 0 1
    outer loop
      vertex 0 0 4
      vertex 8.81924 5.34812 4
      vertex 8.81056 5.34683 4
    endloop
  endfacet
  facet normal 0 0 1
    outer loop
      vertex 0 0 4
      vertex 8.81056 5.34683 4
      vertex 8.80179 5.3464 4
    endloop
  endfacet
  facet normal 0 0 1
    outer loop
      vertex 0 0 4
      vertex 8.80179 5.3464 4
      vertex 8.5 5.33158 4
    endloop
  endfacet
  facet normal 0 0 1
    outer loop
      vertex 0 0 4
      vertex 8.18075 5.34812 4
      vertex 7.88187 5.39246 4
    endloop
  endfacet
  facet normal 0 0 1
    outer loop
      vertex 0 0 4
      vertex 7.58877 5.46588 4
      vertex 7.58026 5.46801 4
    endloop
  endfacet
  facet normal 0 0 1
    outer loop
      vertex 0 0 4
      vertex 6.74725 5.86104 4
      vertex 6.73972 5.86555 4
    endloop
  endfacet
  facet normal 0 0 1
    outer loop
      vertex 0 0 4
      vertex 5.86104 6.74725 4
      vertex 5.7057 7.00642 4
    endloop
  endfacet
  facet normal 0 0 1
    outer loop
      vertex 0 0 4
      vertex 5.46588 7.58877 4
      vertex 5.39246 7.88187 4
    endloop
  endfacet
  facet normal 0 0 1
    outer loop
      vertex 0 0 4
      vertex 5.34812 8.18075 4
      vertex 5.34683 8.18944 4
    endloop
  endfacet
  facet normal 0 0 1
    outer loop
      vertex 150 5.33158 4
      vertex 0 0 4
      vertex 300 0 4
    endloop
  endfacet
  facet normal 0 0 1
    outer loop
      vertex 8.19821 5.3464 4
      vertex 0 0 4
      vertex 8.5 5.33158 4
    endloop
  endfacet
  facet normal 0 0 1
    outer loop
      vertex 8.18944 5.34683 4
      vertex 0 0 4
      vertex 8.19821 5.3464 4
    endloop
  endfacet
  facet normal 0 0 1
    outer loop
      vertex 8.18075 5.34812 4
      vertex 0 0 4
      vertex 8.18944 5.34683 4
    endloop
  endfacet
  facet normal 0 0 1
    outer loop
      vertex 7.58877 5.46588 4
      vertex 0 0 4
      vertex 7.88187 5.39246 4
    endloop
  endfacet
  facet normal 0 0 1
    outer loop
      vertex 7.57199 5.47097 4
      vertex 0 0 4
      vertex 7.58026 5.46801 4
    endloop
  endfacet
  facet normal 0 0 1
    outer loop
      vertex 7.2875 5.57276 4
      vertex 0 0 4
      vertex 7.57199 5.47097 4
    endloop
  endfacet
  facet normal 0 0 1
    outer loop
      vertex 7.27956 5.57651 4
      vertex 0 0 4
      vertex 7.2875 5.57276 4
    endloop
  endfacet
  facet normal 0 0 1
    outer loop
      vertex 7.00642 5.7057 4
      vertex 0 0 4
      vertex 7.27956 5.57651 4
    endloop
  endfacet
  facet normal 0 0 1
    outer loop
      vertex 6.74725 5.86104 4
      vertex 0 0 4
      vertex 7.00642 5.7057 4
    endloop
  endfacet
  facet normal 0 0 1
    outer loop
      vertex 6.73267 5.87078 4
      vertex 0 0 4
      vertex 6.73972 5.86555 4
    endloop
  endfacet
  facet normal 0 0 1
    outer loop
      vertex 6.48997 6.05078 4
      vertex 0 0 4
      vertex 6.73267 5.87078 4
    endloop
  endfacet
  facet normal 0 0 1
    outer loop
      vertex 6.26609 6.25369 4
      vertex 0 0 4
      vertex 6.48997 6.05078 4
    endloop
  endfacet
  facet normal 0 0 1
    outer loop
      vertex 6.25959 6.25959 4
      vertex 0 0 4
      vertex 6.26609 6.25369 4
    endloop
  endfacet
  facet normal 0 0 1
    outer loop
      vertex 6.25369 6.26609 4
      vertex 0 0 4
      vertex 6.25959 6.25959 4
    endloop
  endfacet
  facet normal 0 0 1
    outer loop
      vertex 6.05078 6.48997 4
      vertex 0 0 4
      vertex 6.25369 6.26609 4
    endloop
  endfacet
  facet normal 0 0 1
    outer loop
      vertex 5.87078 6.73267 4
      vertex 0 0 4
      vertex 6.05078 6.48997 4
    endloop
  endfacet
  facet normal 0 0 1
    outer loop
      vertex 5.86555 6.73972 4
      vertex 0 0 4
      vertex 5.87078 6.73267 4
    endloop
  endfacet
  facet normal 0 0 1
    outer loop
      vertex 5.86104 6.74725 4
      vertex 0 0 4
      vertex 5.86555 6.73972 4
    endloop
  endfacet
  facet normal 0 0 1
    outer loop
      vertex 5.57651 7.27956 4
      vertex 0 0 4
      vertex 5.7057 7.00642 4
    endloop
  endfacet
  facet normal 0 0 1
    outer loop
      vertex 5.57276 7.2875 4
      vertex 0 0 4
      vertex 5.57651 7.27956 4
    endloop
  endfacet
  facet normal 0 0 1
    outer loop
      vertex 5.47097 7.57199 4
      vertex 0 0 4
      vertex 5.57276 7.2875 4
    endloop
  endfacet
  facet normal 0 0 1
    outer loop
      vertex 5.46801 7.58026 4
      vertex 0 0 4
      vertex 5.47097 7.57199 4
    endloop
  endfacet
  facet normal 0 0 1
    outer loop
      vertex 5.46588 7.58877 4
      vertex 0 0 4
      vertex 5.46801 7.58026 4
    endloop
  endfacet
  facet normal 0 0 1
    outer loop
      vertex 5.34812 8.18075 4
      vertex 0 0 4
      vertex 5.39246 7.88187 4
    endloop
  endfacet
  facet normal 0 0 1
    outer loop
      vertex 5.3464 8.19821 4
      vertex 0 0 4
      vertex 5.34683 8.18944 4
    endloop
  endfacet
  facet normal 0 0 1
    outer loop
      vertex 5.33158 8.5 4
      vertex 0 0 4
      vertex 5.3464 8.19821 4
    endloop
  endfacet
  facet normal 0 0 1
    outer loop
      vertex 5.3464 8.80179 4
      vertex 0 0 4
      vertex 5.33158 8.5 4
    endloop
  endfacet
  facet normal 0 0 1
    outer loop
      vertex 175.99 44.804 4
      vertex 188 45 4
      vertex 176 45 4
    endloop
  endfacet
  facet normal 0 0 1
    outer loop
      vertex 175.962 44.6098 4
      vertex 188 45 4
      vertex 175.99 44.804 4
    endloop
  endfacet
  facet normal 0 0 1
    outer loop
      vertex 175.914 44.4194 4
      vertex 188 45 4
      vertex 175.962 44.6098 4
    endloop
  endfacet
  facet normal 0 0 1
    outer loop
      vertex 175.848 44.2346 4
      vertex 188 45 4
      vertex 175.914 44.4194 4
    endloop
  endfacet
  facet normal 0 0 1
    outer loop
      vertex 175.764 44.0572 4
      vertex 188 45 4
      vertex 175.848 44.2346 4
    endloop
  endfacet
  facet normal 0 0 1
    outer loop
      vertex 175.663 43.8889 4
      vertex 188 45 4
      vertex 175.764 44.0572 4
    endloop
  endfacet
  facet normal 0 0 1
    outer loop
      vertex 175.546 43.7312 4
      vertex 188 45 4
      vertex 175.663 43.8889 4
    endloop
  endfacet
  facet normal 0 0 1
    outer loop
      vertex 188 45 4
      vertex 175.546 43.7312 4
      vertex 180 28 4
    endloop
  endfacet
  facet normal -0 0 1
    outer loop
      vertex 175.414 43.5858 4
      vertex 180 28 4
      vertex 175.546 43.7312 4
    endloop
  endfacet
  facet normal -0 0 1
    outer loop
      vertex 175.269 43.454 4
      vertex 180 28 4
      vertex 175.414 43.5858 4
    endloop
  endfacet
  facet normal -0 0 1
    outer loop
      vertex 175.111 43.3371 4
      vertex 180 28 4
      vertex 175.269 43.454 4
    endloop
  endfacet
  facet normal -0 0 1
    outer loop
      vertex 174.943 43.2362 4
      vertex 180 28 4
      vertex 175.111 43.3371 4
    endloop
  endfacet
  facet normal -0 0 1
    outer loop
      vertex 174.765 43.1522 4
      vertex 180 28 4
      vertex 174.943 43.2362 4
    endloop
  endfacet
  facet normal -0 0 1
    outer loop
      vertex 174.581 43.0861 4
      vertex 180 28 4
      vertex 174.765 43.1522 4
    endloop
  endfacet
  facet normal -0 0 1
    outer loop
      vertex 174.39 43.0384 4
      vertex 180 28 4
      vertex 174.581 43.0861 4
    endloop
  endfacet
  facet normal -0 0 1
    outer loop
      vertex 174.196 43.0096 4
      vertex 180 28 4
      vertex 174.39 43.0384 4
    endloop
  endfacet
  facet normal -0 0 1
    outer loop
      vertex 174 43 4
      vertex 180 28 4
      vertex 174.196 43.0096 4
    endloop
  endfacet
  facet normal 0 0 1
    outer loop
      vertex 173.804 43.0096 4
      vertex 180 28 4
      vertex 174 43 4
    endloop
  endfacet
  facet normal 0 0 1
    outer loop
      vertex 173.61 43.0384 4
      vertex 180 28 4
      vertex 173.804 43.0096 4
    endloop
  endfacet
  facet normal 0 0 1
    outer loop
      vertex 173.419 43.0861 4
      vertex 180 28 4
      vertex 173.61 43.0384 4
    endloop
  endfacet
  facet normal 0 0 1
    outer loop
      vertex 173.235 43.1522 4
      vertex 180 28 4
      vertex 173.419 43.0861 4
    endloop
  endfacet
  facet normal 0 0 1
    outer loop
      vertex 173.057 43.2362 4
      vertex 180 28 4
      vertex 173.235 43.1522 4
    endloop
  endfacet
  facet normal 0 0 1
    outer loop
      vertex 158.943 43.2362 4
      vertex 173.057 43.2362 4
      vertex 172.889 43.3371 4
    endloop
  endfacet
  facet normal 0 0 1
    outer loop
      vertex 159.111 43.3371 4
      vertex 172.889 43.3371 4
      vertex 172.731 43.454 4
    endloop
  endfacet
  facet normal 0 0 1
    outer loop
      vertex 159.269 43.454 4
      vertex 172.731 43.454 4
      vertex 172.586 43.5858 4
    endloop
  endfacet
  facet normal 0 0 1
    outer loop
      vertex 159.414 43.5858 4
      vertex 172.586 43.5858 4
      vertex 172.454 43.7312 4
    endloop
  endfacet
  facet normal 0 0 1
    outer loop
      vertex 159.546 43.7312 4
      vertex 172.454 43.7312 4
      vertex 172.337 43.8889 4
    endloop
  endfacet
  facet normal 0 0 1
    outer loop
      vertex 159.663 43.8889 4
      vertex 172.337 43.8889 4
      vertex 172.236 44.0572 4
    endloop
  endfacet
  facet normal 0 0 1
    outer loop
      vertex 160 45 4
      vertex 172 45 4
      vertex 160 105 4
    endloop
  endfacet
  facet normal 0 0 1
    outer loop
      vertex 172 45 4
      vertex 160 45 4
      vertex 172.01 44.804 4
    endloop
  endfacet
  facet normal 0 0 1
    outer loop
      vertex 159.99 44.804 4
      vertex 172.01 44.804 4
      vertex 160 45 4
    endloop
  endfacet
  facet normal 0 0 1
    outer loop
      vertex 172.01 44.804 4
      vertex 159.99 44.804 4
      vertex 172.038 44.6098 4
    endloop
  endfacet
  facet normal 0 0 1
    outer loop
      vertex 159.962 44.6098 4
      vertex 172.038 44.6098 4
      vertex 159.99 44.804 4
    endloop
  endfacet
  facet normal 0 0 1
    outer loop
      vertex 172.038 44.6098 4
      vertex 159.962 44.6098 4
      vertex 172.086 44.4194 4
    endloop
  endfacet
  facet normal 0 0 1
    outer loop
      vertex 159.914 44.4194 4
      vertex 172.086 44.4194 4
      vertex 159.962 44.6098 4
    endloop
  endfacet
  facet normal 0 0 1
    outer loop
      vertex 172.086 44.4194 4
      vertex 159.914 44.4194 4
      vertex 172.152 44.2346 4
    endloop
  endfacet
  facet normal 0 0 1
    outer loop
      vertex 159.848 44.2346 4
      vertex 172.152 44.2346 4
      vertex 159.914 44.4194 4
    endloop
  endfacet
  facet normal 0 0 1
    outer loop
      vertex 172.152 44.2346 4
      vertex 159.848 44.2346 4
      vertex 172.236 44.0572 4
    endloop
  endfacet
  facet normal 0 0 1
    outer loop
      vertex 159.764 44.0572 4
      vertex 172.236 44.0572 4
      vertex 159.848 44.2346 4
    endloop
  endfacet
  facet normal 0 0 1
    outer loop
      vertex 159.663 43.8889 4
      vertex 172.236 44.0572 4
      vertex 159.764 44.0572 4
    endloop
  endfacet
  facet normal 0 0 1
    outer loop
      vertex 172.337 43.8889 4
      vertex 159.663 43.8889 4
      vertex 159.546 43.7312 4
    endloop
  endfacet
  facet normal 0 0 1
    outer loop
      vertex 172.454 43.7312 4
      vertex 159.546 43.7312 4
      vertex 159.414 43.5858 4
    endloop
  endfacet
  facet normal 0 0 1
    outer loop
      vertex 172.586 43.5858 4
      vertex 159.414 43.5858 4
      vertex 159.269 43.454 4
    endloop
  endfacet
  facet normal 0 0 1
    outer loop
      vertex 172.731 43.454 4
      vertex 159.269 43.454 4
      vertex 159.111 43.3371 4
    endloop
  endfacet
  facet normal 0 0 1
    outer loop
      vertex 172.889 43.3371 4
      vertex 159.111 43.3371 4
      vertex 158.943 43.2362 4
    endloop
  endfacet
  facet normal 0 0 1
    outer loop
      vertex 173.057 43.2362 4
      vertex 158.943 43.2362 4
      vertex 180 28 4
    endloop
  endfacet
  facet normal -0 0 1
    outer loop
      vertex 158.765 43.1522 4
      vertex 180 28 4
      vertex 158.943 43.2362 4
    endloop
  endfacet
  facet normal -0 0 1
    outer loop
      vertex 158.581 43.0861 4
      vertex 180 28 4
      vertex 158.765 43.1522 4
    endloop
  endfacet
  facet normal -0 0 1
    outer loop
      vertex 158.39 43.0384 4
      vertex 180 28 4
      vertex 158.581 43.0861 4
    endloop
  endfacet
  facet normal -0 0 1
    outer loop
      vertex 158.196 43.0096 4
      vertex 180 28 4
      vertex 158.39 43.0384 4
    endloop
  endfacet
  facet normal -0 0 1
    outer loop
      vertex 158 43 4
      vertex 180 28 4
      vertex 158.196 43.0096 4
    endloop
  endfacet
  facet normal 0 0 1
    outer loop
      vertex 157.804 43.0096 4
      vertex 180 28 4
      vertex 158 43 4
    endloop
  endfacet
  facet normal 0 0 1
    outer loop
      vertex 157.61 43.0384 4
      vertex 180 28 4
      vertex 157.804 43.0096 4
    endloop
  endfacet
  facet normal 0 0 1
    outer loop
      vertex 142.39 43.0384 4
      vertex 157.61 43.0384 4
      vertex 157.419 43.0861 4
    endloop
  endfacet
  facet normal 0 0 1
    outer loop
      vertex 142.581 43.0861 4
      vertex 157.419 43.0861 4
      vertex 157.235 43.1522 4
    endloop
  endfacet
  facet normal 0 0 1
    outer loop
      vertex 142.765 43.1522 4
      vertex 157.235 43.1522 4
      vertex 157.057 43.2362 4
    endloop
  endfacet
  facet normal 0 0 1
    outer loop
      vertex 142.943 43.2362 4
      vertex 157.057 43.2362 4
      vertex 156.889 43.3371 4
    endloop
  endfacet
  facet normal -0 0 1
    outer loop
      vertex 151.76 138.866 4
      vertex 158.39 106.962 4
      vertex 151.767 138.871 4
    endloop
  endfacet
  facet normal 0 0 1
    outer loop
      vertex 158.39 106.962 4
      vertex 151.76 138.866 4
      vertex 158.196 106.99 4
    endloop
  endfacet
  facet normal -0 0 1
    outer loop
      vertex 151.753 138.861 4
      vertex 158.196 106.99 4
      vertex 151.76 138.866 4
    endloop
  endfacet
  facet normal -0 0 1
    outer loop
      vertex 151.494 138.706 4
      vertex 158.196 106.99 4
      vertex 151.753 138.861 4
    endloop
  endfacet
  facet normal 0 0 1
    outer loop
      vertex 158.196 106.99 4
      vertex 151.494 138.706 4
      vertex 158 107 4
    endloop
  endfacet
  facet normal -0 0 1
    outer loop
      vertex 151.22 138.577 4
      vertex 158 107 4
      vertex 151.494 138.706 4
    endloop
  endfacet
  facet normal -0 0 1
    outer loop
      vertex 151.213 138.573 4
      vertex 158 107 4
      vertex 151.22 138.577 4
    endloop
  endfacet
  facet normal 0 0 1
    outer loop
      vertex 158 107 4
      vertex 151.213 138.573 4
      vertex 157.804 106.99 4
    endloop
  endfacet
  facet normal -0 0 1
    outer loop
      vertex 150.928 138.471 4
      vertex 157.804 106.99 4
      vertex 151.213 138.573 4
    endloop
  endfacet
  facet normal -0 0 1
    outer loop
      vertex 150.92 138.468 4
      vertex 157.804 106.99 4
      vertex 150.928 138.471 4
    endloop
  endfacet
  facet normal 0 0 1
    outer loop
      vertex 157.804 106.99 4
      vertex 150.92 138.468 4
      vertex 157.61 106.962 4
    endloop
  endfacet
  facet normal -0 0 1
    outer loop
      vertex 150.911 138.466 4
      vertex 157.61 106.962 4
      vertex 150.92 138.468 4
    endloop
  endfacet
  facet normal -0 0 1
    outer loop
      vertex 150.618 138.392 4
      vertex 157.61 106.962 4
      vertex 150.911 138.466 4
    endloop
  endfacet
  facet normal 0 0 1
    outer loop
      vertex 157.61 106.962 4
      vertex 150.618 138.392 4
      vertex 157.419 106.914 4
    endloop
  endfacet
  facet normal -0 0 1
    outer loop
      vertex 150.319 138.348 4
      vertex 157.419 106.914 4
      vertex 150.618 138.392 4
    endloop
  endfacet
  facet normal -0 0 1
    outer loop
      vertex 150.311 138.347 4
      vertex 157.419 106.914 4
      vertex 150.319 138.348 4
    endloop
  endfacet
  facet normal 0 0 1
    outer loop
      vertex 157.419 106.914 4
      vertex 150.311 138.347 4
      vertex 157.235 106.848 4
    endloop
  endfacet
  facet normal -0 0 1
    outer loop
      vertex 150.302 138.346 4
      vertex 157.235 106.848 4
      vertex 150.311 138.347 4
    endloop
  endfacet
  facet normal -0 0 1
    outer loop
      vertex 150 138.332 4
      vertex 157.235 106.848 4
      vertex 150.302 138.346 4
    endloop
  endfacet
  facet normal 0 0 1
    outer loop
      vertex 157.235 106.848 4
      vertex 150 138.332 4
      vertex 157.057 106.764 4
    endloop
  endfacet
  facet normal 0 0 1
    outer loop
      vertex 149.698 138.346 4
      vertex 157.057 106.764 4
      vertex 150 138.332 4
    endloop
  endfacet
  facet normal 0 0 1
    outer loop
      vertex 149.689 138.347 4
      vertex 157.057 106.764 4
      vertex 149.698 138.346 4
    endloop
  endfacet
  facet normal 0 0 1
    outer loop
      vertex 144 105 4
      vertex 157.057 106.764 4
      vertex 149.689 138.347 4
    endloop
  endfacet
  facet normal 0 0 1
    outer loop
      vertex 156 105 4
      vertex 144 105 4
      vertex 156 45 4
    endloop
  endfacet
  facet normal 0 0 1
    outer loop
      vertex 157.057 106.764 4
      vertex 144 105 4
      vertex 156.889 106.663 4
    endloop
  endfacet
  facet normal 0 0 1
    outer loop
      vertex 156.889 106.663 4
      vertex 144 105 4
      vertex 156.731 106.546 4
    endloop
  endfacet
  facet normal 0 0 1
    outer loop
      vertex 156.731 106.546 4
      vertex 144 105 4
      vertex 156.586 106.414 4
    endloop
  endfacet
  facet normal 0 0 1
    outer loop
      vertex 156.337 106.111 4
      vertex 144 105 4
      vertex 156.236 105.943 4
    endloop
  endfacet
  facet normal 0 0 1
    outer loop
      vertex 156.236 105.943 4
      vertex 144 105 4
      vertex 156.152 105.765 4
    endloop
  endfacet
  facet normal 0 0 1
    outer loop
      vertex 156.152 105.765 4
      vertex 144 105 4
      vertex 156.086 105.581 4
    endloop
  endfacet
  facet normal 0 0 1
    outer loop
      vertex 156.086 105.581 4
      vertex 144 105 4
      vertex 156.038 105.39 4
    endloop
  endfacet
  facet normal 0 0 1
    outer loop
      vertex 156.038 105.39 4
      vertex 144 105 4
      vertex 156.01 105.196 4
    endloop
  endfacet
  facet normal 0 0 1
    outer loop
      vertex 156.01 105.196 4
      vertex 144 105 4
      vertex 156 105 4
    endloop
  endfacet
  facet normal 0 0 1
    outer loop
      vertex 156.454 106.269 4
      vertex 144 105 4
      vertex 156.337 106.111 4
    endloop
  endfacet
  facet normal 0 0 1
    outer loop
      vertex 156.586 106.414 4
      vertex 144 105 4
      vertex 156.454 106.269 4
    endloop
  endfacet
  facet normal 0 0 1
    outer loop
      vertex 144 105 4
      vertex 149.689 138.347 4
      vertex 149.681 138.348 4
    endloop
  endfacet
  facet normal 0 0 1
    outer loop
      vertex 144 105 4
      vertex 149.681 138.348 4
      vertex 149.382 138.392 4
    endloop
  endfacet
  facet normal 0 0 1
    outer loop
      vertex 144 105 4
      vertex 149.382 138.392 4
      vertex 149.089 138.466 4
    endloop
  endfacet
  facet normal 0 0 1
    outer loop
      vertex 144 105 4
      vertex 149.089 138.466 4
      vertex 149.08 138.468 4
    endloop
  endfacet
  facet normal 0 0 1
    outer loop
      vertex 144 105 4
      vertex 149.08 138.468 4
      vertex 149.072 138.471 4
    endloop
  endfacet
  facet normal 0 0 1
    outer loop
      vertex 144 105 4
      vertex 149.072 138.471 4
      vertex 148.787 138.573 4
    endloop
  endfacet
  facet normal 0 0 1
    outer loop
      vertex 144 105 4
      vertex 148.787 138.573 4
      vertex 148.78 138.577 4
    endloop
  endfacet
  facet normal 0 0 1
    outer loop
      vertex 144 105 4
      vertex 148.78 138.577 4
      vertex 148.506 138.706 4
    endloop
  endfacet
  facet normal 0 0 1
    outer loop
      vertex 144 105 4
      vertex 148.506 138.706 4
      vertex 148.247 138.861 4
    endloop
  endfacet
  facet normal 0 0 1
    outer loop
      vertex 144 105 4
      vertex 148.247 138.861 4
      vertex 148.24 138.866 4
    endloop
  endfacet
  facet normal 0 0 1
    outer loop
      vertex 144 105 4
      vertex 148.24 138.866 4
      vertex 148.233 138.871 4
    endloop
  endfacet
  facet normal 0 0 1
    outer loop
      vertex 144 105 4
      vertex 148.233 138.871 4
      vertex 147.99 139.051 4
    endloop
  endfacet
  facet normal 0 0 1
    outer loop
      vertex 144 105 4
      vertex 147.99 139.051 4
      vertex 147.766 139.254 4
    endloop
  endfacet
  facet normal 0 0 1
    outer loop
      vertex 144 105 4
      vertex 147.766 139.254 4
      vertex 147.76 139.26 4
    endloop
  endfacet
  facet normal 0 0 1
    outer loop
      vertex 144 105 4
      vertex 147.76 139.26 4
      vertex 147.754 139.266 4
    endloop
  endfacet
  facet normal 0 0 1
    outer loop
      vertex 144 105 4
      vertex 147.754 139.266 4
      vertex 147.551 139.49 4
    endloop
  endfacet
  facet normal 0 0 1
    outer loop
      vertex 144 105 4
      vertex 147.551 139.49 4
      vertex 147.371 139.733 4
    endloop
  endfacet
  facet normal 0 0 1
    outer loop
      vertex 144 105 4
      vertex 147.371 139.733 4
      vertex 147.366 139.74 4
    endloop
  endfacet
  facet normal 0 0 1
    outer loop
      vertex 144 105 4
      vertex 147.366 139.74 4
      vertex 147.361 139.747 4
    endloop
  endfacet
  facet normal 0 0 1
    outer loop
      vertex 144 105 4
      vertex 147.361 139.747 4
      vertex 147.206 140.006 4
    endloop
  endfacet
  facet normal 0 0 1
    outer loop
      vertex 144 105 4
      vertex 147.206 140.006 4
      vertex 147.077 140.28 4
    endloop
  endfacet
  facet normal 0 0 1
    outer loop
      vertex 144 105 4
      vertex 147.077 140.28 4
      vertex 147.073 140.287 4
    endloop
  endfacet
  facet normal 0 0 1
    outer loop
      vertex 144 105 4
      vertex 147.073 140.287 4
      vertex 146.971 140.572 4
    endloop
  endfacet
  facet normal 0 0 1
    outer loop
      vertex 144 105 4
      vertex 146.971 140.572 4
      vertex 146.968 140.58 4
    endloop
  endfacet
  facet normal 0 0 1
    outer loop
      vertex 144 105 4
      vertex 146.968 140.58 4
      vertex 146.966 140.589 4
    endloop
  endfacet
  facet normal 0 0 1
    outer loop
      vertex 144 105 4
      vertex 146.966 140.589 4
      vertex 146.892 140.882 4
    endloop
  endfacet
  facet normal 0 0 1
    outer loop
      vertex 144 105 4
      vertex 146.892 140.882 4
      vertex 146.848 141.181 4
    endloop
  endfacet
  facet normal 0 0 1
    outer loop
      vertex 144 105 4
      vertex 146.848 141.181 4
      vertex 146.847 141.189 4
    endloop
  endfacet
  facet normal 0 0 -1
    outer loop
      vertex 146.832 141.5 4
      vertex 146.847 141.189 4
      vertex 146.846 141.198 4
    endloop
  endfacet
  facet normal 0 0 1
    outer loop
      vertex 144 105 4
      vertex 146.847 141.189 4
      vertex 146.832 141.5 4
    endloop
  endfacet
  facet normal 0 0 1
    outer loop
      vertex 144 45 4
      vertex 156 45 4
      vertex 144 105 4
    endloop
  endfacet
  facet normal 0 0 1
    outer loop
      vertex 156 45 4
      vertex 144 45 4
      vertex 156.01 44.804 4
    endloop
  endfacet
  facet normal 0 0 1
    outer loop
      vertex 143.99 44.804 4
      vertex 156.01 44.804 4
      vertex 144 45 4
    endloop
  endfacet
  facet normal 0 0 1
    outer loop
      vertex 156.01 44.804 4
      vertex 143.99 44.804 4
      vertex 156.038 44.6098 4
    endloop
  endfacet
  facet normal 0 0 1
    outer loop
      vertex 143.962 44.6098 4
      vertex 156.038 44.6098 4
      vertex 143.99 44.804 4
    endloop
  endfacet
  facet normal 0 0 1
    outer loop
      vertex 156.038 44.6098 4
      vertex 143.962 44.6098 4
      vertex 156.086 44.4194 4
    endloop
  endfacet
  facet normal 0 0 1
    outer loop
      vertex 143.914 44.4194 4
      vertex 156.086 44.4194 4
      vertex 143.962 44.6098 4
    endloop
  endfacet
  facet normal 0 0 1
    outer loop
      vertex 156.086 44.4194 4
      vertex 143.914 44.4194 4
      vertex 156.152 44.2346 4
    endloop
  endfacet
  facet normal 0 0 1
    outer loop
      vertex 143.848 44.2346 4
      vertex 156.152 44.2346 4
      vertex 143.914 44.4194 4
    endloop
  endfacet
  facet normal 0 0 1
    outer loop
      vertex 156.152 44.2346 4
      vertex 143.848 44.2346 4
      vertex 156.236 44.0572 4
    endloop
  endfacet
  facet normal 0 0 1
    outer loop
      vertex 143.764 44.0572 4
      vertex 156.236 44.0572 4
      vertex 143.848 44.2346 4
    endloop
  endfacet
  facet normal 0 0 1
    outer loop
      vertex 156.236 44.0572 4
      vertex 143.764 44.0572 4
      vertex 156.337 43.8889 4
    endloop
  endfacet
  facet normal 0 0 1
    outer loop
      vertex 143.663 43.8889 4
      vertex 156.337 43.8889 4
      vertex 143.764 44.0572 4
    endloop
  endfacet
  facet normal 0 0 1
    outer loop
      vertex 156.337 43.8889 4
      vertex 143.663 43.8889 4
      vertex 156.454 43.7312 4
    endloop
  endfacet
  facet normal 0 0 1
    outer loop
      vertex 143.546 43.7312 4
      vertex 156.454 43.7312 4
      vertex 143.663 43.8889 4
    endloop
  endfacet
  facet normal 0 0 1
    outer loop
      vertex 156.454 43.7312 4
      vertex 143.546 43.7312 4
      vertex 156.586 43.5858 4
    endloop
  endfacet
  facet normal 0 0 1
    outer loop
      vertex 143.414 43.5858 4
      vertex 156.586 43.5858 4
      vertex 143.546 43.7312 4
    endloop
  endfacet
  facet normal 0 0 1
    outer loop
      vertex 156.586 43.5858 4
      vertex 143.414 43.5858 4
      vertex 156.731 43.454 4
    endloop
  endfacet
  facet normal 0 0 1
    outer loop
      vertex 143.269 43.454 4
      vertex 156.731 43.454 4
      vertex 143.414 43.5858 4
    endloop
  endfacet
  facet normal 0 0 1
    outer loop
      vertex 156.731 43.454 4
      vertex 143.269 43.454 4
      vertex 156.889 43.3371 4
    endloop
  endfacet
  facet normal 0 0 1
    outer loop
      vertex 143.111 43.3371 4
      vertex 156.889 43.3371 4
      vertex 143.269 43.454 4
    endloop
  endfacet
  facet normal 0 0 1
    outer loop
      vertex 142.943 43.2362 4
      vertex 156.889 43.3371 4
      vertex 143.111 43.3371 4
    endloop
  endfacet
  facet normal 0 0 1
    outer loop
      vertex 157.057 43.2362 4
      vertex 142.943 43.2362 4
      vertex 142.765 43.1522 4
    endloop
  endfacet
  facet normal 0 0 1
    outer loop
      vertex 157.235 43.1522 4
      vertex 142.765 43.1522 4
      vertex 142.581 43.0861 4
    endloop
  endfacet
  facet normal 0 0 1
    outer loop
      vertex 157.419 43.0861 4
      vertex 142.581 43.0861 4
      vertex 142.39 43.0384 4
    endloop
  endfacet
  facet normal 0 0 1
    outer loop
      vertex 157.61 43.0384 4
      vertex 142.39 43.0384 4
      vertex 180 28 4
    endloop
  endfacet
  facet normal 0 0 1
    outer loop
      vertex 120 28 4
      vertex 142.39 43.0384 4
      vertex 142.196 43.0096 4
    endloop
  endfacet
  facet normal 0 0 1
    outer loop
      vertex 120 28 4
      vertex 142.196 43.0096 4
      vertex 142 43 4
    endloop
  endfacet
  facet normal 0 0 1
    outer loop
      vertex 120 28 4
      vertex 142 43 4
      vertex 141.804 43.0096 4
    endloop
  endfacet
  facet normal 0 0 1
    outer loop
      vertex 120 28 4
      vertex 141.804 43.0096 4
      vertex 141.61 43.0384 4
    endloop
  endfacet
  facet normal 0 0 1
    outer loop
      vertex 120 28 4
      vertex 141.61 43.0384 4
      vertex 141.419 43.0861 4
    endloop
  endfacet
  facet normal 0 0 1
    outer loop
      vertex 120 28 4
      vertex 141.419 43.0861 4
      vertex 141.235 43.1522 4
    endloop
  endfacet
  facet normal 0 0 1
    outer loop
      vertex 128 45 4
      vertex 140 45 4
      vertex 128 105 4
    endloop
  endfacet
  facet normal 0 0 1
    outer loop
      vertex 140 45 4
      vertex 128 45 4
      vertex 140.01 44.804 4
    endloop
  endfacet
  facet normal 0 0 1
    outer loop
      vertex 127.99 44.804 4
      vertex 140.01 44.804 4
      vertex 128 45 4
    endloop
  endfacet
  facet normal 0 0 1
    outer loop
      vertex 140.01 44.804 4
      vertex 127.99 44.804 4
      vertex 140.038 44.6098 4
    endloop
  endfacet
  facet normal 0 0 1
    outer loop
      vertex 127.962 44.6098 4
      vertex 140.038 44.6098 4
      vertex 127.99 44.804 4
    endloop
  endfacet
  facet normal 0 0 1
    outer loop
      vertex 140.038 44.6098 4
      vertex 127.962 44.6098 4
      vertex 140.086 44.4194 4
    endloop
  endfacet
  facet normal 0 0 1
    outer loop
      vertex 127.914 44.4194 4
      vertex 140.086 44.4194 4
      vertex 127.962 44.6098 4
    endloop
  endfacet
  facet normal 0 0 1
    outer loop
      vertex 140.086 44.4194 4
      vertex 127.914 44.4194 4
      vertex 140.152 44.2346 4
    endloop
  endfacet
  facet normal 0 0 1
    outer loop
      vertex 127.848 44.2346 4
      vertex 140.152 44.2346 4
      vertex 127.914 44.4194 4
    endloop
  endfacet
  facet normal 0 0 1
    outer loop
      vertex 140.152 44.2346 4
      vertex 127.848 44.2346 4
      vertex 140.236 44.0572 4
    endloop
  endfacet
  facet normal 0 0 1
    outer loop
      vertex 127.764 44.0572 4
      vertex 140.236 44.0572 4
      vertex 127.848 44.2346 4
    endloop
  endfacet
  facet normal 0 0 1
    outer loop
      vertex 140.236 44.0572 4
      vertex 127.764 44.0572 4
      vertex 140.337 43.8889 4
    endloop
  endfacet
  facet normal 0 0 1
    outer loop
      vertex 127.663 43.8889 4
      vertex 140.337 43.8889 4
      vertex 127.764 44.0572 4
    endloop
  endfacet
  facet normal 0 0 1
    outer loop
      vertex 140.337 43.8889 4
      vertex 127.663 43.8889 4
      vertex 140.454 43.7312 4
    endloop
  endfacet
  facet normal 0 0 1
    outer loop
      vertex 127.546 43.7312 4
      vertex 140.454 43.7312 4
      vertex 127.663 43.8889 4
    endloop
  endfacet
  facet normal 0 0 1
    outer loop
      vertex 140.454 43.7312 4
      vertex 127.546 43.7312 4
      vertex 140.586 43.5858 4
    endloop
  endfacet
  facet normal 0 0 1
    outer loop
      vertex 127.414 43.5858 4
      vertex 140.586 43.5858 4
      vertex 127.546 43.7312 4
    endloop
  endfacet
  facet normal 0 0 1
    outer loop
      vertex 140.586 43.5858 4
      vertex 127.414 43.5858 4
      vertex 140.731 43.454 4
    endloop
  endfacet
  facet normal 0 0 1
    outer loop
      vertex 127.269 43.454 4
      vertex 140.731 43.454 4
      vertex 127.414 43.5858 4
    endloop
  endfacet
  facet normal 0 0 1
    outer loop
      vertex 140.731 43.454 4
      vertex 127.269 43.454 4
      vertex 140.889 43.3371 4
    endloop
  endfacet
  facet normal 0 0 1
    outer loop
      vertex 127.111 43.3371 4
      vertex 140.889 43.3371 4
      vertex 127.269 43.454 4
    endloop
  endfacet
  facet normal 0 0 1
    outer loop
      vertex 140.889 43.3371 4
      vertex 127.111 43.3371 4
      vertex 141.057 43.2362 4
    endloop
  endfacet
  facet normal 0 0 1
    outer loop
      vertex 126.943 43.2362 4
      vertex 141.057 43.2362 4
      vertex 127.111 43.3371 4
    endloop
  endfacet
  facet normal 0 0 1
    outer loop
      vertex 120 28 4
      vertex 141.057 43.2362 4
      vertex 126.943 43.2362 4
    endloop
  endfacet
  facet normal 0 0 1
    outer loop
      vertex 141.057 43.2362 4
      vertex 120 28 4
      vertex 141.235 43.1522 4
    endloop
  endfacet
  facet normal 0 0 1
    outer loop
      vertex 120 28 4
      vertex 126.943 43.2362 4
      vertex 126.765 43.1522 4
    endloop
  endfacet
  facet normal 0 0 1
    outer loop
      vertex 120 28 4
      vertex 126.765 43.1522 4
      vertex 126.581 43.0861 4
    endloop
  endfacet
  facet normal 0 0 1
    outer loop
      vertex 120 28 4
      vertex 126.581 43.0861 4
      vertex 126.39 43.0384 4
    endloop
  endfacet
  facet normal 0 0 1
    outer loop
      vertex 120 28 4
      vertex 126.39 43.0384 4
      vertex 126.196 43.0096 4
    endloop
  endfacet
  facet normal 0 0 1
    outer loop
      vertex 120 28 4
      vertex 126.196 43.0096 4
      vertex 126 43 4
    endloop
  endfacet
  facet normal 0 0 1
    outer loop
      vertex 120 28 4
      vertex 126 43 4
      vertex 125.804 43.0096 4
    endloop
  endfacet
  facet normal 0 0 1
    outer loop
      vertex 120 28 4
      vertex 125.804 43.0096 4
      vertex 125.61 43.0384 4
    endloop
  endfacet
  facet normal 0 0 1
    outer loop
      vertex 120 28 4
      vertex 125.61 43.0384 4
      vertex 125.419 43.0861 4
    endloop
  endfacet
  facet normal 0 0 1
    outer loop
      vertex 142.39 43.0384 4
      vertex 120 28 4
      vertex 180 28 4
    endloop
  endfacet
  facet normal 0 0 1
    outer loop
      vertex 125.235 43.1522 4
      vertex 120 28 4
      vertex 125.419 43.0861 4
    endloop
  endfacet
  facet normal 0 0 1
    outer loop
      vertex 125.057 43.2362 4
      vertex 120 28 4
      vertex 125.235 43.1522 4
    endloop
  endfacet
  facet normal 0 0 1
    outer loop
      vertex 124.889 43.3371 4
      vertex 120 28 4
      vertex 125.057 43.2362 4
    endloop
  endfacet
  facet normal 0 0 1
    outer loop
      vertex 124.731 43.454 4
      vertex 120 28 4
      vertex 124.889 43.3371 4
    endloop
  endfacet
  facet normal 0 0 1
    outer loop
      vertex 124.586 43.5858 4
      vertex 120 28 4
      vertex 124.731 43.454 4
    endloop
  endfacet
  facet normal 0 0 1
    outer loop
      vertex 124.454 43.7312 4
      vertex 120 28 4
      vertex 124.586 43.5858 4
    endloop
  endfacet
  facet normal 0 0 1
    outer loop
      vertex 124.337 43.8889 4
      vertex 120 28 4
      vertex 124.454 43.7312 4
    endloop
  endfacet
  facet normal 0 0 1
    outer loop
      vertex 124.236 44.0572 4
      vertex 120 28 4
      vertex 124.337 43.8889 4
    endloop
  endfacet
  facet normal 0 0 1
    outer loop
      vertex 124.152 44.2346 4
      vertex 120 28 4
      vertex 124.236 44.0572 4
    endloop
  endfacet
  facet normal 0 0 1
    outer loop
      vertex 124.086 44.4194 4
      vertex 120 28 4
      vertex 124.152 44.2346 4
    endloop
  endfacet
  facet normal 0 0 1
    outer loop
      vertex 124.038 44.6098 4
      vertex 120 28 4
      vertex 124.086 44.4194 4
    endloop
  endfacet
  facet normal 0 0 1
    outer loop
      vertex 124.01 44.804 4
      vertex 120 28 4
      vertex 124.038 44.6098 4
    endloop
  endfacet
  facet normal 0 0 1
    outer loop
      vertex 120 28 4
      vertex 124.01 44.804 4
      vertex 124 45 4
    endloop
  endfacet
  facet normal -1 0 0
    outer loop
      vertex 0 0 0
      vertex 0 150 4
      vertex 0 150 0
    endloop
  endfacet
  facet normal -1 -0 0
    outer loop
      vertex 0 150 4
      vertex 0 0 0
      vertex 0 0 4
    endloop
  endfacet
  facet normal 0 1 -0
    outer loop
      vertex 300 150 0
      vertex 0 150 4
      vertex 300 150 4
    endloop
  endfacet
  facet normal 0 1 0
    outer loop
      vertex 0 150 4
      vertex 300 150 0
      vertex 0 150 0
    endloop
  endfacet
  facet normal 0 -1 0
    outer loop
      vertex 0 0 0
      vertex 300 0 4
      vertex 0 0 4
    endloop
  endfacet
  facet normal 0 -1 -0
    outer loop
      vertex 300 0 4
      vertex 0 0 0
      vertex 300 0 0
    endloop
  endfacet
  facet normal 0.903984 -0.427566 0
    outer loop
      vertex 6.9294 9.15056 2.2
      vertex 7.00073 9.30137 0
      vertex 7.00073 9.30137 2.2
    endloop
  endfacet
  facet normal 0.903984 -0.427566 0
    outer loop
      vertex 7.00073 9.30137 0
      vertex 6.9294 9.15056 2.2
      vertex 6.9294 9.15056 0
    endloop
  endfacet
  facet normal -0.989158 -0.146857 0
    outer loop
      vertex 10.1918 8.66663 0
      vertex 10.1673 8.83165 2.2
      vertex 10.1673 8.83165 0
    endloop
  endfacet
  facet normal -0.989158 -0.146857 0
    outer loop
      vertex 10.1673 8.83165 2.2
      vertex 10.1918 8.66663 0
      vertex 10.1918 8.66663 2.2
    endloop
  endfacet
  facet normal -0.998791 -0.0491513 0
    outer loop
      vertex 10.2 8.5 0
      vertex 10.1918 8.66663 2.2
      vertex 10.1918 8.66663 0
    endloop
  endfacet
  facet normal -0.998791 -0.0491513 0
    outer loop
      vertex 10.1918 8.66663 2.2
      vertex 10.2 8.5 0
      vertex 10.2 8.5 2.2
    endloop
  endfacet
  facet normal -0.970083 -0.242775 0
    outer loop
      vertex 10.1673 8.83165 0
      vertex 10.1268 8.99348 2.2
      vertex 10.1268 8.99348 0
    endloop
  endfacet
  facet normal -0.970083 -0.242775 0
    outer loop
      vertex 10.1268 8.99348 2.2
      vertex 10.1673 8.83165 0
      vertex 10.1673 8.83165 2.2
    endloop
  endfacet
  facet normal -0.146857 -0.989158 0
    outer loop
      vertex 8.66663 10.1918 0
      vertex 8.83165 10.1673 2.2
      vertex 8.66663 10.1918 2.2
    endloop
  endfacet
  facet normal -0.146857 -0.989158 -0
    outer loop
      vertex 8.83165 10.1673 2.2
      vertex 8.66663 10.1918 0
      vertex 8.83165 10.1673 0
    endloop
  endfacet
  facet normal 0.146857 -0.989158 0
    outer loop
      vertex 8.16835 10.1673 0
      vertex 8.33337 10.1918 2.2
      vertex 8.16835 10.1673 2.2
    endloop
  endfacet
  facet normal 0.146857 -0.989158 0
    outer loop
      vertex 8.33337 10.1918 2.2
      vertex 8.16835 10.1673 0
      vertex 8.33337 10.1918 0
    endloop
  endfacet
  facet normal -0.803211 -0.595695 0
    outer loop
      vertex 9.9135 9.44447 0
      vertex 9.81412 9.57847 2.2
      vertex 9.81412 9.57847 0
    endloop
  endfacet
  facet normal -0.803211 -0.595695 0
    outer loop
      vertex 9.81412 9.57847 2.2
      vertex 9.9135 9.44447 0
      vertex 9.9135 9.44447 2.2
    endloop
  endfacet
  facet normal -0.514099 0.857731 0
    outer loop
      vertex 9.44447 7.0865 0
      vertex 9.30137 7.00073 2.2
      vertex 9.44447 7.0865 2.2
    endloop
  endfacet
  facet normal -0.514099 0.857731 0
    outer loop
      vertex 9.30137 7.00073 2.2
      vertex 9.44447 7.0865 0
      vertex 9.30137 7.00073 0
    endloop
  endfacet
  facet normal -0.595695 -0.803211 0
    outer loop
      vertex 9.44447 9.9135 0
      vertex 9.57847 9.81412 2.2
      vertex 9.44447 9.9135 2.2
    endloop
  endfacet
  facet normal -0.595695 -0.803211 -0
    outer loop
      vertex 9.57847 9.81412 2.2
      vertex 9.44447 9.9135 0
      vertex 9.57847 9.81412 0
    endloop
  endfacet
  facet normal -0.998791 0.0491513 0
    outer loop
      vertex 10.1918 8.33337 0
      vertex 10.2 8.5 2.2
      vertex 10.2 8.5 0
    endloop
  endfacet
  facet normal -0.998791 0.0491513 0
    outer loop
      vertex 10.2 8.5 2.2
      vertex 10.1918 8.33337 0
      vertex 10.1918 8.33337 2.2
    endloop
  endfacet
  facet normal 0.242775 -0.970083 0
    outer loop
      vertex 8.00652 10.1268 0
      vertex 8.16835 10.1673 2.2
      vertex 8.00652 10.1268 2.2
    endloop
  endfacet
  facet normal 0.242775 -0.970083 0
    outer loop
      vertex 8.16835 10.1673 2.2
      vertex 8.00652 10.1268 0
      vertex 8.16835 10.1673 0
    endloop
  endfacet
  facet normal 0.803211 -0.595695 0
    outer loop
      vertex 7.0865 9.44447 2.2
      vertex 7.18588 9.57847 0
      vertex 7.18588 9.57847 2.2
    endloop
  endfacet
  facet normal 0.803211 -0.595695 0
    outer loop
      vertex 7.18588 9.57847 0
      vertex 7.0865 9.44447 2.2
      vertex 7.0865 9.44447 0
    endloop
  endfacet
  facet normal 0.427543 0.903995 -0
    outer loop
      vertex 7.84944 6.9294 0
      vertex 7.69862 7.00073 2.2
      vertex 7.84944 6.9294 2.2
    endloop
  endfacet
  facet normal 0.427543 0.903995 0
    outer loop
      vertex 7.69862 7.00073 2.2
      vertex 7.84944 6.9294 0
      vertex 7.69862 7.00073 0
    endloop
  endfacet
  facet normal -0.427566 -0.903984 0
    outer loop
      vertex 9.15056 10.0706 0
      vertex 9.30137 9.99927 2.2
      vertex 9.15056 10.0706 2.2
    endloop
  endfacet
  facet normal -0.427566 -0.903984 -0
    outer loop
      vertex 9.30137 9.99927 2.2
      vertex 9.15056 10.0706 0
      vertex 9.30137 9.99927 0
    endloop
  endfacet
  facet normal 0.989184 0.146681 0
    outer loop
      vertex 6.83266 8.16835 2.2
      vertex 6.80819 8.33337 0
      vertex 6.80819 8.33337 2.2
    endloop
  endfacet
  facet normal 0.989184 0.146681 0
    outer loop
      vertex 6.80819 8.33337 0
      vertex 6.83266 8.16835 2.2
      vertex 6.83266 8.16835 0
    endloop
  endfacet
  facet normal -0.67158 0.740932 0
    outer loop
      vertex 9.70208 7.29792 0
      vertex 9.57847 7.18588 2.2
      vertex 9.70208 7.29792 2.2
    endloop
  endfacet
  facet normal -0.67158 0.740932 0
    outer loop
      vertex 9.57847 7.18588 2.2
      vertex 9.70208 7.29792 0
      vertex 9.57847 7.18588 0
    endloop
  endfacet
  facet normal 0.427543 -0.903995 0
    outer loop
      vertex 7.69862 9.99927 0
      vertex 7.84944 10.0706 2.2
      vertex 7.69862 9.99927 2.2
    endloop
  endfacet
  facet normal 0.427543 -0.903995 0
    outer loop
      vertex 7.84944 10.0706 2.2
      vertex 7.69862 9.99927 0
      vertex 7.84944 10.0706 0
    endloop
  endfacet
  facet normal -0.970083 0.242775 0
    outer loop
      vertex 10.1268 8.00652 0
      vertex 10.1673 8.16835 2.2
      vertex 10.1673 8.16835 0
    endloop
  endfacet
  facet normal -0.970083 0.242775 0
    outer loop
      vertex 10.1673 8.16835 2.2
      vertex 10.1268 8.00652 0
      vertex 10.1268 8.00652 2.2
    endloop
  endfacet
  facet normal -0.243001 0.970026 0
    outer loop
      vertex 8.99348 6.8732 0
      vertex 8.83165 6.83266 2.2
      vertex 8.99348 6.8732 2.2
    endloop
  endfacet
  facet normal -0.243001 0.970026 0
    outer loop
      vertex 8.83165 6.83266 2.2
      vertex 8.99348 6.8732 0
      vertex 8.83165 6.83266 0
    endloop
  endfacet
  facet normal 0.989184 -0.146681 0
    outer loop
      vertex 6.80819 8.66663 2.2
      vertex 6.83266 8.83165 0
      vertex 6.83266 8.83165 2.2
    endloop
  endfacet
  facet normal 0.989184 -0.146681 0
    outer loop
      vertex 6.83266 8.83165 0
      vertex 6.80819 8.66663 2.2
      vertex 6.80819 8.66663 0
    endloop
  endfacet
  facet normal -0.941552 -0.336868 0
    outer loop
      vertex 10.1268 8.99348 0
      vertex 10.0706 9.15056 2.2
      vertex 10.0706 9.15056 0
    endloop
  endfacet
  facet normal -0.941552 -0.336868 0
    outer loop
      vertex 10.0706 9.15056 2.2
      vertex 10.1268 8.99348 0
      vertex 10.1268 8.99348 2.2
    endloop
  endfacet
  facet normal 0.514125 0.857715 -0
    outer loop
      vertex 7.69862 7.00073 0
      vertex 7.55553 7.0865 2.2
      vertex 7.69862 7.00073 2.2
    endloop
  endfacet
  facet normal 0.514125 0.857715 0
    outer loop
      vertex 7.55553 7.0865 2.2
      vertex 7.69862 7.00073 0
      vertex 7.55553 7.0865 0
    endloop
  endfacet
  facet normal 0.970026 -0.243001 0
    outer loop
      vertex 6.83266 8.83165 2.2
      vertex 6.8732 8.99348 0
      vertex 6.8732 8.99348 2.2
    endloop
  endfacet
  facet normal 0.970026 -0.243001 0
    outer loop
      vertex 6.8732 8.99348 0
      vertex 6.83266 8.83165 2.2
      vertex 6.83266 8.83165 0
    endloop
  endfacet
  facet normal -0.803211 0.595695 0
    outer loop
      vertex 9.81412 7.42153 0
      vertex 9.9135 7.55553 2.2
      vertex 9.9135 7.55553 0
    endloop
  endfacet
  facet normal -0.803211 0.595695 0
    outer loop
      vertex 9.9135 7.55553 2.2
      vertex 9.81412 7.42153 0
      vertex 9.81412 7.42153 2.2
    endloop
  endfacet
  facet normal 0.595695 0.803211 -0
    outer loop
      vertex 7.55553 7.0865 0
      vertex 7.42153 7.18588 2.2
      vertex 7.55553 7.0865 2.2
    endloop
  endfacet
  facet normal 0.595695 0.803211 0
    outer loop
      vertex 7.42153 7.18588 2.2
      vertex 7.55553 7.0865 0
      vertex 7.42153 7.18588 0
    endloop
  endfacet
  facet normal 0.336868 0.941552 -0
    outer loop
      vertex 8.00652 6.8732 0
      vertex 7.84944 6.9294 2.2
      vertex 8.00652 6.8732 2.2
    endloop
  endfacet
  facet normal 0.336868 0.941552 0
    outer loop
      vertex 7.84944 6.9294 2.2
      vertex 8.00652 6.8732 0
      vertex 7.84944 6.9294 0
    endloop
  endfacet
  facet normal -0.336868 -0.941552 0
    outer loop
      vertex 8.99348 10.1268 0
      vertex 9.15056 10.0706 2.2
      vertex 8.99348 10.1268 2.2
    endloop
  endfacet
  facet normal -0.336868 -0.941552 -0
    outer loop
      vertex 9.15056 10.0706 2.2
      vertex 8.99348 10.1268 0
      vertex 9.15056 10.0706 0
    endloop
  endfacet
  facet normal 0.740932 0.67158 0
    outer loop
      vertex 7.29792 7.29792 2.2
      vertex 7.18588 7.42153 0
      vertex 7.18588 7.42153 2.2
    endloop
  endfacet
  facet normal 0.740932 0.67158 0
    outer loop
      vertex 7.18588 7.42153 0
      vertex 7.29792 7.29792 2.2
      vertex 7.29792 7.29792 0
    endloop
  endfacet
  facet normal -0.514099 -0.857731 0
    outer loop
      vertex 9.30137 9.99927 0
      vertex 9.44447 9.9135 2.2
      vertex 9.30137 9.99927 2.2
    endloop
  endfacet
  facet normal -0.514099 -0.857731 -0
    outer loop
      vertex 9.44447 9.9135 2.2
      vertex 9.30137 9.99927 0
      vertex 9.44447 9.9135 0
    endloop
  endfacet
  facet normal 0.336868 -0.941552 0
    outer loop
      vertex 7.84944 10.0706 0
      vertex 8.00652 10.1268 2.2
      vertex 7.84944 10.0706 2.2
    endloop
  endfacet
  facet normal 0.336868 -0.941552 0
    outer loop
      vertex 8.00652 10.1268 2.2
      vertex 7.84944 10.0706 0
      vertex 8.00652 10.1268 0
    endloop
  endfacet
  facet normal 0.903995 0.427543 0
    outer loop
      vertex 7.00073 7.69862 2.2
      vertex 6.9294 7.84944 0
      vertex 6.9294 7.84944 2.2
    endloop
  endfacet
  facet normal 0.903995 0.427543 0
    outer loop
      vertex 6.9294 7.84944 0
      vertex 7.00073 7.69862 2.2
      vertex 7.00073 7.69862 0
    endloop
  endfacet
  facet normal 0.941552 0.336868 0
    outer loop
      vertex 6.9294 7.84944 2.2
      vertex 6.8732 8.00652 0
      vertex 6.8732 8.00652 2.2
    endloop
  endfacet
  facet normal 0.941552 0.336868 0
    outer loop
      vertex 6.8732 8.00652 0
      vertex 6.9294 7.84944 2.2
      vertex 6.9294 7.84944 0
    endloop
  endfacet
  facet normal -0.903984 -0.427566 0
    outer loop
      vertex 10.0706 9.15056 0
      vertex 9.99927 9.30137 2.2
      vertex 9.99927 9.30137 0
    endloop
  endfacet
  facet normal -0.903984 -0.427566 0
    outer loop
      vertex 9.99927 9.30137 2.2
      vertex 10.0706 9.15056 0
      vertex 10.0706 9.15056 2.2
    endloop
  endfacet
  facet normal 0.970026 0.243001 0
    outer loop
      vertex 6.8732 8.00652 2.2
      vertex 6.83266 8.16835 0
      vertex 6.83266 8.16835 2.2
    endloop
  endfacet
  facet normal 0.970026 0.243001 0
    outer loop
      vertex 6.83266 8.16835 0
      vertex 6.8732 8.00652 2.2
      vertex 6.8732 8.00652 0
    endloop
  endfacet
  facet normal 0.595695 -0.803211 0
    outer loop
      vertex 7.42153 9.81412 0
      vertex 7.55553 9.9135 2.2
      vertex 7.42153 9.81412 2.2
    endloop
  endfacet
  facet normal 0.595695 -0.803211 0
    outer loop
      vertex 7.55553 9.9135 2.2
      vertex 7.42153 9.81412 0
      vertex 7.55553 9.9135 0
    endloop
  endfacet
  facet normal 0.146681 0.989184 -0
    outer loop
      vertex 8.33337 6.80819 0
      vertex 8.16835 6.83266 2.2
      vertex 8.33337 6.80819 2.2
    endloop
  endfacet
  facet normal 0.146681 0.989184 0
    outer loop
      vertex 8.16835 6.83266 2.2
      vertex 8.33337 6.80819 0
      vertex 8.16835 6.83266 0
    endloop
  endfacet
  facet normal -0.740932 0.67158 0
    outer loop
      vertex 9.70208 7.29792 0
      vertex 9.81412 7.42153 2.2
      vertex 9.81412 7.42153 0
    endloop
  endfacet
  facet normal -0.740932 0.67158 0
    outer loop
      vertex 9.81412 7.42153 2.2
      vertex 9.70208 7.29792 0
      vertex 9.70208 7.29792 2.2
    endloop
  endfacet
  facet normal -0.146681 0.989184 0
    outer loop
      vertex 8.83165 6.83266 0
      vertex 8.66663 6.80819 2.2
      vertex 8.83165 6.83266 2.2
    endloop
  endfacet
  facet normal -0.146681 0.989184 0
    outer loop
      vertex 8.66663 6.80819 2.2
      vertex 8.83165 6.83266 0
      vertex 8.66663 6.80819 0
    endloop
  endfacet
  facet normal 0.514125 -0.857715 0
    outer loop
      vertex 7.55553 9.9135 0
      vertex 7.69862 9.99927 2.2
      vertex 7.55553 9.9135 2.2
    endloop
  endfacet
  facet normal 0.514125 -0.857715 0
    outer loop
      vertex 7.69862 9.99927 2.2
      vertex 7.55553 9.9135 0
      vertex 7.69862 9.99927 0
    endloop
  endfacet
  facet normal -0.0491513 -0.998791 0
    outer loop
      vertex 8.5 10.2 0
      vertex 8.66663 10.1918 2.2
      vertex 8.5 10.2 2.2
    endloop
  endfacet
  facet normal -0.0491513 -0.998791 -0
    outer loop
      vertex 8.66663 10.1918 2.2
      vertex 8.5 10.2 0
      vertex 8.66663 10.1918 0
    endloop
  endfacet
  facet normal 0.857715 0.514125 0
    outer loop
      vertex 7.0865 7.55553 2.2
      vertex 7.00073 7.69862 0
      vertex 7.00073 7.69862 2.2
    endloop
  endfacet
  facet normal 0.857715 0.514125 0
    outer loop
      vertex 7.00073 7.69862 0
      vertex 7.0865 7.55553 2.2
      vertex 7.0865 7.55553 0
    endloop
  endfacet
  facet normal -0.242775 -0.970083 0
    outer loop
      vertex 8.83165 10.1673 0
      vertex 8.99348 10.1268 2.2
      vertex 8.83165 10.1673 2.2
    endloop
  endfacet
  facet normal -0.242775 -0.970083 -0
    outer loop
      vertex 8.99348 10.1268 2.2
      vertex 8.83165 10.1673 0
      vertex 8.99348 10.1268 0
    endloop
  endfacet
  facet normal 0.941552 -0.336868 0
    outer loop
      vertex 6.8732 8.99348 2.2
      vertex 6.9294 9.15056 0
      vertex 6.9294 9.15056 2.2
    endloop
  endfacet
  facet normal 0.941552 -0.336868 0
    outer loop
      vertex 6.9294 9.15056 0
      vertex 6.8732 8.99348 2.2
      vertex 6.8732 8.99348 0
    endloop
  endfacet
  facet normal -0.67158 -0.740932 0
    outer loop
      vertex 9.57847 9.81412 0
      vertex 9.70208 9.70208 2.2
      vertex 9.57847 9.81412 2.2
    endloop
  endfacet
  facet normal -0.67158 -0.740932 -0
    outer loop
      vertex 9.70208 9.70208 2.2
      vertex 9.57847 9.81412 0
      vertex 9.70208 9.70208 0
    endloop
  endfacet
  facet normal 0.0491513 -0.998791 0
    outer loop
      vertex 8.33337 10.1918 0
      vertex 8.5 10.2 2.2
      vertex 8.33337 10.1918 2.2
    endloop
  endfacet
  facet normal 0.0491513 -0.998791 0
    outer loop
      vertex 8.5 10.2 2.2
      vertex 8.33337 10.1918 0
      vertex 8.5 10.2 0
    endloop
  endfacet
  facet normal -0.427566 0.903984 0
    outer loop
      vertex 9.30137 7.00073 0
      vertex 9.15056 6.9294 2.2
      vertex 9.30137 7.00073 2.2
    endloop
  endfacet
  facet normal -0.427566 0.903984 0
    outer loop
      vertex 9.15056 6.9294 2.2
      vertex 9.30137 7.00073 0
      vertex 9.15056 6.9294 0
    endloop
  endfacet
  facet normal -0.989158 0.146857 0
    outer loop
      vertex 10.1673 8.16835 0
      vertex 10.1918 8.33337 2.2
      vertex 10.1918 8.33337 0
    endloop
  endfacet
  facet normal -0.989158 0.146857 0
    outer loop
      vertex 10.1918 8.33337 2.2
      vertex 10.1673 8.16835 0
      vertex 10.1673 8.16835 2.2
    endloop
  endfacet
  facet normal -0.857731 -0.514099 0
    outer loop
      vertex 9.99927 9.30137 0
      vertex 9.9135 9.44447 2.2
      vertex 9.9135 9.44447 0
    endloop
  endfacet
  facet normal -0.857731 -0.514099 0
    outer loop
      vertex 9.9135 9.44447 2.2
      vertex 9.99927 9.30137 0
      vertex 9.99927 9.30137 2.2
    endloop
  endfacet
  facet normal 0.0490916 0.998794 -0
    outer loop
      vertex 8.5 6.8 0
      vertex 8.33337 6.80819 2.2
      vertex 8.5 6.8 2.2
    endloop
  endfacet
  facet normal 0.0490916 0.998794 0
    outer loop
      vertex 8.33337 6.80819 2.2
      vertex 8.5 6.8 0
      vertex 8.33337 6.80819 0
    endloop
  endfacet
  facet normal 0.67158 -0.740932 0
    outer loop
      vertex 7.29792 9.70208 0
      vertex 7.42153 9.81412 2.2
      vertex 7.29792 9.70208 2.2
    endloop
  endfacet
  facet normal 0.67158 -0.740932 0
    outer loop
      vertex 7.42153 9.81412 2.2
      vertex 7.29792 9.70208 0
      vertex 7.42153 9.81412 0
    endloop
  endfacet
  facet normal 0.740932 -0.67158 0
    outer loop
      vertex 7.18588 9.57847 2.2
      vertex 7.29792 9.70208 0
      vertex 7.29792 9.70208 2.2
    endloop
  endfacet
  facet normal 0.740932 -0.67158 0
    outer loop
      vertex 7.29792 9.70208 0
      vertex 7.18588 9.57847 2.2
      vertex 7.18588 9.57847 0
    endloop
  endfacet
  facet normal -0.903995 0.427543 0
    outer loop
      vertex 9.99927 7.69862 0
      vertex 10.0706 7.84944 2.2
      vertex 10.0706 7.84944 0
    endloop
  endfacet
  facet normal -0.903995 0.427543 0
    outer loop
      vertex 10.0706 7.84944 2.2
      vertex 9.99927 7.69862 0
      vertex 9.99927 7.69862 2.2
    endloop
  endfacet
  facet normal -0.0490916 0.998794 0
    outer loop
      vertex 8.66663 6.80819 0
      vertex 8.5 6.8 2.2
      vertex 8.66663 6.80819 2.2
    endloop
  endfacet
  facet normal -0.0490916 0.998794 0
    outer loop
      vertex 8.5 6.8 2.2
      vertex 8.66663 6.80819 0
      vertex 8.5 6.8 0
    endloop
  endfacet
  facet normal 0.67158 0.740932 -0
    outer loop
      vertex 7.42153 7.18588 0
      vertex 7.29792 7.29792 2.2
      vertex 7.42153 7.18588 2.2
    endloop
  endfacet
  facet normal 0.67158 0.740932 0
    outer loop
      vertex 7.29792 7.29792 2.2
      vertex 7.42153 7.18588 0
      vertex 7.29792 7.29792 0
    endloop
  endfacet
  facet normal -0.941552 0.336868 0
    outer loop
      vertex 10.0706 7.84944 0
      vertex 10.1268 8.00652 2.2
      vertex 10.1268 8.00652 0
    endloop
  endfacet
  facet normal -0.941552 0.336868 0
    outer loop
      vertex 10.1268 8.00652 2.2
      vertex 10.0706 7.84944 0
      vertex 10.0706 7.84944 2.2
    endloop
  endfacet
  facet normal -0.740932 -0.67158 0
    outer loop
      vertex 9.81412 9.57847 0
      vertex 9.70208 9.70208 2.2
      vertex 9.70208 9.70208 0
    endloop
  endfacet
  facet normal -0.740932 -0.67158 0
    outer loop
      vertex 9.70208 9.70208 2.2
      vertex 9.81412 9.57847 0
      vertex 9.81412 9.57847 2.2
    endloop
  endfacet
  facet normal 0.243001 0.970026 -0
    outer loop
      vertex 8.16835 6.83266 0
      vertex 8.00652 6.8732 2.2
      vertex 8.16835 6.83266 2.2
    endloop
  endfacet
  facet normal 0.243001 0.970026 0
    outer loop
      vertex 8.00652 6.8732 2.2
      vertex 8.16835 6.83266 0
      vertex 8.00652 6.8732 0
    endloop
  endfacet
  facet normal -0.595695 0.803211 0
    outer loop
      vertex 9.57847 7.18588 0
      vertex 9.44447 7.0865 2.2
      vertex 9.57847 7.18588 2.2
    endloop
  endfacet
  facet normal -0.595695 0.803211 0
    outer loop
      vertex 9.44447 7.0865 2.2
      vertex 9.57847 7.18588 0
      vertex 9.44447 7.0865 0
    endloop
  endfacet
  facet normal -0.857715 0.514125 0
    outer loop
      vertex 9.9135 7.55553 0
      vertex 9.99927 7.69862 2.2
      vertex 9.99927 7.69862 0
    endloop
  endfacet
  facet normal -0.857715 0.514125 0
    outer loop
      vertex 9.99927 7.69862 2.2
      vertex 9.9135 7.55553 0
      vertex 9.9135 7.55553 2.2
    endloop
  endfacet
  facet normal 0.803211 0.595695 0
    outer loop
      vertex 7.18588 7.42153 2.2
      vertex 7.0865 7.55553 0
      vertex 7.0865 7.55553 2.2
    endloop
  endfacet
  facet normal 0.803211 0.595695 0
    outer loop
      vertex 7.0865 7.55553 0
      vertex 7.18588 7.42153 2.2
      vertex 7.18588 7.42153 0
    endloop
  endfacet
  facet normal 0.857731 -0.514099 0
    outer loop
      vertex 7.00073 9.30137 2.2
      vertex 7.0865 9.44447 0
      vertex 7.0865 9.44447 2.2
    endloop
  endfacet
  facet normal 0.857731 -0.514099 0
    outer loop
      vertex 7.0865 9.44447 0
      vertex 7.00073 9.30137 2.2
      vertex 7.00073 9.30137 0
    endloop
  endfacet
  facet normal -0.336868 0.941552 0
    outer loop
      vertex 9.15056 6.9294 0
      vertex 8.99348 6.8732 2.2
      vertex 9.15056 6.9294 2.2
    endloop
  endfacet
  facet normal -0.336868 0.941552 0
    outer loop
      vertex 8.99348 6.8732 2.2
      vertex 9.15056 6.9294 0
      vertex 8.99348 6.8732 0
    endloop
  endfacet
  facet normal 0.998794 -0.0490916 0
    outer loop
      vertex 6.8 8.5 2.2
      vertex 6.80819 8.66663 0
      vertex 6.80819 8.66663 2.2
    endloop
  endfacet
  facet normal 0.998794 -0.0490916 0
    outer loop
      vertex 6.80819 8.66663 0
      vertex 6.8 8.5 2.2
      vertex 6.8 8.5 0
    endloop
  endfacet
  facet normal 0.998794 0.0490916 0
    outer loop
      vertex 6.80819 8.33337 2.2
      vertex 6.8 8.5 0
      vertex 6.8 8.5 2.2
    endloop
  endfacet
  facet normal 0.998794 0.0490916 0
    outer loop
      vertex 6.8 8.5 0
      vertex 6.80819 8.33337 2.2
      vertex 6.80819 8.33337 0
    endloop
  endfacet
  facet normal -0.398532 -0.664956 0.63167
    outer loop
      vertex 10.2527 11.139 4
      vertex 9.99358 11.2943 4
      vertex 9.30137 9.99927 2.2
    endloop
  endfacet
  facet normal 0.622683 -0.461807 0.631665
    outer loop
      vertex 5.87078 10.2673 4
      vertex 7.0865 9.44447 2.2
      vertex 7.18588 9.57847 2.2
    endloop
  endfacet
  facet normal 0.621083 -0.464038 0.631604
    outer loop
      vertex 7.0865 9.44447 2.2
      vertex 5.87078 10.2673 4
      vertex 5.86555 10.2603 4
    endloop
  endfacet
  facet normal 0.520633 0.574397 0.631671
    outer loop
      vertex 7.29792 7.29792 2.2
      vertex 6.26609 6.25369 4
      vertex 7.42153 7.18588 2.2
    endloop
  endfacet
  facet normal 0.521034 0.574021 0.631683
    outer loop
      vertex 6.26609 6.25369 4
      vertex 7.29792 7.29792 2.2
      vertex 6.25959 6.25959 4
    endloop
  endfacet
  facet normal -0.774311 -0.0379728 0.631665
    outer loop
      vertex 11.6684 8.5 4
      vertex 11.6536 8.80179 4
      vertex 10.2 8.5 2.2
    endloop
  endfacet
  facet normal -0.774478 -0.035324 0.631614
    outer loop
      vertex 10.1918 8.66663 2.2
      vertex 11.6536 8.80179 4
      vertex 11.6532 8.81056 4
    endloop
  endfacet
  facet normal -0.774296 -0.0381037 0.631675
    outer loop
      vertex 11.6536 8.80179 4
      vertex 10.1918 8.66663 2.2
      vertex 10.2 8.5 2.2
    endloop
  endfacet
  facet normal 0.574417 0.520614 0.631669
    outer loop
      vertex 6.25369 6.26609 4
      vertex 7.18588 7.42153 2.2
      vertex 6.05078 6.48997 4
    endloop
  endfacet
  facet normal 0.729923 0.261165 0.631668
    outer loop
      vertex 5.57276 7.2875 4
      vertex 6.9294 7.84944 2.2
      vertex 5.47097 7.57199 4
    endloop
  endfacet
  facet normal -0.622681 -0.461816 0.63166
    outer loop
      vertex 11.1292 10.2673 4
      vertex 10.9492 10.51 4
      vertex 9.81412 9.57847 2.2
    endloop
  endfacet
  facet normal 0.035324 -0.774478 0.631614
    outer loop
      vertex 8.33337 10.1918 2.2
      vertex 8.19821 11.6536 4
      vertex 8.18944 11.6532 4
    endloop
  endfacet
  facet normal 0.0381037 -0.774296 0.631675
    outer loop
      vertex 8.19821 11.6536 4
      vertex 8.33337 10.1918 2.2
      vertex 8.5 10.2 2.2
    endloop
  endfacet
  facet normal -0.461816 -0.622681 0.63166
    outer loop
      vertex 10.51 10.9492 4
      vertex 10.2673 11.1292 4
      vertex 9.57847 9.81412 2.2
    endloop
  endfacet
  facet normal -0.664927 0.398566 0.631678
    outer loop
      vertex 9.9135 7.55553 2.2
      vertex 11.139 6.74725 4
      vertex 9.99927 7.69862 2.2
    endloop
  endfacet
  facet normal -0.661469 0.404085 0.631802
    outer loop
      vertex 11.139 6.74725 4
      vertex 9.9135 7.55553 2.2
      vertex 11.1344 6.73972 4
    endloop
  endfacet
  facet normal 0.331487 -0.700793 0.631669
    outer loop
      vertex 7.69862 9.99927 2.2
      vertex 7.27956 11.4235 4
      vertex 7.00642 11.2943 4
    endloop
  endfacet
  facet normal 0.622679 -0.461814 0.631664
    outer loop
      vertex 7.18588 9.57847 2.2
      vertex 6.05078 10.51 4
      vertex 5.87078 10.2673 4
    endloop
  endfacet
  facet normal 0.574443 -0.520591 0.631665
    outer loop
      vertex 7.18588 9.57847 2.2
      vertex 6.25369 10.7339 4
      vertex 6.05078 10.51 4
    endloop
  endfacet
  facet normal 0.520614 0.574417 0.631669
    outer loop
      vertex 6.48997 6.05078 4
      vertex 7.42153 7.18588 2.2
      vertex 6.26609 6.25369 4
    endloop
  endfacet
  facet normal -0.729925 0.261152 0.631672
    outer loop
      vertex 10.0706 7.84944 2.2
      vertex 11.532 7.58026 4
      vertex 10.1268 8.00652 2.2
    endloop
  endfacet
  facet normal -0.728979 0.264442 0.631396
    outer loop
      vertex 11.532 7.58026 4
      vertex 10.0706 7.84944 2.2
      vertex 11.529 7.57199 4
    endloop
  endfacet
  facet normal -0.729922 0.261191 0.631659
    outer loop
      vertex 11.4272 7.2875 4
      vertex 11.529 7.57199 4
      vertex 10.0706 7.84944 2.2
    endloop
  endfacet
  facet normal 0.574397 0.520633 0.631671
    outer loop
      vertex 6.25369 6.26609 4
      vertex 7.29792 7.29792 2.2
      vertex 7.18588 7.42153 2.2
    endloop
  endfacet
  facet normal 0.574021 0.521034 0.631683
    outer loop
      vertex 7.29792 7.29792 2.2
      vertex 6.25369 6.26609 4
      vertex 6.25959 6.25959 4
    endloop
  endfacet
  facet normal -0.520591 0.574443 0.631665
    outer loop
      vertex 10.51 6.05078 4
      vertex 10.7339 6.25369 4
      vertex 9.57847 7.18588 2.2
    endloop
  endfacet
  facet normal 0.261191 -0.729922 0.631659
    outer loop
      vertex 7.84944 10.0706 2.2
      vertex 7.57199 11.529 4
      vertex 7.2875 11.4272 4
    endloop
  endfacet
  facet normal 0.113712 0.76685 0.631673
    outer loop
      vertex 8.16835 6.83266 2.2
      vertex 8.18944 5.34683 4
      vertex 8.33337 6.80819 2.2
    endloop
  endfacet
  facet normal 0.113835 0.76684 0.631663
    outer loop
      vertex 8.18944 5.34683 4
      vertex 8.16835 6.83266 2.2
      vertex 8.18075 5.34812 4
    endloop
  endfacet
  facet normal 0.700812 0.331448 0.631668
    outer loop
      vertex 5.57276 7.2875 4
      vertex 7.00073 7.69862 2.2
      vertex 6.9294 7.84944 2.2
    endloop
  endfacet
  facet normal 0.700965 0.33106 0.631702
    outer loop
      vertex 7.00073 7.69862 2.2
      vertex 5.57276 7.2875 4
      vertex 5.57651 7.27956 4
    endloop
  endfacet
  facet normal -0.520579 -0.574458 0.631661
    outer loop
      vertex 10.7339 10.7463 4
      vertex 10.51 10.9492 4
      vertex 9.57847 9.81412 2.2
    endloop
  endfacet
  facet normal 0.460154 -0.623863 0.631707
    outer loop
      vertex 6.73267 11.1292 4
      vertex 7.55553 9.9135 2.2
      vertex 6.73972 11.1344 4
    endloop
  endfacet
  facet normal 0.461807 -0.622682 0.631665
    outer loop
      vertex 7.55553 9.9135 2.2
      vertex 6.73267 11.1292 4
      vertex 7.42153 9.81412 2.2
    endloop
  endfacet
  facet normal -0.461814 0.622679 0.631664
    outer loop
      vertex 10.2673 5.87078 4
      vertex 10.51 6.05078 4
      vertex 9.57847 7.18588 2.2
    endloop
  endfacet
  facet normal -0.700793 0.331487 0.631669
    outer loop
      vertex 11.2943 7.00642 4
      vertex 11.4235 7.27956 4
      vertex 9.99927 7.69862 2.2
    endloop
  endfacet
  facet normal 0.331448 0.700812 0.631668
    outer loop
      vertex 7.69862 7.00073 2.2
      vertex 7.2875 5.57276 4
      vertex 7.84944 6.9294 2.2
    endloop
  endfacet
  facet normal 0.33106 0.700965 0.631702
    outer loop
      vertex 7.2875 5.57276 4
      vertex 7.69862 7.00073 2.2
      vertex 7.27956 5.57651 4
    endloop
  endfacet
  facet normal -0.752052 0.188211 0.63166
    outer loop
      vertex 10.1268 8.00652 2.2
      vertex 11.5341 7.58877 4
      vertex 10.1673 8.16835 2.2
    endloop
  endfacet
  facet normal -0.752712 0.185746 0.631604
    outer loop
      vertex 11.5341 7.58877 4
      vertex 10.1268 8.00652 2.2
      vertex 11.532 7.58026 4
    endloop
  endfacet
  facet normal 0.461811 0.622676 0.631669
    outer loop
      vertex 6.73267 5.87078 4
      vertex 7.42153 7.18588 2.2
      vertex 6.48997 6.05078 4
    endloop
  endfacet
  facet normal 0.774307 -0.0379649 0.63167
    outer loop
      vertex 5.3464 8.80179 4
      vertex 6.80819 8.66663 2.2
      vertex 5.34683 8.81056 4
    endloop
  endfacet
  facet normal 0.774301 -0.0380575 0.631672
    outer loop
      vertex 6.80819 8.66663 2.2
      vertex 5.3464 8.80179 4
      vertex 6.8 8.5 2.2
    endloop
  endfacet
  facet normal -0.574432 0.520602 0.631666
    outer loop
      vertex 10.7463 6.26609 4
      vertex 10.9492 6.48997 4
      vertex 9.81412 7.42153 2.2
    endloop
  endfacet
  facet normal 0.76684 0.113835 0.631663
    outer loop
      vertex 6.83266 8.16835 2.2
      vertex 5.34683 8.18944 4
      vertex 5.34812 8.18075 4
    endloop
  endfacet
  facet normal 0.76685 0.113712 0.631673
    outer loop
      vertex 5.34683 8.18944 4
      vertex 6.83266 8.16835 2.2
      vertex 6.80819 8.33337 2.2
    endloop
  endfacet
  facet normal -0.622332 -0.462304 0.631648
    outer loop
      vertex 11.1292 10.2673 4
      vertex 9.9135 9.44447 2.2
      vertex 11.1344 10.2603 4
    endloop
  endfacet
  facet normal -0.622685 -0.461809 0.631661
    outer loop
      vertex 9.9135 9.44447 2.2
      vertex 11.1292 10.2673 4
      vertex 9.81412 9.57847 2.2
    endloop
  endfacet
  facet normal -0.188232 0.752042 0.631665
    outer loop
      vertex 8.99348 6.8732 2.2
      vertex 9.41123 5.46588 4
      vertex 9.41974 5.46801 4
    endloop
  endfacet
  facet normal -0.188384 0.752001 0.631669
    outer loop
      vertex 9.41123 5.46588 4
      vertex 8.99348 6.8732 2.2
      vertex 8.83165 6.83266 2.2
    endloop
  endfacet
  facet normal -0.752016 0.188325 0.631669
    outer loop
      vertex 11.5341 7.58877 4
      vertex 11.6075 7.88187 4
      vertex 10.1673 8.16835 2.2
    endloop
  endfacet
  facet normal -0.331487 -0.700792 0.63167
    outer loop
      vertex 9.99358 11.2943 4
      vertex 9.72044 11.4235 4
      vertex 9.30137 9.99927 2.2
    endloop
  endfacet
  facet normal 0.729927 0.261153 0.631669
    outer loop
      vertex 5.46801 7.58026 4
      vertex 6.9294 7.84944 2.2
      vertex 6.8732 8.00652 2.2
    endloop
  endfacet
  facet normal 0.7299 0.261246 0.631662
    outer loop
      vertex 6.9294 7.84944 2.2
      vertex 5.46801 7.58026 4
      vertex 5.47097 7.57199 4
    endloop
  endfacet
  facet normal 0.774305 0.0380238 0.631669
    outer loop
      vertex 5.3464 8.19821 4
      vertex 6.8 8.5 2.2
      vertex 5.33158 8.5 4
    endloop
  endfacet
  facet normal 0.664945 0.398552 0.631668
    outer loop
      vertex 5.86104 6.74725 4
      vertex 7.00073 7.69862 2.2
      vertex 5.7057 7.00642 4
    endloop
  endfacet
  facet normal 0.185746 -0.752712 0.631604
    outer loop
      vertex 8.00652 10.1268 2.2
      vertex 7.58877 11.5341 4
      vertex 7.58026 11.532 4
    endloop
  endfacet
  facet normal 0.188211 -0.752052 0.63166
    outer loop
      vertex 7.58877 11.5341 4
      vertex 8.00652 10.1268 2.2
      vertex 8.16835 10.1673 2.2
    endloop
  endfacet
  facet normal 0.113765 0.766846 0.631668
    outer loop
      vertex 8.18075 5.34812 4
      vertex 8.16835 6.83266 2.2
      vertex 7.88187 5.39246 4
    endloop
  endfacet
  facet normal 0.188325 -0.752016 0.631669
    outer loop
      vertex 8.16835 10.1673 2.2
      vertex 7.88187 11.6075 4
      vertex 7.58877 11.5341 4
    endloop
  endfacet
  facet normal -0.700792 -0.331487 0.63167
    outer loop
      vertex 11.4235 9.72044 4
      vertex 11.2943 9.99358 4
      vertex 9.99927 9.30137 2.2
    endloop
  endfacet
  facet normal 0.62268 0.461805 0.631669
    outer loop
      vertex 7.0865 7.55553 2.2
      vertex 5.87078 6.73267 4
      vertex 7.18588 7.42153 2.2
    endloop
  endfacet
  facet normal 0.622621 0.461887 0.631667
    outer loop
      vertex 5.87078 6.73267 4
      vertex 7.0865 7.55553 2.2
      vertex 5.86555 6.73972 4
    endloop
  endfacet
  facet normal -0.461807 0.622683 0.631665
    outer loop
      vertex 9.44447 7.0865 2.2
      vertex 10.2673 5.87078 4
      vertex 9.57847 7.18588 2.2
    endloop
  endfacet
  facet normal -0.464038 0.621083 0.631604
    outer loop
      vertex 10.2673 5.87078 4
      vertex 9.44447 7.0865 2.2
      vertex 10.2603 5.86555 4
    endloop
  endfacet
  facet normal -0.521035 0.574022 0.631681
    outer loop
      vertex 9.70208 7.29792 2.2
      vertex 10.7339 6.25369 4
      vertex 10.7404 6.25959 4
    endloop
  endfacet
  facet normal -0.520634 0.574398 0.631669
    outer loop
      vertex 10.7339 6.25369 4
      vertex 9.70208 7.29792 2.2
      vertex 9.57847 7.18588 2.2
    endloop
  endfacet
  facet normal -0.774311 0.0379728 0.631665
    outer loop
      vertex 11.6536 8.19821 4
      vertex 11.6684 8.5 4
      vertex 10.2 8.5 2.2
    endloop
  endfacet
  facet normal 0.664933 0.39857 0.631669
    outer loop
      vertex 5.86104 6.74725 4
      vertex 7.0865 7.55553 2.2
      vertex 7.00073 7.69862 2.2
    endloop
  endfacet
  facet normal 0.665077 0.398339 0.631664
    outer loop
      vertex 7.0865 7.55553 2.2
      vertex 5.86104 6.74725 4
      vertex 5.86555 6.73972 4
    endloop
  endfacet
  facet normal -0.331466 0.700803 0.631669
    outer loop
      vertex 9.72044 5.57651 4
      vertex 9.99358 5.7057 4
      vertex 9.30137 7.00073 2.2
    endloop
  endfacet
  facet normal 0.700803 0.331467 0.631668
    outer loop
      vertex 5.7057 7.00642 4
      vertex 7.00073 7.69862 2.2
      vertex 5.57651 7.27956 4
    endloop
  endfacet
  facet normal 0.622676 0.461811 0.631669
    outer loop
      vertex 6.05078 6.48997 4
      vertex 7.18588 7.42153 2.2
      vertex 5.87078 6.73267 4
    endloop
  endfacet
  facet normal 0.666746 -0.395661 0.631587
    outer loop
      vertex 5.86104 10.2527 4
      vertex 7.0865 9.44447 2.2
      vertex 5.86555 10.2603 4
    endloop
  endfacet
  facet normal 0.66495 -0.398552 0.631662
    outer loop
      vertex 7.0865 9.44447 2.2
      vertex 5.86104 10.2527 4
      vertex 7.00073 9.30137 2.2
    endloop
  endfacet
  facet normal 0.729923 -0.261165 0.631668
    outer loop
      vertex 6.9294 9.15056 2.2
      vertex 5.57276 9.7125 4
      vertex 5.47097 9.42801 4
    endloop
  endfacet
  facet normal 0.261165 0.729923 0.631668
    outer loop
      vertex 7.57199 5.47097 4
      vertex 7.84944 6.9294 2.2
      vertex 7.2875 5.57276 4
    endloop
  endfacet
  facet normal 0.261153 0.729927 0.631669
    outer loop
      vertex 7.84944 6.9294 2.2
      vertex 7.58026 5.46801 4
      vertex 8.00652 6.8732 2.2
    endloop
  endfacet
  facet normal 0.261246 0.7299 0.631662
    outer loop
      vertex 7.58026 5.46801 4
      vertex 7.84944 6.9294 2.2
      vertex 7.57199 5.47097 4
    endloop
  endfacet
  facet normal -0.729922 -0.261191 0.631659
    outer loop
      vertex 11.529 9.42801 4
      vertex 11.4272 9.7125 4
      vertex 10.0706 9.15056 2.2
    endloop
  endfacet
  facet normal 0.113915 -0.766821 0.631672
    outer loop
      vertex 8.16835 10.1673 2.2
      vertex 8.18075 11.6519 4
      vertex 7.88187 11.6075 4
    endloop
  endfacet
  facet normal -0.0381037 -0.774296 0.631675
    outer loop
      vertex 8.66663 10.1918 2.2
      vertex 8.80179 11.6536 4
      vertex 8.5 10.2 2.2
    endloop
  endfacet
  facet normal -0.035324 -0.774478 0.631614
    outer loop
      vertex 8.80179 11.6536 4
      vertex 8.66663 10.1918 2.2
      vertex 8.81056 11.6532 4
    endloop
  endfacet
  facet normal -0.398608 0.664912 0.631667
    outer loop
      vertex 9.99358 5.7057 4
      vertex 10.2527 5.86104 4
      vertex 9.30137 7.00073 2.2
    endloop
  endfacet
  facet normal -0.113761 0.766847 0.631668
    outer loop
      vertex 9.11813 5.39246 4
      vertex 8.83165 6.83266 2.2
      vertex 8.81924 5.34812 4
    endloop
  endfacet
  facet normal -0.188325 -0.752016 0.631669
    outer loop
      vertex 9.41123 11.5341 4
      vertex 9.11813 11.6075 4
      vertex 8.83165 10.1673 2.2
    endloop
  endfacet
  facet normal 0.188373 0.752005 0.631668
    outer loop
      vertex 7.88187 5.39246 4
      vertex 8.16835 6.83266 2.2
      vertex 7.58877 5.46588 4
    endloop
  endfacet
  facet normal -0.766824 0.113848 0.63168
    outer loop
      vertex 10.1673 8.16835 2.2
      vertex 11.6532 8.18944 4
      vertex 10.1918 8.33337 2.2
    endloop
  endfacet
  facet normal -0.766753 0.114704 0.631611
    outer loop
      vertex 11.6532 8.18944 4
      vertex 10.1673 8.16835 2.2
      vertex 11.6519 8.18075 4
    endloop
  endfacet
  facet normal 0.0379728 -0.774311 0.631665
    outer loop
      vertex 8.5 10.2 2.2
      vertex 8.5 11.6684 4
      vertex 8.19821 11.6536 4
    endloop
  endfacet
  facet normal 0.398552 0.664945 0.631668
    outer loop
      vertex 7.00642 5.7057 4
      vertex 7.69862 7.00073 2.2
      vertex 6.74725 5.86104 4
    endloop
  endfacet
  facet normal -0.113848 -0.766824 0.63168
    outer loop
      vertex 8.83165 10.1673 2.2
      vertex 8.81056 11.6532 4
      vertex 8.66663 10.1918 2.2
    endloop
  endfacet
  facet normal -0.114835 -0.766742 0.6316
    outer loop
      vertex 8.81056 11.6532 4
      vertex 8.83165 10.1673 2.2
      vertex 8.81924 11.6519 4
    endloop
  endfacet
  facet normal -0.766821 0.113915 0.631672
    outer loop
      vertex 11.6075 7.88187 4
      vertex 11.6519 8.18075 4
      vertex 10.1673 8.16835 2.2
    endloop
  endfacet
  facet normal -0.261246 0.7299 0.631662
    outer loop
      vertex 9.15056 6.9294 2.2
      vertex 9.41974 5.46801 4
      vertex 9.42801 5.47097 4
    endloop
  endfacet
  facet normal -0.261153 0.729927 0.631669
    outer loop
      vertex 9.41974 5.46801 4
      vertex 9.15056 6.9294 2.2
      vertex 8.99348 6.8732 2.2
    endloop
  endfacet
  facet normal 0.520602 -0.574432 0.631666
    outer loop
      vertex 7.42153 9.81412 2.2
      vertex 6.48997 10.9492 4
      vertex 6.26609 10.7463 4
    endloop
  endfacet
  facet normal 0.461813 -0.622678 0.631665
    outer loop
      vertex 7.42153 9.81412 2.2
      vertex 6.73267 11.1292 4
      vertex 6.48997 10.9492 4
    endloop
  endfacet
  facet normal -0.395661 0.666746 0.631587
    outer loop
      vertex 9.44447 7.0865 2.2
      vertex 10.2527 5.86104 4
      vertex 10.2603 5.86555 4
    endloop
  endfacet
  facet normal -0.398552 0.66495 0.631662
    outer loop
      vertex 10.2527 5.86104 4
      vertex 9.44447 7.0865 2.2
      vertex 9.30137 7.00073 2.2
    endloop
  endfacet
  facet normal -0.774296 0.0381037 0.631675
    outer loop
      vertex 10.1918 8.33337 2.2
      vertex 11.6536 8.19821 4
      vertex 10.2 8.5 2.2
    endloop
  endfacet
  facet normal -0.774478 0.035324 0.631614
    outer loop
      vertex 11.6536 8.19821 4
      vertex 10.1918 8.33337 2.2
      vertex 11.6532 8.18944 4
    endloop
  endfacet
  facet normal 0.752042 -0.188232 0.631665
    outer loop
      vertex 5.46588 9.41123 4
      vertex 6.8732 8.99348 2.2
      vertex 5.46801 9.41974 4
    endloop
  endfacet
  facet normal 0.752001 -0.188384 0.631669
    outer loop
      vertex 6.8732 8.99348 2.2
      vertex 5.46588 9.41123 4
      vertex 6.83266 8.83165 2.2
    endloop
  endfacet
  facet normal -0.261191 -0.729922 0.631659
    outer loop
      vertex 9.7125 11.4272 4
      vertex 9.42801 11.529 4
      vertex 9.15056 10.0706 2.2
    endloop
  endfacet
  facet normal -0.33106 0.700964 0.631703
    outer loop
      vertex 9.30137 7.00073 2.2
      vertex 9.7125 5.57276 4
      vertex 9.72044 5.57651 4
    endloop
  endfacet
  facet normal -0.331466 0.700804 0.631668
    outer loop
      vertex 9.7125 5.57276 4
      vertex 9.30137 7.00073 2.2
      vertex 9.15056 6.9294 2.2
    endloop
  endfacet
  facet normal -0.574458 -0.520579 0.631661
    outer loop
      vertex 10.9492 10.51 4
      vertex 10.7463 10.7339 4
      vertex 9.81412 9.57847 2.2
    endloop
  endfacet
  facet normal -0.331469 -0.700811 0.631659
    outer loop
      vertex 9.30137 9.99927 2.2
      vertex 9.7125 11.4272 4
      vertex 9.15056 10.0706 2.2
    endloop
  endfacet
  facet normal -0.327333 -0.702439 0.632006
    outer loop
      vertex 9.7125 11.4272 4
      vertex 9.30137 9.99927 2.2
      vertex 9.72044 11.4235 4
    endloop
  endfacet
  facet normal 0.766846 0.113765 0.631668
    outer loop
      vertex 5.39246 7.88187 4
      vertex 6.83266 8.16835 2.2
      vertex 5.34812 8.18075 4
    endloop
  endfacet
  facet normal 0.331467 0.700803 0.631668
    outer loop
      vertex 7.27956 5.57651 4
      vertex 7.69862 7.00073 2.2
      vertex 7.00642 5.7057 4
    endloop
  endfacet
  facet normal -0.398548 -0.664944 0.631671
    outer loop
      vertex 9.44447 9.9135 2.2
      vertex 10.2527 11.139 4
      vertex 9.30137 9.99927 2.2
    endloop
  endfacet
  facet normal -0.401391 -0.663168 0.631738
    outer loop
      vertex 10.2527 11.139 4
      vertex 9.44447 9.9135 2.2
      vertex 10.2603 11.1344 4
    endloop
  endfacet
  facet normal 0.327334 -0.70244 0.632005
    outer loop
      vertex 7.69862 9.99927 2.2
      vertex 7.2875 11.4272 4
      vertex 7.27956 11.4235 4
    endloop
  endfacet
  facet normal 0.331451 -0.700819 0.631659
    outer loop
      vertex 7.2875 11.4272 4
      vertex 7.69862 9.99927 2.2
      vertex 7.84944 10.0706 2.2
    endloop
  endfacet
  facet normal 0.7299 -0.261246 0.631662
    outer loop
      vertex 5.46801 9.41974 4
      vertex 6.9294 9.15056 2.2
      vertex 5.47097 9.42801 4
    endloop
  endfacet
  facet normal 0.729927 -0.261153 0.631669
    outer loop
      vertex 6.9294 9.15056 2.2
      vertex 5.46801 9.41974 4
      vertex 6.8732 8.99348 2.2
    endloop
  endfacet
  facet normal -0.702439 -0.327333 0.632006
    outer loop
      vertex 9.99927 9.30137 2.2
      vertex 11.4272 9.7125 4
      vertex 11.4235 9.72044 4
    endloop
  endfacet
  facet normal -0.700811 -0.331469 0.631659
    outer loop
      vertex 11.4272 9.7125 4
      vertex 9.99927 9.30137 2.2
      vertex 10.0706 9.15056 2.2
    endloop
  endfacet
  facet normal -0.664989 0.398475 0.63167
    outer loop
      vertex 11.139 6.74725 4
      vertex 11.2943 7.00642 4
      vertex 9.99927 7.69862 2.2
    endloop
  endfacet
  facet normal 0.752005 -0.188373 0.631668
    outer loop
      vertex 6.83266 8.83165 2.2
      vertex 5.46588 9.41123 4
      vertex 5.39246 9.11813 4
    endloop
  endfacet
  facet normal 0.664912 -0.398608 0.631667
    outer loop
      vertex 7.00073 9.30137 2.2
      vertex 5.86104 10.2527 4
      vertex 5.7057 9.99358 4
    endloop
  endfacet
  facet normal -0.462304 -0.622332 0.631648
    outer loop
      vertex 9.44447 9.9135 2.2
      vertex 10.2673 11.1292 4
      vertex 10.2603 11.1344 4
    endloop
  endfacet
  facet normal -0.461809 -0.622685 0.631661
    outer loop
      vertex 10.2673 11.1292 4
      vertex 9.44447 9.9135 2.2
      vertex 9.57847 9.81412 2.2
    endloop
  endfacet
  facet normal -0.574399 0.520634 0.631669
    outer loop
      vertex 9.70208 7.29792 2.2
      vertex 10.7463 6.26609 4
      vertex 9.81412 7.42153 2.2
    endloop
  endfacet
  facet normal -0.574022 0.521035 0.631681
    outer loop
      vertex 10.7463 6.26609 4
      vertex 9.70208 7.29792 2.2
      vertex 10.7404 6.25959 4
    endloop
  endfacet
  facet normal -0.261165 0.729923 0.631668
    outer loop
      vertex 9.42801 5.47097 4
      vertex 9.7125 5.57276 4
      vertex 9.15056 6.9294 2.2
    endloop
  endfacet
  facet normal 0.461805 0.62268 0.631669
    outer loop
      vertex 6.73267 5.87078 4
      vertex 7.55553 7.0865 2.2
      vertex 7.42153 7.18588 2.2
    endloop
  endfacet
  facet normal 0.461887 0.622621 0.631667
    outer loop
      vertex 7.55553 7.0865 2.2
      vertex 6.73267 5.87078 4
      vertex 6.73972 5.86555 4
    endloop
  endfacet
  facet normal -0.623863 0.460154 0.631707
    outer loop
      vertex 9.9135 7.55553 2.2
      vertex 11.1292 6.73267 4
      vertex 11.1344 6.73972 4
    endloop
  endfacet
  facet normal -0.622682 0.461807 0.631665
    outer loop
      vertex 11.1292 6.73267 4
      vertex 9.9135 7.55553 2.2
      vertex 9.81412 7.42153 2.2
    endloop
  endfacet
  facet normal -0.700819 0.331451 0.631659
    outer loop
      vertex 9.99927 7.69862 2.2
      vertex 11.4272 7.2875 4
      vertex 10.0706 7.84944 2.2
    endloop
  endfacet
  facet normal -0.70244 0.327334 0.632005
    outer loop
      vertex 11.4272 7.2875 4
      vertex 9.99927 7.69862 2.2
      vertex 11.4235 7.27956 4
    endloop
  endfacet
  facet normal -0.0380238 0.774305 0.631669
    outer loop
      vertex 8.80179 5.3464 4
      vertex 8.5 6.8 2.2
      vertex 8.5 5.33158 4
    endloop
  endfacet
  facet normal 0.0380575 0.774301 0.631672
    outer loop
      vertex 8.33337 6.80819 2.2
      vertex 8.19821 5.3464 4
      vertex 8.5 6.8 2.2
    endloop
  endfacet
  facet normal 0.0379649 0.774307 0.63167
    outer loop
      vertex 8.19821 5.3464 4
      vertex 8.33337 6.80819 2.2
      vertex 8.18944 5.34683 4
    endloop
  endfacet
  facet normal -0.188373 0.752005 0.631668
    outer loop
      vertex 9.11813 5.39246 4
      vertex 9.41123 5.46588 4
      vertex 8.83165 6.83266 2.2
    endloop
  endfacet
  facet normal 0.766829 -0.113964 0.631653
    outer loop
      vertex 5.34683 8.81056 4
      vertex 6.83266 8.83165 2.2
      vertex 5.34812 8.81924 4
    endloop
  endfacet
  facet normal 0.76685 -0.113712 0.631673
    outer loop
      vertex 6.83266 8.83165 2.2
      vertex 5.34683 8.81056 4
      vertex 6.80819 8.66663 2.2
    endloop
  endfacet
  facet normal 0.0380238 0.774305 0.631669
    outer loop
      vertex 8.5 5.33158 4
      vertex 8.5 6.8 2.2
      vertex 8.19821 5.3464 4
    endloop
  endfacet
  facet normal 0.700964 -0.33106 0.631703
    outer loop
      vertex 5.57276 9.7125 4
      vertex 7.00073 9.30137 2.2
      vertex 5.57651 9.72044 4
    endloop
  endfacet
  facet normal 0.700804 -0.331466 0.631668
    outer loop
      vertex 7.00073 9.30137 2.2
      vertex 5.57276 9.7125 4
      vertex 6.9294 9.15056 2.2
    endloop
  endfacet
  facet normal 0.188384 0.752001 0.631669
    outer loop
      vertex 8.00652 6.8732 2.2
      vertex 7.58877 5.46588 4
      vertex 8.16835 6.83266 2.2
    endloop
  endfacet
  facet normal 0.188232 0.752042 0.631665
    outer loop
      vertex 7.58877 5.46588 4
      vertex 8.00652 6.8732 2.2
      vertex 7.58026 5.46801 4
    endloop
  endfacet
  facet normal -0.0379728 -0.774311 0.631665
    outer loop
      vertex 8.80179 11.6536 4
      vertex 8.5 11.6684 4
      vertex 8.5 10.2 2.2
    endloop
  endfacet
  facet normal 0.574022 -0.521035 0.631681
    outer loop
      vertex 6.25369 10.7339 4
      vertex 7.29792 9.70208 2.2
      vertex 6.25959 10.7404 4
    endloop
  endfacet
  facet normal 0.574398 -0.520634 0.631669
    outer loop
      vertex 7.29792 9.70208 2.2
      vertex 6.25369 10.7339 4
      vertex 7.18588 9.57847 2.2
    endloop
  endfacet
  facet normal -0.622678 0.461813 0.631665
    outer loop
      vertex 10.9492 6.48997 4
      vertex 11.1292 6.73267 4
      vertex 9.81412 7.42153 2.2
    endloop
  endfacet
  facet normal -0.0379649 0.774307 0.63167
    outer loop
      vertex 8.66663 6.80819 2.2
      vertex 8.80179 5.3464 4
      vertex 8.81056 5.34683 4
    endloop
  endfacet
  facet normal -0.0380575 0.774301 0.631672
    outer loop
      vertex 8.80179 5.3464 4
      vertex 8.66663 6.80819 2.2
      vertex 8.5 6.8 2.2
    endloop
  endfacet
  facet normal -0.261152 -0.729925 0.631672
    outer loop
      vertex 9.15056 10.0706 2.2
      vertex 9.41974 11.532 4
      vertex 8.99348 10.1268 2.2
    endloop
  endfacet
  facet normal -0.264442 -0.728979 0.631396
    outer loop
      vertex 9.41974 11.532 4
      vertex 9.15056 10.0706 2.2
      vertex 9.42801 11.529 4
    endloop
  endfacet
  facet normal -0.113911 -0.766821 0.631672
    outer loop
      vertex 8.83165 10.1673 2.2
      vertex 9.11813 11.6075 4
      vertex 8.81924 11.6519 4
    endloop
  endfacet
  facet normal -0.188211 -0.752052 0.63166
    outer loop
      vertex 8.99348 10.1268 2.2
      vertex 9.41123 11.5341 4
      vertex 8.83165 10.1673 2.2
    endloop
  endfacet
  facet normal -0.185746 -0.752712 0.631604
    outer loop
      vertex 9.41123 11.5341 4
      vertex 8.99348 10.1268 2.2
      vertex 9.41974 11.532 4
    endloop
  endfacet
  facet normal -0.664956 -0.398532 0.63167
    outer loop
      vertex 11.2943 9.99358 4
      vertex 11.139 10.2527 4
      vertex 9.99927 9.30137 2.2
    endloop
  endfacet
  facet normal -0.752016 -0.188325 0.631669
    outer loop
      vertex 11.6075 9.11813 4
      vertex 11.5341 9.41123 4
      vertex 10.1673 8.83165 2.2
    endloop
  endfacet
  facet normal 0.39857 0.664933 0.631669
    outer loop
      vertex 7.55553 7.0865 2.2
      vertex 6.74725 5.86104 4
      vertex 7.69862 7.00073 2.2
    endloop
  endfacet
  facet normal 0.398339 0.665077 0.631664
    outer loop
      vertex 6.74725 5.86104 4
      vertex 7.55553 7.0865 2.2
      vertex 6.73972 5.86555 4
    endloop
  endfacet
  facet normal 0.766847 -0.113761 0.631668
    outer loop
      vertex 6.83266 8.83165 2.2
      vertex 5.39246 9.11813 4
      vertex 5.34812 8.81924 4
    endloop
  endfacet
  facet normal 0.700803 -0.331466 0.631669
    outer loop
      vertex 7.00073 9.30137 2.2
      vertex 5.7057 9.99358 4
      vertex 5.57651 9.72044 4
    endloop
  endfacet
  facet normal -0.766821 -0.113911 0.631672
    outer loop
      vertex 11.6519 8.81924 4
      vertex 11.6075 9.11813 4
      vertex 10.1673 8.83165 2.2
    endloop
  endfacet
  facet normal -0.766742 -0.114835 0.6316
    outer loop
      vertex 10.1673 8.83165 2.2
      vertex 11.6532 8.81056 4
      vertex 11.6519 8.81924 4
    endloop
  endfacet
  facet normal -0.766824 -0.113848 0.63168
    outer loop
      vertex 11.6532 8.81056 4
      vertex 10.1673 8.83165 2.2
      vertex 10.1918 8.66663 2.2
    endloop
  endfacet
  facet normal 0.752001 0.188384 0.631669
    outer loop
      vertex 5.46588 7.58877 4
      vertex 6.8732 8.00652 2.2
      vertex 6.83266 8.16835 2.2
    endloop
  endfacet
  facet normal 0.752042 0.188232 0.631665
    outer loop
      vertex 6.8732 8.00652 2.2
      vertex 5.46588 7.58877 4
      vertex 5.46801 7.58026 4
    endloop
  endfacet
  facet normal 0.752005 0.188373 0.631668
    outer loop
      vertex 5.46588 7.58877 4
      vertex 6.83266 8.16835 2.2
      vertex 5.39246 7.88187 4
    endloop
  endfacet
  facet normal 0.520634 -0.574399 0.631669
    outer loop
      vertex 6.26609 10.7463 4
      vertex 7.29792 9.70208 2.2
      vertex 7.42153 9.81412 2.2
    endloop
  endfacet
  facet normal 0.521035 -0.574022 0.631681
    outer loop
      vertex 7.29792 9.70208 2.2
      vertex 6.26609 10.7463 4
      vertex 6.25959 10.7404 4
    endloop
  endfacet
  facet normal 0.114704 -0.766753 0.631611
    outer loop
      vertex 8.16835 10.1673 2.2
      vertex 8.18944 11.6532 4
      vertex 8.18075 11.6519 4
    endloop
  endfacet
  facet normal 0.113848 -0.766824 0.63168
    outer loop
      vertex 8.18944 11.6532 4
      vertex 8.16835 10.1673 2.2
      vertex 8.33337 10.1918 2.2
    endloop
  endfacet
  facet normal -0.521036 -0.574023 0.631679
    outer loop
      vertex 10.7339 10.7463 4
      vertex 9.70208 9.70208 2.2
      vertex 10.7404 10.7404 4
    endloop
  endfacet
  facet normal -0.520635 -0.5744 0.631668
    outer loop
      vertex 9.70208 9.70208 2.2
      vertex 10.7339 10.7463 4
      vertex 9.57847 9.81412 2.2
    endloop
  endfacet
  facet normal 0.264442 -0.728979 0.631396
    outer loop
      vertex 7.84944 10.0706 2.2
      vertex 7.58026 11.532 4
      vertex 7.57199 11.529 4
    endloop
  endfacet
  facet normal 0.261152 -0.729925 0.631672
    outer loop
      vertex 7.58026 11.532 4
      vertex 7.84944 10.0706 2.2
      vertex 8.00652 10.1268 2.2
    endloop
  endfacet
  facet normal 0.404085 -0.661469 0.631802
    outer loop
      vertex 7.55553 9.9135 2.2
      vertex 6.74725 11.139 4
      vertex 6.73972 11.1344 4
    endloop
  endfacet
  facet normal 0.398566 -0.664927 0.631678
    outer loop
      vertex 6.74725 11.139 4
      vertex 7.55553 9.9135 2.2
      vertex 7.69862 9.99927 2.2
    endloop
  endfacet
  facet normal -0.113964 0.766829 0.631653
    outer loop
      vertex 8.83165 6.83266 2.2
      vertex 8.81056 5.34683 4
      vertex 8.81924 5.34812 4
    endloop
  endfacet
  facet normal -0.113712 0.76685 0.631673
    outer loop
      vertex 8.81056 5.34683 4
      vertex 8.83165 6.83266 2.2
      vertex 8.66663 6.80819 2.2
    endloop
  endfacet
  facet normal 0.774301 0.0380575 0.631672
    outer loop
      vertex 5.3464 8.19821 4
      vertex 6.80819 8.33337 2.2
      vertex 6.8 8.5 2.2
    endloop
  endfacet
  facet normal 0.774307 0.0379649 0.63167
    outer loop
      vertex 6.80819 8.33337 2.2
      vertex 5.3464 8.19821 4
      vertex 5.34683 8.18944 4
    endloop
  endfacet
  facet normal 0.398475 -0.664989 0.63167
    outer loop
      vertex 7.69862 9.99927 2.2
      vertex 7.00642 11.2943 4
      vertex 6.74725 11.139 4
    endloop
  endfacet
  facet normal -0.574023 -0.521036 0.631679
    outer loop
      vertex 9.70208 9.70208 2.2
      vertex 10.7463 10.7339 4
      vertex 10.7404 10.7404 4
    endloop
  endfacet
  facet normal -0.5744 -0.520635 0.631668
    outer loop
      vertex 10.7463 10.7339 4
      vertex 9.70208 9.70208 2.2
      vertex 9.81412 9.57847 2.2
    endloop
  endfacet
  facet normal 0.774305 -0.0380238 0.631669
    outer loop
      vertex 6.8 8.5 2.2
      vertex 5.3464 8.80179 4
      vertex 5.33158 8.5 4
    endloop
  endfacet
  facet normal -0.663168 -0.401391 0.631738
    outer loop
      vertex 9.9135 9.44447 2.2
      vertex 11.139 10.2527 4
      vertex 11.1344 10.2603 4
    endloop
  endfacet
  facet normal -0.664944 -0.398548 0.631671
    outer loop
      vertex 11.139 10.2527 4
      vertex 9.9135 9.44447 2.2
      vertex 9.99927 9.30137 2.2
    endloop
  endfacet
  facet normal -0.728979 -0.264442 0.631396
    outer loop
      vertex 10.0706 9.15056 2.2
      vertex 11.532 9.41974 4
      vertex 11.529 9.42801 4
    endloop
  endfacet
  facet normal -0.729925 -0.261152 0.631672
    outer loop
      vertex 11.532 9.41974 4
      vertex 10.0706 9.15056 2.2
      vertex 10.1268 8.99348 2.2
    endloop
  endfacet
  facet normal -0.752712 -0.185746 0.631604
    outer loop
      vertex 10.1268 8.99348 2.2
      vertex 11.5341 9.41123 4
      vertex 11.532 9.41974 4
    endloop
  endfacet
  facet normal -0.752052 -0.188211 0.63166
    outer loop
      vertex 11.5341 9.41123 4
      vertex 10.1268 8.99348 2.2
      vertex 10.1673 8.83165 2.2
    endloop
  endfacet
  facet normal 0.902429 -0.430839 0
    outer loop
      vertex 289.929 9.15056 2.2
      vertex 290.001 9.30137 0
      vertex 290.001 9.30137 2.2
    endloop
  endfacet
  facet normal 0.902429 -0.430839 0
    outer loop
      vertex 290.001 9.30137 0
      vertex 289.929 9.15056 2.2
      vertex 289.929 9.15056 0
    endloop
  endfacet
  facet normal -0.988718 -0.149788 0
    outer loop
      vertex 293.192 8.66663 0
      vertex 293.167 8.83165 2.2
      vertex 293.167 8.83165 0
    endloop
  endfacet
  facet normal -0.988718 -0.149788 0
    outer loop
      vertex 293.167 8.83165 2.2
      vertex 293.192 8.66663 0
      vertex 293.192 8.66663 2.2
    endloop
  endfacet
  facet normal -0.998849 -0.0479553 0
    outer loop
      vertex 293.2 8.5 0
      vertex 293.192 8.66663 2.2
      vertex 293.192 8.66663 0
    endloop
  endfacet
  facet normal -0.998849 -0.0479553 0
    outer loop
      vertex 293.192 8.66663 2.2
      vertex 293.2 8.5 0
      vertex 293.2 8.5 2.2
    endloop
  endfacet
  facet normal -0.970785 -0.239952 0
    outer loop
      vertex 293.167 8.83165 0
      vertex 293.127 8.99348 2.2
      vertex 293.127 8.99348 0
    endloop
  endfacet
  facet normal -0.970785 -0.239952 0
    outer loop
      vertex 293.127 8.99348 2.2
      vertex 293.167 8.83165 0
      vertex 293.167 8.83165 2.2
    endloop
  endfacet
  facet normal -0.146875 -0.989155 0
    outer loop
      vertex 291.667 10.1918 0
      vertex 291.832 10.1673 2.2
      vertex 291.667 10.1918 2.2
    endloop
  endfacet
  facet normal -0.146875 -0.989155 -0
    outer loop
      vertex 291.832 10.1673 2.2
      vertex 291.667 10.1918 0
      vertex 291.832 10.1673 0
    endloop
  endfacet
  facet normal 0.146875 -0.989155 0
    outer loop
      vertex 291.168 10.1673 0
      vertex 291.333 10.1918 2.2
      vertex 291.168 10.1673 2.2
    endloop
  endfacet
  facet normal 0.146875 -0.989155 0
    outer loop
      vertex 291.333 10.1918 2.2
      vertex 291.168 10.1673 0
      vertex 291.333 10.1918 0
    endloop
  endfacet
  facet normal -0.801433 -0.598084 0
    outer loop
      vertex 292.914 9.44447 0
      vertex 292.814 9.57847 2.2
      vertex 292.814 9.57847 0
    endloop
  endfacet
  facet normal -0.801433 -0.598084 0
    outer loop
      vertex 292.814 9.57847 2.2
      vertex 292.914 9.44447 0
      vertex 292.914 9.44447 2.2
    endloop
  endfacet
  facet normal -0.514363 0.857572 0
    outer loop
      vertex 292.444 7.0865 0
      vertex 292.301 7.00073 2.2
      vertex 292.444 7.0865 2.2
    endloop
  endfacet
  facet normal -0.514363 0.857572 0
    outer loop
      vertex 292.301 7.00073 2.2
      vertex 292.444 7.0865 0
      vertex 292.301 7.00073 0
    endloop
  endfacet
  facet normal -0.595695 -0.803211 0
    outer loop
      vertex 292.444 9.9135 0
      vertex 292.578 9.81412 2.2
      vertex 292.444 9.9135 2.2
    endloop
  endfacet
  facet normal -0.595695 -0.803211 -0
    outer loop
      vertex 292.578 9.81412 2.2
      vertex 292.444 9.9135 0
      vertex 292.578 9.81412 0
    endloop
  endfacet
  facet normal -0.998849 0.0479553 0
    outer loop
      vertex 293.192 8.33337 0
      vertex 293.2 8.5 2.2
      vertex 293.2 8.5 0
    endloop
  endfacet
  facet normal -0.998849 0.0479553 0
    outer loop
      vertex 293.2 8.5 2.2
      vertex 293.192 8.33337 0
      vertex 293.192 8.33337 2.2
    endloop
  endfacet
  facet normal 0.243953 -0.969787 0
    outer loop
      vertex 291.007 10.1268 0
      vertex 291.168 10.1673 2.2
      vertex 291.007 10.1268 2.2
    endloop
  endfacet
  facet normal 0.243953 -0.969787 0
    outer loop
      vertex 291.168 10.1673 2.2
      vertex 291.007 10.1268 0
      vertex 291.168 10.1673 0
    endloop
  endfacet
  facet normal 0.801433 -0.598084 0
    outer loop
      vertex 290.086 9.44447 2.2
      vertex 290.186 9.57847 0
      vertex 290.186 9.57847 2.2
    endloop
  endfacet
  facet normal 0.801433 -0.598084 0
    outer loop
      vertex 290.186 9.57847 0
      vertex 290.086 9.44447 2.2
      vertex 290.086 9.44447 0
    endloop
  endfacet
  facet normal 0.42945 0.903091 -0
    outer loop
      vertex 290.849 6.9294 0
      vertex 290.699 7.00073 2.2
      vertex 290.849 6.9294 2.2
    endloop
  endfacet
  facet normal 0.42945 0.903091 0
    outer loop
      vertex 290.699 7.00073 2.2
      vertex 290.849 6.9294 0
      vertex 290.699 7.00073 0
    endloop
  endfacet
  facet normal -0.42945 -0.903091 0
    outer loop
      vertex 292.151 10.0706 0
      vertex 292.301 9.99927 2.2
      vertex 292.151 10.0706 2.2
    endloop
  endfacet
  facet normal -0.42945 -0.903091 -0
    outer loop
      vertex 292.301 9.99927 2.2
      vertex 292.151 10.0706 0
      vertex 292.301 9.99927 0
    endloop
  endfacet
  facet normal 0.988718 0.149788 0
    outer loop
      vertex 289.833 8.16835 2.2
      vertex 289.808 8.33337 0
      vertex 289.808 8.33337 2.2
    endloop
  endfacet
  facet normal 0.988718 0.149788 0
    outer loop
      vertex 289.808 8.33337 0
      vertex 289.833 8.16835 2.2
      vertex 289.833 8.16835 0
    endloop
  endfacet
  facet normal -0.670418 0.741984 0
    outer loop
      vertex 292.702 7.29792 0
      vertex 292.578 7.18588 2.2
      vertex 292.702 7.29792 2.2
    endloop
  endfacet
  facet normal -0.670418 0.741984 0
    outer loop
      vertex 292.578 7.18588 2.2
      vertex 292.702 7.29792 0
      vertex 292.578 7.18588 0
    endloop
  endfacet
  facet normal 0.42945 -0.903091 0
    outer loop
      vertex 290.699 9.99927 0
      vertex 290.849 10.0706 2.2
      vertex 290.699 9.99927 2.2
    endloop
  endfacet
  facet normal 0.42945 -0.903091 0
    outer loop
      vertex 290.849 10.0706 2.2
      vertex 290.699 9.99927 0
      vertex 290.849 10.0706 0
    endloop
  endfacet
  facet normal -0.970785 0.239952 0
    outer loop
      vertex 293.127 8.00652 0
      vertex 293.167 8.16835 2.2
      vertex 293.167 8.16835 0
    endloop
  endfacet
  facet normal -0.970785 0.239952 0
    outer loop
      vertex 293.167 8.16835 2.2
      vertex 293.127 8.00652 0
      vertex 293.127 8.00652 2.2
    endloop
  endfacet
  facet normal -0.244179 0.96973 0
    outer loop
      vertex 291.993 6.8732 0
      vertex 291.832 6.83266 2.2
      vertex 291.993 6.8732 2.2
    endloop
  endfacet
  facet normal -0.244179 0.96973 0
    outer loop
      vertex 291.832 6.83266 2.2
      vertex 291.993 6.8732 0
      vertex 291.832 6.83266 0
    endloop
  endfacet
  facet normal 0.988718 -0.149788 0
    outer loop
      vertex 289.808 8.66663 2.2
      vertex 289.833 8.83165 0
      vertex 289.833 8.83165 2.2
    endloop
  endfacet
  facet normal 0.988718 -0.149788 0
    outer loop
      vertex 289.833 8.83165 0
      vertex 289.808 8.66663 2.2
      vertex 289.808 8.66663 0
    endloop
  endfacet
  facet normal -0.941932 -0.335805 0
    outer loop
      vertex 293.127 8.99348 0
      vertex 293.071 9.15056 2.2
      vertex 293.071 9.15056 0
    endloop
  endfacet
  facet normal -0.941932 -0.335805 0
    outer loop
      vertex 293.071 9.15056 2.2
      vertex 293.127 8.99348 0
      vertex 293.127 8.99348 2.2
    endloop
  endfacet
  facet normal 0.514363 0.857572 -0
    outer loop
      vertex 290.699 7.00073 0
      vertex 290.556 7.0865 2.2
      vertex 290.699 7.00073 2.2
    endloop
  endfacet
  facet normal 0.514363 0.857572 0
    outer loop
      vertex 290.556 7.0865 2.2
      vertex 290.699 7.00073 0
      vertex 290.556 7.0865 0
    endloop
  endfacet
  facet normal 0.970785 -0.239952 0
    outer loop
      vertex 289.833 8.83165 2.2
      vertex 289.873 8.99348 0
      vertex 289.873 8.99348 2.2
    endloop
  endfacet
  facet normal 0.970785 -0.239952 0
    outer loop
      vertex 289.873 8.99348 0
      vertex 289.833 8.83165 2.2
      vertex 289.833 8.83165 0
    endloop
  endfacet
  facet normal -0.801433 0.598084 0
    outer loop
      vertex 292.814 7.42153 0
      vertex 292.914 7.55553 2.2
      vertex 292.914 7.55553 0
    endloop
  endfacet
  facet normal -0.801433 0.598084 0
    outer loop
      vertex 292.914 7.55553 2.2
      vertex 292.814 7.42153 0
      vertex 292.814 7.42153 2.2
    endloop
  endfacet
  facet normal 0.595695 0.803211 -0
    outer loop
      vertex 290.556 7.0865 0
      vertex 290.422 7.18588 2.2
      vertex 290.556 7.0865 2.2
    endloop
  endfacet
  facet normal 0.595695 0.803211 0
    outer loop
      vertex 290.422 7.18588 2.2
      vertex 290.556 7.0865 0
      vertex 290.422 7.18588 0
    endloop
  endfacet
  facet normal 0.335127 0.942173 -0
    outer loop
      vertex 291.007 6.8732 0
      vertex 290.849 6.9294 2.2
      vertex 291.007 6.8732 2.2
    endloop
  endfacet
  facet normal 0.335127 0.942173 0
    outer loop
      vertex 290.849 6.9294 2.2
      vertex 291.007 6.8732 0
      vertex 290.849 6.9294 0
    endloop
  endfacet
  facet normal -0.335127 -0.942173 0
    outer loop
      vertex 291.993 10.1268 0
      vertex 292.151 10.0706 2.2
      vertex 291.993 10.1268 2.2
    endloop
  endfacet
  facet normal -0.335127 -0.942173 -0
    outer loop
      vertex 292.151 10.0706 2.2
      vertex 291.993 10.1268 0
      vertex 292.151 10.0706 0
    endloop
  endfacet
  facet normal 0.741051 0.671448 0
    outer loop
      vertex 290.298 7.29792 2.2
      vertex 290.186 7.42153 0
      vertex 290.186 7.42153 2.2
    endloop
  endfacet
  facet normal 0.741051 0.671448 0
    outer loop
      vertex 290.186 7.42153 0
      vertex 290.298 7.29792 2.2
      vertex 290.298 7.29792 0
    endloop
  endfacet
  facet normal -0.514363 -0.857572 0
    outer loop
      vertex 292.301 9.99927 0
      vertex 292.444 9.9135 2.2
      vertex 292.301 9.99927 2.2
    endloop
  endfacet
  facet normal -0.514363 -0.857572 -0
    outer loop
      vertex 292.444 9.9135 2.2
      vertex 292.301 9.99927 0
      vertex 292.444 9.9135 0
    endloop
  endfacet
  facet normal 0.335127 -0.942173 0
    outer loop
      vertex 290.849 10.0706 0
      vertex 291.007 10.1268 2.2
      vertex 290.849 10.0706 2.2
    endloop
  endfacet
  facet normal 0.335127 -0.942173 0
    outer loop
      vertex 291.007 10.1268 2.2
      vertex 290.849 10.0706 0
      vertex 291.007 10.1268 0
    endloop
  endfacet
  facet normal 0.90244 0.430816 0
    outer loop
      vertex 290.001 7.69862 2.2
      vertex 289.929 7.84944 0
      vertex 289.929 7.84944 2.2
    endloop
  endfacet
  facet normal 0.90244 0.430816 0
    outer loop
      vertex 289.929 7.84944 0
      vertex 290.001 7.69862 2.2
      vertex 290.001 7.69862 0
    endloop
  endfacet
  facet normal 0.941932 0.335805 0
    outer loop
      vertex 289.929 7.84944 2.2
      vertex 289.873 8.00652 0
      vertex 289.873 8.00652 2.2
    endloop
  endfacet
  facet normal 0.941932 0.335805 0
    outer loop
      vertex 289.873 8.00652 0
      vertex 289.929 7.84944 2.2
      vertex 289.929 7.84944 0
    endloop
  endfacet
  facet normal -0.902429 -0.430839 0
    outer loop
      vertex 293.071 9.15056 0
      vertex 292.999 9.30137 2.2
      vertex 292.999 9.30137 0
    endloop
  endfacet
  facet normal -0.902429 -0.430839 0
    outer loop
      vertex 292.999 9.30137 2.2
      vertex 293.071 9.15056 0
      vertex 293.071 9.15056 2.2
    endloop
  endfacet
  facet normal 0.970785 0.239952 0
    outer loop
      vertex 289.873 8.00652 2.2
      vertex 289.833 8.16835 0
      vertex 289.833 8.16835 2.2
    endloop
  endfacet
  facet normal 0.970785 0.239952 0
    outer loop
      vertex 289.833 8.16835 0
      vertex 289.873 8.00652 2.2
      vertex 289.873 8.00652 0
    endloop
  endfacet
  facet normal 0.595695 -0.803211 0
    outer loop
      vertex 290.422 9.81412 0
      vertex 290.556 9.9135 2.2
      vertex 290.422 9.81412 2.2
    endloop
  endfacet
  facet normal 0.595695 -0.803211 0
    outer loop
      vertex 290.556 9.9135 2.2
      vertex 290.422 9.81412 0
      vertex 290.556 9.9135 0
    endloop
  endfacet
  facet normal 0.146699 0.989181 -0
    outer loop
      vertex 291.333 6.80819 0
      vertex 291.168 6.83266 2.2
      vertex 291.333 6.80819 2.2
    endloop
  endfacet
  facet normal 0.146699 0.989181 0
    outer loop
      vertex 291.168 6.83266 2.2
      vertex 291.333 6.80819 0
      vertex 291.168 6.83266 0
    endloop
  endfacet
  facet normal -0.741051 0.671448 0
    outer loop
      vertex 292.702 7.29792 0
      vertex 292.814 7.42153 2.2
      vertex 292.814 7.42153 0
    endloop
  endfacet
  facet normal -0.741051 0.671448 0
    outer loop
      vertex 292.814 7.42153 2.2
      vertex 292.702 7.29792 0
      vertex 292.702 7.29792 2.2
    endloop
  endfacet
  facet normal -0.146699 0.989181 0
    outer loop
      vertex 291.832 6.83266 0
      vertex 291.667 6.80819 2.2
      vertex 291.832 6.83266 2.2
    endloop
  endfacet
  facet normal -0.146699 0.989181 0
    outer loop
      vertex 291.667 6.80819 2.2
      vertex 291.832 6.83266 0
      vertex 291.667 6.80819 0
    endloop
  endfacet
  facet normal 0.514363 -0.857572 0
    outer loop
      vertex 290.556 9.9135 0
      vertex 290.699 9.99927 2.2
      vertex 290.556 9.9135 2.2
    endloop
  endfacet
  facet normal 0.514363 -0.857572 0
    outer loop
      vertex 290.699 9.99927 2.2
      vertex 290.556 9.9135 0
      vertex 290.699 9.99927 0
    endloop
  endfacet
  facet normal -0.0490427 -0.998797 0
    outer loop
      vertex 291.5 10.2 0
      vertex 291.667 10.1918 2.2
      vertex 291.5 10.2 2.2
    endloop
  endfacet
  facet normal -0.0490427 -0.998797 -0
    outer loop
      vertex 291.667 10.1918 2.2
      vertex 291.5 10.2 0
      vertex 291.667 10.1918 0
    endloop
  endfacet
  facet normal 0.859748 0.510718 0
    outer loop
      vertex 290.086 7.55553 2.2
      vertex 290.001 7.69862 0
      vertex 290.001 7.69862 2.2
    endloop
  endfacet
  facet normal 0.859748 0.510718 0
    outer loop
      vertex 290.001 7.69862 0
      vertex 290.086 7.55553 2.2
      vertex 290.086 7.55553 0
    endloop
  endfacet
  facet normal -0.243953 -0.969787 0
    outer loop
      vertex 291.832 10.1673 0
      vertex 291.993 10.1268 2.2
      vertex 291.832 10.1673 2.2
    endloop
  endfacet
  facet normal -0.243953 -0.969787 -0
    outer loop
      vertex 291.993 10.1268 2.2
      vertex 291.832 10.1673 0
      vertex 291.993 10.1268 0
    endloop
  endfacet
  facet normal 0.941932 -0.335805 0
    outer loop
      vertex 289.873 8.99348 2.2
      vertex 289.929 9.15056 0
      vertex 289.929 9.15056 2.2
    endloop
  endfacet
  facet normal 0.941932 -0.335805 0
    outer loop
      vertex 289.929 9.15056 0
      vertex 289.873 8.99348 2.2
      vertex 289.873 8.99348 0
    endloop
  endfacet
  facet normal -0.670418 -0.741984 0
    outer loop
      vertex 292.578 9.81412 0
      vertex 292.702 9.70208 2.2
      vertex 292.578 9.81412 2.2
    endloop
  endfacet
  facet normal -0.670418 -0.741984 -0
    outer loop
      vertex 292.702 9.70208 2.2
      vertex 292.578 9.81412 0
      vertex 292.702 9.70208 0
    endloop
  endfacet
  facet normal 0.0490427 -0.998797 0
    outer loop
      vertex 291.333 10.1918 0
      vertex 291.5 10.2 2.2
      vertex 291.333 10.1918 2.2
    endloop
  endfacet
  facet normal 0.0490427 -0.998797 0
    outer loop
      vertex 291.5 10.2 2.2
      vertex 291.333 10.1918 0
      vertex 291.5 10.2 0
    endloop
  endfacet
  facet normal -0.42945 0.903091 0
    outer loop
      vertex 292.301 7.00073 0
      vertex 292.151 6.9294 2.2
      vertex 292.301 7.00073 2.2
    endloop
  endfacet
  facet normal -0.42945 0.903091 0
    outer loop
      vertex 292.151 6.9294 2.2
      vertex 292.301 7.00073 0
      vertex 292.151 6.9294 0
    endloop
  endfacet
  facet normal -0.988718 0.149788 0
    outer loop
      vertex 293.167 8.16835 0
      vertex 293.192 8.33337 2.2
      vertex 293.192 8.33337 0
    endloop
  endfacet
  facet normal -0.988718 0.149788 0
    outer loop
      vertex 293.192 8.33337 2.2
      vertex 293.167 8.16835 0
      vertex 293.167 8.16835 2.2
    endloop
  endfacet
  facet normal -0.859764 -0.510691 0
    outer loop
      vertex 292.999 9.30137 0
      vertex 292.914 9.44447 2.2
      vertex 292.914 9.44447 0
    endloop
  endfacet
  facet normal -0.859764 -0.510691 0
    outer loop
      vertex 292.914 9.44447 2.2
      vertex 292.999 9.30137 0
      vertex 292.999 9.30137 2.2
    endloop
  endfacet
  facet normal 0.048983 0.9988 -0
    outer loop
      vertex 291.5 6.8 0
      vertex 291.333 6.80819 2.2
      vertex 291.5 6.8 2.2
    endloop
  endfacet
  facet normal 0.048983 0.9988 0
    outer loop
      vertex 291.333 6.80819 2.2
      vertex 291.5 6.8 0
      vertex 291.333 6.80819 0
    endloop
  endfacet
  facet normal 0.670418 -0.741984 0
    outer loop
      vertex 290.298 9.70208 0
      vertex 290.422 9.81412 2.2
      vertex 290.298 9.70208 2.2
    endloop
  endfacet
  facet normal 0.670418 -0.741984 0
    outer loop
      vertex 290.422 9.81412 2.2
      vertex 290.298 9.70208 0
      vertex 290.422 9.81412 0
    endloop
  endfacet
  facet normal 0.741051 -0.671448 0
    outer loop
      vertex 290.186 9.57847 2.2
      vertex 290.298 9.70208 0
      vertex 290.298 9.70208 2.2
    endloop
  endfacet
  facet normal 0.741051 -0.671448 0
    outer loop
      vertex 290.298 9.70208 0
      vertex 290.186 9.57847 2.2
      vertex 290.186 9.57847 0
    endloop
  endfacet
  facet normal -0.90244 0.430816 0
    outer loop
      vertex 292.999 7.69862 0
      vertex 293.071 7.84944 2.2
      vertex 293.071 7.84944 0
    endloop
  endfacet
  facet normal -0.90244 0.430816 0
    outer loop
      vertex 293.071 7.84944 2.2
      vertex 292.999 7.69862 0
      vertex 292.999 7.69862 2.2
    endloop
  endfacet
  facet normal -0.048983 0.9988 0
    outer loop
      vertex 291.667 6.80819 0
      vertex 291.5 6.8 2.2
      vertex 291.667 6.80819 2.2
    endloop
  endfacet
  facet normal -0.048983 0.9988 0
    outer loop
      vertex 291.5 6.8 2.2
      vertex 291.667 6.80819 0
      vertex 291.5 6.8 0
    endloop
  endfacet
  facet normal 0.670418 0.741984 -0
    outer loop
      vertex 290.422 7.18588 0
      vertex 290.298 7.29792 2.2
      vertex 290.422 7.18588 2.2
    endloop
  endfacet
  facet normal 0.670418 0.741984 0
    outer loop
      vertex 290.298 7.29792 2.2
      vertex 290.422 7.18588 0
      vertex 290.298 7.29792 0
    endloop
  endfacet
  facet normal -0.941932 0.335805 0
    outer loop
      vertex 293.071 7.84944 0
      vertex 293.127 8.00652 2.2
      vertex 293.127 8.00652 0
    endloop
  endfacet
  facet normal -0.941932 0.335805 0
    outer loop
      vertex 293.127 8.00652 2.2
      vertex 293.071 7.84944 0
      vertex 293.071 7.84944 2.2
    endloop
  endfacet
  facet normal -0.741051 -0.671448 0
    outer loop
      vertex 292.814 9.57847 0
      vertex 292.702 9.70208 2.2
      vertex 292.702 9.70208 0
    endloop
  endfacet
  facet normal -0.741051 -0.671448 0
    outer loop
      vertex 292.702 9.70208 2.2
      vertex 292.814 9.57847 0
      vertex 292.814 9.57847 2.2
    endloop
  endfacet
  facet normal 0.244179 0.96973 -0
    outer loop
      vertex 291.168 6.83266 0
      vertex 291.007 6.8732 2.2
      vertex 291.168 6.83266 2.2
    endloop
  endfacet
  facet normal 0.244179 0.96973 0
    outer loop
      vertex 291.007 6.8732 2.2
      vertex 291.168 6.83266 0
      vertex 291.007 6.8732 0
    endloop
  endfacet
  facet normal -0.595695 0.803211 0
    outer loop
      vertex 292.578 7.18588 0
      vertex 292.444 7.0865 2.2
      vertex 292.578 7.18588 2.2
    endloop
  endfacet
  facet normal -0.595695 0.803211 0
    outer loop
      vertex 292.444 7.0865 2.2
      vertex 292.578 7.18588 0
      vertex 292.444 7.0865 0
    endloop
  endfacet
  facet normal -0.859748 0.510718 0
    outer loop
      vertex 292.914 7.55553 0
      vertex 292.999 7.69862 2.2
      vertex 292.999 7.69862 0
    endloop
  endfacet
  facet normal -0.859748 0.510718 0
    outer loop
      vertex 292.999 7.69862 2.2
      vertex 292.914 7.55553 0
      vertex 292.914 7.55553 2.2
    endloop
  endfacet
  facet normal 0.801433 0.598084 0
    outer loop
      vertex 290.186 7.42153 2.2
      vertex 290.086 7.55553 0
      vertex 290.086 7.55553 2.2
    endloop
  endfacet
  facet normal 0.801433 0.598084 0
    outer loop
      vertex 290.086 7.55553 0
      vertex 290.186 7.42153 2.2
      vertex 290.186 7.42153 0
    endloop
  endfacet
  facet normal 0.859764 -0.510691 0
    outer loop
      vertex 290.001 9.30137 2.2
      vertex 290.086 9.44447 0
      vertex 290.086 9.44447 2.2
    endloop
  endfacet
  facet normal 0.859764 -0.510691 0
    outer loop
      vertex 290.086 9.44447 0
      vertex 290.001 9.30137 2.2
      vertex 290.001 9.30137 0
    endloop
  endfacet
  facet normal -0.335127 0.942173 0
    outer loop
      vertex 292.151 6.9294 0
      vertex 291.993 6.8732 2.2
      vertex 292.151 6.9294 2.2
    endloop
  endfacet
  facet normal -0.335127 0.942173 0
    outer loop
      vertex 291.993 6.8732 2.2
      vertex 292.151 6.9294 0
      vertex 291.993 6.8732 0
    endloop
  endfacet
  facet normal 0.998849 -0.0479553 0
    outer loop
      vertex 289.8 8.5 2.2
      vertex 289.808 8.66663 0
      vertex 289.808 8.66663 2.2
    endloop
  endfacet
  facet normal 0.998849 -0.0479553 0
    outer loop
      vertex 289.808 8.66663 0
      vertex 289.8 8.5 2.2
      vertex 289.8 8.5 0
    endloop
  endfacet
  facet normal 0.998849 0.0479553 0
    outer loop
      vertex 289.808 8.33337 2.2
      vertex 289.8 8.5 0
      vertex 289.8 8.5 2.2
    endloop
  endfacet
  facet normal 0.998849 0.0479553 0
    outer loop
      vertex 289.8 8.5 0
      vertex 289.808 8.33337 2.2
      vertex 289.808 8.33337 0
    endloop
  endfacet
  facet normal -0.398625 -0.664803 0.631771
    outer loop
      vertex 293.253 11.139 4
      vertex 292.994 11.2943 4
      vertex 292.301 9.99927 2.2
    endloop
  endfacet
  facet normal 0.621435 -0.463757 0.631465
    outer loop
      vertex 288.871 10.2673 4
      vertex 290.086 9.44447 2.2
      vertex 290.186 9.57847 2.2
    endloop
  endfacet
  facet normal 0.630787 -0.450562 0.631745
    outer loop
      vertex 290.086 9.44447 2.2
      vertex 288.871 10.2673 4
      vertex 288.866 10.2603 4
    endloop
  endfacet
  facet normal 0.519731 0.575211 0.631675
    outer loop
      vertex 290.298 7.29792 2.2
      vertex 289.266 6.25369 4
      vertex 290.422 7.18588 2.2
    endloop
  endfacet
  facet normal 0.543331 0.55254 0.632053
    outer loop
      vertex 289.266 6.25369 4
      vertex 290.298 7.29792 2.2
      vertex 289.26 6.25959 4
    endloop
  endfacet
  facet normal -0.774454 -0.0359268 0.63161
    outer loop
      vertex 294.668 8.5 4
      vertex 294.654 8.80179 4
      vertex 293.2 8.5 2.2
    endloop
  endfacet
  facet normal -0.769986 -0.0877977 0.631992
    outer loop
      vertex 293.192 8.66663 2.2
      vertex 294.654 8.80179 4
      vertex 294.653 8.81056 4
    endloop
  endfacet
  facet normal -0.774315 -0.0371753 0.631707
    outer loop
      vertex 294.654 8.80179 4
      vertex 293.192 8.66663 2.2
      vertex 293.2 8.5 2.2
    endloop
  endfacet
  facet normal 0.574317 0.520753 0.631646
    outer loop
      vertex 289.254 6.26609 4
      vertex 290.186 7.42153 2.2
      vertex 289.051 6.48997 4
    endloop
  endfacet
  facet normal 0.729863 0.261682 0.631524
    outer loop
      vertex 288.573 7.2875 4
      vertex 289.929 7.84944 2.2
      vertex 288.471 7.57199 4
    endloop
  endfacet
  facet normal -0.622692 -0.461824 0.631643
    outer loop
      vertex 294.129 10.2673 4
      vertex 293.949 10.51 4
      vertex 292.814 9.57847 2.2
    endloop
  endfacet
  facet normal 0.0344239 -0.774537 0.631592
    outer loop
      vertex 291.333 10.1918 2.2
      vertex 291.198 11.6536 4
      vertex 291.189 11.6532 4
    endloop
  endfacet
  facet normal 0.0380197 -0.774303 0.631672
    outer loop
      vertex 291.198 11.6536 4
      vertex 291.333 10.1918 2.2
      vertex 291.5 10.2 2.2
    endloop
  endfacet
  facet normal -0.461418 -0.622914 0.631721
    outer loop
      vertex 293.51 10.9492 4
      vertex 293.267 11.1292 4
      vertex 292.578 9.81412 2.2
    endloop
  endfacet
  facet normal -0.666629 0.395999 0.631499
    outer loop
      vertex 292.914 7.55553 2.2
      vertex 294.139 6.74725 4
      vertex 292.999 7.69862 2.2
    endloop
  endfacet
  facet normal -0.645657 0.428723 0.631921
    outer loop
      vertex 294.139 6.74725 4
      vertex 292.914 7.55553 2.2
      vertex 294.134 6.73972 4
    endloop
  endfacet
  facet normal 0.330614 -0.701147 0.631734
    outer loop
      vertex 290.699 9.99927 2.2
      vertex 290.28 11.4235 4
      vertex 290.006 11.2943 4
    endloop
  endfacet
  facet normal 0.622692 -0.461824 0.631643
    outer loop
      vertex 290.186 9.57847 2.2
      vertex 289.051 10.51 4
      vertex 288.871 10.2673 4
    endloop
  endfacet
  facet normal 0.574342 -0.52073 0.631641
    outer loop
      vertex 290.186 9.57847 2.2
      vertex 289.254 10.7339 4
      vertex 289.051 10.51 4
    endloop
  endfacet
  facet normal 0.520416 0.574507 0.63175
    outer loop
      vertex 289.49 6.05078 4
      vertex 290.422 7.18588 2.2
      vertex 289.266 6.25369 4
    endloop
  endfacet
  facet normal -0.730241 0.260335 0.631644
    outer loop
      vertex 293.071 7.84944 2.2
      vertex 294.532 7.58026 4
      vertex 293.127 8.00652 2.2
    endloop
  endfacet
  facet normal -0.729053 0.264469 0.631298
    outer loop
      vertex 294.532 7.58026 4
      vertex 293.071 7.84944 2.2
      vertex 294.529 7.57199 4
    endloop
  endfacet
  facet normal -0.729863 0.261682 0.631524
    outer loop
      vertex 294.427 7.2875 4
      vertex 294.529 7.57199 4
      vertex 293.071 7.84944 2.2
    endloop
  endfacet
  facet normal 0.574518 0.520557 0.631624
    outer loop
      vertex 289.254 6.26609 4
      vertex 290.298 7.29792 2.2
      vertex 290.186 7.42153 2.2
    endloop
  endfacet
  facet normal 0.569593 0.525778 0.63176
    outer loop
      vertex 290.298 7.29792 2.2
      vertex 289.254 6.26609 4
      vertex 289.26 6.25959 4
    endloop
  endfacet
  facet normal -0.520416 0.574507 0.63175
    outer loop
      vertex 293.51 6.05078 4
      vertex 293.734 6.25369 4
      vertex 292.578 7.18588 2.2
    endloop
  endfacet
  facet normal 0.26161 -0.729834 0.631587
    outer loop
      vertex 290.849 10.0706 2.2
      vertex 290.572 11.529 4
      vertex 290.288 11.4272 4
    endloop
  endfacet
  facet normal 0.113726 0.766846 0.631675
    outer loop
      vertex 291.168 6.83266 2.2
      vertex 291.189 5.34683 4
      vertex 291.333 6.80819 2.2
    endloop
  endfacet
  facet normal 0.123518 0.766 0.630862
    outer loop
      vertex 291.189 5.34683 4
      vertex 291.168 6.83266 2.2
      vertex 291.181 5.34812 4
    endloop
  endfacet
  facet normal 0.699768 0.334062 0.631449
    outer loop
      vertex 288.573 7.2875 4
      vertex 290.001 7.69862 2.2
      vertex 289.929 7.84944 2.2
    endloop
  endfacet
  facet normal 0.693546 0.349393 0.630015
    outer loop
      vertex 290.001 7.69862 2.2
      vertex 288.573 7.2875 4
      vertex 288.577 7.27956 4
    endloop
  endfacet
  facet normal -0.520404 -0.574522 0.631747
    outer loop
      vertex 293.734 10.7463 4
      vertex 293.51 10.9492 4
      vertex 292.578 9.81412 2.2
    endloop
  endfacet
  facet normal 0.462291 -0.622314 0.631674
    outer loop
      vertex 289.733 11.1292 4
      vertex 290.556 9.9135 2.2
      vertex 289.74 11.1344 4
    endloop
  endfacet
  facet normal 0.461797 -0.622668 0.631687
    outer loop
      vertex 290.556 9.9135 2.2
      vertex 289.733 11.1292 4
      vertex 290.422 9.81412 2.2
    endloop
  endfacet
  facet normal -0.461416 0.622911 0.631726
    outer loop
      vertex 293.267 5.87078 4
      vertex 293.51 6.05078 4
      vertex 292.578 7.18588 2.2
    endloop
  endfacet
  facet normal -0.701005 0.331074 0.63165
    outer loop
      vertex 294.294 7.00642 4
      vertex 294.423 7.27956 4
      vertex 292.999 7.69862 2.2
    endloop
  endfacet
  facet normal 0.332977 0.700217 0.631524
    outer loop
      vertex 290.699 7.00073 2.2
      vertex 290.288 5.57276 4
      vertex 290.849 6.9294 2.2
    endloop
  endfacet
  facet normal 0.328969 0.701801 0.631865
    outer loop
      vertex 290.288 5.57276 4
      vertex 290.699 7.00073 2.2
      vertex 290.28 5.57651 4
    endloop
  endfacet
  facet normal -0.752695 0.186046 0.631535
    outer loop
      vertex 293.127 8.00652 2.2
      vertex 294.534 7.58877 4
      vertex 293.167 8.16835 2.2
    endloop
  endfacet
  facet normal -0.754963 0.17743 0.631308
    outer loop
      vertex 294.534 7.58877 4
      vertex 293.127 8.00652 2.2
      vertex 294.532 7.58026 4
    endloop
  endfacet
  facet normal 0.461416 0.622911 0.631726
    outer loop
      vertex 289.733 5.87078 4
      vertex 290.422 7.18588 2.2
      vertex 289.49 6.05078 4
    endloop
  endfacet
  facet normal 0.769986 -0.0877977 0.631992
    outer loop
      vertex 288.346 8.80179 4
      vertex 289.808 8.66663 2.2
      vertex 288.347 8.81056 4
    endloop
  endfacet
  facet normal 0.774315 -0.0371753 0.631707
    outer loop
      vertex 289.808 8.66663 2.2
      vertex 288.346 8.80179 4
      vertex 289.8 8.5 2.2
    endloop
  endfacet
  facet normal -0.574317 0.520753 0.631646
    outer loop
      vertex 293.746 6.26609 4
      vertex 293.949 6.48997 4
      vertex 292.814 7.42153 2.2
    endloop
  endfacet
  facet normal 0.768649 0.0884521 0.633526
    outer loop
      vertex 289.833 8.16835 2.2
      vertex 288.347 8.18944 4
      vertex 288.348 8.18075 4
    endloop
  endfacet
  facet normal 0.766612 0.116139 0.63152
    outer loop
      vertex 288.347 8.18944 4
      vertex 289.833 8.16835 2.2
      vertex 289.808 8.33337 2.2
    endloop
  endfacet
  facet normal -0.630787 -0.450562 0.631745
    outer loop
      vertex 294.129 10.2673 4
      vertex 292.914 9.44447 2.2
      vertex 294.134 10.2603 4
    endloop
  endfacet
  facet normal -0.621435 -0.463757 0.631465
    outer loop
      vertex 292.914 9.44447 2.2
      vertex 294.129 10.2673 4
      vertex 292.814 9.57847 2.2
    endloop
  endfacet
  facet normal -0.178584 0.754582 0.631437
    outer loop
      vertex 291.993 6.8732 2.2
      vertex 292.411 5.46588 4
      vertex 292.42 5.46801 4
    endloop
  endfacet
  facet normal -0.18929 0.751744 0.631704
    outer loop
      vertex 292.411 5.46588 4
      vertex 291.993 6.8732 2.2
      vertex 291.832 6.83266 2.2
    endloop
  endfacet
  facet normal -0.751522 0.189739 0.631833
    outer loop
      vertex 294.534 7.58877 4
      vertex 294.608 7.88187 4
      vertex 293.167 8.16835 2.2
    endloop
  endfacet
  facet normal -0.330614 -0.701147 0.631734
    outer loop
      vertex 292.994 11.2943 4
      vertex 292.72 11.4235 4
      vertex 292.301 9.99927 2.2
    endloop
  endfacet
  facet normal 0.730241 0.260335 0.631644
    outer loop
      vertex 288.468 7.58026 4
      vertex 289.929 7.84944 2.2
      vertex 289.873 8.00652 2.2
    endloop
  endfacet
  facet normal 0.729053 0.264469 0.631298
    outer loop
      vertex 289.929 7.84944 2.2
      vertex 288.468 7.58026 4
      vertex 288.471 7.57199 4
    endloop
  endfacet
  facet normal 0.774454 0.0359268 0.63161
    outer loop
      vertex 288.346 8.19821 4
      vertex 289.8 8.5 2.2
      vertex 288.332 8.5 4
    endloop
  endfacet
  facet normal 0.665322 0.397905 0.631679
    outer loop
      vertex 288.861 6.74725 4
      vertex 290.001 7.69862 2.2
      vertex 288.706 7.00642 4
    endloop
  endfacet
  facet normal 0.176214 -0.755202 0.631363
    outer loop
      vertex 291.007 10.1268 2.2
      vertex 290.589 11.5341 4
      vertex 290.58 11.532 4
    endloop
  endfacet
  facet normal 0.189116 -0.751795 0.631695
    outer loop
      vertex 290.589 11.5341 4
      vertex 291.007 10.1268 2.2
      vertex 291.168 10.1673 2.2
    endloop
  endfacet
  facet normal 0.113722 0.766868 0.631649
    outer loop
      vertex 291.181 5.34812 4
      vertex 291.168 6.83266 2.2
      vertex 290.882 5.39246 4
    endloop
  endfacet
  facet normal 0.188391 -0.752026 0.631637
    outer loop
      vertex 291.168 10.1673 2.2
      vertex 290.882 11.6075 4
      vertex 290.589 11.5341 4
    endloop
  endfacet
  facet normal -0.701004 -0.331074 0.631651
    outer loop
      vertex 294.423 9.72044 4
      vertex 294.294 9.99358 4
      vertex 292.999 9.30137 2.2
    endloop
  endfacet
  facet normal 0.621432 0.463755 0.63147
    outer loop
      vertex 290.086 7.55553 2.2
      vertex 288.871 6.73267 4
      vertex 290.186 7.42153 2.2
    endloop
  endfacet
  facet normal 0.632275 0.448422 0.63178
    outer loop
      vertex 288.871 6.73267 4
      vertex 290.086 7.55553 2.2
      vertex 288.866 6.73972 4
    endloop
  endfacet
  facet normal -0.461795 0.622665 0.631691
    outer loop
      vertex 292.444 7.0865 2.2
      vertex 293.267 5.87078 4
      vertex 292.578 7.18588 2.2
    endloop
  endfacet
  facet normal -0.464025 0.621066 0.631631
    outer loop
      vertex 293.267 5.87078 4
      vertex 292.444 7.0865 2.2
      vertex 293.26 5.86555 4
    endloop
  endfacet
  facet normal -0.543331 0.55254 0.632053
    outer loop
      vertex 292.702 7.29792 2.2
      vertex 293.734 6.25369 4
      vertex 293.74 6.25959 4
    endloop
  endfacet
  facet normal -0.519731 0.575211 0.631675
    outer loop
      vertex 293.734 6.25369 4
      vertex 292.702 7.29792 2.2
      vertex 292.578 7.18588 2.2
    endloop
  endfacet
  facet normal -0.774454 0.0359268 0.63161
    outer loop
      vertex 294.654 8.19821 4
      vertex 294.668 8.5 4
      vertex 293.2 8.5 2.2
    endloop
  endfacet
  facet normal 0.666629 0.395999 0.631499
    outer loop
      vertex 288.861 6.74725 4
      vertex 290.086 7.55553 2.2
      vertex 290.001 7.69862 2.2
    endloop
  endfacet
  facet normal 0.645657 0.428723 0.631921
    outer loop
      vertex 290.086 7.55553 2.2
      vertex 288.861 6.74725 4
      vertex 288.866 6.73972 4
    endloop
  endfacet
  facet normal -0.330593 0.701157 0.631733
    outer loop
      vertex 292.72 5.57651 4
      vertex 292.994 5.7057 4
      vertex 292.301 7.00073 2.2
    endloop
  endfacet
  facet normal 0.701005 0.331074 0.63165
    outer loop
      vertex 288.706 7.00642 4
      vertex 290.001 7.69862 2.2
      vertex 288.577 7.27956 4
    endloop
  endfacet
  facet normal 0.622689 0.461821 0.631648
    outer loop
      vertex 289.051 6.48997 4
      vertex 290.186 7.42153 2.2
      vertex 288.871 6.73267 4
    endloop
  endfacet
  facet normal 0.64748 -0.425973 0.631915
    outer loop
      vertex 288.861 10.2527 4
      vertex 290.086 9.44447 2.2
      vertex 288.866 10.2603 4
    endloop
  endfacet
  facet normal 0.666646 -0.395981 0.631492
    outer loop
      vertex 290.086 9.44447 2.2
      vertex 288.861 10.2527 4
      vertex 290.001 9.30137 2.2
    endloop
  endfacet
  facet normal 0.729863 -0.261682 0.631524
    outer loop
      vertex 289.929 9.15056 2.2
      vertex 288.573 9.7125 4
      vertex 288.471 9.42801 4
    endloop
  endfacet
  facet normal 0.261584 0.729836 0.631596
    outer loop
      vertex 290.572 5.47097 4
      vertex 290.849 6.9294 2.2
      vertex 290.288 5.57276 4
    endloop
  endfacet
  facet normal 0.259777 0.730333 0.631767
    outer loop
      vertex 290.849 6.9294 2.2
      vertex 290.58 5.46801 4
      vertex 291.007 6.8732 2.2
    endloop
  endfacet
  facet normal 0.269214 0.727605 0.630963
    outer loop
      vertex 290.58 5.46801 4
      vertex 290.849 6.9294 2.2
      vertex 290.572 5.47097 4
    endloop
  endfacet
  facet normal -0.729863 -0.261682 0.631524
    outer loop
      vertex 294.529 9.42801 4
      vertex 294.427 9.7125 4
      vertex 293.071 9.15056 2.2
    endloop
  endfacet
  facet normal 0.113872 -0.766843 0.631653
    outer loop
      vertex 291.168 10.1673 2.2
      vertex 291.181 11.6519 4
      vertex 290.882 11.6075 4
    endloop
  endfacet
  facet normal -0.0380197 -0.774303 0.631672
    outer loop
      vertex 291.667 10.1918 2.2
      vertex 291.802 11.6536 4
      vertex 291.5 10.2 2.2
    endloop
  endfacet
  facet normal -0.0344239 -0.774537 0.631592
    outer loop
      vertex 291.802 11.6536 4
      vertex 291.667 10.1918 2.2
      vertex 291.811 11.6532 4
    endloop
  endfacet
  facet normal -0.398702 0.664759 0.631769
    outer loop
      vertex 292.994 5.7057 4
      vertex 293.253 5.86104 4
      vertex 292.301 7.00073 2.2
    endloop
  endfacet
  facet normal -0.113722 0.766868 0.631649
    outer loop
      vertex 292.118 5.39246 4
      vertex 291.832 6.83266 2.2
      vertex 291.819 5.34812 4
    endloop
  endfacet
  facet normal -0.188391 -0.752026 0.631637
    outer loop
      vertex 292.411 11.5341 4
      vertex 292.118 11.6075 4
      vertex 291.832 10.1673 2.2
    endloop
  endfacet
  facet normal 0.18844 0.752015 0.631636
    outer loop
      vertex 290.882 5.39246 4
      vertex 291.168 6.83266 2.2
      vertex 290.589 5.46588 4
    endloop
  endfacet
  facet normal -0.766612 0.116139 0.63152
    outer loop
      vertex 293.167 8.16835 2.2
      vertex 294.653 8.18944 4
      vertex 293.192 8.33337 2.2
    endloop
  endfacet
  facet normal -0.768649 0.0884521 0.633526
    outer loop
      vertex 294.653 8.18944 4
      vertex 293.167 8.16835 2.2
      vertex 294.652 8.18075 4
    endloop
  endfacet
  facet normal 0.0379464 -0.774311 0.631666
    outer loop
      vertex 291.5 10.2 2.2
      vertex 291.5 11.6684 4
      vertex 291.198 11.6536 4
    endloop
  endfacet
  facet normal 0.398702 0.664759 0.631769
    outer loop
      vertex 290.006 5.7057 4
      vertex 290.699 7.00073 2.2
      vertex 289.747 5.86104 4
    endloop
  endfacet
  facet normal -0.113861 -0.76682 0.631682
    outer loop
      vertex 291.832 10.1673 2.2
      vertex 291.811 11.6532 4
      vertex 291.667 10.1918 2.2
    endloop
  endfacet
  facet normal -0.124459 -0.7659 0.630799
    outer loop
      vertex 291.811 11.6532 4
      vertex 291.832 10.1673 2.2
      vertex 291.819 11.6519 4
    endloop
  endfacet
  facet normal -0.766824 0.112889 0.631852
    outer loop
      vertex 294.608 7.88187 4
      vertex 294.652 8.18075 4
      vertex 293.167 8.16835 2.2
    endloop
  endfacet
  facet normal -0.269214 0.727605 0.630963
    outer loop
      vertex 292.151 6.9294 2.2
      vertex 292.42 5.46801 4
      vertex 292.428 5.47097 4
    endloop
  endfacet
  facet normal -0.259777 0.730333 0.631767
    outer loop
      vertex 292.42 5.46801 4
      vertex 292.151 6.9294 2.2
      vertex 291.993 6.8732 2.2
    endloop
  endfacet
  facet normal 0.520404 -0.574522 0.631747
    outer loop
      vertex 290.422 9.81412 2.2
      vertex 289.49 10.9492 4
      vertex 289.266 10.7463 4
    endloop
  endfacet
  facet normal 0.461418 -0.622914 0.631721
    outer loop
      vertex 290.422 9.81412 2.2
      vertex 289.733 11.1292 4
      vertex 289.49 10.9492 4
    endloop
  endfacet
  facet normal -0.419684 0.651394 0.632101
    outer loop
      vertex 292.444 7.0865 2.2
      vertex 293.253 5.86104 4
      vertex 293.26 5.86555 4
    endloop
  endfacet
  facet normal -0.398712 0.664752 0.63177
    outer loop
      vertex 293.253 5.86104 4
      vertex 292.444 7.0865 2.2
      vertex 292.301 7.00073 2.2
    endloop
  endfacet
  facet normal -0.774315 0.0371753 0.631707
    outer loop
      vertex 293.192 8.33337 2.2
      vertex 294.654 8.19821 4
      vertex 293.2 8.5 2.2
    endloop
  endfacet
  facet normal -0.769986 0.0877977 0.631992
    outer loop
      vertex 294.654 8.19821 4
      vertex 293.192 8.33337 2.2
      vertex 294.653 8.18944 4
    endloop
  endfacet
  facet normal 0.754963 -0.17743 0.631308
    outer loop
      vertex 288.466 9.41123 4
      vertex 289.873 8.99348 2.2
      vertex 288.468 9.41974 4
    endloop
  endfacet
  facet normal 0.752695 -0.186046 0.631535
    outer loop
      vertex 289.873 8.99348 2.2
      vertex 288.466 9.41123 4
      vertex 289.833 8.83165 2.2
    endloop
  endfacet
  facet normal -0.26161 -0.729834 0.631587
    outer loop
      vertex 292.712 11.4272 4
      vertex 292.428 11.529 4
      vertex 292.151 10.0706 2.2
    endloop
  endfacet
  facet normal -0.328969 0.701801 0.631865
    outer loop
      vertex 292.301 7.00073 2.2
      vertex 292.712 5.57276 4
      vertex 292.72 5.57651 4
    endloop
  endfacet
  facet normal -0.332977 0.700217 0.631524
    outer loop
      vertex 292.712 5.57276 4
      vertex 292.301 7.00073 2.2
      vertex 292.151 6.9294 2.2
    endloop
  endfacet
  facet normal -0.574342 -0.52073 0.631641
    outer loop
      vertex 293.949 10.51 4
      vertex 293.746 10.7339 4
      vertex 292.814 9.57847 2.2
    endloop
  endfacet
  facet normal -0.33298 -0.700224 0.631514
    outer loop
      vertex 292.301 9.99927 2.2
      vertex 292.712 11.4272 4
      vertex 292.151 10.0706 2.2
    endloop
  endfacet
  facet normal -0.325259 -0.703263 0.632162
    outer loop
      vertex 292.712 11.4272 4
      vertex 292.301 9.99927 2.2
      vertex 292.72 11.4235 4
    endloop
  endfacet
  facet normal 0.766824 0.112889 0.631852
    outer loop
      vertex 288.392 7.88187 4
      vertex 289.833 8.16835 2.2
      vertex 288.348 8.18075 4
    endloop
  endfacet
  facet normal 0.330593 0.701157 0.631733
    outer loop
      vertex 290.28 5.57651 4
      vertex 290.699 7.00073 2.2
      vertex 290.006 5.7057 4
    endloop
  endfacet
  facet normal -0.398708 -0.664746 0.631779
    outer loop
      vertex 292.444 9.9135 2.2
      vertex 293.253 11.139 4
      vertex 292.301 9.99927 2.2
    endloop
  endfacet
  facet normal -0.425536 -0.647555 0.632132
    outer loop
      vertex 293.253 11.139 4
      vertex 292.444 9.9135 2.2
      vertex 293.26 11.1344 4
    endloop
  endfacet
  facet normal 0.325259 -0.703263 0.632162
    outer loop
      vertex 290.699 9.99927 2.2
      vertex 290.288 11.4272 4
      vertex 290.28 11.4235 4
    endloop
  endfacet
  facet normal 0.33298 -0.700224 0.631514
    outer loop
      vertex 290.288 11.4272 4
      vertex 290.699 9.99927 2.2
      vertex 290.849 10.0706 2.2
    endloop
  endfacet
  facet normal 0.729053 -0.264469 0.631298
    outer loop
      vertex 288.468 9.41974 4
      vertex 289.929 9.15056 2.2
      vertex 288.471 9.42801 4
    endloop
  endfacet
  facet normal 0.730241 -0.260335 0.631644
    outer loop
      vertex 289.929 9.15056 2.2
      vertex 288.468 9.41974 4
      vertex 289.873 8.99348 2.2
    endloop
  endfacet
  facet normal -0.693545 -0.349393 0.630016
    outer loop
      vertex 292.999 9.30137 2.2
      vertex 294.427 9.7125 4
      vertex 294.423 9.72044 4
    endloop
  endfacet
  facet normal -0.699759 -0.33408 0.631448
    outer loop
      vertex 294.427 9.7125 4
      vertex 292.999 9.30137 2.2
      vertex 293.071 9.15056 2.2
    endloop
  endfacet
  facet normal -0.665322 0.397905 0.631679
    outer loop
      vertex 294.139 6.74725 4
      vertex 294.294 7.00642 4
      vertex 292.999 7.69862 2.2
    endloop
  endfacet
  facet normal 0.751522 -0.189739 0.631833
    outer loop
      vertex 289.833 8.83165 2.2
      vertex 288.466 9.41123 4
      vertex 288.392 9.11813 4
    endloop
  endfacet
  facet normal 0.665289 -0.397961 0.631679
    outer loop
      vertex 290.001 9.30137 2.2
      vertex 288.861 10.2527 4
      vertex 288.706 9.99358 4
    endloop
  endfacet
  facet normal -0.462291 -0.622314 0.631674
    outer loop
      vertex 292.444 9.9135 2.2
      vertex 293.267 11.1292 4
      vertex 293.26 11.1344 4
    endloop
  endfacet
  facet normal -0.461797 -0.622668 0.631687
    outer loop
      vertex 293.267 11.1292 4
      vertex 292.444 9.9135 2.2
      vertex 292.578 9.81412 2.2
    endloop
  endfacet
  facet normal -0.574518 0.520557 0.631624
    outer loop
      vertex 292.702 7.29792 2.2
      vertex 293.746 6.26609 4
      vertex 292.814 7.42153 2.2
    endloop
  endfacet
  facet normal -0.569593 0.525778 0.63176
    outer loop
      vertex 293.746 6.26609 4
      vertex 292.702 7.29792 2.2
      vertex 293.74 6.25959 4
    endloop
  endfacet
  facet normal -0.261584 0.729836 0.631596
    outer loop
      vertex 292.428 5.47097 4
      vertex 292.712 5.57276 4
      vertex 292.151 6.9294 2.2
    endloop
  endfacet
  facet normal 0.461795 0.622665 0.631691
    outer loop
      vertex 289.733 5.87078 4
      vertex 290.556 7.0865 2.2
      vertex 290.422 7.18588 2.2
    endloop
  endfacet
  facet normal 0.464025 0.621066 0.631631
    outer loop
      vertex 290.556 7.0865 2.2
      vertex 289.733 5.87078 4
      vertex 289.74 5.86555 4
    endloop
  endfacet
  facet normal -0.632275 0.448422 0.63178
    outer loop
      vertex 292.914 7.55553 2.2
      vertex 294.129 6.73267 4
      vertex 294.134 6.73972 4
    endloop
  endfacet
  facet normal -0.621432 0.463755 0.63147
    outer loop
      vertex 294.129 6.73267 4
      vertex 292.914 7.55553 2.2
      vertex 292.814 7.42153 2.2
    endloop
  endfacet
  facet normal -0.699768 0.334062 0.631449
    outer loop
      vertex 292.999 7.69862 2.2
      vertex 294.427 7.2875 4
      vertex 293.071 7.84944 2.2
    endloop
  endfacet
  facet normal -0.693546 0.349393 0.630015
    outer loop
      vertex 294.427 7.2875 4
      vertex 292.999 7.69862 2.2
      vertex 294.423 7.27956 4
    endloop
  endfacet
  facet normal -0.0379974 0.774306 0.63167
    outer loop
      vertex 291.802 5.3464 4
      vertex 291.5 6.8 2.2
      vertex 291.5 5.33158 4
    endloop
  endfacet
  facet normal 0.0379736 0.774308 0.631668
    outer loop
      vertex 291.333 6.80819 2.2
      vertex 291.198 5.3464 4
      vertex 291.5 6.8 2.2
    endloop
  endfacet
  facet normal 0.0369978 0.774373 0.631647
    outer loop
      vertex 291.198 5.3464 4
      vertex 291.333 6.80819 2.2
      vertex 291.189 5.34683 4
    endloop
  endfacet
  facet normal -0.18844 0.752015 0.631636
    outer loop
      vertex 292.118 5.39246 4
      vertex 292.411 5.46588 4
      vertex 291.832 6.83266 2.2
    endloop
  endfacet
  facet normal 0.768643 -0.0885533 0.63352
    outer loop
      vertex 288.347 8.81056 4
      vertex 289.833 8.83165 2.2
      vertex 288.348 8.81924 4
    endloop
  endfacet
  facet normal 0.766612 -0.116139 0.63152
    outer loop
      vertex 289.833 8.83165 2.2
      vertex 288.347 8.81056 4
      vertex 289.808 8.66663 2.2
    endloop
  endfacet
  facet normal 0.0379974 0.774306 0.63167
    outer loop
      vertex 291.5 5.33158 4
      vertex 291.5 6.8 2.2
      vertex 291.198 5.3464 4
    endloop
  endfacet
  facet normal 0.693545 -0.349393 0.630016
    outer loop
      vertex 288.573 9.7125 4
      vertex 290.001 9.30137 2.2
      vertex 288.577 9.72044 4
    endloop
  endfacet
  facet normal 0.699759 -0.33408 0.631448
    outer loop
      vertex 290.001 9.30137 2.2
      vertex 288.573 9.7125 4
      vertex 289.929 9.15056 2.2
    endloop
  endfacet
  facet normal 0.18929 0.751744 0.631704
    outer loop
      vertex 291.007 6.8732 2.2
      vertex 290.589 5.46588 4
      vertex 291.168 6.83266 2.2
    endloop
  endfacet
  facet normal 0.178584 0.754582 0.631437
    outer loop
      vertex 290.589 5.46588 4
      vertex 291.007 6.8732 2.2
      vertex 290.58 5.46801 4
    endloop
  endfacet
  facet normal -0.0379464 -0.774311 0.631666
    outer loop
      vertex 291.802 11.6536 4
      vertex 291.5 11.6684 4
      vertex 291.5 10.2 2.2
    endloop
  endfacet
  facet normal 0.569594 -0.525779 0.631759
    outer loop
      vertex 289.254 10.7339 4
      vertex 290.298 9.70208 2.2
      vertex 289.26 10.7404 4
    endloop
  endfacet
  facet normal 0.574519 -0.520558 0.631622
    outer loop
      vertex 290.298 9.70208 2.2
      vertex 289.254 10.7339 4
      vertex 290.186 9.57847 2.2
    endloop
  endfacet
  facet normal -0.622689 0.461821 0.631648
    outer loop
      vertex 293.949 6.48997 4
      vertex 294.129 6.73267 4
      vertex 292.814 7.42153 2.2
    endloop
  endfacet
  facet normal -0.0369978 0.774373 0.631647
    outer loop
      vertex 291.667 6.80819 2.2
      vertex 291.802 5.3464 4
      vertex 291.811 5.34683 4
    endloop
  endfacet
  facet normal -0.0379736 0.774308 0.631668
    outer loop
      vertex 291.802 5.3464 4
      vertex 291.667 6.80819 2.2
      vertex 291.5 6.8 2.2
    endloop
  endfacet
  facet normal -0.259776 -0.730331 0.63177
    outer loop
      vertex 292.151 10.0706 2.2
      vertex 292.42 11.532 4
      vertex 291.993 10.1268 2.2
    endloop
  endfacet
  facet normal -0.272489 -0.726638 0.630671
    outer loop
      vertex 292.42 11.532 4
      vertex 292.151 10.0706 2.2
      vertex 292.428 11.529 4
    endloop
  endfacet
  facet normal -0.113872 -0.766843 0.631653
    outer loop
      vertex 291.832 10.1673 2.2
      vertex 292.118 11.6075 4
      vertex 291.819 11.6519 4
    endloop
  endfacet
  facet normal -0.189116 -0.751795 0.631695
    outer loop
      vertex 291.993 10.1268 2.2
      vertex 292.411 11.5341 4
      vertex 291.832 10.1673 2.2
    endloop
  endfacet
  facet normal -0.176214 -0.755202 0.631363
    outer loop
      vertex 292.411 11.5341 4
      vertex 291.993 10.1268 2.2
      vertex 292.42 11.532 4
    endloop
  endfacet
  facet normal -0.665289 -0.397961 0.631679
    outer loop
      vertex 294.294 9.99358 4
      vertex 294.139 10.2527 4
      vertex 292.999 9.30137 2.2
    endloop
  endfacet
  facet normal -0.751522 -0.189739 0.631833
    outer loop
      vertex 294.608 9.11813 4
      vertex 294.534 9.41123 4
      vertex 293.167 8.83165 2.2
    endloop
  endfacet
  facet normal 0.398712 0.664752 0.63177
    outer loop
      vertex 290.556 7.0865 2.2
      vertex 289.747 5.86104 4
      vertex 290.699 7.00073 2.2
    endloop
  endfacet
  facet normal 0.419684 0.651394 0.632101
    outer loop
      vertex 289.747 5.86104 4
      vertex 290.556 7.0865 2.2
      vertex 289.74 5.86555 4
    endloop
  endfacet
  facet normal 0.766825 -0.112885 0.631852
    outer loop
      vertex 289.833 8.83165 2.2
      vertex 288.392 9.11813 4
      vertex 288.348 8.81924 4
    endloop
  endfacet
  facet normal 0.701004 -0.331074 0.631651
    outer loop
      vertex 290.001 9.30137 2.2
      vertex 288.706 9.99358 4
      vertex 288.577 9.72044 4
    endloop
  endfacet
  facet normal -0.766825 -0.112885 0.631852
    outer loop
      vertex 294.652 8.81924 4
      vertex 294.608 9.11813 4
      vertex 293.167 8.83165 2.2
    endloop
  endfacet
  facet normal -0.768643 -0.0885533 0.63352
    outer loop
      vertex 293.167 8.83165 2.2
      vertex 294.653 8.81056 4
      vertex 294.652 8.81924 4
    endloop
  endfacet
  facet normal -0.766612 -0.116139 0.63152
    outer loop
      vertex 294.653 8.81056 4
      vertex 293.167 8.83165 2.2
      vertex 293.192 8.66663 2.2
    endloop
  endfacet
  facet normal 0.752695 0.186046 0.631535
    outer loop
      vertex 288.466 7.58877 4
      vertex 289.873 8.00652 2.2
      vertex 289.833 8.16835 2.2
    endloop
  endfacet
  facet normal 0.754963 0.17743 0.631308
    outer loop
      vertex 289.873 8.00652 2.2
      vertex 288.466 7.58877 4
      vertex 288.468 7.58026 4
    endloop
  endfacet
  facet normal 0.751522 0.189739 0.631833
    outer loop
      vertex 288.466 7.58877 4
      vertex 289.833 8.16835 2.2
      vertex 288.392 7.88187 4
    endloop
  endfacet
  facet normal 0.519732 -0.575212 0.631673
    outer loop
      vertex 289.266 10.7463 4
      vertex 290.298 9.70208 2.2
      vertex 290.422 9.81412 2.2
    endloop
  endfacet
  facet normal 0.543332 -0.552541 0.632051
    outer loop
      vertex 290.298 9.70208 2.2
      vertex 289.266 10.7463 4
      vertex 289.26 10.7404 4
    endloop
  endfacet
  facet normal 0.124459 -0.7659 0.630799
    outer loop
      vertex 291.168 10.1673 2.2
      vertex 291.189 11.6532 4
      vertex 291.181 11.6519 4
    endloop
  endfacet
  facet normal 0.113861 -0.76682 0.631682
    outer loop
      vertex 291.189 11.6532 4
      vertex 291.168 10.1673 2.2
      vertex 291.333 10.1918 2.2
    endloop
  endfacet
  facet normal -0.543332 -0.552541 0.632051
    outer loop
      vertex 293.734 10.7463 4
      vertex 292.702 9.70208 2.2
      vertex 293.74 10.7404 4
    endloop
  endfacet
  facet normal -0.519732 -0.575212 0.631673
    outer loop
      vertex 292.702 9.70208 2.2
      vertex 293.734 10.7463 4
      vertex 292.578 9.81412 2.2
    endloop
  endfacet
  facet normal 0.272489 -0.726638 0.630671
    outer loop
      vertex 290.849 10.0706 2.2
      vertex 290.58 11.532 4
      vertex 290.572 11.529 4
    endloop
  endfacet
  facet normal 0.259776 -0.730331 0.63177
    outer loop
      vertex 290.58 11.532 4
      vertex 290.849 10.0706 2.2
      vertex 291.007 10.1268 2.2
    endloop
  endfacet
  facet normal 0.425536 -0.647555 0.632132
    outer loop
      vertex 290.556 9.9135 2.2
      vertex 289.747 11.139 4
      vertex 289.74 11.1344 4
    endloop
  endfacet
  facet normal 0.398708 -0.664746 0.631779
    outer loop
      vertex 289.747 11.139 4
      vertex 290.556 9.9135 2.2
      vertex 290.699 9.99927 2.2
    endloop
  endfacet
  facet normal -0.123518 0.766 0.630862
    outer loop
      vertex 291.832 6.83266 2.2
      vertex 291.811 5.34683 4
      vertex 291.819 5.34812 4
    endloop
  endfacet
  facet normal -0.113726 0.766846 0.631675
    outer loop
      vertex 291.811 5.34683 4
      vertex 291.832 6.83266 2.2
      vertex 291.667 6.80819 2.2
    endloop
  endfacet
  facet normal 0.774315 0.0371753 0.631707
    outer loop
      vertex 288.346 8.19821 4
      vertex 289.808 8.33337 2.2
      vertex 289.8 8.5 2.2
    endloop
  endfacet
  facet normal 0.769986 0.0877977 0.631992
    outer loop
      vertex 289.808 8.33337 2.2
      vertex 288.346 8.19821 4
      vertex 288.347 8.18944 4
    endloop
  endfacet
  facet normal 0.398625 -0.664803 0.631771
    outer loop
      vertex 290.699 9.99927 2.2
      vertex 290.006 11.2943 4
      vertex 289.747 11.139 4
    endloop
  endfacet
  facet normal -0.569594 -0.525779 0.631759
    outer loop
      vertex 292.702 9.70208 2.2
      vertex 293.746 10.7339 4
      vertex 293.74 10.7404 4
    endloop
  endfacet
  facet normal -0.574519 -0.520558 0.631622
    outer loop
      vertex 293.746 10.7339 4
      vertex 292.702 9.70208 2.2
      vertex 292.814 9.57847 2.2
    endloop
  endfacet
  facet normal 0.774454 -0.0359268 0.63161
    outer loop
      vertex 289.8 8.5 2.2
      vertex 288.346 8.80179 4
      vertex 288.332 8.5 4
    endloop
  endfacet
  facet normal -0.64748 -0.425973 0.631915
    outer loop
      vertex 292.914 9.44447 2.2
      vertex 294.139 10.2527 4
      vertex 294.134 10.2603 4
    endloop
  endfacet
  facet normal -0.666646 -0.395981 0.631492
    outer loop
      vertex 294.139 10.2527 4
      vertex 292.914 9.44447 2.2
      vertex 292.999 9.30137 2.2
    endloop
  endfacet
  facet normal -0.729053 -0.264469 0.631298
    outer loop
      vertex 293.071 9.15056 2.2
      vertex 294.532 9.41974 4
      vertex 294.529 9.42801 4
    endloop
  endfacet
  facet normal -0.730241 -0.260335 0.631644
    outer loop
      vertex 294.532 9.41974 4
      vertex 293.071 9.15056 2.2
      vertex 293.127 8.99348 2.2
    endloop
  endfacet
  facet normal -0.754963 -0.17743 0.631308
    outer loop
      vertex 293.127 8.99348 2.2
      vertex 294.534 9.41123 4
      vertex 294.532 9.41974 4
    endloop
  endfacet
  facet normal -0.752695 -0.186046 0.631535
    outer loop
      vertex 294.534 9.41123 4
      vertex 293.127 8.99348 2.2
      vertex 293.167 8.83165 2.2
    endloop
  endfacet
  facet normal 0.903091 -0.42945 0
    outer loop
      vertex 6.9294 142.151 2.2
      vertex 7.00073 142.301 0
      vertex 7.00073 142.301 2.2
    endloop
  endfacet
  facet normal 0.903091 -0.42945 0
    outer loop
      vertex 7.00073 142.301 0
      vertex 6.9294 142.151 2.2
      vertex 6.9294 142.151 0
    endloop
  endfacet
  facet normal -0.989155 -0.146875 0
    outer loop
      vertex 10.1918 141.667 0
      vertex 10.1673 141.832 2.2
      vertex 10.1673 141.832 0
    endloop
  endfacet
  facet normal -0.989155 -0.146875 0
    outer loop
      vertex 10.1673 141.832 2.2
      vertex 10.1918 141.667 0
      vertex 10.1918 141.667 2.2
    endloop
  endfacet
  facet normal -0.998797 -0.0490427 0
    outer loop
      vertex 10.2 141.5 0
      vertex 10.1918 141.667 2.2
      vertex 10.1918 141.667 0
    endloop
  endfacet
  facet normal -0.998797 -0.0490427 0
    outer loop
      vertex 10.1918 141.667 2.2
      vertex 10.2 141.5 0
      vertex 10.2 141.5 2.2
    endloop
  endfacet
  facet normal -0.969787 -0.243953 0
    outer loop
      vertex 10.1673 141.832 0
      vertex 10.1268 141.993 2.2
      vertex 10.1268 141.993 0
    endloop
  endfacet
  facet normal -0.969787 -0.243953 0
    outer loop
      vertex 10.1268 141.993 2.2
      vertex 10.1673 141.832 0
      vertex 10.1673 141.832 2.2
    endloop
  endfacet
  facet normal -0.149788 -0.988718 0
    outer loop
      vertex 8.66663 143.192 0
      vertex 8.83165 143.167 2.2
      vertex 8.66663 143.192 2.2
    endloop
  endfacet
  facet normal -0.149788 -0.988718 -0
    outer loop
      vertex 8.83165 143.167 2.2
      vertex 8.66663 143.192 0
      vertex 8.83165 143.167 0
    endloop
  endfacet
  facet normal 0.149788 -0.988718 0
    outer loop
      vertex 8.16835 143.167 0
      vertex 8.33337 143.192 2.2
      vertex 8.16835 143.167 2.2
    endloop
  endfacet
  facet normal 0.149788 -0.988718 0
    outer loop
      vertex 8.33337 143.192 2.2
      vertex 8.16835 143.167 0
      vertex 8.33337 143.192 0
    endloop
  endfacet
  facet normal -0.803211 -0.595695 0
    outer loop
      vertex 9.9135 142.444 0
      vertex 9.81412 142.578 2.2
      vertex 9.81412 142.578 0
    endloop
  endfacet
  facet normal -0.803211 -0.595695 0
    outer loop
      vertex 9.81412 142.578 2.2
      vertex 9.9135 142.444 0
      vertex 9.9135 142.444 2.2
    endloop
  endfacet
  facet normal -0.515112 0.857123 0
    outer loop
      vertex 9.44447 140.087 0
      vertex 9.30137 140.001 2.2
      vertex 9.44447 140.087 2.2
    endloop
  endfacet
  facet normal -0.515112 0.857123 0
    outer loop
      vertex 9.30137 140.001 2.2
      vertex 9.44447 140.087 0
      vertex 9.30137 140.001 0
    endloop
  endfacet
  facet normal -0.594222 -0.804301 0
    outer loop
      vertex 9.44447 142.913 0
      vertex 9.57847 142.814 2.2
      vertex 9.44447 142.913 2.2
    endloop
  endfacet
  facet normal -0.594222 -0.804301 -0
    outer loop
      vertex 9.57847 142.814 2.2
      vertex 9.44447 142.913 0
      vertex 9.57847 142.814 0
    endloop
  endfacet
  facet normal -0.998797 0.0490427 0
    outer loop
      vertex 10.1918 141.333 0
      vertex 10.2 141.5 2.2
      vertex 10.2 141.5 0
    endloop
  endfacet
  facet normal -0.998797 0.0490427 0
    outer loop
      vertex 10.2 141.5 2.2
      vertex 10.1918 141.333 0
      vertex 10.1918 141.333 2.2
    endloop
  endfacet
  facet normal 0.239952 -0.970785 0
    outer loop
      vertex 8.00652 143.127 0
      vertex 8.16835 143.167 2.2
      vertex 8.00652 143.127 2.2
    endloop
  endfacet
  facet normal 0.239952 -0.970785 0
    outer loop
      vertex 8.16835 143.167 2.2
      vertex 8.00652 143.127 0
      vertex 8.16835 143.167 0
    endloop
  endfacet
  facet normal 0.803211 -0.595695 0
    outer loop
      vertex 7.0865 142.444 2.2
      vertex 7.18588 142.578 0
      vertex 7.18588 142.578 2.2
    endloop
  endfacet
  facet normal 0.803211 -0.595695 0
    outer loop
      vertex 7.18588 142.578 0
      vertex 7.0865 142.444 2.2
      vertex 7.0865 142.444 0
    endloop
  endfacet
  facet normal 0.430816 0.90244 -0
    outer loop
      vertex 7.84944 139.929 0
      vertex 7.69862 140.001 2.2
      vertex 7.84944 139.929 2.2
    endloop
  endfacet
  facet normal 0.430816 0.90244 0
    outer loop
      vertex 7.69862 140.001 2.2
      vertex 7.84944 139.929 0
      vertex 7.69862 140.001 0
    endloop
  endfacet
  facet normal -0.430839 -0.902429 0
    outer loop
      vertex 9.15056 143.071 0
      vertex 9.30137 142.999 2.2
      vertex 9.15056 143.071 2.2
    endloop
  endfacet
  facet normal -0.430839 -0.902429 -0
    outer loop
      vertex 9.30137 142.999 2.2
      vertex 9.15056 143.071 0
      vertex 9.30137 142.999 0
    endloop
  endfacet
  facet normal 0.989181 0.146699 0
    outer loop
      vertex 6.83266 141.168 2.2
      vertex 6.80819 141.333 0
      vertex 6.80819 141.333 2.2
    endloop
  endfacet
  facet normal 0.989181 0.146699 0
    outer loop
      vertex 6.80819 141.333 0
      vertex 6.83266 141.168 2.2
      vertex 6.83266 141.168 0
    endloop
  endfacet
  facet normal -0.671448 0.741051 0
    outer loop
      vertex 9.70208 140.298 0
      vertex 9.57847 140.186 2.2
      vertex 9.70208 140.298 2.2
    endloop
  endfacet
  facet normal -0.671448 0.741051 0
    outer loop
      vertex 9.57847 140.186 2.2
      vertex 9.70208 140.298 0
      vertex 9.57847 140.186 0
    endloop
  endfacet
  facet normal 0.430816 -0.90244 0
    outer loop
      vertex 7.69862 142.999 0
      vertex 7.84944 143.071 2.2
      vertex 7.69862 142.999 2.2
    endloop
  endfacet
  facet normal 0.430816 -0.90244 0
    outer loop
      vertex 7.84944 143.071 2.2
      vertex 7.69862 142.999 0
      vertex 7.84944 143.071 0
    endloop
  endfacet
  facet normal -0.969787 0.243953 0
    outer loop
      vertex 10.1268 141.007 0
      vertex 10.1673 141.168 2.2
      vertex 10.1673 141.168 0
    endloop
  endfacet
  facet normal -0.969787 0.243953 0
    outer loop
      vertex 10.1673 141.168 2.2
      vertex 10.1268 141.007 0
      vertex 10.1268 141.007 2.2
    endloop
  endfacet
  facet normal -0.239952 0.970785 0
    outer loop
      vertex 8.99348 139.873 0
      vertex 8.83165 139.833 2.2
      vertex 8.99348 139.873 2.2
    endloop
  endfacet
  facet normal -0.239952 0.970785 0
    outer loop
      vertex 8.83165 139.833 2.2
      vertex 8.99348 139.873 0
      vertex 8.83165 139.833 0
    endloop
  endfacet
  facet normal 0.989181 -0.146699 0
    outer loop
      vertex 6.80819 141.667 2.2
      vertex 6.83266 141.832 0
      vertex 6.83266 141.832 2.2
    endloop
  endfacet
  facet normal 0.989181 -0.146699 0
    outer loop
      vertex 6.83266 141.832 0
      vertex 6.80819 141.667 2.2
      vertex 6.80819 141.667 0
    endloop
  endfacet
  facet normal -0.942173 -0.335127 0
    outer loop
      vertex 10.1268 141.993 0
      vertex 10.0706 142.151 2.2
      vertex 10.0706 142.151 0
    endloop
  endfacet
  facet normal -0.942173 -0.335127 0
    outer loop
      vertex 10.0706 142.151 2.2
      vertex 10.1268 141.993 0
      vertex 10.1268 141.993 2.2
    endloop
  endfacet
  facet normal 0.515139 0.857107 -0
    outer loop
      vertex 7.69862 140.001 0
      vertex 7.55553 140.087 2.2
      vertex 7.69862 140.001 2.2
    endloop
  endfacet
  facet normal 0.515139 0.857107 0
    outer loop
      vertex 7.55553 140.087 2.2
      vertex 7.69862 140.001 0
      vertex 7.55553 140.087 0
    endloop
  endfacet
  facet normal 0.96973 -0.244179 0
    outer loop
      vertex 6.83266 141.832 2.2
      vertex 6.8732 141.993 0
      vertex 6.8732 141.993 2.2
    endloop
  endfacet
  facet normal 0.96973 -0.244179 0
    outer loop
      vertex 6.8732 141.993 0
      vertex 6.83266 141.832 2.2
      vertex 6.83266 141.832 0
    endloop
  endfacet
  facet normal -0.803211 0.595695 0
    outer loop
      vertex 9.81412 140.422 0
      vertex 9.9135 140.556 2.2
      vertex 9.9135 140.556 0
    endloop
  endfacet
  facet normal -0.803211 0.595695 0
    outer loop
      vertex 9.9135 140.556 2.2
      vertex 9.81412 140.422 0
      vertex 9.81412 140.422 2.2
    endloop
  endfacet
  facet normal 0.594222 0.804301 -0
    outer loop
      vertex 7.55553 140.087 0
      vertex 7.42153 140.186 2.2
      vertex 7.55553 140.087 2.2
    endloop
  endfacet
  facet normal 0.594222 0.804301 0
    outer loop
      vertex 7.42153 140.186 2.2
      vertex 7.55553 140.087 0
      vertex 7.42153 140.186 0
    endloop
  endfacet
  facet normal 0.335805 0.941932 -0
    outer loop
      vertex 8.00652 139.873 0
      vertex 7.84944 139.929 2.2
      vertex 8.00652 139.873 2.2
    endloop
  endfacet
  facet normal 0.335805 0.941932 0
    outer loop
      vertex 7.84944 139.929 2.2
      vertex 8.00652 139.873 0
      vertex 7.84944 139.929 0
    endloop
  endfacet
  facet normal -0.335805 -0.941932 0
    outer loop
      vertex 8.99348 143.127 0
      vertex 9.15056 143.071 2.2
      vertex 8.99348 143.127 2.2
    endloop
  endfacet
  facet normal -0.335805 -0.941932 -0
    outer loop
      vertex 9.15056 143.071 2.2
      vertex 8.99348 143.127 0
      vertex 9.15056 143.071 0
    endloop
  endfacet
  facet normal 0.741984 0.670418 0
    outer loop
      vertex 7.29792 140.298 2.2
      vertex 7.18588 140.422 0
      vertex 7.18588 140.422 2.2
    endloop
  endfacet
  facet normal 0.741984 0.670418 0
    outer loop
      vertex 7.18588 140.422 0
      vertex 7.29792 140.298 2.2
      vertex 7.29792 140.298 0
    endloop
  endfacet
  facet normal -0.515112 -0.857123 0
    outer loop
      vertex 9.30137 142.999 0
      vertex 9.44447 142.913 2.2
      vertex 9.30137 142.999 2.2
    endloop
  endfacet
  facet normal -0.515112 -0.857123 -0
    outer loop
      vertex 9.44447 142.913 2.2
      vertex 9.30137 142.999 0
      vertex 9.44447 142.913 0
    endloop
  endfacet
  facet normal 0.335805 -0.941932 0
    outer loop
      vertex 7.84944 143.071 0
      vertex 8.00652 143.127 2.2
      vertex 7.84944 143.071 2.2
    endloop
  endfacet
  facet normal 0.335805 -0.941932 0
    outer loop
      vertex 8.00652 143.127 2.2
      vertex 7.84944 143.071 0
      vertex 8.00652 143.127 0
    endloop
  endfacet
  facet normal 0.903091 0.42945 0
    outer loop
      vertex 7.00073 140.699 2.2
      vertex 6.9294 140.849 0
      vertex 6.9294 140.849 2.2
    endloop
  endfacet
  facet normal 0.903091 0.42945 0
    outer loop
      vertex 6.9294 140.849 0
      vertex 7.00073 140.699 2.2
      vertex 7.00073 140.699 0
    endloop
  endfacet
  facet normal 0.942173 0.335127 0
    outer loop
      vertex 6.9294 140.849 2.2
      vertex 6.8732 141.007 0
      vertex 6.8732 141.007 2.2
    endloop
  endfacet
  facet normal 0.942173 0.335127 0
    outer loop
      vertex 6.8732 141.007 0
      vertex 6.9294 140.849 2.2
      vertex 6.9294 140.849 0
    endloop
  endfacet
  facet normal -0.903091 -0.42945 0
    outer loop
      vertex 10.0706 142.151 0
      vertex 9.99927 142.301 2.2
      vertex 9.99927 142.301 0
    endloop
  endfacet
  facet normal -0.903091 -0.42945 0
    outer loop
      vertex 9.99927 142.301 2.2
      vertex 10.0706 142.151 0
      vertex 10.0706 142.151 2.2
    endloop
  endfacet
  facet normal 0.96973 0.244179 0
    outer loop
      vertex 6.8732 141.007 2.2
      vertex 6.83266 141.168 0
      vertex 6.83266 141.168 2.2
    endloop
  endfacet
  facet normal 0.96973 0.244179 0
    outer loop
      vertex 6.83266 141.168 0
      vertex 6.8732 141.007 2.2
      vertex 6.8732 141.007 0
    endloop
  endfacet
  facet normal 0.594222 -0.804301 0
    outer loop
      vertex 7.42153 142.814 0
      vertex 7.55553 142.913 2.2
      vertex 7.42153 142.814 2.2
    endloop
  endfacet
  facet normal 0.594222 -0.804301 0
    outer loop
      vertex 7.55553 142.913 2.2
      vertex 7.42153 142.814 0
      vertex 7.55553 142.913 0
    endloop
  endfacet
  facet normal 0.149788 0.988718 -0
    outer loop
      vertex 8.33337 139.808 0
      vertex 8.16835 139.833 2.2
      vertex 8.33337 139.808 2.2
    endloop
  endfacet
  facet normal 0.149788 0.988718 0
    outer loop
      vertex 8.16835 139.833 2.2
      vertex 8.33337 139.808 0
      vertex 8.16835 139.833 0
    endloop
  endfacet
  facet normal -0.741984 0.670418 0
    outer loop
      vertex 9.70208 140.298 0
      vertex 9.81412 140.422 2.2
      vertex 9.81412 140.422 0
    endloop
  endfacet
  facet normal -0.741984 0.670418 0
    outer loop
      vertex 9.81412 140.422 2.2
      vertex 9.70208 140.298 0
      vertex 9.70208 140.298 2.2
    endloop
  endfacet
  facet normal -0.149788 0.988718 0
    outer loop
      vertex 8.83165 139.833 0
      vertex 8.66663 139.808 2.2
      vertex 8.83165 139.833 2.2
    endloop
  endfacet
  facet normal -0.149788 0.988718 0
    outer loop
      vertex 8.66663 139.808 2.2
      vertex 8.83165 139.833 0
      vertex 8.66663 139.808 0
    endloop
  endfacet
  facet normal 0.515139 -0.857107 0
    outer loop
      vertex 7.55553 142.913 0
      vertex 7.69862 142.999 2.2
      vertex 7.55553 142.913 2.2
    endloop
  endfacet
  facet normal 0.515139 -0.857107 0
    outer loop
      vertex 7.69862 142.999 2.2
      vertex 7.55553 142.913 0
      vertex 7.69862 142.999 0
    endloop
  endfacet
  facet normal -0.0479553 -0.998849 0
    outer loop
      vertex 8.5 143.2 0
      vertex 8.66663 143.192 2.2
      vertex 8.5 143.2 2.2
    endloop
  endfacet
  facet normal -0.0479553 -0.998849 -0
    outer loop
      vertex 8.66663 143.192 2.2
      vertex 8.5 143.2 0
      vertex 8.66663 143.192 0
    endloop
  endfacet
  facet normal 0.857572 0.514363 0
    outer loop
      vertex 7.0865 140.556 2.2
      vertex 7.00073 140.699 0
      vertex 7.00073 140.699 2.2
    endloop
  endfacet
  facet normal 0.857572 0.514363 0
    outer loop
      vertex 7.00073 140.699 0
      vertex 7.0865 140.556 2.2
      vertex 7.0865 140.556 0
    endloop
  endfacet
  facet normal -0.239952 -0.970785 0
    outer loop
      vertex 8.83165 143.167 0
      vertex 8.99348 143.127 2.2
      vertex 8.83165 143.167 2.2
    endloop
  endfacet
  facet normal -0.239952 -0.970785 -0
    outer loop
      vertex 8.99348 143.127 2.2
      vertex 8.83165 143.167 0
      vertex 8.99348 143.127 0
    endloop
  endfacet
  facet normal 0.942173 -0.335127 0
    outer loop
      vertex 6.8732 141.993 2.2
      vertex 6.9294 142.151 0
      vertex 6.9294 142.151 2.2
    endloop
  endfacet
  facet normal 0.942173 -0.335127 0
    outer loop
      vertex 6.9294 142.151 0
      vertex 6.8732 141.993 2.2
      vertex 6.8732 141.993 0
    endloop
  endfacet
  facet normal -0.671448 -0.741051 0
    outer loop
      vertex 9.57847 142.814 0
      vertex 9.70208 142.702 2.2
      vertex 9.57847 142.814 2.2
    endloop
  endfacet
  facet normal -0.671448 -0.741051 -0
    outer loop
      vertex 9.70208 142.702 2.2
      vertex 9.57847 142.814 0
      vertex 9.70208 142.702 0
    endloop
  endfacet
  facet normal 0.0479553 -0.998849 0
    outer loop
      vertex 8.33337 143.192 0
      vertex 8.5 143.2 2.2
      vertex 8.33337 143.192 2.2
    endloop
  endfacet
  facet normal 0.0479553 -0.998849 0
    outer loop
      vertex 8.5 143.2 2.2
      vertex 8.33337 143.192 0
      vertex 8.5 143.2 0
    endloop
  endfacet
  facet normal -0.430839 0.902429 0
    outer loop
      vertex 9.30137 140.001 0
      vertex 9.15056 139.929 2.2
      vertex 9.30137 140.001 2.2
    endloop
  endfacet
  facet normal -0.430839 0.902429 0
    outer loop
      vertex 9.15056 139.929 2.2
      vertex 9.30137 140.001 0
      vertex 9.15056 139.929 0
    endloop
  endfacet
  facet normal -0.989155 0.146875 0
    outer loop
      vertex 10.1673 141.168 0
      vertex 10.1918 141.333 2.2
      vertex 10.1918 141.333 0
    endloop
  endfacet
  facet normal -0.989155 0.146875 0
    outer loop
      vertex 10.1918 141.333 2.2
      vertex 10.1673 141.168 0
      vertex 10.1673 141.168 2.2
    endloop
  endfacet
  facet normal -0.857572 -0.514363 0
    outer loop
      vertex 9.99927 142.301 0
      vertex 9.9135 142.444 2.2
      vertex 9.9135 142.444 0
    endloop
  endfacet
  facet normal -0.857572 -0.514363 0
    outer loop
      vertex 9.9135 142.444 2.2
      vertex 9.99927 142.301 0
      vertex 9.99927 142.301 2.2
    endloop
  endfacet
  facet normal 0.0479553 0.998849 -0
    outer loop
      vertex 8.5 139.8 0
      vertex 8.33337 139.808 2.2
      vertex 8.5 139.8 2.2
    endloop
  endfacet
  facet normal 0.0479553 0.998849 0
    outer loop
      vertex 8.33337 139.808 2.2
      vertex 8.5 139.8 0
      vertex 8.33337 139.808 0
    endloop
  endfacet
  facet normal 0.671448 -0.741051 0
    outer loop
      vertex 7.29792 142.702 0
      vertex 7.42153 142.814 2.2
      vertex 7.29792 142.702 2.2
    endloop
  endfacet
  facet normal 0.671448 -0.741051 0
    outer loop
      vertex 7.42153 142.814 2.2
      vertex 7.29792 142.702 0
      vertex 7.42153 142.814 0
    endloop
  endfacet
  facet normal 0.741984 -0.670418 0
    outer loop
      vertex 7.18588 142.578 2.2
      vertex 7.29792 142.702 0
      vertex 7.29792 142.702 2.2
    endloop
  endfacet
  facet normal 0.741984 -0.670418 0
    outer loop
      vertex 7.29792 142.702 0
      vertex 7.18588 142.578 2.2
      vertex 7.18588 142.578 0
    endloop
  endfacet
  facet normal -0.903091 0.42945 0
    outer loop
      vertex 9.99927 140.699 0
      vertex 10.0706 140.849 2.2
      vertex 10.0706 140.849 0
    endloop
  endfacet
  facet normal -0.903091 0.42945 0
    outer loop
      vertex 10.0706 140.849 2.2
      vertex 9.99927 140.699 0
      vertex 9.99927 140.699 2.2
    endloop
  endfacet
  facet normal -0.0479553 0.998849 0
    outer loop
      vertex 8.66663 139.808 0
      vertex 8.5 139.8 2.2
      vertex 8.66663 139.808 2.2
    endloop
  endfacet
  facet normal -0.0479553 0.998849 0
    outer loop
      vertex 8.5 139.8 2.2
      vertex 8.66663 139.808 0
      vertex 8.5 139.8 0
    endloop
  endfacet
  facet normal 0.671448 0.741051 -0
    outer loop
      vertex 7.42153 140.186 0
      vertex 7.29792 140.298 2.2
      vertex 7.42153 140.186 2.2
    endloop
  endfacet
  facet normal 0.671448 0.741051 0
    outer loop
      vertex 7.29792 140.298 2.2
      vertex 7.42153 140.186 0
      vertex 7.29792 140.298 0
    endloop
  endfacet
  facet normal -0.942173 0.335127 0
    outer loop
      vertex 10.0706 140.849 0
      vertex 10.1268 141.007 2.2
      vertex 10.1268 141.007 0
    endloop
  endfacet
  facet normal -0.942173 0.335127 0
    outer loop
      vertex 10.1268 141.007 2.2
      vertex 10.0706 140.849 0
      vertex 10.0706 140.849 2.2
    endloop
  endfacet
  facet normal -0.741984 -0.670418 0
    outer loop
      vertex 9.81412 142.578 0
      vertex 9.70208 142.702 2.2
      vertex 9.70208 142.702 0
    endloop
  endfacet
  facet normal -0.741984 -0.670418 0
    outer loop
      vertex 9.70208 142.702 2.2
      vertex 9.81412 142.578 0
      vertex 9.81412 142.578 2.2
    endloop
  endfacet
  facet normal 0.239952 0.970785 -0
    outer loop
      vertex 8.16835 139.833 0
      vertex 8.00652 139.873 2.2
      vertex 8.16835 139.833 2.2
    endloop
  endfacet
  facet normal 0.239952 0.970785 0
    outer loop
      vertex 8.00652 139.873 2.2
      vertex 8.16835 139.833 0
      vertex 8.00652 139.873 0
    endloop
  endfacet
  facet normal -0.594222 0.804301 0
    outer loop
      vertex 9.57847 140.186 0
      vertex 9.44447 140.087 2.2
      vertex 9.57847 140.186 2.2
    endloop
  endfacet
  facet normal -0.594222 0.804301 0
    outer loop
      vertex 9.44447 140.087 2.2
      vertex 9.57847 140.186 0
      vertex 9.44447 140.087 0
    endloop
  endfacet
  facet normal -0.857572 0.514363 0
    outer loop
      vertex 9.9135 140.556 0
      vertex 9.99927 140.699 2.2
      vertex 9.99927 140.699 0
    endloop
  endfacet
  facet normal -0.857572 0.514363 0
    outer loop
      vertex 9.99927 140.699 2.2
      vertex 9.9135 140.556 0
      vertex 9.9135 140.556 2.2
    endloop
  endfacet
  facet normal 0.803211 0.595695 0
    outer loop
      vertex 7.18588 140.422 2.2
      vertex 7.0865 140.556 0
      vertex 7.0865 140.556 2.2
    endloop
  endfacet
  facet normal 0.803211 0.595695 0
    outer loop
      vertex 7.0865 140.556 0
      vertex 7.18588 140.422 2.2
      vertex 7.18588 140.422 0
    endloop
  endfacet
  facet normal 0.857572 -0.514363 0
    outer loop
      vertex 7.00073 142.301 2.2
      vertex 7.0865 142.444 0
      vertex 7.0865 142.444 2.2
    endloop
  endfacet
  facet normal 0.857572 -0.514363 0
    outer loop
      vertex 7.0865 142.444 0
      vertex 7.00073 142.301 2.2
      vertex 7.00073 142.301 0
    endloop
  endfacet
  facet normal -0.335805 0.941932 0
    outer loop
      vertex 9.15056 139.929 0
      vertex 8.99348 139.873 2.2
      vertex 9.15056 139.929 2.2
    endloop
  endfacet
  facet normal -0.335805 0.941932 0
    outer loop
      vertex 8.99348 139.873 2.2
      vertex 9.15056 139.929 0
      vertex 8.99348 139.873 0
    endloop
  endfacet
  facet normal 0.9988 -0.048983 0
    outer loop
      vertex 6.8 141.5 2.2
      vertex 6.80819 141.667 0
      vertex 6.80819 141.667 2.2
    endloop
  endfacet
  facet normal 0.9988 -0.048983 0
    outer loop
      vertex 6.80819 141.667 0
      vertex 6.8 141.5 2.2
      vertex 6.8 141.5 0
    endloop
  endfacet
  facet normal 0.9988 0.048983 0
    outer loop
      vertex 6.80819 141.333 2.2
      vertex 6.8 141.5 0
      vertex 6.8 141.5 2.2
    endloop
  endfacet
  facet normal 0.9988 0.048983 0
    outer loop
      vertex 6.8 141.5 0
      vertex 6.80819 141.333 2.2
      vertex 6.80819 141.333 0
    endloop
  endfacet
  facet normal -0.397961 -0.665289 0.631679
    outer loop
      vertex 10.2527 144.139 4
      vertex 9.99358 144.294 4
      vertex 9.30137 142.999 2.2
    endloop
  endfacet
  facet normal 0.622665 -0.461795 0.631691
    outer loop
      vertex 5.87078 143.267 4
      vertex 7.0865 142.444 2.2
      vertex 7.18588 142.578 2.2
    endloop
  endfacet
  facet normal 0.621066 -0.464025 0.631631
    outer loop
      vertex 7.0865 142.444 2.2
      vertex 5.87078 143.267 4
      vertex 5.86555 143.26 4
    endloop
  endfacet
  facet normal 0.520557 0.574518 0.631624
    outer loop
      vertex 7.29792 140.298 2.2
      vertex 6.26609 139.254 4
      vertex 7.42153 140.186 2.2
    endloop
  endfacet
  facet normal 0.525778 0.569593 0.63176
    outer loop
      vertex 6.26609 139.254 4
      vertex 7.29792 140.298 2.2
      vertex 6.25959 139.26 4
    endloop
  endfacet
  facet normal -0.774311 -0.0379464 0.631666
    outer loop
      vertex 11.6684 141.5 4
      vertex 11.6536 141.802 4
      vertex 10.2 141.5 2.2
    endloop
  endfacet
  facet normal -0.774537 -0.0344239 0.631592
    outer loop
      vertex 10.1918 141.667 2.2
      vertex 11.6536 141.802 4
      vertex 11.6532 141.811 4
    endloop
  endfacet
  facet normal -0.774303 -0.0380197 0.631672
    outer loop
      vertex 11.6536 141.802 4
      vertex 10.1918 141.667 2.2
      vertex 10.2 141.5 2.2
    endloop
  endfacet
  facet normal 0.574507 0.520416 0.63175
    outer loop
      vertex 6.25369 139.266 4
      vertex 7.18588 140.422 2.2
      vertex 6.05078 139.49 4
    endloop
  endfacet
  facet normal 0.730076 0.260752 0.631663
    outer loop
      vertex 5.57276 140.287 4
      vertex 6.9294 140.849 2.2
      vertex 5.47097 140.572 4
    endloop
  endfacet
  facet normal -0.622914 -0.461418 0.631721
    outer loop
      vertex 11.1292 143.267 4
      vertex 10.9492 143.51 4
      vertex 9.81412 142.578 2.2
    endloop
  endfacet
  facet normal 0.0877977 -0.769986 0.631992
    outer loop
      vertex 8.33337 143.192 2.2
      vertex 8.19821 144.654 4
      vertex 8.18944 144.653 4
    endloop
  endfacet
  facet normal 0.0371753 -0.774315 0.631707
    outer loop
      vertex 8.19821 144.654 4
      vertex 8.33337 143.192 2.2
      vertex 8.5 143.2 2.2
    endloop
  endfacet
  facet normal -0.461824 -0.622692 0.631643
    outer loop
      vertex 10.51 143.949 4
      vertex 10.2673 144.129 4
      vertex 9.57847 142.814 2.2
    endloop
  endfacet
  facet normal -0.664746 0.398708 0.631779
    outer loop
      vertex 9.9135 140.556 2.2
      vertex 11.139 139.747 4
      vertex 9.99927 140.699 2.2
    endloop
  endfacet
  facet normal -0.647555 0.425536 0.632132
    outer loop
      vertex 11.139 139.747 4
      vertex 9.9135 140.556 2.2
      vertex 11.1344 139.74 4
    endloop
  endfacet
  facet normal 0.331074 -0.701005 0.63165
    outer loop
      vertex 7.69862 142.999 2.2
      vertex 7.27956 144.423 4
      vertex 7.00642 144.294 4
    endloop
  endfacet
  facet normal 0.622911 -0.461416 0.631726
    outer loop
      vertex 7.18588 142.578 2.2
      vertex 6.05078 143.51 4
      vertex 5.87078 143.267 4
    endloop
  endfacet
  facet normal 0.574507 -0.520416 0.63175
    outer loop
      vertex 7.18588 142.578 2.2
      vertex 6.25369 143.734 4
      vertex 6.05078 143.51 4
    endloop
  endfacet
  facet normal 0.520753 0.574317 0.631646
    outer loop
      vertex 6.48997 139.051 4
      vertex 7.42153 140.186 2.2
      vertex 6.26609 139.254 4
    endloop
  endfacet
  facet normal -0.730331 0.259776 0.63177
    outer loop
      vertex 10.0706 140.849 2.2
      vertex 11.532 140.58 4
      vertex 10.1268 141.007 2.2
    endloop
  endfacet
  facet normal -0.726638 0.272489 0.630671
    outer loop
      vertex 11.532 140.58 4
      vertex 10.0706 140.849 2.2
      vertex 11.529 140.572 4
    endloop
  endfacet
  facet normal -0.730075 0.260778 0.631653
    outer loop
      vertex 11.4272 140.287 4
      vertex 11.529 140.572 4
      vertex 10.0706 140.849 2.2
    endloop
  endfacet
  facet normal 0.575211 0.519731 0.631675
    outer loop
      vertex 6.25369 139.266 4
      vertex 7.29792 140.298 2.2
      vertex 7.18588 140.422 2.2
    endloop
  endfacet
  facet normal 0.55254 0.543331 0.632053
    outer loop
      vertex 7.29792 140.298 2.2
      vertex 6.25369 139.266 4
      vertex 6.25959 139.26 4
    endloop
  endfacet
  facet normal -0.52073 0.574342 0.631641
    outer loop
      vertex 10.51 139.051 4
      vertex 10.7339 139.254 4
      vertex 9.57847 140.186 2.2
    endloop
  endfacet
  facet normal 0.261682 -0.729863 0.631524
    outer loop
      vertex 7.84944 143.071 2.2
      vertex 7.57199 144.529 4
      vertex 7.2875 144.427 4
    endloop
  endfacet
  facet normal 0.116139 0.766612 0.63152
    outer loop
      vertex 8.16835 139.833 2.2
      vertex 8.18944 138.347 4
      vertex 8.33337 139.808 2.2
    endloop
  endfacet
  facet normal 0.0884521 0.768649 0.633526
    outer loop
      vertex 8.18944 138.347 4
      vertex 8.16835 139.833 2.2
      vertex 8.18075 138.348 4
    endloop
  endfacet
  facet normal 0.700136 0.332938 0.631635
    outer loop
      vertex 5.57276 140.287 4
      vertex 7.00073 140.699 2.2
      vertex 6.9294 140.849 2.2
    endloop
  endfacet
  facet normal 0.685845 0.367417 0.62819
    outer loop
      vertex 7.00073 140.699 2.2
      vertex 5.57276 140.287 4
      vertex 5.57651 140.28 4
    endloop
  endfacet
  facet normal -0.52073 -0.574342 0.631641
    outer loop
      vertex 10.7339 143.746 4
      vertex 10.51 143.949 4
      vertex 9.57847 142.814 2.2
    endloop
  endfacet
  facet normal 0.448323 -0.632135 0.631991
    outer loop
      vertex 6.73267 144.129 4
      vertex 7.55553 142.913 2.2
      vertex 6.73972 144.134 4
    endloop
  endfacet
  facet normal 0.460621 -0.623467 0.631757
    outer loop
      vertex 7.55553 142.913 2.2
      vertex 6.73267 144.129 4
      vertex 7.42153 142.814 2.2
    endloop
  endfacet
  facet normal -0.461824 0.622692 0.631643
    outer loop
      vertex 10.2673 138.871 4
      vertex 10.51 139.051 4
      vertex 9.57847 140.186 2.2
    endloop
  endfacet
  facet normal -0.701147 0.330614 0.631734
    outer loop
      vertex 11.2943 140.006 4
      vertex 11.4235 140.28 4
      vertex 9.99927 140.699 2.2
    endloop
  endfacet
  facet normal 0.334062 0.699768 0.631449
    outer loop
      vertex 7.69862 140.001 2.2
      vertex 7.2875 138.573 4
      vertex 7.84944 139.929 2.2
    endloop
  endfacet
  facet normal 0.349393 0.693546 0.630015
    outer loop
      vertex 7.2875 138.573 4
      vertex 7.69862 140.001 2.2
      vertex 7.27956 138.577 4
    endloop
  endfacet
  facet normal -0.751795 0.189116 0.631695
    outer loop
      vertex 10.1268 141.007 2.2
      vertex 11.5341 140.589 4
      vertex 10.1673 141.168 2.2
    endloop
  endfacet
  facet normal -0.755202 0.176214 0.631363
    outer loop
      vertex 11.5341 140.589 4
      vertex 10.1268 141.007 2.2
      vertex 11.532 140.58 4
    endloop
  endfacet
  facet normal 0.461821 0.622689 0.631648
    outer loop
      vertex 6.73267 138.871 4
      vertex 7.42153 140.186 2.2
      vertex 6.48997 139.051 4
    endloop
  endfacet
  facet normal 0.774373 -0.0369978 0.631647
    outer loop
      vertex 5.3464 141.802 4
      vertex 6.80819 141.667 2.2
      vertex 5.34683 141.811 4
    endloop
  endfacet
  facet normal 0.774308 -0.0379736 0.631668
    outer loop
      vertex 6.80819 141.667 2.2
      vertex 5.3464 141.802 4
      vertex 6.8 141.5 2.2
    endloop
  endfacet
  facet normal -0.574522 0.520404 0.631747
    outer loop
      vertex 10.7463 139.266 4
      vertex 10.9492 139.49 4
      vertex 9.81412 140.422 2.2
    endloop
  endfacet
  facet normal 0.766 0.123518 0.630862
    outer loop
      vertex 6.83266 141.168 2.2
      vertex 5.34683 141.189 4
      vertex 5.34812 141.181 4
    endloop
  endfacet
  facet normal 0.766846 0.113726 0.631675
    outer loop
      vertex 5.34683 141.189 4
      vertex 6.83266 141.168 2.2
      vertex 6.80819 141.333 2.2
    endloop
  endfacet
  facet normal -0.622314 -0.462291 0.631674
    outer loop
      vertex 11.1292 143.267 4
      vertex 9.9135 142.444 2.2
      vertex 11.1344 143.26 4
    endloop
  endfacet
  facet normal -0.622668 -0.461797 0.631687
    outer loop
      vertex 9.9135 142.444 2.2
      vertex 11.1292 143.267 4
      vertex 9.81412 142.578 2.2
    endloop
  endfacet
  facet normal -0.17743 0.754963 0.631308
    outer loop
      vertex 8.99348 139.873 2.2
      vertex 9.41123 138.466 4
      vertex 9.41974 138.468 4
    endloop
  endfacet
  facet normal -0.186046 0.752695 0.631535
    outer loop
      vertex 9.41123 138.466 4
      vertex 8.99348 139.873 2.2
      vertex 8.83165 139.833 2.2
    endloop
  endfacet
  facet normal -0.752026 0.188391 0.631637
    outer loop
      vertex 11.5341 140.589 4
      vertex 11.6075 140.882 4
      vertex 10.1673 141.168 2.2
    endloop
  endfacet
  facet normal -0.331074 -0.701004 0.631651
    outer loop
      vertex 9.99358 144.294 4
      vertex 9.72044 144.423 4
      vertex 9.30137 142.999 2.2
    endloop
  endfacet
  facet normal 0.730333 0.259777 0.631767
    outer loop
      vertex 5.46801 140.58 4
      vertex 6.9294 140.849 2.2
      vertex 6.8732 141.007 2.2
    endloop
  endfacet
  facet normal 0.727605 0.269214 0.630963
    outer loop
      vertex 6.9294 140.849 2.2
      vertex 5.46801 140.58 4
      vertex 5.47097 140.572 4
    endloop
  endfacet
  facet normal 0.774306 0.0379974 0.63167
    outer loop
      vertex 5.3464 141.198 4
      vertex 6.8 141.5 2.2
      vertex 5.33158 141.5 4
    endloop
  endfacet
  facet normal 0.664759 0.398702 0.631769
    outer loop
      vertex 5.86104 139.747 4
      vertex 7.00073 140.699 2.2
      vertex 5.7057 140.006 4
    endloop
  endfacet
  facet normal 0.17743 -0.754963 0.631308
    outer loop
      vertex 8.00652 143.127 2.2
      vertex 7.58877 144.534 4
      vertex 7.58026 144.532 4
    endloop
  endfacet
  facet normal 0.186046 -0.752695 0.631535
    outer loop
      vertex 7.58877 144.534 4
      vertex 8.00652 143.127 2.2
      vertex 8.16835 143.167 2.2
    endloop
  endfacet
  facet normal 0.112889 0.766824 0.631852
    outer loop
      vertex 8.18075 138.348 4
      vertex 8.16835 139.833 2.2
      vertex 7.88187 138.392 4
    endloop
  endfacet
  facet normal 0.189739 -0.751522 0.631833
    outer loop
      vertex 8.16835 143.167 2.2
      vertex 7.88187 144.608 4
      vertex 7.58877 144.534 4
    endloop
  endfacet
  facet normal -0.701147 -0.330614 0.631734
    outer loop
      vertex 11.4235 142.72 4
      vertex 11.2943 142.994 4
      vertex 9.99927 142.301 2.2
    endloop
  endfacet
  facet normal 0.622665 0.461795 0.631691
    outer loop
      vertex 7.0865 140.556 2.2
      vertex 5.87078 139.733 4
      vertex 7.18588 140.422 2.2
    endloop
  endfacet
  facet normal 0.621066 0.464025 0.631631
    outer loop
      vertex 5.87078 139.733 4
      vertex 7.0865 140.556 2.2
      vertex 5.86555 139.74 4
    endloop
  endfacet
  facet normal -0.460623 0.62347 0.631752
    outer loop
      vertex 9.44447 140.087 2.2
      vertex 10.2673 138.871 4
      vertex 9.57847 140.186 2.2
    endloop
  endfacet
  facet normal -0.450462 0.630647 0.631956
    outer loop
      vertex 10.2673 138.871 4
      vertex 9.44447 140.087 2.2
      vertex 10.2603 138.866 4
    endloop
  endfacet
  facet normal -0.525779 0.569594 0.631759
    outer loop
      vertex 9.70208 140.298 2.2
      vertex 10.7339 139.254 4
      vertex 10.7404 139.26 4
    endloop
  endfacet
  facet normal -0.520558 0.574519 0.631622
    outer loop
      vertex 10.7339 139.254 4
      vertex 9.70208 140.298 2.2
      vertex 9.57847 140.186 2.2
    endloop
  endfacet
  facet normal -0.774311 0.0379464 0.631666
    outer loop
      vertex 11.6536 141.198 4
      vertex 11.6684 141.5 4
      vertex 10.2 141.5 2.2
    endloop
  endfacet
  facet normal 0.664752 0.398712 0.63177
    outer loop
      vertex 5.86104 139.747 4
      vertex 7.0865 140.556 2.2
      vertex 7.00073 140.699 2.2
    endloop
  endfacet
  facet normal 0.651394 0.419684 0.632101
    outer loop
      vertex 7.0865 140.556 2.2
      vertex 5.86104 139.747 4
      vertex 5.86555 139.74 4
    endloop
  endfacet
  facet normal -0.331074 0.701004 0.631651
    outer loop
      vertex 9.72044 138.577 4
      vertex 9.99358 138.706 4
      vertex 9.30137 140.001 2.2
    endloop
  endfacet
  facet normal 0.701157 0.330593 0.631733
    outer loop
      vertex 5.7057 140.006 4
      vertex 7.00073 140.699 2.2
      vertex 5.57651 140.28 4
    endloop
  endfacet
  facet normal 0.622911 0.461416 0.631726
    outer loop
      vertex 6.05078 139.49 4
      vertex 7.18588 140.422 2.2
      vertex 5.87078 139.733 4
    endloop
  endfacet
  facet normal 0.651394 -0.419684 0.632101
    outer loop
      vertex 5.86104 143.253 4
      vertex 7.0865 142.444 2.2
      vertex 5.86555 143.26 4
    endloop
  endfacet
  facet normal 0.664752 -0.398712 0.63177
    outer loop
      vertex 7.0865 142.444 2.2
      vertex 5.86104 143.253 4
      vertex 7.00073 142.301 2.2
    endloop
  endfacet
  facet normal 0.730076 -0.260752 0.631663
    outer loop
      vertex 6.9294 142.151 2.2
      vertex 5.57276 142.713 4
      vertex 5.47097 142.428 4
    endloop
  endfacet
  facet normal 0.261682 0.729863 0.631524
    outer loop
      vertex 7.57199 138.471 4
      vertex 7.84944 139.929 2.2
      vertex 7.2875 138.573 4
    endloop
  endfacet
  facet normal 0.260335 0.730241 0.631644
    outer loop
      vertex 7.84944 139.929 2.2
      vertex 7.58026 138.468 4
      vertex 8.00652 139.873 2.2
    endloop
  endfacet
  facet normal 0.264469 0.729053 0.631298
    outer loop
      vertex 7.58026 138.468 4
      vertex 7.84944 139.929 2.2
      vertex 7.57199 138.471 4
    endloop
  endfacet
  facet normal -0.730075 -0.260778 0.631653
    outer loop
      vertex 11.529 142.428 4
      vertex 11.4272 142.713 4
      vertex 10.0706 142.151 2.2
    endloop
  endfacet
  facet normal 0.112889 -0.766824 0.631852
    outer loop
      vertex 8.16835 143.167 2.2
      vertex 8.18075 144.652 4
      vertex 7.88187 144.608 4
    endloop
  endfacet
  facet normal -0.0371753 -0.774315 0.631707
    outer loop
      vertex 8.66663 143.192 2.2
      vertex 8.80179 144.654 4
      vertex 8.5 143.2 2.2
    endloop
  endfacet
  facet normal -0.0877977 -0.769986 0.631992
    outer loop
      vertex 8.80179 144.654 4
      vertex 8.66663 143.192 2.2
      vertex 8.81056 144.653 4
    endloop
  endfacet
  facet normal -0.397961 0.665289 0.631679
    outer loop
      vertex 9.99358 138.706 4
      vertex 10.2527 138.861 4
      vertex 9.30137 140.001 2.2
    endloop
  endfacet
  facet normal -0.112885 0.766825 0.631852
    outer loop
      vertex 9.11813 138.392 4
      vertex 8.83165 139.833 2.2
      vertex 8.81924 138.348 4
    endloop
  endfacet
  facet normal -0.189739 -0.751522 0.631833
    outer loop
      vertex 9.41123 144.534 4
      vertex 9.11813 144.608 4
      vertex 8.83165 143.167 2.2
    endloop
  endfacet
  facet normal 0.189739 0.751522 0.631833
    outer loop
      vertex 7.88187 138.392 4
      vertex 8.16835 139.833 2.2
      vertex 7.58877 138.466 4
    endloop
  endfacet
  facet normal -0.76682 0.113861 0.631682
    outer loop
      vertex 10.1673 141.168 2.2
      vertex 11.6532 141.189 4
      vertex 10.1918 141.333 2.2
    endloop
  endfacet
  facet normal -0.7659 0.124459 0.630799
    outer loop
      vertex 11.6532 141.189 4
      vertex 10.1673 141.168 2.2
      vertex 11.6519 141.181 4
    endloop
  endfacet
  facet normal 0.0359268 -0.774454 0.63161
    outer loop
      vertex 8.5 143.2 2.2
      vertex 8.5 144.668 4
      vertex 8.19821 144.654 4
    endloop
  endfacet
  facet normal 0.397905 0.665322 0.631679
    outer loop
      vertex 7.00642 138.706 4
      vertex 7.69862 140.001 2.2
      vertex 6.74725 138.861 4
    endloop
  endfacet
  facet normal -0.116139 -0.766612 0.63152
    outer loop
      vertex 8.83165 143.167 2.2
      vertex 8.81056 144.653 4
      vertex 8.66663 143.192 2.2
    endloop
  endfacet
  facet normal -0.0885533 -0.768643 0.63352
    outer loop
      vertex 8.81056 144.653 4
      vertex 8.83165 143.167 2.2
      vertex 8.81924 144.652 4
    endloop
  endfacet
  facet normal -0.766843 0.113872 0.631653
    outer loop
      vertex 11.6075 140.882 4
      vertex 11.6519 141.181 4
      vertex 10.1673 141.168 2.2
    endloop
  endfacet
  facet normal -0.264469 0.729053 0.631298
    outer loop
      vertex 9.15056 139.929 2.2
      vertex 9.41974 138.468 4
      vertex 9.42801 138.471 4
    endloop
  endfacet
  facet normal -0.260335 0.730241 0.631644
    outer loop
      vertex 9.41974 138.468 4
      vertex 9.15056 139.929 2.2
      vertex 8.99348 139.873 2.2
    endloop
  endfacet
  facet normal 0.520753 -0.574317 0.631646
    outer loop
      vertex 7.42153 142.814 2.2
      vertex 6.48997 143.949 4
      vertex 6.26609 143.746 4
    endloop
  endfacet
  facet normal 0.461821 -0.622689 0.631648
    outer loop
      vertex 7.42153 142.814 2.2
      vertex 6.73267 144.129 4
      vertex 6.48997 143.949 4
    endloop
  endfacet
  facet normal -0.425877 0.647333 0.632131
    outer loop
      vertex 9.44447 140.087 2.2
      vertex 10.2527 138.861 4
      vertex 10.2603 138.866 4
    endloop
  endfacet
  facet normal -0.399279 0.664382 0.631801
    outer loop
      vertex 10.2527 138.861 4
      vertex 9.44447 140.087 2.2
      vertex 9.30137 140.001 2.2
    endloop
  endfacet
  facet normal -0.774303 0.0380197 0.631672
    outer loop
      vertex 10.1918 141.333 2.2
      vertex 11.6536 141.198 4
      vertex 10.2 141.5 2.2
    endloop
  endfacet
  facet normal -0.774537 0.0344239 0.631592
    outer loop
      vertex 11.6536 141.198 4
      vertex 10.1918 141.333 2.2
      vertex 11.6532 141.189 4
    endloop
  endfacet
  facet normal 0.754582 -0.178584 0.631437
    outer loop
      vertex 5.46588 142.411 4
      vertex 6.8732 141.993 2.2
      vertex 5.46801 142.42 4
    endloop
  endfacet
  facet normal 0.751744 -0.18929 0.631704
    outer loop
      vertex 6.8732 141.993 2.2
      vertex 5.46588 142.411 4
      vertex 6.83266 141.832 2.2
    endloop
  endfacet
  facet normal -0.261682 -0.729863 0.631524
    outer loop
      vertex 9.7125 144.427 4
      vertex 9.42801 144.529 4
      vertex 9.15056 143.071 2.2
    endloop
  endfacet
  facet normal -0.349393 0.693545 0.630016
    outer loop
      vertex 9.30137 140.001 2.2
      vertex 9.7125 138.573 4
      vertex 9.72044 138.577 4
    endloop
  endfacet
  facet normal -0.33408 0.699759 0.631448
    outer loop
      vertex 9.7125 138.573 4
      vertex 9.30137 140.001 2.2
      vertex 9.15056 139.929 2.2
    endloop
  endfacet
  facet normal -0.574522 -0.520404 0.631747
    outer loop
      vertex 10.9492 143.51 4
      vertex 10.7463 143.734 4
      vertex 9.81412 142.578 2.2
    endloop
  endfacet
  facet normal -0.33408 -0.699759 0.631448
    outer loop
      vertex 9.30137 142.999 2.2
      vertex 9.7125 144.427 4
      vertex 9.15056 143.071 2.2
    endloop
  endfacet
  facet normal -0.349393 -0.693545 0.630016
    outer loop
      vertex 9.7125 144.427 4
      vertex 9.30137 142.999 2.2
      vertex 9.72044 144.423 4
    endloop
  endfacet
  facet normal 0.766868 0.113722 0.631649
    outer loop
      vertex 5.39246 140.882 4
      vertex 6.83266 141.168 2.2
      vertex 5.34812 141.181 4
    endloop
  endfacet
  facet normal 0.331074 0.701005 0.63165
    outer loop
      vertex 7.27956 138.577 4
      vertex 7.69862 140.001 2.2
      vertex 7.00642 138.706 4
    endloop
  endfacet
  facet normal -0.399279 -0.664382 0.631801
    outer loop
      vertex 9.44447 142.913 2.2
      vertex 10.2527 144.139 4
      vertex 9.30137 142.999 2.2
    endloop
  endfacet
  facet normal -0.425877 -0.647333 0.632131
    outer loop
      vertex 10.2527 144.139 4
      vertex 9.44447 142.913 2.2
      vertex 10.2603 144.134 4
    endloop
  endfacet
  facet normal 0.349393 -0.693546 0.630015
    outer loop
      vertex 7.69862 142.999 2.2
      vertex 7.2875 144.427 4
      vertex 7.27956 144.423 4
    endloop
  endfacet
  facet normal 0.334062 -0.699768 0.631449
    outer loop
      vertex 7.2875 144.427 4
      vertex 7.69862 142.999 2.2
      vertex 7.84944 143.071 2.2
    endloop
  endfacet
  facet normal 0.727605 -0.269214 0.630963
    outer loop
      vertex 5.46801 142.42 4
      vertex 6.9294 142.151 2.2
      vertex 5.47097 142.428 4
    endloop
  endfacet
  facet normal 0.730333 -0.259777 0.631767
    outer loop
      vertex 6.9294 142.151 2.2
      vertex 5.46801 142.42 4
      vertex 6.8732 141.993 2.2
    endloop
  endfacet
  facet normal -0.687567 -0.363428 0.628627
    outer loop
      vertex 9.99927 142.301 2.2
      vertex 11.4272 142.713 4
      vertex 11.4235 142.72 4
    endloop
  endfacet
  facet normal -0.700142 -0.332941 0.631626
    outer loop
      vertex 11.4272 142.713 4
      vertex 9.99927 142.301 2.2
      vertex 10.0706 142.151 2.2
    endloop
  endfacet
  facet normal -0.664803 0.398625 0.631771
    outer loop
      vertex 11.139 139.747 4
      vertex 11.2943 140.006 4
      vertex 9.99927 140.699 2.2
    endloop
  endfacet
  facet normal 0.752015 -0.18844 0.631636
    outer loop
      vertex 6.83266 141.832 2.2
      vertex 5.46588 142.411 4
      vertex 5.39246 142.118 4
    endloop
  endfacet
  facet normal 0.664759 -0.398702 0.631769
    outer loop
      vertex 7.00073 142.301 2.2
      vertex 5.86104 143.253 4
      vertex 5.7057 142.994 4
    endloop
  endfacet
  facet normal -0.450462 -0.630647 0.631956
    outer loop
      vertex 9.44447 142.913 2.2
      vertex 10.2673 144.129 4
      vertex 10.2603 144.134 4
    endloop
  endfacet
  facet normal -0.460623 -0.62347 0.631752
    outer loop
      vertex 10.2673 144.129 4
      vertex 9.44447 142.913 2.2
      vertex 9.57847 142.814 2.2
    endloop
  endfacet
  facet normal -0.575212 0.519732 0.631673
    outer loop
      vertex 9.70208 140.298 2.2
      vertex 10.7463 139.266 4
      vertex 9.81412 140.422 2.2
    endloop
  endfacet
  facet normal -0.552541 0.543332 0.632051
    outer loop
      vertex 10.7463 139.266 4
      vertex 9.70208 140.298 2.2
      vertex 10.7404 139.26 4
    endloop
  endfacet
  facet normal -0.261682 0.729863 0.631524
    outer loop
      vertex 9.42801 138.471 4
      vertex 9.7125 138.573 4
      vertex 9.15056 139.929 2.2
    endloop
  endfacet
  facet normal 0.460621 0.623467 0.631757
    outer loop
      vertex 6.73267 138.871 4
      vertex 7.55553 140.087 2.2
      vertex 7.42153 140.186 2.2
    endloop
  endfacet
  facet normal 0.448323 0.632135 0.631991
    outer loop
      vertex 7.55553 140.087 2.2
      vertex 6.73267 138.871 4
      vertex 6.73972 138.866 4
    endloop
  endfacet
  facet normal -0.622314 0.462291 0.631674
    outer loop
      vertex 9.9135 140.556 2.2
      vertex 11.1292 139.733 4
      vertex 11.1344 139.74 4
    endloop
  endfacet
  facet normal -0.622668 0.461797 0.631687
    outer loop
      vertex 11.1292 139.733 4
      vertex 9.9135 140.556 2.2
      vertex 9.81412 140.422 2.2
    endloop
  endfacet
  facet normal -0.700142 0.332941 0.631626
    outer loop
      vertex 9.99927 140.699 2.2
      vertex 11.4272 140.287 4
      vertex 10.0706 140.849 2.2
    endloop
  endfacet
  facet normal -0.687567 0.363428 0.628627
    outer loop
      vertex 11.4272 140.287 4
      vertex 9.99927 140.699 2.2
      vertex 11.4235 140.28 4
    endloop
  endfacet
  facet normal -0.0359268 0.774454 0.63161
    outer loop
      vertex 8.80179 138.346 4
      vertex 8.5 139.8 2.2
      vertex 8.5 138.332 4
    endloop
  endfacet
  facet normal 0.0371753 0.774315 0.631707
    outer loop
      vertex 8.33337 139.808 2.2
      vertex 8.19821 138.346 4
      vertex 8.5 139.8 2.2
    endloop
  endfacet
  facet normal 0.0877977 0.769986 0.631992
    outer loop
      vertex 8.19821 138.346 4
      vertex 8.33337 139.808 2.2
      vertex 8.18944 138.347 4
    endloop
  endfacet
  facet normal -0.189739 0.751522 0.631833
    outer loop
      vertex 9.11813 138.392 4
      vertex 9.41123 138.466 4
      vertex 8.83165 139.833 2.2
    endloop
  endfacet
  facet normal 0.766 -0.123518 0.630862
    outer loop
      vertex 5.34683 141.811 4
      vertex 6.83266 141.832 2.2
      vertex 5.34812 141.819 4
    endloop
  endfacet
  facet normal 0.766846 -0.113726 0.631675
    outer loop
      vertex 6.83266 141.832 2.2
      vertex 5.34683 141.811 4
      vertex 6.80819 141.667 2.2
    endloop
  endfacet
  facet normal 0.0359268 0.774454 0.63161
    outer loop
      vertex 8.5 138.332 4
      vertex 8.5 139.8 2.2
      vertex 8.19821 138.346 4
    endloop
  endfacet
  facet normal 0.685845 -0.367417 0.62819
    outer loop
      vertex 5.57276 142.713 4
      vertex 7.00073 142.301 2.2
      vertex 5.57651 142.72 4
    endloop
  endfacet
  facet normal 0.700136 -0.332938 0.631635
    outer loop
      vertex 7.00073 142.301 2.2
      vertex 5.57276 142.713 4
      vertex 6.9294 142.151 2.2
    endloop
  endfacet
  facet normal 0.186046 0.752695 0.631535
    outer loop
      vertex 8.00652 139.873 2.2
      vertex 7.58877 138.466 4
      vertex 8.16835 139.833 2.2
    endloop
  endfacet
  facet normal 0.17743 0.754963 0.631308
    outer loop
      vertex 7.58877 138.466 4
      vertex 8.00652 139.873 2.2
      vertex 7.58026 138.468 4
    endloop
  endfacet
  facet normal -0.0359268 -0.774454 0.63161
    outer loop
      vertex 8.80179 144.654 4
      vertex 8.5 144.668 4
      vertex 8.5 143.2 2.2
    endloop
  endfacet
  facet normal 0.55254 -0.543331 0.632053
    outer loop
      vertex 6.25369 143.734 4
      vertex 7.29792 142.702 2.2
      vertex 6.25959 143.74 4
    endloop
  endfacet
  facet normal 0.575211 -0.519731 0.631675
    outer loop
      vertex 7.29792 142.702 2.2
      vertex 6.25369 143.734 4
      vertex 7.18588 142.578 2.2
    endloop
  endfacet
  facet normal -0.622914 0.461418 0.631721
    outer loop
      vertex 10.9492 139.49 4
      vertex 11.1292 139.733 4
      vertex 9.81412 140.422 2.2
    endloop
  endfacet
  facet normal -0.0877977 0.769986 0.631992
    outer loop
      vertex 8.66663 139.808 2.2
      vertex 8.80179 138.346 4
      vertex 8.81056 138.347 4
    endloop
  endfacet
  facet normal -0.0371753 0.774315 0.631707
    outer loop
      vertex 8.80179 138.346 4
      vertex 8.66663 139.808 2.2
      vertex 8.5 139.8 2.2
    endloop
  endfacet
  facet normal -0.260335 -0.730241 0.631644
    outer loop
      vertex 9.15056 143.071 2.2
      vertex 9.41974 144.532 4
      vertex 8.99348 143.127 2.2
    endloop
  endfacet
  facet normal -0.264469 -0.729053 0.631298
    outer loop
      vertex 9.41974 144.532 4
      vertex 9.15056 143.071 2.2
      vertex 9.42801 144.529 4
    endloop
  endfacet
  facet normal -0.112885 -0.766825 0.631852
    outer loop
      vertex 8.83165 143.167 2.2
      vertex 9.11813 144.608 4
      vertex 8.81924 144.652 4
    endloop
  endfacet
  facet normal -0.186046 -0.752695 0.631535
    outer loop
      vertex 8.99348 143.127 2.2
      vertex 9.41123 144.534 4
      vertex 8.83165 143.167 2.2
    endloop
  endfacet
  facet normal -0.17743 -0.754963 0.631308
    outer loop
      vertex 9.41123 144.534 4
      vertex 8.99348 143.127 2.2
      vertex 9.41974 144.532 4
    endloop
  endfacet
  facet normal -0.664803 -0.398625 0.631771
    outer loop
      vertex 11.2943 142.994 4
      vertex 11.139 143.253 4
      vertex 9.99927 142.301 2.2
    endloop
  endfacet
  facet normal -0.752026 -0.188391 0.631637
    outer loop
      vertex 11.6075 142.118 4
      vertex 11.5341 142.411 4
      vertex 10.1673 141.832 2.2
    endloop
  endfacet
  facet normal 0.399297 0.664365 0.631808
    outer loop
      vertex 7.55553 140.087 2.2
      vertex 6.74725 138.861 4
      vertex 7.69862 140.001 2.2
    endloop
  endfacet
  facet normal 0.428626 0.64551 0.632136
    outer loop
      vertex 6.74725 138.861 4
      vertex 7.55553 140.087 2.2
      vertex 6.73972 138.866 4
    endloop
  endfacet
  facet normal 0.766868 -0.113722 0.631649
    outer loop
      vertex 6.83266 141.832 2.2
      vertex 5.39246 142.118 4
      vertex 5.34812 141.819 4
    endloop
  endfacet
  facet normal 0.701157 -0.330593 0.631733
    outer loop
      vertex 7.00073 142.301 2.2
      vertex 5.7057 142.994 4
      vertex 5.57651 142.72 4
    endloop
  endfacet
  facet normal -0.766843 -0.113872 0.631653
    outer loop
      vertex 11.6519 141.819 4
      vertex 11.6075 142.118 4
      vertex 10.1673 141.832 2.2
    endloop
  endfacet
  facet normal -0.7659 -0.124459 0.630799
    outer loop
      vertex 10.1673 141.832 2.2
      vertex 11.6532 141.811 4
      vertex 11.6519 141.819 4
    endloop
  endfacet
  facet normal -0.76682 -0.113861 0.631682
    outer loop
      vertex 11.6532 141.811 4
      vertex 10.1673 141.832 2.2
      vertex 10.1918 141.667 2.2
    endloop
  endfacet
  facet normal 0.751744 0.18929 0.631704
    outer loop
      vertex 5.46588 140.589 4
      vertex 6.8732 141.007 2.2
      vertex 6.83266 141.168 2.2
    endloop
  endfacet
  facet normal 0.754582 0.178584 0.631437
    outer loop
      vertex 6.8732 141.007 2.2
      vertex 5.46588 140.589 4
      vertex 5.46801 140.58 4
    endloop
  endfacet
  facet normal 0.752015 0.18844 0.631636
    outer loop
      vertex 5.46588 140.589 4
      vertex 6.83266 141.168 2.2
      vertex 5.39246 140.882 4
    endloop
  endfacet
  facet normal 0.520557 -0.574518 0.631624
    outer loop
      vertex 6.26609 143.746 4
      vertex 7.29792 142.702 2.2
      vertex 7.42153 142.814 2.2
    endloop
  endfacet
  facet normal 0.525778 -0.569593 0.63176
    outer loop
      vertex 7.29792 142.702 2.2
      vertex 6.26609 143.746 4
      vertex 6.25959 143.74 4
    endloop
  endfacet
  facet normal 0.0884521 -0.768649 0.633526
    outer loop
      vertex 8.16835 143.167 2.2
      vertex 8.18944 144.653 4
      vertex 8.18075 144.652 4
    endloop
  endfacet
  facet normal 0.116139 -0.766612 0.63152
    outer loop
      vertex 8.18944 144.653 4
      vertex 8.16835 143.167 2.2
      vertex 8.33337 143.192 2.2
    endloop
  endfacet
  facet normal -0.525779 -0.569594 0.631759
    outer loop
      vertex 10.7339 143.746 4
      vertex 9.70208 142.702 2.2
      vertex 10.7404 143.74 4
    endloop
  endfacet
  facet normal -0.520558 -0.574519 0.631622
    outer loop
      vertex 9.70208 142.702 2.2
      vertex 10.7339 143.746 4
      vertex 9.57847 142.814 2.2
    endloop
  endfacet
  facet normal 0.264469 -0.729053 0.631298
    outer loop
      vertex 7.84944 143.071 2.2
      vertex 7.58026 144.532 4
      vertex 7.57199 144.529 4
    endloop
  endfacet
  facet normal 0.260335 -0.730241 0.631644
    outer loop
      vertex 7.58026 144.532 4
      vertex 7.84944 143.071 2.2
      vertex 8.00652 143.127 2.2
    endloop
  endfacet
  facet normal 0.428626 -0.64551 0.632136
    outer loop
      vertex 7.55553 142.913 2.2
      vertex 6.74725 144.139 4
      vertex 6.73972 144.134 4
    endloop
  endfacet
  facet normal 0.399297 -0.664365 0.631808
    outer loop
      vertex 6.74725 144.139 4
      vertex 7.55553 142.913 2.2
      vertex 7.69862 142.999 2.2
    endloop
  endfacet
  facet normal -0.0885533 0.768643 0.63352
    outer loop
      vertex 8.83165 139.833 2.2
      vertex 8.81056 138.347 4
      vertex 8.81924 138.348 4
    endloop
  endfacet
  facet normal -0.116139 0.766612 0.63152
    outer loop
      vertex 8.81056 138.347 4
      vertex 8.83165 139.833 2.2
      vertex 8.66663 139.808 2.2
    endloop
  endfacet
  facet normal 0.774308 0.0379736 0.631668
    outer loop
      vertex 5.3464 141.198 4
      vertex 6.80819 141.333 2.2
      vertex 6.8 141.5 2.2
    endloop
  endfacet
  facet normal 0.774373 0.0369978 0.631647
    outer loop
      vertex 6.80819 141.333 2.2
      vertex 5.3464 141.198 4
      vertex 5.34683 141.189 4
    endloop
  endfacet
  facet normal 0.397905 -0.665322 0.631679
    outer loop
      vertex 7.69862 142.999 2.2
      vertex 7.00642 144.294 4
      vertex 6.74725 144.139 4
    endloop
  endfacet
  facet normal -0.552541 -0.543332 0.632051
    outer loop
      vertex 9.70208 142.702 2.2
      vertex 10.7463 143.734 4
      vertex 10.7404 143.74 4
    endloop
  endfacet
  facet normal -0.575212 -0.519732 0.631673
    outer loop
      vertex 10.7463 143.734 4
      vertex 9.70208 142.702 2.2
      vertex 9.81412 142.578 2.2
    endloop
  endfacet
  facet normal 0.774306 -0.0379974 0.63167
    outer loop
      vertex 6.8 141.5 2.2
      vertex 5.3464 141.802 4
      vertex 5.33158 141.5 4
    endloop
  endfacet
  facet normal -0.647555 -0.425536 0.632132
    outer loop
      vertex 9.9135 142.444 2.2
      vertex 11.139 143.253 4
      vertex 11.1344 143.26 4
    endloop
  endfacet
  facet normal -0.664746 -0.398708 0.631779
    outer loop
      vertex 11.139 143.253 4
      vertex 9.9135 142.444 2.2
      vertex 9.99927 142.301 2.2
    endloop
  endfacet
  facet normal -0.726638 -0.272489 0.630671
    outer loop
      vertex 10.0706 142.151 2.2
      vertex 11.532 142.42 4
      vertex 11.529 142.428 4
    endloop
  endfacet
  facet normal -0.730331 -0.259776 0.63177
    outer loop
      vertex 11.532 142.42 4
      vertex 10.0706 142.151 2.2
      vertex 10.1268 141.993 2.2
    endloop
  endfacet
  facet normal -0.755202 -0.176214 0.631363
    outer loop
      vertex 10.1268 141.993 2.2
      vertex 11.5341 142.411 4
      vertex 11.532 142.42 4
    endloop
  endfacet
  facet normal -0.751795 -0.189116 0.631695
    outer loop
      vertex 11.5341 142.411 4
      vertex 10.1268 141.993 2.2
      vertex 10.1673 141.832 2.2
    endloop
  endfacet
  facet normal 0.901523 -0.432731 0
    outer loop
      vertex 289.929 142.151 2.2
      vertex 290.001 142.301 0
      vertex 290.001 142.301 2.2
    endloop
  endfacet
  facet normal 0.901523 -0.432731 0
    outer loop
      vertex 290.001 142.301 0
      vertex 289.929 142.151 2.2
      vertex 289.929 142.151 0
    endloop
  endfacet
  facet normal -0.988716 -0.149805 0
    outer loop
      vertex 293.192 141.667 0
      vertex 293.167 141.832 2.2
      vertex 293.167 141.832 0
    endloop
  endfacet
  facet normal -0.988716 -0.149805 0
    outer loop
      vertex 293.167 141.832 2.2
      vertex 293.192 141.667 0
      vertex 293.192 141.667 2.2
    endloop
  endfacet
  facet normal -0.998855 -0.0478493 0
    outer loop
      vertex 293.2 141.5 0
      vertex 293.192 141.667 2.2
      vertex 293.192 141.667 0
    endloop
  endfacet
  facet normal -0.998855 -0.0478493 0
    outer loop
      vertex 293.192 141.667 2.2
      vertex 293.2 141.5 0
      vertex 293.2 141.5 2.2
    endloop
  endfacet
  facet normal -0.970496 -0.241117 0
    outer loop
      vertex 293.167 141.832 0
      vertex 293.127 141.993 2.2
      vertex 293.127 141.993 0
    endloop
  endfacet
  facet normal -0.970496 -0.241117 0
    outer loop
      vertex 293.127 141.993 2.2
      vertex 293.167 141.832 0
      vertex 293.167 141.832 2.2
    endloop
  endfacet
  facet normal -0.149805 -0.988716 0
    outer loop
      vertex 291.667 143.192 0
      vertex 291.832 143.167 2.2
      vertex 291.667 143.192 2.2
    endloop
  endfacet
  facet normal -0.149805 -0.988716 -0
    outer loop
      vertex 291.832 143.167 2.2
      vertex 291.667 143.192 0
      vertex 291.832 143.167 0
    endloop
  endfacet
  facet normal 0.149805 -0.988716 0
    outer loop
      vertex 291.168 143.167 0
      vertex 291.333 143.192 2.2
      vertex 291.168 143.167 2.2
    endloop
  endfacet
  facet normal 0.149805 -0.988716 0
    outer loop
      vertex 291.333 143.192 2.2
      vertex 291.168 143.167 0
      vertex 291.333 143.192 0
    endloop
  endfacet
  facet normal -0.801433 -0.598084 0
    outer loop
      vertex 292.914 142.444 0
      vertex 292.814 142.578 2.2
      vertex 292.814 142.578 0
    endloop
  endfacet
  facet normal -0.801433 -0.598084 0
    outer loop
      vertex 292.814 142.578 2.2
      vertex 292.914 142.444 0
      vertex 292.914 142.444 2.2
    endloop
  endfacet
  facet normal -0.515377 0.856964 0
    outer loop
      vertex 292.444 140.087 0
      vertex 292.301 140.001 2.2
      vertex 292.444 140.087 2.2
    endloop
  endfacet
  facet normal -0.515377 0.856964 0
    outer loop
      vertex 292.301 140.001 2.2
      vertex 292.444 140.087 0
      vertex 292.301 140.001 0
    endloop
  endfacet
  facet normal -0.594222 -0.804301 0
    outer loop
      vertex 292.444 142.913 0
      vertex 292.578 142.814 2.2
      vertex 292.444 142.913 2.2
    endloop
  endfacet
  facet normal -0.594222 -0.804301 -0
    outer loop
      vertex 292.578 142.814 2.2
      vertex 292.444 142.913 0
      vertex 292.578 142.814 0
    endloop
  endfacet
  facet normal -0.998855 0.0478493 0
    outer loop
      vertex 293.192 141.333 0
      vertex 293.2 141.5 2.2
      vertex 293.2 141.5 0
    endloop
  endfacet
  facet normal -0.998855 0.0478493 0
    outer loop
      vertex 293.2 141.5 2.2
      vertex 293.192 141.333 0
      vertex 293.192 141.333 2.2
    endloop
  endfacet
  facet normal 0.241117 -0.970496 0
    outer loop
      vertex 291.007 143.127 0
      vertex 291.168 143.167 2.2
      vertex 291.007 143.127 2.2
    endloop
  endfacet
  facet normal 0.241117 -0.970496 0
    outer loop
      vertex 291.168 143.167 2.2
      vertex 291.007 143.127 0
      vertex 291.168 143.167 0
    endloop
  endfacet
  facet normal 0.801433 -0.598084 0
    outer loop
      vertex 290.086 142.444 2.2
      vertex 290.186 142.578 0
      vertex 290.186 142.578 2.2
    endloop
  endfacet
  facet normal 0.801433 -0.598084 0
    outer loop
      vertex 290.186 142.578 0
      vertex 290.086 142.444 2.2
      vertex 290.086 142.444 0
    endloop
  endfacet
  facet normal 0.432731 0.901523 -0
    outer loop
      vertex 290.849 139.929 0
      vertex 290.699 140.001 2.2
      vertex 290.849 139.929 2.2
    endloop
  endfacet
  facet normal 0.432731 0.901523 0
    outer loop
      vertex 290.699 140.001 2.2
      vertex 290.849 139.929 0
      vertex 290.699 140.001 0
    endloop
  endfacet
  facet normal -0.432731 -0.901523 0
    outer loop
      vertex 292.151 143.071 0
      vertex 292.301 142.999 2.2
      vertex 292.151 143.071 2.2
    endloop
  endfacet
  facet normal -0.432731 -0.901523 -0
    outer loop
      vertex 292.301 142.999 2.2
      vertex 292.151 143.071 0
      vertex 292.301 142.999 0
    endloop
  endfacet
  facet normal 0.988716 0.149805 0
    outer loop
      vertex 289.833 141.168 2.2
      vertex 289.808 141.333 0
      vertex 289.808 141.333 2.2
    endloop
  endfacet
  facet normal 0.988716 0.149805 0
    outer loop
      vertex 289.808 141.333 0
      vertex 289.833 141.168 2.2
      vertex 289.833 141.168 0
    endloop
  endfacet
  facet normal -0.670286 0.742103 0
    outer loop
      vertex 292.702 140.298 0
      vertex 292.578 140.186 2.2
      vertex 292.702 140.298 2.2
    endloop
  endfacet
  facet normal -0.670286 0.742103 0
    outer loop
      vertex 292.578 140.186 2.2
      vertex 292.702 140.298 0
      vertex 292.578 140.186 0
    endloop
  endfacet
  facet normal 0.432731 -0.901523 0
    outer loop
      vertex 290.699 142.999 0
      vertex 290.849 143.071 2.2
      vertex 290.699 142.999 2.2
    endloop
  endfacet
  facet normal 0.432731 -0.901523 0
    outer loop
      vertex 290.849 143.071 2.2
      vertex 290.699 142.999 0
      vertex 290.849 143.071 0
    endloop
  endfacet
  facet normal -0.970496 0.241117 0
    outer loop
      vertex 293.127 141.007 0
      vertex 293.167 141.168 2.2
      vertex 293.167 141.168 0
    endloop
  endfacet
  facet normal -0.970496 0.241117 0
    outer loop
      vertex 293.167 141.168 2.2
      vertex 293.127 141.007 0
      vertex 293.127 141.007 2.2
    endloop
  endfacet
  facet normal -0.241117 0.970496 0
    outer loop
      vertex 291.993 139.873 0
      vertex 291.832 139.833 2.2
      vertex 291.993 139.873 2.2
    endloop
  endfacet
  facet normal -0.241117 0.970496 0
    outer loop
      vertex 291.832 139.833 2.2
      vertex 291.993 139.873 0
      vertex 291.832 139.833 0
    endloop
  endfacet
  facet normal 0.988716 -0.149805 0
    outer loop
      vertex 289.808 141.667 2.2
      vertex 289.833 141.832 0
      vertex 289.833 141.832 2.2
    endloop
  endfacet
  facet normal 0.988716 -0.149805 0
    outer loop
      vertex 289.833 141.832 0
      vertex 289.808 141.667 2.2
      vertex 289.808 141.667 0
    endloop
  endfacet
  facet normal -0.942549 -0.334068 0
    outer loop
      vertex 293.127 141.993 0
      vertex 293.071 142.151 2.2
      vertex 293.071 142.151 0
    endloop
  endfacet
  facet normal -0.942549 -0.334068 0
    outer loop
      vertex 293.071 142.151 2.2
      vertex 293.127 141.993 0
      vertex 293.127 141.993 2.2
    endloop
  endfacet
  facet normal 0.515377 0.856964 -0
    outer loop
      vertex 290.699 140.001 0
      vertex 290.556 140.087 2.2
      vertex 290.699 140.001 2.2
    endloop
  endfacet
  facet normal 0.515377 0.856964 0
    outer loop
      vertex 290.556 140.087 2.2
      vertex 290.699 140.001 0
      vertex 290.556 140.087 0
    endloop
  endfacet
  facet normal 0.970496 -0.241117 0
    outer loop
      vertex 289.833 141.832 2.2
      vertex 289.873 141.993 0
      vertex 289.873 141.993 2.2
    endloop
  endfacet
  facet normal 0.970496 -0.241117 0
    outer loop
      vertex 289.873 141.993 0
      vertex 289.833 141.832 2.2
      vertex 289.833 141.832 0
    endloop
  endfacet
  facet normal -0.801433 0.598084 0
    outer loop
      vertex 292.814 140.422 0
      vertex 292.914 140.556 2.2
      vertex 292.914 140.556 0
    endloop
  endfacet
  facet normal -0.801433 0.598084 0
    outer loop
      vertex 292.914 140.556 2.2
      vertex 292.814 140.422 0
      vertex 292.814 140.422 2.2
    endloop
  endfacet
  facet normal 0.594222 0.804301 -0
    outer loop
      vertex 290.556 140.087 0
      vertex 290.422 140.186 2.2
      vertex 290.556 140.087 2.2
    endloop
  endfacet
  facet normal 0.594222 0.804301 0
    outer loop
      vertex 290.422 140.186 2.2
      vertex 290.556 140.087 0
      vertex 290.422 140.186 0
    endloop
  endfacet
  facet normal 0.334068 0.942549 -0
    outer loop
      vertex 291.007 139.873 0
      vertex 290.849 139.929 2.2
      vertex 291.007 139.873 2.2
    endloop
  endfacet
  facet normal 0.334068 0.942549 0
    outer loop
      vertex 290.849 139.929 2.2
      vertex 291.007 139.873 0
      vertex 290.849 139.929 0
    endloop
  endfacet
  facet normal -0.334068 -0.942549 0
    outer loop
      vertex 291.993 143.127 0
      vertex 292.151 143.071 2.2
      vertex 291.993 143.127 2.2
    endloop
  endfacet
  facet normal -0.334068 -0.942549 -0
    outer loop
      vertex 292.151 143.071 2.2
      vertex 291.993 143.127 0
      vertex 292.151 143.071 0
    endloop
  endfacet
  facet normal 0.742103 0.670286 0
    outer loop
      vertex 290.298 140.298 2.2
      vertex 290.186 140.422 0
      vertex 290.186 140.422 2.2
    endloop
  endfacet
  facet normal 0.742103 0.670286 0
    outer loop
      vertex 290.186 140.422 0
      vertex 290.298 140.298 2.2
      vertex 290.298 140.298 0
    endloop
  endfacet
  facet normal -0.515377 -0.856964 0
    outer loop
      vertex 292.301 142.999 0
      vertex 292.444 142.913 2.2
      vertex 292.301 142.999 2.2
    endloop
  endfacet
  facet normal -0.515377 -0.856964 -0
    outer loop
      vertex 292.444 142.913 2.2
      vertex 292.301 142.999 0
      vertex 292.444 142.913 0
    endloop
  endfacet
  facet normal 0.334068 -0.942549 0
    outer loop
      vertex 290.849 143.071 0
      vertex 291.007 143.127 2.2
      vertex 290.849 143.071 2.2
    endloop
  endfacet
  facet normal 0.334068 -0.942549 0
    outer loop
      vertex 291.007 143.127 2.2
      vertex 290.849 143.071 0
      vertex 291.007 143.127 0
    endloop
  endfacet
  facet normal 0.901523 0.432731 0
    outer loop
      vertex 290.001 140.699 2.2
      vertex 289.929 140.849 0
      vertex 289.929 140.849 2.2
    endloop
  endfacet
  facet normal 0.901523 0.432731 0
    outer loop
      vertex 289.929 140.849 0
      vertex 290.001 140.699 2.2
      vertex 290.001 140.699 0
    endloop
  endfacet
  facet normal 0.942549 0.334068 0
    outer loop
      vertex 289.929 140.849 2.2
      vertex 289.873 141.007 0
      vertex 289.873 141.007 2.2
    endloop
  endfacet
  facet normal 0.942549 0.334068 0
    outer loop
      vertex 289.873 141.007 0
      vertex 289.929 140.849 2.2
      vertex 289.929 140.849 0
    endloop
  endfacet
  facet normal -0.901523 -0.432731 0
    outer loop
      vertex 293.071 142.151 0
      vertex 292.999 142.301 2.2
      vertex 292.999 142.301 0
    endloop
  endfacet
  facet normal -0.901523 -0.432731 0
    outer loop
      vertex 292.999 142.301 2.2
      vertex 293.071 142.151 0
      vertex 293.071 142.151 2.2
    endloop
  endfacet
  facet normal 0.970496 0.241117 0
    outer loop
      vertex 289.873 141.007 2.2
      vertex 289.833 141.168 0
      vertex 289.833 141.168 2.2
    endloop
  endfacet
  facet normal 0.970496 0.241117 0
    outer loop
      vertex 289.833 141.168 0
      vertex 289.873 141.007 2.2
      vertex 289.873 141.007 0
    endloop
  endfacet
  facet normal 0.594222 -0.804301 0
    outer loop
      vertex 290.422 142.814 0
      vertex 290.556 142.913 2.2
      vertex 290.422 142.814 2.2
    endloop
  endfacet
  facet normal 0.594222 -0.804301 0
    outer loop
      vertex 290.556 142.913 2.2
      vertex 290.422 142.814 0
      vertex 290.556 142.913 0
    endloop
  endfacet
  facet normal 0.149805 0.988716 -0
    outer loop
      vertex 291.333 139.808 0
      vertex 291.168 139.833 2.2
      vertex 291.333 139.808 2.2
    endloop
  endfacet
  facet normal 0.149805 0.988716 0
    outer loop
      vertex 291.168 139.833 2.2
      vertex 291.333 139.808 0
      vertex 291.168 139.833 0
    endloop
  endfacet
  facet normal -0.742103 0.670286 0
    outer loop
      vertex 292.702 140.298 0
      vertex 292.814 140.422 2.2
      vertex 292.814 140.422 0
    endloop
  endfacet
  facet normal -0.742103 0.670286 0
    outer loop
      vertex 292.814 140.422 2.2
      vertex 292.702 140.298 0
      vertex 292.702 140.298 2.2
    endloop
  endfacet
  facet normal -0.149805 0.988716 0
    outer loop
      vertex 291.832 139.833 0
      vertex 291.667 139.808 2.2
      vertex 291.832 139.833 2.2
    endloop
  endfacet
  facet normal -0.149805 0.988716 0
    outer loop
      vertex 291.667 139.808 2.2
      vertex 291.832 139.833 0
      vertex 291.667 139.808 0
    endloop
  endfacet
  facet normal 0.515377 -0.856964 0
    outer loop
      vertex 290.556 142.913 0
      vertex 290.699 142.999 2.2
      vertex 290.556 142.913 2.2
    endloop
  endfacet
  facet normal 0.515377 -0.856964 0
    outer loop
      vertex 290.699 142.999 2.2
      vertex 290.556 142.913 0
      vertex 290.699 142.999 0
    endloop
  endfacet
  facet normal -0.0478493 -0.998855 0
    outer loop
      vertex 291.5 143.2 0
      vertex 291.667 143.192 2.2
      vertex 291.5 143.2 2.2
    endloop
  endfacet
  facet normal -0.0478493 -0.998855 -0
    outer loop
      vertex 291.667 143.192 2.2
      vertex 291.5 143.2 0
      vertex 291.667 143.192 0
    endloop
  endfacet
  facet normal 0.859607 0.510955 0
    outer loop
      vertex 290.086 140.556 2.2
      vertex 290.001 140.699 0
      vertex 290.001 140.699 2.2
    endloop
  endfacet
  facet normal 0.859607 0.510955 0
    outer loop
      vertex 290.001 140.699 0
      vertex 290.086 140.556 2.2
      vertex 290.086 140.556 0
    endloop
  endfacet
  facet normal -0.241117 -0.970496 0
    outer loop
      vertex 291.832 143.167 0
      vertex 291.993 143.127 2.2
      vertex 291.832 143.167 2.2
    endloop
  endfacet
  facet normal -0.241117 -0.970496 -0
    outer loop
      vertex 291.993 143.127 2.2
      vertex 291.832 143.167 0
      vertex 291.993 143.127 0
    endloop
  endfacet
  facet normal 0.942549 -0.334068 0
    outer loop
      vertex 289.873 141.993 2.2
      vertex 289.929 142.151 0
      vertex 289.929 142.151 2.2
    endloop
  endfacet
  facet normal 0.942549 -0.334068 0
    outer loop
      vertex 289.929 142.151 0
      vertex 289.873 141.993 2.2
      vertex 289.873 141.993 0
    endloop
  endfacet
  facet normal -0.670286 -0.742103 0
    outer loop
      vertex 292.578 142.814 0
      vertex 292.702 142.702 2.2
      vertex 292.578 142.814 2.2
    endloop
  endfacet
  facet normal -0.670286 -0.742103 -0
    outer loop
      vertex 292.702 142.702 2.2
      vertex 292.578 142.814 0
      vertex 292.702 142.702 0
    endloop
  endfacet
  facet normal 0.0478493 -0.998855 0
    outer loop
      vertex 291.333 143.192 0
      vertex 291.5 143.2 2.2
      vertex 291.333 143.192 2.2
    endloop
  endfacet
  facet normal 0.0478493 -0.998855 0
    outer loop
      vertex 291.5 143.2 2.2
      vertex 291.333 143.192 0
      vertex 291.5 143.2 0
    endloop
  endfacet
  facet normal -0.432731 0.901523 0
    outer loop
      vertex 292.301 140.001 0
      vertex 292.151 139.929 2.2
      vertex 292.301 140.001 2.2
    endloop
  endfacet
  facet normal -0.432731 0.901523 0
    outer loop
      vertex 292.151 139.929 2.2
      vertex 292.301 140.001 0
      vertex 292.151 139.929 0
    endloop
  endfacet
  facet normal -0.988716 0.149805 0
    outer loop
      vertex 293.167 141.168 0
      vertex 293.192 141.333 2.2
      vertex 293.192 141.333 0
    endloop
  endfacet
  facet normal -0.988716 0.149805 0
    outer loop
      vertex 293.192 141.333 2.2
      vertex 293.167 141.168 0
      vertex 293.167 141.168 2.2
    endloop
  endfacet
  facet normal -0.859607 -0.510955 0
    outer loop
      vertex 292.999 142.301 0
      vertex 292.914 142.444 2.2
      vertex 292.914 142.444 0
    endloop
  endfacet
  facet normal -0.859607 -0.510955 0
    outer loop
      vertex 292.914 142.444 2.2
      vertex 292.999 142.301 0
      vertex 292.999 142.301 2.2
    endloop
  endfacet
  facet normal 0.0478493 0.998855 -0
    outer loop
      vertex 291.5 139.8 0
      vertex 291.333 139.808 2.2
      vertex 291.5 139.8 2.2
    endloop
  endfacet
  facet normal 0.0478493 0.998855 0
    outer loop
      vertex 291.333 139.808 2.2
      vertex 291.5 139.8 0
      vertex 291.333 139.808 0
    endloop
  endfacet
  facet normal 0.670286 -0.742103 0
    outer loop
      vertex 290.298 142.702 0
      vertex 290.422 142.814 2.2
      vertex 290.298 142.702 2.2
    endloop
  endfacet
  facet normal 0.670286 -0.742103 0
    outer loop
      vertex 290.422 142.814 2.2
      vertex 290.298 142.702 0
      vertex 290.422 142.814 0
    endloop
  endfacet
  facet normal 0.742103 -0.670286 0
    outer loop
      vertex 290.186 142.578 2.2
      vertex 290.298 142.702 0
      vertex 290.298 142.702 2.2
    endloop
  endfacet
  facet normal 0.742103 -0.670286 0
    outer loop
      vertex 290.298 142.702 0
      vertex 290.186 142.578 2.2
      vertex 290.186 142.578 0
    endloop
  endfacet
  facet normal -0.901523 0.432731 0
    outer loop
      vertex 292.999 140.699 0
      vertex 293.071 140.849 2.2
      vertex 293.071 140.849 0
    endloop
  endfacet
  facet normal -0.901523 0.432731 0
    outer loop
      vertex 293.071 140.849 2.2
      vertex 292.999 140.699 0
      vertex 292.999 140.699 2.2
    endloop
  endfacet
  facet normal -0.0478493 0.998855 0
    outer loop
      vertex 291.667 139.808 0
      vertex 291.5 139.8 2.2
      vertex 291.667 139.808 2.2
    endloop
  endfacet
  facet normal -0.0478493 0.998855 0
    outer loop
      vertex 291.5 139.8 2.2
      vertex 291.667 139.808 0
      vertex 291.5 139.8 0
    endloop
  endfacet
  facet normal 0.670286 0.742103 -0
    outer loop
      vertex 290.422 140.186 0
      vertex 290.298 140.298 2.2
      vertex 290.422 140.186 2.2
    endloop
  endfacet
  facet normal 0.670286 0.742103 0
    outer loop
      vertex 290.298 140.298 2.2
      vertex 290.422 140.186 0
      vertex 290.298 140.298 0
    endloop
  endfacet
  facet normal -0.942549 0.334068 0
    outer loop
      vertex 293.071 140.849 0
      vertex 293.127 141.007 2.2
      vertex 293.127 141.007 0
    endloop
  endfacet
  facet normal -0.942549 0.334068 0
    outer loop
      vertex 293.127 141.007 2.2
      vertex 293.071 140.849 0
      vertex 293.071 140.849 2.2
    endloop
  endfacet
  facet normal -0.742103 -0.670286 0
    outer loop
      vertex 292.814 142.578 0
      vertex 292.702 142.702 2.2
      vertex 292.702 142.702 0
    endloop
  endfacet
  facet normal -0.742103 -0.670286 0
    outer loop
      vertex 292.702 142.702 2.2
      vertex 292.814 142.578 0
      vertex 292.814 142.578 2.2
    endloop
  endfacet
  facet normal 0.241117 0.970496 -0
    outer loop
      vertex 291.168 139.833 0
      vertex 291.007 139.873 2.2
      vertex 291.168 139.833 2.2
    endloop
  endfacet
  facet normal 0.241117 0.970496 0
    outer loop
      vertex 291.007 139.873 2.2
      vertex 291.168 139.833 0
      vertex 291.007 139.873 0
    endloop
  endfacet
  facet normal -0.594222 0.804301 0
    outer loop
      vertex 292.578 140.186 0
      vertex 292.444 140.087 2.2
      vertex 292.578 140.186 2.2
    endloop
  endfacet
  facet normal -0.594222 0.804301 0
    outer loop
      vertex 292.444 140.087 2.2
      vertex 292.578 140.186 0
      vertex 292.444 140.087 0
    endloop
  endfacet
  facet normal -0.859607 0.510955 0
    outer loop
      vertex 292.914 140.556 0
      vertex 292.999 140.699 2.2
      vertex 292.999 140.699 0
    endloop
  endfacet
  facet normal -0.859607 0.510955 0
    outer loop
      vertex 292.999 140.699 2.2
      vertex 292.914 140.556 0
      vertex 292.914 140.556 2.2
    endloop
  endfacet
  facet normal 0.801433 0.598084 0
    outer loop
      vertex 290.186 140.422 2.2
      vertex 290.086 140.556 0
      vertex 290.086 140.556 2.2
    endloop
  endfacet
  facet normal 0.801433 0.598084 0
    outer loop
      vertex 290.086 140.556 0
      vertex 290.186 140.422 2.2
      vertex 290.186 140.422 0
    endloop
  endfacet
  facet normal 0.859607 -0.510955 0
    outer loop
      vertex 290.001 142.301 2.2
      vertex 290.086 142.444 0
      vertex 290.086 142.444 2.2
    endloop
  endfacet
  facet normal 0.859607 -0.510955 0
    outer loop
      vertex 290.086 142.444 0
      vertex 290.001 142.301 2.2
      vertex 290.001 142.301 0
    endloop
  endfacet
  facet normal -0.334068 0.942549 0
    outer loop
      vertex 292.151 139.929 0
      vertex 291.993 139.873 2.2
      vertex 292.151 139.929 2.2
    endloop
  endfacet
  facet normal -0.334068 0.942549 0
    outer loop
      vertex 291.993 139.873 2.2
      vertex 292.151 139.929 0
      vertex 291.993 139.873 0
    endloop
  endfacet
  facet normal 0.998855 -0.0478493 0
    outer loop
      vertex 289.8 141.5 2.2
      vertex 289.808 141.667 0
      vertex 289.808 141.667 2.2
    endloop
  endfacet
  facet normal 0.998855 -0.0478493 0
    outer loop
      vertex 289.808 141.667 0
      vertex 289.8 141.5 2.2
      vertex 289.8 141.5 0
    endloop
  endfacet
  facet normal 0.998855 0.0478493 0
    outer loop
      vertex 289.808 141.333 2.2
      vertex 289.8 141.5 0
      vertex 289.8 141.5 2.2
    endloop
  endfacet
  facet normal 0.998855 0.0478493 0
    outer loop
      vertex 289.8 141.5 0
      vertex 289.808 141.333 2.2
      vertex 289.808 141.333 0
    endloop
  endfacet
  facet normal -0.398055 -0.665137 0.63178
    outer loop
      vertex 293.253 144.139 4
      vertex 292.994 144.294 4
      vertex 292.301 142.999 2.2
    endloop
  endfacet
  facet normal 0.621418 -0.463745 0.631491
    outer loop
      vertex 288.871 143.267 4
      vertex 290.086 142.444 2.2
      vertex 290.186 142.578 2.2
    endloop
  endfacet
  facet normal 0.63077 -0.45055 0.631771
    outer loop
      vertex 290.086 142.444 2.2
      vertex 288.871 143.267 4
      vertex 288.866 143.26 4
    endloop
  endfacet
  facet normal 0.519654 0.575331 0.631627
    outer loop
      vertex 290.298 140.298 2.2
      vertex 289.266 139.254 4
      vertex 290.422 140.186 2.2
    endloop
  endfacet
  facet normal 0.547982 0.547982 0.632006
    outer loop
      vertex 289.266 139.254 4
      vertex 290.298 140.298 2.2
      vertex 289.26 139.26 4
    endloop
  endfacet
  facet normal -0.774454 -0.0359019 0.63161
    outer loop
      vertex 294.668 141.5 4
      vertex 294.654 141.802 4
      vertex 293.2 141.5 2.2
    endloop
  endfacet
  facet normal -0.770221 -0.0855801 0.632009
    outer loop
      vertex 293.192 141.667 2.2
      vertex 294.654 141.802 4
      vertex 294.653 141.811 4
    endloop
  endfacet
  facet normal -0.774322 -0.0370933 0.631704
    outer loop
      vertex 294.654 141.802 4
      vertex 293.192 141.667 2.2
      vertex 293.2 141.5 2.2
    endloop
  endfacet
  facet normal 0.574406 0.520556 0.631727
    outer loop
      vertex 289.254 139.266 4
      vertex 290.186 140.422 2.2
      vertex 289.051 139.49 4
    endloop
  endfacet
  facet normal 0.730015 0.261269 0.631519
    outer loop
      vertex 288.573 140.287 4
      vertex 289.929 140.849 2.2
      vertex 288.471 140.572 4
    endloop
  endfacet
  facet normal -0.622925 -0.461426 0.631705
    outer loop
      vertex 294.129 143.267 4
      vertex 293.949 143.51 4
      vertex 292.814 142.578 2.2
    endloop
  endfacet
  facet normal 0.0855801 -0.770221 0.632009
    outer loop
      vertex 291.333 143.192 2.2
      vertex 291.198 144.654 4
      vertex 291.189 144.653 4
    endloop
  endfacet
  facet normal 0.0370933 -0.774322 0.631704
    outer loop
      vertex 291.198 144.654 4
      vertex 291.333 143.192 2.2
      vertex 291.5 143.2 2.2
    endloop
  endfacet
  facet normal -0.461426 -0.622925 0.631705
    outer loop
      vertex 293.51 143.949 4
      vertex 293.267 144.129 4
      vertex 292.578 142.814 2.2
    endloop
  endfacet
  facet normal -0.666449 0.396141 0.631599
    outer loop
      vertex 292.914 140.556 2.2
      vertex 294.139 139.747 4
      vertex 292.999 140.699 2.2
    endloop
  endfacet
  facet normal -0.63077 0.45055 0.631771
    outer loop
      vertex 294.139 139.747 4
      vertex 292.914 140.556 2.2
      vertex 294.134 139.74 4
    endloop
  endfacet
  facet normal 0.330201 -0.701358 0.631715
    outer loop
      vertex 290.699 142.999 2.2
      vertex 290.28 144.423 4
      vertex 290.006 144.294 4
    endloop
  endfacet
  facet normal 0.622925 -0.461426 0.631705
    outer loop
      vertex 290.186 142.578 2.2
      vertex 289.051 143.51 4
      vertex 288.871 143.267 4
    endloop
  endfacet
  facet normal 0.574406 -0.520556 0.631727
    outer loop
      vertex 290.186 142.578 2.2
      vertex 289.254 143.734 4
      vertex 289.051 143.51 4
    endloop
  endfacet
  facet normal 0.520556 0.574406 0.631727
    outer loop
      vertex 289.49 139.051 4
      vertex 290.422 140.186 2.2
      vertex 289.266 139.254 4
    endloop
  endfacet
  facet normal -0.730645 0.258963 0.631741
    outer loop
      vertex 293.071 140.849 2.2
      vertex 294.532 140.58 4
      vertex 293.127 141.007 2.2
    endloop
  endfacet
  facet normal -0.726712 0.272517 0.630574
    outer loop
      vertex 294.532 140.58 4
      vertex 293.071 140.849 2.2
      vertex 294.529 140.572 4
    endloop
  endfacet
  facet normal -0.730015 0.261269 0.631519
    outer loop
      vertex 294.427 140.287 4
      vertex 294.529 140.572 4
      vertex 293.071 140.849 2.2
    endloop
  endfacet
  facet normal 0.575331 0.519654 0.631627
    outer loop
      vertex 289.254 139.266 4
      vertex 290.298 140.298 2.2
      vertex 290.186 140.422 2.2
    endloop
  endfacet
  facet normal 0.547982 0.547982 0.632006
    outer loop
      vertex 290.298 140.298 2.2
      vertex 289.254 139.266 4
      vertex 289.26 139.26 4
    endloop
  endfacet
  facet normal -0.520556 0.574406 0.631727
    outer loop
      vertex 293.51 139.051 4
      vertex 293.734 139.254 4
      vertex 292.578 140.186 2.2
    endloop
  endfacet
  facet normal 0.262102 -0.729775 0.631452
    outer loop
      vertex 290.849 143.071 2.2
      vertex 290.572 144.529 4
      vertex 290.288 144.427 4
    endloop
  endfacet
  facet normal 0.116153 0.766608 0.631522
    outer loop
      vertex 291.168 139.833 2.2
      vertex 291.189 138.347 4
      vertex 291.333 139.808 2.2
    endloop
  endfacet
  facet normal 0.0960187 0.768149 0.63303
    outer loop
      vertex 291.189 138.347 4
      vertex 291.168 139.833 2.2
      vertex 291.181 138.348 4
    endloop
  endfacet
  facet normal 0.699084 0.33556 0.631412
    outer loop
      vertex 288.573 140.287 4
      vertex 290.001 140.699 2.2
      vertex 289.929 140.849 2.2
    endloop
  endfacet
  facet normal 0.677201 0.386972 0.62582
    outer loop
      vertex 290.001 140.699 2.2
      vertex 288.573 140.287 4
      vertex 288.577 140.28 4
    endloop
  endfacet
  facet normal -0.520556 -0.574406 0.631727
    outer loop
      vertex 293.734 143.746 4
      vertex 293.51 143.949 4
      vertex 292.578 142.814 2.2
    endloop
  endfacet
  facet normal 0.45045 -0.63063 0.631981
    outer loop
      vertex 289.733 144.129 4
      vertex 290.556 142.913 2.2
      vertex 289.74 144.134 4
    endloop
  endfacet
  facet normal 0.460611 -0.623453 0.631779
    outer loop
      vertex 290.556 142.913 2.2
      vertex 289.733 144.129 4
      vertex 290.422 142.814 2.2
    endloop
  endfacet
  facet normal -0.461426 0.622925 0.631705
    outer loop
      vertex 293.267 138.871 4
      vertex 293.51 139.051 4
      vertex 292.578 140.186 2.2
    endloop
  endfacet
  facet normal -0.701358 0.330201 0.631715
    outer loop
      vertex 294.294 140.006 4
      vertex 294.423 140.28 4
      vertex 292.999 140.699 2.2
    endloop
  endfacet
  facet normal 0.3356 0.699166 0.6313
    outer loop
      vertex 290.699 140.001 2.2
      vertex 290.288 138.573 4
      vertex 290.849 139.929 2.2
    endloop
  endfacet
  facet normal 0.347226 0.694452 0.630215
    outer loop
      vertex 290.288 138.573 4
      vertex 290.699 140.001 2.2
      vertex 290.28 138.577 4
    endloop
  endfacet
  facet normal -0.752443 0.186942 0.631572
    outer loop
      vertex 293.127 141.007 2.2
      vertex 294.534 140.589 4
      vertex 293.167 141.168 2.2
    endloop
  endfacet
  facet normal -0.757288 0.168286 0.631027
    outer loop
      vertex 294.534 140.589 4
      vertex 293.127 141.007 2.2
      vertex 294.532 140.58 4
    endloop
  endfacet
  facet normal 0.461426 0.622925 0.631705
    outer loop
      vertex 289.733 138.871 4
      vertex 290.422 140.186 2.2
      vertex 289.49 139.051 4
    endloop
  endfacet
  facet normal 0.770221 -0.0855801 0.632009
    outer loop
      vertex 288.346 141.802 4
      vertex 289.808 141.667 2.2
      vertex 288.347 141.811 4
    endloop
  endfacet
  facet normal 0.774322 -0.0370933 0.631704
    outer loop
      vertex 289.808 141.667 2.2
      vertex 288.346 141.802 4
      vertex 289.8 141.5 2.2
    endloop
  endfacet
  facet normal -0.574406 0.520556 0.631727
    outer loop
      vertex 293.746 139.266 4
      vertex 293.949 139.49 4
      vertex 292.814 140.422 2.2
    endloop
  endfacet
  facet normal 0.768149 0.0960187 0.63303
    outer loop
      vertex 289.833 141.168 2.2
      vertex 288.347 141.189 4
      vertex 288.348 141.181 4
    endloop
  endfacet
  facet normal 0.766608 0.116153 0.631522
    outer loop
      vertex 288.347 141.189 4
      vertex 289.833 141.168 2.2
      vertex 289.808 141.333 2.2
    endloop
  endfacet
  facet normal -0.63077 -0.45055 0.631771
    outer loop
      vertex 294.129 143.267 4
      vertex 292.914 142.444 2.2
      vertex 294.134 143.26 4
    endloop
  endfacet
  facet normal -0.621418 -0.463745 0.631491
    outer loop
      vertex 292.914 142.444 2.2
      vertex 294.129 143.267 4
      vertex 292.814 142.578 2.2
    endloop
  endfacet
  facet normal -0.168286 0.757288 0.631027
    outer loop
      vertex 291.993 139.873 2.2
      vertex 292.411 138.466 4
      vertex 292.42 138.468 4
    endloop
  endfacet
  facet normal -0.186942 0.752443 0.631572
    outer loop
      vertex 292.411 138.466 4
      vertex 291.993 139.873 2.2
      vertex 291.832 139.833 2.2
    endloop
  endfacet
  facet normal -0.751532 0.189807 0.631801
    outer loop
      vertex 294.534 140.589 4
      vertex 294.608 140.882 4
      vertex 293.167 141.168 2.2
    endloop
  endfacet
  facet normal -0.330201 -0.701358 0.631715
    outer loop
      vertex 292.994 144.294 4
      vertex 292.72 144.423 4
      vertex 292.301 142.999 2.2
    endloop
  endfacet
  facet normal 0.730645 0.258963 0.631741
    outer loop
      vertex 288.468 140.58 4
      vertex 289.929 140.849 2.2
      vertex 289.873 141.007 2.2
    endloop
  endfacet
  facet normal 0.726712 0.272517 0.630574
    outer loop
      vertex 289.929 140.849 2.2
      vertex 288.468 140.58 4
      vertex 288.471 140.572 4
    endloop
  endfacet
  facet normal 0.774454 0.0359019 0.63161
    outer loop
      vertex 288.346 141.198 4
      vertex 289.8 141.5 2.2
      vertex 288.332 141.5 4
    endloop
  endfacet
  facet normal 0.665137 0.398055 0.63178
    outer loop
      vertex 288.861 139.747 4
      vertex 290.001 140.699 2.2
      vertex 288.706 140.006 4
    endloop
  endfacet
  facet normal 0.168286 -0.757288 0.631027
    outer loop
      vertex 291.007 143.127 2.2
      vertex 290.589 144.534 4
      vertex 290.58 144.532 4
    endloop
  endfacet
  facet normal 0.186942 -0.752443 0.631572
    outer loop
      vertex 290.589 144.534 4
      vertex 291.007 143.127 2.2
      vertex 291.168 143.167 2.2
    endloop
  endfacet
  facet normal 0.112847 0.766846 0.631833
    outer loop
      vertex 291.181 138.348 4
      vertex 291.168 139.833 2.2
      vertex 290.882 138.392 4
    endloop
  endfacet
  facet normal 0.189807 -0.751532 0.631801
    outer loop
      vertex 291.168 143.167 2.2
      vertex 290.882 144.608 4
      vertex 290.589 144.534 4
    endloop
  endfacet
  facet normal -0.701358 -0.330201 0.631715
    outer loop
      vertex 294.423 142.72 4
      vertex 294.294 142.994 4
      vertex 292.999 142.301 2.2
    endloop
  endfacet
  facet normal 0.621418 0.463745 0.631491
    outer loop
      vertex 290.086 140.556 2.2
      vertex 288.871 139.733 4
      vertex 290.186 140.422 2.2
    endloop
  endfacet
  facet normal 0.63077 0.45055 0.631771
    outer loop
      vertex 288.871 139.733 4
      vertex 290.086 140.556 2.2
      vertex 288.866 139.74 4
    endloop
  endfacet
  facet normal -0.460611 0.623453 0.631779
    outer loop
      vertex 292.444 140.087 2.2
      vertex 293.267 138.871 4
      vertex 292.578 140.186 2.2
    endloop
  endfacet
  facet normal -0.45045 0.63063 0.631981
    outer loop
      vertex 293.267 138.871 4
      vertex 292.444 140.087 2.2
      vertex 293.26 138.866 4
    endloop
  endfacet
  facet normal -0.547982 0.547982 0.632006
    outer loop
      vertex 292.702 140.298 2.2
      vertex 293.734 139.254 4
      vertex 293.74 139.26 4
    endloop
  endfacet
  facet normal -0.519654 0.575331 0.631627
    outer loop
      vertex 293.734 139.254 4
      vertex 292.702 140.298 2.2
      vertex 292.578 140.186 2.2
    endloop
  endfacet
  facet normal -0.774454 0.0359019 0.63161
    outer loop
      vertex 294.654 141.198 4
      vertex 294.668 141.5 4
      vertex 293.2 141.5 2.2
    endloop
  endfacet
  facet normal 0.666449 0.396141 0.631599
    outer loop
      vertex 288.861 139.747 4
      vertex 290.086 140.556 2.2
      vertex 290.001 140.699 2.2
    endloop
  endfacet
  facet normal 0.63077 0.45055 0.631771
    outer loop
      vertex 290.086 140.556 2.2
      vertex 288.861 139.747 4
      vertex 288.866 139.74 4
    endloop
  endfacet
  facet normal -0.330201 0.701358 0.631715
    outer loop
      vertex 292.72 138.577 4
      vertex 292.994 138.706 4
      vertex 292.301 140.001 2.2
    endloop
  endfacet
  facet normal 0.701358 0.330201 0.631715
    outer loop
      vertex 288.706 140.006 4
      vertex 290.001 140.699 2.2
      vertex 288.577 140.28 4
    endloop
  endfacet
  facet normal 0.622925 0.461426 0.631705
    outer loop
      vertex 289.051 139.49 4
      vertex 290.186 140.422 2.2
      vertex 288.871 139.733 4
    endloop
  endfacet
  facet normal 0.63077 -0.45055 0.631771
    outer loop
      vertex 288.861 143.253 4
      vertex 290.086 142.444 2.2
      vertex 288.866 143.26 4
    endloop
  endfacet
  facet normal 0.666449 -0.396141 0.631599
    outer loop
      vertex 290.086 142.444 2.2
      vertex 288.861 143.253 4
      vertex 290.001 142.301 2.2
    endloop
  endfacet
  facet normal 0.730015 -0.261269 0.631519
    outer loop
      vertex 289.929 142.151 2.2
      vertex 288.573 142.713 4
      vertex 288.471 142.428 4
    endloop
  endfacet
  facet normal 0.262102 0.729775 0.631452
    outer loop
      vertex 290.572 138.471 4
      vertex 290.849 139.929 2.2
      vertex 290.288 138.573 4
    endloop
  endfacet
  facet normal 0.258963 0.730645 0.631741
    outer loop
      vertex 290.849 139.929 2.2
      vertex 290.58 138.468 4
      vertex 291.007 139.873 2.2
    endloop
  endfacet
  facet normal 0.272517 0.726712 0.630574
    outer loop
      vertex 290.58 138.468 4
      vertex 290.849 139.929 2.2
      vertex 290.572 138.471 4
    endloop
  endfacet
  facet normal -0.730015 -0.261269 0.631519
    outer loop
      vertex 294.529 142.428 4
      vertex 294.427 142.713 4
      vertex 293.071 142.151 2.2
    endloop
  endfacet
  facet normal 0.112847 -0.766846 0.631833
    outer loop
      vertex 291.168 143.167 2.2
      vertex 291.181 144.652 4
      vertex 290.882 144.608 4
    endloop
  endfacet
  facet normal -0.0370933 -0.774322 0.631704
    outer loop
      vertex 291.667 143.192 2.2
      vertex 291.802 144.654 4
      vertex 291.5 143.2 2.2
    endloop
  endfacet
  facet normal -0.0855801 -0.770221 0.632009
    outer loop
      vertex 291.802 144.654 4
      vertex 291.667 143.192 2.2
      vertex 291.811 144.653 4
    endloop
  endfacet
  facet normal -0.398055 0.665137 0.63178
    outer loop
      vertex 292.994 138.706 4
      vertex 293.253 138.861 4
      vertex 292.301 140.001 2.2
    endloop
  endfacet
  facet normal -0.112847 0.766846 0.631833
    outer loop
      vertex 292.118 138.392 4
      vertex 291.832 139.833 2.2
      vertex 291.819 138.348 4
    endloop
  endfacet
  facet normal -0.189807 -0.751532 0.631801
    outer loop
      vertex 292.411 144.534 4
      vertex 292.118 144.608 4
      vertex 291.832 143.167 2.2
    endloop
  endfacet
  facet normal 0.189807 0.751532 0.631801
    outer loop
      vertex 290.882 138.392 4
      vertex 291.168 139.833 2.2
      vertex 290.589 138.466 4
    endloop
  endfacet
  facet normal -0.766608 0.116153 0.631522
    outer loop
      vertex 293.167 141.168 2.2
      vertex 294.653 141.189 4
      vertex 293.192 141.333 2.2
    endloop
  endfacet
  facet normal -0.768149 0.0960187 0.63303
    outer loop
      vertex 294.653 141.189 4
      vertex 293.167 141.168 2.2
      vertex 294.652 141.181 4
    endloop
  endfacet
  facet normal 0.0359019 -0.774454 0.63161
    outer loop
      vertex 291.5 143.2 2.2
      vertex 291.5 144.668 4
      vertex 291.198 144.654 4
    endloop
  endfacet
  facet normal 0.398055 0.665137 0.63178
    outer loop
      vertex 290.006 138.706 4
      vertex 290.699 140.001 2.2
      vertex 289.747 138.861 4
    endloop
  endfacet
  facet normal -0.116153 -0.766608 0.631522
    outer loop
      vertex 291.832 143.167 2.2
      vertex 291.811 144.653 4
      vertex 291.667 143.192 2.2
    endloop
  endfacet
  facet normal -0.0960187 -0.768149 0.63303
    outer loop
      vertex 291.811 144.653 4
      vertex 291.832 143.167 2.2
      vertex 291.819 144.652 4
    endloop
  endfacet
  facet normal -0.766846 0.112847 0.631833
    outer loop
      vertex 294.608 140.882 4
      vertex 294.652 141.181 4
      vertex 293.167 141.168 2.2
    endloop
  endfacet
  facet normal -0.272517 0.726712 0.630574
    outer loop
      vertex 292.151 139.929 2.2
      vertex 292.42 138.468 4
      vertex 292.428 138.471 4
    endloop
  endfacet
  facet normal -0.258963 0.730645 0.631741
    outer loop
      vertex 292.42 138.468 4
      vertex 292.151 139.929 2.2
      vertex 291.993 139.873 2.2
    endloop
  endfacet
  facet normal 0.520556 -0.574406 0.631727
    outer loop
      vertex 290.422 142.814 2.2
      vertex 289.49 143.949 4
      vertex 289.266 143.746 4
    endloop
  endfacet
  facet normal 0.461426 -0.622925 0.631705
    outer loop
      vertex 290.422 142.814 2.2
      vertex 289.733 144.129 4
      vertex 289.49 143.949 4
    endloop
  endfacet
  facet normal -0.45045 0.63063 0.631981
    outer loop
      vertex 292.444 140.087 2.2
      vertex 293.253 138.861 4
      vertex 293.26 138.866 4
    endloop
  endfacet
  facet normal -0.399439 0.664184 0.631909
    outer loop
      vertex 293.253 138.861 4
      vertex 292.444 140.087 2.2
      vertex 292.301 140.001 2.2
    endloop
  endfacet
  facet normal -0.774322 0.0370933 0.631704
    outer loop
      vertex 293.192 141.333 2.2
      vertex 294.654 141.198 4
      vertex 293.2 141.5 2.2
    endloop
  endfacet
  facet normal -0.770221 0.0855801 0.632009
    outer loop
      vertex 294.654 141.198 4
      vertex 293.192 141.333 2.2
      vertex 294.653 141.189 4
    endloop
  endfacet
  facet normal 0.757288 -0.168286 0.631027
    outer loop
      vertex 288.466 142.411 4
      vertex 289.873 141.993 2.2
      vertex 288.468 142.42 4
    endloop
  endfacet
  facet normal 0.752443 -0.186942 0.631572
    outer loop
      vertex 289.873 141.993 2.2
      vertex 288.466 142.411 4
      vertex 289.833 141.832 2.2
    endloop
  endfacet
  facet normal -0.262102 -0.729775 0.631452
    outer loop
      vertex 292.712 144.427 4
      vertex 292.428 144.529 4
      vertex 292.151 143.071 2.2
    endloop
  endfacet
  facet normal -0.347226 0.694452 0.630215
    outer loop
      vertex 292.301 140.001 2.2
      vertex 292.712 138.573 4
      vertex 292.72 138.577 4
    endloop
  endfacet
  facet normal -0.3356 0.699166 0.6313
    outer loop
      vertex 292.712 138.573 4
      vertex 292.301 140.001 2.2
      vertex 292.151 139.929 2.2
    endloop
  endfacet
  facet normal -0.574406 -0.520556 0.631727
    outer loop
      vertex 293.949 143.51 4
      vertex 293.746 143.734 4
      vertex 292.814 142.578 2.2
    endloop
  endfacet
  facet normal -0.3356 -0.699166 0.6313
    outer loop
      vertex 292.301 142.999 2.2
      vertex 292.712 144.427 4
      vertex 292.151 143.071 2.2
    endloop
  endfacet
  facet normal -0.347226 -0.694452 0.630215
    outer loop
      vertex 292.712 144.427 4
      vertex 292.301 142.999 2.2
      vertex 292.72 144.423 4
    endloop
  endfacet
  facet normal 0.766846 0.112847 0.631833
    outer loop
      vertex 288.392 140.882 4
      vertex 289.833 141.168 2.2
      vertex 288.348 141.181 4
    endloop
  endfacet
  facet normal 0.330201 0.701358 0.631715
    outer loop
      vertex 290.28 138.577 4
      vertex 290.699 140.001 2.2
      vertex 290.006 138.706 4
    endloop
  endfacet
  facet normal -0.399439 -0.664184 0.631909
    outer loop
      vertex 292.444 142.913 2.2
      vertex 293.253 144.139 4
      vertex 292.301 142.999 2.2
    endloop
  endfacet
  facet normal -0.45045 -0.63063 0.631981
    outer loop
      vertex 293.253 144.139 4
      vertex 292.444 142.913 2.2
      vertex 293.26 144.134 4
    endloop
  endfacet
  facet normal 0.347226 -0.694452 0.630215
    outer loop
      vertex 290.699 142.999 2.2
      vertex 290.288 144.427 4
      vertex 290.28 144.423 4
    endloop
  endfacet
  facet normal 0.3356 -0.699166 0.6313
    outer loop
      vertex 290.288 144.427 4
      vertex 290.699 142.999 2.2
      vertex 290.849 143.071 2.2
    endloop
  endfacet
  facet normal 0.726712 -0.272517 0.630574
    outer loop
      vertex 288.468 142.42 4
      vertex 289.929 142.151 2.2
      vertex 288.471 142.428 4
    endloop
  endfacet
  facet normal 0.730645 -0.258963 0.631741
    outer loop
      vertex 289.929 142.151 2.2
      vertex 288.468 142.42 4
      vertex 289.873 141.993 2.2
    endloop
  endfacet
  facet normal -0.677201 -0.386972 0.62582
    outer loop
      vertex 292.999 142.301 2.2
      vertex 294.427 142.713 4
      vertex 294.423 142.72 4
    endloop
  endfacet
  facet normal -0.699084 -0.33556 0.631412
    outer loop
      vertex 294.427 142.713 4
      vertex 292.999 142.301 2.2
      vertex 293.071 142.151 2.2
    endloop
  endfacet
  facet normal -0.665137 0.398055 0.63178
    outer loop
      vertex 294.139 139.747 4
      vertex 294.294 140.006 4
      vertex 292.999 140.699 2.2
    endloop
  endfacet
  facet normal 0.751532 -0.189807 0.631801
    outer loop
      vertex 289.833 141.832 2.2
      vertex 288.466 142.411 4
      vertex 288.392 142.118 4
    endloop
  endfacet
  facet normal 0.665137 -0.398055 0.63178
    outer loop
      vertex 290.001 142.301 2.2
      vertex 288.861 143.253 4
      vertex 288.706 142.994 4
    endloop
  endfacet
  facet normal -0.45045 -0.63063 0.631981
    outer loop
      vertex 292.444 142.913 2.2
      vertex 293.267 144.129 4
      vertex 293.26 144.134 4
    endloop
  endfacet
  facet normal -0.460611 -0.623453 0.631779
    outer loop
      vertex 293.267 144.129 4
      vertex 292.444 142.913 2.2
      vertex 292.578 142.814 2.2
    endloop
  endfacet
  facet normal -0.575331 0.519654 0.631627
    outer loop
      vertex 292.702 140.298 2.2
      vertex 293.746 139.266 4
      vertex 292.814 140.422 2.2
    endloop
  endfacet
  facet normal -0.547982 0.547982 0.632006
    outer loop
      vertex 293.746 139.266 4
      vertex 292.702 140.298 2.2
      vertex 293.74 139.26 4
    endloop
  endfacet
  facet normal -0.262102 0.729775 0.631452
    outer loop
      vertex 292.428 138.471 4
      vertex 292.712 138.573 4
      vertex 292.151 139.929 2.2
    endloop
  endfacet
  facet normal 0.460611 0.623453 0.631779
    outer loop
      vertex 289.733 138.871 4
      vertex 290.556 140.087 2.2
      vertex 290.422 140.186 2.2
    endloop
  endfacet
  facet normal 0.45045 0.63063 0.631981
    outer loop
      vertex 290.556 140.087 2.2
      vertex 289.733 138.871 4
      vertex 289.74 138.866 4
    endloop
  endfacet
  facet normal -0.63077 0.45055 0.631771
    outer loop
      vertex 292.914 140.556 2.2
      vertex 294.129 139.733 4
      vertex 294.134 139.74 4
    endloop
  endfacet
  facet normal -0.621418 0.463745 0.631491
    outer loop
      vertex 294.129 139.733 4
      vertex 292.914 140.556 2.2
      vertex 292.814 140.422 2.2
    endloop
  endfacet
  facet normal -0.699084 0.33556 0.631412
    outer loop
      vertex 292.999 140.699 2.2
      vertex 294.427 140.287 4
      vertex 293.071 140.849 2.2
    endloop
  endfacet
  facet normal -0.677201 0.386972 0.62582
    outer loop
      vertex 294.427 140.287 4
      vertex 292.999 140.699 2.2
      vertex 294.423 140.28 4
    endloop
  endfacet
  facet normal -0.0359019 0.774454 0.63161
    outer loop
      vertex 291.802 138.346 4
      vertex 291.5 139.8 2.2
      vertex 291.5 138.332 4
    endloop
  endfacet
  facet normal 0.0370933 0.774322 0.631704
    outer loop
      vertex 291.333 139.808 2.2
      vertex 291.198 138.346 4
      vertex 291.5 139.8 2.2
    endloop
  endfacet
  facet normal 0.0855801 0.770221 0.632009
    outer loop
      vertex 291.198 138.346 4
      vertex 291.333 139.808 2.2
      vertex 291.189 138.347 4
    endloop
  endfacet
  facet normal -0.189807 0.751532 0.631801
    outer loop
      vertex 292.118 138.392 4
      vertex 292.411 138.466 4
      vertex 291.832 139.833 2.2
    endloop
  endfacet
  facet normal 0.768149 -0.0960187 0.63303
    outer loop
      vertex 288.347 141.811 4
      vertex 289.833 141.832 2.2
      vertex 288.348 141.819 4
    endloop
  endfacet
  facet normal 0.766608 -0.116153 0.631522
    outer loop
      vertex 289.833 141.832 2.2
      vertex 288.347 141.811 4
      vertex 289.808 141.667 2.2
    endloop
  endfacet
  facet normal 0.0359019 0.774454 0.63161
    outer loop
      vertex 291.5 138.332 4
      vertex 291.5 139.8 2.2
      vertex 291.198 138.346 4
    endloop
  endfacet
  facet normal 0.677201 -0.386972 0.62582
    outer loop
      vertex 288.573 142.713 4
      vertex 290.001 142.301 2.2
      vertex 288.577 142.72 4
    endloop
  endfacet
  facet normal 0.699084 -0.33556 0.631412
    outer loop
      vertex 290.001 142.301 2.2
      vertex 288.573 142.713 4
      vertex 289.929 142.151 2.2
    endloop
  endfacet
  facet normal 0.186942 0.752443 0.631572
    outer loop
      vertex 291.007 139.873 2.2
      vertex 290.589 138.466 4
      vertex 291.168 139.833 2.2
    endloop
  endfacet
  facet normal 0.168286 0.757288 0.631027
    outer loop
      vertex 290.589 138.466 4
      vertex 291.007 139.873 2.2
      vertex 290.58 138.468 4
    endloop
  endfacet
  facet normal -0.0359019 -0.774454 0.63161
    outer loop
      vertex 291.802 144.654 4
      vertex 291.5 144.668 4
      vertex 291.5 143.2 2.2
    endloop
  endfacet
  facet normal 0.547982 -0.547982 0.632006
    outer loop
      vertex 289.254 143.734 4
      vertex 290.298 142.702 2.2
      vertex 289.26 143.74 4
    endloop
  endfacet
  facet normal 0.575331 -0.519654 0.631627
    outer loop
      vertex 290.298 142.702 2.2
      vertex 289.254 143.734 4
      vertex 290.186 142.578 2.2
    endloop
  endfacet
  facet normal -0.622925 0.461426 0.631705
    outer loop
      vertex 293.949 139.49 4
      vertex 294.129 139.733 4
      vertex 292.814 140.422 2.2
    endloop
  endfacet
  facet normal -0.0855801 0.770221 0.632009
    outer loop
      vertex 291.667 139.808 2.2
      vertex 291.802 138.346 4
      vertex 291.811 138.347 4
    endloop
  endfacet
  facet normal -0.0370933 0.774322 0.631704
    outer loop
      vertex 291.802 138.346 4
      vertex 291.667 139.808 2.2
      vertex 291.5 139.8 2.2
    endloop
  endfacet
  facet normal -0.258963 -0.730645 0.631741
    outer loop
      vertex 292.151 143.071 2.2
      vertex 292.42 144.532 4
      vertex 291.993 143.127 2.2
    endloop
  endfacet
  facet normal -0.272517 -0.726712 0.630574
    outer loop
      vertex 292.42 144.532 4
      vertex 292.151 143.071 2.2
      vertex 292.428 144.529 4
    endloop
  endfacet
  facet normal -0.112847 -0.766846 0.631833
    outer loop
      vertex 291.832 143.167 2.2
      vertex 292.118 144.608 4
      vertex 291.819 144.652 4
    endloop
  endfacet
  facet normal -0.186942 -0.752443 0.631572
    outer loop
      vertex 291.993 143.127 2.2
      vertex 292.411 144.534 4
      vertex 291.832 143.167 2.2
    endloop
  endfacet
  facet normal -0.168286 -0.757288 0.631027
    outer loop
      vertex 292.411 144.534 4
      vertex 291.993 143.127 2.2
      vertex 292.42 144.532 4
    endloop
  endfacet
  facet normal -0.665137 -0.398055 0.63178
    outer loop
      vertex 294.294 142.994 4
      vertex 294.139 143.253 4
      vertex 292.999 142.301 2.2
    endloop
  endfacet
  facet normal -0.751532 -0.189807 0.631801
    outer loop
      vertex 294.608 142.118 4
      vertex 294.534 142.411 4
      vertex 293.167 141.832 2.2
    endloop
  endfacet
  facet normal 0.399439 0.664184 0.631909
    outer loop
      vertex 290.556 140.087 2.2
      vertex 289.747 138.861 4
      vertex 290.699 140.001 2.2
    endloop
  endfacet
  facet normal 0.45045 0.63063 0.631981
    outer loop
      vertex 289.747 138.861 4
      vertex 290.556 140.087 2.2
      vertex 289.74 138.866 4
    endloop
  endfacet
  facet normal 0.766846 -0.112847 0.631833
    outer loop
      vertex 289.833 141.832 2.2
      vertex 288.392 142.118 4
      vertex 288.348 141.819 4
    endloop
  endfacet
  facet normal 0.701358 -0.330201 0.631715
    outer loop
      vertex 290.001 142.301 2.2
      vertex 288.706 142.994 4
      vertex 288.577 142.72 4
    endloop
  endfacet
  facet normal -0.766846 -0.112847 0.631833
    outer loop
      vertex 294.652 141.819 4
      vertex 294.608 142.118 4
      vertex 293.167 141.832 2.2
    endloop
  endfacet
  facet normal -0.768149 -0.0960187 0.63303
    outer loop
      vertex 293.167 141.832 2.2
      vertex 294.653 141.811 4
      vertex 294.652 141.819 4
    endloop
  endfacet
  facet normal -0.766608 -0.116153 0.631522
    outer loop
      vertex 294.653 141.811 4
      vertex 293.167 141.832 2.2
      vertex 293.192 141.667 2.2
    endloop
  endfacet
  facet normal 0.752443 0.186942 0.631572
    outer loop
      vertex 288.466 140.589 4
      vertex 289.873 141.007 2.2
      vertex 289.833 141.168 2.2
    endloop
  endfacet
  facet normal 0.757288 0.168286 0.631027
    outer loop
      vertex 289.873 141.007 2.2
      vertex 288.466 140.589 4
      vertex 288.468 140.58 4
    endloop
  endfacet
  facet normal 0.751532 0.189807 0.631801
    outer loop
      vertex 288.466 140.589 4
      vertex 289.833 141.168 2.2
      vertex 288.392 140.882 4
    endloop
  endfacet
  facet normal 0.519654 -0.575331 0.631627
    outer loop
      vertex 289.266 143.746 4
      vertex 290.298 142.702 2.2
      vertex 290.422 142.814 2.2
    endloop
  endfacet
  facet normal 0.547982 -0.547982 0.632006
    outer loop
      vertex 290.298 142.702 2.2
      vertex 289.266 143.746 4
      vertex 289.26 143.74 4
    endloop
  endfacet
  facet normal 0.0960187 -0.768149 0.63303
    outer loop
      vertex 291.168 143.167 2.2
      vertex 291.189 144.653 4
      vertex 291.181 144.652 4
    endloop
  endfacet
  facet normal 0.116153 -0.766608 0.631522
    outer loop
      vertex 291.189 144.653 4
      vertex 291.168 143.167 2.2
      vertex 291.333 143.192 2.2
    endloop
  endfacet
  facet normal -0.547982 -0.547982 0.632006
    outer loop
      vertex 293.734 143.746 4
      vertex 292.702 142.702 2.2
      vertex 293.74 143.74 4
    endloop
  endfacet
  facet normal -0.519654 -0.575331 0.631627
    outer loop
      vertex 292.702 142.702 2.2
      vertex 293.734 143.746 4
      vertex 292.578 142.814 2.2
    endloop
  endfacet
  facet normal 0.272517 -0.726712 0.630574
    outer loop
      vertex 290.849 143.071 2.2
      vertex 290.58 144.532 4
      vertex 290.572 144.529 4
    endloop
  endfacet
  facet normal 0.258963 -0.730645 0.631741
    outer loop
      vertex 290.58 144.532 4
      vertex 290.849 143.071 2.2
      vertex 291.007 143.127 2.2
    endloop
  endfacet
  facet normal 0.45045 -0.63063 0.631981
    outer loop
      vertex 290.556 142.913 2.2
      vertex 289.747 144.139 4
      vertex 289.74 144.134 4
    endloop
  endfacet
  facet normal 0.399439 -0.664184 0.631909
    outer loop
      vertex 289.747 144.139 4
      vertex 290.556 142.913 2.2
      vertex 290.699 142.999 2.2
    endloop
  endfacet
  facet normal -0.0960187 0.768149 0.63303
    outer loop
      vertex 291.832 139.833 2.2
      vertex 291.811 138.347 4
      vertex 291.819 138.348 4
    endloop
  endfacet
  facet normal -0.116153 0.766608 0.631522
    outer loop
      vertex 291.811 138.347 4
      vertex 291.832 139.833 2.2
      vertex 291.667 139.808 2.2
    endloop
  endfacet
  facet normal 0.774322 0.0370933 0.631704
    outer loop
      vertex 288.346 141.198 4
      vertex 289.808 141.333 2.2
      vertex 289.8 141.5 2.2
    endloop
  endfacet
  facet normal 0.770221 0.0855801 0.632009
    outer loop
      vertex 289.808 141.333 2.2
      vertex 288.346 141.198 4
      vertex 288.347 141.189 4
    endloop
  endfacet
  facet normal 0.398055 -0.665137 0.63178
    outer loop
      vertex 290.699 142.999 2.2
      vertex 290.006 144.294 4
      vertex 289.747 144.139 4
    endloop
  endfacet
  facet normal -0.547982 -0.547982 0.632006
    outer loop
      vertex 292.702 142.702 2.2
      vertex 293.746 143.734 4
      vertex 293.74 143.74 4
    endloop
  endfacet
  facet normal -0.575331 -0.519654 0.631627
    outer loop
      vertex 293.746 143.734 4
      vertex 292.702 142.702 2.2
      vertex 292.814 142.578 2.2
    endloop
  endfacet
  facet normal 0.774454 -0.0359019 0.63161
    outer loop
      vertex 289.8 141.5 2.2
      vertex 288.346 141.802 4
      vertex 288.332 141.5 4
    endloop
  endfacet
  facet normal -0.63077 -0.45055 0.631771
    outer loop
      vertex 292.914 142.444 2.2
      vertex 294.139 143.253 4
      vertex 294.134 143.26 4
    endloop
  endfacet
  facet normal -0.666449 -0.396141 0.631599
    outer loop
      vertex 294.139 143.253 4
      vertex 292.914 142.444 2.2
      vertex 292.999 142.301 2.2
    endloop
  endfacet
  facet normal -0.726712 -0.272517 0.630574
    outer loop
      vertex 293.071 142.151 2.2
      vertex 294.532 142.42 4
      vertex 294.529 142.428 4
    endloop
  endfacet
  facet normal -0.730645 -0.258963 0.631741
    outer loop
      vertex 294.532 142.42 4
      vertex 293.071 142.151 2.2
      vertex 293.127 141.993 2.2
    endloop
  endfacet
  facet normal -0.757288 -0.168286 0.631027
    outer loop
      vertex 293.127 141.993 2.2
      vertex 294.534 142.411 4
      vertex 294.532 142.42 4
    endloop
  endfacet
  facet normal -0.752443 -0.186942 0.631572
    outer loop
      vertex 294.534 142.411 4
      vertex 293.127 141.993 2.2
      vertex 293.167 141.832 2.2
    endloop
  endfacet
  facet normal 0.902429 -0.430839 0
    outer loop
      vertex 148.429 9.15056 2.2
      vertex 148.501 9.30137 0
      vertex 148.501 9.30137 2.2
    endloop
  endfacet
  facet normal 0.902429 -0.430839 0
    outer loop
      vertex 148.501 9.30137 0
      vertex 148.429 9.15056 2.2
      vertex 148.429 9.15056 0
    endloop
  endfacet
  facet normal -0.988718 -0.149788 0
    outer loop
      vertex 151.692 8.66663 0
      vertex 151.667 8.83165 2.2
      vertex 151.667 8.83165 0
    endloop
  endfacet
  facet normal -0.988718 -0.149788 0
    outer loop
      vertex 151.667 8.83165 2.2
      vertex 151.692 8.66663 0
      vertex 151.692 8.66663 2.2
    endloop
  endfacet
  facet normal -0.998849 -0.0479553 0
    outer loop
      vertex 151.7 8.5 0
      vertex 151.692 8.66663 2.2
      vertex 151.692 8.66663 0
    endloop
  endfacet
  facet normal -0.998849 -0.0479553 0
    outer loop
      vertex 151.692 8.66663 2.2
      vertex 151.7 8.5 0
      vertex 151.7 8.5 2.2
    endloop
  endfacet
  facet normal -0.970785 -0.239952 0
    outer loop
      vertex 151.667 8.83165 0
      vertex 151.627 8.99348 2.2
      vertex 151.627 8.99348 0
    endloop
  endfacet
  facet normal -0.970785 -0.239952 0
    outer loop
      vertex 151.627 8.99348 2.2
      vertex 151.667 8.83165 0
      vertex 151.667 8.83165 2.2
    endloop
  endfacet
  facet normal -0.146875 -0.989155 0
    outer loop
      vertex 150.167 10.1918 0
      vertex 150.332 10.1673 2.2
      vertex 150.167 10.1918 2.2
    endloop
  endfacet
  facet normal -0.146875 -0.989155 -0
    outer loop
      vertex 150.332 10.1673 2.2
      vertex 150.167 10.1918 0
      vertex 150.332 10.1673 0
    endloop
  endfacet
  facet normal 0.146875 -0.989155 0
    outer loop
      vertex 149.668 10.1673 0
      vertex 149.833 10.1918 2.2
      vertex 149.668 10.1673 2.2
    endloop
  endfacet
  facet normal 0.146875 -0.989155 0
    outer loop
      vertex 149.833 10.1918 2.2
      vertex 149.668 10.1673 0
      vertex 149.833 10.1918 0
    endloop
  endfacet
  facet normal -0.804301 -0.594222 0
    outer loop
      vertex 151.413 9.44447 0
      vertex 151.314 9.57847 2.2
      vertex 151.314 9.57847 0
    endloop
  endfacet
  facet normal -0.804301 -0.594222 0
    outer loop
      vertex 151.314 9.57847 2.2
      vertex 151.413 9.44447 0
      vertex 151.413 9.44447 2.2
    endloop
  endfacet
  facet normal -0.514363 0.857572 0
    outer loop
      vertex 150.944 7.0865 0
      vertex 150.801 7.00073 2.2
      vertex 150.944 7.0865 2.2
    endloop
  endfacet
  facet normal -0.514363 0.857572 0
    outer loop
      vertex 150.801 7.00073 2.2
      vertex 150.944 7.0865 0
      vertex 150.801 7.00073 0
    endloop
  endfacet
  facet normal -0.595695 -0.803211 0
    outer loop
      vertex 150.944 9.9135 0
      vertex 151.078 9.81412 2.2
      vertex 150.944 9.9135 2.2
    endloop
  endfacet
  facet normal -0.595695 -0.803211 -0
    outer loop
      vertex 151.078 9.81412 2.2
      vertex 150.944 9.9135 0
      vertex 151.078 9.81412 0
    endloop
  endfacet
  facet normal -0.998849 0.0479553 0
    outer loop
      vertex 151.692 8.33337 0
      vertex 151.7 8.5 2.2
      vertex 151.7 8.5 0
    endloop
  endfacet
  facet normal -0.998849 0.0479553 0
    outer loop
      vertex 151.7 8.5 2.2
      vertex 151.692 8.33337 0
      vertex 151.692 8.33337 2.2
    endloop
  endfacet
  facet normal 0.243953 -0.969787 0
    outer loop
      vertex 149.507 10.1268 0
      vertex 149.668 10.1673 2.2
      vertex 149.507 10.1268 2.2
    endloop
  endfacet
  facet normal 0.243953 -0.969787 0
    outer loop
      vertex 149.668 10.1673 2.2
      vertex 149.507 10.1268 0
      vertex 149.668 10.1673 0
    endloop
  endfacet
  facet normal 0.804301 -0.594222 0
    outer loop
      vertex 148.587 9.44447 2.2
      vertex 148.686 9.57847 0
      vertex 148.686 9.57847 2.2
    endloop
  endfacet
  facet normal 0.804301 -0.594222 0
    outer loop
      vertex 148.686 9.57847 0
      vertex 148.587 9.44447 2.2
      vertex 148.587 9.44447 0
    endloop
  endfacet
  facet normal 0.42945 0.903091 -0
    outer loop
      vertex 149.349 6.9294 0
      vertex 149.199 7.00073 2.2
      vertex 149.349 6.9294 2.2
    endloop
  endfacet
  facet normal 0.42945 0.903091 0
    outer loop
      vertex 149.199 7.00073 2.2
      vertex 149.349 6.9294 0
      vertex 149.199 7.00073 0
    endloop
  endfacet
  facet normal -0.42945 -0.903091 0
    outer loop
      vertex 150.651 10.0706 0
      vertex 150.801 9.99927 2.2
      vertex 150.651 10.0706 2.2
    endloop
  endfacet
  facet normal -0.42945 -0.903091 -0
    outer loop
      vertex 150.801 9.99927 2.2
      vertex 150.651 10.0706 0
      vertex 150.801 9.99927 0
    endloop
  endfacet
  facet normal 0.988718 0.149788 0
    outer loop
      vertex 148.333 8.16835 2.2
      vertex 148.308 8.33337 0
      vertex 148.308 8.33337 2.2
    endloop
  endfacet
  facet normal 0.988718 0.149788 0
    outer loop
      vertex 148.308 8.33337 0
      vertex 148.333 8.16835 2.2
      vertex 148.333 8.16835 0
    endloop
  endfacet
  facet normal -0.670418 0.741984 0
    outer loop
      vertex 151.202 7.29792 0
      vertex 151.078 7.18588 2.2
      vertex 151.202 7.29792 2.2
    endloop
  endfacet
  facet normal -0.670418 0.741984 0
    outer loop
      vertex 151.078 7.18588 2.2
      vertex 151.202 7.29792 0
      vertex 151.078 7.18588 0
    endloop
  endfacet
  facet normal 0.42945 -0.903091 0
    outer loop
      vertex 149.199 9.99927 0
      vertex 149.349 10.0706 2.2
      vertex 149.199 9.99927 2.2
    endloop
  endfacet
  facet normal 0.42945 -0.903091 0
    outer loop
      vertex 149.349 10.0706 2.2
      vertex 149.199 9.99927 0
      vertex 149.349 10.0706 0
    endloop
  endfacet
  facet normal -0.970785 0.239952 0
    outer loop
      vertex 151.627 8.00652 0
      vertex 151.667 8.16835 2.2
      vertex 151.667 8.16835 0
    endloop
  endfacet
  facet normal -0.970785 0.239952 0
    outer loop
      vertex 151.667 8.16835 2.2
      vertex 151.627 8.00652 0
      vertex 151.627 8.00652 2.2
    endloop
  endfacet
  facet normal -0.244179 0.96973 0
    outer loop
      vertex 150.493 6.8732 0
      vertex 150.332 6.83266 2.2
      vertex 150.493 6.8732 2.2
    endloop
  endfacet
  facet normal -0.244179 0.96973 0
    outer loop
      vertex 150.332 6.83266 2.2
      vertex 150.493 6.8732 0
      vertex 150.332 6.83266 0
    endloop
  endfacet
  facet normal 0.988718 -0.149788 0
    outer loop
      vertex 148.308 8.66663 2.2
      vertex 148.333 8.83165 0
      vertex 148.333 8.83165 2.2
    endloop
  endfacet
  facet normal 0.988718 -0.149788 0
    outer loop
      vertex 148.333 8.83165 0
      vertex 148.308 8.66663 2.2
      vertex 148.308 8.66663 0
    endloop
  endfacet
  facet normal -0.941932 -0.335805 0
    outer loop
      vertex 151.627 8.99348 0
      vertex 151.571 9.15056 2.2
      vertex 151.571 9.15056 0
    endloop
  endfacet
  facet normal -0.941932 -0.335805 0
    outer loop
      vertex 151.571 9.15056 2.2
      vertex 151.627 8.99348 0
      vertex 151.627 8.99348 2.2
    endloop
  endfacet
  facet normal 0.514363 0.857572 -0
    outer loop
      vertex 149.199 7.00073 0
      vertex 149.056 7.0865 2.2
      vertex 149.199 7.00073 2.2
    endloop
  endfacet
  facet normal 0.514363 0.857572 0
    outer loop
      vertex 149.056 7.0865 2.2
      vertex 149.199 7.00073 0
      vertex 149.056 7.0865 0
    endloop
  endfacet
  facet normal 0.970785 -0.239952 0
    outer loop
      vertex 148.333 8.83165 2.2
      vertex 148.373 8.99348 0
      vertex 148.373 8.99348 2.2
    endloop
  endfacet
  facet normal 0.970785 -0.239952 0
    outer loop
      vertex 148.373 8.99348 0
      vertex 148.333 8.83165 2.2
      vertex 148.333 8.83165 0
    endloop
  endfacet
  facet normal -0.804301 0.594222 0
    outer loop
      vertex 151.314 7.42153 0
      vertex 151.413 7.55553 2.2
      vertex 151.413 7.55553 0
    endloop
  endfacet
  facet normal -0.804301 0.594222 0
    outer loop
      vertex 151.413 7.55553 2.2
      vertex 151.314 7.42153 0
      vertex 151.314 7.42153 2.2
    endloop
  endfacet
  facet normal 0.595695 0.803211 -0
    outer loop
      vertex 149.056 7.0865 0
      vertex 148.922 7.18588 2.2
      vertex 149.056 7.0865 2.2
    endloop
  endfacet
  facet normal 0.595695 0.803211 0
    outer loop
      vertex 148.922 7.18588 2.2
      vertex 149.056 7.0865 0
      vertex 148.922 7.18588 0
    endloop
  endfacet
  facet normal 0.335127 0.942173 -0
    outer loop
      vertex 149.507 6.8732 0
      vertex 149.349 6.9294 2.2
      vertex 149.507 6.8732 2.2
    endloop
  endfacet
  facet normal 0.335127 0.942173 0
    outer loop
      vertex 149.349 6.9294 2.2
      vertex 149.507 6.8732 0
      vertex 149.349 6.9294 0
    endloop
  endfacet
  facet normal -0.335127 -0.942173 0
    outer loop
      vertex 150.493 10.1268 0
      vertex 150.651 10.0706 2.2
      vertex 150.493 10.1268 2.2
    endloop
  endfacet
  facet normal -0.335127 -0.942173 -0
    outer loop
      vertex 150.651 10.0706 2.2
      vertex 150.493 10.1268 0
      vertex 150.651 10.0706 0
    endloop
  endfacet
  facet normal 0.741051 0.671448 0
    outer loop
      vertex 148.798 7.29792 2.2
      vertex 148.686 7.42153 0
      vertex 148.686 7.42153 2.2
    endloop
  endfacet
  facet normal 0.741051 0.671448 0
    outer loop
      vertex 148.686 7.42153 0
      vertex 148.798 7.29792 2.2
      vertex 148.798 7.29792 0
    endloop
  endfacet
  facet normal -0.514363 -0.857572 0
    outer loop
      vertex 150.801 9.99927 0
      vertex 150.944 9.9135 2.2
      vertex 150.801 9.99927 2.2
    endloop
  endfacet
  facet normal -0.514363 -0.857572 -0
    outer loop
      vertex 150.944 9.9135 2.2
      vertex 150.801 9.99927 0
      vertex 150.944 9.9135 0
    endloop
  endfacet
  facet normal 0.335127 -0.942173 0
    outer loop
      vertex 149.349 10.0706 0
      vertex 149.507 10.1268 2.2
      vertex 149.349 10.0706 2.2
    endloop
  endfacet
  facet normal 0.335127 -0.942173 0
    outer loop
      vertex 149.507 10.1268 2.2
      vertex 149.349 10.0706 0
      vertex 149.507 10.1268 0
    endloop
  endfacet
  facet normal 0.90244 0.430816 0
    outer loop
      vertex 148.501 7.69862 2.2
      vertex 148.429 7.84944 0
      vertex 148.429 7.84944 2.2
    endloop
  endfacet
  facet normal 0.90244 0.430816 0
    outer loop
      vertex 148.429 7.84944 0
      vertex 148.501 7.69862 2.2
      vertex 148.501 7.69862 0
    endloop
  endfacet
  facet normal 0.941932 0.335805 0
    outer loop
      vertex 148.429 7.84944 2.2
      vertex 148.373 8.00652 0
      vertex 148.373 8.00652 2.2
    endloop
  endfacet
  facet normal 0.941932 0.335805 0
    outer loop
      vertex 148.373 8.00652 0
      vertex 148.429 7.84944 2.2
      vertex 148.429 7.84944 0
    endloop
  endfacet
  facet normal -0.902429 -0.430839 0
    outer loop
      vertex 151.571 9.15056 0
      vertex 151.499 9.30137 2.2
      vertex 151.499 9.30137 0
    endloop
  endfacet
  facet normal -0.902429 -0.430839 0
    outer loop
      vertex 151.499 9.30137 2.2
      vertex 151.571 9.15056 0
      vertex 151.571 9.15056 2.2
    endloop
  endfacet
  facet normal 0.970785 0.239952 0
    outer loop
      vertex 148.373 8.00652 2.2
      vertex 148.333 8.16835 0
      vertex 148.333 8.16835 2.2
    endloop
  endfacet
  facet normal 0.970785 0.239952 0
    outer loop
      vertex 148.333 8.16835 0
      vertex 148.373 8.00652 2.2
      vertex 148.373 8.00652 0
    endloop
  endfacet
  facet normal 0.595695 -0.803211 0
    outer loop
      vertex 148.922 9.81412 0
      vertex 149.056 9.9135 2.2
      vertex 148.922 9.81412 2.2
    endloop
  endfacet
  facet normal 0.595695 -0.803211 0
    outer loop
      vertex 149.056 9.9135 2.2
      vertex 148.922 9.81412 0
      vertex 149.056 9.9135 0
    endloop
  endfacet
  facet normal 0.146699 0.989181 -0
    outer loop
      vertex 149.833 6.80819 0
      vertex 149.668 6.83266 2.2
      vertex 149.833 6.80819 2.2
    endloop
  endfacet
  facet normal 0.146699 0.989181 0
    outer loop
      vertex 149.668 6.83266 2.2
      vertex 149.833 6.80819 0
      vertex 149.668 6.83266 0
    endloop
  endfacet
  facet normal -0.741051 0.671448 0
    outer loop
      vertex 151.202 7.29792 0
      vertex 151.314 7.42153 2.2
      vertex 151.314 7.42153 0
    endloop
  endfacet
  facet normal -0.741051 0.671448 0
    outer loop
      vertex 151.314 7.42153 2.2
      vertex 151.202 7.29792 0
      vertex 151.202 7.29792 2.2
    endloop
  endfacet
  facet normal -0.146699 0.989181 0
    outer loop
      vertex 150.332 6.83266 0
      vertex 150.167 6.80819 2.2
      vertex 150.332 6.83266 2.2
    endloop
  endfacet
  facet normal -0.146699 0.989181 0
    outer loop
      vertex 150.167 6.80819 2.2
      vertex 150.332 6.83266 0
      vertex 150.167 6.80819 0
    endloop
  endfacet
  facet normal 0.514363 -0.857572 0
    outer loop
      vertex 149.056 9.9135 0
      vertex 149.199 9.99927 2.2
      vertex 149.056 9.9135 2.2
    endloop
  endfacet
  facet normal 0.514363 -0.857572 0
    outer loop
      vertex 149.199 9.99927 2.2
      vertex 149.056 9.9135 0
      vertex 149.199 9.99927 0
    endloop
  endfacet
  facet normal -0.0490427 -0.998797 0
    outer loop
      vertex 150 10.2 0
      vertex 150.167 10.1918 2.2
      vertex 150 10.2 2.2
    endloop
  endfacet
  facet normal -0.0490427 -0.998797 -0
    outer loop
      vertex 150.167 10.1918 2.2
      vertex 150 10.2 0
      vertex 150.167 10.1918 0
    endloop
  endfacet
  facet normal 0.857107 0.515139 0
    outer loop
      vertex 148.587 7.55553 2.2
      vertex 148.501 7.69862 0
      vertex 148.501 7.69862 2.2
    endloop
  endfacet
  facet normal 0.857107 0.515139 0
    outer loop
      vertex 148.501 7.69862 0
      vertex 148.587 7.55553 2.2
      vertex 148.587 7.55553 0
    endloop
  endfacet
  facet normal -0.243953 -0.969787 0
    outer loop
      vertex 150.332 10.1673 0
      vertex 150.493 10.1268 2.2
      vertex 150.332 10.1673 2.2
    endloop
  endfacet
  facet normal -0.243953 -0.969787 -0
    outer loop
      vertex 150.493 10.1268 2.2
      vertex 150.332 10.1673 0
      vertex 150.493 10.1268 0
    endloop
  endfacet
  facet normal 0.941932 -0.335805 0
    outer loop
      vertex 148.373 8.99348 2.2
      vertex 148.429 9.15056 0
      vertex 148.429 9.15056 2.2
    endloop
  endfacet
  facet normal 0.941932 -0.335805 0
    outer loop
      vertex 148.429 9.15056 0
      vertex 148.373 8.99348 2.2
      vertex 148.373 8.99348 0
    endloop
  endfacet
  facet normal -0.670418 -0.741984 0
    outer loop
      vertex 151.078 9.81412 0
      vertex 151.202 9.70208 2.2
      vertex 151.078 9.81412 2.2
    endloop
  endfacet
  facet normal -0.670418 -0.741984 -0
    outer loop
      vertex 151.202 9.70208 2.2
      vertex 151.078 9.81412 0
      vertex 151.202 9.70208 0
    endloop
  endfacet
  facet normal 0.0490427 -0.998797 0
    outer loop
      vertex 149.833 10.1918 0
      vertex 150 10.2 2.2
      vertex 149.833 10.1918 2.2
    endloop
  endfacet
  facet normal 0.0490427 -0.998797 0
    outer loop
      vertex 150 10.2 2.2
      vertex 149.833 10.1918 0
      vertex 150 10.2 0
    endloop
  endfacet
  facet normal -0.42945 0.903091 0
    outer loop
      vertex 150.801 7.00073 0
      vertex 150.651 6.9294 2.2
      vertex 150.801 7.00073 2.2
    endloop
  endfacet
  facet normal -0.42945 0.903091 0
    outer loop
      vertex 150.651 6.9294 2.2
      vertex 150.801 7.00073 0
      vertex 150.651 6.9294 0
    endloop
  endfacet
  facet normal -0.988718 0.149788 0
    outer loop
      vertex 151.667 8.16835 0
      vertex 151.692 8.33337 2.2
      vertex 151.692 8.33337 0
    endloop
  endfacet
  facet normal -0.988718 0.149788 0
    outer loop
      vertex 151.692 8.33337 2.2
      vertex 151.667 8.16835 0
      vertex 151.667 8.16835 2.2
    endloop
  endfacet
  facet normal -0.857123 -0.515112 0
    outer loop
      vertex 151.499 9.30137 0
      vertex 151.413 9.44447 2.2
      vertex 151.413 9.44447 0
    endloop
  endfacet
  facet normal -0.857123 -0.515112 0
    outer loop
      vertex 151.413 9.44447 2.2
      vertex 151.499 9.30137 0
      vertex 151.499 9.30137 2.2
    endloop
  endfacet
  facet normal 0.048983 0.9988 -0
    outer loop
      vertex 150 6.8 0
      vertex 149.833 6.80819 2.2
      vertex 150 6.8 2.2
    endloop
  endfacet
  facet normal 0.048983 0.9988 0
    outer loop
      vertex 149.833 6.80819 2.2
      vertex 150 6.8 0
      vertex 149.833 6.80819 0
    endloop
  endfacet
  facet normal 0.670418 -0.741984 0
    outer loop
      vertex 148.798 9.70208 0
      vertex 148.922 9.81412 2.2
      vertex 148.798 9.70208 2.2
    endloop
  endfacet
  facet normal 0.670418 -0.741984 0
    outer loop
      vertex 148.922 9.81412 2.2
      vertex 148.798 9.70208 0
      vertex 148.922 9.81412 0
    endloop
  endfacet
  facet normal 0.741051 -0.671448 0
    outer loop
      vertex 148.686 9.57847 2.2
      vertex 148.798 9.70208 0
      vertex 148.798 9.70208 2.2
    endloop
  endfacet
  facet normal 0.741051 -0.671448 0
    outer loop
      vertex 148.798 9.70208 0
      vertex 148.686 9.57847 2.2
      vertex 148.686 9.57847 0
    endloop
  endfacet
  facet normal -0.90244 0.430816 0
    outer loop
      vertex 151.499 7.69862 0
      vertex 151.571 7.84944 2.2
      vertex 151.571 7.84944 0
    endloop
  endfacet
  facet normal -0.90244 0.430816 0
    outer loop
      vertex 151.571 7.84944 2.2
      vertex 151.499 7.69862 0
      vertex 151.499 7.69862 2.2
    endloop
  endfacet
  facet normal -0.048983 0.9988 0
    outer loop
      vertex 150.167 6.80819 0
      vertex 150 6.8 2.2
      vertex 150.167 6.80819 2.2
    endloop
  endfacet
  facet normal -0.048983 0.9988 0
    outer loop
      vertex 150 6.8 2.2
      vertex 150.167 6.80819 0
      vertex 150 6.8 0
    endloop
  endfacet
  facet normal 0.670418 0.741984 -0
    outer loop
      vertex 148.922 7.18588 0
      vertex 148.798 7.29792 2.2
      vertex 148.922 7.18588 2.2
    endloop
  endfacet
  facet normal 0.670418 0.741984 0
    outer loop
      vertex 148.798 7.29792 2.2
      vertex 148.922 7.18588 0
      vertex 148.798 7.29792 0
    endloop
  endfacet
  facet normal -0.941932 0.335805 0
    outer loop
      vertex 151.571 7.84944 0
      vertex 151.627 8.00652 2.2
      vertex 151.627 8.00652 0
    endloop
  endfacet
  facet normal -0.941932 0.335805 0
    outer loop
      vertex 151.627 8.00652 2.2
      vertex 151.571 7.84944 0
      vertex 151.571 7.84944 2.2
    endloop
  endfacet
  facet normal -0.741051 -0.671448 0
    outer loop
      vertex 151.314 9.57847 0
      vertex 151.202 9.70208 2.2
      vertex 151.202 9.70208 0
    endloop
  endfacet
  facet normal -0.741051 -0.671448 0
    outer loop
      vertex 151.202 9.70208 2.2
      vertex 151.314 9.57847 0
      vertex 151.314 9.57847 2.2
    endloop
  endfacet
  facet normal 0.244179 0.96973 -0
    outer loop
      vertex 149.668 6.83266 0
      vertex 149.507 6.8732 2.2
      vertex 149.668 6.83266 2.2
    endloop
  endfacet
  facet normal 0.244179 0.96973 0
    outer loop
      vertex 149.507 6.8732 2.2
      vertex 149.668 6.83266 0
      vertex 149.507 6.8732 0
    endloop
  endfacet
  facet normal -0.595695 0.803211 0
    outer loop
      vertex 151.078 7.18588 0
      vertex 150.944 7.0865 2.2
      vertex 151.078 7.18588 2.2
    endloop
  endfacet
  facet normal -0.595695 0.803211 0
    outer loop
      vertex 150.944 7.0865 2.2
      vertex 151.078 7.18588 0
      vertex 150.944 7.0865 0
    endloop
  endfacet
  facet normal -0.857107 0.515139 0
    outer loop
      vertex 151.413 7.55553 0
      vertex 151.499 7.69862 2.2
      vertex 151.499 7.69862 0
    endloop
  endfacet
  facet normal -0.857107 0.515139 0
    outer loop
      vertex 151.499 7.69862 2.2
      vertex 151.413 7.55553 0
      vertex 151.413 7.55553 2.2
    endloop
  endfacet
  facet normal 0.804301 0.594222 0
    outer loop
      vertex 148.686 7.42153 2.2
      vertex 148.587 7.55553 0
      vertex 148.587 7.55553 2.2
    endloop
  endfacet
  facet normal 0.804301 0.594222 0
    outer loop
      vertex 148.587 7.55553 0
      vertex 148.686 7.42153 2.2
      vertex 148.686 7.42153 0
    endloop
  endfacet
  facet normal 0.857123 -0.515112 0
    outer loop
      vertex 148.501 9.30137 2.2
      vertex 148.587 9.44447 0
      vertex 148.587 9.44447 2.2
    endloop
  endfacet
  facet normal 0.857123 -0.515112 0
    outer loop
      vertex 148.587 9.44447 0
      vertex 148.501 9.30137 2.2
      vertex 148.501 9.30137 0
    endloop
  endfacet
  facet normal -0.335127 0.942173 0
    outer loop
      vertex 150.651 6.9294 0
      vertex 150.493 6.8732 2.2
      vertex 150.651 6.9294 2.2
    endloop
  endfacet
  facet normal -0.335127 0.942173 0
    outer loop
      vertex 150.493 6.8732 2.2
      vertex 150.651 6.9294 0
      vertex 150.493 6.8732 0
    endloop
  endfacet
  facet normal 0.998849 -0.0479553 0
    outer loop
      vertex 148.3 8.5 2.2
      vertex 148.308 8.66663 0
      vertex 148.308 8.66663 2.2
    endloop
  endfacet
  facet normal 0.998849 -0.0479553 0
    outer loop
      vertex 148.308 8.66663 0
      vertex 148.3 8.5 2.2
      vertex 148.3 8.5 0
    endloop
  endfacet
  facet normal 0.998849 0.0479553 0
    outer loop
      vertex 148.308 8.33337 2.2
      vertex 148.3 8.5 0
      vertex 148.3 8.5 2.2
    endloop
  endfacet
  facet normal 0.998849 0.0479553 0
    outer loop
      vertex 148.3 8.5 0
      vertex 148.308 8.33337 2.2
      vertex 148.308 8.33337 0
    endloop
  endfacet
  facet normal -0.398625 -0.664803 0.631771
    outer loop
      vertex 151.753 11.139 4
      vertex 151.494 11.2943 4
      vertex 150.801 9.99927 2.2
    endloop
  endfacet
  facet normal 0.62347 -0.460623 0.631752
    outer loop
      vertex 147.371 10.2673 4
      vertex 148.587 9.44447 2.2
      vertex 148.686 9.57847 2.2
    endloop
  endfacet
  facet normal 0.630647 -0.450462 0.631956
    outer loop
      vertex 148.587 9.44447 2.2
      vertex 147.371 10.2673 4
      vertex 147.366 10.2603 4
    endloop
  endfacet
  facet normal 0.519731 0.575211 0.631675
    outer loop
      vertex 148.798 7.29792 2.2
      vertex 147.766 6.25369 4
      vertex 148.922 7.18588 2.2
    endloop
  endfacet
  facet normal 0.543331 0.55254 0.632053
    outer loop
      vertex 147.766 6.25369 4
      vertex 148.798 7.29792 2.2
      vertex 147.76 6.25959 4
    endloop
  endfacet
  facet normal -0.774454 -0.0359268 0.63161
    outer loop
      vertex 153.168 8.5 4
      vertex 153.154 8.80179 4
      vertex 151.7 8.5 2.2
    endloop
  endfacet
  facet normal -0.769986 -0.0877977 0.631992
    outer loop
      vertex 151.692 8.66663 2.2
      vertex 153.154 8.80179 4
      vertex 153.153 8.81056 4
    endloop
  endfacet
  facet normal -0.774315 -0.0371753 0.631707
    outer loop
      vertex 153.154 8.80179 4
      vertex 151.692 8.66663 2.2
      vertex 151.7 8.5 2.2
    endloop
  endfacet
  facet normal 0.574317 0.520753 0.631646
    outer loop
      vertex 147.754 6.26609 4
      vertex 148.686 7.42153 2.2
      vertex 147.551 6.48997 4
    endloop
  endfacet
  facet normal 0.729863 0.261682 0.631524
    outer loop
      vertex 147.073 7.2875 4
      vertex 148.429 7.84944 2.2
      vertex 146.971 7.57199 4
    endloop
  endfacet
  facet normal -0.622692 -0.461824 0.631643
    outer loop
      vertex 152.629 10.2673 4
      vertex 152.449 10.51 4
      vertex 151.314 9.57847 2.2
    endloop
  endfacet
  facet normal 0.0344239 -0.774537 0.631592
    outer loop
      vertex 149.833 10.1918 2.2
      vertex 149.698 11.6536 4
      vertex 149.689 11.6532 4
    endloop
  endfacet
  facet normal 0.0380197 -0.774303 0.631672
    outer loop
      vertex 149.698 11.6536 4
      vertex 149.833 10.1918 2.2
      vertex 150 10.2 2.2
    endloop
  endfacet
  facet normal -0.461418 -0.622914 0.631721
    outer loop
      vertex 152.01 10.9492 4
      vertex 151.767 11.1292 4
      vertex 151.078 9.81412 2.2
    endloop
  endfacet
  facet normal -0.664365 0.399297 0.631808
    outer loop
      vertex 151.413 7.55553 2.2
      vertex 152.639 6.74725 4
      vertex 151.499 7.69862 2.2
    endloop
  endfacet
  facet normal -0.64551 0.428626 0.632136
    outer loop
      vertex 152.639 6.74725 4
      vertex 151.413 7.55553 2.2
      vertex 152.634 6.73972 4
    endloop
  endfacet
  facet normal 0.330614 -0.701147 0.631734
    outer loop
      vertex 149.199 9.99927 2.2
      vertex 148.78 11.4235 4
      vertex 148.506 11.2943 4
    endloop
  endfacet
  facet normal 0.622692 -0.461824 0.631643
    outer loop
      vertex 148.686 9.57847 2.2
      vertex 147.551 10.51 4
      vertex 147.371 10.2673 4
    endloop
  endfacet
  facet normal 0.574342 -0.52073 0.631641
    outer loop
      vertex 148.686 9.57847 2.2
      vertex 147.754 10.7339 4
      vertex 147.551 10.51 4
    endloop
  endfacet
  facet normal 0.520416 0.574507 0.63175
    outer loop
      vertex 147.99 6.05078 4
      vertex 148.922 7.18588 2.2
      vertex 147.766 6.25369 4
    endloop
  endfacet
  facet normal -0.730241 0.260335 0.631644
    outer loop
      vertex 151.571 7.84944 2.2
      vertex 153.032 7.58026 4
      vertex 151.627 8.00652 2.2
    endloop
  endfacet
  facet normal -0.729053 0.264469 0.631298
    outer loop
      vertex 153.032 7.58026 4
      vertex 151.571 7.84944 2.2
      vertex 153.029 7.57199 4
    endloop
  endfacet
  facet normal -0.729863 0.261682 0.631524
    outer loop
      vertex 152.927 7.2875 4
      vertex 153.029 7.57199 4
      vertex 151.571 7.84944 2.2
    endloop
  endfacet
  facet normal 0.574518 0.520557 0.631624
    outer loop
      vertex 147.754 6.26609 4
      vertex 148.798 7.29792 2.2
      vertex 148.686 7.42153 2.2
    endloop
  endfacet
  facet normal 0.569593 0.525778 0.63176
    outer loop
      vertex 148.798 7.29792 2.2
      vertex 147.754 6.26609 4
      vertex 147.76 6.25959 4
    endloop
  endfacet
  facet normal -0.520416 0.574507 0.63175
    outer loop
      vertex 152.01 6.05078 4
      vertex 152.234 6.25369 4
      vertex 151.078 7.18588 2.2
    endloop
  endfacet
  facet normal 0.260778 -0.730075 0.631653
    outer loop
      vertex 149.349 10.0706 2.2
      vertex 149.072 11.529 4
      vertex 148.787 11.4272 4
    endloop
  endfacet
  facet normal 0.113726 0.766846 0.631675
    outer loop
      vertex 149.668 6.83266 2.2
      vertex 149.689 5.34683 4
      vertex 149.833 6.80819 2.2
    endloop
  endfacet
  facet normal 0.123518 0.766 0.630862
    outer loop
      vertex 149.689 5.34683 4
      vertex 149.668 6.83266 2.2
      vertex 149.681 5.34812 4
    endloop
  endfacet
  facet normal 0.699768 0.334062 0.631449
    outer loop
      vertex 147.073 7.2875 4
      vertex 148.501 7.69862 2.2
      vertex 148.429 7.84944 2.2
    endloop
  endfacet
  facet normal 0.693546 0.349393 0.630015
    outer loop
      vertex 148.501 7.69862 2.2
      vertex 147.073 7.2875 4
      vertex 147.077 7.27956 4
    endloop
  endfacet
  facet normal -0.520404 -0.574522 0.631747
    outer loop
      vertex 152.234 10.7463 4
      vertex 152.01 10.9492 4
      vertex 151.078 9.81412 2.2
    endloop
  endfacet
  facet normal 0.462291 -0.622314 0.631674
    outer loop
      vertex 148.233 11.1292 4
      vertex 149.056 9.9135 2.2
      vertex 148.24 11.1344 4
    endloop
  endfacet
  facet normal 0.461797 -0.622668 0.631687
    outer loop
      vertex 149.056 9.9135 2.2
      vertex 148.233 11.1292 4
      vertex 148.922 9.81412 2.2
    endloop
  endfacet
  facet normal -0.461416 0.622911 0.631726
    outer loop
      vertex 151.767 5.87078 4
      vertex 152.01 6.05078 4
      vertex 151.078 7.18588 2.2
    endloop
  endfacet
  facet normal -0.701005 0.331074 0.63165
    outer loop
      vertex 152.794 7.00642 4
      vertex 152.923 7.27956 4
      vertex 151.499 7.69862 2.2
    endloop
  endfacet
  facet normal 0.332938 0.700136 0.631635
    outer loop
      vertex 149.199 7.00073 2.2
      vertex 148.787 5.57276 4
      vertex 149.349 6.9294 2.2
    endloop
  endfacet
  facet normal 0.367417 0.685845 0.62819
    outer loop
      vertex 148.787 5.57276 4
      vertex 149.199 7.00073 2.2
      vertex 148.78 5.57651 4
    endloop
  endfacet
  facet normal -0.752695 0.186046 0.631535
    outer loop
      vertex 151.627 8.00652 2.2
      vertex 153.034 7.58877 4
      vertex 151.667 8.16835 2.2
    endloop
  endfacet
  facet normal -0.754963 0.17743 0.631308
    outer loop
      vertex 153.034 7.58877 4
      vertex 151.627 8.00652 2.2
      vertex 153.032 7.58026 4
    endloop
  endfacet
  facet normal 0.461416 0.622911 0.631726
    outer loop
      vertex 148.233 5.87078 4
      vertex 148.922 7.18588 2.2
      vertex 147.99 6.05078 4
    endloop
  endfacet
  facet normal 0.769986 -0.0877977 0.631992
    outer loop
      vertex 146.846 8.80179 4
      vertex 148.308 8.66663 2.2
      vertex 146.847 8.81056 4
    endloop
  endfacet
  facet normal 0.774315 -0.0371753 0.631707
    outer loop
      vertex 148.308 8.66663 2.2
      vertex 146.846 8.80179 4
      vertex 148.3 8.5 2.2
    endloop
  endfacet
  facet normal -0.574317 0.520753 0.631646
    outer loop
      vertex 152.246 6.26609 4
      vertex 152.449 6.48997 4
      vertex 151.314 7.42153 2.2
    endloop
  endfacet
  facet normal 0.768649 0.0884521 0.633526
    outer loop
      vertex 148.333 8.16835 2.2
      vertex 146.847 8.18944 4
      vertex 146.848 8.18075 4
    endloop
  endfacet
  facet normal 0.766612 0.116139 0.63152
    outer loop
      vertex 146.847 8.18944 4
      vertex 148.333 8.16835 2.2
      vertex 148.308 8.33337 2.2
    endloop
  endfacet
  facet normal -0.630647 -0.450462 0.631956
    outer loop
      vertex 152.629 10.2673 4
      vertex 151.413 9.44447 2.2
      vertex 152.634 10.2603 4
    endloop
  endfacet
  facet normal -0.62347 -0.460623 0.631752
    outer loop
      vertex 151.413 9.44447 2.2
      vertex 152.629 10.2673 4
      vertex 151.314 9.57847 2.2
    endloop
  endfacet
  facet normal -0.178584 0.754582 0.631437
    outer loop
      vertex 150.493 6.8732 2.2
      vertex 150.911 5.46588 4
      vertex 150.92 5.46801 4
    endloop
  endfacet
  facet normal -0.18929 0.751744 0.631704
    outer loop
      vertex 150.911 5.46588 4
      vertex 150.493 6.8732 2.2
      vertex 150.332 6.83266 2.2
    endloop
  endfacet
  facet normal -0.751522 0.189739 0.631833
    outer loop
      vertex 153.034 7.58877 4
      vertex 153.108 7.88187 4
      vertex 151.667 8.16835 2.2
    endloop
  endfacet
  facet normal -0.330614 -0.701147 0.631734
    outer loop
      vertex 151.494 11.2943 4
      vertex 151.22 11.4235 4
      vertex 150.801 9.99927 2.2
    endloop
  endfacet
  facet normal 0.730241 0.260335 0.631644
    outer loop
      vertex 146.968 7.58026 4
      vertex 148.429 7.84944 2.2
      vertex 148.373 8.00652 2.2
    endloop
  endfacet
  facet normal 0.729053 0.264469 0.631298
    outer loop
      vertex 148.429 7.84944 2.2
      vertex 146.968 7.58026 4
      vertex 146.971 7.57199 4
    endloop
  endfacet
  facet normal 0.774454 0.0359268 0.63161
    outer loop
      vertex 146.846 8.19821 4
      vertex 148.3 8.5 2.2
      vertex 146.832 8.5 4
    endloop
  endfacet
  facet normal 0.665322 0.397905 0.631679
    outer loop
      vertex 147.361 6.74725 4
      vertex 148.501 7.69862 2.2
      vertex 147.206 7.00642 4
    endloop
  endfacet
  facet normal 0.176214 -0.755202 0.631363
    outer loop
      vertex 149.507 10.1268 2.2
      vertex 149.089 11.5341 4
      vertex 149.08 11.532 4
    endloop
  endfacet
  facet normal 0.189116 -0.751795 0.631695
    outer loop
      vertex 149.089 11.5341 4
      vertex 149.507 10.1268 2.2
      vertex 149.668 10.1673 2.2
    endloop
  endfacet
  facet normal 0.113722 0.766868 0.631649
    outer loop
      vertex 149.681 5.34812 4
      vertex 149.668 6.83266 2.2
      vertex 149.382 5.39246 4
    endloop
  endfacet
  facet normal 0.188391 -0.752026 0.631637
    outer loop
      vertex 149.668 10.1673 2.2
      vertex 149.382 11.6075 4
      vertex 149.089 11.5341 4
    endloop
  endfacet
  facet normal -0.701004 -0.331074 0.631651
    outer loop
      vertex 152.923 9.72044 4
      vertex 152.794 9.99358 4
      vertex 151.499 9.30137 2.2
    endloop
  endfacet
  facet normal 0.623467 0.460621 0.631757
    outer loop
      vertex 148.587 7.55553 2.2
      vertex 147.371 6.73267 4
      vertex 148.686 7.42153 2.2
    endloop
  endfacet
  facet normal 0.632135 0.448323 0.631991
    outer loop
      vertex 147.371 6.73267 4
      vertex 148.587 7.55553 2.2
      vertex 147.366 6.73972 4
    endloop
  endfacet
  facet normal -0.461795 0.622665 0.631691
    outer loop
      vertex 150.944 7.0865 2.2
      vertex 151.767 5.87078 4
      vertex 151.078 7.18588 2.2
    endloop
  endfacet
  facet normal -0.464025 0.621066 0.631631
    outer loop
      vertex 151.767 5.87078 4
      vertex 150.944 7.0865 2.2
      vertex 151.76 5.86555 4
    endloop
  endfacet
  facet normal -0.543331 0.55254 0.632053
    outer loop
      vertex 151.202 7.29792 2.2
      vertex 152.234 6.25369 4
      vertex 152.24 6.25959 4
    endloop
  endfacet
  facet normal -0.519731 0.575211 0.631675
    outer loop
      vertex 152.234 6.25369 4
      vertex 151.202 7.29792 2.2
      vertex 151.078 7.18588 2.2
    endloop
  endfacet
  facet normal -0.774454 0.0359268 0.63161
    outer loop
      vertex 153.154 8.19821 4
      vertex 153.168 8.5 4
      vertex 151.7 8.5 2.2
    endloop
  endfacet
  facet normal 0.664365 0.399297 0.631808
    outer loop
      vertex 147.361 6.74725 4
      vertex 148.587 7.55553 2.2
      vertex 148.501 7.69862 2.2
    endloop
  endfacet
  facet normal 0.64551 0.428626 0.632136
    outer loop
      vertex 148.587 7.55553 2.2
      vertex 147.361 6.74725 4
      vertex 147.366 6.73972 4
    endloop
  endfacet
  facet normal -0.330593 0.701157 0.631733
    outer loop
      vertex 151.22 5.57651 4
      vertex 151.494 5.7057 4
      vertex 150.801 7.00073 2.2
    endloop
  endfacet
  facet normal 0.701005 0.331074 0.63165
    outer loop
      vertex 147.206 7.00642 4
      vertex 148.501 7.69862 2.2
      vertex 147.077 7.27956 4
    endloop
  endfacet
  facet normal 0.622689 0.461821 0.631648
    outer loop
      vertex 147.551 6.48997 4
      vertex 148.686 7.42153 2.2
      vertex 147.371 6.73267 4
    endloop
  endfacet
  facet normal 0.647333 -0.425877 0.632131
    outer loop
      vertex 147.361 10.2527 4
      vertex 148.587 9.44447 2.2
      vertex 147.366 10.2603 4
    endloop
  endfacet
  facet normal 0.664382 -0.399279 0.631801
    outer loop
      vertex 148.587 9.44447 2.2
      vertex 147.361 10.2527 4
      vertex 148.501 9.30137 2.2
    endloop
  endfacet
  facet normal 0.729863 -0.261682 0.631524
    outer loop
      vertex 148.429 9.15056 2.2
      vertex 147.073 9.7125 4
      vertex 146.971 9.42801 4
    endloop
  endfacet
  facet normal 0.260752 0.730076 0.631663
    outer loop
      vertex 149.072 5.47097 4
      vertex 149.349 6.9294 2.2
      vertex 148.787 5.57276 4
    endloop
  endfacet
  facet normal 0.259777 0.730333 0.631767
    outer loop
      vertex 149.349 6.9294 2.2
      vertex 149.08 5.46801 4
      vertex 149.507 6.8732 2.2
    endloop
  endfacet
  facet normal 0.269214 0.727605 0.630963
    outer loop
      vertex 149.08 5.46801 4
      vertex 149.349 6.9294 2.2
      vertex 149.072 5.47097 4
    endloop
  endfacet
  facet normal -0.729863 -0.261682 0.631524
    outer loop
      vertex 153.029 9.42801 4
      vertex 152.927 9.7125 4
      vertex 151.571 9.15056 2.2
    endloop
  endfacet
  facet normal 0.113872 -0.766843 0.631653
    outer loop
      vertex 149.668 10.1673 2.2
      vertex 149.681 11.6519 4
      vertex 149.382 11.6075 4
    endloop
  endfacet
  facet normal -0.0380197 -0.774303 0.631672
    outer loop
      vertex 150.167 10.1918 2.2
      vertex 150.302 11.6536 4
      vertex 150 10.2 2.2
    endloop
  endfacet
  facet normal -0.0344239 -0.774537 0.631592
    outer loop
      vertex 150.302 11.6536 4
      vertex 150.167 10.1918 2.2
      vertex 150.311 11.6532 4
    endloop
  endfacet
  facet normal -0.398702 0.664759 0.631769
    outer loop
      vertex 151.494 5.7057 4
      vertex 151.753 5.86104 4
      vertex 150.801 7.00073 2.2
    endloop
  endfacet
  facet normal -0.113722 0.766868 0.631649
    outer loop
      vertex 150.618 5.39246 4
      vertex 150.332 6.83266 2.2
      vertex 150.319 5.34812 4
    endloop
  endfacet
  facet normal -0.188391 -0.752026 0.631637
    outer loop
      vertex 150.911 11.5341 4
      vertex 150.618 11.6075 4
      vertex 150.332 10.1673 2.2
    endloop
  endfacet
  facet normal 0.18844 0.752015 0.631636
    outer loop
      vertex 149.382 5.39246 4
      vertex 149.668 6.83266 2.2
      vertex 149.089 5.46588 4
    endloop
  endfacet
  facet normal -0.766612 0.116139 0.63152
    outer loop
      vertex 151.667 8.16835 2.2
      vertex 153.153 8.18944 4
      vertex 151.692 8.33337 2.2
    endloop
  endfacet
  facet normal -0.768649 0.0884521 0.633526
    outer loop
      vertex 153.153 8.18944 4
      vertex 151.667 8.16835 2.2
      vertex 153.152 8.18075 4
    endloop
  endfacet
  facet normal 0.0379464 -0.774311 0.631666
    outer loop
      vertex 150 10.2 2.2
      vertex 150 11.6684 4
      vertex 149.698 11.6536 4
    endloop
  endfacet
  facet normal 0.398702 0.664759 0.631769
    outer loop
      vertex 148.506 5.7057 4
      vertex 149.199 7.00073 2.2
      vertex 148.247 5.86104 4
    endloop
  endfacet
  facet normal -0.113861 -0.76682 0.631682
    outer loop
      vertex 150.332 10.1673 2.2
      vertex 150.311 11.6532 4
      vertex 150.167 10.1918 2.2
    endloop
  endfacet
  facet normal -0.124459 -0.7659 0.630799
    outer loop
      vertex 150.311 11.6532 4
      vertex 150.332 10.1673 2.2
      vertex 150.319 11.6519 4
    endloop
  endfacet
  facet normal -0.766824 0.112889 0.631852
    outer loop
      vertex 153.108 7.88187 4
      vertex 153.152 8.18075 4
      vertex 151.667 8.16835 2.2
    endloop
  endfacet
  facet normal -0.269214 0.727605 0.630963
    outer loop
      vertex 150.651 6.9294 2.2
      vertex 150.92 5.46801 4
      vertex 150.928 5.47097 4
    endloop
  endfacet
  facet normal -0.259777 0.730333 0.631767
    outer loop
      vertex 150.92 5.46801 4
      vertex 150.651 6.9294 2.2
      vertex 150.493 6.8732 2.2
    endloop
  endfacet
  facet normal 0.520404 -0.574522 0.631747
    outer loop
      vertex 148.922 9.81412 2.2
      vertex 147.99 10.9492 4
      vertex 147.766 10.7463 4
    endloop
  endfacet
  facet normal 0.461418 -0.622914 0.631721
    outer loop
      vertex 148.922 9.81412 2.2
      vertex 148.233 11.1292 4
      vertex 147.99 10.9492 4
    endloop
  endfacet
  facet normal -0.419684 0.651394 0.632101
    outer loop
      vertex 150.944 7.0865 2.2
      vertex 151.753 5.86104 4
      vertex 151.76 5.86555 4
    endloop
  endfacet
  facet normal -0.398712 0.664752 0.63177
    outer loop
      vertex 151.753 5.86104 4
      vertex 150.944 7.0865 2.2
      vertex 150.801 7.00073 2.2
    endloop
  endfacet
  facet normal -0.774315 0.0371753 0.631707
    outer loop
      vertex 151.692 8.33337 2.2
      vertex 153.154 8.19821 4
      vertex 151.7 8.5 2.2
    endloop
  endfacet
  facet normal -0.769986 0.0877977 0.631992
    outer loop
      vertex 153.154 8.19821 4
      vertex 151.692 8.33337 2.2
      vertex 153.153 8.18944 4
    endloop
  endfacet
  facet normal 0.754963 -0.17743 0.631308
    outer loop
      vertex 146.966 9.41123 4
      vertex 148.373 8.99348 2.2
      vertex 146.968 9.41974 4
    endloop
  endfacet
  facet normal 0.752695 -0.186046 0.631535
    outer loop
      vertex 148.373 8.99348 2.2
      vertex 146.966 9.41123 4
      vertex 148.333 8.83165 2.2
    endloop
  endfacet
  facet normal -0.260778 -0.730075 0.631653
    outer loop
      vertex 151.213 11.4272 4
      vertex 150.928 11.529 4
      vertex 150.651 10.0706 2.2
    endloop
  endfacet
  facet normal -0.367417 0.685845 0.62819
    outer loop
      vertex 150.801 7.00073 2.2
      vertex 151.213 5.57276 4
      vertex 151.22 5.57651 4
    endloop
  endfacet
  facet normal -0.332938 0.700136 0.631635
    outer loop
      vertex 151.213 5.57276 4
      vertex 150.801 7.00073 2.2
      vertex 150.651 6.9294 2.2
    endloop
  endfacet
  facet normal -0.574342 -0.52073 0.631641
    outer loop
      vertex 152.449 10.51 4
      vertex 152.246 10.7339 4
      vertex 151.314 9.57847 2.2
    endloop
  endfacet
  facet normal -0.332941 -0.700142 0.631626
    outer loop
      vertex 150.801 9.99927 2.2
      vertex 151.213 11.4272 4
      vertex 150.651 10.0706 2.2
    endloop
  endfacet
  facet normal -0.363428 -0.687567 0.628627
    outer loop
      vertex 151.213 11.4272 4
      vertex 150.801 9.99927 2.2
      vertex 151.22 11.4235 4
    endloop
  endfacet
  facet normal 0.766824 0.112889 0.631852
    outer loop
      vertex 146.892 7.88187 4
      vertex 148.333 8.16835 2.2
      vertex 146.848 8.18075 4
    endloop
  endfacet
  facet normal 0.330593 0.701157 0.631733
    outer loop
      vertex 148.78 5.57651 4
      vertex 149.199 7.00073 2.2
      vertex 148.506 5.7057 4
    endloop
  endfacet
  facet normal -0.398708 -0.664746 0.631779
    outer loop
      vertex 150.944 9.9135 2.2
      vertex 151.753 11.139 4
      vertex 150.801 9.99927 2.2
    endloop
  endfacet
  facet normal -0.425536 -0.647555 0.632132
    outer loop
      vertex 151.753 11.139 4
      vertex 150.944 9.9135 2.2
      vertex 151.76 11.1344 4
    endloop
  endfacet
  facet normal 0.363428 -0.687567 0.628627
    outer loop
      vertex 149.199 9.99927 2.2
      vertex 148.787 11.4272 4
      vertex 148.78 11.4235 4
    endloop
  endfacet
  facet normal 0.332941 -0.700142 0.631626
    outer loop
      vertex 148.787 11.4272 4
      vertex 149.199 9.99927 2.2
      vertex 149.349 10.0706 2.2
    endloop
  endfacet
  facet normal 0.729053 -0.264469 0.631298
    outer loop
      vertex 146.968 9.41974 4
      vertex 148.429 9.15056 2.2
      vertex 146.971 9.42801 4
    endloop
  endfacet
  facet normal 0.730241 -0.260335 0.631644
    outer loop
      vertex 148.429 9.15056 2.2
      vertex 146.968 9.41974 4
      vertex 148.373 8.99348 2.2
    endloop
  endfacet
  facet normal -0.693545 -0.349393 0.630016
    outer loop
      vertex 151.499 9.30137 2.2
      vertex 152.927 9.7125 4
      vertex 152.923 9.72044 4
    endloop
  endfacet
  facet normal -0.699759 -0.33408 0.631448
    outer loop
      vertex 152.927 9.7125 4
      vertex 151.499 9.30137 2.2
      vertex 151.571 9.15056 2.2
    endloop
  endfacet
  facet normal -0.665322 0.397905 0.631679
    outer loop
      vertex 152.639 6.74725 4
      vertex 152.794 7.00642 4
      vertex 151.499 7.69862 2.2
    endloop
  endfacet
  facet normal 0.751522 -0.189739 0.631833
    outer loop
      vertex 148.333 8.83165 2.2
      vertex 146.966 9.41123 4
      vertex 146.892 9.11813 4
    endloop
  endfacet
  facet normal 0.665289 -0.397961 0.631679
    outer loop
      vertex 148.501 9.30137 2.2
      vertex 147.361 10.2527 4
      vertex 147.206 9.99358 4
    endloop
  endfacet
  facet normal -0.462291 -0.622314 0.631674
    outer loop
      vertex 150.944 9.9135 2.2
      vertex 151.767 11.1292 4
      vertex 151.76 11.1344 4
    endloop
  endfacet
  facet normal -0.461797 -0.622668 0.631687
    outer loop
      vertex 151.767 11.1292 4
      vertex 150.944 9.9135 2.2
      vertex 151.078 9.81412 2.2
    endloop
  endfacet
  facet normal -0.574518 0.520557 0.631624
    outer loop
      vertex 151.202 7.29792 2.2
      vertex 152.246 6.26609 4
      vertex 151.314 7.42153 2.2
    endloop
  endfacet
  facet normal -0.569593 0.525778 0.63176
    outer loop
      vertex 152.246 6.26609 4
      vertex 151.202 7.29792 2.2
      vertex 152.24 6.25959 4
    endloop
  endfacet
  facet normal -0.260752 0.730076 0.631663
    outer loop
      vertex 150.928 5.47097 4
      vertex 151.213 5.57276 4
      vertex 150.651 6.9294 2.2
    endloop
  endfacet
  facet normal 0.461795 0.622665 0.631691
    outer loop
      vertex 148.233 5.87078 4
      vertex 149.056 7.0865 2.2
      vertex 148.922 7.18588 2.2
    endloop
  endfacet
  facet normal 0.464025 0.621066 0.631631
    outer loop
      vertex 149.056 7.0865 2.2
      vertex 148.233 5.87078 4
      vertex 148.24 5.86555 4
    endloop
  endfacet
  facet normal -0.632135 0.448323 0.631991
    outer loop
      vertex 151.413 7.55553 2.2
      vertex 152.629 6.73267 4
      vertex 152.634 6.73972 4
    endloop
  endfacet
  facet normal -0.623467 0.460621 0.631757
    outer loop
      vertex 152.629 6.73267 4
      vertex 151.413 7.55553 2.2
      vertex 151.314 7.42153 2.2
    endloop
  endfacet
  facet normal -0.699768 0.334062 0.631449
    outer loop
      vertex 151.499 7.69862 2.2
      vertex 152.927 7.2875 4
      vertex 151.571 7.84944 2.2
    endloop
  endfacet
  facet normal -0.693546 0.349393 0.630015
    outer loop
      vertex 152.927 7.2875 4
      vertex 151.499 7.69862 2.2
      vertex 152.923 7.27956 4
    endloop
  endfacet
  facet normal -0.0379974 0.774306 0.63167
    outer loop
      vertex 150.302 5.3464 4
      vertex 150 6.8 2.2
      vertex 150 5.33158 4
    endloop
  endfacet
  facet normal 0.0379736 0.774308 0.631668
    outer loop
      vertex 149.833 6.80819 2.2
      vertex 149.698 5.3464 4
      vertex 150 6.8 2.2
    endloop
  endfacet
  facet normal 0.0369978 0.774373 0.631647
    outer loop
      vertex 149.698 5.3464 4
      vertex 149.833 6.80819 2.2
      vertex 149.689 5.34683 4
    endloop
  endfacet
  facet normal -0.18844 0.752015 0.631636
    outer loop
      vertex 150.618 5.39246 4
      vertex 150.911 5.46588 4
      vertex 150.332 6.83266 2.2
    endloop
  endfacet
  facet normal 0.768643 -0.0885533 0.63352
    outer loop
      vertex 146.847 8.81056 4
      vertex 148.333 8.83165 2.2
      vertex 146.848 8.81924 4
    endloop
  endfacet
  facet normal 0.766612 -0.116139 0.63152
    outer loop
      vertex 148.333 8.83165 2.2
      vertex 146.847 8.81056 4
      vertex 148.308 8.66663 2.2
    endloop
  endfacet
  facet normal 0.0379974 0.774306 0.63167
    outer loop
      vertex 150 5.33158 4
      vertex 150 6.8 2.2
      vertex 149.698 5.3464 4
    endloop
  endfacet
  facet normal 0.693545 -0.349393 0.630016
    outer loop
      vertex 147.073 9.7125 4
      vertex 148.501 9.30137 2.2
      vertex 147.077 9.72044 4
    endloop
  endfacet
  facet normal 0.699759 -0.33408 0.631448
    outer loop
      vertex 148.501 9.30137 2.2
      vertex 147.073 9.7125 4
      vertex 148.429 9.15056 2.2
    endloop
  endfacet
  facet normal 0.18929 0.751744 0.631704
    outer loop
      vertex 149.507 6.8732 2.2
      vertex 149.089 5.46588 4
      vertex 149.668 6.83266 2.2
    endloop
  endfacet
  facet normal 0.178584 0.754582 0.631437
    outer loop
      vertex 149.089 5.46588 4
      vertex 149.507 6.8732 2.2
      vertex 149.08 5.46801 4
    endloop
  endfacet
  facet normal -0.0379464 -0.774311 0.631666
    outer loop
      vertex 150.302 11.6536 4
      vertex 150 11.6684 4
      vertex 150 10.2 2.2
    endloop
  endfacet
  facet normal 0.569594 -0.525779 0.631759
    outer loop
      vertex 147.754 10.7339 4
      vertex 148.798 9.70208 2.2
      vertex 147.76 10.7404 4
    endloop
  endfacet
  facet normal 0.574519 -0.520558 0.631622
    outer loop
      vertex 148.798 9.70208 2.2
      vertex 147.754 10.7339 4
      vertex 148.686 9.57847 2.2
    endloop
  endfacet
  facet normal -0.622689 0.461821 0.631648
    outer loop
      vertex 152.449 6.48997 4
      vertex 152.629 6.73267 4
      vertex 151.314 7.42153 2.2
    endloop
  endfacet
  facet normal -0.0369978 0.774373 0.631647
    outer loop
      vertex 150.167 6.80819 2.2
      vertex 150.302 5.3464 4
      vertex 150.311 5.34683 4
    endloop
  endfacet
  facet normal -0.0379736 0.774308 0.631668
    outer loop
      vertex 150.302 5.3464 4
      vertex 150.167 6.80819 2.2
      vertex 150 6.8 2.2
    endloop
  endfacet
  facet normal -0.259776 -0.730331 0.63177
    outer loop
      vertex 150.651 10.0706 2.2
      vertex 150.92 11.532 4
      vertex 150.493 10.1268 2.2
    endloop
  endfacet
  facet normal -0.272489 -0.726638 0.630671
    outer loop
      vertex 150.92 11.532 4
      vertex 150.651 10.0706 2.2
      vertex 150.928 11.529 4
    endloop
  endfacet
  facet normal -0.113872 -0.766843 0.631653
    outer loop
      vertex 150.332 10.1673 2.2
      vertex 150.618 11.6075 4
      vertex 150.319 11.6519 4
    endloop
  endfacet
  facet normal -0.189116 -0.751795 0.631695
    outer loop
      vertex 150.493 10.1268 2.2
      vertex 150.911 11.5341 4
      vertex 150.332 10.1673 2.2
    endloop
  endfacet
  facet normal -0.176214 -0.755202 0.631363
    outer loop
      vertex 150.911 11.5341 4
      vertex 150.493 10.1268 2.2
      vertex 150.92 11.532 4
    endloop
  endfacet
  facet normal -0.665289 -0.397961 0.631679
    outer loop
      vertex 152.794 9.99358 4
      vertex 152.639 10.2527 4
      vertex 151.499 9.30137 2.2
    endloop
  endfacet
  facet normal -0.751522 -0.189739 0.631833
    outer loop
      vertex 153.108 9.11813 4
      vertex 153.034 9.41123 4
      vertex 151.667 8.83165 2.2
    endloop
  endfacet
  facet normal 0.398712 0.664752 0.63177
    outer loop
      vertex 149.056 7.0865 2.2
      vertex 148.247 5.86104 4
      vertex 149.199 7.00073 2.2
    endloop
  endfacet
  facet normal 0.419684 0.651394 0.632101
    outer loop
      vertex 148.247 5.86104 4
      vertex 149.056 7.0865 2.2
      vertex 148.24 5.86555 4
    endloop
  endfacet
  facet normal 0.766825 -0.112885 0.631852
    outer loop
      vertex 148.333 8.83165 2.2
      vertex 146.892 9.11813 4
      vertex 146.848 8.81924 4
    endloop
  endfacet
  facet normal 0.701004 -0.331074 0.631651
    outer loop
      vertex 148.501 9.30137 2.2
      vertex 147.206 9.99358 4
      vertex 147.077 9.72044 4
    endloop
  endfacet
  facet normal -0.766825 -0.112885 0.631852
    outer loop
      vertex 153.152 8.81924 4
      vertex 153.108 9.11813 4
      vertex 151.667 8.83165 2.2
    endloop
  endfacet
  facet normal -0.768643 -0.0885533 0.63352
    outer loop
      vertex 151.667 8.83165 2.2
      vertex 153.153 8.81056 4
      vertex 153.152 8.81924 4
    endloop
  endfacet
  facet normal -0.766612 -0.116139 0.63152
    outer loop
      vertex 153.153 8.81056 4
      vertex 151.667 8.83165 2.2
      vertex 151.692 8.66663 2.2
    endloop
  endfacet
  facet normal 0.752695 0.186046 0.631535
    outer loop
      vertex 146.966 7.58877 4
      vertex 148.373 8.00652 2.2
      vertex 148.333 8.16835 2.2
    endloop
  endfacet
  facet normal 0.754963 0.17743 0.631308
    outer loop
      vertex 148.373 8.00652 2.2
      vertex 146.966 7.58877 4
      vertex 146.968 7.58026 4
    endloop
  endfacet
  facet normal 0.751522 0.189739 0.631833
    outer loop
      vertex 146.966 7.58877 4
      vertex 148.333 8.16835 2.2
      vertex 146.892 7.88187 4
    endloop
  endfacet
  facet normal 0.519732 -0.575212 0.631673
    outer loop
      vertex 147.766 10.7463 4
      vertex 148.798 9.70208 2.2
      vertex 148.922 9.81412 2.2
    endloop
  endfacet
  facet normal 0.543332 -0.552541 0.632051
    outer loop
      vertex 148.798 9.70208 2.2
      vertex 147.766 10.7463 4
      vertex 147.76 10.7404 4
    endloop
  endfacet
  facet normal 0.124459 -0.7659 0.630799
    outer loop
      vertex 149.668 10.1673 2.2
      vertex 149.689 11.6532 4
      vertex 149.681 11.6519 4
    endloop
  endfacet
  facet normal 0.113861 -0.76682 0.631682
    outer loop
      vertex 149.689 11.6532 4
      vertex 149.668 10.1673 2.2
      vertex 149.833 10.1918 2.2
    endloop
  endfacet
  facet normal -0.543332 -0.552541 0.632051
    outer loop
      vertex 152.234 10.7463 4
      vertex 151.202 9.70208 2.2
      vertex 152.24 10.7404 4
    endloop
  endfacet
  facet normal -0.519732 -0.575212 0.631673
    outer loop
      vertex 151.202 9.70208 2.2
      vertex 152.234 10.7463 4
      vertex 151.078 9.81412 2.2
    endloop
  endfacet
  facet normal 0.272489 -0.726638 0.630671
    outer loop
      vertex 149.349 10.0706 2.2
      vertex 149.08 11.532 4
      vertex 149.072 11.529 4
    endloop
  endfacet
  facet normal 0.259776 -0.730331 0.63177
    outer loop
      vertex 149.08 11.532 4
      vertex 149.349 10.0706 2.2
      vertex 149.507 10.1268 2.2
    endloop
  endfacet
  facet normal 0.425536 -0.647555 0.632132
    outer loop
      vertex 149.056 9.9135 2.2
      vertex 148.247 11.139 4
      vertex 148.24 11.1344 4
    endloop
  endfacet
  facet normal 0.398708 -0.664746 0.631779
    outer loop
      vertex 148.247 11.139 4
      vertex 149.056 9.9135 2.2
      vertex 149.199 9.99927 2.2
    endloop
  endfacet
  facet normal -0.123518 0.766 0.630862
    outer loop
      vertex 150.332 6.83266 2.2
      vertex 150.311 5.34683 4
      vertex 150.319 5.34812 4
    endloop
  endfacet
  facet normal -0.113726 0.766846 0.631675
    outer loop
      vertex 150.311 5.34683 4
      vertex 150.332 6.83266 2.2
      vertex 150.167 6.80819 2.2
    endloop
  endfacet
  facet normal 0.774315 0.0371753 0.631707
    outer loop
      vertex 146.846 8.19821 4
      vertex 148.308 8.33337 2.2
      vertex 148.3 8.5 2.2
    endloop
  endfacet
  facet normal 0.769986 0.0877977 0.631992
    outer loop
      vertex 148.308 8.33337 2.2
      vertex 146.846 8.19821 4
      vertex 146.847 8.18944 4
    endloop
  endfacet
  facet normal 0.398625 -0.664803 0.631771
    outer loop
      vertex 149.199 9.99927 2.2
      vertex 148.506 11.2943 4
      vertex 148.247 11.139 4
    endloop
  endfacet
  facet normal -0.569594 -0.525779 0.631759
    outer loop
      vertex 151.202 9.70208 2.2
      vertex 152.246 10.7339 4
      vertex 152.24 10.7404 4
    endloop
  endfacet
  facet normal -0.574519 -0.520558 0.631622
    outer loop
      vertex 152.246 10.7339 4
      vertex 151.202 9.70208 2.2
      vertex 151.314 9.57847 2.2
    endloop
  endfacet
  facet normal 0.774454 -0.0359268 0.63161
    outer loop
      vertex 148.3 8.5 2.2
      vertex 146.846 8.80179 4
      vertex 146.832 8.5 4
    endloop
  endfacet
  facet normal -0.647333 -0.425877 0.632131
    outer loop
      vertex 151.413 9.44447 2.2
      vertex 152.639 10.2527 4
      vertex 152.634 10.2603 4
    endloop
  endfacet
  facet normal -0.664382 -0.399279 0.631801
    outer loop
      vertex 152.639 10.2527 4
      vertex 151.413 9.44447 2.2
      vertex 151.499 9.30137 2.2
    endloop
  endfacet
  facet normal -0.729053 -0.264469 0.631298
    outer loop
      vertex 151.571 9.15056 2.2
      vertex 153.032 9.41974 4
      vertex 153.029 9.42801 4
    endloop
  endfacet
  facet normal -0.730241 -0.260335 0.631644
    outer loop
      vertex 153.032 9.41974 4
      vertex 151.571 9.15056 2.2
      vertex 151.627 8.99348 2.2
    endloop
  endfacet
  facet normal -0.754963 -0.17743 0.631308
    outer loop
      vertex 151.627 8.99348 2.2
      vertex 153.034 9.41123 4
      vertex 153.032 9.41974 4
    endloop
  endfacet
  facet normal -0.752695 -0.186046 0.631535
    outer loop
      vertex 153.034 9.41123 4
      vertex 151.627 8.99348 2.2
      vertex 151.667 8.83165 2.2
    endloop
  endfacet
  facet normal 0.901523 -0.432731 0
    outer loop
      vertex 148.429 142.151 2.2
      vertex 148.501 142.301 0
      vertex 148.501 142.301 2.2
    endloop
  endfacet
  facet normal 0.901523 -0.432731 0
    outer loop
      vertex 148.501 142.301 0
      vertex 148.429 142.151 2.2
      vertex 148.429 142.151 0
    endloop
  endfacet
  facet normal -0.988716 -0.149805 0
    outer loop
      vertex 151.692 141.667 0
      vertex 151.667 141.832 2.2
      vertex 151.667 141.832 0
    endloop
  endfacet
  facet normal -0.988716 -0.149805 0
    outer loop
      vertex 151.667 141.832 2.2
      vertex 151.692 141.667 0
      vertex 151.692 141.667 2.2
    endloop
  endfacet
  facet normal -0.998855 -0.0478493 0
    outer loop
      vertex 151.7 141.5 0
      vertex 151.692 141.667 2.2
      vertex 151.692 141.667 0
    endloop
  endfacet
  facet normal -0.998855 -0.0478493 0
    outer loop
      vertex 151.692 141.667 2.2
      vertex 151.7 141.5 0
      vertex 151.7 141.5 2.2
    endloop
  endfacet
  facet normal -0.970496 -0.241117 0
    outer loop
      vertex 151.667 141.832 0
      vertex 151.627 141.993 2.2
      vertex 151.627 141.993 0
    endloop
  endfacet
  facet normal -0.970496 -0.241117 0
    outer loop
      vertex 151.627 141.993 2.2
      vertex 151.667 141.832 0
      vertex 151.667 141.832 2.2
    endloop
  endfacet
  facet normal -0.149805 -0.988716 0
    outer loop
      vertex 150.167 143.192 0
      vertex 150.332 143.167 2.2
      vertex 150.167 143.192 2.2
    endloop
  endfacet
  facet normal -0.149805 -0.988716 -0
    outer loop
      vertex 150.332 143.167 2.2
      vertex 150.167 143.192 0
      vertex 150.332 143.167 0
    endloop
  endfacet
  facet normal 0.149805 -0.988716 0
    outer loop
      vertex 149.668 143.167 0
      vertex 149.833 143.192 2.2
      vertex 149.668 143.167 2.2
    endloop
  endfacet
  facet normal 0.149805 -0.988716 0
    outer loop
      vertex 149.833 143.192 2.2
      vertex 149.668 143.167 0
      vertex 149.833 143.192 0
    endloop
  endfacet
  facet normal -0.804301 -0.594222 0
    outer loop
      vertex 151.413 142.444 0
      vertex 151.314 142.578 2.2
      vertex 151.314 142.578 0
    endloop
  endfacet
  facet normal -0.804301 -0.594222 0
    outer loop
      vertex 151.314 142.578 2.2
      vertex 151.413 142.444 0
      vertex 151.413 142.444 2.2
    endloop
  endfacet
  facet normal -0.515377 0.856964 0
    outer loop
      vertex 150.944 140.087 0
      vertex 150.801 140.001 2.2
      vertex 150.944 140.087 2.2
    endloop
  endfacet
  facet normal -0.515377 0.856964 0
    outer loop
      vertex 150.801 140.001 2.2
      vertex 150.944 140.087 0
      vertex 150.801 140.001 0
    endloop
  endfacet
  facet normal -0.594222 -0.804301 0
    outer loop
      vertex 150.944 142.913 0
      vertex 151.078 142.814 2.2
      vertex 150.944 142.913 2.2
    endloop
  endfacet
  facet normal -0.594222 -0.804301 -0
    outer loop
      vertex 151.078 142.814 2.2
      vertex 150.944 142.913 0
      vertex 151.078 142.814 0
    endloop
  endfacet
  facet normal -0.998855 0.0478493 0
    outer loop
      vertex 151.692 141.333 0
      vertex 151.7 141.5 2.2
      vertex 151.7 141.5 0
    endloop
  endfacet
  facet normal -0.998855 0.0478493 0
    outer loop
      vertex 151.7 141.5 2.2
      vertex 151.692 141.333 0
      vertex 151.692 141.333 2.2
    endloop
  endfacet
  facet normal 0.241117 -0.970496 0
    outer loop
      vertex 149.507 143.127 0
      vertex 149.668 143.167 2.2
      vertex 149.507 143.127 2.2
    endloop
  endfacet
  facet normal 0.241117 -0.970496 0
    outer loop
      vertex 149.668 143.167 2.2
      vertex 149.507 143.127 0
      vertex 149.668 143.167 0
    endloop
  endfacet
  facet normal 0.804301 -0.594222 0
    outer loop
      vertex 148.587 142.444 2.2
      vertex 148.686 142.578 0
      vertex 148.686 142.578 2.2
    endloop
  endfacet
  facet normal 0.804301 -0.594222 0
    outer loop
      vertex 148.686 142.578 0
      vertex 148.587 142.444 2.2
      vertex 148.587 142.444 0
    endloop
  endfacet
  facet normal 0.432731 0.901523 -0
    outer loop
      vertex 149.349 139.929 0
      vertex 149.199 140.001 2.2
      vertex 149.349 139.929 2.2
    endloop
  endfacet
  facet normal 0.432731 0.901523 0
    outer loop
      vertex 149.199 140.001 2.2
      vertex 149.349 139.929 0
      vertex 149.199 140.001 0
    endloop
  endfacet
  facet normal -0.432731 -0.901523 0
    outer loop
      vertex 150.651 143.071 0
      vertex 150.801 142.999 2.2
      vertex 150.651 143.071 2.2
    endloop
  endfacet
  facet normal -0.432731 -0.901523 -0
    outer loop
      vertex 150.801 142.999 2.2
      vertex 150.651 143.071 0
      vertex 150.801 142.999 0
    endloop
  endfacet
  facet normal 0.988716 0.149805 0
    outer loop
      vertex 148.333 141.168 2.2
      vertex 148.308 141.333 0
      vertex 148.308 141.333 2.2
    endloop
  endfacet
  facet normal 0.988716 0.149805 0
    outer loop
      vertex 148.308 141.333 0
      vertex 148.333 141.168 2.2
      vertex 148.333 141.168 0
    endloop
  endfacet
  facet normal -0.670286 0.742103 0
    outer loop
      vertex 151.202 140.298 0
      vertex 151.078 140.186 2.2
      vertex 151.202 140.298 2.2
    endloop
  endfacet
  facet normal -0.670286 0.742103 0
    outer loop
      vertex 151.078 140.186 2.2
      vertex 151.202 140.298 0
      vertex 151.078 140.186 0
    endloop
  endfacet
  facet normal 0.432731 -0.901523 0
    outer loop
      vertex 149.199 142.999 0
      vertex 149.349 143.071 2.2
      vertex 149.199 142.999 2.2
    endloop
  endfacet
  facet normal 0.432731 -0.901523 0
    outer loop
      vertex 149.349 143.071 2.2
      vertex 149.199 142.999 0
      vertex 149.349 143.071 0
    endloop
  endfacet
  facet normal -0.970496 0.241117 0
    outer loop
      vertex 151.627 141.007 0
      vertex 151.667 141.168 2.2
      vertex 151.667 141.168 0
    endloop
  endfacet
  facet normal -0.970496 0.241117 0
    outer loop
      vertex 151.667 141.168 2.2
      vertex 151.627 141.007 0
      vertex 151.627 141.007 2.2
    endloop
  endfacet
  facet normal -0.241117 0.970496 0
    outer loop
      vertex 150.493 139.873 0
      vertex 150.332 139.833 2.2
      vertex 150.493 139.873 2.2
    endloop
  endfacet
  facet normal -0.241117 0.970496 0
    outer loop
      vertex 150.332 139.833 2.2
      vertex 150.493 139.873 0
      vertex 150.332 139.833 0
    endloop
  endfacet
  facet normal 0.988716 -0.149805 0
    outer loop
      vertex 148.308 141.667 2.2
      vertex 148.333 141.832 0
      vertex 148.333 141.832 2.2
    endloop
  endfacet
  facet normal 0.988716 -0.149805 0
    outer loop
      vertex 148.333 141.832 0
      vertex 148.308 141.667 2.2
      vertex 148.308 141.667 0
    endloop
  endfacet
  facet normal 0.515377 0.856964 -0
    outer loop
      vertex 149.199 140.001 0
      vertex 149.056 140.087 2.2
      vertex 149.199 140.001 2.2
    endloop
  endfacet
  facet normal 0.515377 0.856964 0
    outer loop
      vertex 149.056 140.087 2.2
      vertex 149.199 140.001 0
      vertex 149.056 140.087 0
    endloop
  endfacet
  facet normal 0.970496 -0.241117 0
    outer loop
      vertex 148.333 141.832 2.2
      vertex 148.373 141.993 0
      vertex 148.373 141.993 2.2
    endloop
  endfacet
  facet normal 0.970496 -0.241117 0
    outer loop
      vertex 148.373 141.993 0
      vertex 148.333 141.832 2.2
      vertex 148.333 141.832 0
    endloop
  endfacet
  facet normal -0.804301 0.594222 0
    outer loop
      vertex 151.314 140.422 0
      vertex 151.413 140.556 2.2
      vertex 151.413 140.556 0
    endloop
  endfacet
  facet normal -0.804301 0.594222 0
    outer loop
      vertex 151.413 140.556 2.2
      vertex 151.314 140.422 0
      vertex 151.314 140.422 2.2
    endloop
  endfacet
  facet normal 0.594222 0.804301 -0
    outer loop
      vertex 149.056 140.087 0
      vertex 148.922 140.186 2.2
      vertex 149.056 140.087 2.2
    endloop
  endfacet
  facet normal 0.594222 0.804301 0
    outer loop
      vertex 148.922 140.186 2.2
      vertex 149.056 140.087 0
      vertex 148.922 140.186 0
    endloop
  endfacet
  facet normal 0.334068 0.942549 -0
    outer loop
      vertex 149.507 139.873 0
      vertex 149.349 139.929 2.2
      vertex 149.507 139.873 2.2
    endloop
  endfacet
  facet normal 0.334068 0.942549 0
    outer loop
      vertex 149.349 139.929 2.2
      vertex 149.507 139.873 0
      vertex 149.349 139.929 0
    endloop
  endfacet
  facet normal -0.334068 -0.942549 0
    outer loop
      vertex 150.493 143.127 0
      vertex 150.651 143.071 2.2
      vertex 150.493 143.127 2.2
    endloop
  endfacet
  facet normal -0.334068 -0.942549 -0
    outer loop
      vertex 150.651 143.071 2.2
      vertex 150.493 143.127 0
      vertex 150.651 143.071 0
    endloop
  endfacet
  facet normal 0.742103 0.670286 0
    outer loop
      vertex 148.798 140.298 2.2
      vertex 148.686 140.422 0
      vertex 148.686 140.422 2.2
    endloop
  endfacet
  facet normal 0.742103 0.670286 0
    outer loop
      vertex 148.686 140.422 0
      vertex 148.798 140.298 2.2
      vertex 148.798 140.298 0
    endloop
  endfacet
  facet normal -0.515377 -0.856964 0
    outer loop
      vertex 150.801 142.999 0
      vertex 150.944 142.913 2.2
      vertex 150.801 142.999 2.2
    endloop
  endfacet
  facet normal -0.515377 -0.856964 -0
    outer loop
      vertex 150.944 142.913 2.2
      vertex 150.801 142.999 0
      vertex 150.944 142.913 0
    endloop
  endfacet
  facet normal 0.334068 -0.942549 0
    outer loop
      vertex 149.349 143.071 0
      vertex 149.507 143.127 2.2
      vertex 149.349 143.071 2.2
    endloop
  endfacet
  facet normal 0.334068 -0.942549 0
    outer loop
      vertex 149.507 143.127 2.2
      vertex 149.349 143.071 0
      vertex 149.507 143.127 0
    endloop
  endfacet
  facet normal 0.901523 0.432731 0
    outer loop
      vertex 148.501 140.699 2.2
      vertex 148.429 140.849 0
      vertex 148.429 140.849 2.2
    endloop
  endfacet
  facet normal 0.901523 0.432731 0
    outer loop
      vertex 148.429 140.849 0
      vertex 148.501 140.699 2.2
      vertex 148.501 140.699 0
    endloop
  endfacet
  facet normal 0.942549 0.334068 0
    outer loop
      vertex 148.429 140.849 2.2
      vertex 148.373 141.007 0
      vertex 148.373 141.007 2.2
    endloop
  endfacet
  facet normal 0.942549 0.334068 0
    outer loop
      vertex 148.373 141.007 0
      vertex 148.429 140.849 2.2
      vertex 148.429 140.849 0
    endloop
  endfacet
  facet normal -0.901523 -0.432731 0
    outer loop
      vertex 151.571 142.151 0
      vertex 151.499 142.301 2.2
      vertex 151.499 142.301 0
    endloop
  endfacet
  facet normal -0.901523 -0.432731 0
    outer loop
      vertex 151.499 142.301 2.2
      vertex 151.571 142.151 0
      vertex 151.571 142.151 2.2
    endloop
  endfacet
  facet normal 0.970496 0.241117 0
    outer loop
      vertex 148.373 141.007 2.2
      vertex 148.333 141.168 0
      vertex 148.333 141.168 2.2
    endloop
  endfacet
  facet normal 0.970496 0.241117 0
    outer loop
      vertex 148.333 141.168 0
      vertex 148.373 141.007 2.2
      vertex 148.373 141.007 0
    endloop
  endfacet
  facet normal 0.594222 -0.804301 0
    outer loop
      vertex 148.922 142.814 0
      vertex 149.056 142.913 2.2
      vertex 148.922 142.814 2.2
    endloop
  endfacet
  facet normal 0.594222 -0.804301 0
    outer loop
      vertex 149.056 142.913 2.2
      vertex 148.922 142.814 0
      vertex 149.056 142.913 0
    endloop
  endfacet
  facet normal 0.670286 0.742103 -0
    outer loop
      vertex 148.922 140.186 0
      vertex 148.798 140.298 2.2
      vertex 148.922 140.186 2.2
    endloop
  endfacet
  facet normal 0.670286 0.742103 0
    outer loop
      vertex 148.798 140.298 2.2
      vertex 148.922 140.186 0
      vertex 148.798 140.298 0
    endloop
  endfacet
  facet normal 0.149805 0.988716 -0
    outer loop
      vertex 149.833 139.808 0
      vertex 149.668 139.833 2.2
      vertex 149.833 139.808 2.2
    endloop
  endfacet
  facet normal 0.149805 0.988716 0
    outer loop
      vertex 149.668 139.833 2.2
      vertex 149.833 139.808 0
      vertex 149.668 139.833 0
    endloop
  endfacet
  facet normal -0.742103 0.670286 0
    outer loop
      vertex 151.202 140.298 0
      vertex 151.314 140.422 2.2
      vertex 151.314 140.422 0
    endloop
  endfacet
  facet normal -0.742103 0.670286 0
    outer loop
      vertex 151.314 140.422 2.2
      vertex 151.202 140.298 0
      vertex 151.202 140.298 2.2
    endloop
  endfacet
  facet normal -0.149805 0.988716 0
    outer loop
      vertex 150.332 139.833 0
      vertex 150.167 139.808 2.2
      vertex 150.332 139.833 2.2
    endloop
  endfacet
  facet normal -0.149805 0.988716 0
    outer loop
      vertex 150.167 139.808 2.2
      vertex 150.332 139.833 0
      vertex 150.167 139.808 0
    endloop
  endfacet
  facet normal 0.515377 -0.856964 0
    outer loop
      vertex 149.056 142.913 0
      vertex 149.199 142.999 2.2
      vertex 149.056 142.913 2.2
    endloop
  endfacet
  facet normal 0.515377 -0.856964 0
    outer loop
      vertex 149.199 142.999 2.2
      vertex 149.056 142.913 0
      vertex 149.199 142.999 0
    endloop
  endfacet
  facet normal -0.0478493 -0.998855 0
    outer loop
      vertex 150 143.2 0
      vertex 150.167 143.192 2.2
      vertex 150 143.2 2.2
    endloop
  endfacet
  facet normal -0.0478493 -0.998855 -0
    outer loop
      vertex 150.167 143.192 2.2
      vertex 150 143.2 0
      vertex 150.167 143.192 0
    endloop
  endfacet
  facet normal -0.942549 -0.334068 0
    outer loop
      vertex 151.627 141.993 0
      vertex 151.571 142.151 2.2
      vertex 151.571 142.151 0
    endloop
  endfacet
  facet normal -0.942549 -0.334068 0
    outer loop
      vertex 151.571 142.151 2.2
      vertex 151.627 141.993 0
      vertex 151.627 141.993 2.2
    endloop
  endfacet
  facet normal -0.241117 -0.970496 0
    outer loop
      vertex 150.332 143.167 0
      vertex 150.493 143.127 2.2
      vertex 150.332 143.167 2.2
    endloop
  endfacet
  facet normal -0.241117 -0.970496 -0
    outer loop
      vertex 150.493 143.127 2.2
      vertex 150.332 143.167 0
      vertex 150.493 143.127 0
    endloop
  endfacet
  facet normal 0.942549 -0.334068 0
    outer loop
      vertex 148.373 141.993 2.2
      vertex 148.429 142.151 0
      vertex 148.429 142.151 2.2
    endloop
  endfacet
  facet normal 0.942549 -0.334068 0
    outer loop
      vertex 148.429 142.151 0
      vertex 148.373 141.993 2.2
      vertex 148.373 141.993 0
    endloop
  endfacet
  facet normal -0.670286 -0.742103 0
    outer loop
      vertex 151.078 142.814 0
      vertex 151.202 142.702 2.2
      vertex 151.078 142.814 2.2
    endloop
  endfacet
  facet normal -0.670286 -0.742103 -0
    outer loop
      vertex 151.202 142.702 2.2
      vertex 151.078 142.814 0
      vertex 151.202 142.702 0
    endloop
  endfacet
  facet normal 0.0478493 -0.998855 0
    outer loop
      vertex 149.833 143.192 0
      vertex 150 143.2 2.2
      vertex 149.833 143.192 2.2
    endloop
  endfacet
  facet normal 0.0478493 -0.998855 0
    outer loop
      vertex 150 143.2 2.2
      vertex 149.833 143.192 0
      vertex 150 143.2 0
    endloop
  endfacet
  facet normal -0.432731 0.901523 0
    outer loop
      vertex 150.801 140.001 0
      vertex 150.651 139.929 2.2
      vertex 150.801 140.001 2.2
    endloop
  endfacet
  facet normal -0.432731 0.901523 0
    outer loop
      vertex 150.651 139.929 2.2
      vertex 150.801 140.001 0
      vertex 150.651 139.929 0
    endloop
  endfacet
  facet normal -0.988716 0.149805 0
    outer loop
      vertex 151.667 141.168 0
      vertex 151.692 141.333 2.2
      vertex 151.692 141.333 0
    endloop
  endfacet
  facet normal -0.988716 0.149805 0
    outer loop
      vertex 151.692 141.333 2.2
      vertex 151.667 141.168 0
      vertex 151.667 141.168 2.2
    endloop
  endfacet
  facet normal -0.856964 -0.515377 0
    outer loop
      vertex 151.499 142.301 0
      vertex 151.413 142.444 2.2
      vertex 151.413 142.444 0
    endloop
  endfacet
  facet normal -0.856964 -0.515377 0
    outer loop
      vertex 151.413 142.444 2.2
      vertex 151.499 142.301 0
      vertex 151.499 142.301 2.2
    endloop
  endfacet
  facet normal 0.0478493 0.998855 -0
    outer loop
      vertex 150 139.8 0
      vertex 149.833 139.808 2.2
      vertex 150 139.8 2.2
    endloop
  endfacet
  facet normal 0.0478493 0.998855 0
    outer loop
      vertex 149.833 139.808 2.2
      vertex 150 139.8 0
      vertex 149.833 139.808 0
    endloop
  endfacet
  facet normal 0.670286 -0.742103 0
    outer loop
      vertex 148.798 142.702 0
      vertex 148.922 142.814 2.2
      vertex 148.798 142.702 2.2
    endloop
  endfacet
  facet normal 0.670286 -0.742103 0
    outer loop
      vertex 148.922 142.814 2.2
      vertex 148.798 142.702 0
      vertex 148.922 142.814 0
    endloop
  endfacet
  facet normal 0.742103 -0.670286 0
    outer loop
      vertex 148.686 142.578 2.2
      vertex 148.798 142.702 0
      vertex 148.798 142.702 2.2
    endloop
  endfacet
  facet normal 0.742103 -0.670286 0
    outer loop
      vertex 148.798 142.702 0
      vertex 148.686 142.578 2.2
      vertex 148.686 142.578 0
    endloop
  endfacet
  facet normal -0.901523 0.432731 0
    outer loop
      vertex 151.499 140.699 0
      vertex 151.571 140.849 2.2
      vertex 151.571 140.849 0
    endloop
  endfacet
  facet normal -0.901523 0.432731 0
    outer loop
      vertex 151.571 140.849 2.2
      vertex 151.499 140.699 0
      vertex 151.499 140.699 2.2
    endloop
  endfacet
  facet normal -0.0478493 0.998855 0
    outer loop
      vertex 150.167 139.808 0
      vertex 150 139.8 2.2
      vertex 150.167 139.808 2.2
    endloop
  endfacet
  facet normal -0.0478493 0.998855 0
    outer loop
      vertex 150 139.8 2.2
      vertex 150.167 139.808 0
      vertex 150 139.8 0
    endloop
  endfacet
  facet normal -0.942549 0.334068 0
    outer loop
      vertex 151.571 140.849 0
      vertex 151.627 141.007 2.2
      vertex 151.627 141.007 0
    endloop
  endfacet
  facet normal -0.942549 0.334068 0
    outer loop
      vertex 151.627 141.007 2.2
      vertex 151.571 140.849 0
      vertex 151.571 140.849 2.2
    endloop
  endfacet
  facet normal -0.742103 -0.670286 0
    outer loop
      vertex 151.314 142.578 0
      vertex 151.202 142.702 2.2
      vertex 151.202 142.702 0
    endloop
  endfacet
  facet normal -0.742103 -0.670286 0
    outer loop
      vertex 151.202 142.702 2.2
      vertex 151.314 142.578 0
      vertex 151.314 142.578 2.2
    endloop
  endfacet
  facet normal 0.241117 0.970496 -0
    outer loop
      vertex 149.668 139.833 0
      vertex 149.507 139.873 2.2
      vertex 149.668 139.833 2.2
    endloop
  endfacet
  facet normal 0.241117 0.970496 0
    outer loop
      vertex 149.507 139.873 2.2
      vertex 149.668 139.833 0
      vertex 149.507 139.873 0
    endloop
  endfacet
  facet normal -0.594222 0.804301 0
    outer loop
      vertex 151.078 140.186 0
      vertex 150.944 140.087 2.2
      vertex 151.078 140.186 2.2
    endloop
  endfacet
  facet normal -0.594222 0.804301 0
    outer loop
      vertex 150.944 140.087 2.2
      vertex 151.078 140.186 0
      vertex 150.944 140.087 0
    endloop
  endfacet
  facet normal -0.856964 0.515377 0
    outer loop
      vertex 151.413 140.556 0
      vertex 151.499 140.699 2.2
      vertex 151.499 140.699 0
    endloop
  endfacet
  facet normal -0.856964 0.515377 0
    outer loop
      vertex 151.499 140.699 2.2
      vertex 151.413 140.556 0
      vertex 151.413 140.556 2.2
    endloop
  endfacet
  facet normal 0.804301 0.594222 0
    outer loop
      vertex 148.686 140.422 2.2
      vertex 148.587 140.556 0
      vertex 148.587 140.556 2.2
    endloop
  endfacet
  facet normal 0.804301 0.594222 0
    outer loop
      vertex 148.587 140.556 0
      vertex 148.686 140.422 2.2
      vertex 148.686 140.422 0
    endloop
  endfacet
  facet normal 0.856964 -0.515377 0
    outer loop
      vertex 148.501 142.301 2.2
      vertex 148.587 142.444 0
      vertex 148.587 142.444 2.2
    endloop
  endfacet
  facet normal 0.856964 -0.515377 0
    outer loop
      vertex 148.587 142.444 0
      vertex 148.501 142.301 2.2
      vertex 148.501 142.301 0
    endloop
  endfacet
  facet normal -0.334068 0.942549 0
    outer loop
      vertex 150.651 139.929 0
      vertex 150.493 139.873 2.2
      vertex 150.651 139.929 2.2
    endloop
  endfacet
  facet normal -0.334068 0.942549 0
    outer loop
      vertex 150.493 139.873 2.2
      vertex 150.651 139.929 0
      vertex 150.493 139.873 0
    endloop
  endfacet
  facet normal 0.856964 0.515377 0
    outer loop
      vertex 148.587 140.556 2.2
      vertex 148.501 140.699 0
      vertex 148.501 140.699 2.2
    endloop
  endfacet
  facet normal 0.856964 0.515377 0
    outer loop
      vertex 148.501 140.699 0
      vertex 148.587 140.556 2.2
      vertex 148.587 140.556 0
    endloop
  endfacet
  facet normal 0.998855 -0.0478493 0
    outer loop
      vertex 148.3 141.5 2.2
      vertex 148.308 141.667 0
      vertex 148.308 141.667 2.2
    endloop
  endfacet
  facet normal 0.998855 -0.0478493 0
    outer loop
      vertex 148.308 141.667 0
      vertex 148.3 141.5 2.2
      vertex 148.3 141.5 0
    endloop
  endfacet
  facet normal 0.998855 0.0478493 0
    outer loop
      vertex 148.308 141.333 2.2
      vertex 148.3 141.5 0
      vertex 148.3 141.5 2.2
    endloop
  endfacet
  facet normal 0.998855 0.0478493 0
    outer loop
      vertex 148.3 141.5 0
      vertex 148.308 141.333 2.2
      vertex 148.308 141.333 0
    endloop
  endfacet
  facet normal -0.398055 -0.665137 0.63178
    outer loop
      vertex 151.753 144.139 4
      vertex 151.494 144.294 4
      vertex 150.801 142.999 2.2
    endloop
  endfacet
  facet normal 0.623453 -0.460611 0.631779
    outer loop
      vertex 147.371 143.267 4
      vertex 148.587 142.444 2.2
      vertex 148.686 142.578 2.2
    endloop
  endfacet
  facet normal 0.63063 -0.45045 0.631981
    outer loop
      vertex 148.587 142.444 2.2
      vertex 147.371 143.267 4
      vertex 147.366 143.26 4
    endloop
  endfacet
  facet normal 0.519654 0.575331 0.631627
    outer loop
      vertex 148.798 140.298 2.2
      vertex 147.766 139.254 4
      vertex 148.922 140.186 2.2
    endloop
  endfacet
  facet normal 0.547982 0.547982 0.632006
    outer loop
      vertex 147.766 139.254 4
      vertex 148.798 140.298 2.2
      vertex 147.76 139.26 4
    endloop
  endfacet
  facet normal -0.774454 -0.0359019 0.63161
    outer loop
      vertex 153.168 141.5 4
      vertex 153.154 141.802 4
      vertex 151.7 141.5 2.2
    endloop
  endfacet
  facet normal -0.770221 -0.0855801 0.632009
    outer loop
      vertex 151.692 141.667 2.2
      vertex 153.154 141.802 4
      vertex 153.153 141.811 4
    endloop
  endfacet
  facet normal -0.774322 -0.0370933 0.631704
    outer loop
      vertex 153.154 141.802 4
      vertex 151.692 141.667 2.2
      vertex 151.7 141.5 2.2
    endloop
  endfacet
  facet normal 0.574406 0.520556 0.631727
    outer loop
      vertex 147.754 139.266 4
      vertex 148.686 140.422 2.2
      vertex 147.551 139.49 4
    endloop
  endfacet
  facet normal 0.730015 0.261269 0.631519
    outer loop
      vertex 147.073 140.287 4
      vertex 148.429 140.849 2.2
      vertex 146.971 140.572 4
    endloop
  endfacet
  facet normal -0.622925 -0.461426 0.631705
    outer loop
      vertex 152.629 143.267 4
      vertex 152.449 143.51 4
      vertex 151.314 142.578 2.2
    endloop
  endfacet
  facet normal 0.0855801 -0.770221 0.632009
    outer loop
      vertex 149.833 143.192 2.2
      vertex 149.698 144.654 4
      vertex 149.689 144.653 4
    endloop
  endfacet
  facet normal 0.0370933 -0.774322 0.631704
    outer loop
      vertex 149.698 144.654 4
      vertex 149.833 143.192 2.2
      vertex 150 143.2 2.2
    endloop
  endfacet
  facet normal -0.461426 -0.622925 0.631705
    outer loop
      vertex 152.01 143.949 4
      vertex 151.767 144.129 4
      vertex 151.078 142.814 2.2
    endloop
  endfacet
  facet normal -0.664184 0.399439 0.631909
    outer loop
      vertex 151.413 140.556 2.2
      vertex 152.639 139.747 4
      vertex 151.499 140.699 2.2
    endloop
  endfacet
  facet normal -0.63063 0.45045 0.631981
    outer loop
      vertex 152.639 139.747 4
      vertex 151.413 140.556 2.2
      vertex 152.634 139.74 4
    endloop
  endfacet
  facet normal 0.330201 -0.701358 0.631715
    outer loop
      vertex 149.199 142.999 2.2
      vertex 148.78 144.423 4
      vertex 148.506 144.294 4
    endloop
  endfacet
  facet normal 0.622925 -0.461426 0.631705
    outer loop
      vertex 148.686 142.578 2.2
      vertex 147.551 143.51 4
      vertex 147.371 143.267 4
    endloop
  endfacet
  facet normal 0.574406 -0.520556 0.631727
    outer loop
      vertex 148.686 142.578 2.2
      vertex 147.754 143.734 4
      vertex 147.551 143.51 4
    endloop
  endfacet
  facet normal 0.520556 0.574406 0.631727
    outer loop
      vertex 147.99 139.051 4
      vertex 148.922 140.186 2.2
      vertex 147.766 139.254 4
    endloop
  endfacet
  facet normal -0.730645 0.258963 0.631741
    outer loop
      vertex 151.571 140.849 2.2
      vertex 153.032 140.58 4
      vertex 151.627 141.007 2.2
    endloop
  endfacet
  facet normal -0.726712 0.272517 0.630574
    outer loop
      vertex 153.032 140.58 4
      vertex 151.571 140.849 2.2
      vertex 153.029 140.572 4
    endloop
  endfacet
  facet normal -0.730015 0.261269 0.631519
    outer loop
      vertex 152.927 140.287 4
      vertex 153.029 140.572 4
      vertex 151.571 140.849 2.2
    endloop
  endfacet
  facet normal 0.575331 0.519654 0.631627
    outer loop
      vertex 147.754 139.266 4
      vertex 148.798 140.298 2.2
      vertex 148.686 140.422 2.2
    endloop
  endfacet
  facet normal 0.547982 0.547982 0.632006
    outer loop
      vertex 148.798 140.298 2.2
      vertex 147.754 139.266 4
      vertex 147.76 139.26 4
    endloop
  endfacet
  facet normal -0.520556 0.574406 0.631727
    outer loop
      vertex 152.01 139.051 4
      vertex 152.234 139.254 4
      vertex 151.078 140.186 2.2
    endloop
  endfacet
  facet normal 0.261269 -0.730015 0.631519
    outer loop
      vertex 149.349 143.071 2.2
      vertex 149.072 144.529 4
      vertex 148.787 144.427 4
    endloop
  endfacet
  facet normal 0.116153 0.766608 0.631522
    outer loop
      vertex 149.668 139.833 2.2
      vertex 149.689 138.347 4
      vertex 149.833 139.808 2.2
    endloop
  endfacet
  facet normal 0.0960187 0.768149 0.63303
    outer loop
      vertex 149.689 138.347 4
      vertex 149.668 139.833 2.2
      vertex 149.681 138.348 4
    endloop
  endfacet
  facet normal 0.699084 0.33556 0.631412
    outer loop
      vertex 147.073 140.287 4
      vertex 148.501 140.699 2.2
      vertex 148.429 140.849 2.2
    endloop
  endfacet
  facet normal 0.677201 0.386972 0.62582
    outer loop
      vertex 148.501 140.699 2.2
      vertex 147.073 140.287 4
      vertex 147.077 140.28 4
    endloop
  endfacet
  facet normal -0.520556 -0.574406 0.631727
    outer loop
      vertex 152.234 143.746 4
      vertex 152.01 143.949 4
      vertex 151.078 142.814 2.2
    endloop
  endfacet
  facet normal 0.45045 -0.63063 0.631981
    outer loop
      vertex 148.233 144.129 4
      vertex 149.056 142.913 2.2
      vertex 148.24 144.134 4
    endloop
  endfacet
  facet normal 0.460611 -0.623453 0.631779
    outer loop
      vertex 149.056 142.913 2.2
      vertex 148.233 144.129 4
      vertex 148.922 142.814 2.2
    endloop
  endfacet
  facet normal -0.461426 0.622925 0.631705
    outer loop
      vertex 151.767 138.871 4
      vertex 152.01 139.051 4
      vertex 151.078 140.186 2.2
    endloop
  endfacet
  facet normal -0.701358 0.330201 0.631715
    outer loop
      vertex 152.794 140.006 4
      vertex 152.923 140.28 4
      vertex 151.499 140.699 2.2
    endloop
  endfacet
  facet normal 0.33556 0.699084 0.631412
    outer loop
      vertex 149.199 140.001 2.2
      vertex 148.787 138.573 4
      vertex 149.349 139.929 2.2
    endloop
  endfacet
  facet normal 0.386972 0.677201 0.62582
    outer loop
      vertex 148.787 138.573 4
      vertex 149.199 140.001 2.2
      vertex 148.78 138.577 4
    endloop
  endfacet
  facet normal -0.752443 0.186942 0.631572
    outer loop
      vertex 151.627 141.007 2.2
      vertex 153.034 140.589 4
      vertex 151.667 141.168 2.2
    endloop
  endfacet
  facet normal -0.757288 0.168286 0.631027
    outer loop
      vertex 153.034 140.589 4
      vertex 151.627 141.007 2.2
      vertex 153.032 140.58 4
    endloop
  endfacet
  facet normal 0.461426 0.622925 0.631705
    outer loop
      vertex 148.233 138.871 4
      vertex 148.922 140.186 2.2
      vertex 147.99 139.051 4
    endloop
  endfacet
  facet normal 0.770221 -0.0855801 0.632009
    outer loop
      vertex 146.846 141.802 4
      vertex 148.308 141.667 2.2
      vertex 146.847 141.811 4
    endloop
  endfacet
  facet normal 0.774322 -0.0370933 0.631704
    outer loop
      vertex 148.308 141.667 2.2
      vertex 146.846 141.802 4
      vertex 148.3 141.5 2.2
    endloop
  endfacet
  facet normal -0.574406 0.520556 0.631727
    outer loop
      vertex 152.246 139.266 4
      vertex 152.449 139.49 4
      vertex 151.314 140.422 2.2
    endloop
  endfacet
  facet normal 0.768149 0.0960187 0.63303
    outer loop
      vertex 148.333 141.168 2.2
      vertex 146.847 141.189 4
      vertex 146.848 141.181 4
    endloop
  endfacet
  facet normal 0.766608 0.116153 0.631522
    outer loop
      vertex 146.847 141.189 4
      vertex 148.333 141.168 2.2
      vertex 148.308 141.333 2.2
    endloop
  endfacet
  facet normal -0.63063 -0.45045 0.631981
    outer loop
      vertex 152.629 143.267 4
      vertex 151.413 142.444 2.2
      vertex 152.634 143.26 4
    endloop
  endfacet
  facet normal -0.623453 -0.460611 0.631779
    outer loop
      vertex 151.413 142.444 2.2
      vertex 152.629 143.267 4
      vertex 151.314 142.578 2.2
    endloop
  endfacet
  facet normal -0.168286 0.757288 0.631027
    outer loop
      vertex 150.493 139.873 2.2
      vertex 150.911 138.466 4
      vertex 150.92 138.468 4
    endloop
  endfacet
  facet normal -0.186942 0.752443 0.631572
    outer loop
      vertex 150.911 138.466 4
      vertex 150.493 139.873 2.2
      vertex 150.332 139.833 2.2
    endloop
  endfacet
  facet normal -0.751532 0.189807 0.631801
    outer loop
      vertex 153.034 140.589 4
      vertex 153.108 140.882 4
      vertex 151.667 141.168 2.2
    endloop
  endfacet
  facet normal -0.330201 -0.701358 0.631715
    outer loop
      vertex 151.494 144.294 4
      vertex 151.22 144.423 4
      vertex 150.801 142.999 2.2
    endloop
  endfacet
  facet normal 0.730645 0.258963 0.631741
    outer loop
      vertex 146.968 140.58 4
      vertex 148.429 140.849 2.2
      vertex 148.373 141.007 2.2
    endloop
  endfacet
  facet normal 0.726712 0.272517 0.630574
    outer loop
      vertex 148.429 140.849 2.2
      vertex 146.968 140.58 4
      vertex 146.971 140.572 4
    endloop
  endfacet
  facet normal 0.774454 0.0359019 0.63161
    outer loop
      vertex 146.846 141.198 4
      vertex 148.3 141.5 2.2
      vertex 146.832 141.5 4
    endloop
  endfacet
  facet normal 0.665137 0.398055 0.63178
    outer loop
      vertex 147.361 139.747 4
      vertex 148.501 140.699 2.2
      vertex 147.206 140.006 4
    endloop
  endfacet
  facet normal 0.168286 -0.757288 0.631027
    outer loop
      vertex 149.507 143.127 2.2
      vertex 149.089 144.534 4
      vertex 149.08 144.532 4
    endloop
  endfacet
  facet normal 0.186942 -0.752443 0.631572
    outer loop
      vertex 149.089 144.534 4
      vertex 149.507 143.127 2.2
      vertex 149.668 143.167 2.2
    endloop
  endfacet
  facet normal 0.112847 0.766846 0.631833
    outer loop
      vertex 149.681 138.348 4
      vertex 149.668 139.833 2.2
      vertex 149.382 138.392 4
    endloop
  endfacet
  facet normal 0.189807 -0.751532 0.631801
    outer loop
      vertex 149.668 143.167 2.2
      vertex 149.382 144.608 4
      vertex 149.089 144.534 4
    endloop
  endfacet
  facet normal -0.701358 -0.330201 0.631715
    outer loop
      vertex 152.923 142.72 4
      vertex 152.794 142.994 4
      vertex 151.499 142.301 2.2
    endloop
  endfacet
  facet normal 0.623453 0.460611 0.631779
    outer loop
      vertex 148.587 140.556 2.2
      vertex 147.371 139.733 4
      vertex 148.686 140.422 2.2
    endloop
  endfacet
  facet normal 0.63063 0.45045 0.631981
    outer loop
      vertex 147.371 139.733 4
      vertex 148.587 140.556 2.2
      vertex 147.366 139.74 4
    endloop
  endfacet
  facet normal -0.460611 0.623453 0.631779
    outer loop
      vertex 150.944 140.087 2.2
      vertex 151.767 138.871 4
      vertex 151.078 140.186 2.2
    endloop
  endfacet
  facet normal -0.45045 0.63063 0.631981
    outer loop
      vertex 151.767 138.871 4
      vertex 150.944 140.087 2.2
      vertex 151.76 138.866 4
    endloop
  endfacet
  facet normal -0.547982 0.547982 0.632006
    outer loop
      vertex 151.202 140.298 2.2
      vertex 152.234 139.254 4
      vertex 152.24 139.26 4
    endloop
  endfacet
  facet normal -0.519654 0.575331 0.631627
    outer loop
      vertex 152.234 139.254 4
      vertex 151.202 140.298 2.2
      vertex 151.078 140.186 2.2
    endloop
  endfacet
  facet normal -0.774454 0.0359019 0.63161
    outer loop
      vertex 153.154 141.198 4
      vertex 153.168 141.5 4
      vertex 151.7 141.5 2.2
    endloop
  endfacet
  facet normal 0.664184 0.399439 0.631909
    outer loop
      vertex 147.361 139.747 4
      vertex 148.587 140.556 2.2
      vertex 148.501 140.699 2.2
    endloop
  endfacet
  facet normal 0.63063 0.45045 0.631981
    outer loop
      vertex 148.587 140.556 2.2
      vertex 147.361 139.747 4
      vertex 147.366 139.74 4
    endloop
  endfacet
  facet normal -0.330201 0.701358 0.631715
    outer loop
      vertex 151.22 138.577 4
      vertex 151.494 138.706 4
      vertex 150.801 140.001 2.2
    endloop
  endfacet
  facet normal 0.701358 0.330201 0.631715
    outer loop
      vertex 147.206 140.006 4
      vertex 148.501 140.699 2.2
      vertex 147.077 140.28 4
    endloop
  endfacet
  facet normal 0.622925 0.461426 0.631705
    outer loop
      vertex 147.551 139.49 4
      vertex 148.686 140.422 2.2
      vertex 147.371 139.733 4
    endloop
  endfacet
  facet normal 0.63063 -0.45045 0.631981
    outer loop
      vertex 147.361 143.253 4
      vertex 148.587 142.444 2.2
      vertex 147.366 143.26 4
    endloop
  endfacet
  facet normal 0.664184 -0.399439 0.631909
    outer loop
      vertex 148.587 142.444 2.2
      vertex 147.361 143.253 4
      vertex 148.501 142.301 2.2
    endloop
  endfacet
  facet normal 0.730015 -0.261269 0.631519
    outer loop
      vertex 148.429 142.151 2.2
      vertex 147.073 142.713 4
      vertex 146.971 142.428 4
    endloop
  endfacet
  facet normal 0.261269 0.730015 0.631519
    outer loop
      vertex 149.072 138.471 4
      vertex 149.349 139.929 2.2
      vertex 148.787 138.573 4
    endloop
  endfacet
  facet normal 0.258963 0.730645 0.631741
    outer loop
      vertex 149.349 139.929 2.2
      vertex 149.08 138.468 4
      vertex 149.507 139.873 2.2
    endloop
  endfacet
  facet normal 0.272517 0.726712 0.630574
    outer loop
      vertex 149.08 138.468 4
      vertex 149.349 139.929 2.2
      vertex 149.072 138.471 4
    endloop
  endfacet
  facet normal -0.730015 -0.261269 0.631519
    outer loop
      vertex 153.029 142.428 4
      vertex 152.927 142.713 4
      vertex 151.571 142.151 2.2
    endloop
  endfacet
  facet normal 0.112847 -0.766846 0.631833
    outer loop
      vertex 149.668 143.167 2.2
      vertex 149.681 144.652 4
      vertex 149.382 144.608 4
    endloop
  endfacet
  facet normal -0.0370933 -0.774322 0.631704
    outer loop
      vertex 150.167 143.192 2.2
      vertex 150.302 144.654 4
      vertex 150 143.2 2.2
    endloop
  endfacet
  facet normal -0.0855801 -0.770221 0.632009
    outer loop
      vertex 150.302 144.654 4
      vertex 150.167 143.192 2.2
      vertex 150.311 144.653 4
    endloop
  endfacet
  facet normal -0.398055 0.665137 0.63178
    outer loop
      vertex 151.494 138.706 4
      vertex 151.753 138.861 4
      vertex 150.801 140.001 2.2
    endloop
  endfacet
  facet normal -0.112847 0.766846 0.631833
    outer loop
      vertex 150.618 138.392 4
      vertex 150.332 139.833 2.2
      vertex 150.319 138.348 4
    endloop
  endfacet
  facet normal -0.189807 -0.751532 0.631801
    outer loop
      vertex 150.911 144.534 4
      vertex 150.618 144.608 4
      vertex 150.332 143.167 2.2
    endloop
  endfacet
  facet normal 0.189807 0.751532 0.631801
    outer loop
      vertex 149.382 138.392 4
      vertex 149.668 139.833 2.2
      vertex 149.089 138.466 4
    endloop
  endfacet
  facet normal -0.766608 0.116153 0.631522
    outer loop
      vertex 151.667 141.168 2.2
      vertex 153.153 141.189 4
      vertex 151.692 141.333 2.2
    endloop
  endfacet
  facet normal -0.768149 0.0960187 0.63303
    outer loop
      vertex 153.153 141.189 4
      vertex 151.667 141.168 2.2
      vertex 153.152 141.181 4
    endloop
  endfacet
  facet normal 0.0359019 -0.774454 0.63161
    outer loop
      vertex 150 143.2 2.2
      vertex 150 144.668 4
      vertex 149.698 144.654 4
    endloop
  endfacet
  facet normal 0.398055 0.665137 0.63178
    outer loop
      vertex 148.506 138.706 4
      vertex 149.199 140.001 2.2
      vertex 148.247 138.861 4
    endloop
  endfacet
  facet normal -0.116153 -0.766608 0.631522
    outer loop
      vertex 150.332 143.167 2.2
      vertex 150.311 144.653 4
      vertex 150.167 143.192 2.2
    endloop
  endfacet
  facet normal -0.0960187 -0.768149 0.63303
    outer loop
      vertex 150.311 144.653 4
      vertex 150.332 143.167 2.2
      vertex 150.319 144.652 4
    endloop
  endfacet
  facet normal -0.766846 0.112847 0.631833
    outer loop
      vertex 153.108 140.882 4
      vertex 153.152 141.181 4
      vertex 151.667 141.168 2.2
    endloop
  endfacet
  facet normal -0.272517 0.726712 0.630574
    outer loop
      vertex 150.651 139.929 2.2
      vertex 150.92 138.468 4
      vertex 150.928 138.471 4
    endloop
  endfacet
  facet normal -0.258963 0.730645 0.631741
    outer loop
      vertex 150.92 138.468 4
      vertex 150.651 139.929 2.2
      vertex 150.493 139.873 2.2
    endloop
  endfacet
  facet normal 0.520556 -0.574406 0.631727
    outer loop
      vertex 148.922 142.814 2.2
      vertex 147.99 143.949 4
      vertex 147.766 143.746 4
    endloop
  endfacet
  facet normal 0.461426 -0.622925 0.631705
    outer loop
      vertex 148.922 142.814 2.2
      vertex 148.233 144.129 4
      vertex 147.99 143.949 4
    endloop
  endfacet
  facet normal -0.45045 0.63063 0.631981
    outer loop
      vertex 150.944 140.087 2.2
      vertex 151.753 138.861 4
      vertex 151.76 138.866 4
    endloop
  endfacet
  facet normal -0.399439 0.664184 0.631909
    outer loop
      vertex 151.753 138.861 4
      vertex 150.944 140.087 2.2
      vertex 150.801 140.001 2.2
    endloop
  endfacet
  facet normal -0.774322 0.0370933 0.631704
    outer loop
      vertex 151.692 141.333 2.2
      vertex 153.154 141.198 4
      vertex 151.7 141.5 2.2
    endloop
  endfacet
  facet normal -0.770221 0.0855801 0.632009
    outer loop
      vertex 153.154 141.198 4
      vertex 151.692 141.333 2.2
      vertex 153.153 141.189 4
    endloop
  endfacet
  facet normal 0.757288 -0.168286 0.631027
    outer loop
      vertex 146.966 142.411 4
      vertex 148.373 141.993 2.2
      vertex 146.968 142.42 4
    endloop
  endfacet
  facet normal 0.752443 -0.186942 0.631572
    outer loop
      vertex 148.373 141.993 2.2
      vertex 146.966 142.411 4
      vertex 148.333 141.832 2.2
    endloop
  endfacet
  facet normal -0.261269 -0.730015 0.631519
    outer loop
      vertex 151.213 144.427 4
      vertex 150.928 144.529 4
      vertex 150.651 143.071 2.2
    endloop
  endfacet
  facet normal -0.386972 0.677201 0.62582
    outer loop
      vertex 150.801 140.001 2.2
      vertex 151.213 138.573 4
      vertex 151.22 138.577 4
    endloop
  endfacet
  facet normal -0.33556 0.699084 0.631412
    outer loop
      vertex 151.213 138.573 4
      vertex 150.801 140.001 2.2
      vertex 150.651 139.929 2.2
    endloop
  endfacet
  facet normal -0.574406 -0.520556 0.631727
    outer loop
      vertex 152.449 143.51 4
      vertex 152.246 143.734 4
      vertex 151.314 142.578 2.2
    endloop
  endfacet
  facet normal -0.33556 -0.699084 0.631412
    outer loop
      vertex 150.801 142.999 2.2
      vertex 151.213 144.427 4
      vertex 150.651 143.071 2.2
    endloop
  endfacet
  facet normal -0.386972 -0.677201 0.62582
    outer loop
      vertex 151.213 144.427 4
      vertex 150.801 142.999 2.2
      vertex 151.22 144.423 4
    endloop
  endfacet
  facet normal 0.766846 0.112847 0.631833
    outer loop
      vertex 146.892 140.882 4
      vertex 148.333 141.168 2.2
      vertex 146.848 141.181 4
    endloop
  endfacet
  facet normal 0.330201 0.701358 0.631715
    outer loop
      vertex 148.78 138.577 4
      vertex 149.199 140.001 2.2
      vertex 148.506 138.706 4
    endloop
  endfacet
  facet normal -0.399439 -0.664184 0.631909
    outer loop
      vertex 150.944 142.913 2.2
      vertex 151.753 144.139 4
      vertex 150.801 142.999 2.2
    endloop
  endfacet
  facet normal -0.45045 -0.63063 0.631981
    outer loop
      vertex 151.753 144.139 4
      vertex 150.944 142.913 2.2
      vertex 151.76 144.134 4
    endloop
  endfacet
  facet normal 0.386972 -0.677201 0.62582
    outer loop
      vertex 149.199 142.999 2.2
      vertex 148.787 144.427 4
      vertex 148.78 144.423 4
    endloop
  endfacet
  facet normal 0.33556 -0.699084 0.631412
    outer loop
      vertex 148.787 144.427 4
      vertex 149.199 142.999 2.2
      vertex 149.349 143.071 2.2
    endloop
  endfacet
  facet normal 0.726712 -0.272517 0.630574
    outer loop
      vertex 146.968 142.42 4
      vertex 148.429 142.151 2.2
      vertex 146.971 142.428 4
    endloop
  endfacet
  facet normal 0.730645 -0.258963 0.631741
    outer loop
      vertex 148.429 142.151 2.2
      vertex 146.968 142.42 4
      vertex 148.373 141.993 2.2
    endloop
  endfacet
  facet normal -0.677201 -0.386972 0.62582
    outer loop
      vertex 151.499 142.301 2.2
      vertex 152.927 142.713 4
      vertex 152.923 142.72 4
    endloop
  endfacet
  facet normal -0.699084 -0.33556 0.631412
    outer loop
      vertex 152.927 142.713 4
      vertex 151.499 142.301 2.2
      vertex 151.571 142.151 2.2
    endloop
  endfacet
  facet normal -0.665137 0.398055 0.63178
    outer loop
      vertex 152.639 139.747 4
      vertex 152.794 140.006 4
      vertex 151.499 140.699 2.2
    endloop
  endfacet
  facet normal 0.751532 -0.189807 0.631801
    outer loop
      vertex 148.333 141.832 2.2
      vertex 146.966 142.411 4
      vertex 146.892 142.118 4
    endloop
  endfacet
  facet normal 0.665137 -0.398055 0.63178
    outer loop
      vertex 148.501 142.301 2.2
      vertex 147.361 143.253 4
      vertex 147.206 142.994 4
    endloop
  endfacet
  facet normal -0.45045 -0.63063 0.631981
    outer loop
      vertex 150.944 142.913 2.2
      vertex 151.767 144.129 4
      vertex 151.76 144.134 4
    endloop
  endfacet
  facet normal -0.460611 -0.623453 0.631779
    outer loop
      vertex 151.767 144.129 4
      vertex 150.944 142.913 2.2
      vertex 151.078 142.814 2.2
    endloop
  endfacet
  facet normal -0.575331 0.519654 0.631627
    outer loop
      vertex 151.202 140.298 2.2
      vertex 152.246 139.266 4
      vertex 151.314 140.422 2.2
    endloop
  endfacet
  facet normal -0.547982 0.547982 0.632006
    outer loop
      vertex 152.246 139.266 4
      vertex 151.202 140.298 2.2
      vertex 152.24 139.26 4
    endloop
  endfacet
  facet normal -0.261269 0.730015 0.631519
    outer loop
      vertex 150.928 138.471 4
      vertex 151.213 138.573 4
      vertex 150.651 139.929 2.2
    endloop
  endfacet
  facet normal 0.460611 0.623453 0.631779
    outer loop
      vertex 148.233 138.871 4
      vertex 149.056 140.087 2.2
      vertex 148.922 140.186 2.2
    endloop
  endfacet
  facet normal 0.45045 0.63063 0.631981
    outer loop
      vertex 149.056 140.087 2.2
      vertex 148.233 138.871 4
      vertex 148.24 138.866 4
    endloop
  endfacet
  facet normal -0.63063 0.45045 0.631981
    outer loop
      vertex 151.413 140.556 2.2
      vertex 152.629 139.733 4
      vertex 152.634 139.74 4
    endloop
  endfacet
  facet normal -0.623453 0.460611 0.631779
    outer loop
      vertex 152.629 139.733 4
      vertex 151.413 140.556 2.2
      vertex 151.314 140.422 2.2
    endloop
  endfacet
  facet normal -0.699084 0.33556 0.631412
    outer loop
      vertex 151.499 140.699 2.2
      vertex 152.927 140.287 4
      vertex 151.571 140.849 2.2
    endloop
  endfacet
  facet normal -0.677201 0.386972 0.62582
    outer loop
      vertex 152.927 140.287 4
      vertex 151.499 140.699 2.2
      vertex 152.923 140.28 4
    endloop
  endfacet
  facet normal -0.0359019 0.774454 0.63161
    outer loop
      vertex 150.302 138.346 4
      vertex 150 139.8 2.2
      vertex 150 138.332 4
    endloop
  endfacet
  facet normal 0.0370933 0.774322 0.631704
    outer loop
      vertex 149.833 139.808 2.2
      vertex 149.698 138.346 4
      vertex 150 139.8 2.2
    endloop
  endfacet
  facet normal 0.0855801 0.770221 0.632009
    outer loop
      vertex 149.698 138.346 4
      vertex 149.833 139.808 2.2
      vertex 149.689 138.347 4
    endloop
  endfacet
  facet normal -0.189807 0.751532 0.631801
    outer loop
      vertex 150.618 138.392 4
      vertex 150.911 138.466 4
      vertex 150.332 139.833 2.2
    endloop
  endfacet
  facet normal 0.768149 -0.0960187 0.63303
    outer loop
      vertex 146.847 141.811 4
      vertex 148.333 141.832 2.2
      vertex 146.848 141.819 4
    endloop
  endfacet
  facet normal 0.766608 -0.116153 0.631522
    outer loop
      vertex 148.333 141.832 2.2
      vertex 146.847 141.811 4
      vertex 148.308 141.667 2.2
    endloop
  endfacet
  facet normal 0.0359019 0.774454 0.63161
    outer loop
      vertex 150 138.332 4
      vertex 150 139.8 2.2
      vertex 149.698 138.346 4
    endloop
  endfacet
  facet normal 0.677201 -0.386972 0.62582
    outer loop
      vertex 147.073 142.713 4
      vertex 148.501 142.301 2.2
      vertex 147.077 142.72 4
    endloop
  endfacet
  facet normal 0.699084 -0.33556 0.631412
    outer loop
      vertex 148.501 142.301 2.2
      vertex 147.073 142.713 4
      vertex 148.429 142.151 2.2
    endloop
  endfacet
  facet normal 0.186942 0.752443 0.631572
    outer loop
      vertex 149.507 139.873 2.2
      vertex 149.089 138.466 4
      vertex 149.668 139.833 2.2
    endloop
  endfacet
  facet normal 0.168286 0.757288 0.631027
    outer loop
      vertex 149.089 138.466 4
      vertex 149.507 139.873 2.2
      vertex 149.08 138.468 4
    endloop
  endfacet
  facet normal -0.0359019 -0.774454 0.63161
    outer loop
      vertex 150.302 144.654 4
      vertex 150 144.668 4
      vertex 150 143.2 2.2
    endloop
  endfacet
  facet normal 0.547982 -0.547982 0.632006
    outer loop
      vertex 147.754 143.734 4
      vertex 148.798 142.702 2.2
      vertex 147.76 143.74 4
    endloop
  endfacet
  facet normal 0.575331 -0.519654 0.631627
    outer loop
      vertex 148.798 142.702 2.2
      vertex 147.754 143.734 4
      vertex 148.686 142.578 2.2
    endloop
  endfacet
  facet normal -0.622925 0.461426 0.631705
    outer loop
      vertex 152.449 139.49 4
      vertex 152.629 139.733 4
      vertex 151.314 140.422 2.2
    endloop
  endfacet
  facet normal -0.0855801 0.770221 0.632009
    outer loop
      vertex 150.167 139.808 2.2
      vertex 150.302 138.346 4
      vertex 150.311 138.347 4
    endloop
  endfacet
  facet normal -0.0370933 0.774322 0.631704
    outer loop
      vertex 150.302 138.346 4
      vertex 150.167 139.808 2.2
      vertex 150 139.8 2.2
    endloop
  endfacet
  facet normal -0.258963 -0.730645 0.631741
    outer loop
      vertex 150.651 143.071 2.2
      vertex 150.92 144.532 4
      vertex 150.493 143.127 2.2
    endloop
  endfacet
  facet normal -0.272517 -0.726712 0.630574
    outer loop
      vertex 150.92 144.532 4
      vertex 150.651 143.071 2.2
      vertex 150.928 144.529 4
    endloop
  endfacet
  facet normal -0.112847 -0.766846 0.631833
    outer loop
      vertex 150.332 143.167 2.2
      vertex 150.618 144.608 4
      vertex 150.319 144.652 4
    endloop
  endfacet
  facet normal -0.186942 -0.752443 0.631572
    outer loop
      vertex 150.493 143.127 2.2
      vertex 150.911 144.534 4
      vertex 150.332 143.167 2.2
    endloop
  endfacet
  facet normal -0.168286 -0.757288 0.631027
    outer loop
      vertex 150.911 144.534 4
      vertex 150.493 143.127 2.2
      vertex 150.92 144.532 4
    endloop
  endfacet
  facet normal -0.665137 -0.398055 0.63178
    outer loop
      vertex 152.794 142.994 4
      vertex 152.639 143.253 4
      vertex 151.499 142.301 2.2
    endloop
  endfacet
  facet normal -0.751532 -0.189807 0.631801
    outer loop
      vertex 153.108 142.118 4
      vertex 153.034 142.411 4
      vertex 151.667 141.832 2.2
    endloop
  endfacet
  facet normal 0.399439 0.664184 0.631909
    outer loop
      vertex 149.056 140.087 2.2
      vertex 148.247 138.861 4
      vertex 149.199 140.001 2.2
    endloop
  endfacet
  facet normal 0.45045 0.63063 0.631981
    outer loop
      vertex 148.247 138.861 4
      vertex 149.056 140.087 2.2
      vertex 148.24 138.866 4
    endloop
  endfacet
  facet normal 0.766846 -0.112847 0.631833
    outer loop
      vertex 148.333 141.832 2.2
      vertex 146.892 142.118 4
      vertex 146.848 141.819 4
    endloop
  endfacet
  facet normal 0.701358 -0.330201 0.631715
    outer loop
      vertex 148.501 142.301 2.2
      vertex 147.206 142.994 4
      vertex 147.077 142.72 4
    endloop
  endfacet
  facet normal -0.766846 -0.112847 0.631833
    outer loop
      vertex 153.152 141.819 4
      vertex 153.108 142.118 4
      vertex 151.667 141.832 2.2
    endloop
  endfacet
  facet normal -0.768149 -0.0960187 0.63303
    outer loop
      vertex 151.667 141.832 2.2
      vertex 153.153 141.811 4
      vertex 153.152 141.819 4
    endloop
  endfacet
  facet normal -0.766608 -0.116153 0.631522
    outer loop
      vertex 153.153 141.811 4
      vertex 151.667 141.832 2.2
      vertex 151.692 141.667 2.2
    endloop
  endfacet
  facet normal 0.752443 0.186942 0.631572
    outer loop
      vertex 146.966 140.589 4
      vertex 148.373 141.007 2.2
      vertex 148.333 141.168 2.2
    endloop
  endfacet
  facet normal 0.757288 0.168286 0.631027
    outer loop
      vertex 148.373 141.007 2.2
      vertex 146.966 140.589 4
      vertex 146.968 140.58 4
    endloop
  endfacet
  facet normal 0.751532 0.189807 0.631801
    outer loop
      vertex 146.966 140.589 4
      vertex 148.333 141.168 2.2
      vertex 146.892 140.882 4
    endloop
  endfacet
  facet normal 0.519654 -0.575331 0.631627
    outer loop
      vertex 147.766 143.746 4
      vertex 148.798 142.702 2.2
      vertex 148.922 142.814 2.2
    endloop
  endfacet
  facet normal 0.547982 -0.547982 0.632006
    outer loop
      vertex 148.798 142.702 2.2
      vertex 147.766 143.746 4
      vertex 147.76 143.74 4
    endloop
  endfacet
  facet normal 0.0960187 -0.768149 0.63303
    outer loop
      vertex 149.668 143.167 2.2
      vertex 149.689 144.653 4
      vertex 149.681 144.652 4
    endloop
  endfacet
  facet normal 0.116153 -0.766608 0.631522
    outer loop
      vertex 149.689 144.653 4
      vertex 149.668 143.167 2.2
      vertex 149.833 143.192 2.2
    endloop
  endfacet
  facet normal -0.547982 -0.547982 0.632006
    outer loop
      vertex 152.234 143.746 4
      vertex 151.202 142.702 2.2
      vertex 152.24 143.74 4
    endloop
  endfacet
  facet normal -0.519654 -0.575331 0.631627
    outer loop
      vertex 151.202 142.702 2.2
      vertex 152.234 143.746 4
      vertex 151.078 142.814 2.2
    endloop
  endfacet
  facet normal 0.272517 -0.726712 0.630574
    outer loop
      vertex 149.349 143.071 2.2
      vertex 149.08 144.532 4
      vertex 149.072 144.529 4
    endloop
  endfacet
  facet normal 0.258963 -0.730645 0.631741
    outer loop
      vertex 149.08 144.532 4
      vertex 149.349 143.071 2.2
      vertex 149.507 143.127 2.2
    endloop
  endfacet
  facet normal 0.45045 -0.63063 0.631981
    outer loop
      vertex 149.056 142.913 2.2
      vertex 148.247 144.139 4
      vertex 148.24 144.134 4
    endloop
  endfacet
  facet normal 0.399439 -0.664184 0.631909
    outer loop
      vertex 148.247 144.139 4
      vertex 149.056 142.913 2.2
      vertex 149.199 142.999 2.2
    endloop
  endfacet
  facet normal -0.0960187 0.768149 0.63303
    outer loop
      vertex 150.332 139.833 2.2
      vertex 150.311 138.347 4
      vertex 150.319 138.348 4
    endloop
  endfacet
  facet normal -0.116153 0.766608 0.631522
    outer loop
      vertex 150.311 138.347 4
      vertex 150.332 139.833 2.2
      vertex 150.167 139.808 2.2
    endloop
  endfacet
  facet normal 0.774322 0.0370933 0.631704
    outer loop
      vertex 146.846 141.198 4
      vertex 148.308 141.333 2.2
      vertex 148.3 141.5 2.2
    endloop
  endfacet
  facet normal 0.770221 0.0855801 0.632009
    outer loop
      vertex 148.308 141.333 2.2
      vertex 146.846 141.198 4
      vertex 146.847 141.189 4
    endloop
  endfacet
  facet normal 0.398055 -0.665137 0.63178
    outer loop
      vertex 149.199 142.999 2.2
      vertex 148.506 144.294 4
      vertex 148.247 144.139 4
    endloop
  endfacet
  facet normal -0.547982 -0.547982 0.632006
    outer loop
      vertex 151.202 142.702 2.2
      vertex 152.246 143.734 4
      vertex 152.24 143.74 4
    endloop
  endfacet
  facet normal -0.575331 -0.519654 0.631627
    outer loop
      vertex 152.246 143.734 4
      vertex 151.202 142.702 2.2
      vertex 151.314 142.578 2.2
    endloop
  endfacet
  facet normal 0.774454 -0.0359019 0.63161
    outer loop
      vertex 148.3 141.5 2.2
      vertex 146.846 141.802 4
      vertex 146.832 141.5 4
    endloop
  endfacet
  facet normal -0.63063 -0.45045 0.631981
    outer loop
      vertex 151.413 142.444 2.2
      vertex 152.639 143.253 4
      vertex 152.634 143.26 4
    endloop
  endfacet
  facet normal -0.664184 -0.399439 0.631909
    outer loop
      vertex 152.639 143.253 4
      vertex 151.413 142.444 2.2
      vertex 151.499 142.301 2.2
    endloop
  endfacet
  facet normal -0.726712 -0.272517 0.630574
    outer loop
      vertex 151.571 142.151 2.2
      vertex 153.032 142.42 4
      vertex 153.029 142.428 4
    endloop
  endfacet
  facet normal -0.730645 -0.258963 0.631741
    outer loop
      vertex 153.032 142.42 4
      vertex 151.571 142.151 2.2
      vertex 151.627 141.993 2.2
    endloop
  endfacet
  facet normal -0.757288 -0.168286 0.631027
    outer loop
      vertex 151.627 141.993 2.2
      vertex 153.034 142.411 4
      vertex 153.032 142.42 4
    endloop
  endfacet
  facet normal -0.752443 -0.186942 0.631572
    outer loop
      vertex 153.034 142.411 4
      vertex 151.627 141.993 2.2
      vertex 151.667 141.832 2.2
    endloop
  endfacet
  facet normal -0.146696 0.989182 0
    outer loop
      vertex 94.3902 43.0384 0
      vertex 94.196 43.0096 4
      vertex 94.3902 43.0384 4
    endloop
  endfacet
  facet normal -0.146696 0.989182 0
    outer loop
      vertex 94.196 43.0096 4
      vertex 94.3902 43.0384 0
      vertex 94.196 43.0096 0
    endloop
  endfacet
  facet normal -0.9038 0.427955 0
    outer loop
      vertex 95.7638 44.0572 0
      vertex 95.8478 44.2346 4
      vertex 95.8478 44.2346 0
    endloop
  endfacet
  facet normal -0.9038 0.427955 0
    outer loop
      vertex 95.8478 44.2346 4
      vertex 95.7638 44.0572 0
      vertex 95.7638 44.0572 4
    endloop
  endfacet
  facet normal -0.739986 -0.672622 0
    outer loop
      vertex 95.546 106.269 0
      vertex 95.4142 106.414 4
      vertex 95.4142 106.414 0
    endloop
  endfacet
  facet normal -0.739986 -0.672622 0
    outer loop
      vertex 95.4142 106.414 4
      vertex 95.546 106.269 0
      vertex 95.546 106.269 4
    endloop
  endfacet
  facet normal -1 0 0
    outer loop
      vertex 96 45 0
      vertex 96 105 4
      vertex 96 105 0
    endloop
  endfacet
  facet normal -1 -0 0
    outer loop
      vertex 96 105 4
      vertex 96 45 0
      vertex 96 45 4
    endloop
  endfacet
  facet normal 0.244452 -0.969661 0
    outer loop
      vertex 93.4194 106.914 0
      vertex 93.6098 106.962 4
      vertex 93.4194 106.914 4
    endloop
  endfacet
  facet normal 0.244452 -0.969661 0
    outer loop
      vertex 93.6098 106.962 4
      vertex 93.4194 106.914 0
      vertex 93.6098 106.962 0
    endloop
  endfacet
  facet normal 0.941115 -0.338085 0
    outer loop
      vertex 92.0861 105.581 4
      vertex 92.1522 105.765 0
      vertex 92.1522 105.765 4
    endloop
  endfacet
  facet normal 0.941115 -0.338085 0
    outer loop
      vertex 92.1522 105.765 0
      vertex 92.0861 105.581 4
      vertex 92.0861 105.581 0
    endloop
  endfacet
  facet normal 1 -0 0
    outer loop
      vertex 92 45 4
      vertex 92 105 0
      vertex 92 105 4
    endloop
  endfacet
  facet normal 1 0 0
    outer loop
      vertex 92 105 0
      vertex 92 45 4
      vertex 92 45 0
    endloop
  endfacet
  facet normal 0.672166 -0.740401 0
    outer loop
      vertex 92.5858 106.414 0
      vertex 92.7312 106.546 4
      vertex 92.5858 106.414 4
    endloop
  endfacet
  facet normal 0.672166 -0.740401 0
    outer loop
      vertex 92.7312 106.546 4
      vertex 92.5858 106.414 0
      vertex 92.7312 106.546 0
    endloop
  endfacet
  facet normal -0.740908 0.671607 0
    outer loop
      vertex 95.4142 43.5858 0
      vertex 95.546 43.7312 4
      vertex 95.546 43.7312 0
    endloop
  endfacet
  facet normal -0.740908 0.671607 0
    outer loop
      vertex 95.546 43.7312 4
      vertex 95.4142 43.5858 0
      vertex 95.4142 43.5858 4
    endloop
  endfacet
  facet normal 0.146696 0.989182 -0
    outer loop
      vertex 93.804 43.0096 0
      vertex 93.6098 43.0384 4
      vertex 93.804 43.0096 4
    endloop
  endfacet
  facet normal 0.146696 0.989182 0
    outer loop
      vertex 93.6098 43.0384 4
      vertex 93.804 43.0096 0
      vertex 93.6098 43.0384 0
    endloop
  endfacet
  facet normal 0.336336 -0.941742 0
    outer loop
      vertex 93.2346 106.848 0
      vertex 93.4194 106.914 4
      vertex 93.2346 106.848 4
    endloop
  endfacet
  facet normal 0.336336 -0.941742 0
    outer loop
      vertex 93.4194 106.914 4
      vertex 93.2346 106.848 0
      vertex 93.4194 106.914 0
    endloop
  endfacet
  facet normal 0.94158 0.336788 0
    outer loop
      vertex 92.1522 44.2346 4
      vertex 92.0861 44.4194 0
      vertex 92.0861 44.4194 4
    endloop
  endfacet
  facet normal 0.94158 0.336788 0
    outer loop
      vertex 92.0861 44.4194 0
      vertex 92.1522 44.2346 4
      vertex 92.1522 44.2346 0
    endloop
  endfacet
  facet normal -0.0509541 -0.998701 0
    outer loop
      vertex 94 107 0
      vertex 94.196 106.99 4
      vertex 94 107 4
    endloop
  endfacet
  facet normal -0.0509541 -0.998701 -0
    outer loop
      vertex 94.196 106.99 4
      vertex 94 107 0
      vertex 94.196 106.99 0
    endloop
  endfacet
  facet normal 0.998803 0.0489209 0
    outer loop
      vertex 92.0096 44.804 4
      vertex 92 45 0
      vertex 92 45 4
    endloop
  endfacet
  facet normal 0.998803 0.0489209 0
    outer loop
      vertex 92 45 0
      vertex 92.0096 44.804 4
      vertex 92.0096 44.804 0
    endloop
  endfacet
  facet normal -0.336336 -0.941742 0
    outer loop
      vertex 94.5806 106.914 0
      vertex 94.7654 106.848 4
      vertex 94.5806 106.914 4
    endloop
  endfacet
  facet normal -0.336336 -0.941742 -0
    outer loop
      vertex 94.7654 106.848 4
      vertex 94.5806 106.914 0
      vertex 94.7654 106.848 0
    endloop
  endfacet
  facet normal 0.427955 -0.9038 0
    outer loop
      vertex 93.0572 106.764 0
      vertex 93.2346 106.848 4
      vertex 93.0572 106.764 4
    endloop
  endfacet
  facet normal 0.427955 -0.9038 0
    outer loop
      vertex 93.2346 106.848 4
      vertex 93.0572 106.764 0
      vertex 93.2346 106.848 0
    endloop
  endfacet
  facet normal -0.427955 0.9038 0
    outer loop
      vertex 94.9428 43.2362 0
      vertex 94.7654 43.1522 4
      vertex 94.9428 43.2362 4
    endloop
  endfacet
  facet normal -0.427955 0.9038 0
    outer loop
      vertex 94.7654 43.1522 4
      vertex 94.9428 43.2362 0
      vertex 94.7654 43.1522 0
    endloop
  endfacet
  facet normal 0.514196 0.857673 -0
    outer loop
      vertex 93.0572 43.2362 0
      vertex 92.8889 43.3371 4
      vertex 93.0572 43.2362 4
    endloop
  endfacet
  facet normal 0.514196 0.857673 0
    outer loop
      vertex 92.8889 43.3371 4
      vertex 93.0572 43.2362 0
      vertex 92.8889 43.3371 0
    endloop
  endfacet
  facet normal 0.740908 0.671607 0
    outer loop
      vertex 92.5858 43.5858 4
      vertex 92.454 43.7312 0
      vertex 92.454 43.7312 4
    endloop
  endfacet
  facet normal 0.740908 0.671607 0
    outer loop
      vertex 92.454 43.7312 0
      vertex 92.5858 43.5858 4
      vertex 92.5858 43.5858 0
    endloop
  endfacet
  facet normal 0.595508 0.80335 -0
    outer loop
      vertex 92.8889 43.3371 0
      vertex 92.7312 43.454 4
      vertex 92.8889 43.3371 4
    endloop
  endfacet
  facet normal 0.595508 0.80335 0
    outer loop
      vertex 92.7312 43.454 4
      vertex 92.8889 43.3371 0
      vertex 92.7312 43.454 0
    endloop
  endfacet
  facet normal -0.857673 0.514196 0
    outer loop
      vertex 95.6629 43.8889 0
      vertex 95.7638 44.0572 4
      vertex 95.7638 44.0572 0
    endloop
  endfacet
  facet normal -0.857673 0.514196 0
    outer loop
      vertex 95.7638 44.0572 4
      vertex 95.6629 43.8889 0
      vertex 95.6629 43.8889 4
    endloop
  endfacet
  facet normal -0.142706 -0.989765 0
    outer loop
      vertex 94.196 106.99 0
      vertex 94.3902 106.962 4
      vertex 94.196 106.99 4
    endloop
  endfacet
  facet normal -0.142706 -0.989765 -0
    outer loop
      vertex 94.3902 106.962 4
      vertex 94.196 106.99 0
      vertex 94.3902 106.962 0
    endloop
  endfacet
  facet normal -0.427955 -0.9038 0
    outer loop
      vertex 94.7654 106.848 0
      vertex 94.9428 106.764 4
      vertex 94.7654 106.848 4
    endloop
  endfacet
  facet normal -0.427955 -0.9038 -0
    outer loop
      vertex 94.9428 106.764 4
      vertex 94.7654 106.848 0
      vertex 94.9428 106.764 0
    endloop
  endfacet
  facet normal -0.243015 0.970023 0
    outer loop
      vertex 94.5806 43.0861 0
      vertex 94.3902 43.0384 4
      vertex 94.5806 43.0861 4
    endloop
  endfacet
  facet normal -0.243015 0.970023 0
    outer loop
      vertex 94.3902 43.0384 4
      vertex 94.5806 43.0861 0
      vertex 94.3902 43.0384 0
    endloop
  endfacet
  facet normal -0.595836 -0.803106 0
    outer loop
      vertex 95.1111 106.663 0
      vertex 95.2688 106.546 4
      vertex 95.1111 106.663 4
    endloop
  endfacet
  facet normal -0.595836 -0.803106 -0
    outer loop
      vertex 95.2688 106.546 4
      vertex 95.1111 106.663 0
      vertex 95.2688 106.546 0
    endloop
  endfacet
  facet normal -0.0489209 0.998803 0
    outer loop
      vertex 94.196 43.0096 0
      vertex 94 43 4
      vertex 94.196 43.0096 4
    endloop
  endfacet
  facet normal -0.0489209 0.998803 0
    outer loop
      vertex 94 43 4
      vertex 94.196 43.0096 0
      vertex 94 43 0
    endloop
  endfacet
  facet normal 0.243015 0.970023 -0
    outer loop
      vertex 93.6098 43.0384 0
      vertex 93.4194 43.0861 4
      vertex 93.6098 43.0384 4
    endloop
  endfacet
  facet normal 0.243015 0.970023 0
    outer loop
      vertex 93.4194 43.0861 4
      vertex 93.6098 43.0384 0
      vertex 93.4194 43.0861 0
    endloop
  endfacet
  facet normal -0.672166 -0.740401 0
    outer loop
      vertex 95.2688 106.546 0
      vertex 95.4142 106.414 4
      vertex 95.2688 106.546 4
    endloop
  endfacet
  facet normal -0.672166 -0.740401 -0
    outer loop
      vertex 95.4142 106.414 4
      vertex 95.2688 106.546 0
      vertex 95.4142 106.414 0
    endloop
  endfacet
  facet normal -0.941115 -0.338085 0
    outer loop
      vertex 95.9139 105.581 0
      vertex 95.8478 105.765 4
      vertex 95.8478 105.765 0
    endloop
  endfacet
  facet normal -0.941115 -0.338085 0
    outer loop
      vertex 95.8478 105.765 4
      vertex 95.9139 105.581 0
      vertex 95.9139 105.581 4
    endloop
  endfacet
  facet normal 0.998803 -0.0489209 0
    outer loop
      vertex 92 105 4
      vertex 92.0096 105.196 0
      vertex 92.0096 105.196 4
    endloop
  endfacet
  facet normal 0.998803 -0.0489209 0
    outer loop
      vertex 92.0096 105.196 0
      vertex 92 105 4
      vertex 92 105 0
    endloop
  endfacet
  facet normal 0.857268 -0.514871 0
    outer loop
      vertex 92.2362 105.943 4
      vertex 92.3371 106.111 0
      vertex 92.3371 106.111 4
    endloop
  endfacet
  facet normal 0.857268 -0.514871 0
    outer loop
      vertex 92.3371 106.111 0
      vertex 92.2362 105.943 4
      vertex 92.2362 105.943 0
    endloop
  endfacet
  facet normal 0.904358 -0.426775 0
    outer loop
      vertex 92.1522 105.765 4
      vertex 92.2362 105.943 0
      vertex 92.2362 105.943 4
    endloop
  endfacet
  facet normal 0.904358 -0.426775 0
    outer loop
      vertex 92.2362 105.943 0
      vertex 92.1522 105.765 4
      vertex 92.1522 105.765 0
    endloop
  endfacet
  facet normal 0.98916 -0.146844 0
    outer loop
      vertex 92.0096 105.196 4
      vertex 92.0384 105.39 0
      vertex 92.0384 105.39 4
    endloop
  endfacet
  facet normal 0.98916 -0.146844 0
    outer loop
      vertex 92.0384 105.39 0
      vertex 92.0096 105.196 4
      vertex 92.0096 105.196 0
    endloop
  endfacet
  facet normal 0.0509541 -0.998701 0
    outer loop
      vertex 93.804 106.99 0
      vertex 94 107 4
      vertex 93.804 106.99 4
    endloop
  endfacet
  facet normal 0.0509541 -0.998701 0
    outer loop
      vertex 94 107 4
      vertex 93.804 106.99 0
      vertex 94 107 0
    endloop
  endfacet
  facet normal 0.970023 0.243015 0
    outer loop
      vertex 92.0861 44.4194 4
      vertex 92.0384 44.6098 0
      vertex 92.0384 44.6098 4
    endloop
  endfacet
  facet normal 0.970023 0.243015 0
    outer loop
      vertex 92.0384 44.6098 0
      vertex 92.0861 44.4194 4
      vertex 92.0861 44.4194 0
    endloop
  endfacet
  facet normal -0.336788 0.94158 0
    outer loop
      vertex 94.7654 43.1522 0
      vertex 94.5806 43.0861 4
      vertex 94.7654 43.1522 4
    endloop
  endfacet
  facet normal -0.336788 0.94158 0
    outer loop
      vertex 94.5806 43.0861 4
      vertex 94.7654 43.1522 0
      vertex 94.5806 43.0861 0
    endloop
  endfacet
  facet normal 0.427955 0.9038 -0
    outer loop
      vertex 93.2346 43.1522 0
      vertex 93.0572 43.2362 4
      vertex 93.2346 43.1522 4
    endloop
  endfacet
  facet normal 0.427955 0.9038 0
    outer loop
      vertex 93.0572 43.2362 4
      vertex 93.2346 43.1522 0
      vertex 93.0572 43.2362 0
    endloop
  endfacet
  facet normal 0.336788 0.94158 -0
    outer loop
      vertex 93.4194 43.0861 0
      vertex 93.2346 43.1522 4
      vertex 93.4194 43.0861 4
    endloop
  endfacet
  facet normal 0.336788 0.94158 0
    outer loop
      vertex 93.2346 43.1522 4
      vertex 93.4194 43.0861 0
      vertex 93.2346 43.1522 0
    endloop
  endfacet
  facet normal -0.244452 -0.969661 0
    outer loop
      vertex 94.3902 106.962 0
      vertex 94.5806 106.914 4
      vertex 94.3902 106.962 4
    endloop
  endfacet
  facet normal -0.244452 -0.969661 -0
    outer loop
      vertex 94.5806 106.914 4
      vertex 94.3902 106.962 0
      vertex 94.5806 106.914 0
    endloop
  endfacet
  facet normal 0.970202 -0.242297 0
    outer loop
      vertex 92.0384 105.39 4
      vertex 92.0861 105.581 0
      vertex 92.0861 105.581 4
    endloop
  endfacet
  facet normal 0.970202 -0.242297 0
    outer loop
      vertex 92.0861 105.581 0
      vertex 92.0384 105.39 4
      vertex 92.0384 105.39 0
    endloop
  endfacet
  facet normal -0.514571 -0.857448 0
    outer loop
      vertex 94.9428 106.764 0
      vertex 95.1111 106.663 4
      vertex 94.9428 106.764 4
    endloop
  endfacet
  facet normal -0.514571 -0.857448 -0
    outer loop
      vertex 95.1111 106.663 4
      vertex 94.9428 106.764 0
      vertex 95.1111 106.663 0
    endloop
  endfacet
  facet normal -0.998803 0.0489209 0
    outer loop
      vertex 95.9904 44.804 0
      vertex 96 45 4
      vertex 96 45 0
    endloop
  endfacet
  facet normal -0.998803 0.0489209 0
    outer loop
      vertex 96 45 4
      vertex 95.9904 44.804 0
      vertex 95.9904 44.804 4
    endloop
  endfacet
  facet normal -0.970023 0.243015 0
    outer loop
      vertex 95.9139 44.4194 0
      vertex 95.9616 44.6098 4
      vertex 95.9616 44.6098 0
    endloop
  endfacet
  facet normal -0.970023 0.243015 0
    outer loop
      vertex 95.9616 44.6098 4
      vertex 95.9139 44.4194 0
      vertex 95.9139 44.4194 4
    endloop
  endfacet
  facet normal 0.0489209 0.998803 -0
    outer loop
      vertex 94 43 0
      vertex 93.804 43.0096 4
      vertex 94 43 4
    endloop
  endfacet
  facet normal 0.0489209 0.998803 0
    outer loop
      vertex 93.804 43.0096 4
      vertex 94 43 0
      vertex 93.804 43.0096 0
    endloop
  endfacet
  facet normal -0.904358 -0.426775 0
    outer loop
      vertex 95.8478 105.765 0
      vertex 95.7638 105.943 4
      vertex 95.7638 105.943 0
    endloop
  endfacet
  facet normal -0.904358 -0.426775 0
    outer loop
      vertex 95.7638 105.943 4
      vertex 95.8478 105.765 0
      vertex 95.8478 105.765 4
    endloop
  endfacet
  facet normal 0.595836 -0.803106 0
    outer loop
      vertex 92.7312 106.546 0
      vertex 92.8889 106.663 4
      vertex 92.7312 106.546 4
    endloop
  endfacet
  facet normal 0.595836 -0.803106 0
    outer loop
      vertex 92.8889 106.663 4
      vertex 92.7312 106.546 0
      vertex 92.8889 106.663 0
    endloop
  endfacet
  facet normal 0.739986 -0.672622 0
    outer loop
      vertex 92.454 106.269 4
      vertex 92.5858 106.414 0
      vertex 92.5858 106.414 4
    endloop
  endfacet
  facet normal 0.739986 -0.672622 0
    outer loop
      vertex 92.5858 106.414 0
      vertex 92.454 106.269 4
      vertex 92.454 106.269 0
    endloop
  endfacet
  facet normal 0.803891 -0.594777 0
    outer loop
      vertex 92.3371 106.111 4
      vertex 92.454 106.269 0
      vertex 92.454 106.269 4
    endloop
  endfacet
  facet normal 0.803891 -0.594777 0
    outer loop
      vertex 92.454 106.269 0
      vertex 92.3371 106.111 4
      vertex 92.3371 106.111 0
    endloop
  endfacet
  facet normal -0.595508 0.80335 0
    outer loop
      vertex 95.2688 43.454 0
      vertex 95.1111 43.3371 4
      vertex 95.2688 43.454 4
    endloop
  endfacet
  facet normal -0.595508 0.80335 0
    outer loop
      vertex 95.1111 43.3371 4
      vertex 95.2688 43.454 0
      vertex 95.1111 43.3371 0
    endloop
  endfacet
  facet normal -0.98916 -0.146844 0
    outer loop
      vertex 95.9904 105.196 0
      vertex 95.9616 105.39 4
      vertex 95.9616 105.39 0
    endloop
  endfacet
  facet normal -0.98916 -0.146844 0
    outer loop
      vertex 95.9616 105.39 4
      vertex 95.9904 105.196 0
      vertex 95.9904 105.196 4
    endloop
  endfacet
  facet normal -0.94158 0.336788 0
    outer loop
      vertex 95.8478 44.2346 0
      vertex 95.9139 44.4194 4
      vertex 95.9139 44.4194 0
    endloop
  endfacet
  facet normal -0.94158 0.336788 0
    outer loop
      vertex 95.9139 44.4194 4
      vertex 95.8478 44.2346 0
      vertex 95.8478 44.2346 4
    endloop
  endfacet
  facet normal -0.514196 0.857673 0
    outer loop
      vertex 95.1111 43.3371 0
      vertex 94.9428 43.2362 4
      vertex 95.1111 43.3371 4
    endloop
  endfacet
  facet normal -0.514196 0.857673 0
    outer loop
      vertex 94.9428 43.2362 4
      vertex 95.1111 43.3371 0
      vertex 94.9428 43.2362 0
    endloop
  endfacet
  facet normal -0.80335 0.595508 0
    outer loop
      vertex 95.546 43.7312 0
      vertex 95.6629 43.8889 4
      vertex 95.6629 43.8889 0
    endloop
  endfacet
  facet normal -0.80335 0.595508 0
    outer loop
      vertex 95.6629 43.8889 4
      vertex 95.546 43.7312 0
      vertex 95.546 43.7312 4
    endloop
  endfacet
  facet normal -0.989182 0.146696 0
    outer loop
      vertex 95.9616 44.6098 0
      vertex 95.9904 44.804 4
      vertex 95.9904 44.804 0
    endloop
  endfacet
  facet normal -0.989182 0.146696 0
    outer loop
      vertex 95.9904 44.804 4
      vertex 95.9616 44.6098 0
      vertex 95.9616 44.6098 4
    endloop
  endfacet
  facet normal -0.803891 -0.594777 0
    outer loop
      vertex 95.6629 106.111 0
      vertex 95.546 106.269 4
      vertex 95.546 106.269 0
    endloop
  endfacet
  facet normal -0.803891 -0.594777 0
    outer loop
      vertex 95.546 106.269 4
      vertex 95.6629 106.111 0
      vertex 95.6629 106.111 4
    endloop
  endfacet
  facet normal -0.970202 -0.242297 0
    outer loop
      vertex 95.9616 105.39 0
      vertex 95.9139 105.581 4
      vertex 95.9139 105.581 0
    endloop
  endfacet
  facet normal -0.970202 -0.242297 0
    outer loop
      vertex 95.9139 105.581 4
      vertex 95.9616 105.39 0
      vertex 95.9616 105.39 4
    endloop
  endfacet
  facet normal 0.989182 0.146696 0
    outer loop
      vertex 92.0384 44.6098 4
      vertex 92.0096 44.804 0
      vertex 92.0096 44.804 4
    endloop
  endfacet
  facet normal 0.989182 0.146696 0
    outer loop
      vertex 92.0096 44.804 0
      vertex 92.0384 44.6098 4
      vertex 92.0384 44.6098 0
    endloop
  endfacet
  facet normal 0.857673 0.514196 0
    outer loop
      vertex 92.3371 43.8889 4
      vertex 92.2362 44.0572 0
      vertex 92.2362 44.0572 4
    endloop
  endfacet
  facet normal 0.857673 0.514196 0
    outer loop
      vertex 92.2362 44.0572 0
      vertex 92.3371 43.8889 4
      vertex 92.3371 43.8889 0
    endloop
  endfacet
  facet normal 0.80335 0.595508 0
    outer loop
      vertex 92.454 43.7312 4
      vertex 92.3371 43.8889 0
      vertex 92.3371 43.8889 4
    endloop
  endfacet
  facet normal 0.80335 0.595508 0
    outer loop
      vertex 92.3371 43.8889 0
      vertex 92.454 43.7312 4
      vertex 92.454 43.7312 0
    endloop
  endfacet
  facet normal -0.998803 -0.0489209 0
    outer loop
      vertex 96 105 0
      vertex 95.9904 105.196 4
      vertex 95.9904 105.196 0
    endloop
  endfacet
  facet normal -0.998803 -0.0489209 0
    outer loop
      vertex 95.9904 105.196 4
      vertex 96 105 0
      vertex 96 105 4
    endloop
  endfacet
  facet normal 0.142706 -0.989765 0
    outer loop
      vertex 93.6098 106.962 0
      vertex 93.804 106.99 4
      vertex 93.6098 106.962 4
    endloop
  endfacet
  facet normal 0.142706 -0.989765 0
    outer loop
      vertex 93.804 106.99 4
      vertex 93.6098 106.962 0
      vertex 93.804 106.99 0
    endloop
  endfacet
  facet normal -0.671607 0.740908 0
    outer loop
      vertex 95.4142 43.5858 0
      vertex 95.2688 43.454 4
      vertex 95.4142 43.5858 4
    endloop
  endfacet
  facet normal -0.671607 0.740908 0
    outer loop
      vertex 95.2688 43.454 4
      vertex 95.4142 43.5858 0
      vertex 95.2688 43.454 0
    endloop
  endfacet
  facet normal 0.671607 0.740908 -0
    outer loop
      vertex 92.7312 43.454 0
      vertex 92.5858 43.5858 4
      vertex 92.7312 43.454 4
    endloop
  endfacet
  facet normal 0.671607 0.740908 0
    outer loop
      vertex 92.5858 43.5858 4
      vertex 92.7312 43.454 0
      vertex 92.5858 43.5858 0
    endloop
  endfacet
  facet normal -0.857268 -0.514871 0
    outer loop
      vertex 95.7638 105.943 0
      vertex 95.6629 106.111 4
      vertex 95.6629 106.111 0
    endloop
  endfacet
  facet normal -0.857268 -0.514871 0
    outer loop
      vertex 95.6629 106.111 4
      vertex 95.7638 105.943 0
      vertex 95.7638 105.943 4
    endloop
  endfacet
  facet normal 0.514571 -0.857448 0
    outer loop
      vertex 92.8889 106.663 0
      vertex 93.0572 106.764 4
      vertex 92.8889 106.663 4
    endloop
  endfacet
  facet normal 0.514571 -0.857448 0
    outer loop
      vertex 93.0572 106.764 4
      vertex 92.8889 106.663 0
      vertex 93.0572 106.764 0
    endloop
  endfacet
  facet normal 0.9038 0.427955 0
    outer loop
      vertex 92.2362 44.0572 4
      vertex 92.1522 44.2346 0
      vertex 92.1522 44.2346 4
    endloop
  endfacet
  facet normal 0.9038 0.427955 0
    outer loop
      vertex 92.1522 44.2346 0
      vertex 92.2362 44.0572 4
      vertex 92.2362 44.0572 0
    endloop
  endfacet
  facet normal -0.146844 0.98916 0
    outer loop
      vertex 110.39 43.0384 0
      vertex 110.196 43.0096 4
      vertex 110.39 43.0384 4
    endloop
  endfacet
  facet normal -0.146844 0.98916 0
    outer loop
      vertex 110.196 43.0096 4
      vertex 110.39 43.0384 0
      vertex 110.196 43.0096 0
    endloop
  endfacet
  facet normal -0.9038 0.427955 0
    outer loop
      vertex 111.764 44.0572 0
      vertex 111.848 44.2346 4
      vertex 111.848 44.2346 0
    endloop
  endfacet
  facet normal -0.9038 0.427955 0
    outer loop
      vertex 111.848 44.2346 4
      vertex 111.764 44.0572 0
      vertex 111.764 44.0572 4
    endloop
  endfacet
  facet normal -0.739478 -0.67318 0
    outer loop
      vertex 111.546 106.269 0
      vertex 111.414 106.414 4
      vertex 111.414 106.414 0
    endloop
  endfacet
  facet normal -0.739478 -0.67318 0
    outer loop
      vertex 111.414 106.414 4
      vertex 111.546 106.269 0
      vertex 111.546 106.269 4
    endloop
  endfacet
  facet normal -1 0 0
    outer loop
      vertex 112 45 0
      vertex 112 105 4
      vertex 112 105 0
    endloop
  endfacet
  facet normal -1 -0 0
    outer loop
      vertex 112 105 4
      vertex 112 45 0
      vertex 112 45 4
    endloop
  endfacet
  facet normal 0.24373 -0.969843 0
    outer loop
      vertex 109.419 106.914 0
      vertex 109.61 106.962 4
      vertex 109.419 106.914 4
    endloop
  endfacet
  facet normal 0.24373 -0.969843 0
    outer loop
      vertex 109.61 106.962 4
      vertex 109.419 106.914 0
      vertex 109.61 106.962 0
    endloop
  endfacet
  facet normal 0.941278 -0.337632 0
    outer loop
      vertex 108.086 105.581 4
      vertex 108.152 105.765 0
      vertex 108.152 105.765 4
    endloop
  endfacet
  facet normal 0.941278 -0.337632 0
    outer loop
      vertex 108.152 105.765 0
      vertex 108.086 105.581 4
      vertex 108.086 105.581 0
    endloop
  endfacet
  facet normal 1 -0 0
    outer loop
      vertex 108 45 4
      vertex 108 105 0
      vertex 108 105 4
    endloop
  endfacet
  facet normal 1 0 0
    outer loop
      vertex 108 105 0
      vertex 108 45 4
      vertex 108 45 0
    endloop
  endfacet
  facet normal 0.67318 -0.739478 0
    outer loop
      vertex 108.586 106.414 0
      vertex 108.731 106.546 4
      vertex 108.586 106.414 4
    endloop
  endfacet
  facet normal 0.67318 -0.739478 0
    outer loop
      vertex 108.731 106.546 4
      vertex 108.586 106.414 0
      vertex 108.731 106.546 0
    endloop
  endfacet
  facet normal -0.740401 0.672166 0
    outer loop
      vertex 111.414 43.5858 0
      vertex 111.546 43.7312 4
      vertex 111.546 43.7312 0
    endloop
  endfacet
  facet normal -0.740401 0.672166 0
    outer loop
      vertex 111.546 43.7312 4
      vertex 111.414 43.5858 0
      vertex 111.414 43.5858 4
    endloop
  endfacet
  facet normal 0.146844 0.98916 -0
    outer loop
      vertex 109.804 43.0096 0
      vertex 109.61 43.0384 4
      vertex 109.804 43.0096 4
    endloop
  endfacet
  facet normal 0.146844 0.98916 0
    outer loop
      vertex 109.61 43.0384 4
      vertex 109.804 43.0096 0
      vertex 109.61 43.0384 0
    endloop
  endfacet
  facet normal 0.337632 -0.941278 0
    outer loop
      vertex 109.235 106.848 0
      vertex 109.419 106.914 4
      vertex 109.235 106.848 4
    endloop
  endfacet
  facet normal 0.337632 -0.941278 0
    outer loop
      vertex 109.419 106.914 4
      vertex 109.235 106.848 0
      vertex 109.419 106.914 0
    endloop
  endfacet
  facet normal 0.941742 0.336336 0
    outer loop
      vertex 108.152 44.2346 4
      vertex 108.086 44.4194 0
      vertex 108.086 44.4194 4
    endloop
  endfacet
  facet normal 0.941742 0.336336 0
    outer loop
      vertex 108.086 44.4194 0
      vertex 108.152 44.2346 4
      vertex 108.152 44.2346 0
    endloop
  endfacet
  facet normal -0.0509541 -0.998701 0
    outer loop
      vertex 110 107 0
      vertex 110.196 106.99 4
      vertex 110 107 4
    endloop
  endfacet
  facet normal -0.0509541 -0.998701 -0
    outer loop
      vertex 110.196 106.99 4
      vertex 110 107 0
      vertex 110.196 106.99 0
    endloop
  endfacet
  facet normal 0.998701 0.0509541 0
    outer loop
      vertex 108.01 44.804 4
      vertex 108 45 0
      vertex 108 45 4
    endloop
  endfacet
  facet normal 0.998701 0.0509541 0
    outer loop
      vertex 108 45 0
      vertex 108.01 44.804 4
      vertex 108.01 44.804 0
    endloop
  endfacet
  facet normal -0.337632 -0.941278 0
    outer loop
      vertex 110.581 106.914 0
      vertex 110.765 106.848 4
      vertex 110.581 106.914 4
    endloop
  endfacet
  facet normal -0.337632 -0.941278 -0
    outer loop
      vertex 110.765 106.848 4
      vertex 110.581 106.914 0
      vertex 110.765 106.848 0
    endloop
  endfacet
  facet normal 0.426775 -0.904358 0
    outer loop
      vertex 109.057 106.764 0
      vertex 109.235 106.848 4
      vertex 109.057 106.764 4
    endloop
  endfacet
  facet normal 0.426775 -0.904358 0
    outer loop
      vertex 109.235 106.848 4
      vertex 109.057 106.764 0
      vertex 109.235 106.848 0
    endloop
  endfacet
  facet normal -0.426775 0.904358 0
    outer loop
      vertex 110.943 43.2362 0
      vertex 110.765 43.1522 4
      vertex 110.943 43.2362 4
    endloop
  endfacet
  facet normal -0.426775 0.904358 0
    outer loop
      vertex 110.765 43.1522 4
      vertex 110.943 43.2362 0
      vertex 110.765 43.1522 0
    endloop
  endfacet
  facet normal 0.514871 0.857268 -0
    outer loop
      vertex 109.057 43.2362 0
      vertex 108.889 43.3371 4
      vertex 109.057 43.2362 4
    endloop
  endfacet
  facet normal 0.514871 0.857268 0
    outer loop
      vertex 108.889 43.3371 4
      vertex 109.057 43.2362 0
      vertex 108.889 43.3371 0
    endloop
  endfacet
  facet normal 0.740401 0.672166 0
    outer loop
      vertex 108.586 43.5858 4
      vertex 108.454 43.7312 0
      vertex 108.454 43.7312 4
    endloop
  endfacet
  facet normal 0.740401 0.672166 0
    outer loop
      vertex 108.454 43.7312 0
      vertex 108.586 43.5858 4
      vertex 108.586 43.5858 0
    endloop
  endfacet
  facet normal 0.594777 0.803891 -0
    outer loop
      vertex 108.889 43.3371 0
      vertex 108.731 43.454 4
      vertex 108.889 43.3371 4
    endloop
  endfacet
  facet normal 0.594777 0.803891 0
    outer loop
      vertex 108.731 43.454 4
      vertex 108.889 43.3371 0
      vertex 108.731 43.454 0
    endloop
  endfacet
  facet normal -0.857448 0.514571 0
    outer loop
      vertex 111.663 43.8889 0
      vertex 111.764 44.0572 4
      vertex 111.764 44.0572 0
    endloop
  endfacet
  facet normal -0.857448 0.514571 0
    outer loop
      vertex 111.764 44.0572 4
      vertex 111.663 43.8889 0
      vertex 111.663 43.8889 4
    endloop
  endfacet
  facet normal -0.14285 -0.989744 0
    outer loop
      vertex 110.196 106.99 0
      vertex 110.39 106.962 4
      vertex 110.196 106.99 4
    endloop
  endfacet
  facet normal -0.14285 -0.989744 -0
    outer loop
      vertex 110.39 106.962 4
      vertex 110.196 106.99 0
      vertex 110.39 106.962 0
    endloop
  endfacet
  facet normal -0.426775 -0.904358 0
    outer loop
      vertex 110.765 106.848 0
      vertex 110.943 106.764 4
      vertex 110.765 106.848 4
    endloop
  endfacet
  facet normal -0.426775 -0.904358 -0
    outer loop
      vertex 110.943 106.764 4
      vertex 110.765 106.848 0
      vertex 110.943 106.764 0
    endloop
  endfacet
  facet normal -0.242297 0.970202 0
    outer loop
      vertex 110.581 43.0861 0
      vertex 110.39 43.0384 4
      vertex 110.581 43.0861 4
    endloop
  endfacet
  facet normal -0.242297 0.970202 0
    outer loop
      vertex 110.39 43.0384 4
      vertex 110.581 43.0861 0
      vertex 110.39 43.0384 0
    endloop
  endfacet
  facet normal -0.595106 -0.803647 0
    outer loop
      vertex 111.111 106.663 0
      vertex 111.269 106.546 4
      vertex 111.111 106.663 4
    endloop
  endfacet
  facet normal -0.595106 -0.803647 -0
    outer loop
      vertex 111.269 106.546 4
      vertex 111.111 106.663 0
      vertex 111.269 106.546 0
    endloop
  endfacet
  facet normal -0.0489209 0.998803 0
    outer loop
      vertex 110.196 43.0096 0
      vertex 110 43 4
      vertex 110.196 43.0096 4
    endloop
  endfacet
  facet normal -0.0489209 0.998803 0
    outer loop
      vertex 110 43 4
      vertex 110.196 43.0096 0
      vertex 110 43 0
    endloop
  endfacet
  facet normal 0.242297 0.970202 -0
    outer loop
      vertex 109.61 43.0384 0
      vertex 109.419 43.0861 4
      vertex 109.61 43.0384 4
    endloop
  endfacet
  facet normal 0.242297 0.970202 0
    outer loop
      vertex 109.419 43.0861 4
      vertex 109.61 43.0384 0
      vertex 109.419 43.0861 0
    endloop
  endfacet
  facet normal -0.67318 -0.739478 0
    outer loop
      vertex 111.269 106.546 0
      vertex 111.414 106.414 4
      vertex 111.269 106.546 4
    endloop
  endfacet
  facet normal -0.67318 -0.739478 -0
    outer loop
      vertex 111.414 106.414 4
      vertex 111.269 106.546 0
      vertex 111.414 106.414 0
    endloop
  endfacet
  facet normal -0.941278 -0.337632 0
    outer loop
      vertex 111.914 105.581 0
      vertex 111.848 105.765 4
      vertex 111.848 105.765 0
    endloop
  endfacet
  facet normal -0.941278 -0.337632 0
    outer loop
      vertex 111.848 105.765 4
      vertex 111.914 105.581 0
      vertex 111.914 105.581 4
    endloop
  endfacet
  facet normal 0.998701 -0.0509541 0
    outer loop
      vertex 108 105 4
      vertex 108.01 105.196 0
      vertex 108.01 105.196 4
    endloop
  endfacet
  facet normal 0.998701 -0.0509541 0
    outer loop
      vertex 108.01 105.196 0
      vertex 108 105 4
      vertex 108 105 0
    endloop
  endfacet
  facet normal 0.857042 -0.515246 0
    outer loop
      vertex 108.236 105.943 4
      vertex 108.337 106.111 0
      vertex 108.337 106.111 4
    endloop
  endfacet
  facet normal 0.857042 -0.515246 0
    outer loop
      vertex 108.337 106.111 0
      vertex 108.236 105.943 4
      vertex 108.236 105.943 0
    endloop
  endfacet
  facet normal 0.904358 -0.426775 0
    outer loop
      vertex 108.152 105.765 4
      vertex 108.236 105.943 0
      vertex 108.236 105.943 4
    endloop
  endfacet
  facet normal 0.904358 -0.426775 0
    outer loop
      vertex 108.236 105.943 0
      vertex 108.152 105.765 4
      vertex 108.152 105.765 0
    endloop
  endfacet
  facet normal 0.989744 -0.14285 0
    outer loop
      vertex 108.01 105.196 4
      vertex 108.038 105.39 0
      vertex 108.038 105.39 4
    endloop
  endfacet
  facet normal 0.989744 -0.14285 0
    outer loop
      vertex 108.038 105.39 0
      vertex 108.01 105.196 4
      vertex 108.01 105.196 0
    endloop
  endfacet
  facet normal 0.0509541 -0.998701 0
    outer loop
      vertex 109.804 106.99 0
      vertex 110 107 4
      vertex 109.804 106.99 4
    endloop
  endfacet
  facet normal 0.0509541 -0.998701 0
    outer loop
      vertex 110 107 4
      vertex 109.804 106.99 0
      vertex 110 107 0
    endloop
  endfacet
  facet normal 0.969661 0.244452 0
    outer loop
      vertex 108.086 44.4194 4
      vertex 108.038 44.6098 0
      vertex 108.038 44.6098 4
    endloop
  endfacet
  facet normal 0.969661 0.244452 0
    outer loop
      vertex 108.038 44.6098 0
      vertex 108.086 44.4194 4
      vertex 108.086 44.4194 0
    endloop
  endfacet
  facet normal -0.338085 0.941115 0
    outer loop
      vertex 110.765 43.1522 0
      vertex 110.581 43.0861 4
      vertex 110.765 43.1522 4
    endloop
  endfacet
  facet normal -0.338085 0.941115 0
    outer loop
      vertex 110.581 43.0861 4
      vertex 110.765 43.1522 0
      vertex 110.581 43.0861 0
    endloop
  endfacet
  facet normal 0.426775 0.904358 -0
    outer loop
      vertex 109.235 43.1522 0
      vertex 109.057 43.2362 4
      vertex 109.235 43.1522 4
    endloop
  endfacet
  facet normal 0.426775 0.904358 0
    outer loop
      vertex 109.057 43.2362 4
      vertex 109.235 43.1522 0
      vertex 109.057 43.2362 0
    endloop
  endfacet
  facet normal 0.338085 0.941115 -0
    outer loop
      vertex 109.419 43.0861 0
      vertex 109.235 43.1522 4
      vertex 109.419 43.0861 4
    endloop
  endfacet
  facet normal 0.338085 0.941115 0
    outer loop
      vertex 109.235 43.1522 4
      vertex 109.419 43.0861 0
      vertex 109.235 43.1522 0
    endloop
  endfacet
  facet normal -0.24373 -0.969843 0
    outer loop
      vertex 110.39 106.962 0
      vertex 110.581 106.914 4
      vertex 110.39 106.962 4
    endloop
  endfacet
  facet normal -0.24373 -0.969843 -0
    outer loop
      vertex 110.581 106.914 4
      vertex 110.39 106.962 0
      vertex 110.581 106.914 0
    endloop
  endfacet
  facet normal 0.969843 -0.24373 0
    outer loop
      vertex 108.038 105.39 4
      vertex 108.086 105.581 0
      vertex 108.086 105.581 4
    endloop
  endfacet
  facet normal 0.969843 -0.24373 0
    outer loop
      vertex 108.086 105.581 0
      vertex 108.038 105.39 4
      vertex 108.038 105.39 0
    endloop
  endfacet
  facet normal -0.515246 -0.857042 0
    outer loop
      vertex 110.943 106.764 0
      vertex 111.111 106.663 4
      vertex 110.943 106.764 4
    endloop
  endfacet
  facet normal -0.515246 -0.857042 -0
    outer loop
      vertex 111.111 106.663 4
      vertex 110.943 106.764 0
      vertex 111.111 106.663 0
    endloop
  endfacet
  facet normal -0.998701 0.0509541 0
    outer loop
      vertex 111.99 44.804 0
      vertex 112 45 4
      vertex 112 45 0
    endloop
  endfacet
  facet normal -0.998701 0.0509541 0
    outer loop
      vertex 112 45 4
      vertex 111.99 44.804 0
      vertex 111.99 44.804 4
    endloop
  endfacet
  facet normal -0.969661 0.244452 0
    outer loop
      vertex 111.914 44.4194 0
      vertex 111.962 44.6098 4
      vertex 111.962 44.6098 0
    endloop
  endfacet
  facet normal -0.969661 0.244452 0
    outer loop
      vertex 111.962 44.6098 4
      vertex 111.914 44.4194 0
      vertex 111.914 44.4194 4
    endloop
  endfacet
  facet normal 0.0489209 0.998803 -0
    outer loop
      vertex 110 43 0
      vertex 109.804 43.0096 4
      vertex 110 43 4
    endloop
  endfacet
  facet normal 0.0489209 0.998803 0
    outer loop
      vertex 109.804 43.0096 4
      vertex 110 43 0
      vertex 109.804 43.0096 0
    endloop
  endfacet
  facet normal -0.904358 -0.426775 0
    outer loop
      vertex 111.848 105.765 0
      vertex 111.764 105.943 4
      vertex 111.764 105.943 0
    endloop
  endfacet
  facet normal -0.904358 -0.426775 0
    outer loop
      vertex 111.764 105.943 4
      vertex 111.848 105.765 0
      vertex 111.848 105.765 4
    endloop
  endfacet
  facet normal 0.595106 -0.803647 0
    outer loop
      vertex 108.731 106.546 0
      vertex 108.889 106.663 4
      vertex 108.731 106.546 4
    endloop
  endfacet
  facet normal 0.595106 -0.803647 0
    outer loop
      vertex 108.889 106.663 4
      vertex 108.731 106.546 0
      vertex 108.889 106.663 0
    endloop
  endfacet
  facet normal 0.739478 -0.67318 0
    outer loop
      vertex 108.454 106.269 4
      vertex 108.586 106.414 0
      vertex 108.586 106.414 4
    endloop
  endfacet
  facet normal 0.739478 -0.67318 0
    outer loop
      vertex 108.586 106.414 0
      vertex 108.454 106.269 4
      vertex 108.454 106.269 0
    endloop
  endfacet
  facet normal 0.803647 -0.595106 0
    outer loop
      vertex 108.337 106.111 4
      vertex 108.454 106.269 0
      vertex 108.454 106.269 4
    endloop
  endfacet
  facet normal 0.803647 -0.595106 0
    outer loop
      vertex 108.454 106.269 0
      vertex 108.337 106.111 4
      vertex 108.337 106.111 0
    endloop
  endfacet
  facet normal -0.594777 0.803891 0
    outer loop
      vertex 111.269 43.454 0
      vertex 111.111 43.3371 4
      vertex 111.269 43.454 4
    endloop
  endfacet
  facet normal -0.594777 0.803891 0
    outer loop
      vertex 111.111 43.3371 4
      vertex 111.269 43.454 0
      vertex 111.111 43.3371 0
    endloop
  endfacet
  facet normal -0.989744 -0.14285 0
    outer loop
      vertex 111.99 105.196 0
      vertex 111.962 105.39 4
      vertex 111.962 105.39 0
    endloop
  endfacet
  facet normal -0.989744 -0.14285 0
    outer loop
      vertex 111.962 105.39 4
      vertex 111.99 105.196 0
      vertex 111.99 105.196 4
    endloop
  endfacet
  facet normal -0.941742 0.336336 0
    outer loop
      vertex 111.848 44.2346 0
      vertex 111.914 44.4194 4
      vertex 111.914 44.4194 0
    endloop
  endfacet
  facet normal -0.941742 0.336336 0
    outer loop
      vertex 111.914 44.4194 4
      vertex 111.848 44.2346 0
      vertex 111.848 44.2346 4
    endloop
  endfacet
  facet normal -0.514871 0.857268 0
    outer loop
      vertex 111.111 43.3371 0
      vertex 110.943 43.2362 4
      vertex 111.111 43.3371 4
    endloop
  endfacet
  facet normal -0.514871 0.857268 0
    outer loop
      vertex 110.943 43.2362 4
      vertex 111.111 43.3371 0
      vertex 110.943 43.2362 0
    endloop
  endfacet
  facet normal -0.803106 0.595836 0
    outer loop
      vertex 111.546 43.7312 0
      vertex 111.663 43.8889 4
      vertex 111.663 43.8889 0
    endloop
  endfacet
  facet normal -0.803106 0.595836 0
    outer loop
      vertex 111.663 43.8889 4
      vertex 111.546 43.7312 0
      vertex 111.546 43.7312 4
    endloop
  endfacet
  facet normal -0.989765 0.142706 0
    outer loop
      vertex 111.962 44.6098 0
      vertex 111.99 44.804 4
      vertex 111.99 44.804 0
    endloop
  endfacet
  facet normal -0.989765 0.142706 0
    outer loop
      vertex 111.99 44.804 4
      vertex 111.962 44.6098 0
      vertex 111.962 44.6098 4
    endloop
  endfacet
  facet normal -0.803647 -0.595106 0
    outer loop
      vertex 111.663 106.111 0
      vertex 111.546 106.269 4
      vertex 111.546 106.269 0
    endloop
  endfacet
  facet normal -0.803647 -0.595106 0
    outer loop
      vertex 111.546 106.269 4
      vertex 111.663 106.111 0
      vertex 111.663 106.111 4
    endloop
  endfacet
  facet normal -0.969843 -0.24373 0
    outer loop
      vertex 111.962 105.39 0
      vertex 111.914 105.581 4
      vertex 111.914 105.581 0
    endloop
  endfacet
  facet normal -0.969843 -0.24373 0
    outer loop
      vertex 111.914 105.581 4
      vertex 111.962 105.39 0
      vertex 111.962 105.39 4
    endloop
  endfacet
  facet normal 0.989765 0.142706 0
    outer loop
      vertex 108.038 44.6098 4
      vertex 108.01 44.804 0
      vertex 108.01 44.804 4
    endloop
  endfacet
  facet normal 0.989765 0.142706 0
    outer loop
      vertex 108.01 44.804 0
      vertex 108.038 44.6098 4
      vertex 108.038 44.6098 0
    endloop
  endfacet
  facet normal 0.857448 0.514571 0
    outer loop
      vertex 108.337 43.8889 4
      vertex 108.236 44.0572 0
      vertex 108.236 44.0572 4
    endloop
  endfacet
  facet normal 0.857448 0.514571 0
    outer loop
      vertex 108.236 44.0572 0
      vertex 108.337 43.8889 4
      vertex 108.337 43.8889 0
    endloop
  endfacet
  facet normal 0.803106 0.595836 0
    outer loop
      vertex 108.454 43.7312 4
      vertex 108.337 43.8889 0
      vertex 108.337 43.8889 4
    endloop
  endfacet
  facet normal 0.803106 0.595836 0
    outer loop
      vertex 108.337 43.8889 0
      vertex 108.454 43.7312 4
      vertex 108.454 43.7312 0
    endloop
  endfacet
  facet normal -0.998701 -0.0509541 0
    outer loop
      vertex 112 105 0
      vertex 111.99 105.196 4
      vertex 111.99 105.196 0
    endloop
  endfacet
  facet normal -0.998701 -0.0509541 0
    outer loop
      vertex 111.99 105.196 4
      vertex 112 105 0
      vertex 112 105 4
    endloop
  endfacet
  facet normal 0.14285 -0.989744 0
    outer loop
      vertex 109.61 106.962 0
      vertex 109.804 106.99 4
      vertex 109.61 106.962 4
    endloop
  endfacet
  facet normal 0.14285 -0.989744 0
    outer loop
      vertex 109.804 106.99 4
      vertex 109.61 106.962 0
      vertex 109.804 106.99 0
    endloop
  endfacet
  facet normal -0.672622 0.739986 0
    outer loop
      vertex 111.414 43.5858 0
      vertex 111.269 43.454 4
      vertex 111.414 43.5858 4
    endloop
  endfacet
  facet normal -0.672622 0.739986 0
    outer loop
      vertex 111.269 43.454 4
      vertex 111.414 43.5858 0
      vertex 111.269 43.454 0
    endloop
  endfacet
  facet normal 0.672622 0.739986 -0
    outer loop
      vertex 108.731 43.454 0
      vertex 108.586 43.5858 4
      vertex 108.731 43.454 4
    endloop
  endfacet
  facet normal 0.672622 0.739986 0
    outer loop
      vertex 108.586 43.5858 4
      vertex 108.731 43.454 0
      vertex 108.586 43.5858 0
    endloop
  endfacet
  facet normal -0.857042 -0.515246 0
    outer loop
      vertex 111.764 105.943 0
      vertex 111.663 106.111 4
      vertex 111.663 106.111 0
    endloop
  endfacet
  facet normal -0.857042 -0.515246 0
    outer loop
      vertex 111.663 106.111 4
      vertex 111.764 105.943 0
      vertex 111.764 105.943 4
    endloop
  endfacet
  facet normal 0.515246 -0.857042 0
    outer loop
      vertex 108.889 106.663 0
      vertex 109.057 106.764 4
      vertex 108.889 106.663 4
    endloop
  endfacet
  facet normal 0.515246 -0.857042 0
    outer loop
      vertex 109.057 106.764 4
      vertex 108.889 106.663 0
      vertex 109.057 106.764 0
    endloop
  endfacet
  facet normal 0.9038 0.427955 0
    outer loop
      vertex 108.236 44.0572 4
      vertex 108.152 44.2346 0
      vertex 108.152 44.2346 4
    endloop
  endfacet
  facet normal 0.9038 0.427955 0
    outer loop
      vertex 108.152 44.2346 0
      vertex 108.236 44.0572 4
      vertex 108.236 44.0572 0
    endloop
  endfacet
  facet normal -0.146844 0.98916 0
    outer loop
      vertex 126.39 43.0384 0
      vertex 126.196 43.0096 4
      vertex 126.39 43.0384 4
    endloop
  endfacet
  facet normal -0.146844 0.98916 0
    outer loop
      vertex 126.196 43.0096 4
      vertex 126.39 43.0384 0
      vertex 126.196 43.0096 0
    endloop
  endfacet
  facet normal -0.9038 0.427955 0
    outer loop
      vertex 127.764 44.0572 0
      vertex 127.848 44.2346 4
      vertex 127.848 44.2346 0
    endloop
  endfacet
  facet normal -0.9038 0.427955 0
    outer loop
      vertex 127.848 44.2346 4
      vertex 127.764 44.0572 0
      vertex 127.764 44.0572 4
    endloop
  endfacet
  facet normal -0.739478 -0.67318 0
    outer loop
      vertex 127.546 106.269 0
      vertex 127.414 106.414 4
      vertex 127.414 106.414 0
    endloop
  endfacet
  facet normal -0.739478 -0.67318 0
    outer loop
      vertex 127.414 106.414 4
      vertex 127.546 106.269 0
      vertex 127.546 106.269 4
    endloop
  endfacet
  facet normal -1 0 0
    outer loop
      vertex 128 45 0
      vertex 128 105 4
      vertex 128 105 0
    endloop
  endfacet
  facet normal -1 -0 0
    outer loop
      vertex 128 105 4
      vertex 128 45 0
      vertex 128 45 4
    endloop
  endfacet
  facet normal 0.24373 -0.969843 0
    outer loop
      vertex 125.419 106.914 0
      vertex 125.61 106.962 4
      vertex 125.419 106.914 4
    endloop
  endfacet
  facet normal 0.24373 -0.969843 0
    outer loop
      vertex 125.61 106.962 4
      vertex 125.419 106.914 0
      vertex 125.61 106.962 0
    endloop
  endfacet
  facet normal 0.941278 -0.337632 0
    outer loop
      vertex 124.086 105.581 4
      vertex 124.152 105.765 0
      vertex 124.152 105.765 4
    endloop
  endfacet
  facet normal 0.941278 -0.337632 0
    outer loop
      vertex 124.152 105.765 0
      vertex 124.086 105.581 4
      vertex 124.086 105.581 0
    endloop
  endfacet
  facet normal 1 -0 0
    outer loop
      vertex 124 45 4
      vertex 124 105 0
      vertex 124 105 4
    endloop
  endfacet
  facet normal 1 0 0
    outer loop
      vertex 124 105 0
      vertex 124 45 4
      vertex 124 45 0
    endloop
  endfacet
  facet normal 0.67318 -0.739478 0
    outer loop
      vertex 124.586 106.414 0
      vertex 124.731 106.546 4
      vertex 124.586 106.414 4
    endloop
  endfacet
  facet normal 0.67318 -0.739478 0
    outer loop
      vertex 124.731 106.546 4
      vertex 124.586 106.414 0
      vertex 124.731 106.546 0
    endloop
  endfacet
  facet normal -0.740401 0.672166 0
    outer loop
      vertex 127.414 43.5858 0
      vertex 127.546 43.7312 4
      vertex 127.546 43.7312 0
    endloop
  endfacet
  facet normal -0.740401 0.672166 0
    outer loop
      vertex 127.546 43.7312 4
      vertex 127.414 43.5858 0
      vertex 127.414 43.5858 4
    endloop
  endfacet
  facet normal 0.146844 0.98916 -0
    outer loop
      vertex 125.804 43.0096 0
      vertex 125.61 43.0384 4
      vertex 125.804 43.0096 4
    endloop
  endfacet
  facet normal 0.146844 0.98916 0
    outer loop
      vertex 125.61 43.0384 4
      vertex 125.804 43.0096 0
      vertex 125.61 43.0384 0
    endloop
  endfacet
  facet normal 0.337632 -0.941278 0
    outer loop
      vertex 125.235 106.848 0
      vertex 125.419 106.914 4
      vertex 125.235 106.848 4
    endloop
  endfacet
  facet normal 0.337632 -0.941278 0
    outer loop
      vertex 125.419 106.914 4
      vertex 125.235 106.848 0
      vertex 125.419 106.914 0
    endloop
  endfacet
  facet normal 0.941742 0.336336 0
    outer loop
      vertex 124.152 44.2346 4
      vertex 124.086 44.4194 0
      vertex 124.086 44.4194 4
    endloop
  endfacet
  facet normal 0.941742 0.336336 0
    outer loop
      vertex 124.086 44.4194 0
      vertex 124.152 44.2346 4
      vertex 124.152 44.2346 0
    endloop
  endfacet
  facet normal -0.0509541 -0.998701 0
    outer loop
      vertex 126 107 0
      vertex 126.196 106.99 4
      vertex 126 107 4
    endloop
  endfacet
  facet normal -0.0509541 -0.998701 -0
    outer loop
      vertex 126.196 106.99 4
      vertex 126 107 0
      vertex 126.196 106.99 0
    endloop
  endfacet
  facet normal 0.998701 0.0509541 0
    outer loop
      vertex 124.01 44.804 4
      vertex 124 45 0
      vertex 124 45 4
    endloop
  endfacet
  facet normal 0.998701 0.0509541 0
    outer loop
      vertex 124 45 0
      vertex 124.01 44.804 4
      vertex 124.01 44.804 0
    endloop
  endfacet
  facet normal -0.337632 -0.941278 0
    outer loop
      vertex 126.581 106.914 0
      vertex 126.765 106.848 4
      vertex 126.581 106.914 4
    endloop
  endfacet
  facet normal -0.337632 -0.941278 -0
    outer loop
      vertex 126.765 106.848 4
      vertex 126.581 106.914 0
      vertex 126.765 106.848 0
    endloop
  endfacet
  facet normal 0.426775 -0.904358 0
    outer loop
      vertex 125.057 106.764 0
      vertex 125.235 106.848 4
      vertex 125.057 106.764 4
    endloop
  endfacet
  facet normal 0.426775 -0.904358 0
    outer loop
      vertex 125.235 106.848 4
      vertex 125.057 106.764 0
      vertex 125.235 106.848 0
    endloop
  endfacet
  facet normal -0.426775 0.904358 0
    outer loop
      vertex 126.943 43.2362 0
      vertex 126.765 43.1522 4
      vertex 126.943 43.2362 4
    endloop
  endfacet
  facet normal -0.426775 0.904358 0
    outer loop
      vertex 126.765 43.1522 4
      vertex 126.943 43.2362 0
      vertex 126.765 43.1522 0
    endloop
  endfacet
  facet normal 0.514871 0.857268 -0
    outer loop
      vertex 125.057 43.2362 0
      vertex 124.889 43.3371 4
      vertex 125.057 43.2362 4
    endloop
  endfacet
  facet normal 0.514871 0.857268 0
    outer loop
      vertex 124.889 43.3371 4
      vertex 125.057 43.2362 0
      vertex 124.889 43.3371 0
    endloop
  endfacet
  facet normal 0.740401 0.672166 0
    outer loop
      vertex 124.586 43.5858 4
      vertex 124.454 43.7312 0
      vertex 124.454 43.7312 4
    endloop
  endfacet
  facet normal 0.740401 0.672166 0
    outer loop
      vertex 124.454 43.7312 0
      vertex 124.586 43.5858 4
      vertex 124.586 43.5858 0
    endloop
  endfacet
  facet normal 0.594777 0.803891 -0
    outer loop
      vertex 124.889 43.3371 0
      vertex 124.731 43.454 4
      vertex 124.889 43.3371 4
    endloop
  endfacet
  facet normal 0.594777 0.803891 0
    outer loop
      vertex 124.731 43.454 4
      vertex 124.889 43.3371 0
      vertex 124.731 43.454 0
    endloop
  endfacet
  facet normal -0.857448 0.514571 0
    outer loop
      vertex 127.663 43.8889 0
      vertex 127.764 44.0572 4
      vertex 127.764 44.0572 0
    endloop
  endfacet
  facet normal -0.857448 0.514571 0
    outer loop
      vertex 127.764 44.0572 4
      vertex 127.663 43.8889 0
      vertex 127.663 43.8889 4
    endloop
  endfacet
  facet normal -0.14285 -0.989744 0
    outer loop
      vertex 126.196 106.99 0
      vertex 126.39 106.962 4
      vertex 126.196 106.99 4
    endloop
  endfacet
  facet normal -0.14285 -0.989744 -0
    outer loop
      vertex 126.39 106.962 4
      vertex 126.196 106.99 0
      vertex 126.39 106.962 0
    endloop
  endfacet
  facet normal -0.426775 -0.904358 0
    outer loop
      vertex 126.765 106.848 0
      vertex 126.943 106.764 4
      vertex 126.765 106.848 4
    endloop
  endfacet
  facet normal -0.426775 -0.904358 -0
    outer loop
      vertex 126.943 106.764 4
      vertex 126.765 106.848 0
      vertex 126.943 106.764 0
    endloop
  endfacet
  facet normal -0.242297 0.970202 0
    outer loop
      vertex 126.581 43.0861 0
      vertex 126.39 43.0384 4
      vertex 126.581 43.0861 4
    endloop
  endfacet
  facet normal -0.242297 0.970202 0
    outer loop
      vertex 126.39 43.0384 4
      vertex 126.581 43.0861 0
      vertex 126.39 43.0384 0
    endloop
  endfacet
  facet normal -0.595106 -0.803647 0
    outer loop
      vertex 127.111 106.663 0
      vertex 127.269 106.546 4
      vertex 127.111 106.663 4
    endloop
  endfacet
  facet normal -0.595106 -0.803647 -0
    outer loop
      vertex 127.269 106.546 4
      vertex 127.111 106.663 0
      vertex 127.269 106.546 0
    endloop
  endfacet
  facet normal -0.0489209 0.998803 0
    outer loop
      vertex 126.196 43.0096 0
      vertex 126 43 4
      vertex 126.196 43.0096 4
    endloop
  endfacet
  facet normal -0.0489209 0.998803 0
    outer loop
      vertex 126 43 4
      vertex 126.196 43.0096 0
      vertex 126 43 0
    endloop
  endfacet
  facet normal 0.242297 0.970202 -0
    outer loop
      vertex 125.61 43.0384 0
      vertex 125.419 43.0861 4
      vertex 125.61 43.0384 4
    endloop
  endfacet
  facet normal 0.242297 0.970202 0
    outer loop
      vertex 125.419 43.0861 4
      vertex 125.61 43.0384 0
      vertex 125.419 43.0861 0
    endloop
  endfacet
  facet normal -0.67318 -0.739478 0
    outer loop
      vertex 127.269 106.546 0
      vertex 127.414 106.414 4
      vertex 127.269 106.546 4
    endloop
  endfacet
  facet normal -0.67318 -0.739478 -0
    outer loop
      vertex 127.414 106.414 4
      vertex 127.269 106.546 0
      vertex 127.414 106.414 0
    endloop
  endfacet
  facet normal -0.941278 -0.337632 0
    outer loop
      vertex 127.914 105.581 0
      vertex 127.848 105.765 4
      vertex 127.848 105.765 0
    endloop
  endfacet
  facet normal -0.941278 -0.337632 0
    outer loop
      vertex 127.848 105.765 4
      vertex 127.914 105.581 0
      vertex 127.914 105.581 4
    endloop
  endfacet
  facet normal 0.998701 -0.0509541 0
    outer loop
      vertex 124 105 4
      vertex 124.01 105.196 0
      vertex 124.01 105.196 4
    endloop
  endfacet
  facet normal 0.998701 -0.0509541 0
    outer loop
      vertex 124.01 105.196 0
      vertex 124 105 4
      vertex 124 105 0
    endloop
  endfacet
  facet normal 0.857042 -0.515246 0
    outer loop
      vertex 124.236 105.943 4
      vertex 124.337 106.111 0
      vertex 124.337 106.111 4
    endloop
  endfacet
  facet normal 0.857042 -0.515246 0
    outer loop
      vertex 124.337 106.111 0
      vertex 124.236 105.943 4
      vertex 124.236 105.943 0
    endloop
  endfacet
  facet normal 0.904358 -0.426775 0
    outer loop
      vertex 124.152 105.765 4
      vertex 124.236 105.943 0
      vertex 124.236 105.943 4
    endloop
  endfacet
  facet normal 0.904358 -0.426775 0
    outer loop
      vertex 124.236 105.943 0
      vertex 124.152 105.765 4
      vertex 124.152 105.765 0
    endloop
  endfacet
  facet normal 0.989744 -0.14285 0
    outer loop
      vertex 124.01 105.196 4
      vertex 124.038 105.39 0
      vertex 124.038 105.39 4
    endloop
  endfacet
  facet normal 0.989744 -0.14285 0
    outer loop
      vertex 124.038 105.39 0
      vertex 124.01 105.196 4
      vertex 124.01 105.196 0
    endloop
  endfacet
  facet normal 0.9038 0.427955 0
    outer loop
      vertex 124.236 44.0572 4
      vertex 124.152 44.2346 0
      vertex 124.152 44.2346 4
    endloop
  endfacet
  facet normal 0.9038 0.427955 0
    outer loop
      vertex 124.152 44.2346 0
      vertex 124.236 44.0572 4
      vertex 124.236 44.0572 0
    endloop
  endfacet
  facet normal 0.0509541 -0.998701 0
    outer loop
      vertex 125.804 106.99 0
      vertex 126 107 4
      vertex 125.804 106.99 4
    endloop
  endfacet
  facet normal 0.0509541 -0.998701 0
    outer loop
      vertex 126 107 4
      vertex 125.804 106.99 0
      vertex 126 107 0
    endloop
  endfacet
  facet normal 0.969661 0.244452 0
    outer loop
      vertex 124.086 44.4194 4
      vertex 124.038 44.6098 0
      vertex 124.038 44.6098 4
    endloop
  endfacet
  facet normal 0.969661 0.244452 0
    outer loop
      vertex 124.038 44.6098 0
      vertex 124.086 44.4194 4
      vertex 124.086 44.4194 0
    endloop
  endfacet
  facet normal -0.338085 0.941115 0
    outer loop
      vertex 126.765 43.1522 0
      vertex 126.581 43.0861 4
      vertex 126.765 43.1522 4
    endloop
  endfacet
  facet normal -0.338085 0.941115 0
    outer loop
      vertex 126.581 43.0861 4
      vertex 126.765 43.1522 0
      vertex 126.581 43.0861 0
    endloop
  endfacet
  facet normal 0.426775 0.904358 -0
    outer loop
      vertex 125.235 43.1522 0
      vertex 125.057 43.2362 4
      vertex 125.235 43.1522 4
    endloop
  endfacet
  facet normal 0.426775 0.904358 0
    outer loop
      vertex 125.057 43.2362 4
      vertex 125.235 43.1522 0
      vertex 125.057 43.2362 0
    endloop
  endfacet
  facet normal 0.338085 0.941115 -0
    outer loop
      vertex 125.419 43.0861 0
      vertex 125.235 43.1522 4
      vertex 125.419 43.0861 4
    endloop
  endfacet
  facet normal 0.338085 0.941115 0
    outer loop
      vertex 125.235 43.1522 4
      vertex 125.419 43.0861 0
      vertex 125.235 43.1522 0
    endloop
  endfacet
  facet normal -0.24373 -0.969843 0
    outer loop
      vertex 126.39 106.962 0
      vertex 126.581 106.914 4
      vertex 126.39 106.962 4
    endloop
  endfacet
  facet normal -0.24373 -0.969843 -0
    outer loop
      vertex 126.581 106.914 4
      vertex 126.39 106.962 0
      vertex 126.581 106.914 0
    endloop
  endfacet
  facet normal 0.969843 -0.24373 0
    outer loop
      vertex 124.038 105.39 4
      vertex 124.086 105.581 0
      vertex 124.086 105.581 4
    endloop
  endfacet
  facet normal 0.969843 -0.24373 0
    outer loop
      vertex 124.086 105.581 0
      vertex 124.038 105.39 4
      vertex 124.038 105.39 0
    endloop
  endfacet
  facet normal -0.515246 -0.857042 0
    outer loop
      vertex 126.943 106.764 0
      vertex 127.111 106.663 4
      vertex 126.943 106.764 4
    endloop
  endfacet
  facet normal -0.515246 -0.857042 -0
    outer loop
      vertex 127.111 106.663 4
      vertex 126.943 106.764 0
      vertex 127.111 106.663 0
    endloop
  endfacet
  facet normal -0.998701 0.0509541 0
    outer loop
      vertex 127.99 44.804 0
      vertex 128 45 4
      vertex 128 45 0
    endloop
  endfacet
  facet normal -0.998701 0.0509541 0
    outer loop
      vertex 128 45 4
      vertex 127.99 44.804 0
      vertex 127.99 44.804 4
    endloop
  endfacet
  facet normal -0.969661 0.244452 0
    outer loop
      vertex 127.914 44.4194 0
      vertex 127.962 44.6098 4
      vertex 127.962 44.6098 0
    endloop
  endfacet
  facet normal -0.969661 0.244452 0
    outer loop
      vertex 127.962 44.6098 4
      vertex 127.914 44.4194 0
      vertex 127.914 44.4194 4
    endloop
  endfacet
  facet normal -0.904358 -0.426775 0
    outer loop
      vertex 127.848 105.765 0
      vertex 127.764 105.943 4
      vertex 127.764 105.943 0
    endloop
  endfacet
  facet normal -0.904358 -0.426775 0
    outer loop
      vertex 127.764 105.943 4
      vertex 127.848 105.765 0
      vertex 127.848 105.765 4
    endloop
  endfacet
  facet normal 0.595106 -0.803647 0
    outer loop
      vertex 124.731 106.546 0
      vertex 124.889 106.663 4
      vertex 124.731 106.546 4
    endloop
  endfacet
  facet normal 0.595106 -0.803647 0
    outer loop
      vertex 124.889 106.663 4
      vertex 124.731 106.546 0
      vertex 124.889 106.663 0
    endloop
  endfacet
  facet normal 0.739478 -0.67318 0
    outer loop
      vertex 124.454 106.269 4
      vertex 124.586 106.414 0
      vertex 124.586 106.414 4
    endloop
  endfacet
  facet normal 0.739478 -0.67318 0
    outer loop
      vertex 124.586 106.414 0
      vertex 124.454 106.269 4
      vertex 124.454 106.269 0
    endloop
  endfacet
  facet normal 0.803647 -0.595106 0
    outer loop
      vertex 124.337 106.111 4
      vertex 124.454 106.269 0
      vertex 124.454 106.269 4
    endloop
  endfacet
  facet normal 0.803647 -0.595106 0
    outer loop
      vertex 124.454 106.269 0
      vertex 124.337 106.111 4
      vertex 124.337 106.111 0
    endloop
  endfacet
  facet normal -0.594777 0.803891 0
    outer loop
      vertex 127.269 43.454 0
      vertex 127.111 43.3371 4
      vertex 127.269 43.454 4
    endloop
  endfacet
  facet normal -0.594777 0.803891 0
    outer loop
      vertex 127.111 43.3371 4
      vertex 127.269 43.454 0
      vertex 127.111 43.3371 0
    endloop
  endfacet
  facet normal -0.989744 -0.14285 0
    outer loop
      vertex 127.99 105.196 0
      vertex 127.962 105.39 4
      vertex 127.962 105.39 0
    endloop
  endfacet
  facet normal -0.989744 -0.14285 0
    outer loop
      vertex 127.962 105.39 4
      vertex 127.99 105.196 0
      vertex 127.99 105.196 4
    endloop
  endfacet
  facet normal -0.941742 0.336336 0
    outer loop
      vertex 127.848 44.2346 0
      vertex 127.914 44.4194 4
      vertex 127.914 44.4194 0
    endloop
  endfacet
  facet normal -0.941742 0.336336 0
    outer loop
      vertex 127.914 44.4194 4
      vertex 127.848 44.2346 0
      vertex 127.848 44.2346 4
    endloop
  endfacet
  facet normal -0.514871 0.857268 0
    outer loop
      vertex 127.111 43.3371 0
      vertex 126.943 43.2362 4
      vertex 127.111 43.3371 4
    endloop
  endfacet
  facet normal -0.514871 0.857268 0
    outer loop
      vertex 126.943 43.2362 4
      vertex 127.111 43.3371 0
      vertex 126.943 43.2362 0
    endloop
  endfacet
  facet normal -0.803106 0.595836 0
    outer loop
      vertex 127.546 43.7312 0
      vertex 127.663 43.8889 4
      vertex 127.663 43.8889 0
    endloop
  endfacet
  facet normal -0.803106 0.595836 0
    outer loop
      vertex 127.663 43.8889 4
      vertex 127.546 43.7312 0
      vertex 127.546 43.7312 4
    endloop
  endfacet
  facet normal -0.989765 0.142706 0
    outer loop
      vertex 127.962 44.6098 0
      vertex 127.99 44.804 4
      vertex 127.99 44.804 0
    endloop
  endfacet
  facet normal -0.989765 0.142706 0
    outer loop
      vertex 127.99 44.804 4
      vertex 127.962 44.6098 0
      vertex 127.962 44.6098 4
    endloop
  endfacet
  facet normal -0.803647 -0.595106 0
    outer loop
      vertex 127.663 106.111 0
      vertex 127.546 106.269 4
      vertex 127.546 106.269 0
    endloop
  endfacet
  facet normal -0.803647 -0.595106 0
    outer loop
      vertex 127.546 106.269 4
      vertex 127.663 106.111 0
      vertex 127.663 106.111 4
    endloop
  endfacet
  facet normal -0.969843 -0.24373 0
    outer loop
      vertex 127.962 105.39 0
      vertex 127.914 105.581 4
      vertex 127.914 105.581 0
    endloop
  endfacet
  facet normal -0.969843 -0.24373 0
    outer loop
      vertex 127.914 105.581 4
      vertex 127.962 105.39 0
      vertex 127.962 105.39 4
    endloop
  endfacet
  facet normal 0.989765 0.142706 0
    outer loop
      vertex 124.038 44.6098 4
      vertex 124.01 44.804 0
      vertex 124.01 44.804 4
    endloop
  endfacet
  facet normal 0.989765 0.142706 0
    outer loop
      vertex 124.01 44.804 0
      vertex 124.038 44.6098 4
      vertex 124.038 44.6098 0
    endloop
  endfacet
  facet normal 0.857448 0.514571 0
    outer loop
      vertex 124.337 43.8889 4
      vertex 124.236 44.0572 0
      vertex 124.236 44.0572 4
    endloop
  endfacet
  facet normal 0.857448 0.514571 0
    outer loop
      vertex 124.236 44.0572 0
      vertex 124.337 43.8889 4
      vertex 124.337 43.8889 0
    endloop
  endfacet
  facet normal 0.803106 0.595836 0
    outer loop
      vertex 124.454 43.7312 4
      vertex 124.337 43.8889 0
      vertex 124.337 43.8889 4
    endloop
  endfacet
  facet normal 0.803106 0.595836 0
    outer loop
      vertex 124.337 43.8889 0
      vertex 124.454 43.7312 4
      vertex 124.454 43.7312 0
    endloop
  endfacet
  facet normal -0.998701 -0.0509541 0
    outer loop
      vertex 128 105 0
      vertex 127.99 105.196 4
      vertex 127.99 105.196 0
    endloop
  endfacet
  facet normal -0.998701 -0.0509541 0
    outer loop
      vertex 127.99 105.196 4
      vertex 128 105 0
      vertex 128 105 4
    endloop
  endfacet
  facet normal 0.14285 -0.989744 0
    outer loop
      vertex 125.61 106.962 0
      vertex 125.804 106.99 4
      vertex 125.61 106.962 4
    endloop
  endfacet
  facet normal 0.14285 -0.989744 0
    outer loop
      vertex 125.804 106.99 4
      vertex 125.61 106.962 0
      vertex 125.804 106.99 0
    endloop
  endfacet
  facet normal 0.0489209 0.998803 -0
    outer loop
      vertex 126 43 0
      vertex 125.804 43.0096 4
      vertex 126 43 4
    endloop
  endfacet
  facet normal 0.0489209 0.998803 0
    outer loop
      vertex 125.804 43.0096 4
      vertex 126 43 0
      vertex 125.804 43.0096 0
    endloop
  endfacet
  facet normal -0.672622 0.739986 0
    outer loop
      vertex 127.414 43.5858 0
      vertex 127.269 43.454 4
      vertex 127.414 43.5858 4
    endloop
  endfacet
  facet normal -0.672622 0.739986 0
    outer loop
      vertex 127.269 43.454 4
      vertex 127.414 43.5858 0
      vertex 127.269 43.454 0
    endloop
  endfacet
  facet normal 0.672622 0.739986 -0
    outer loop
      vertex 124.731 43.454 0
      vertex 124.586 43.5858 4
      vertex 124.731 43.454 4
    endloop
  endfacet
  facet normal 0.672622 0.739986 0
    outer loop
      vertex 124.586 43.5858 4
      vertex 124.731 43.454 0
      vertex 124.586 43.5858 0
    endloop
  endfacet
  facet normal -0.857042 -0.515246 0
    outer loop
      vertex 127.764 105.943 0
      vertex 127.663 106.111 4
      vertex 127.663 106.111 0
    endloop
  endfacet
  facet normal -0.857042 -0.515246 0
    outer loop
      vertex 127.663 106.111 4
      vertex 127.764 105.943 0
      vertex 127.764 105.943 4
    endloop
  endfacet
  facet normal 0.515246 -0.857042 0
    outer loop
      vertex 124.889 106.663 0
      vertex 125.057 106.764 4
      vertex 124.889 106.663 4
    endloop
  endfacet
  facet normal 0.515246 -0.857042 0
    outer loop
      vertex 125.057 106.764 4
      vertex 124.889 106.663 0
      vertex 125.057 106.764 0
    endloop
  endfacet
  facet normal -0.146844 0.98916 0
    outer loop
      vertex 142.39 43.0384 0
      vertex 142.196 43.0096 4
      vertex 142.39 43.0384 4
    endloop
  endfacet
  facet normal -0.146844 0.98916 0
    outer loop
      vertex 142.196 43.0096 4
      vertex 142.39 43.0384 0
      vertex 142.196 43.0096 0
    endloop
  endfacet
  facet normal -0.9038 0.427955 0
    outer loop
      vertex 143.764 44.0572 0
      vertex 143.848 44.2346 4
      vertex 143.848 44.2346 0
    endloop
  endfacet
  facet normal -0.9038 0.427955 0
    outer loop
      vertex 143.848 44.2346 4
      vertex 143.764 44.0572 0
      vertex 143.764 44.0572 4
    endloop
  endfacet
  facet normal -0.739478 -0.67318 0
    outer loop
      vertex 143.546 106.269 0
      vertex 143.414 106.414 4
      vertex 143.414 106.414 0
    endloop
  endfacet
  facet normal -0.739478 -0.67318 0
    outer loop
      vertex 143.414 106.414 4
      vertex 143.546 106.269 0
      vertex 143.546 106.269 4
    endloop
  endfacet
  facet normal -1 0 0
    outer loop
      vertex 144 45 0
      vertex 144 105 4
      vertex 144 105 0
    endloop
  endfacet
  facet normal -1 -0 0
    outer loop
      vertex 144 105 4
      vertex 144 45 0
      vertex 144 45 4
    endloop
  endfacet
  facet normal 0.24373 -0.969843 0
    outer loop
      vertex 141.419 106.914 0
      vertex 141.61 106.962 4
      vertex 141.419 106.914 4
    endloop
  endfacet
  facet normal 0.24373 -0.969843 0
    outer loop
      vertex 141.61 106.962 4
      vertex 141.419 106.914 0
      vertex 141.61 106.962 0
    endloop
  endfacet
  facet normal 0.941278 -0.337632 0
    outer loop
      vertex 140.086 105.581 4
      vertex 140.152 105.765 0
      vertex 140.152 105.765 4
    endloop
  endfacet
  facet normal 0.941278 -0.337632 0
    outer loop
      vertex 140.152 105.765 0
      vertex 140.086 105.581 4
      vertex 140.086 105.581 0
    endloop
  endfacet
  facet normal 1 -0 0
    outer loop
      vertex 140 45 4
      vertex 140 105 0
      vertex 140 105 4
    endloop
  endfacet
  facet normal 1 0 0
    outer loop
      vertex 140 105 0
      vertex 140 45 4
      vertex 140 45 0
    endloop
  endfacet
  facet normal 0.67318 -0.739478 0
    outer loop
      vertex 140.586 106.414 0
      vertex 140.731 106.546 4
      vertex 140.586 106.414 4
    endloop
  endfacet
  facet normal 0.67318 -0.739478 0
    outer loop
      vertex 140.731 106.546 4
      vertex 140.586 106.414 0
      vertex 140.731 106.546 0
    endloop
  endfacet
  facet normal -0.740401 0.672166 0
    outer loop
      vertex 143.414 43.5858 0
      vertex 143.546 43.7312 4
      vertex 143.546 43.7312 0
    endloop
  endfacet
  facet normal -0.740401 0.672166 0
    outer loop
      vertex 143.546 43.7312 4
      vertex 143.414 43.5858 0
      vertex 143.414 43.5858 4
    endloop
  endfacet
  facet normal 0.146844 0.98916 -0
    outer loop
      vertex 141.804 43.0096 0
      vertex 141.61 43.0384 4
      vertex 141.804 43.0096 4
    endloop
  endfacet
  facet normal 0.146844 0.98916 0
    outer loop
      vertex 141.61 43.0384 4
      vertex 141.804 43.0096 0
      vertex 141.61 43.0384 0
    endloop
  endfacet
  facet normal 0.337632 -0.941278 0
    outer loop
      vertex 141.235 106.848 0
      vertex 141.419 106.914 4
      vertex 141.235 106.848 4
    endloop
  endfacet
  facet normal 0.337632 -0.941278 0
    outer loop
      vertex 141.419 106.914 4
      vertex 141.235 106.848 0
      vertex 141.419 106.914 0
    endloop
  endfacet
  facet normal 0.941742 0.336336 0
    outer loop
      vertex 140.152 44.2346 4
      vertex 140.086 44.4194 0
      vertex 140.086 44.4194 4
    endloop
  endfacet
  facet normal 0.941742 0.336336 0
    outer loop
      vertex 140.086 44.4194 0
      vertex 140.152 44.2346 4
      vertex 140.152 44.2346 0
    endloop
  endfacet
  facet normal -0.0509541 -0.998701 0
    outer loop
      vertex 142 107 0
      vertex 142.196 106.99 4
      vertex 142 107 4
    endloop
  endfacet
  facet normal -0.0509541 -0.998701 -0
    outer loop
      vertex 142.196 106.99 4
      vertex 142 107 0
      vertex 142.196 106.99 0
    endloop
  endfacet
  facet normal 0.998701 0.0509541 0
    outer loop
      vertex 140.01 44.804 4
      vertex 140 45 0
      vertex 140 45 4
    endloop
  endfacet
  facet normal 0.998701 0.0509541 0
    outer loop
      vertex 140 45 0
      vertex 140.01 44.804 4
      vertex 140.01 44.804 0
    endloop
  endfacet
  facet normal -0.337632 -0.941278 0
    outer loop
      vertex 142.581 106.914 0
      vertex 142.765 106.848 4
      vertex 142.581 106.914 4
    endloop
  endfacet
  facet normal -0.337632 -0.941278 -0
    outer loop
      vertex 142.765 106.848 4
      vertex 142.581 106.914 0
      vertex 142.765 106.848 0
    endloop
  endfacet
  facet normal 0.426775 -0.904358 0
    outer loop
      vertex 141.057 106.764 0
      vertex 141.235 106.848 4
      vertex 141.057 106.764 4
    endloop
  endfacet
  facet normal 0.426775 -0.904358 0
    outer loop
      vertex 141.235 106.848 4
      vertex 141.057 106.764 0
      vertex 141.235 106.848 0
    endloop
  endfacet
  facet normal -0.426775 0.904358 0
    outer loop
      vertex 142.943 43.2362 0
      vertex 142.765 43.1522 4
      vertex 142.943 43.2362 4
    endloop
  endfacet
  facet normal -0.426775 0.904358 0
    outer loop
      vertex 142.765 43.1522 4
      vertex 142.943 43.2362 0
      vertex 142.765 43.1522 0
    endloop
  endfacet
  facet normal 0.514871 0.857268 -0
    outer loop
      vertex 141.057 43.2362 0
      vertex 140.889 43.3371 4
      vertex 141.057 43.2362 4
    endloop
  endfacet
  facet normal 0.514871 0.857268 0
    outer loop
      vertex 140.889 43.3371 4
      vertex 141.057 43.2362 0
      vertex 140.889 43.3371 0
    endloop
  endfacet
  facet normal 0.740401 0.672166 0
    outer loop
      vertex 140.586 43.5858 4
      vertex 140.454 43.7312 0
      vertex 140.454 43.7312 4
    endloop
  endfacet
  facet normal 0.740401 0.672166 0
    outer loop
      vertex 140.454 43.7312 0
      vertex 140.586 43.5858 4
      vertex 140.586 43.5858 0
    endloop
  endfacet
  facet normal 0.594777 0.803891 -0
    outer loop
      vertex 140.889 43.3371 0
      vertex 140.731 43.454 4
      vertex 140.889 43.3371 4
    endloop
  endfacet
  facet normal 0.594777 0.803891 0
    outer loop
      vertex 140.731 43.454 4
      vertex 140.889 43.3371 0
      vertex 140.731 43.454 0
    endloop
  endfacet
  facet normal -0.857448 0.514571 0
    outer loop
      vertex 143.663 43.8889 0
      vertex 143.764 44.0572 4
      vertex 143.764 44.0572 0
    endloop
  endfacet
  facet normal -0.857448 0.514571 0
    outer loop
      vertex 143.764 44.0572 4
      vertex 143.663 43.8889 0
      vertex 143.663 43.8889 4
    endloop
  endfacet
  facet normal -0.14285 -0.989744 0
    outer loop
      vertex 142.196 106.99 0
      vertex 142.39 106.962 4
      vertex 142.196 106.99 4
    endloop
  endfacet
  facet normal -0.14285 -0.989744 -0
    outer loop
      vertex 142.39 106.962 4
      vertex 142.196 106.99 0
      vertex 142.39 106.962 0
    endloop
  endfacet
  facet normal -0.426775 -0.904358 0
    outer loop
      vertex 142.765 106.848 0
      vertex 142.943 106.764 4
      vertex 142.765 106.848 4
    endloop
  endfacet
  facet normal -0.426775 -0.904358 -0
    outer loop
      vertex 142.943 106.764 4
      vertex 142.765 106.848 0
      vertex 142.943 106.764 0
    endloop
  endfacet
  facet normal -0.242297 0.970202 0
    outer loop
      vertex 142.581 43.0861 0
      vertex 142.39 43.0384 4
      vertex 142.581 43.0861 4
    endloop
  endfacet
  facet normal -0.242297 0.970202 0
    outer loop
      vertex 142.39 43.0384 4
      vertex 142.581 43.0861 0
      vertex 142.39 43.0384 0
    endloop
  endfacet
  facet normal -0.595106 -0.803647 0
    outer loop
      vertex 143.111 106.663 0
      vertex 143.269 106.546 4
      vertex 143.111 106.663 4
    endloop
  endfacet
  facet normal -0.595106 -0.803647 -0
    outer loop
      vertex 143.269 106.546 4
      vertex 143.111 106.663 0
      vertex 143.269 106.546 0
    endloop
  endfacet
  facet normal -0.0489209 0.998803 0
    outer loop
      vertex 142.196 43.0096 0
      vertex 142 43 4
      vertex 142.196 43.0096 4
    endloop
  endfacet
  facet normal -0.0489209 0.998803 0
    outer loop
      vertex 142 43 4
      vertex 142.196 43.0096 0
      vertex 142 43 0
    endloop
  endfacet
  facet normal 0.242297 0.970202 -0
    outer loop
      vertex 141.61 43.0384 0
      vertex 141.419 43.0861 4
      vertex 141.61 43.0384 4
    endloop
  endfacet
  facet normal 0.242297 0.970202 0
    outer loop
      vertex 141.419 43.0861 4
      vertex 141.61 43.0384 0
      vertex 141.419 43.0861 0
    endloop
  endfacet
  facet normal -0.67318 -0.739478 0
    outer loop
      vertex 143.269 106.546 0
      vertex 143.414 106.414 4
      vertex 143.269 106.546 4
    endloop
  endfacet
  facet normal -0.67318 -0.739478 -0
    outer loop
      vertex 143.414 106.414 4
      vertex 143.269 106.546 0
      vertex 143.414 106.414 0
    endloop
  endfacet
  facet normal -0.941278 -0.337632 0
    outer loop
      vertex 143.914 105.581 0
      vertex 143.848 105.765 4
      vertex 143.848 105.765 0
    endloop
  endfacet
  facet normal -0.941278 -0.337632 0
    outer loop
      vertex 143.848 105.765 4
      vertex 143.914 105.581 0
      vertex 143.914 105.581 4
    endloop
  endfacet
  facet normal 0.998701 -0.0509541 0
    outer loop
      vertex 140 105 4
      vertex 140.01 105.196 0
      vertex 140.01 105.196 4
    endloop
  endfacet
  facet normal 0.998701 -0.0509541 0
    outer loop
      vertex 140.01 105.196 0
      vertex 140 105 4
      vertex 140 105 0
    endloop
  endfacet
  facet normal 0.857042 -0.515246 0
    outer loop
      vertex 140.236 105.943 4
      vertex 140.337 106.111 0
      vertex 140.337 106.111 4
    endloop
  endfacet
  facet normal 0.857042 -0.515246 0
    outer loop
      vertex 140.337 106.111 0
      vertex 140.236 105.943 4
      vertex 140.236 105.943 0
    endloop
  endfacet
  facet normal 0.904358 -0.426775 0
    outer loop
      vertex 140.152 105.765 4
      vertex 140.236 105.943 0
      vertex 140.236 105.943 4
    endloop
  endfacet
  facet normal 0.904358 -0.426775 0
    outer loop
      vertex 140.236 105.943 0
      vertex 140.152 105.765 4
      vertex 140.152 105.765 0
    endloop
  endfacet
  facet normal 0.989744 -0.14285 0
    outer loop
      vertex 140.01 105.196 4
      vertex 140.038 105.39 0
      vertex 140.038 105.39 4
    endloop
  endfacet
  facet normal 0.989744 -0.14285 0
    outer loop
      vertex 140.038 105.39 0
      vertex 140.01 105.196 4
      vertex 140.01 105.196 0
    endloop
  endfacet
  facet normal 0.9038 0.427955 0
    outer loop
      vertex 140.236 44.0572 4
      vertex 140.152 44.2346 0
      vertex 140.152 44.2346 4
    endloop
  endfacet
  facet normal 0.9038 0.427955 0
    outer loop
      vertex 140.152 44.2346 0
      vertex 140.236 44.0572 4
      vertex 140.236 44.0572 0
    endloop
  endfacet
  facet normal 0.0509541 -0.998701 0
    outer loop
      vertex 141.804 106.99 0
      vertex 142 107 4
      vertex 141.804 106.99 4
    endloop
  endfacet
  facet normal 0.0509541 -0.998701 0
    outer loop
      vertex 142 107 4
      vertex 141.804 106.99 0
      vertex 142 107 0
    endloop
  endfacet
  facet normal 0.969661 0.244452 0
    outer loop
      vertex 140.086 44.4194 4
      vertex 140.038 44.6098 0
      vertex 140.038 44.6098 4
    endloop
  endfacet
  facet normal 0.969661 0.244452 0
    outer loop
      vertex 140.038 44.6098 0
      vertex 140.086 44.4194 4
      vertex 140.086 44.4194 0
    endloop
  endfacet
  facet normal -0.338085 0.941115 0
    outer loop
      vertex 142.765 43.1522 0
      vertex 142.581 43.0861 4
      vertex 142.765 43.1522 4
    endloop
  endfacet
  facet normal -0.338085 0.941115 0
    outer loop
      vertex 142.581 43.0861 4
      vertex 142.765 43.1522 0
      vertex 142.581 43.0861 0
    endloop
  endfacet
  facet normal 0.426775 0.904358 -0
    outer loop
      vertex 141.235 43.1522 0
      vertex 141.057 43.2362 4
      vertex 141.235 43.1522 4
    endloop
  endfacet
  facet normal 0.426775 0.904358 0
    outer loop
      vertex 141.057 43.2362 4
      vertex 141.235 43.1522 0
      vertex 141.057 43.2362 0
    endloop
  endfacet
  facet normal 0.338085 0.941115 -0
    outer loop
      vertex 141.419 43.0861 0
      vertex 141.235 43.1522 4
      vertex 141.419 43.0861 4
    endloop
  endfacet
  facet normal 0.338085 0.941115 0
    outer loop
      vertex 141.235 43.1522 4
      vertex 141.419 43.0861 0
      vertex 141.235 43.1522 0
    endloop
  endfacet
  facet normal -0.24373 -0.969843 0
    outer loop
      vertex 142.39 106.962 0
      vertex 142.581 106.914 4
      vertex 142.39 106.962 4
    endloop
  endfacet
  facet normal -0.24373 -0.969843 -0
    outer loop
      vertex 142.581 106.914 4
      vertex 142.39 106.962 0
      vertex 142.581 106.914 0
    endloop
  endfacet
  facet normal 0.969843 -0.24373 0
    outer loop
      vertex 140.038 105.39 4
      vertex 140.086 105.581 0
      vertex 140.086 105.581 4
    endloop
  endfacet
  facet normal 0.969843 -0.24373 0
    outer loop
      vertex 140.086 105.581 0
      vertex 140.038 105.39 4
      vertex 140.038 105.39 0
    endloop
  endfacet
  facet normal -0.515246 -0.857042 0
    outer loop
      vertex 142.943 106.764 0
      vertex 143.111 106.663 4
      vertex 142.943 106.764 4
    endloop
  endfacet
  facet normal -0.515246 -0.857042 -0
    outer loop
      vertex 143.111 106.663 4
      vertex 142.943 106.764 0
      vertex 143.111 106.663 0
    endloop
  endfacet
  facet normal -0.998701 0.0509541 0
    outer loop
      vertex 143.99 44.804 0
      vertex 144 45 4
      vertex 144 45 0
    endloop
  endfacet
  facet normal -0.998701 0.0509541 0
    outer loop
      vertex 144 45 4
      vertex 143.99 44.804 0
      vertex 143.99 44.804 4
    endloop
  endfacet
  facet normal -0.969661 0.244452 0
    outer loop
      vertex 143.914 44.4194 0
      vertex 143.962 44.6098 4
      vertex 143.962 44.6098 0
    endloop
  endfacet
  facet normal -0.969661 0.244452 0
    outer loop
      vertex 143.962 44.6098 4
      vertex 143.914 44.4194 0
      vertex 143.914 44.4194 4
    endloop
  endfacet
  facet normal -0.904358 -0.426775 0
    outer loop
      vertex 143.848 105.765 0
      vertex 143.764 105.943 4
      vertex 143.764 105.943 0
    endloop
  endfacet
  facet normal -0.904358 -0.426775 0
    outer loop
      vertex 143.764 105.943 4
      vertex 143.848 105.765 0
      vertex 143.848 105.765 4
    endloop
  endfacet
  facet normal 0.595106 -0.803647 0
    outer loop
      vertex 140.731 106.546 0
      vertex 140.889 106.663 4
      vertex 140.731 106.546 4
    endloop
  endfacet
  facet normal 0.595106 -0.803647 0
    outer loop
      vertex 140.889 106.663 4
      vertex 140.731 106.546 0
      vertex 140.889 106.663 0
    endloop
  endfacet
  facet normal 0.739478 -0.67318 0
    outer loop
      vertex 140.454 106.269 4
      vertex 140.586 106.414 0
      vertex 140.586 106.414 4
    endloop
  endfacet
  facet normal 0.739478 -0.67318 0
    outer loop
      vertex 140.586 106.414 0
      vertex 140.454 106.269 4
      vertex 140.454 106.269 0
    endloop
  endfacet
  facet normal 0.803647 -0.595106 0
    outer loop
      vertex 140.337 106.111 4
      vertex 140.454 106.269 0
      vertex 140.454 106.269 4
    endloop
  endfacet
  facet normal 0.803647 -0.595106 0
    outer loop
      vertex 140.454 106.269 0
      vertex 140.337 106.111 4
      vertex 140.337 106.111 0
    endloop
  endfacet
  facet normal -0.594777 0.803891 0
    outer loop
      vertex 143.269 43.454 0
      vertex 143.111 43.3371 4
      vertex 143.269 43.454 4
    endloop
  endfacet
  facet normal -0.594777 0.803891 0
    outer loop
      vertex 143.111 43.3371 4
      vertex 143.269 43.454 0
      vertex 143.111 43.3371 0
    endloop
  endfacet
  facet normal -0.989744 -0.14285 0
    outer loop
      vertex 143.99 105.196 0
      vertex 143.962 105.39 4
      vertex 143.962 105.39 0
    endloop
  endfacet
  facet normal -0.989744 -0.14285 0
    outer loop
      vertex 143.962 105.39 4
      vertex 143.99 105.196 0
      vertex 143.99 105.196 4
    endloop
  endfacet
  facet normal -0.941742 0.336336 0
    outer loop
      vertex 143.848 44.2346 0
      vertex 143.914 44.4194 4
      vertex 143.914 44.4194 0
    endloop
  endfacet
  facet normal -0.941742 0.336336 0
    outer loop
      vertex 143.914 44.4194 4
      vertex 143.848 44.2346 0
      vertex 143.848 44.2346 4
    endloop
  endfacet
  facet normal -0.514871 0.857268 0
    outer loop
      vertex 143.111 43.3371 0
      vertex 142.943 43.2362 4
      vertex 143.111 43.3371 4
    endloop
  endfacet
  facet normal -0.514871 0.857268 0
    outer loop
      vertex 142.943 43.2362 4
      vertex 143.111 43.3371 0
      vertex 142.943 43.2362 0
    endloop
  endfacet
  facet normal -0.803106 0.595836 0
    outer loop
      vertex 143.546 43.7312 0
      vertex 143.663 43.8889 4
      vertex 143.663 43.8889 0
    endloop
  endfacet
  facet normal -0.803106 0.595836 0
    outer loop
      vertex 143.663 43.8889 4
      vertex 143.546 43.7312 0
      vertex 143.546 43.7312 4
    endloop
  endfacet
  facet normal -0.989765 0.142706 0
    outer loop
      vertex 143.962 44.6098 0
      vertex 143.99 44.804 4
      vertex 143.99 44.804 0
    endloop
  endfacet
  facet normal -0.989765 0.142706 0
    outer loop
      vertex 143.99 44.804 4
      vertex 143.962 44.6098 0
      vertex 143.962 44.6098 4
    endloop
  endfacet
  facet normal -0.803647 -0.595106 0
    outer loop
      vertex 143.663 106.111 0
      vertex 143.546 106.269 4
      vertex 143.546 106.269 0
    endloop
  endfacet
  facet normal -0.803647 -0.595106 0
    outer loop
      vertex 143.546 106.269 4
      vertex 143.663 106.111 0
      vertex 143.663 106.111 4
    endloop
  endfacet
  facet normal -0.969843 -0.24373 0
    outer loop
      vertex 143.962 105.39 0
      vertex 143.914 105.581 4
      vertex 143.914 105.581 0
    endloop
  endfacet
  facet normal -0.969843 -0.24373 0
    outer loop
      vertex 143.914 105.581 4
      vertex 143.962 105.39 0
      vertex 143.962 105.39 4
    endloop
  endfacet
  facet normal 0.989765 0.142706 0
    outer loop
      vertex 140.038 44.6098 4
      vertex 140.01 44.804 0
      vertex 140.01 44.804 4
    endloop
  endfacet
  facet normal 0.989765 0.142706 0
    outer loop
      vertex 140.01 44.804 0
      vertex 140.038 44.6098 4
      vertex 140.038 44.6098 0
    endloop
  endfacet
  facet normal 0.857448 0.514571 0
    outer loop
      vertex 140.337 43.8889 4
      vertex 140.236 44.0572 0
      vertex 140.236 44.0572 4
    endloop
  endfacet
  facet normal 0.857448 0.514571 0
    outer loop
      vertex 140.236 44.0572 0
      vertex 140.337 43.8889 4
      vertex 140.337 43.8889 0
    endloop
  endfacet
  facet normal 0.803106 0.595836 0
    outer loop
      vertex 140.454 43.7312 4
      vertex 140.337 43.8889 0
      vertex 140.337 43.8889 4
    endloop
  endfacet
  facet normal 0.803106 0.595836 0
    outer loop
      vertex 140.337 43.8889 0
      vertex 140.454 43.7312 4
      vertex 140.454 43.7312 0
    endloop
  endfacet
  facet normal -0.998701 -0.0509541 0
    outer loop
      vertex 144 105 0
      vertex 143.99 105.196 4
      vertex 143.99 105.196 0
    endloop
  endfacet
  facet normal -0.998701 -0.0509541 0
    outer loop
      vertex 143.99 105.196 4
      vertex 144 105 0
      vertex 144 105 4
    endloop
  endfacet
  facet normal 0.14285 -0.989744 0
    outer loop
      vertex 141.61 106.962 0
      vertex 141.804 106.99 4
      vertex 141.61 106.962 4
    endloop
  endfacet
  facet normal 0.14285 -0.989744 0
    outer loop
      vertex 141.804 106.99 4
      vertex 141.61 106.962 0
      vertex 141.804 106.99 0
    endloop
  endfacet
  facet normal 0.0489209 0.998803 -0
    outer loop
      vertex 142 43 0
      vertex 141.804 43.0096 4
      vertex 142 43 4
    endloop
  endfacet
  facet normal 0.0489209 0.998803 0
    outer loop
      vertex 141.804 43.0096 4
      vertex 142 43 0
      vertex 141.804 43.0096 0
    endloop
  endfacet
  facet normal -0.672622 0.739986 0
    outer loop
      vertex 143.414 43.5858 0
      vertex 143.269 43.454 4
      vertex 143.414 43.5858 4
    endloop
  endfacet
  facet normal -0.672622 0.739986 0
    outer loop
      vertex 143.269 43.454 4
      vertex 143.414 43.5858 0
      vertex 143.269 43.454 0
    endloop
  endfacet
  facet normal 0.672622 0.739986 -0
    outer loop
      vertex 140.731 43.454 0
      vertex 140.586 43.5858 4
      vertex 140.731 43.454 4
    endloop
  endfacet
  facet normal 0.672622 0.739986 0
    outer loop
      vertex 140.586 43.5858 4
      vertex 140.731 43.454 0
      vertex 140.586 43.5858 0
    endloop
  endfacet
  facet normal -0.857042 -0.515246 0
    outer loop
      vertex 143.764 105.943 0
      vertex 143.663 106.111 4
      vertex 143.663 106.111 0
    endloop
  endfacet
  facet normal -0.857042 -0.515246 0
    outer loop
      vertex 143.663 106.111 4
      vertex 143.764 105.943 0
      vertex 143.764 105.943 4
    endloop
  endfacet
  facet normal 0.515246 -0.857042 0
    outer loop
      vertex 140.889 106.663 0
      vertex 141.057 106.764 4
      vertex 140.889 106.663 4
    endloop
  endfacet
  facet normal 0.515246 -0.857042 0
    outer loop
      vertex 141.057 106.764 4
      vertex 140.889 106.663 0
      vertex 141.057 106.764 0
    endloop
  endfacet
  facet normal -0.740401 0.672166 0
    outer loop
      vertex 159.414 43.5858 0
      vertex 159.546 43.7312 4
      vertex 159.546 43.7312 0
    endloop
  endfacet
  facet normal -0.740401 0.672166 0
    outer loop
      vertex 159.546 43.7312 4
      vertex 159.414 43.5858 0
      vertex 159.414 43.5858 4
    endloop
  endfacet
  facet normal -0.941742 0.336336 0
    outer loop
      vertex 159.848 44.2346 0
      vertex 159.914 44.4194 4
      vertex 159.914 44.4194 0
    endloop
  endfacet
  facet normal -0.941742 0.336336 0
    outer loop
      vertex 159.914 44.4194 4
      vertex 159.848 44.2346 0
      vertex 159.848 44.2346 4
    endloop
  endfacet
  facet normal -0.857042 -0.515246 0
    outer loop
      vertex 159.764 105.943 0
      vertex 159.663 106.111 4
      vertex 159.663 106.111 0
    endloop
  endfacet
  facet normal -0.857042 -0.515246 0
    outer loop
      vertex 159.663 106.111 4
      vertex 159.764 105.943 0
      vertex 159.764 105.943 4
    endloop
  endfacet
  facet normal -0.941278 -0.337632 0
    outer loop
      vertex 159.914 105.581 0
      vertex 159.848 105.765 4
      vertex 159.848 105.765 0
    endloop
  endfacet
  facet normal -0.941278 -0.337632 0
    outer loop
      vertex 159.848 105.765 4
      vertex 159.914 105.581 0
      vertex 159.914 105.581 4
    endloop
  endfacet
  facet normal -1 0 0
    outer loop
      vertex 160 45 0
      vertex 160 105 4
      vertex 160 105 0
    endloop
  endfacet
  facet normal -1 -0 0
    outer loop
      vertex 160 105 4
      vertex 160 45 0
      vertex 160 45 4
    endloop
  endfacet
  facet normal 0.941278 -0.337632 0
    outer loop
      vertex 156.086 105.581 4
      vertex 156.152 105.765 0
      vertex 156.152 105.765 4
    endloop
  endfacet
  facet normal 0.941278 -0.337632 0
    outer loop
      vertex 156.152 105.765 0
      vertex 156.086 105.581 4
      vertex 156.086 105.581 0
    endloop
  endfacet
  facet normal 1 -0 0
    outer loop
      vertex 156 45 4
      vertex 156 105 0
      vertex 156 105 4
    endloop
  endfacet
  facet normal 1 0 0
    outer loop
      vertex 156 105 0
      vertex 156 45 4
      vertex 156 45 0
    endloop
  endfacet
  facet normal 0.739478 -0.67318 0
    outer loop
      vertex 156.454 106.269 4
      vertex 156.586 106.414 0
      vertex 156.586 106.414 4
    endloop
  endfacet
  facet normal 0.739478 -0.67318 0
    outer loop
      vertex 156.586 106.414 0
      vertex 156.454 106.269 4
      vertex 156.454 106.269 0
    endloop
  endfacet
  facet normal 0.594777 0.803891 -0
    outer loop
      vertex 156.889 43.3371 0
      vertex 156.731 43.454 4
      vertex 156.889 43.3371 4
    endloop
  endfacet
  facet normal 0.594777 0.803891 0
    outer loop
      vertex 156.731 43.454 4
      vertex 156.889 43.3371 0
      vertex 156.731 43.454 0
    endloop
  endfacet
  facet normal 0.337632 -0.941278 0
    outer loop
      vertex 157.235 106.848 0
      vertex 157.419 106.914 4
      vertex 157.235 106.848 4
    endloop
  endfacet
  facet normal 0.337632 -0.941278 0
    outer loop
      vertex 157.419 106.914 4
      vertex 157.235 106.848 0
      vertex 157.419 106.914 0
    endloop
  endfacet
  facet normal 0.338085 0.941115 -0
    outer loop
      vertex 157.419 43.0861 0
      vertex 157.235 43.1522 4
      vertex 157.419 43.0861 4
    endloop
  endfacet
  facet normal 0.338085 0.941115 0
    outer loop
      vertex 157.235 43.1522 4
      vertex 157.419 43.0861 0
      vertex 157.235 43.1522 0
    endloop
  endfacet
  facet normal 0.989765 0.142706 0
    outer loop
      vertex 156.038 44.6098 4
      vertex 156.01 44.804 0
      vertex 156.01 44.804 4
    endloop
  endfacet
  facet normal 0.989765 0.142706 0
    outer loop
      vertex 156.01 44.804 0
      vertex 156.038 44.6098 4
      vertex 156.038 44.6098 0
    endloop
  endfacet
  facet normal -0.857448 0.514571 0
    outer loop
      vertex 159.663 43.8889 0
      vertex 159.764 44.0572 4
      vertex 159.764 44.0572 0
    endloop
  endfacet
  facet normal -0.857448 0.514571 0
    outer loop
      vertex 159.764 44.0572 4
      vertex 159.663 43.8889 0
      vertex 159.663 43.8889 4
    endloop
  endfacet
  facet normal -0.337632 -0.941278 0
    outer loop
      vertex 158.581 106.914 0
      vertex 158.765 106.848 4
      vertex 158.581 106.914 4
    endloop
  endfacet
  facet normal -0.337632 -0.941278 -0
    outer loop
      vertex 158.765 106.848 4
      vertex 158.581 106.914 0
      vertex 158.765 106.848 0
    endloop
  endfacet
  facet normal 0.998701 0.0509541 0
    outer loop
      vertex 156.01 44.804 4
      vertex 156 45 0
      vertex 156 45 4
    endloop
  endfacet
  facet normal 0.998701 0.0509541 0
    outer loop
      vertex 156 45 0
      vertex 156.01 44.804 4
      vertex 156.01 44.804 0
    endloop
  endfacet
  facet normal 0.426775 0.904358 -0
    outer loop
      vertex 157.235 43.1522 0
      vertex 157.057 43.2362 4
      vertex 157.235 43.1522 4
    endloop
  endfacet
  facet normal 0.426775 0.904358 0
    outer loop
      vertex 157.057 43.2362 4
      vertex 157.235 43.1522 0
      vertex 157.057 43.2362 0
    endloop
  endfacet
  facet normal -0.998701 -0.0509541 0
    outer loop
      vertex 160 105 0
      vertex 159.99 105.196 4
      vertex 159.99 105.196 0
    endloop
  endfacet
  facet normal -0.998701 -0.0509541 0
    outer loop
      vertex 159.99 105.196 4
      vertex 160 105 0
      vertex 160 105 4
    endloop
  endfacet
  facet normal 0.803106 0.595836 0
    outer loop
      vertex 156.454 43.7312 4
      vertex 156.337 43.8889 0
      vertex 156.337 43.8889 4
    endloop
  endfacet
  facet normal 0.803106 0.595836 0
    outer loop
      vertex 156.337 43.8889 0
      vertex 156.454 43.7312 4
      vertex 156.454 43.7312 0
    endloop
  endfacet
  facet normal 0.803647 -0.595106 0
    outer loop
      vertex 156.337 106.111 4
      vertex 156.454 106.269 0
      vertex 156.454 106.269 4
    endloop
  endfacet
  facet normal 0.803647 -0.595106 0
    outer loop
      vertex 156.454 106.269 0
      vertex 156.337 106.111 4
      vertex 156.337 106.111 0
    endloop
  endfacet
  facet normal 0.515246 -0.857042 0
    outer loop
      vertex 156.889 106.663 0
      vertex 157.057 106.764 4
      vertex 156.889 106.663 4
    endloop
  endfacet
  facet normal 0.515246 -0.857042 0
    outer loop
      vertex 157.057 106.764 4
      vertex 156.889 106.663 0
      vertex 157.057 106.764 0
    endloop
  endfacet
  facet normal 0.514871 0.857268 -0
    outer loop
      vertex 157.057 43.2362 0
      vertex 156.889 43.3371 4
      vertex 157.057 43.2362 4
    endloop
  endfacet
  facet normal 0.514871 0.857268 0
    outer loop
      vertex 156.889 43.3371 4
      vertex 157.057 43.2362 0
      vertex 156.889 43.3371 0
    endloop
  endfacet
  facet normal -0.9038 0.427955 0
    outer loop
      vertex 159.764 44.0572 0
      vertex 159.848 44.2346 4
      vertex 159.848 44.2346 0
    endloop
  endfacet
  facet normal -0.9038 0.427955 0
    outer loop
      vertex 159.848 44.2346 4
      vertex 159.764 44.0572 0
      vertex 159.764 44.0572 4
    endloop
  endfacet
  facet normal -0.426775 -0.904358 0
    outer loop
      vertex 158.765 106.848 0
      vertex 158.943 106.764 4
      vertex 158.765 106.848 4
    endloop
  endfacet
  facet normal -0.426775 -0.904358 -0
    outer loop
      vertex 158.943 106.764 4
      vertex 158.765 106.848 0
      vertex 158.943 106.764 0
    endloop
  endfacet
  facet normal -0.0509541 -0.998701 0
    outer loop
      vertex 158 107 0
      vertex 158.196 106.99 4
      vertex 158 107 4
    endloop
  endfacet
  facet normal -0.0509541 -0.998701 -0
    outer loop
      vertex 158.196 106.99 4
      vertex 158 107 0
      vertex 158.196 106.99 0
    endloop
  endfacet
  facet normal -0.989765 0.142706 0
    outer loop
      vertex 159.962 44.6098 0
      vertex 159.99 44.804 4
      vertex 159.99 44.804 0
    endloop
  endfacet
  facet normal -0.989765 0.142706 0
    outer loop
      vertex 159.99 44.804 4
      vertex 159.962 44.6098 0
      vertex 159.962 44.6098 4
    endloop
  endfacet
  facet normal -0.595106 -0.803647 0
    outer loop
      vertex 159.111 106.663 0
      vertex 159.269 106.546 4
      vertex 159.111 106.663 4
    endloop
  endfacet
  facet normal -0.595106 -0.803647 -0
    outer loop
      vertex 159.269 106.546 4
      vertex 159.111 106.663 0
      vertex 159.269 106.546 0
    endloop
  endfacet
  facet normal 0.672622 0.739986 -0
    outer loop
      vertex 156.731 43.454 0
      vertex 156.586 43.5858 4
      vertex 156.731 43.454 4
    endloop
  endfacet
  facet normal 0.672622 0.739986 0
    outer loop
      vertex 156.586 43.5858 4
      vertex 156.731 43.454 0
      vertex 156.586 43.5858 0
    endloop
  endfacet
  facet normal 0.998701 -0.0509541 0
    outer loop
      vertex 156 105 4
      vertex 156.01 105.196 0
      vertex 156.01 105.196 4
    endloop
  endfacet
  facet normal 0.998701 -0.0509541 0
    outer loop
      vertex 156.01 105.196 0
      vertex 156 105 4
      vertex 156 105 0
    endloop
  endfacet
  facet normal 0.857042 -0.515246 0
    outer loop
      vertex 156.236 105.943 4
      vertex 156.337 106.111 0
      vertex 156.337 106.111 4
    endloop
  endfacet
  facet normal 0.857042 -0.515246 0
    outer loop
      vertex 156.337 106.111 0
      vertex 156.236 105.943 4
      vertex 156.236 105.943 0
    endloop
  endfacet
  facet normal 0.904358 -0.426775 0
    outer loop
      vertex 156.152 105.765 4
      vertex 156.236 105.943 0
      vertex 156.236 105.943 4
    endloop
  endfacet
  facet normal 0.904358 -0.426775 0
    outer loop
      vertex 156.236 105.943 0
      vertex 156.152 105.765 4
      vertex 156.152 105.765 0
    endloop
  endfacet
  facet normal 0.989744 -0.14285 0
    outer loop
      vertex 156.01 105.196 4
      vertex 156.038 105.39 0
      vertex 156.038 105.39 4
    endloop
  endfacet
  facet normal 0.989744 -0.14285 0
    outer loop
      vertex 156.038 105.39 0
      vertex 156.01 105.196 4
      vertex 156.01 105.196 0
    endloop
  endfacet
  facet normal 0.0509541 -0.998701 0
    outer loop
      vertex 157.804 106.99 0
      vertex 158 107 4
      vertex 157.804 106.99 4
    endloop
  endfacet
  facet normal 0.0509541 -0.998701 0
    outer loop
      vertex 158 107 4
      vertex 157.804 106.99 0
      vertex 158 107 0
    endloop
  endfacet
  facet normal 0.740401 0.672166 0
    outer loop
      vertex 156.586 43.5858 4
      vertex 156.454 43.7312 0
      vertex 156.454 43.7312 4
    endloop
  endfacet
  facet normal 0.740401 0.672166 0
    outer loop
      vertex 156.454 43.7312 0
      vertex 156.586 43.5858 4
      vertex 156.586 43.5858 0
    endloop
  endfacet
  facet normal -0.338085 0.941115 0
    outer loop
      vertex 158.765 43.1522 0
      vertex 158.581 43.0861 4
      vertex 158.765 43.1522 4
    endloop
  endfacet
  facet normal -0.338085 0.941115 0
    outer loop
      vertex 158.581 43.0861 4
      vertex 158.765 43.1522 0
      vertex 158.581 43.0861 0
    endloop
  endfacet
  facet normal -0.803106 0.595836 0
    outer loop
      vertex 159.546 43.7312 0
      vertex 159.663 43.8889 4
      vertex 159.663 43.8889 0
    endloop
  endfacet
  facet normal -0.803106 0.595836 0
    outer loop
      vertex 159.663 43.8889 4
      vertex 159.546 43.7312 0
      vertex 159.546 43.7312 4
    endloop
  endfacet
  facet normal 0.67318 -0.739478 0
    outer loop
      vertex 156.586 106.414 0
      vertex 156.731 106.546 4
      vertex 156.586 106.414 4
    endloop
  endfacet
  facet normal 0.67318 -0.739478 0
    outer loop
      vertex 156.731 106.546 4
      vertex 156.586 106.414 0
      vertex 156.731 106.546 0
    endloop
  endfacet
  facet normal -0.24373 -0.969843 0
    outer loop
      vertex 158.39 106.962 0
      vertex 158.581 106.914 4
      vertex 158.39 106.962 4
    endloop
  endfacet
  facet normal -0.24373 -0.969843 -0
    outer loop
      vertex 158.581 106.914 4
      vertex 158.39 106.962 0
      vertex 158.581 106.914 0
    endloop
  endfacet
  facet normal 0.969843 -0.24373 0
    outer loop
      vertex 156.038 105.39 4
      vertex 156.086 105.581 0
      vertex 156.086 105.581 4
    endloop
  endfacet
  facet normal 0.969843 -0.24373 0
    outer loop
      vertex 156.086 105.581 0
      vertex 156.038 105.39 4
      vertex 156.038 105.39 0
    endloop
  endfacet
  facet normal -0.515246 -0.857042 0
    outer loop
      vertex 158.943 106.764 0
      vertex 159.111 106.663 4
      vertex 158.943 106.764 4
    endloop
  endfacet
  facet normal -0.515246 -0.857042 -0
    outer loop
      vertex 159.111 106.663 4
      vertex 158.943 106.764 0
      vertex 159.111 106.663 0
    endloop
  endfacet
  facet normal -0.67318 -0.739478 0
    outer loop
      vertex 159.269 106.546 0
      vertex 159.414 106.414 4
      vertex 159.269 106.546 4
    endloop
  endfacet
  facet normal -0.67318 -0.739478 -0
    outer loop
      vertex 159.414 106.414 4
      vertex 159.269 106.546 0
      vertex 159.414 106.414 0
    endloop
  endfacet
  facet normal -0.989744 -0.14285 0
    outer loop
      vertex 159.99 105.196 0
      vertex 159.962 105.39 4
      vertex 159.962 105.39 0
    endloop
  endfacet
  facet normal -0.989744 -0.14285 0
    outer loop
      vertex 159.962 105.39 4
      vertex 159.99 105.196 0
      vertex 159.99 105.196 4
    endloop
  endfacet
  facet normal 0.941742 0.336336 0
    outer loop
      vertex 156.152 44.2346 4
      vertex 156.086 44.4194 0
      vertex 156.086 44.4194 4
    endloop
  endfacet
  facet normal 0.941742 0.336336 0
    outer loop
      vertex 156.086 44.4194 0
      vertex 156.152 44.2346 4
      vertex 156.152 44.2346 0
    endloop
  endfacet
  facet normal -0.242297 0.970202 0
    outer loop
      vertex 158.581 43.0861 0
      vertex 158.39 43.0384 4
      vertex 158.581 43.0861 4
    endloop
  endfacet
  facet normal -0.242297 0.970202 0
    outer loop
      vertex 158.39 43.0384 4
      vertex 158.581 43.0861 0
      vertex 158.39 43.0384 0
    endloop
  endfacet
  facet normal 0.14285 -0.989744 0
    outer loop
      vertex 157.61 106.962 0
      vertex 157.804 106.99 4
      vertex 157.61 106.962 4
    endloop
  endfacet
  facet normal 0.14285 -0.989744 0
    outer loop
      vertex 157.804 106.99 4
      vertex 157.61 106.962 0
      vertex 157.804 106.99 0
    endloop
  endfacet
  facet normal -0.803647 -0.595106 0
    outer loop
      vertex 159.663 106.111 0
      vertex 159.546 106.269 4
      vertex 159.546 106.269 0
    endloop
  endfacet
  facet normal -0.803647 -0.595106 0
    outer loop
      vertex 159.546 106.269 4
      vertex 159.663 106.111 0
      vertex 159.663 106.111 4
    endloop
  endfacet
  facet normal -0.739478 -0.67318 0
    outer loop
      vertex 159.546 106.269 0
      vertex 159.414 106.414 4
      vertex 159.414 106.414 0
    endloop
  endfacet
  facet normal -0.739478 -0.67318 0
    outer loop
      vertex 159.414 106.414 4
      vertex 159.546 106.269 0
      vertex 159.546 106.269 4
    endloop
  endfacet
  facet normal 0.242297 0.970202 -0
    outer loop
      vertex 157.61 43.0384 0
      vertex 157.419 43.0861 4
      vertex 157.61 43.0384 4
    endloop
  endfacet
  facet normal 0.242297 0.970202 0
    outer loop
      vertex 157.419 43.0861 4
      vertex 157.61 43.0384 0
      vertex 157.419 43.0861 0
    endloop
  endfacet
  facet normal 0.146844 0.98916 -0
    outer loop
      vertex 157.804 43.0096 0
      vertex 157.61 43.0384 4
      vertex 157.804 43.0096 4
    endloop
  endfacet
  facet normal 0.146844 0.98916 0
    outer loop
      vertex 157.61 43.0384 4
      vertex 157.804 43.0096 0
      vertex 157.61 43.0384 0
    endloop
  endfacet
  facet normal 0.24373 -0.969843 0
    outer loop
      vertex 157.419 106.914 0
      vertex 157.61 106.962 4
      vertex 157.419 106.914 4
    endloop
  endfacet
  facet normal 0.24373 -0.969843 0
    outer loop
      vertex 157.61 106.962 4
      vertex 157.419 106.914 0
      vertex 157.61 106.962 0
    endloop
  endfacet
  facet normal 0.426775 -0.904358 0
    outer loop
      vertex 157.057 106.764 0
      vertex 157.235 106.848 4
      vertex 157.057 106.764 4
    endloop
  endfacet
  facet normal 0.426775 -0.904358 0
    outer loop
      vertex 157.235 106.848 4
      vertex 157.057 106.764 0
      vertex 157.235 106.848 0
    endloop
  endfacet
  facet normal -0.146844 0.98916 0
    outer loop
      vertex 158.39 43.0384 0
      vertex 158.196 43.0096 4
      vertex 158.39 43.0384 4
    endloop
  endfacet
  facet normal -0.146844 0.98916 0
    outer loop
      vertex 158.196 43.0096 4
      vertex 158.39 43.0384 0
      vertex 158.196 43.0096 0
    endloop
  endfacet
  facet normal 0.9038 0.427955 0
    outer loop
      vertex 156.236 44.0572 4
      vertex 156.152 44.2346 0
      vertex 156.152 44.2346 4
    endloop
  endfacet
  facet normal 0.9038 0.427955 0
    outer loop
      vertex 156.152 44.2346 0
      vertex 156.236 44.0572 4
      vertex 156.236 44.0572 0
    endloop
  endfacet
  facet normal 0.857448 0.514571 0
    outer loop
      vertex 156.337 43.8889 4
      vertex 156.236 44.0572 0
      vertex 156.236 44.0572 4
    endloop
  endfacet
  facet normal 0.857448 0.514571 0
    outer loop
      vertex 156.236 44.0572 0
      vertex 156.337 43.8889 4
      vertex 156.337 43.8889 0
    endloop
  endfacet
  facet normal -0.969661 0.244452 0
    outer loop
      vertex 159.914 44.4194 0
      vertex 159.962 44.6098 4
      vertex 159.962 44.6098 0
    endloop
  endfacet
  facet normal -0.969661 0.244452 0
    outer loop
      vertex 159.962 44.6098 4
      vertex 159.914 44.4194 0
      vertex 159.914 44.4194 4
    endloop
  endfacet
  facet normal -0.594777 0.803891 0
    outer loop
      vertex 159.269 43.454 0
      vertex 159.111 43.3371 4
      vertex 159.269 43.454 4
    endloop
  endfacet
  facet normal -0.594777 0.803891 0
    outer loop
      vertex 159.111 43.3371 4
      vertex 159.269 43.454 0
      vertex 159.111 43.3371 0
    endloop
  endfacet
  facet normal -0.969843 -0.24373 0
    outer loop
      vertex 159.962 105.39 0
      vertex 159.914 105.581 4
      vertex 159.914 105.581 0
    endloop
  endfacet
  facet normal -0.969843 -0.24373 0
    outer loop
      vertex 159.914 105.581 4
      vertex 159.962 105.39 0
      vertex 159.962 105.39 4
    endloop
  endfacet
  facet normal -0.14285 -0.989744 0
    outer loop
      vertex 158.196 106.99 0
      vertex 158.39 106.962 4
      vertex 158.196 106.99 4
    endloop
  endfacet
  facet normal -0.14285 -0.989744 -0
    outer loop
      vertex 158.39 106.962 4
      vertex 158.196 106.99 0
      vertex 158.39 106.962 0
    endloop
  endfacet
  facet normal -0.904358 -0.426775 0
    outer loop
      vertex 159.848 105.765 0
      vertex 159.764 105.943 4
      vertex 159.764 105.943 0
    endloop
  endfacet
  facet normal -0.904358 -0.426775 0
    outer loop
      vertex 159.764 105.943 4
      vertex 159.848 105.765 0
      vertex 159.848 105.765 4
    endloop
  endfacet
  facet normal -0.426775 0.904358 0
    outer loop
      vertex 158.943 43.2362 0
      vertex 158.765 43.1522 4
      vertex 158.943 43.2362 4
    endloop
  endfacet
  facet normal -0.426775 0.904358 0
    outer loop
      vertex 158.765 43.1522 4
      vertex 158.943 43.2362 0
      vertex 158.765 43.1522 0
    endloop
  endfacet
  facet normal 0.595106 -0.803647 0
    outer loop
      vertex 156.731 106.546 0
      vertex 156.889 106.663 4
      vertex 156.731 106.546 4
    endloop
  endfacet
  facet normal 0.595106 -0.803647 0
    outer loop
      vertex 156.889 106.663 4
      vertex 156.731 106.546 0
      vertex 156.889 106.663 0
    endloop
  endfacet
  facet normal 0.969661 0.244452 0
    outer loop
      vertex 156.086 44.4194 4
      vertex 156.038 44.6098 0
      vertex 156.038 44.6098 4
    endloop
  endfacet
  facet normal 0.969661 0.244452 0
    outer loop
      vertex 156.038 44.6098 0
      vertex 156.086 44.4194 4
      vertex 156.086 44.4194 0
    endloop
  endfacet
  facet normal -0.514871 0.857268 0
    outer loop
      vertex 159.111 43.3371 0
      vertex 158.943 43.2362 4
      vertex 159.111 43.3371 4
    endloop
  endfacet
  facet normal -0.514871 0.857268 0
    outer loop
      vertex 158.943 43.2362 4
      vertex 159.111 43.3371 0
      vertex 158.943 43.2362 0
    endloop
  endfacet
  facet normal 0.0489209 0.998803 -0
    outer loop
      vertex 158 43 0
      vertex 157.804 43.0096 4
      vertex 158 43 4
    endloop
  endfacet
  facet normal 0.0489209 0.998803 0
    outer loop
      vertex 157.804 43.0096 4
      vertex 158 43 0
      vertex 157.804 43.0096 0
    endloop
  endfacet
  facet normal -0.0489209 0.998803 0
    outer loop
      vertex 158.196 43.0096 0
      vertex 158 43 4
      vertex 158.196 43.0096 4
    endloop
  endfacet
  facet normal -0.0489209 0.998803 0
    outer loop
      vertex 158 43 4
      vertex 158.196 43.0096 0
      vertex 158 43 0
    endloop
  endfacet
  facet normal -0.672622 0.739986 0
    outer loop
      vertex 159.414 43.5858 0
      vertex 159.269 43.454 4
      vertex 159.414 43.5858 4
    endloop
  endfacet
  facet normal -0.672622 0.739986 0
    outer loop
      vertex 159.269 43.454 4
      vertex 159.414 43.5858 0
      vertex 159.269 43.454 0
    endloop
  endfacet
  facet normal -0.998701 0.0509541 0
    outer loop
      vertex 159.99 44.804 0
      vertex 160 45 4
      vertex 160 45 0
    endloop
  endfacet
  facet normal -0.998701 0.0509541 0
    outer loop
      vertex 160 45 4
      vertex 159.99 44.804 0
      vertex 159.99 44.804 4
    endloop
  endfacet
  facet normal -0.740401 0.672166 0
    outer loop
      vertex 175.414 43.5858 0
      vertex 175.546 43.7312 4
      vertex 175.546 43.7312 0
    endloop
  endfacet
  facet normal -0.740401 0.672166 0
    outer loop
      vertex 175.546 43.7312 4
      vertex 175.414 43.5858 0
      vertex 175.414 43.5858 4
    endloop
  endfacet
  facet normal -0.941742 0.336336 0
    outer loop
      vertex 175.848 44.2346 0
      vertex 175.914 44.4194 4
      vertex 175.914 44.4194 0
    endloop
  endfacet
  facet normal -0.941742 0.336336 0
    outer loop
      vertex 175.914 44.4194 4
      vertex 175.848 44.2346 0
      vertex 175.848 44.2346 4
    endloop
  endfacet
  facet normal -0.857042 -0.515246 0
    outer loop
      vertex 175.764 105.943 0
      vertex 175.663 106.111 4
      vertex 175.663 106.111 0
    endloop
  endfacet
  facet normal -0.857042 -0.515246 0
    outer loop
      vertex 175.663 106.111 4
      vertex 175.764 105.943 0
      vertex 175.764 105.943 4
    endloop
  endfacet
  facet normal -0.941278 -0.337632 0
    outer loop
      vertex 175.914 105.581 0
      vertex 175.848 105.765 4
      vertex 175.848 105.765 0
    endloop
  endfacet
  facet normal -0.941278 -0.337632 0
    outer loop
      vertex 175.848 105.765 4
      vertex 175.914 105.581 0
      vertex 175.914 105.581 4
    endloop
  endfacet
  facet normal -1 0 0
    outer loop
      vertex 176 45 0
      vertex 176 105 4
      vertex 176 105 0
    endloop
  endfacet
  facet normal -1 -0 0
    outer loop
      vertex 176 105 4
      vertex 176 45 0
      vertex 176 45 4
    endloop
  endfacet
  facet normal 0.941278 -0.337632 0
    outer loop
      vertex 172.086 105.581 4
      vertex 172.152 105.765 0
      vertex 172.152 105.765 4
    endloop
  endfacet
  facet normal 0.941278 -0.337632 0
    outer loop
      vertex 172.152 105.765 0
      vertex 172.086 105.581 4
      vertex 172.086 105.581 0
    endloop
  endfacet
  facet normal 1 -0 0
    outer loop
      vertex 172 45 4
      vertex 172 105 0
      vertex 172 105 4
    endloop
  endfacet
  facet normal 1 0 0
    outer loop
      vertex 172 105 0
      vertex 172 45 4
      vertex 172 45 0
    endloop
  endfacet
  facet normal 0.739478 -0.67318 0
    outer loop
      vertex 172.454 106.269 4
      vertex 172.586 106.414 0
      vertex 172.586 106.414 4
    endloop
  endfacet
  facet normal 0.739478 -0.67318 0
    outer loop
      vertex 172.586 106.414 0
      vertex 172.454 106.269 4
      vertex 172.454 106.269 0
    endloop
  endfacet
  facet normal 0.594777 0.803891 -0
    outer loop
      vertex 172.889 43.3371 0
      vertex 172.731 43.454 4
      vertex 172.889 43.3371 4
    endloop
  endfacet
  facet normal 0.594777 0.803891 0
    outer loop
      vertex 172.731 43.454 4
      vertex 172.889 43.3371 0
      vertex 172.731 43.454 0
    endloop
  endfacet
  facet normal 0.337632 -0.941278 0
    outer loop
      vertex 173.235 106.848 0
      vertex 173.419 106.914 4
      vertex 173.235 106.848 4
    endloop
  endfacet
  facet normal 0.337632 -0.941278 0
    outer loop
      vertex 173.419 106.914 4
      vertex 173.235 106.848 0
      vertex 173.419 106.914 0
    endloop
  endfacet
  facet normal 0.338085 0.941115 -0
    outer loop
      vertex 173.419 43.0861 0
      vertex 173.235 43.1522 4
      vertex 173.419 43.0861 4
    endloop
  endfacet
  facet normal 0.338085 0.941115 0
    outer loop
      vertex 173.235 43.1522 4
      vertex 173.419 43.0861 0
      vertex 173.235 43.1522 0
    endloop
  endfacet
  facet normal 0.989765 0.142706 0
    outer loop
      vertex 172.038 44.6098 4
      vertex 172.01 44.804 0
      vertex 172.01 44.804 4
    endloop
  endfacet
  facet normal 0.989765 0.142706 0
    outer loop
      vertex 172.01 44.804 0
      vertex 172.038 44.6098 4
      vertex 172.038 44.6098 0
    endloop
  endfacet
  facet normal -0.857448 0.514571 0
    outer loop
      vertex 175.663 43.8889 0
      vertex 175.764 44.0572 4
      vertex 175.764 44.0572 0
    endloop
  endfacet
  facet normal -0.857448 0.514571 0
    outer loop
      vertex 175.764 44.0572 4
      vertex 175.663 43.8889 0
      vertex 175.663 43.8889 4
    endloop
  endfacet
  facet normal -0.337632 -0.941278 0
    outer loop
      vertex 174.581 106.914 0
      vertex 174.765 106.848 4
      vertex 174.581 106.914 4
    endloop
  endfacet
  facet normal -0.337632 -0.941278 -0
    outer loop
      vertex 174.765 106.848 4
      vertex 174.581 106.914 0
      vertex 174.765 106.848 0
    endloop
  endfacet
  facet normal 0.998701 0.0509541 0
    outer loop
      vertex 172.01 44.804 4
      vertex 172 45 0
      vertex 172 45 4
    endloop
  endfacet
  facet normal 0.998701 0.0509541 0
    outer loop
      vertex 172 45 0
      vertex 172.01 44.804 4
      vertex 172.01 44.804 0
    endloop
  endfacet
  facet normal 0.426775 0.904358 -0
    outer loop
      vertex 173.235 43.1522 0
      vertex 173.057 43.2362 4
      vertex 173.235 43.1522 4
    endloop
  endfacet
  facet normal 0.426775 0.904358 0
    outer loop
      vertex 173.057 43.2362 4
      vertex 173.235 43.1522 0
      vertex 173.057 43.2362 0
    endloop
  endfacet
  facet normal -0.998701 -0.0509541 0
    outer loop
      vertex 176 105 0
      vertex 175.99 105.196 4
      vertex 175.99 105.196 0
    endloop
  endfacet
  facet normal -0.998701 -0.0509541 0
    outer loop
      vertex 175.99 105.196 4
      vertex 176 105 0
      vertex 176 105 4
    endloop
  endfacet
  facet normal 0.803106 0.595836 0
    outer loop
      vertex 172.454 43.7312 4
      vertex 172.337 43.8889 0
      vertex 172.337 43.8889 4
    endloop
  endfacet
  facet normal 0.803106 0.595836 0
    outer loop
      vertex 172.337 43.8889 0
      vertex 172.454 43.7312 4
      vertex 172.454 43.7312 0
    endloop
  endfacet
  facet normal 0.803647 -0.595106 0
    outer loop
      vertex 172.337 106.111 4
      vertex 172.454 106.269 0
      vertex 172.454 106.269 4
    endloop
  endfacet
  facet normal 0.803647 -0.595106 0
    outer loop
      vertex 172.454 106.269 0
      vertex 172.337 106.111 4
      vertex 172.337 106.111 0
    endloop
  endfacet
  facet normal 0.515246 -0.857042 0
    outer loop
      vertex 172.889 106.663 0
      vertex 173.057 106.764 4
      vertex 172.889 106.663 4
    endloop
  endfacet
  facet normal 0.515246 -0.857042 0
    outer loop
      vertex 173.057 106.764 4
      vertex 172.889 106.663 0
      vertex 173.057 106.764 0
    endloop
  endfacet
  facet normal 0.514871 0.857268 -0
    outer loop
      vertex 173.057 43.2362 0
      vertex 172.889 43.3371 4
      vertex 173.057 43.2362 4
    endloop
  endfacet
  facet normal 0.514871 0.857268 0
    outer loop
      vertex 172.889 43.3371 4
      vertex 173.057 43.2362 0
      vertex 172.889 43.3371 0
    endloop
  endfacet
  facet normal -0.9038 0.427955 0
    outer loop
      vertex 175.764 44.0572 0
      vertex 175.848 44.2346 4
      vertex 175.848 44.2346 0
    endloop
  endfacet
  facet normal -0.9038 0.427955 0
    outer loop
      vertex 175.848 44.2346 4
      vertex 175.764 44.0572 0
      vertex 175.764 44.0572 4
    endloop
  endfacet
  facet normal -0.426775 -0.904358 0
    outer loop
      vertex 174.765 106.848 0
      vertex 174.943 106.764 4
      vertex 174.765 106.848 4
    endloop
  endfacet
  facet normal -0.426775 -0.904358 -0
    outer loop
      vertex 174.943 106.764 4
      vertex 174.765 106.848 0
      vertex 174.943 106.764 0
    endloop
  endfacet
  facet normal -0.0509541 -0.998701 0
    outer loop
      vertex 174 107 0
      vertex 174.196 106.99 4
      vertex 174 107 4
    endloop
  endfacet
  facet normal -0.0509541 -0.998701 -0
    outer loop
      vertex 174.196 106.99 4
      vertex 174 107 0
      vertex 174.196 106.99 0
    endloop
  endfacet
  facet normal -0.989765 0.142706 0
    outer loop
      vertex 175.962 44.6098 0
      vertex 175.99 44.804 4
      vertex 175.99 44.804 0
    endloop
  endfacet
  facet normal -0.989765 0.142706 0
    outer loop
      vertex 175.99 44.804 4
      vertex 175.962 44.6098 0
      vertex 175.962 44.6098 4
    endloop
  endfacet
  facet normal -0.595106 -0.803647 0
    outer loop
      vertex 175.111 106.663 0
      vertex 175.269 106.546 4
      vertex 175.111 106.663 4
    endloop
  endfacet
  facet normal -0.595106 -0.803647 -0
    outer loop
      vertex 175.269 106.546 4
      vertex 175.111 106.663 0
      vertex 175.269 106.546 0
    endloop
  endfacet
  facet normal 0.672622 0.739986 -0
    outer loop
      vertex 172.731 43.454 0
      vertex 172.586 43.5858 4
      vertex 172.731 43.454 4
    endloop
  endfacet
  facet normal 0.672622 0.739986 0
    outer loop
      vertex 172.586 43.5858 4
      vertex 172.731 43.454 0
      vertex 172.586 43.5858 0
    endloop
  endfacet
  facet normal 0.998701 -0.0509541 0
    outer loop
      vertex 172 105 4
      vertex 172.01 105.196 0
      vertex 172.01 105.196 4
    endloop
  endfacet
  facet normal 0.998701 -0.0509541 0
    outer loop
      vertex 172.01 105.196 0
      vertex 172 105 4
      vertex 172 105 0
    endloop
  endfacet
  facet normal 0.857042 -0.515246 0
    outer loop
      vertex 172.236 105.943 4
      vertex 172.337 106.111 0
      vertex 172.337 106.111 4
    endloop
  endfacet
  facet normal 0.857042 -0.515246 0
    outer loop
      vertex 172.337 106.111 0
      vertex 172.236 105.943 4
      vertex 172.236 105.943 0
    endloop
  endfacet
  facet normal 0.904358 -0.426775 0
    outer loop
      vertex 172.152 105.765 4
      vertex 172.236 105.943 0
      vertex 172.236 105.943 4
    endloop
  endfacet
  facet normal 0.904358 -0.426775 0
    outer loop
      vertex 172.236 105.943 0
      vertex 172.152 105.765 4
      vertex 172.152 105.765 0
    endloop
  endfacet
  facet normal 0.989744 -0.14285 0
    outer loop
      vertex 172.01 105.196 4
      vertex 172.038 105.39 0
      vertex 172.038 105.39 4
    endloop
  endfacet
  facet normal 0.989744 -0.14285 0
    outer loop
      vertex 172.038 105.39 0
      vertex 172.01 105.196 4
      vertex 172.01 105.196 0
    endloop
  endfacet
  facet normal 0.0509541 -0.998701 0
    outer loop
      vertex 173.804 106.99 0
      vertex 174 107 4
      vertex 173.804 106.99 4
    endloop
  endfacet
  facet normal 0.0509541 -0.998701 0
    outer loop
      vertex 174 107 4
      vertex 173.804 106.99 0
      vertex 174 107 0
    endloop
  endfacet
  facet normal 0.740401 0.672166 0
    outer loop
      vertex 172.586 43.5858 4
      vertex 172.454 43.7312 0
      vertex 172.454 43.7312 4
    endloop
  endfacet
  facet normal 0.740401 0.672166 0
    outer loop
      vertex 172.454 43.7312 0
      vertex 172.586 43.5858 4
      vertex 172.586 43.5858 0
    endloop
  endfacet
  facet normal -0.338085 0.941115 0
    outer loop
      vertex 174.765 43.1522 0
      vertex 174.581 43.0861 4
      vertex 174.765 43.1522 4
    endloop
  endfacet
  facet normal -0.338085 0.941115 0
    outer loop
      vertex 174.581 43.0861 4
      vertex 174.765 43.1522 0
      vertex 174.581 43.0861 0
    endloop
  endfacet
  facet normal -0.146844 0.98916 0
    outer loop
      vertex 174.39 43.0384 0
      vertex 174.196 43.0096 4
      vertex 174.39 43.0384 4
    endloop
  endfacet
  facet normal -0.146844 0.98916 0
    outer loop
      vertex 174.196 43.0096 4
      vertex 174.39 43.0384 0
      vertex 174.196 43.0096 0
    endloop
  endfacet
  facet normal -0.803106 0.595836 0
    outer loop
      vertex 175.546 43.7312 0
      vertex 175.663 43.8889 4
      vertex 175.663 43.8889 0
    endloop
  endfacet
  facet normal -0.803106 0.595836 0
    outer loop
      vertex 175.663 43.8889 4
      vertex 175.546 43.7312 0
      vertex 175.546 43.7312 4
    endloop
  endfacet
  facet normal 0.67318 -0.739478 0
    outer loop
      vertex 172.586 106.414 0
      vertex 172.731 106.546 4
      vertex 172.586 106.414 4
    endloop
  endfacet
  facet normal 0.67318 -0.739478 0
    outer loop
      vertex 172.731 106.546 4
      vertex 172.586 106.414 0
      vertex 172.731 106.546 0
    endloop
  endfacet
  facet normal -0.24373 -0.969843 0
    outer loop
      vertex 174.39 106.962 0
      vertex 174.581 106.914 4
      vertex 174.39 106.962 4
    endloop
  endfacet
  facet normal -0.24373 -0.969843 -0
    outer loop
      vertex 174.581 106.914 4
      vertex 174.39 106.962 0
      vertex 174.581 106.914 0
    endloop
  endfacet
  facet normal 0.969843 -0.24373 0
    outer loop
      vertex 172.038 105.39 4
      vertex 172.086 105.581 0
      vertex 172.086 105.581 4
    endloop
  endfacet
  facet normal 0.969843 -0.24373 0
    outer loop
      vertex 172.086 105.581 0
      vertex 172.038 105.39 4
      vertex 172.038 105.39 0
    endloop
  endfacet
  facet normal -0.515246 -0.857042 0
    outer loop
      vertex 174.943 106.764 0
      vertex 175.111 106.663 4
      vertex 174.943 106.764 4
    endloop
  endfacet
  facet normal -0.515246 -0.857042 -0
    outer loop
      vertex 175.111 106.663 4
      vertex 174.943 106.764 0
      vertex 175.111 106.663 0
    endloop
  endfacet
  facet normal -0.67318 -0.739478 0
    outer loop
      vertex 175.269 106.546 0
      vertex 175.414 106.414 4
      vertex 175.269 106.546 4
    endloop
  endfacet
  facet normal -0.67318 -0.739478 -0
    outer loop
      vertex 175.414 106.414 4
      vertex 175.269 106.546 0
      vertex 175.414 106.414 0
    endloop
  endfacet
  facet normal -0.989744 -0.14285 0
    outer loop
      vertex 175.99 105.196 0
      vertex 175.962 105.39 4
      vertex 175.962 105.39 0
    endloop
  endfacet
  facet normal -0.989744 -0.14285 0
    outer loop
      vertex 175.962 105.39 4
      vertex 175.99 105.196 0
      vertex 175.99 105.196 4
    endloop
  endfacet
  facet normal 0.941742 0.336336 0
    outer loop
      vertex 172.152 44.2346 4
      vertex 172.086 44.4194 0
      vertex 172.086 44.4194 4
    endloop
  endfacet
  facet normal 0.941742 0.336336 0
    outer loop
      vertex 172.086 44.4194 0
      vertex 172.152 44.2346 4
      vertex 172.152 44.2346 0
    endloop
  endfacet
  facet normal -0.242297 0.970202 0
    outer loop
      vertex 174.581 43.0861 0
      vertex 174.39 43.0384 4
      vertex 174.581 43.0861 4
    endloop
  endfacet
  facet normal -0.242297 0.970202 0
    outer loop
      vertex 174.39 43.0384 4
      vertex 174.581 43.0861 0
      vertex 174.39 43.0384 0
    endloop
  endfacet
  facet normal 0.14285 -0.989744 0
    outer loop
      vertex 173.61 106.962 0
      vertex 173.804 106.99 4
      vertex 173.61 106.962 4
    endloop
  endfacet
  facet normal 0.14285 -0.989744 0
    outer loop
      vertex 173.804 106.99 4
      vertex 173.61 106.962 0
      vertex 173.804 106.99 0
    endloop
  endfacet
  facet normal -0.803647 -0.595106 0
    outer loop
      vertex 175.663 106.111 0
      vertex 175.546 106.269 4
      vertex 175.546 106.269 0
    endloop
  endfacet
  facet normal -0.803647 -0.595106 0
    outer loop
      vertex 175.546 106.269 4
      vertex 175.663 106.111 0
      vertex 175.663 106.111 4
    endloop
  endfacet
  facet normal -0.739478 -0.67318 0
    outer loop
      vertex 175.546 106.269 0
      vertex 175.414 106.414 4
      vertex 175.414 106.414 0
    endloop
  endfacet
  facet normal -0.739478 -0.67318 0
    outer loop
      vertex 175.414 106.414 4
      vertex 175.546 106.269 0
      vertex 175.546 106.269 4
    endloop
  endfacet
  facet normal 0.242297 0.970202 -0
    outer loop
      vertex 173.61 43.0384 0
      vertex 173.419 43.0861 4
      vertex 173.61 43.0384 4
    endloop
  endfacet
  facet normal 0.242297 0.970202 0
    outer loop
      vertex 173.419 43.0861 4
      vertex 173.61 43.0384 0
      vertex 173.419 43.0861 0
    endloop
  endfacet
  facet normal 0.146844 0.98916 -0
    outer loop
      vertex 173.804 43.0096 0
      vertex 173.61 43.0384 4
      vertex 173.804 43.0096 4
    endloop
  endfacet
  facet normal 0.146844 0.98916 0
    outer loop
      vertex 173.61 43.0384 4
      vertex 173.804 43.0096 0
      vertex 173.61 43.0384 0
    endloop
  endfacet
  facet normal 0.24373 -0.969843 0
    outer loop
      vertex 173.419 106.914 0
      vertex 173.61 106.962 4
      vertex 173.419 106.914 4
    endloop
  endfacet
  facet normal 0.24373 -0.969843 0
    outer loop
      vertex 173.61 106.962 4
      vertex 173.419 106.914 0
      vertex 173.61 106.962 0
    endloop
  endfacet
  facet normal 0.426775 -0.904358 0
    outer loop
      vertex 173.057 106.764 0
      vertex 173.235 106.848 4
      vertex 173.057 106.764 4
    endloop
  endfacet
  facet normal 0.426775 -0.904358 0
    outer loop
      vertex 173.235 106.848 4
      vertex 173.057 106.764 0
      vertex 173.235 106.848 0
    endloop
  endfacet
  facet normal 0.9038 0.427955 0
    outer loop
      vertex 172.236 44.0572 4
      vertex 172.152 44.2346 0
      vertex 172.152 44.2346 4
    endloop
  endfacet
  facet normal 0.9038 0.427955 0
    outer loop
      vertex 172.152 44.2346 0
      vertex 172.236 44.0572 4
      vertex 172.236 44.0572 0
    endloop
  endfacet
  facet normal 0.857448 0.514571 0
    outer loop
      vertex 172.337 43.8889 4
      vertex 172.236 44.0572 0
      vertex 172.236 44.0572 4
    endloop
  endfacet
  facet normal 0.857448 0.514571 0
    outer loop
      vertex 172.236 44.0572 0
      vertex 172.337 43.8889 4
      vertex 172.337 43.8889 0
    endloop
  endfacet
  facet normal -0.969661 0.244452 0
    outer loop
      vertex 175.914 44.4194 0
      vertex 175.962 44.6098 4
      vertex 175.962 44.6098 0
    endloop
  endfacet
  facet normal -0.969661 0.244452 0
    outer loop
      vertex 175.962 44.6098 4
      vertex 175.914 44.4194 0
      vertex 175.914 44.4194 4
    endloop
  endfacet
  facet normal -0.594777 0.803891 0
    outer loop
      vertex 175.269 43.454 0
      vertex 175.111 43.3371 4
      vertex 175.269 43.454 4
    endloop
  endfacet
  facet normal -0.594777 0.803891 0
    outer loop
      vertex 175.111 43.3371 4
      vertex 175.269 43.454 0
      vertex 175.111 43.3371 0
    endloop
  endfacet
  facet normal -0.969843 -0.24373 0
    outer loop
      vertex 175.962 105.39 0
      vertex 175.914 105.581 4
      vertex 175.914 105.581 0
    endloop
  endfacet
  facet normal -0.969843 -0.24373 0
    outer loop
      vertex 175.914 105.581 4
      vertex 175.962 105.39 0
      vertex 175.962 105.39 4
    endloop
  endfacet
  facet normal -0.14285 -0.989744 0
    outer loop
      vertex 174.196 106.99 0
      vertex 174.39 106.962 4
      vertex 174.196 106.99 4
    endloop
  endfacet
  facet normal -0.14285 -0.989744 -0
    outer loop
      vertex 174.39 106.962 4
      vertex 174.196 106.99 0
      vertex 174.39 106.962 0
    endloop
  endfacet
  facet normal -0.904358 -0.426775 0
    outer loop
      vertex 175.848 105.765 0
      vertex 175.764 105.943 4
      vertex 175.764 105.943 0
    endloop
  endfacet
  facet normal -0.904358 -0.426775 0
    outer loop
      vertex 175.764 105.943 4
      vertex 175.848 105.765 0
      vertex 175.848 105.765 4
    endloop
  endfacet
  facet normal -0.426775 0.904358 0
    outer loop
      vertex 174.943 43.2362 0
      vertex 174.765 43.1522 4
      vertex 174.943 43.2362 4
    endloop
  endfacet
  facet normal -0.426775 0.904358 0
    outer loop
      vertex 174.765 43.1522 4
      vertex 174.943 43.2362 0
      vertex 174.765 43.1522 0
    endloop
  endfacet
  facet normal 0.595106 -0.803647 0
    outer loop
      vertex 172.731 106.546 0
      vertex 172.889 106.663 4
      vertex 172.731 106.546 4
    endloop
  endfacet
  facet normal 0.595106 -0.803647 0
    outer loop
      vertex 172.889 106.663 4
      vertex 172.731 106.546 0
      vertex 172.889 106.663 0
    endloop
  endfacet
  facet normal 0.969661 0.244452 0
    outer loop
      vertex 172.086 44.4194 4
      vertex 172.038 44.6098 0
      vertex 172.038 44.6098 4
    endloop
  endfacet
  facet normal 0.969661 0.244452 0
    outer loop
      vertex 172.038 44.6098 0
      vertex 172.086 44.4194 4
      vertex 172.086 44.4194 0
    endloop
  endfacet
  facet normal -0.514871 0.857268 0
    outer loop
      vertex 175.111 43.3371 0
      vertex 174.943 43.2362 4
      vertex 175.111 43.3371 4
    endloop
  endfacet
  facet normal -0.514871 0.857268 0
    outer loop
      vertex 174.943 43.2362 4
      vertex 175.111 43.3371 0
      vertex 174.943 43.2362 0
    endloop
  endfacet
  facet normal 0.0489209 0.998803 -0
    outer loop
      vertex 174 43 0
      vertex 173.804 43.0096 4
      vertex 174 43 4
    endloop
  endfacet
  facet normal 0.0489209 0.998803 0
    outer loop
      vertex 173.804 43.0096 4
      vertex 174 43 0
      vertex 173.804 43.0096 0
    endloop
  endfacet
  facet normal -0.0489209 0.998803 0
    outer loop
      vertex 174.196 43.0096 0
      vertex 174 43 4
      vertex 174.196 43.0096 4
    endloop
  endfacet
  facet normal -0.0489209 0.998803 0
    outer loop
      vertex 174 43 4
      vertex 174.196 43.0096 0
      vertex 174 43 0
    endloop
  endfacet
  facet normal -0.672622 0.739986 0
    outer loop
      vertex 175.414 43.5858 0
      vertex 175.269 43.454 4
      vertex 175.414 43.5858 4
    endloop
  endfacet
  facet normal -0.672622 0.739986 0
    outer loop
      vertex 175.269 43.454 4
      vertex 175.414 43.5858 0
      vertex 175.269 43.454 0
    endloop
  endfacet
  facet normal -0.998701 0.0509541 0
    outer loop
      vertex 175.99 44.804 0
      vertex 176 45 4
      vertex 176 45 0
    endloop
  endfacet
  facet normal -0.998701 0.0509541 0
    outer loop
      vertex 176 45 4
      vertex 175.99 44.804 0
      vertex 175.99 44.804 4
    endloop
  endfacet
  facet normal -0.672622 0.739986 0
    outer loop
      vertex 191.414 43.5858 0
      vertex 191.269 43.454 4
      vertex 191.414 43.5858 4
    endloop
  endfacet
  facet normal -0.672622 0.739986 0
    outer loop
      vertex 191.269 43.454 4
      vertex 191.414 43.5858 0
      vertex 191.269 43.454 0
    endloop
  endfacet
  facet normal 0.594777 0.803891 -0
    outer loop
      vertex 188.889 43.3371 0
      vertex 188.731 43.454 4
      vertex 188.889 43.3371 4
    endloop
  endfacet
  facet normal 0.594777 0.803891 0
    outer loop
      vertex 188.731 43.454 4
      vertex 188.889 43.3371 0
      vertex 188.731 43.454 0
    endloop
  endfacet
  facet normal 0.514871 0.857268 -0
    outer loop
      vertex 189.057 43.2362 0
      vertex 188.889 43.3371 4
      vertex 189.057 43.2362 4
    endloop
  endfacet
  facet normal 0.514871 0.857268 0
    outer loop
      vertex 188.889 43.3371 4
      vertex 189.057 43.2362 0
      vertex 188.889 43.3371 0
    endloop
  endfacet
  facet normal 0.337632 -0.941278 0
    outer loop
      vertex 189.235 106.848 0
      vertex 189.419 106.914 4
      vertex 189.235 106.848 4
    endloop
  endfacet
  facet normal 0.337632 -0.941278 0
    outer loop
      vertex 189.419 106.914 4
      vertex 189.235 106.848 0
      vertex 189.419 106.914 0
    endloop
  endfacet
  facet normal 0.941278 -0.337632 0
    outer loop
      vertex 188.086 105.581 4
      vertex 188.152 105.765 0
      vertex 188.152 105.765 4
    endloop
  endfacet
  facet normal 0.941278 -0.337632 0
    outer loop
      vertex 188.152 105.765 0
      vertex 188.086 105.581 4
      vertex 188.086 105.581 0
    endloop
  endfacet
  facet normal -0.941742 0.336336 0
    outer loop
      vertex 191.848 44.2346 0
      vertex 191.914 44.4194 4
      vertex 191.914 44.4194 0
    endloop
  endfacet
  facet normal -0.941742 0.336336 0
    outer loop
      vertex 191.914 44.4194 4
      vertex 191.848 44.2346 0
      vertex 191.848 44.2346 4
    endloop
  endfacet
  facet normal -0.426775 -0.904358 0
    outer loop
      vertex 190.765 106.848 0
      vertex 190.943 106.764 4
      vertex 190.765 106.848 4
    endloop
  endfacet
  facet normal -0.426775 -0.904358 -0
    outer loop
      vertex 190.943 106.764 4
      vertex 190.765 106.848 0
      vertex 190.943 106.764 0
    endloop
  endfacet
  facet normal 0.857042 -0.515246 0
    outer loop
      vertex 188.236 105.943 4
      vertex 188.337 106.111 0
      vertex 188.337 106.111 4
    endloop
  endfacet
  facet normal 0.857042 -0.515246 0
    outer loop
      vertex 188.337 106.111 0
      vertex 188.236 105.943 4
      vertex 188.236 105.943 0
    endloop
  endfacet
  facet normal -0.998701 -0.0509541 0
    outer loop
      vertex 192 105 0
      vertex 191.99 105.196 4
      vertex 191.99 105.196 0
    endloop
  endfacet
  facet normal -0.998701 -0.0509541 0
    outer loop
      vertex 191.99 105.196 4
      vertex 192 105 0
      vertex 192 105 4
    endloop
  endfacet
  facet normal -1 0 0
    outer loop
      vertex 192 45 0
      vertex 192 105 4
      vertex 192 105 0
    endloop
  endfacet
  facet normal -1 -0 0
    outer loop
      vertex 192 105 4
      vertex 192 45 0
      vertex 192 45 4
    endloop
  endfacet
  facet normal 1 -0 0
    outer loop
      vertex 188 45 4
      vertex 188 105 0
      vertex 188 105 4
    endloop
  endfacet
  facet normal 1 0 0
    outer loop
      vertex 188 105 0
      vertex 188 45 4
      vertex 188 45 0
    endloop
  endfacet
  facet normal 0.969843 -0.24373 0
    outer loop
      vertex 188.038 105.39 4
      vertex 188.086 105.581 0
      vertex 188.086 105.581 4
    endloop
  endfacet
  facet normal 0.969843 -0.24373 0
    outer loop
      vertex 188.086 105.581 0
      vertex 188.038 105.39 4
      vertex 188.038 105.39 0
    endloop
  endfacet
  facet normal -0.514871 0.857268 0
    outer loop
      vertex 191.111 43.3371 0
      vertex 190.943 43.2362 4
      vertex 191.111 43.3371 4
    endloop
  endfacet
  facet normal -0.514871 0.857268 0
    outer loop
      vertex 190.943 43.2362 4
      vertex 191.111 43.3371 0
      vertex 190.943 43.2362 0
    endloop
  endfacet
  facet normal -0.857042 -0.515246 0
    outer loop
      vertex 191.764 105.943 0
      vertex 191.663 106.111 4
      vertex 191.663 106.111 0
    endloop
  endfacet
  facet normal -0.857042 -0.515246 0
    outer loop
      vertex 191.663 106.111 4
      vertex 191.764 105.943 0
      vertex 191.764 105.943 4
    endloop
  endfacet
  facet normal 0.857448 0.514571 0
    outer loop
      vertex 188.337 43.8889 4
      vertex 188.236 44.0572 0
      vertex 188.236 44.0572 4
    endloop
  endfacet
  facet normal 0.857448 0.514571 0
    outer loop
      vertex 188.236 44.0572 0
      vertex 188.337 43.8889 4
      vertex 188.337 43.8889 0
    endloop
  endfacet
  facet normal -0.998701 0.0509541 0
    outer loop
      vertex 191.99 44.804 0
      vertex 192 45 4
      vertex 192 45 0
    endloop
  endfacet
  facet normal -0.998701 0.0509541 0
    outer loop
      vertex 192 45 4
      vertex 191.99 44.804 0
      vertex 191.99 44.804 4
    endloop
  endfacet
  facet normal -0.989765 0.142706 0
    outer loop
      vertex 191.962 44.6098 0
      vertex 191.99 44.804 4
      vertex 191.99 44.804 0
    endloop
  endfacet
  facet normal -0.989765 0.142706 0
    outer loop
      vertex 191.99 44.804 4
      vertex 191.962 44.6098 0
      vertex 191.962 44.6098 4
    endloop
  endfacet
  facet normal 0.14285 -0.989744 0
    outer loop
      vertex 189.61 106.962 0
      vertex 189.804 106.99 4
      vertex 189.61 106.962 4
    endloop
  endfacet
  facet normal 0.14285 -0.989744 0
    outer loop
      vertex 189.804 106.99 4
      vertex 189.61 106.962 0
      vertex 189.804 106.99 0
    endloop
  endfacet
  facet normal -0.337632 -0.941278 0
    outer loop
      vertex 190.581 106.914 0
      vertex 190.765 106.848 4
      vertex 190.581 106.914 4
    endloop
  endfacet
  facet normal -0.337632 -0.941278 -0
    outer loop
      vertex 190.765 106.848 4
      vertex 190.581 106.914 0
      vertex 190.765 106.848 0
    endloop
  endfacet
  facet normal 0.941742 0.336336 0
    outer loop
      vertex 188.152 44.2346 4
      vertex 188.086 44.4194 0
      vertex 188.086 44.4194 4
    endloop
  endfacet
  facet normal 0.941742 0.336336 0
    outer loop
      vertex 188.086 44.4194 0
      vertex 188.152 44.2346 4
      vertex 188.152 44.2346 0
    endloop
  endfacet
  facet normal -0.941278 -0.337632 0
    outer loop
      vertex 191.914 105.581 0
      vertex 191.848 105.765 4
      vertex 191.848 105.765 0
    endloop
  endfacet
  facet normal -0.941278 -0.337632 0
    outer loop
      vertex 191.848 105.765 4
      vertex 191.914 105.581 0
      vertex 191.914 105.581 4
    endloop
  endfacet
  facet normal 0.426775 0.904358 -0
    outer loop
      vertex 189.235 43.1522 0
      vertex 189.057 43.2362 4
      vertex 189.235 43.1522 4
    endloop
  endfacet
  facet normal 0.426775 0.904358 0
    outer loop
      vertex 189.057 43.2362 4
      vertex 189.235 43.1522 0
      vertex 189.057 43.2362 0
    endloop
  endfacet
  facet normal -0.969661 0.244452 0
    outer loop
      vertex 191.914 44.4194 0
      vertex 191.962 44.6098 4
      vertex 191.962 44.6098 0
    endloop
  endfacet
  facet normal -0.969661 0.244452 0
    outer loop
      vertex 191.962 44.6098 4
      vertex 191.914 44.4194 0
      vertex 191.914 44.4194 4
    endloop
  endfacet
  facet normal -0.594777 0.803891 0
    outer loop
      vertex 191.269 43.454 0
      vertex 191.111 43.3371 4
      vertex 191.269 43.454 4
    endloop
  endfacet
  facet normal -0.594777 0.803891 0
    outer loop
      vertex 191.111 43.3371 4
      vertex 191.269 43.454 0
      vertex 191.111 43.3371 0
    endloop
  endfacet
  facet normal -0.739478 -0.67318 0
    outer loop
      vertex 191.546 106.269 0
      vertex 191.414 106.414 4
      vertex 191.414 106.414 0
    endloop
  endfacet
  facet normal -0.739478 -0.67318 0
    outer loop
      vertex 191.414 106.414 4
      vertex 191.546 106.269 0
      vertex 191.546 106.269 4
    endloop
  endfacet
  facet normal -0.803647 -0.595106 0
    outer loop
      vertex 191.663 106.111 0
      vertex 191.546 106.269 4
      vertex 191.546 106.269 0
    endloop
  endfacet
  facet normal -0.803647 -0.595106 0
    outer loop
      vertex 191.546 106.269 4
      vertex 191.663 106.111 0
      vertex 191.663 106.111 4
    endloop
  endfacet
  facet normal -0.904358 -0.426775 0
    outer loop
      vertex 191.848 105.765 0
      vertex 191.764 105.943 4
      vertex 191.764 105.943 0
    endloop
  endfacet
  facet normal -0.904358 -0.426775 0
    outer loop
      vertex 191.764 105.943 4
      vertex 191.848 105.765 0
      vertex 191.848 105.765 4
    endloop
  endfacet
  facet normal 0.998701 -0.0509541 0
    outer loop
      vertex 188 105 4
      vertex 188.01 105.196 0
      vertex 188.01 105.196 4
    endloop
  endfacet
  facet normal 0.998701 -0.0509541 0
    outer loop
      vertex 188.01 105.196 0
      vertex 188 105 4
      vertex 188 105 0
    endloop
  endfacet
  facet normal 0.672622 0.739986 -0
    outer loop
      vertex 188.731 43.454 0
      vertex 188.586 43.5858 4
      vertex 188.731 43.454 4
    endloop
  endfacet
  facet normal 0.672622 0.739986 0
    outer loop
      vertex 188.586 43.5858 4
      vertex 188.731 43.454 0
      vertex 188.586 43.5858 0
    endloop
  endfacet
  facet normal -0.595106 -0.803647 0
    outer loop
      vertex 191.111 106.663 0
      vertex 191.269 106.546 4
      vertex 191.111 106.663 4
    endloop
  endfacet
  facet normal -0.595106 -0.803647 -0
    outer loop
      vertex 191.269 106.546 4
      vertex 191.111 106.663 0
      vertex 191.269 106.546 0
    endloop
  endfacet
  facet normal -0.24373 -0.969843 0
    outer loop
      vertex 190.39 106.962 0
      vertex 190.581 106.914 4
      vertex 190.39 106.962 4
    endloop
  endfacet
  facet normal -0.24373 -0.969843 -0
    outer loop
      vertex 190.581 106.914 4
      vertex 190.39 106.962 0
      vertex 190.581 106.914 0
    endloop
  endfacet
  facet normal -0.857448 0.514571 0
    outer loop
      vertex 191.663 43.8889 0
      vertex 191.764 44.0572 4
      vertex 191.764 44.0572 0
    endloop
  endfacet
  facet normal -0.857448 0.514571 0
    outer loop
      vertex 191.764 44.0572 4
      vertex 191.663 43.8889 0
      vertex 191.663 43.8889 4
    endloop
  endfacet
  facet normal -0.969843 -0.24373 0
    outer loop
      vertex 191.962 105.39 0
      vertex 191.914 105.581 4
      vertex 191.914 105.581 0
    endloop
  endfacet
  facet normal -0.969843 -0.24373 0
    outer loop
      vertex 191.914 105.581 4
      vertex 191.962 105.39 0
      vertex 191.962 105.39 4
    endloop
  endfacet
  facet normal 0.989765 0.142706 0
    outer loop
      vertex 188.038 44.6098 4
      vertex 188.01 44.804 0
      vertex 188.01 44.804 4
    endloop
  endfacet
  facet normal 0.989765 0.142706 0
    outer loop
      vertex 188.01 44.804 0
      vertex 188.038 44.6098 4
      vertex 188.038 44.6098 0
    endloop
  endfacet
  facet normal -0.803106 0.595836 0
    outer loop
      vertex 191.546 43.7312 0
      vertex 191.663 43.8889 4
      vertex 191.663 43.8889 0
    endloop
  endfacet
  facet normal -0.803106 0.595836 0
    outer loop
      vertex 191.663 43.8889 4
      vertex 191.546 43.7312 0
      vertex 191.546 43.7312 4
    endloop
  endfacet
  facet normal 0.595106 -0.803647 0
    outer loop
      vertex 188.731 106.546 0
      vertex 188.889 106.663 4
      vertex 188.731 106.546 4
    endloop
  endfacet
  facet normal 0.595106 -0.803647 0
    outer loop
      vertex 188.889 106.663 4
      vertex 188.731 106.546 0
      vertex 188.889 106.663 0
    endloop
  endfacet
  facet normal 0.0489209 0.998803 -0
    outer loop
      vertex 190 43 0
      vertex 189.804 43.0096 4
      vertex 190 43 4
    endloop
  endfacet
  facet normal 0.0489209 0.998803 0
    outer loop
      vertex 189.804 43.0096 4
      vertex 190 43 0
      vertex 189.804 43.0096 0
    endloop
  endfacet
  facet normal 0.904358 -0.426775 0
    outer loop
      vertex 188.152 105.765 4
      vertex 188.236 105.943 0
      vertex 188.236 105.943 4
    endloop
  endfacet
  facet normal 0.904358 -0.426775 0
    outer loop
      vertex 188.236 105.943 0
      vertex 188.152 105.765 4
      vertex 188.152 105.765 0
    endloop
  endfacet
  facet normal 0.67318 -0.739478 0
    outer loop
      vertex 188.586 106.414 0
      vertex 188.731 106.546 4
      vertex 188.586 106.414 4
    endloop
  endfacet
  facet normal 0.67318 -0.739478 0
    outer loop
      vertex 188.731 106.546 4
      vertex 188.586 106.414 0
      vertex 188.731 106.546 0
    endloop
  endfacet
  facet normal -0.426775 0.904358 0
    outer loop
      vertex 190.943 43.2362 0
      vertex 190.765 43.1522 4
      vertex 190.943 43.2362 4
    endloop
  endfacet
  facet normal -0.426775 0.904358 0
    outer loop
      vertex 190.765 43.1522 4
      vertex 190.943 43.2362 0
      vertex 190.765 43.1522 0
    endloop
  endfacet
  facet normal 0.989744 -0.14285 0
    outer loop
      vertex 188.01 105.196 4
      vertex 188.038 105.39 0
      vertex 188.038 105.39 4
    endloop
  endfacet
  facet normal 0.989744 -0.14285 0
    outer loop
      vertex 188.038 105.39 0
      vertex 188.01 105.196 4
      vertex 188.01 105.196 0
    endloop
  endfacet
  facet normal 0.739478 -0.67318 0
    outer loop
      vertex 188.454 106.269 4
      vertex 188.586 106.414 0
      vertex 188.586 106.414 4
    endloop
  endfacet
  facet normal 0.739478 -0.67318 0
    outer loop
      vertex 188.586 106.414 0
      vertex 188.454 106.269 4
      vertex 188.454 106.269 0
    endloop
  endfacet
  facet normal -0.515246 -0.857042 0
    outer loop
      vertex 190.943 106.764 0
      vertex 191.111 106.663 4
      vertex 190.943 106.764 4
    endloop
  endfacet
  facet normal -0.515246 -0.857042 -0
    outer loop
      vertex 191.111 106.663 4
      vertex 190.943 106.764 0
      vertex 191.111 106.663 0
    endloop
  endfacet
  facet normal 0.803106 0.595836 0
    outer loop
      vertex 188.454 43.7312 4
      vertex 188.337 43.8889 0
      vertex 188.337 43.8889 4
    endloop
  endfacet
  facet normal 0.803106 0.595836 0
    outer loop
      vertex 188.337 43.8889 0
      vertex 188.454 43.7312 4
      vertex 188.454 43.7312 0
    endloop
  endfacet
  facet normal 0.242297 0.970202 -0
    outer loop
      vertex 189.61 43.0384 0
      vertex 189.419 43.0861 4
      vertex 189.61 43.0384 4
    endloop
  endfacet
  facet normal 0.242297 0.970202 0
    outer loop
      vertex 189.419 43.0861 4
      vertex 189.61 43.0384 0
      vertex 189.419 43.0861 0
    endloop
  endfacet
  facet normal 0.0509541 -0.998701 0
    outer loop
      vertex 189.804 106.99 0
      vertex 190 107 4
      vertex 189.804 106.99 4
    endloop
  endfacet
  facet normal 0.0509541 -0.998701 0
    outer loop
      vertex 190 107 4
      vertex 189.804 106.99 0
      vertex 190 107 0
    endloop
  endfacet
  facet normal 0.740401 0.672166 0
    outer loop
      vertex 188.586 43.5858 4
      vertex 188.454 43.7312 0
      vertex 188.454 43.7312 4
    endloop
  endfacet
  facet normal 0.740401 0.672166 0
    outer loop
      vertex 188.454 43.7312 0
      vertex 188.586 43.5858 4
      vertex 188.586 43.5858 0
    endloop
  endfacet
  facet normal 0.998701 0.0509541 0
    outer loop
      vertex 188.01 44.804 4
      vertex 188 45 0
      vertex 188 45 4
    endloop
  endfacet
  facet normal 0.998701 0.0509541 0
    outer loop
      vertex 188 45 0
      vertex 188.01 44.804 4
      vertex 188.01 44.804 0
    endloop
  endfacet
  facet normal -0.0509541 -0.998701 0
    outer loop
      vertex 190 107 0
      vertex 190.196 106.99 4
      vertex 190 107 4
    endloop
  endfacet
  facet normal -0.0509541 -0.998701 -0
    outer loop
      vertex 190.196 106.99 4
      vertex 190 107 0
      vertex 190.196 106.99 0
    endloop
  endfacet
  facet normal -0.14285 -0.989744 0
    outer loop
      vertex 190.196 106.99 0
      vertex 190.39 106.962 4
      vertex 190.196 106.99 4
    endloop
  endfacet
  facet normal -0.14285 -0.989744 -0
    outer loop
      vertex 190.39 106.962 4
      vertex 190.196 106.99 0
      vertex 190.39 106.962 0
    endloop
  endfacet
  facet normal -0.0489209 0.998803 0
    outer loop
      vertex 190.196 43.0096 0
      vertex 190 43 4
      vertex 190.196 43.0096 4
    endloop
  endfacet
  facet normal -0.0489209 0.998803 0
    outer loop
      vertex 190 43 4
      vertex 190.196 43.0096 0
      vertex 190 43 0
    endloop
  endfacet
  facet normal 0.338085 0.941115 -0
    outer loop
      vertex 189.419 43.0861 0
      vertex 189.235 43.1522 4
      vertex 189.419 43.0861 4
    endloop
  endfacet
  facet normal 0.338085 0.941115 0
    outer loop
      vertex 189.235 43.1522 4
      vertex 189.419 43.0861 0
      vertex 189.235 43.1522 0
    endloop
  endfacet
  facet normal -0.338085 0.941115 0
    outer loop
      vertex 190.765 43.1522 0
      vertex 190.581 43.0861 4
      vertex 190.765 43.1522 4
    endloop
  endfacet
  facet normal -0.338085 0.941115 0
    outer loop
      vertex 190.581 43.0861 4
      vertex 190.765 43.1522 0
      vertex 190.581 43.0861 0
    endloop
  endfacet
  facet normal -0.146844 0.98916 0
    outer loop
      vertex 190.39 43.0384 0
      vertex 190.196 43.0096 4
      vertex 190.39 43.0384 4
    endloop
  endfacet
  facet normal -0.146844 0.98916 0
    outer loop
      vertex 190.196 43.0096 4
      vertex 190.39 43.0384 0
      vertex 190.196 43.0096 0
    endloop
  endfacet
  facet normal -0.242297 0.970202 0
    outer loop
      vertex 190.581 43.0861 0
      vertex 190.39 43.0384 4
      vertex 190.581 43.0861 4
    endloop
  endfacet
  facet normal -0.242297 0.970202 0
    outer loop
      vertex 190.39 43.0384 4
      vertex 190.581 43.0861 0
      vertex 190.39 43.0384 0
    endloop
  endfacet
  facet normal 0.146844 0.98916 -0
    outer loop
      vertex 189.804 43.0096 0
      vertex 189.61 43.0384 4
      vertex 189.804 43.0096 4
    endloop
  endfacet
  facet normal 0.146844 0.98916 0
    outer loop
      vertex 189.61 43.0384 4
      vertex 189.804 43.0096 0
      vertex 189.61 43.0384 0
    endloop
  endfacet
  facet normal 0.969661 0.244452 0
    outer loop
      vertex 188.086 44.4194 4
      vertex 188.038 44.6098 0
      vertex 188.038 44.6098 4
    endloop
  endfacet
  facet normal 0.969661 0.244452 0
    outer loop
      vertex 188.038 44.6098 0
      vertex 188.086 44.4194 4
      vertex 188.086 44.4194 0
    endloop
  endfacet
  facet normal -0.67318 -0.739478 0
    outer loop
      vertex 191.269 106.546 0
      vertex 191.414 106.414 4
      vertex 191.269 106.546 4
    endloop
  endfacet
  facet normal -0.67318 -0.739478 -0
    outer loop
      vertex 191.414 106.414 4
      vertex 191.269 106.546 0
      vertex 191.414 106.414 0
    endloop
  endfacet
  facet normal -0.740401 0.672166 0
    outer loop
      vertex 191.414 43.5858 0
      vertex 191.546 43.7312 4
      vertex 191.546 43.7312 0
    endloop
  endfacet
  facet normal -0.740401 0.672166 0
    outer loop
      vertex 191.546 43.7312 4
      vertex 191.414 43.5858 0
      vertex 191.414 43.5858 4
    endloop
  endfacet
  facet normal 0.803647 -0.595106 0
    outer loop
      vertex 188.337 106.111 4
      vertex 188.454 106.269 0
      vertex 188.454 106.269 4
    endloop
  endfacet
  facet normal 0.803647 -0.595106 0
    outer loop
      vertex 188.454 106.269 0
      vertex 188.337 106.111 4
      vertex 188.337 106.111 0
    endloop
  endfacet
  facet normal 0.9038 0.427955 0
    outer loop
      vertex 188.236 44.0572 4
      vertex 188.152 44.2346 0
      vertex 188.152 44.2346 4
    endloop
  endfacet
  facet normal 0.9038 0.427955 0
    outer loop
      vertex 188.152 44.2346 0
      vertex 188.236 44.0572 4
      vertex 188.236 44.0572 0
    endloop
  endfacet
  facet normal -0.9038 0.427955 0
    outer loop
      vertex 191.764 44.0572 0
      vertex 191.848 44.2346 4
      vertex 191.848 44.2346 0
    endloop
  endfacet
  facet normal -0.9038 0.427955 0
    outer loop
      vertex 191.848 44.2346 4
      vertex 191.764 44.0572 0
      vertex 191.764 44.0572 4
    endloop
  endfacet
  facet normal 0.24373 -0.969843 0
    outer loop
      vertex 189.419 106.914 0
      vertex 189.61 106.962 4
      vertex 189.419 106.914 4
    endloop
  endfacet
  facet normal 0.24373 -0.969843 0
    outer loop
      vertex 189.61 106.962 4
      vertex 189.419 106.914 0
      vertex 189.61 106.962 0
    endloop
  endfacet
  facet normal 0.426775 -0.904358 0
    outer loop
      vertex 189.057 106.764 0
      vertex 189.235 106.848 4
      vertex 189.057 106.764 4
    endloop
  endfacet
  facet normal 0.426775 -0.904358 0
    outer loop
      vertex 189.235 106.848 4
      vertex 189.057 106.764 0
      vertex 189.235 106.848 0
    endloop
  endfacet
  facet normal 0.515246 -0.857042 0
    outer loop
      vertex 188.889 106.663 0
      vertex 189.057 106.764 4
      vertex 188.889 106.663 4
    endloop
  endfacet
  facet normal 0.515246 -0.857042 0
    outer loop
      vertex 189.057 106.764 4
      vertex 188.889 106.663 0
      vertex 189.057 106.764 0
    endloop
  endfacet
  facet normal -0.989744 -0.14285 0
    outer loop
      vertex 191.99 105.196 0
      vertex 191.962 105.39 4
      vertex 191.962 105.39 0
    endloop
  endfacet
  facet normal -0.989744 -0.14285 0
    outer loop
      vertex 191.962 105.39 4
      vertex 191.99 105.196 0
      vertex 191.99 105.196 4
    endloop
  endfacet
  facet normal 0.426775 0.904358 -0
    outer loop
      vertex 205.235 43.1522 0
      vertex 205.057 43.2362 4
      vertex 205.235 43.1522 4
    endloop
  endfacet
  facet normal 0.426775 0.904358 0
    outer loop
      vertex 205.057 43.2362 4
      vertex 205.235 43.1522 0
      vertex 205.057 43.2362 0
    endloop
  endfacet
  facet normal 0.514871 0.857268 -0
    outer loop
      vertex 205.057 43.2362 0
      vertex 204.889 43.3371 4
      vertex 205.057 43.2362 4
    endloop
  endfacet
  facet normal 0.514871 0.857268 0
    outer loop
      vertex 204.889 43.3371 4
      vertex 205.057 43.2362 0
      vertex 204.889 43.3371 0
    endloop
  endfacet
  facet normal -0.739478 -0.67318 0
    outer loop
      vertex 207.546 106.269 0
      vertex 207.414 106.414 4
      vertex 207.414 106.414 0
    endloop
  endfacet
  facet normal -0.739478 -0.67318 0
    outer loop
      vertex 207.414 106.414 4
      vertex 207.546 106.269 0
      vertex 207.546 106.269 4
    endloop
  endfacet
  facet normal 0.337632 -0.941278 0
    outer loop
      vertex 205.235 106.848 0
      vertex 205.419 106.914 4
      vertex 205.235 106.848 4
    endloop
  endfacet
  facet normal 0.337632 -0.941278 0
    outer loop
      vertex 205.419 106.914 4
      vertex 205.235 106.848 0
      vertex 205.419 106.914 0
    endloop
  endfacet
  facet normal 0.941278 -0.337632 0
    outer loop
      vertex 204.086 105.581 4
      vertex 204.152 105.765 0
      vertex 204.152 105.765 4
    endloop
  endfacet
  facet normal 0.941278 -0.337632 0
    outer loop
      vertex 204.152 105.765 0
      vertex 204.086 105.581 4
      vertex 204.086 105.581 0
    endloop
  endfacet
  facet normal -0.426775 -0.904358 0
    outer loop
      vertex 206.765 106.848 0
      vertex 206.943 106.764 4
      vertex 206.765 106.848 4
    endloop
  endfacet
  facet normal -0.426775 -0.904358 -0
    outer loop
      vertex 206.943 106.764 4
      vertex 206.765 106.848 0
      vertex 206.943 106.764 0
    endloop
  endfacet
  facet normal 0.857042 -0.515246 0
    outer loop
      vertex 204.236 105.943 4
      vertex 204.337 106.111 0
      vertex 204.337 106.111 4
    endloop
  endfacet
  facet normal 0.857042 -0.515246 0
    outer loop
      vertex 204.337 106.111 0
      vertex 204.236 105.943 4
      vertex 204.236 105.943 0
    endloop
  endfacet
  facet normal -0.857042 -0.515246 0
    outer loop
      vertex 207.764 105.943 0
      vertex 207.663 106.111 4
      vertex 207.663 106.111 0
    endloop
  endfacet
  facet normal -0.857042 -0.515246 0
    outer loop
      vertex 207.663 106.111 4
      vertex 207.764 105.943 0
      vertex 207.764 105.943 4
    endloop
  endfacet
  facet normal 0.146844 0.98916 -0
    outer loop
      vertex 205.804 43.0096 0
      vertex 205.61 43.0384 4
      vertex 205.804 43.0096 4
    endloop
  endfacet
  facet normal 0.146844 0.98916 0
    outer loop
      vertex 205.61 43.0384 4
      vertex 205.804 43.0096 0
      vertex 205.61 43.0384 0
    endloop
  endfacet
  facet normal -0.242297 0.970202 0
    outer loop
      vertex 206.581 43.0861 0
      vertex 206.39 43.0384 4
      vertex 206.581 43.0861 4
    endloop
  endfacet
  facet normal -0.242297 0.970202 0
    outer loop
      vertex 206.39 43.0384 4
      vertex 206.581 43.0861 0
      vertex 206.39 43.0384 0
    endloop
  endfacet
  facet normal -1 0 0
    outer loop
      vertex 208 45 0
      vertex 208 105 4
      vertex 208 105 0
    endloop
  endfacet
  facet normal -1 -0 0
    outer loop
      vertex 208 105 4
      vertex 208 45 0
      vertex 208 45 4
    endloop
  endfacet
  facet normal 1 -0 0
    outer loop
      vertex 204 45 4
      vertex 204 105 0
      vertex 204 105 4
    endloop
  endfacet
  facet normal 1 0 0
    outer loop
      vertex 204 105 0
      vertex 204 45 4
      vertex 204 45 0
    endloop
  endfacet
  facet normal 0.998701 0.0509541 0
    outer loop
      vertex 204.01 44.804 4
      vertex 204 45 0
      vertex 204 45 4
    endloop
  endfacet
  facet normal 0.998701 0.0509541 0
    outer loop
      vertex 204 45 0
      vertex 204.01 44.804 4
      vertex 204.01 44.804 0
    endloop
  endfacet
  facet normal 0.969843 -0.24373 0
    outer loop
      vertex 204.038 105.39 4
      vertex 204.086 105.581 0
      vertex 204.086 105.581 4
    endloop
  endfacet
  facet normal 0.969843 -0.24373 0
    outer loop
      vertex 204.086 105.581 0
      vertex 204.038 105.39 4
      vertex 204.038 105.39 0
    endloop
  endfacet
  facet normal 0.739478 -0.67318 0
    outer loop
      vertex 204.454 106.269 4
      vertex 204.586 106.414 0
      vertex 204.586 106.414 4
    endloop
  endfacet
  facet normal 0.739478 -0.67318 0
    outer loop
      vertex 204.586 106.414 0
      vertex 204.454 106.269 4
      vertex 204.454 106.269 0
    endloop
  endfacet
  facet normal -0.14285 -0.989744 0
    outer loop
      vertex 206.196 106.99 0
      vertex 206.39 106.962 4
      vertex 206.196 106.99 4
    endloop
  endfacet
  facet normal -0.14285 -0.989744 -0
    outer loop
      vertex 206.39 106.962 4
      vertex 206.196 106.99 0
      vertex 206.39 106.962 0
    endloop
  endfacet
  facet normal -0.998701 0.0509541 0
    outer loop
      vertex 207.99 44.804 0
      vertex 208 45 4
      vertex 208 45 0
    endloop
  endfacet
  facet normal -0.998701 0.0509541 0
    outer loop
      vertex 208 45 4
      vertex 207.99 44.804 0
      vertex 207.99 44.804 4
    endloop
  endfacet
  facet normal -0.803106 0.595836 0
    outer loop
      vertex 207.546 43.7312 0
      vertex 207.663 43.8889 4
      vertex 207.663 43.8889 0
    endloop
  endfacet
  facet normal -0.803106 0.595836 0
    outer loop
      vertex 207.663 43.8889 4
      vertex 207.546 43.7312 0
      vertex 207.546 43.7312 4
    endloop
  endfacet
  facet normal 0.969661 0.244452 0
    outer loop
      vertex 204.086 44.4194 4
      vertex 204.038 44.6098 0
      vertex 204.038 44.6098 4
    endloop
  endfacet
  facet normal 0.969661 0.244452 0
    outer loop
      vertex 204.038 44.6098 0
      vertex 204.086 44.4194 4
      vertex 204.086 44.4194 0
    endloop
  endfacet
  facet normal 0.740401 0.672166 0
    outer loop
      vertex 204.586 43.5858 4
      vertex 204.454 43.7312 0
      vertex 204.454 43.7312 4
    endloop
  endfacet
  facet normal 0.740401 0.672166 0
    outer loop
      vertex 204.454 43.7312 0
      vertex 204.586 43.5858 4
      vertex 204.586 43.5858 0
    endloop
  endfacet
  facet normal -0.337632 -0.941278 0
    outer loop
      vertex 206.581 106.914 0
      vertex 206.765 106.848 4
      vertex 206.581 106.914 4
    endloop
  endfacet
  facet normal -0.337632 -0.941278 -0
    outer loop
      vertex 206.765 106.848 4
      vertex 206.581 106.914 0
      vertex 206.765 106.848 0
    endloop
  endfacet
  facet normal 0.24373 -0.969843 0
    outer loop
      vertex 205.419 106.914 0
      vertex 205.61 106.962 4
      vertex 205.419 106.914 4
    endloop
  endfacet
  facet normal 0.24373 -0.969843 0
    outer loop
      vertex 205.61 106.962 4
      vertex 205.419 106.914 0
      vertex 205.61 106.962 0
    endloop
  endfacet
  facet normal -0.969843 -0.24373 0
    outer loop
      vertex 207.962 105.39 0
      vertex 207.914 105.581 4
      vertex 207.914 105.581 0
    endloop
  endfacet
  facet normal -0.969843 -0.24373 0
    outer loop
      vertex 207.914 105.581 4
      vertex 207.962 105.39 0
      vertex 207.962 105.39 4
    endloop
  endfacet
  facet normal 0.338085 0.941115 -0
    outer loop
      vertex 205.419 43.0861 0
      vertex 205.235 43.1522 4
      vertex 205.419 43.0861 4
    endloop
  endfacet
  facet normal 0.338085 0.941115 0
    outer loop
      vertex 205.235 43.1522 4
      vertex 205.419 43.0861 0
      vertex 205.235 43.1522 0
    endloop
  endfacet
  facet normal -0.941742 0.336336 0
    outer loop
      vertex 207.848 44.2346 0
      vertex 207.914 44.4194 4
      vertex 207.914 44.4194 0
    endloop
  endfacet
  facet normal -0.941742 0.336336 0
    outer loop
      vertex 207.914 44.4194 4
      vertex 207.848 44.2346 0
      vertex 207.848 44.2346 4
    endloop
  endfacet
  facet normal 0.242297 0.970202 -0
    outer loop
      vertex 205.61 43.0384 0
      vertex 205.419 43.0861 4
      vertex 205.61 43.0384 4
    endloop
  endfacet
  facet normal 0.242297 0.970202 0
    outer loop
      vertex 205.419 43.0861 4
      vertex 205.61 43.0384 0
      vertex 205.419 43.0861 0
    endloop
  endfacet
  facet normal -0.857448 0.514571 0
    outer loop
      vertex 207.663 43.8889 0
      vertex 207.764 44.0572 4
      vertex 207.764 44.0572 0
    endloop
  endfacet
  facet normal -0.857448 0.514571 0
    outer loop
      vertex 207.764 44.0572 4
      vertex 207.663 43.8889 0
      vertex 207.663 43.8889 4
    endloop
  endfacet
  facet normal 0.595106 -0.803647 0
    outer loop
      vertex 204.731 106.546 0
      vertex 204.889 106.663 4
      vertex 204.731 106.546 4
    endloop
  endfacet
  facet normal 0.595106 -0.803647 0
    outer loop
      vertex 204.889 106.663 4
      vertex 204.731 106.546 0
      vertex 204.889 106.663 0
    endloop
  endfacet
  facet normal -0.0509541 -0.998701 0
    outer loop
      vertex 206 107 0
      vertex 206.196 106.99 4
      vertex 206 107 4
    endloop
  endfacet
  facet normal -0.0509541 -0.998701 -0
    outer loop
      vertex 206.196 106.99 4
      vertex 206 107 0
      vertex 206.196 106.99 0
    endloop
  endfacet
  facet normal -0.594777 0.803891 0
    outer loop
      vertex 207.269 43.454 0
      vertex 207.111 43.3371 4
      vertex 207.269 43.454 4
    endloop
  endfacet
  facet normal -0.594777 0.803891 0
    outer loop
      vertex 207.111 43.3371 4
      vertex 207.269 43.454 0
      vertex 207.111 43.3371 0
    endloop
  endfacet
  facet normal 0.998701 -0.0509541 0
    outer loop
      vertex 204 105 4
      vertex 204.01 105.196 0
      vertex 204.01 105.196 4
    endloop
  endfacet
  facet normal 0.998701 -0.0509541 0
    outer loop
      vertex 204.01 105.196 0
      vertex 204 105 4
      vertex 204 105 0
    endloop
  endfacet
  facet normal -0.595106 -0.803647 0
    outer loop
      vertex 207.111 106.663 0
      vertex 207.269 106.546 4
      vertex 207.111 106.663 4
    endloop
  endfacet
  facet normal -0.595106 -0.803647 -0
    outer loop
      vertex 207.269 106.546 4
      vertex 207.111 106.663 0
      vertex 207.269 106.546 0
    endloop
  endfacet
  facet normal -0.740401 0.672166 0
    outer loop
      vertex 207.414 43.5858 0
      vertex 207.546 43.7312 4
      vertex 207.546 43.7312 0
    endloop
  endfacet
  facet normal -0.740401 0.672166 0
    outer loop
      vertex 207.546 43.7312 4
      vertex 207.414 43.5858 0
      vertex 207.414 43.5858 4
    endloop
  endfacet
  facet normal -0.0489209 0.998803 0
    outer loop
      vertex 206.196 43.0096 0
      vertex 206 43 4
      vertex 206.196 43.0096 4
    endloop
  endfacet
  facet normal -0.0489209 0.998803 0
    outer loop
      vertex 206 43 4
      vertex 206.196 43.0096 0
      vertex 206 43 0
    endloop
  endfacet
  facet normal -0.24373 -0.969843 0
    outer loop
      vertex 206.39 106.962 0
      vertex 206.581 106.914 4
      vertex 206.39 106.962 4
    endloop
  endfacet
  facet normal -0.24373 -0.969843 -0
    outer loop
      vertex 206.581 106.914 4
      vertex 206.39 106.962 0
      vertex 206.581 106.914 0
    endloop
  endfacet
  facet normal -0.146844 0.98916 0
    outer loop
      vertex 206.39 43.0384 0
      vertex 206.196 43.0096 4
      vertex 206.39 43.0384 4
    endloop
  endfacet
  facet normal -0.146844 0.98916 0
    outer loop
      vertex 206.196 43.0096 4
      vertex 206.39 43.0384 0
      vertex 206.196 43.0096 0
    endloop
  endfacet
  facet normal -0.998701 -0.0509541 0
    outer loop
      vertex 208 105 0
      vertex 207.99 105.196 4
      vertex 207.99 105.196 0
    endloop
  endfacet
  facet normal -0.998701 -0.0509541 0
    outer loop
      vertex 207.99 105.196 4
      vertex 208 105 0
      vertex 208 105 4
    endloop
  endfacet
  facet normal -0.514871 0.857268 0
    outer loop
      vertex 207.111 43.3371 0
      vertex 206.943 43.2362 4
      vertex 207.111 43.3371 4
    endloop
  endfacet
  facet normal -0.514871 0.857268 0
    outer loop
      vertex 206.943 43.2362 4
      vertex 207.111 43.3371 0
      vertex 206.943 43.2362 0
    endloop
  endfacet
  facet normal 0.941742 0.336336 0
    outer loop
      vertex 204.152 44.2346 4
      vertex 204.086 44.4194 0
      vertex 204.086 44.4194 4
    endloop
  endfacet
  facet normal 0.941742 0.336336 0
    outer loop
      vertex 204.086 44.4194 0
      vertex 204.152 44.2346 4
      vertex 204.152 44.2346 0
    endloop
  endfacet
  facet normal -0.969661 0.244452 0
    outer loop
      vertex 207.914 44.4194 0
      vertex 207.962 44.6098 4
      vertex 207.962 44.6098 0
    endloop
  endfacet
  facet normal -0.969661 0.244452 0
    outer loop
      vertex 207.962 44.6098 4
      vertex 207.914 44.4194 0
      vertex 207.914 44.4194 4
    endloop
  endfacet
  facet normal 0.67318 -0.739478 0
    outer loop
      vertex 204.586 106.414 0
      vertex 204.731 106.546 4
      vertex 204.586 106.414 4
    endloop
  endfacet
  facet normal 0.67318 -0.739478 0
    outer loop
      vertex 204.731 106.546 4
      vertex 204.586 106.414 0
      vertex 204.731 106.546 0
    endloop
  endfacet
  facet normal -0.67318 -0.739478 0
    outer loop
      vertex 207.269 106.546 0
      vertex 207.414 106.414 4
      vertex 207.269 106.546 4
    endloop
  endfacet
  facet normal -0.67318 -0.739478 -0
    outer loop
      vertex 207.414 106.414 4
      vertex 207.269 106.546 0
      vertex 207.414 106.414 0
    endloop
  endfacet
  facet normal 0.904358 -0.426775 0
    outer loop
      vertex 204.152 105.765 4
      vertex 204.236 105.943 0
      vertex 204.236 105.943 4
    endloop
  endfacet
  facet normal 0.904358 -0.426775 0
    outer loop
      vertex 204.236 105.943 0
      vertex 204.152 105.765 4
      vertex 204.152 105.765 0
    endloop
  endfacet
  facet normal 0.989744 -0.14285 0
    outer loop
      vertex 204.01 105.196 4
      vertex 204.038 105.39 0
      vertex 204.038 105.39 4
    endloop
  endfacet
  facet normal 0.989744 -0.14285 0
    outer loop
      vertex 204.038 105.39 0
      vertex 204.01 105.196 4
      vertex 204.01 105.196 0
    endloop
  endfacet
  facet normal -0.515246 -0.857042 0
    outer loop
      vertex 206.943 106.764 0
      vertex 207.111 106.663 4
      vertex 206.943 106.764 4
    endloop
  endfacet
  facet normal -0.515246 -0.857042 -0
    outer loop
      vertex 207.111 106.663 4
      vertex 206.943 106.764 0
      vertex 207.111 106.663 0
    endloop
  endfacet
  facet normal 0.426775 -0.904358 0
    outer loop
      vertex 205.057 106.764 0
      vertex 205.235 106.848 4
      vertex 205.057 106.764 4
    endloop
  endfacet
  facet normal 0.426775 -0.904358 0
    outer loop
      vertex 205.235 106.848 4
      vertex 205.057 106.764 0
      vertex 205.235 106.848 0
    endloop
  endfacet
  facet normal 0.0509541 -0.998701 0
    outer loop
      vertex 205.804 106.99 0
      vertex 206 107 4
      vertex 205.804 106.99 4
    endloop
  endfacet
  facet normal 0.0509541 -0.998701 0
    outer loop
      vertex 206 107 4
      vertex 205.804 106.99 0
      vertex 206 107 0
    endloop
  endfacet
  facet normal -0.941278 -0.337632 0
    outer loop
      vertex 207.914 105.581 0
      vertex 207.848 105.765 4
      vertex 207.848 105.765 0
    endloop
  endfacet
  facet normal -0.941278 -0.337632 0
    outer loop
      vertex 207.848 105.765 4
      vertex 207.914 105.581 0
      vertex 207.914 105.581 4
    endloop
  endfacet
  facet normal -0.904358 -0.426775 0
    outer loop
      vertex 207.848 105.765 0
      vertex 207.764 105.943 4
      vertex 207.764 105.943 0
    endloop
  endfacet
  facet normal -0.904358 -0.426775 0
    outer loop
      vertex 207.764 105.943 4
      vertex 207.848 105.765 0
      vertex 207.848 105.765 4
    endloop
  endfacet
  facet normal 0.594777 0.803891 -0
    outer loop
      vertex 204.889 43.3371 0
      vertex 204.731 43.454 4
      vertex 204.889 43.3371 4
    endloop
  endfacet
  facet normal 0.594777 0.803891 0
    outer loop
      vertex 204.731 43.454 4
      vertex 204.889 43.3371 0
      vertex 204.731 43.454 0
    endloop
  endfacet
  facet normal -0.426775 0.904358 0
    outer loop
      vertex 206.943 43.2362 0
      vertex 206.765 43.1522 4
      vertex 206.943 43.2362 4
    endloop
  endfacet
  facet normal -0.426775 0.904358 0
    outer loop
      vertex 206.765 43.1522 4
      vertex 206.943 43.2362 0
      vertex 206.765 43.1522 0
    endloop
  endfacet
  facet normal -0.338085 0.941115 0
    outer loop
      vertex 206.765 43.1522 0
      vertex 206.581 43.0861 4
      vertex 206.765 43.1522 4
    endloop
  endfacet
  facet normal -0.338085 0.941115 0
    outer loop
      vertex 206.581 43.0861 4
      vertex 206.765 43.1522 0
      vertex 206.581 43.0861 0
    endloop
  endfacet
  facet normal 0.803647 -0.595106 0
    outer loop
      vertex 204.337 106.111 4
      vertex 204.454 106.269 0
      vertex 204.454 106.269 4
    endloop
  endfacet
  facet normal 0.803647 -0.595106 0
    outer loop
      vertex 204.454 106.269 0
      vertex 204.337 106.111 4
      vertex 204.337 106.111 0
    endloop
  endfacet
  facet normal -0.9038 0.427955 0
    outer loop
      vertex 207.764 44.0572 0
      vertex 207.848 44.2346 4
      vertex 207.848 44.2346 0
    endloop
  endfacet
  facet normal -0.9038 0.427955 0
    outer loop
      vertex 207.848 44.2346 4
      vertex 207.764 44.0572 0
      vertex 207.764 44.0572 4
    endloop
  endfacet
  facet normal -0.989765 0.142706 0
    outer loop
      vertex 207.962 44.6098 0
      vertex 207.99 44.804 4
      vertex 207.99 44.804 0
    endloop
  endfacet
  facet normal -0.989765 0.142706 0
    outer loop
      vertex 207.99 44.804 4
      vertex 207.962 44.6098 0
      vertex 207.962 44.6098 4
    endloop
  endfacet
  facet normal -0.803647 -0.595106 0
    outer loop
      vertex 207.663 106.111 0
      vertex 207.546 106.269 4
      vertex 207.546 106.269 0
    endloop
  endfacet
  facet normal -0.803647 -0.595106 0
    outer loop
      vertex 207.546 106.269 4
      vertex 207.663 106.111 0
      vertex 207.663 106.111 4
    endloop
  endfacet
  facet normal -0.989744 -0.14285 0
    outer loop
      vertex 207.99 105.196 0
      vertex 207.962 105.39 4
      vertex 207.962 105.39 0
    endloop
  endfacet
  facet normal -0.989744 -0.14285 0
    outer loop
      vertex 207.962 105.39 4
      vertex 207.99 105.196 0
      vertex 207.99 105.196 4
    endloop
  endfacet
  facet normal 0.803106 0.595836 0
    outer loop
      vertex 204.454 43.7312 4
      vertex 204.337 43.8889 0
      vertex 204.337 43.8889 4
    endloop
  endfacet
  facet normal 0.803106 0.595836 0
    outer loop
      vertex 204.337 43.8889 0
      vertex 204.454 43.7312 4
      vertex 204.454 43.7312 0
    endloop
  endfacet
  facet normal 0.857448 0.514571 0
    outer loop
      vertex 204.337 43.8889 4
      vertex 204.236 44.0572 0
      vertex 204.236 44.0572 4
    endloop
  endfacet
  facet normal 0.857448 0.514571 0
    outer loop
      vertex 204.236 44.0572 0
      vertex 204.337 43.8889 4
      vertex 204.337 43.8889 0
    endloop
  endfacet
  facet normal 0.14285 -0.989744 0
    outer loop
      vertex 205.61 106.962 0
      vertex 205.804 106.99 4
      vertex 205.61 106.962 4
    endloop
  endfacet
  facet normal 0.14285 -0.989744 0
    outer loop
      vertex 205.804 106.99 4
      vertex 205.61 106.962 0
      vertex 205.804 106.99 0
    endloop
  endfacet
  facet normal 0.0489209 0.998803 -0
    outer loop
      vertex 206 43 0
      vertex 205.804 43.0096 4
      vertex 206 43 4
    endloop
  endfacet
  facet normal 0.0489209 0.998803 0
    outer loop
      vertex 205.804 43.0096 4
      vertex 206 43 0
      vertex 205.804 43.0096 0
    endloop
  endfacet
  facet normal -0.672622 0.739986 0
    outer loop
      vertex 207.414 43.5858 0
      vertex 207.269 43.454 4
      vertex 207.414 43.5858 4
    endloop
  endfacet
  facet normal -0.672622 0.739986 0
    outer loop
      vertex 207.269 43.454 4
      vertex 207.414 43.5858 0
      vertex 207.269 43.454 0
    endloop
  endfacet
  facet normal 0.672622 0.739986 -0
    outer loop
      vertex 204.731 43.454 0
      vertex 204.586 43.5858 4
      vertex 204.731 43.454 4
    endloop
  endfacet
  facet normal 0.672622 0.739986 0
    outer loop
      vertex 204.586 43.5858 4
      vertex 204.731 43.454 0
      vertex 204.586 43.5858 0
    endloop
  endfacet
  facet normal 0.989765 0.142706 0
    outer loop
      vertex 204.038 44.6098 4
      vertex 204.01 44.804 0
      vertex 204.01 44.804 4
    endloop
  endfacet
  facet normal 0.989765 0.142706 0
    outer loop
      vertex 204.01 44.804 0
      vertex 204.038 44.6098 4
      vertex 204.038 44.6098 0
    endloop
  endfacet
  facet normal 0.515246 -0.857042 0
    outer loop
      vertex 204.889 106.663 0
      vertex 205.057 106.764 4
      vertex 204.889 106.663 4
    endloop
  endfacet
  facet normal 0.515246 -0.857042 0
    outer loop
      vertex 205.057 106.764 4
      vertex 204.889 106.663 0
      vertex 205.057 106.764 0
    endloop
  endfacet
  facet normal 0.9038 0.427955 0
    outer loop
      vertex 204.236 44.0572 4
      vertex 204.152 44.2346 0
      vertex 204.152 44.2346 4
    endloop
  endfacet
  facet normal 0.9038 0.427955 0
    outer loop
      vertex 204.152 44.2346 0
      vertex 204.236 44.0572 4
      vertex 204.236 44.0572 0
    endloop
  endfacet
  facet normal -1 0 0
    outer loop
      vertex 180 12 0
      vertex 180 28 4
      vertex 180 28 0
    endloop
  endfacet
  facet normal -1 -0 0
    outer loop
      vertex 180 28 4
      vertex 180 12 0
      vertex 180 12 4
    endloop
  endfacet
  facet normal 1 -0 0
    outer loop
      vertex 120 12 4
      vertex 120 28 0
      vertex 120 28 4
    endloop
  endfacet
  facet normal 1 0 0
    outer loop
      vertex 120 28 0
      vertex 120 12 4
      vertex 120 12 0
    endloop
  endfacet
  facet normal 0 -1 0
    outer loop
      vertex 120 28 0
      vertex 180 28 4
      vertex 120 28 4
    endloop
  endfacet
  facet normal 0 -1 -0
    outer loop
      vertex 180 28 4
      vertex 120 28 0
      vertex 180 28 0
    endloop
  endfacet
  facet normal 0 1 -0
    outer loop
      vertex 180 12 0
      vertex 120 12 4
      vertex 180 12 4
    endloop
  endfacet
  facet normal 0 1 0
    outer loop
      vertex 120 12 4
      vertex 180 12 0
      vertex 120 12 0
    endloop
  endfacet
endsolid OpenSCAD_Model
